,0,1,2,3
0,0.3103448275862069,0.6724137931034483,0.017241379310344827,0.0
1,0.5276679841897233,0.0,0.023715415019762844,0.44861660079051385
2,0.14736842105263157,0.0,0.005263157894736842,0.8473684210526315
3,0.0989010989010989,0.0,0.03663003663003663,0.8644688644688645
4,0.011790393013100437,0.9759825327510917,0.010917030567685589,0.0013100436681222707
5,0.13990825688073394,0.0,0.07339449541284404,0.786697247706422
6,0.452,0.096,0.448,0.004
7,0.13990825688073394,0.0,0.07339449541284404,0.786697247706422
8,0.03856749311294766,0.8650137741046832,0.09090909090909091,0.005509641873278237
9,0.03856749311294766,0.8650137741046832,0.09090909090909091,0.005509641873278237
10,0.3253424657534247,0.0,0.010273972602739725,0.6643835616438356
11,0.09090909090909091,0.5454545454545454,0.36363636363636365,0.0
12,0.452,0.096,0.448,0.004
13,0.5276679841897233,0.0,0.023715415019762844,0.44861660079051385
14,0.8917525773195877,0.005154639175257732,0.04639175257731959,0.05670103092783505
15,0.03856749311294766,0.8650137741046832,0.09090909090909091,0.005509641873278237
16,0.5276679841897233,0.0,0.023715415019762844,0.44861660079051385
17,0.011790393013100437,0.9759825327510917,0.010917030567685589,0.0013100436681222707
18,0.39574468085106385,0.0,0.03404255319148936,0.5702127659574469
19,0.011790393013100437,0.9759825327510917,0.010917030567685589,0.0013100436681222707
20,0.22971014492753622,0.029710144927536233,0.7289855072463768,0.011594202898550725
21,1.0,0.0,0.0,0.0
22,0.3253424657534247,0.0,0.010273972602739725,0.6643835616438356
23,0.8917525773195877,0.005154639175257732,0.04639175257731959,0.05670103092783505
24,0.08181818181818182,0.004545454545454545,0.004545454545454545,0.9090909090909091
25,0.011790393013100437,0.9759825327510917,0.010917030567685589,0.0013100436681222707
26,0.011790393013100437,0.9759825327510917,0.010917030567685589,0.0013100436681222707
27,0.22971014492753622,0.029710144927536233,0.7289855072463768,0.011594202898550725
28,0.22971014492753622,0.029710144927536233,0.7289855072463768,0.011594202898550725
29,0.3103448275862069,0.6724137931034483,0.017241379310344827,0.0
30,0.1111111111111111,0.3333333333333333,0.5555555555555556,0.0
31,0.03856749311294766,0.8650137741046832,0.09090909090909091,0.005509641873278237
32,0.22971014492753622,0.029710144927536233,0.7289855072463768,0.011594202898550725
33,0.22971014492753622,0.029710144927536233,0.7289855072463768,0.011594202898550725
34,0.03205128205128205,0.11538461538461539,0.8461538461538461,0.00641025641025641
35,0.011790393013100437,0.9759825327510917,0.010917030567685589,0.0013100436681222707
36,0.011790393013100437,0.9759825327510917,0.010917030567685589,0.0013100436681222707
37,0.03856749311294766,0.8650137741046832,0.09090909090909091,0.005509641873278237
38,0.13990825688073394,0.0,0.07339449541284404,0.786697247706422
39,0.6470588235294118,0.0,0.0,0.35294117647058826
40,0.011790393013100437,0.9759825327510917,0.010917030567685589,0.0013100436681222707
41,0.011790393013100437,0.9759825327510917,0.010917030567685589,0.0013100436681222707
42,0.03205128205128205,0.11538461538461539,0.8461538461538461,0.00641025641025641
43,0.011790393013100437,0.9759825327510917,0.010917030567685589,0.0013100436681222707
44,0.22971014492753622,0.029710144927536233,0.7289855072463768,0.011594202898550725
45,0.5862068965517241,0.11494252873563218,0.26436781609195403,0.034482758620689655
46,0.5276679841897233,0.0,0.023715415019762844,0.44861660079051385
47,0.08974358974358974,0.5128205128205128,0.38461538461538464,0.01282051282051282
48,0.011790393013100437,0.9759825327510917,0.010917030567685589,0.0013100436681222707
49,0.075,0.2,0.725,0.0
50,0.03856749311294766,0.8650137741046832,0.09090909090909091,0.005509641873278237
51,0.14736842105263157,0.0,0.005263157894736842,0.8473684210526315
52,0.0989010989010989,0.0,0.03663003663003663,0.8644688644688645
53,0.03856749311294766,0.8650137741046832,0.09090909090909091,0.005509641873278237
54,0.452,0.096,0.448,0.004
55,0.3253424657534247,0.0,0.010273972602739725,0.6643835616438356
56,0.03856749311294766,0.8650137741046832,0.09090909090909091,0.005509641873278237
57,0.22971014492753622,0.029710144927536233,0.7289855072463768,0.011594202898550725
58,0.22971014492753622,0.029710144927536233,0.7289855072463768,0.011594202898550725
59,0.22971014492753622,0.029710144927536233,0.7289855072463768,0.011594202898550725
60,0.3253424657534247,0.0,0.010273972602739725,0.6643835616438356
61,0.011790393013100437,0.9759825327510917,0.010917030567685589,0.0013100436681222707
62,0.39574468085106385,0.0,0.03404255319148936,0.5702127659574469
63,0.03856749311294766,0.8650137741046832,0.09090909090909091,0.005509641873278237
64,0.8917525773195877,0.005154639175257732,0.04639175257731959,0.05670103092783505
65,0.011790393013100437,0.9759825327510917,0.010917030567685589,0.0013100436681222707
66,0.22971014492753622,0.029710144927536233,0.7289855072463768,0.011594202898550725
67,0.011790393013100437,0.9759825327510917,0.010917030567685589,0.0013100436681222707
68,0.011790393013100437,0.9759825327510917,0.010917030567685589,0.0013100436681222707
69,0.5306122448979592,0.4489795918367347,0.0,0.02040816326530612
70,0.3103448275862069,0.6724137931034483,0.017241379310344827,0.0
71,0.011790393013100437,0.9759825327510917,0.010917030567685589,0.0013100436681222707
72,0.017964071856287425,0.8203592814371258,0.16167664670658682,0.0
73,0.5276679841897233,0.0,0.023715415019762844,0.44861660079051385
74,0.13990825688073394,0.0,0.07339449541284404,0.786697247706422
75,0.8,0.2,0.0,0.0
76,0.017964071856287425,0.8203592814371258,0.16167664670658682,0.0
77,0.5276679841897233,0.0,0.023715415019762844,0.44861660079051385
78,0.452,0.096,0.448,0.004
79,0.0989010989010989,0.0,0.03663003663003663,0.8644688644688645
80,0.21052631578947367,0.0,0.0,0.7894736842105263
81,0.452,0.096,0.448,0.004
82,0.452,0.096,0.448,0.004
83,0.011790393013100437,0.9759825327510917,0.010917030567685589,0.0013100436681222707
84,0.3253424657534247,0.0,0.010273972602739725,0.6643835616438356
85,0.011790393013100437,0.9759825327510917,0.010917030567685589,0.0013100436681222707
86,0.14736842105263157,0.0,0.005263157894736842,0.8473684210526315
87,0.011790393013100437,0.9759825327510917,0.010917030567685589,0.0013100436681222707
88,0.017964071856287425,0.8203592814371258,0.16167664670658682,0.0
89,0.011790393013100437,0.9759825327510917,0.010917030567685589,0.0013100436681222707
90,0.011790393013100437,0.9759825327510917,0.010917030567685589,0.0013100436681222707
91,0.13990825688073394,0.0,0.07339449541284404,0.786697247706422
92,0.452,0.096,0.448,0.004
93,0.13990825688073394,0.0,0.07339449541284404,0.786697247706422
94,0.13990825688073394,0.0,0.07339449541284404,0.786697247706422
95,0.011790393013100437,0.9759825327510917,0.010917030567685589,0.0013100436681222707
96,0.011790393013100437,0.9759825327510917,0.010917030567685589,0.0013100436681222707
97,0.6724137931034483,0.008620689655172414,0.2413793103448276,0.07758620689655173
98,0.011790393013100437,0.9759825327510917,0.010917030567685589,0.0013100436681222707
99,0.22971014492753622,0.029710144927536233,0.7289855072463768,0.011594202898550725
100,0.22971014492753622,0.029710144927536233,0.7289855072463768,0.011594202898550725
101,0.8917525773195877,0.005154639175257732,0.04639175257731959,0.05670103092783505
102,0.3072916666666667,0.16145833333333334,0.5130208333333334,0.018229166666666668
103,0.39574468085106385,0.0,0.03404255319148936,0.5702127659574469
104,0.22971014492753622,0.029710144927536233,0.7289855072463768,0.011594202898550725
105,0.011790393013100437,0.9759825327510917,0.010917030567685589,0.0013100436681222707
106,0.075,0.2,0.725,0.0
107,0.011790393013100437,0.9759825327510917,0.010917030567685589,0.0013100436681222707
108,0.3072916666666667,0.16145833333333334,0.5130208333333334,0.018229166666666668
109,0.011790393013100437,0.9759825327510917,0.010917030567685589,0.0013100436681222707
110,0.5276679841897233,0.0,0.023715415019762844,0.44861660079051385
111,0.8917525773195877,0.005154639175257732,0.04639175257731959,0.05670103092783505
112,0.0989010989010989,0.0,0.03663003663003663,0.8644688644688645
113,0.011790393013100437,0.9759825327510917,0.010917030567685589,0.0013100436681222707
114,0.011790393013100437,0.9759825327510917,0.010917030567685589,0.0013100436681222707
115,0.22971014492753622,0.029710144927536233,0.7289855072463768,0.011594202898550725
116,0.13990825688073394,0.0,0.07339449541284404,0.786697247706422
117,0.22971014492753622,0.029710144927536233,0.7289855072463768,0.011594202898550725
118,0.5276679841897233,0.0,0.023715415019762844,0.44861660079051385
119,0.3072916666666667,0.16145833333333334,0.5130208333333334,0.018229166666666668
120,0.22971014492753622,0.029710144927536233,0.7289855072463768,0.011594202898550725
121,0.011790393013100437,0.9759825327510917,0.010917030567685589,0.0013100436681222707
122,0.22971014492753622,0.029710144927536233,0.7289855072463768,0.011594202898550725
123,0.017964071856287425,0.8203592814371258,0.16167664670658682,0.0
124,0.08333333333333333,0.0,0.0,0.9166666666666666
125,0.39574468085106385,0.0,0.03404255319148936,0.5702127659574469
126,0.5276679841897233,0.0,0.023715415019762844,0.44861660079051385
127,0.22971014492753622,0.029710144927536233,0.7289855072463768,0.011594202898550725
128,0.011790393013100437,0.9759825327510917,0.010917030567685589,0.0013100436681222707
129,0.6724137931034483,0.008620689655172414,0.2413793103448276,0.07758620689655173
130,0.011790393013100437,0.9759825327510917,0.010917030567685589,0.0013100436681222707
131,0.22971014492753622,0.029710144927536233,0.7289855072463768,0.011594202898550725
132,0.011790393013100437,0.9759825327510917,0.010917030567685589,0.0013100436681222707
133,0.22971014492753622,0.029710144927536233,0.7289855072463768,0.011594202898550725
134,0.011790393013100437,0.9759825327510917,0.010917030567685589,0.0013100436681222707
135,0.011790393013100437,0.9759825327510917,0.010917030567685589,0.0013100436681222707
136,0.3072916666666667,0.16145833333333334,0.5130208333333334,0.018229166666666668
137,0.22971014492753622,0.029710144927536233,0.7289855072463768,0.011594202898550725
138,0.13990825688073394,0.0,0.07339449541284404,0.786697247706422
139,0.22971014492753622,0.029710144927536233,0.7289855072463768,0.011594202898550725
140,0.5276679841897233,0.0,0.023715415019762844,0.44861660079051385
141,0.011790393013100437,0.9759825327510917,0.010917030567685589,0.0013100436681222707
142,0.03856749311294766,0.8650137741046832,0.09090909090909091,0.005509641873278237
143,0.011790393013100437,0.9759825327510917,0.010917030567685589,0.0013100436681222707
144,0.02631578947368421,0.0,0.10526315789473684,0.868421052631579
145,0.011790393013100437,0.9759825327510917,0.010917030567685589,0.0013100436681222707
146,0.14736842105263157,0.0,0.005263157894736842,0.8473684210526315
147,0.011790393013100437,0.9759825327510917,0.010917030567685589,0.0013100436681222707
148,0.017964071856287425,0.8203592814371258,0.16167664670658682,0.0
149,0.017964071856287425,0.8203592814371258,0.16167664670658682,0.0
150,0.22971014492753622,0.029710144927536233,0.7289855072463768,0.011594202898550725
151,0.22971014492753622,0.029710144927536233,0.7289855072463768,0.011594202898550725
152,0.452,0.096,0.448,0.004
153,0.0,1.0,0.0,0.0
154,0.03205128205128205,0.11538461538461539,0.8461538461538461,0.00641025641025641
155,0.22971014492753622,0.029710144927536233,0.7289855072463768,0.011594202898550725
156,0.5679012345679012,0.0,0.0,0.43209876543209874
157,0.0,0.0,0.0,1.0
158,0.011790393013100437,0.9759825327510917,0.010917030567685589,0.0013100436681222707
159,0.08974358974358974,0.5128205128205128,0.38461538461538464,0.01282051282051282
160,0.011790393013100437,0.9759825327510917,0.010917030567685589,0.0013100436681222707
161,0.011790393013100437,0.9759825327510917,0.010917030567685589,0.0013100436681222707
162,0.011790393013100437,0.9759825327510917,0.010917030567685589,0.0013100436681222707
163,0.0,0.0,0.0,1.0
164,0.03856749311294766,0.8650137741046832,0.09090909090909091,0.005509641873278237
165,0.13990825688073394,0.0,0.07339449541284404,0.786697247706422
166,0.22971014492753622,0.029710144927536233,0.7289855072463768,0.011594202898550725
167,0.6724137931034483,0.008620689655172414,0.2413793103448276,0.07758620689655173
168,0.5276679841897233,0.0,0.023715415019762844,0.44861660079051385
169,0.0989010989010989,0.0,0.03663003663003663,0.8644688644688645
170,0.5276679841897233,0.0,0.023715415019762844,0.44861660079051385
171,0.03856749311294766,0.8650137741046832,0.09090909090909091,0.005509641873278237
172,0.22971014492753622,0.029710144927536233,0.7289855072463768,0.011594202898550725
173,0.5862068965517241,0.11494252873563218,0.26436781609195403,0.034482758620689655
174,0.3072916666666667,0.16145833333333334,0.5130208333333334,0.018229166666666668
175,0.22971014492753622,0.029710144927536233,0.7289855072463768,0.011594202898550725
176,0.011790393013100437,0.9759825327510917,0.010917030567685589,0.0013100436681222707
177,0.011790393013100437,0.9759825327510917,0.010917030567685589,0.0013100436681222707
178,0.011790393013100437,0.9759825327510917,0.010917030567685589,0.0013100436681222707
179,0.8917525773195877,0.005154639175257732,0.04639175257731959,0.05670103092783505
180,0.03205128205128205,0.11538461538461539,0.8461538461538461,0.00641025641025641
181,0.08181818181818182,0.004545454545454545,0.004545454545454545,0.9090909090909091
182,0.452,0.096,0.448,0.004
183,0.3103448275862069,0.6724137931034483,0.017241379310344827,0.0
184,0.08181818181818182,0.004545454545454545,0.004545454545454545,0.9090909090909091
185,0.22971014492753622,0.029710144927536233,0.7289855072463768,0.011594202898550725
186,0.22971014492753622,0.029710144927536233,0.7289855072463768,0.011594202898550725
187,0.13990825688073394,0.0,0.07339449541284404,0.786697247706422
188,0.011790393013100437,0.9759825327510917,0.010917030567685589,0.0013100436681222707
189,0.3253424657534247,0.0,0.010273972602739725,0.6643835616438356
190,0.011790393013100437,0.9759825327510917,0.010917030567685589,0.0013100436681222707
191,0.21052631578947367,0.0,0.0,0.7894736842105263
192,0.3253424657534247,0.0,0.010273972602739725,0.6643835616438356
193,0.011790393013100437,0.9759825327510917,0.010917030567685589,0.0013100436681222707
194,0.011790393013100437,0.9759825327510917,0.010917030567685589,0.0013100436681222707
195,0.5276679841897233,0.0,0.023715415019762844,0.44861660079051385
196,0.22971014492753622,0.029710144927536233,0.7289855072463768,0.011594202898550725
197,0.22971014492753622,0.029710144927536233,0.7289855072463768,0.011594202898550725
198,0.13990825688073394,0.0,0.07339449541284404,0.786697247706422
199,0.3103448275862069,0.6724137931034483,0.017241379310344827,0.0
200,0.011790393013100437,0.9759825327510917,0.010917030567685589,0.0013100436681222707
201,0.3072916666666667,0.16145833333333334,0.5130208333333334,0.018229166666666668
202,0.22971014492753622,0.029710144927536233,0.7289855072463768,0.011594202898550725
203,0.03205128205128205,0.11538461538461539,0.8461538461538461,0.00641025641025641
204,0.03205128205128205,0.11538461538461539,0.8461538461538461,0.00641025641025641
205,0.452,0.096,0.448,0.004
206,0.011790393013100437,0.9759825327510917,0.010917030567685589,0.0013100436681222707
207,0.011790393013100437,0.9759825327510917,0.010917030567685589,0.0013100436681222707
208,0.5306122448979592,0.4489795918367347,0.0,0.02040816326530612
209,0.5276679841897233,0.0,0.023715415019762844,0.44861660079051385
210,0.13990825688073394,0.0,0.07339449541284404,0.786697247706422
211,0.39574468085106385,0.0,0.03404255319148936,0.5702127659574469
212,0.011790393013100437,0.9759825327510917,0.010917030567685589,0.0013100436681222707
213,0.22971014492753622,0.029710144927536233,0.7289855072463768,0.011594202898550725
214,0.5679012345679012,0.0,0.0,0.43209876543209874
215,0.5276679841897233,0.0,0.023715415019762844,0.44861660079051385
216,0.03856749311294766,0.8650137741046832,0.09090909090909091,0.005509641873278237
217,0.3072916666666667,0.16145833333333334,0.5130208333333334,0.018229166666666668
218,0.22971014492753622,0.029710144927536233,0.7289855072463768,0.011594202898550725
219,0.22971014492753622,0.029710144927536233,0.7289855072463768,0.011594202898550725
220,0.22971014492753622,0.029710144927536233,0.7289855072463768,0.011594202898550725
221,0.14736842105263157,0.0,0.005263157894736842,0.8473684210526315
222,0.22971014492753622,0.029710144927536233,0.7289855072463768,0.011594202898550725
223,0.13990825688073394,0.0,0.07339449541284404,0.786697247706422
224,0.5276679841897233,0.0,0.023715415019762844,0.44861660079051385
225,0.21739130434782608,0.0,0.03260869565217391,0.75
226,0.22971014492753622,0.029710144927536233,0.7289855072463768,0.011594202898550725
227,0.22971014492753622,0.029710144927536233,0.7289855072463768,0.011594202898550725
228,0.02631578947368421,0.0,0.10526315789473684,0.868421052631579
229,0.2222222222222222,0.4888888888888889,0.28888888888888886,0.0
230,0.5276679841897233,0.0,0.023715415019762844,0.44861660079051385
231,0.13990825688073394,0.0,0.07339449541284404,0.786697247706422
232,0.8917525773195877,0.005154639175257732,0.04639175257731959,0.05670103092783505
233,0.011790393013100437,0.9759825327510917,0.010917030567685589,0.0013100436681222707
234,0.011790393013100437,0.9759825327510917,0.010917030567685589,0.0013100436681222707
235,0.22971014492753622,0.029710144927536233,0.7289855072463768,0.011594202898550725
236,0.03856749311294766,0.8650137741046832,0.09090909090909091,0.005509641873278237
237,0.011790393013100437,0.9759825327510917,0.010917030567685589,0.0013100436681222707
238,0.03856749311294766,0.8650137741046832,0.09090909090909091,0.005509641873278237
239,0.8917525773195877,0.005154639175257732,0.04639175257731959,0.05670103092783505
240,0.011790393013100437,0.9759825327510917,0.010917030567685589,0.0013100436681222707
241,0.3253424657534247,0.0,0.010273972602739725,0.6643835616438356
242,0.9032258064516129,0.0,0.03225806451612903,0.06451612903225806
243,0.5276679841897233,0.0,0.023715415019762844,0.44861660079051385
244,0.011790393013100437,0.9759825327510917,0.010917030567685589,0.0013100436681222707
245,0.39574468085106385,0.0,0.03404255319148936,0.5702127659574469
246,0.5862068965517241,0.11494252873563218,0.26436781609195403,0.034482758620689655
247,0.5276679841897233,0.0,0.023715415019762844,0.44861660079051385
248,0.5276679841897233,0.0,0.023715415019762844,0.44861660079051385
249,0.011790393013100437,0.9759825327510917,0.010917030567685589,0.0013100436681222707
250,0.22971014492753622,0.029710144927536233,0.7289855072463768,0.011594202898550725
251,0.13990825688073394,0.0,0.07339449541284404,0.786697247706422
252,0.22971014492753622,0.029710144927536233,0.7289855072463768,0.011594202898550725
253,0.5276679841897233,0.0,0.023715415019762844,0.44861660079051385
254,0.011790393013100437,0.9759825327510917,0.010917030567685589,0.0013100436681222707
255,0.22971014492753622,0.029710144927536233,0.7289855072463768,0.011594202898550725
256,0.5862068965517241,0.11494252873563218,0.26436781609195403,0.034482758620689655
257,0.13990825688073394,0.0,0.07339449541284404,0.786697247706422
258,0.13990825688073394,0.0,0.07339449541284404,0.786697247706422
259,0.011790393013100437,0.9759825327510917,0.010917030567685589,0.0013100436681222707
260,0.22971014492753622,0.029710144927536233,0.7289855072463768,0.011594202898550725
261,0.03856749311294766,0.8650137741046832,0.09090909090909091,0.005509641873278237
262,0.011790393013100437,0.9759825327510917,0.010917030567685589,0.0013100436681222707
263,0.3253424657534247,0.0,0.010273972602739725,0.6643835616438356
264,0.3253424657534247,0.0,0.010273972602739725,0.6643835616438356
265,0.011790393013100437,0.9759825327510917,0.010917030567685589,0.0013100436681222707
266,0.011790393013100437,0.9759825327510917,0.010917030567685589,0.0013100436681222707
267,0.39574468085106385,0.0,0.03404255319148936,0.5702127659574469
268,0.22971014492753622,0.029710144927536233,0.7289855072463768,0.011594202898550725
269,0.011790393013100437,0.9759825327510917,0.010917030567685589,0.0013100436681222707
270,0.017964071856287425,0.8203592814371258,0.16167664670658682,0.0
271,0.22971014492753622,0.029710144927536233,0.7289855072463768,0.011594202898550725
272,0.0,1.0,0.0,0.0
273,0.03856749311294766,0.8650137741046832,0.09090909090909091,0.005509641873278237
274,0.011790393013100437,0.9759825327510917,0.010917030567685589,0.0013100436681222707
275,0.452,0.096,0.448,0.004
276,0.03856749311294766,0.8650137741046832,0.09090909090909091,0.005509641873278237
277,0.5276679841897233,0.0,0.023715415019762844,0.44861660079051385
278,0.011790393013100437,0.9759825327510917,0.010917030567685589,0.0013100436681222707
279,0.22971014492753622,0.029710144927536233,0.7289855072463768,0.011594202898550725
280,0.3072916666666667,0.16145833333333334,0.5130208333333334,0.018229166666666668
281,0.22971014492753622,0.029710144927536233,0.7289855072463768,0.011594202898550725
282,0.452,0.096,0.448,0.004
283,0.5276679841897233,0.0,0.023715415019762844,0.44861660079051385
284,0.6724137931034483,0.008620689655172414,0.2413793103448276,0.07758620689655173
285,0.08181818181818182,0.004545454545454545,0.004545454545454545,0.9090909090909091
286,0.03856749311294766,0.8650137741046832,0.09090909090909091,0.005509641873278237
287,0.011790393013100437,0.9759825327510917,0.010917030567685589,0.0013100436681222707
288,0.22971014492753622,0.029710144927536233,0.7289855072463768,0.011594202898550725
289,0.011790393013100437,0.9759825327510917,0.010917030567685589,0.0013100436681222707
290,0.011790393013100437,0.9759825327510917,0.010917030567685589,0.0013100436681222707
291,0.011790393013100437,0.9759825327510917,0.010917030567685589,0.0013100436681222707
292,0.13990825688073394,0.0,0.07339449541284404,0.786697247706422
293,0.0,0.0,0.0,1.0
294,0.14736842105263157,0.0,0.005263157894736842,0.8473684210526315
295,0.03856749311294766,0.8650137741046832,0.09090909090909091,0.005509641873278237
296,0.3072916666666667,0.16145833333333334,0.5130208333333334,0.018229166666666668
297,0.011790393013100437,0.9759825327510917,0.010917030567685589,0.0013100436681222707
298,0.3253424657534247,0.0,0.010273972602739725,0.6643835616438356
299,0.011790393013100437,0.9759825327510917,0.010917030567685589,0.0013100436681222707
300,0.08181818181818182,0.004545454545454545,0.004545454545454545,0.9090909090909091
301,0.3072916666666667,0.16145833333333334,0.5130208333333334,0.018229166666666668
302,0.3072916666666667,0.16145833333333334,0.5130208333333334,0.018229166666666668
303,0.14736842105263157,0.0,0.005263157894736842,0.8473684210526315
304,0.3072916666666667,0.16145833333333334,0.5130208333333334,0.018229166666666668
305,0.22971014492753622,0.029710144927536233,0.7289855072463768,0.011594202898550725
306,0.3103448275862069,0.6724137931034483,0.017241379310344827,0.0
307,0.5276679841897233,0.0,0.023715415019762844,0.44861660079051385
308,0.22971014492753622,0.029710144927536233,0.7289855072463768,0.011594202898550725
309,0.13990825688073394,0.0,0.07339449541284404,0.786697247706422
310,0.3253424657534247,0.0,0.010273972602739725,0.6643835616438356
311,0.5276679841897233,0.0,0.023715415019762844,0.44861660079051385
312,0.08181818181818182,0.004545454545454545,0.004545454545454545,0.9090909090909091
313,0.0989010989010989,0.0,0.03663003663003663,0.8644688644688645
314,0.22971014492753622,0.029710144927536233,0.7289855072463768,0.011594202898550725
315,0.3103448275862069,0.6724137931034483,0.017241379310344827,0.0
316,0.3072916666666667,0.16145833333333334,0.5130208333333334,0.018229166666666668
317,0.5276679841897233,0.0,0.023715415019762844,0.44861660079051385
318,0.3072916666666667,0.16145833333333334,0.5130208333333334,0.018229166666666668
319,0.42105263157894735,0.0,0.15789473684210525,0.42105263157894735
320,0.0,1.0,0.0,0.0
321,0.03205128205128205,0.11538461538461539,0.8461538461538461,0.00641025641025641
322,0.13990825688073394,0.0,0.07339449541284404,0.786697247706422
323,0.452,0.096,0.448,0.004
324,0.03856749311294766,0.8650137741046832,0.09090909090909091,0.005509641873278237
325,0.22971014492753622,0.029710144927536233,0.7289855072463768,0.011594202898550725
326,0.03856749311294766,0.8650137741046832,0.09090909090909091,0.005509641873278237
327,0.5276679841897233,0.0,0.023715415019762844,0.44861660079051385
328,0.3103448275862069,0.6724137931034483,0.017241379310344827,0.0
329,0.6724137931034483,0.008620689655172414,0.2413793103448276,0.07758620689655173
330,0.0,1.0,0.0,0.0
331,0.011790393013100437,0.9759825327510917,0.010917030567685589,0.0013100436681222707
332,0.011790393013100437,0.9759825327510917,0.010917030567685589,0.0013100436681222707
333,0.03856749311294766,0.8650137741046832,0.09090909090909091,0.005509641873278237
334,0.452,0.096,0.448,0.004
335,0.3103448275862069,0.6724137931034483,0.017241379310344827,0.0
336,0.452,0.096,0.448,0.004
337,0.5276679841897233,0.0,0.023715415019762844,0.44861660079051385
338,0.011790393013100437,0.9759825327510917,0.010917030567685589,0.0013100436681222707
339,0.3072916666666667,0.16145833333333334,0.5130208333333334,0.018229166666666668
340,0.14736842105263157,0.0,0.005263157894736842,0.8473684210526315
341,0.9032258064516129,0.0,0.03225806451612903,0.06451612903225806
342,0.0,0.0,0.0,1.0
343,0.011790393013100437,0.9759825327510917,0.010917030567685589,0.0013100436681222707
344,0.08974358974358974,0.5128205128205128,0.38461538461538464,0.01282051282051282
345,0.13990825688073394,0.0,0.07339449541284404,0.786697247706422
346,0.3072916666666667,0.16145833333333334,0.5130208333333334,0.018229166666666668
347,0.5276679841897233,0.0,0.023715415019762844,0.44861660079051385
348,0.011790393013100437,0.9759825327510917,0.010917030567685589,0.0013100436681222707
349,0.22971014492753622,0.029710144927536233,0.7289855072463768,0.011594202898550725
350,0.22971014492753622,0.029710144927536233,0.7289855072463768,0.011594202898550725
351,0.011790393013100437,0.9759825327510917,0.010917030567685589,0.0013100436681222707
352,0.011790393013100437,0.9759825327510917,0.010917030567685589,0.0013100436681222707
353,0.011790393013100437,0.9759825327510917,0.010917030567685589,0.0013100436681222707
354,0.011790393013100437,0.9759825327510917,0.010917030567685589,0.0013100436681222707
355,0.22971014492753622,0.029710144927536233,0.7289855072463768,0.011594202898550725
356,0.22971014492753622,0.029710144927536233,0.7289855072463768,0.011594202898550725
357,0.5276679841897233,0.0,0.023715415019762844,0.44861660079051385
358,0.22971014492753622,0.029710144927536233,0.7289855072463768,0.011594202898550725
359,0.011790393013100437,0.9759825327510917,0.010917030567685589,0.0013100436681222707
360,0.8917525773195877,0.005154639175257732,0.04639175257731959,0.05670103092783505
361,0.03856749311294766,0.8650137741046832,0.09090909090909091,0.005509641873278237
362,0.5276679841897233,0.0,0.023715415019762844,0.44861660079051385
363,0.3103448275862069,0.6724137931034483,0.017241379310344827,0.0
364,0.22971014492753622,0.029710144927536233,0.7289855072463768,0.011594202898550725
365,0.22971014492753622,0.029710144927536233,0.7289855072463768,0.011594202898550725
366,0.03856749311294766,0.8650137741046832,0.09090909090909091,0.005509641873278237
367,0.3253424657534247,0.0,0.010273972602739725,0.6643835616438356
368,0.22971014492753622,0.029710144927536233,0.7289855072463768,0.011594202898550725
369,0.011790393013100437,0.9759825327510917,0.010917030567685589,0.0013100436681222707
370,0.13990825688073394,0.0,0.07339449541284404,0.786697247706422
371,0.3253424657534247,0.0,0.010273972602739725,0.6643835616438356
372,0.011790393013100437,0.9759825327510917,0.010917030567685589,0.0013100436681222707
373,0.452,0.096,0.448,0.004
374,0.452,0.096,0.448,0.004
375,0.22971014492753622,0.029710144927536233,0.7289855072463768,0.011594202898550725
376,0.011790393013100437,0.9759825327510917,0.010917030567685589,0.0013100436681222707
377,0.75,0.25,0.0,0.0
378,0.5276679841897233,0.0,0.023715415019762844,0.44861660079051385
379,0.452,0.096,0.448,0.004
380,0.011790393013100437,0.9759825327510917,0.010917030567685589,0.0013100436681222707
381,0.5679012345679012,0.0,0.0,0.43209876543209874
382,0.5276679841897233,0.0,0.023715415019762844,0.44861660079051385
383,0.22971014492753622,0.029710144927536233,0.7289855072463768,0.011594202898550725
384,0.22971014492753622,0.029710144927536233,0.7289855072463768,0.011594202898550725
385,0.22971014492753622,0.029710144927536233,0.7289855072463768,0.011594202898550725
386,0.011790393013100437,0.9759825327510917,0.010917030567685589,0.0013100436681222707
387,0.3103448275862069,0.6724137931034483,0.017241379310344827,0.0
388,0.452,0.096,0.448,0.004
389,0.011790393013100437,0.9759825327510917,0.010917030567685589,0.0013100436681222707
390,0.22971014492753622,0.029710144927536233,0.7289855072463768,0.011594202898550725
391,0.22971014492753622,0.029710144927536233,0.7289855072463768,0.011594202898550725
392,0.011790393013100437,0.9759825327510917,0.010917030567685589,0.0013100436681222707
393,0.011790393013100437,0.9759825327510917,0.010917030567685589,0.0013100436681222707
394,0.075,0.2,0.725,0.0
395,0.3253424657534247,0.0,0.010273972602739725,0.6643835616438356
396,0.08181818181818182,0.004545454545454545,0.004545454545454545,0.9090909090909091
397,0.0989010989010989,0.0,0.03663003663003663,0.8644688644688645
398,0.011790393013100437,0.9759825327510917,0.010917030567685589,0.0013100436681222707
399,0.3072916666666667,0.16145833333333334,0.5130208333333334,0.018229166666666668
400,0.017964071856287425,0.8203592814371258,0.16167664670658682,0.0
401,0.011790393013100437,0.9759825327510917,0.010917030567685589,0.0013100436681222707
402,0.3253424657534247,0.0,0.010273972602739725,0.6643835616438356
403,0.22971014492753622,0.029710144927536233,0.7289855072463768,0.011594202898550725
404,0.3103448275862069,0.6724137931034483,0.017241379310344827,0.0
405,0.6724137931034483,0.008620689655172414,0.2413793103448276,0.07758620689655173
406,0.22971014492753622,0.029710144927536233,0.7289855072463768,0.011594202898550725
407,0.08181818181818182,0.004545454545454545,0.004545454545454545,0.9090909090909091
408,0.011790393013100437,0.9759825327510917,0.010917030567685589,0.0013100436681222707
409,0.22971014492753622,0.029710144927536233,0.7289855072463768,0.011594202898550725
410,0.3072916666666667,0.16145833333333334,0.5130208333333334,0.018229166666666668
411,0.5276679841897233,0.0,0.023715415019762844,0.44861660079051385
412,0.22971014492753622,0.029710144927536233,0.7289855072463768,0.011594202898550725
413,0.011790393013100437,0.9759825327510917,0.010917030567685589,0.0013100436681222707
414,0.6724137931034483,0.008620689655172414,0.2413793103448276,0.07758620689655173
415,0.017964071856287425,0.8203592814371258,0.16167664670658682,0.0
416,0.22971014492753622,0.029710144927536233,0.7289855072463768,0.011594202898550725
417,0.011790393013100437,0.9759825327510917,0.010917030567685589,0.0013100436681222707
418,0.08974358974358974,0.5128205128205128,0.38461538461538464,0.01282051282051282
419,0.011790393013100437,0.9759825327510917,0.010917030567685589,0.0013100436681222707
420,0.03856749311294766,0.8650137741046832,0.09090909090909091,0.005509641873278237
421,0.011790393013100437,0.9759825327510917,0.010917030567685589,0.0013100436681222707
422,0.5276679841897233,0.0,0.023715415019762844,0.44861660079051385
423,0.14736842105263157,0.0,0.005263157894736842,0.8473684210526315
424,0.22971014492753622,0.029710144927536233,0.7289855072463768,0.011594202898550725
425,0.011790393013100437,0.9759825327510917,0.010917030567685589,0.0013100436681222707
426,0.22971014492753622,0.029710144927536233,0.7289855072463768,0.011594202898550725
427,0.011790393013100437,0.9759825327510917,0.010917030567685589,0.0013100436681222707
428,0.03856749311294766,0.8650137741046832,0.09090909090909091,0.005509641873278237
429,0.011790393013100437,0.9759825327510917,0.010917030567685589,0.0013100436681222707
430,0.3072916666666667,0.16145833333333334,0.5130208333333334,0.018229166666666668
431,0.13990825688073394,0.0,0.07339449541284404,0.786697247706422
432,0.011790393013100437,0.9759825327510917,0.010917030567685589,0.0013100436681222707
433,0.22971014492753622,0.029710144927536233,0.7289855072463768,0.011594202898550725
434,0.13990825688073394,0.0,0.07339449541284404,0.786697247706422
435,0.0989010989010989,0.0,0.03663003663003663,0.8644688644688645
436,0.22971014492753622,0.029710144927536233,0.7289855072463768,0.011594202898550725
437,0.011790393013100437,0.9759825327510917,0.010917030567685589,0.0013100436681222707
438,0.22971014492753622,0.029710144927536233,0.7289855072463768,0.011594202898550725
439,0.0,0.0,0.8888888888888888,0.1111111111111111
440,0.011790393013100437,0.9759825327510917,0.010917030567685589,0.0013100436681222707
441,0.22971014492753622,0.029710144927536233,0.7289855072463768,0.011594202898550725
442,0.011790393013100437,0.9759825327510917,0.010917030567685589,0.0013100436681222707
443,0.22971014492753622,0.029710144927536233,0.7289855072463768,0.011594202898550725
444,0.017964071856287425,0.8203592814371258,0.16167664670658682,0.0
445,0.39574468085106385,0.0,0.03404255319148936,0.5702127659574469
446,0.21739130434782608,0.0,0.03260869565217391,0.75
447,0.011790393013100437,0.9759825327510917,0.010917030567685589,0.0013100436681222707
448,0.13990825688073394,0.0,0.07339449541284404,0.786697247706422
449,0.9032258064516129,0.0,0.03225806451612903,0.06451612903225806
450,0.011790393013100437,0.9759825327510917,0.010917030567685589,0.0013100436681222707
451,0.14736842105263157,0.0,0.005263157894736842,0.8473684210526315
452,0.011790393013100437,0.9759825327510917,0.010917030567685589,0.0013100436681222707
453,0.3103448275862069,0.6724137931034483,0.017241379310344827,0.0
454,0.011790393013100437,0.9759825327510917,0.010917030567685589,0.0013100436681222707
455,0.017964071856287425,0.8203592814371258,0.16167664670658682,0.0
456,0.0,0.896551724137931,0.10344827586206896,0.0
457,0.011790393013100437,0.9759825327510917,0.010917030567685589,0.0013100436681222707
458,0.017964071856287425,0.8203592814371258,0.16167664670658682,0.0
459,0.3072916666666667,0.16145833333333334,0.5130208333333334,0.018229166666666668
460,0.5276679841897233,0.0,0.023715415019762844,0.44861660079051385
461,0.5276679841897233,0.0,0.023715415019762844,0.44861660079051385
462,0.3103448275862069,0.6724137931034483,0.017241379310344827,0.0
463,0.0989010989010989,0.0,0.03663003663003663,0.8644688644688645
464,0.8917525773195877,0.005154639175257732,0.04639175257731959,0.05670103092783505
465,0.011790393013100437,0.9759825327510917,0.010917030567685589,0.0013100436681222707
466,0.3253424657534247,0.0,0.010273972602739725,0.6643835616438356
467,0.0989010989010989,0.0,0.03663003663003663,0.8644688644688645
468,0.3072916666666667,0.16145833333333334,0.5130208333333334,0.018229166666666668
469,0.011790393013100437,0.9759825327510917,0.010917030567685589,0.0013100436681222707
470,0.9032258064516129,0.0,0.03225806451612903,0.06451612903225806
471,0.22971014492753622,0.029710144927536233,0.7289855072463768,0.011594202898550725
472,0.452,0.096,0.448,0.004
473,0.011790393013100437,0.9759825327510917,0.010917030567685589,0.0013100436681222707
474,0.22971014492753622,0.029710144927536233,0.7289855072463768,0.011594202898550725
475,1.0,0.0,0.0,0.0
476,0.22971014492753622,0.029710144927536233,0.7289855072463768,0.011594202898550725
477,0.011790393013100437,0.9759825327510917,0.010917030567685589,0.0013100436681222707
478,0.011790393013100437,0.9759825327510917,0.010917030567685589,0.0013100436681222707
479,0.5862068965517241,0.11494252873563218,0.26436781609195403,0.034482758620689655
480,0.08181818181818182,0.004545454545454545,0.004545454545454545,0.9090909090909091
481,0.13990825688073394,0.0,0.07339449541284404,0.786697247706422
482,0.3253424657534247,0.0,0.010273972602739725,0.6643835616438356
483,0.03856749311294766,0.8650137741046832,0.09090909090909091,0.005509641873278237
484,0.8917525773195877,0.005154639175257732,0.04639175257731959,0.05670103092783505
485,0.22971014492753622,0.029710144927536233,0.7289855072463768,0.011594202898550725
486,0.39574468085106385,0.0,0.03404255319148936,0.5702127659574469
487,0.3253424657534247,0.0,0.010273972602739725,0.6643835616438356
488,0.13990825688073394,0.0,0.07339449541284404,0.786697247706422
489,0.3253424657534247,0.0,0.010273972602739725,0.6643835616438356
490,0.0,0.0,0.0,1.0
491,0.22971014492753622,0.029710144927536233,0.7289855072463768,0.011594202898550725
492,0.3072916666666667,0.16145833333333334,0.5130208333333334,0.018229166666666668
493,0.22971014492753622,0.029710144927536233,0.7289855072463768,0.011594202898550725
494,0.21739130434782608,0.0,0.03260869565217391,0.75
495,0.08974358974358974,0.5128205128205128,0.38461538461538464,0.01282051282051282
496,0.39574468085106385,0.0,0.03404255319148936,0.5702127659574469
497,0.011790393013100437,0.9759825327510917,0.010917030567685589,0.0013100436681222707
498,0.011790393013100437,0.9759825327510917,0.010917030567685589,0.0013100436681222707
499,0.21052631578947367,0.0,0.0,0.7894736842105263
500,0.0,1.0,0.0,0.0
501,0.14736842105263157,0.0,0.005263157894736842,0.8473684210526315
502,0.011790393013100437,0.9759825327510917,0.010917030567685589,0.0013100436681222707
503,0.39574468085106385,0.0,0.03404255319148936,0.5702127659574469
504,0.13990825688073394,0.0,0.07339449541284404,0.786697247706422
505,0.3253424657534247,0.0,0.010273972602739725,0.6643835616438356
506,0.22971014492753622,0.029710144927536233,0.7289855072463768,0.011594202898550725
507,0.5862068965517241,0.11494252873563218,0.26436781609195403,0.034482758620689655
508,0.39574468085106385,0.0,0.03404255319148936,0.5702127659574469
509,0.011790393013100437,0.9759825327510917,0.010917030567685589,0.0013100436681222707
510,0.011790393013100437,0.9759825327510917,0.010917030567685589,0.0013100436681222707
511,0.011790393013100437,0.9759825327510917,0.010917030567685589,0.0013100436681222707
512,0.21052631578947367,0.0,0.0,0.7894736842105263
513,0.452,0.096,0.448,0.004
514,0.22971014492753622,0.029710144927536233,0.7289855072463768,0.011594202898550725
515,0.22971014492753622,0.029710144927536233,0.7289855072463768,0.011594202898550725
516,0.011790393013100437,0.9759825327510917,0.010917030567685589,0.0013100436681222707
517,0.03205128205128205,0.11538461538461539,0.8461538461538461,0.00641025641025641
518,0.08181818181818182,0.004545454545454545,0.004545454545454545,0.9090909090909091
519,0.5276679841897233,0.0,0.023715415019762844,0.44861660079051385
520,0.3253424657534247,0.0,0.010273972602739725,0.6643835616438356
521,0.011790393013100437,0.9759825327510917,0.010917030567685589,0.0013100436681222707
522,0.3253424657534247,0.0,0.010273972602739725,0.6643835616438356
523,0.3072916666666667,0.16145833333333334,0.5130208333333334,0.018229166666666668
524,0.22971014492753622,0.029710144927536233,0.7289855072463768,0.011594202898550725
525,0.5679012345679012,0.0,0.0,0.43209876543209874
526,0.011790393013100437,0.9759825327510917,0.010917030567685589,0.0013100436681222707
527,0.6724137931034483,0.008620689655172414,0.2413793103448276,0.07758620689655173
528,0.22971014492753622,0.029710144927536233,0.7289855072463768,0.011594202898550725
529,0.5276679841897233,0.0,0.023715415019762844,0.44861660079051385
530,0.011790393013100437,0.9759825327510917,0.010917030567685589,0.0013100436681222707
531,0.5276679841897233,0.0,0.023715415019762844,0.44861660079051385
532,0.03205128205128205,0.11538461538461539,0.8461538461538461,0.00641025641025641
533,0.5679012345679012,0.0,0.0,0.43209876543209874
534,0.011790393013100437,0.9759825327510917,0.010917030567685589,0.0013100436681222707
535,0.22971014492753622,0.029710144927536233,0.7289855072463768,0.011594202898550725
536,0.03856749311294766,0.8650137741046832,0.09090909090909091,0.005509641873278237
537,0.011790393013100437,0.9759825327510917,0.010917030567685589,0.0013100436681222707
538,0.13990825688073394,0.0,0.07339449541284404,0.786697247706422
539,0.011790393013100437,0.9759825327510917,0.010917030567685589,0.0013100436681222707
540,0.22971014492753622,0.029710144927536233,0.7289855072463768,0.011594202898550725
541,0.011790393013100437,0.9759825327510917,0.010917030567685589,0.0013100436681222707
542,0.3253424657534247,0.0,0.010273972602739725,0.6643835616438356
543,0.08974358974358974,0.5128205128205128,0.38461538461538464,0.01282051282051282
544,0.3072916666666667,0.16145833333333334,0.5130208333333334,0.018229166666666668
545,0.21739130434782608,0.0,0.03260869565217391,0.75
546,0.13990825688073394,0.0,0.07339449541284404,0.786697247706422
547,0.22971014492753622,0.029710144927536233,0.7289855072463768,0.011594202898550725
548,0.011790393013100437,0.9759825327510917,0.010917030567685589,0.0013100436681222707
549,0.03856749311294766,0.8650137741046832,0.09090909090909091,0.005509641873278237
550,0.13990825688073394,0.0,0.07339449541284404,0.786697247706422
551,0.8917525773195877,0.005154639175257732,0.04639175257731959,0.05670103092783505
552,0.0989010989010989,0.0,0.03663003663003663,0.8644688644688645
553,0.3253424657534247,0.0,0.010273972602739725,0.6643835616438356
554,0.011790393013100437,0.9759825327510917,0.010917030567685589,0.0013100436681222707
555,0.011790393013100437,0.9759825327510917,0.010917030567685589,0.0013100436681222707
556,0.22971014492753622,0.029710144927536233,0.7289855072463768,0.011594202898550725
557,0.22971014492753622,0.029710144927536233,0.7289855072463768,0.011594202898550725
558,0.22971014492753622,0.029710144927536233,0.7289855072463768,0.011594202898550725
559,0.22971014492753622,0.029710144927536233,0.7289855072463768,0.011594202898550725
560,0.6470588235294118,0.0,0.0,0.35294117647058826
561,0.5276679841897233,0.0,0.023715415019762844,0.44861660079051385
562,0.22971014492753622,0.029710144927536233,0.7289855072463768,0.011594202898550725
563,0.21052631578947367,0.0,0.0,0.7894736842105263
564,0.22971014492753622,0.029710144927536233,0.7289855072463768,0.011594202898550725
565,0.3103448275862069,0.6724137931034483,0.017241379310344827,0.0
566,0.011790393013100437,0.9759825327510917,0.010917030567685589,0.0013100436681222707
567,0.13990825688073394,0.0,0.07339449541284404,0.786697247706422
568,0.011790393013100437,0.9759825327510917,0.010917030567685589,0.0013100436681222707
569,0.22971014492753622,0.029710144927536233,0.7289855072463768,0.011594202898550725
570,0.011790393013100437,0.9759825327510917,0.010917030567685589,0.0013100436681222707
571,0.011790393013100437,0.9759825327510917,0.010917030567685589,0.0013100436681222707
572,0.452,0.096,0.448,0.004
573,0.3253424657534247,0.0,0.010273972602739725,0.6643835616438356
574,0.03856749311294766,0.8650137741046832,0.09090909090909091,0.005509641873278237
575,0.011790393013100437,0.9759825327510917,0.010917030567685589,0.0013100436681222707
576,0.08181818181818182,0.004545454545454545,0.004545454545454545,0.9090909090909091
577,0.011790393013100437,0.9759825327510917,0.010917030567685589,0.0013100436681222707
578,0.011790393013100437,0.9759825327510917,0.010917030567685589,0.0013100436681222707
579,0.03205128205128205,0.11538461538461539,0.8461538461538461,0.00641025641025641
580,0.3072916666666667,0.16145833333333334,0.5130208333333334,0.018229166666666668
581,0.011790393013100437,0.9759825327510917,0.010917030567685589,0.0013100436681222707
582,0.22971014492753622,0.029710144927536233,0.7289855072463768,0.011594202898550725
583,0.017964071856287425,0.8203592814371258,0.16167664670658682,0.0
584,0.011790393013100437,0.9759825327510917,0.010917030567685589,0.0013100436681222707
585,0.011790393013100437,0.9759825327510917,0.010917030567685589,0.0013100436681222707
586,0.011790393013100437,0.9759825327510917,0.010917030567685589,0.0013100436681222707
587,0.011790393013100437,0.9759825327510917,0.010917030567685589,0.0013100436681222707
588,0.011790393013100437,0.9759825327510917,0.010917030567685589,0.0013100436681222707
589,0.452,0.096,0.448,0.004
590,0.3253424657534247,0.0,0.010273972602739725,0.6643835616438356
591,0.13990825688073394,0.0,0.07339449541284404,0.786697247706422
592,0.02631578947368421,0.0,0.10526315789473684,0.868421052631579
593,0.011790393013100437,0.9759825327510917,0.010917030567685589,0.0013100436681222707
594,0.22971014492753622,0.029710144927536233,0.7289855072463768,0.011594202898550725
595,0.011790393013100437,0.9759825327510917,0.010917030567685589,0.0013100436681222707
596,0.011790393013100437,0.9759825327510917,0.010917030567685589,0.0013100436681222707
597,0.39574468085106385,0.0,0.03404255319148936,0.5702127659574469
598,0.5306122448979592,0.4489795918367347,0.0,0.02040816326530612
599,0.452,0.096,0.448,0.004
600,0.5276679841897233,0.0,0.023715415019762844,0.44861660079051385
601,0.011790393013100437,0.9759825327510917,0.010917030567685589,0.0013100436681222707
602,0.22971014492753622,0.029710144927536233,0.7289855072463768,0.011594202898550725
603,0.3072916666666667,0.16145833333333334,0.5130208333333334,0.018229166666666668
604,0.39574468085106385,0.0,0.03404255319148936,0.5702127659574469
605,0.21739130434782608,0.0,0.03260869565217391,0.75
606,0.011790393013100437,0.9759825327510917,0.010917030567685589,0.0013100436681222707
607,0.011790393013100437,0.9759825327510917,0.010917030567685589,0.0013100436681222707
608,0.452,0.096,0.448,0.004
609,0.14736842105263157,0.0,0.005263157894736842,0.8473684210526315
610,0.08181818181818182,0.004545454545454545,0.004545454545454545,0.9090909090909091
611,0.22971014492753622,0.029710144927536233,0.7289855072463768,0.011594202898550725
612,0.08181818181818182,0.004545454545454545,0.004545454545454545,0.9090909090909091
613,0.3253424657534247,0.0,0.010273972602739725,0.6643835616438356
614,0.011790393013100437,0.9759825327510917,0.010917030567685589,0.0013100436681222707
615,0.5276679841897233,0.0,0.023715415019762844,0.44861660079051385
616,0.14736842105263157,0.0,0.005263157894736842,0.8473684210526315
617,0.011790393013100437,0.9759825327510917,0.010917030567685589,0.0013100436681222707
618,0.03856749311294766,0.8650137741046832,0.09090909090909091,0.005509641873278237
619,0.017964071856287425,0.8203592814371258,0.16167664670658682,0.0
620,0.017964071856287425,0.8203592814371258,0.16167664670658682,0.0
621,0.011790393013100437,0.9759825327510917,0.010917030567685589,0.0013100436681222707
622,0.22971014492753622,0.029710144927536233,0.7289855072463768,0.011594202898550725
623,0.011790393013100437,0.9759825327510917,0.010917030567685589,0.0013100436681222707
624,0.03856749311294766,0.8650137741046832,0.09090909090909091,0.005509641873278237
625,0.011790393013100437,0.9759825327510917,0.010917030567685589,0.0013100436681222707
626,0.3072916666666667,0.16145833333333334,0.5130208333333334,0.018229166666666668
627,0.22971014492753622,0.029710144927536233,0.7289855072463768,0.011594202898550725
628,0.08181818181818182,0.004545454545454545,0.004545454545454545,0.9090909090909091
629,0.8917525773195877,0.005154639175257732,0.04639175257731959,0.05670103092783505
630,0.21739130434782608,0.0,0.03260869565217391,0.75
631,0.03856749311294766,0.8650137741046832,0.09090909090909091,0.005509641873278237
632,0.3253424657534247,0.0,0.010273972602739725,0.6643835616438356
633,0.22971014492753622,0.029710144927536233,0.7289855072463768,0.011594202898550725
634,0.8917525773195877,0.005154639175257732,0.04639175257731959,0.05670103092783505
635,0.22971014492753622,0.029710144927536233,0.7289855072463768,0.011594202898550725
636,0.017964071856287425,0.8203592814371258,0.16167664670658682,0.0
637,0.5679012345679012,0.0,0.0,0.43209876543209874
638,0.7142857142857143,0.0,0.0,0.2857142857142857
639,0.011790393013100437,0.9759825327510917,0.010917030567685589,0.0013100436681222707
640,0.2222222222222222,0.4888888888888889,0.28888888888888886,0.0
641,0.03205128205128205,0.11538461538461539,0.8461538461538461,0.00641025641025641
642,0.5276679841897233,0.0,0.023715415019762844,0.44861660079051385
643,0.39574468085106385,0.0,0.03404255319148936,0.5702127659574469
644,0.011790393013100437,0.9759825327510917,0.010917030567685589,0.0013100436681222707
645,0.5679012345679012,0.0,0.0,0.43209876543209874
646,0.011790393013100437,0.9759825327510917,0.010917030567685589,0.0013100436681222707
647,0.13990825688073394,0.0,0.07339449541284404,0.786697247706422
648,0.011790393013100437,0.9759825327510917,0.010917030567685589,0.0013100436681222707
649,0.011790393013100437,0.9759825327510917,0.010917030567685589,0.0013100436681222707
650,0.5276679841897233,0.0,0.023715415019762844,0.44861660079051385
651,0.011790393013100437,0.9759825327510917,0.010917030567685589,0.0013100436681222707
652,0.011790393013100437,0.9759825327510917,0.010917030567685589,0.0013100436681222707
653,0.03856749311294766,0.8650137741046832,0.09090909090909091,0.005509641873278237
654,0.5276679841897233,0.0,0.023715415019762844,0.44861660079051385
655,0.39574468085106385,0.0,0.03404255319148936,0.5702127659574469
656,0.011790393013100437,0.9759825327510917,0.010917030567685589,0.0013100436681222707
657,0.011790393013100437,0.9759825327510917,0.010917030567685589,0.0013100436681222707
658,0.011790393013100437,0.9759825327510917,0.010917030567685589,0.0013100436681222707
659,0.011790393013100437,0.9759825327510917,0.010917030567685589,0.0013100436681222707
660,0.13990825688073394,0.0,0.07339449541284404,0.786697247706422
661,0.011790393013100437,0.9759825327510917,0.010917030567685589,0.0013100436681222707
662,0.452,0.096,0.448,0.004
663,0.011790393013100437,0.9759825327510917,0.010917030567685589,0.0013100436681222707
664,0.011790393013100437,0.9759825327510917,0.010917030567685589,0.0013100436681222707
665,0.011790393013100437,0.9759825327510917,0.010917030567685589,0.0013100436681222707
666,0.5276679841897233,0.0,0.023715415019762844,0.44861660079051385
667,0.452,0.096,0.448,0.004
668,0.03856749311294766,0.8650137741046832,0.09090909090909091,0.005509641873278237
669,0.011790393013100437,0.9759825327510917,0.010917030567685589,0.0013100436681222707
670,0.03205128205128205,0.11538461538461539,0.8461538461538461,0.00641025641025641
671,0.03856749311294766,0.8650137741046832,0.09090909090909091,0.005509641873278237
672,0.011790393013100437,0.9759825327510917,0.010917030567685589,0.0013100436681222707
673,0.0989010989010989,0.0,0.03663003663003663,0.8644688644688645
674,0.08974358974358974,0.5128205128205128,0.38461538461538464,0.01282051282051282
675,0.08181818181818182,0.004545454545454545,0.004545454545454545,0.9090909090909091
676,0.452,0.096,0.448,0.004
677,0.3253424657534247,0.0,0.010273972602739725,0.6643835616438356
678,0.011790393013100437,0.9759825327510917,0.010917030567685589,0.0013100436681222707
679,0.22971014492753622,0.029710144927536233,0.7289855072463768,0.011594202898550725
680,0.0,0.0,0.0,1.0
681,0.13990825688073394,0.0,0.07339449541284404,0.786697247706422
682,0.3253424657534247,0.0,0.010273972602739725,0.6643835616438356
683,0.14736842105263157,0.0,0.005263157894736842,0.8473684210526315
684,0.011790393013100437,0.9759825327510917,0.010917030567685589,0.0013100436681222707
685,0.22971014492753622,0.029710144927536233,0.7289855072463768,0.011594202898550725
686,0.3253424657534247,0.0,0.010273972602739725,0.6643835616438356
687,0.011790393013100437,0.9759825327510917,0.010917030567685589,0.0013100436681222707
688,0.452,0.096,0.448,0.004
689,0.03856749311294766,0.8650137741046832,0.09090909090909091,0.005509641873278237
690,0.011790393013100437,0.9759825327510917,0.010917030567685589,0.0013100436681222707
691,0.6724137931034483,0.008620689655172414,0.2413793103448276,0.07758620689655173
692,0.21052631578947367,0.0,0.0,0.7894736842105263
693,0.13990825688073394,0.0,0.07339449541284404,0.786697247706422
694,0.0989010989010989,0.0,0.03663003663003663,0.8644688644688645
695,0.0989010989010989,0.0,0.03663003663003663,0.8644688644688645
696,0.011790393013100437,0.9759825327510917,0.010917030567685589,0.0013100436681222707
697,0.3103448275862069,0.6724137931034483,0.017241379310344827,0.0
698,0.3253424657534247,0.0,0.010273972602739725,0.6643835616438356
699,0.22971014492753622,0.029710144927536233,0.7289855072463768,0.011594202898550725
700,0.017964071856287425,0.8203592814371258,0.16167664670658682,0.0
701,0.13990825688073394,0.0,0.07339449541284404,0.786697247706422
702,0.39574468085106385,0.0,0.03404255319148936,0.5702127659574469
703,0.22971014492753622,0.029710144927536233,0.7289855072463768,0.011594202898550725
704,0.6724137931034483,0.008620689655172414,0.2413793103448276,0.07758620689655173
705,0.0989010989010989,0.0,0.03663003663003663,0.8644688644688645
706,0.3072916666666667,0.16145833333333334,0.5130208333333334,0.018229166666666668
707,0.13990825688073394,0.0,0.07339449541284404,0.786697247706422
708,0.011790393013100437,0.9759825327510917,0.010917030567685589,0.0013100436681222707
709,0.3072916666666667,0.16145833333333334,0.5130208333333334,0.018229166666666668
710,0.452,0.096,0.448,0.004
711,0.011790393013100437,0.9759825327510917,0.010917030567685589,0.0013100436681222707
712,0.13990825688073394,0.0,0.07339449541284404,0.786697247706422
713,0.011790393013100437,0.9759825327510917,0.010917030567685589,0.0013100436681222707
714,0.0989010989010989,0.0,0.03663003663003663,0.8644688644688645
715,0.011790393013100437,0.9759825327510917,0.010917030567685589,0.0013100436681222707
716,0.5679012345679012,0.0,0.0,0.43209876543209874
717,0.011790393013100437,0.9759825327510917,0.010917030567685589,0.0013100436681222707
718,0.011790393013100437,0.9759825327510917,0.010917030567685589,0.0013100436681222707
719,0.03205128205128205,0.11538461538461539,0.8461538461538461,0.00641025641025641
720,0.011790393013100437,0.9759825327510917,0.010917030567685589,0.0013100436681222707
721,0.13990825688073394,0.0,0.07339449541284404,0.786697247706422
722,0.03856749311294766,0.8650137741046832,0.09090909090909091,0.005509641873278237
723,0.011790393013100437,0.9759825327510917,0.010917030567685589,0.0013100436681222707
724,0.08974358974358974,0.5128205128205128,0.38461538461538464,0.01282051282051282
725,0.011790393013100437,0.9759825327510917,0.010917030567685589,0.0013100436681222707
726,0.011790393013100437,0.9759825327510917,0.010917030567685589,0.0013100436681222707
727,0.22971014492753622,0.029710144927536233,0.7289855072463768,0.011594202898550725
728,0.5276679841897233,0.0,0.023715415019762844,0.44861660079051385
729,0.011790393013100437,0.9759825327510917,0.010917030567685589,0.0013100436681222707
730,0.011790393013100437,0.9759825327510917,0.010917030567685589,0.0013100436681222707
731,0.22971014492753622,0.029710144927536233,0.7289855072463768,0.011594202898550725
732,0.0989010989010989,0.0,0.03663003663003663,0.8644688644688645
733,0.14736842105263157,0.0,0.005263157894736842,0.8473684210526315
734,0.22971014492753622,0.029710144927536233,0.7289855072463768,0.011594202898550725
735,0.22971014492753622,0.029710144927536233,0.7289855072463768,0.011594202898550725
736,0.6724137931034483,0.008620689655172414,0.2413793103448276,0.07758620689655173
737,0.075,0.2,0.725,0.0
738,0.03205128205128205,0.11538461538461539,0.8461538461538461,0.00641025641025641
739,0.5276679841897233,0.0,0.023715415019762844,0.44861660079051385
740,0.14736842105263157,0.0,0.005263157894736842,0.8473684210526315
741,0.03856749311294766,0.8650137741046832,0.09090909090909091,0.005509641873278237
742,0.21739130434782608,0.0,0.03260869565217391,0.75
743,0.22971014492753622,0.029710144927536233,0.7289855072463768,0.011594202898550725
744,0.22971014492753622,0.029710144927536233,0.7289855072463768,0.011594202898550725
745,0.011790393013100437,0.9759825327510917,0.010917030567685589,0.0013100436681222707
746,0.011790393013100437,0.9759825327510917,0.010917030567685589,0.0013100436681222707
747,0.9032258064516129,0.0,0.03225806451612903,0.06451612903225806
748,0.22971014492753622,0.029710144927536233,0.7289855072463768,0.011594202898550725
749,0.011790393013100437,0.9759825327510917,0.010917030567685589,0.0013100436681222707
750,0.011790393013100437,0.9759825327510917,0.010917030567685589,0.0013100436681222707
751,0.21739130434782608,0.0,0.03260869565217391,0.75
752,0.39574468085106385,0.0,0.03404255319148936,0.5702127659574469
753,0.5276679841897233,0.0,0.023715415019762844,0.44861660079051385
754,0.011790393013100437,0.9759825327510917,0.010917030567685589,0.0013100436681222707
755,0.011790393013100437,0.9759825327510917,0.010917030567685589,0.0013100436681222707
756,0.011790393013100437,0.9759825327510917,0.010917030567685589,0.0013100436681222707
757,0.017964071856287425,0.8203592814371258,0.16167664670658682,0.0
758,0.14736842105263157,0.0,0.005263157894736842,0.8473684210526315
759,0.39574468085106385,0.0,0.03404255319148936,0.5702127659574469
760,0.452,0.096,0.448,0.004
761,0.011790393013100437,0.9759825327510917,0.010917030567685589,0.0013100436681222707
762,0.3072916666666667,0.16145833333333334,0.5130208333333334,0.018229166666666668
763,0.08181818181818182,0.004545454545454545,0.004545454545454545,0.9090909090909091
764,0.03205128205128205,0.11538461538461539,0.8461538461538461,0.00641025641025641
765,0.011790393013100437,0.9759825327510917,0.010917030567685589,0.0013100436681222707
766,0.0989010989010989,0.0,0.03663003663003663,0.8644688644688645
767,0.8917525773195877,0.005154639175257732,0.04639175257731959,0.05670103092783505
768,0.21052631578947367,0.0,0.0,0.7894736842105263
769,0.03856749311294766,0.8650137741046832,0.09090909090909091,0.005509641873278237
770,0.452,0.096,0.448,0.004
771,0.08181818181818182,0.004545454545454545,0.004545454545454545,0.9090909090909091
772,0.22971014492753622,0.029710144927536233,0.7289855072463768,0.011594202898550725
773,0.452,0.096,0.448,0.004
774,0.03856749311294766,0.8650137741046832,0.09090909090909091,0.005509641873278237
775,0.8917525773195877,0.005154639175257732,0.04639175257731959,0.05670103092783505
776,0.22971014492753622,0.029710144927536233,0.7289855072463768,0.011594202898550725
777,0.22971014492753622,0.029710144927536233,0.7289855072463768,0.011594202898550725
778,0.5276679841897233,0.0,0.023715415019762844,0.44861660079051385
779,0.011790393013100437,0.9759825327510917,0.010917030567685589,0.0013100436681222707
780,0.08974358974358974,0.5128205128205128,0.38461538461538464,0.01282051282051282
781,0.011790393013100437,0.9759825327510917,0.010917030567685589,0.0013100436681222707
782,0.011790393013100437,0.9759825327510917,0.010917030567685589,0.0013100436681222707
783,0.011790393013100437,0.9759825327510917,0.010917030567685589,0.0013100436681222707
784,0.22971014492753622,0.029710144927536233,0.7289855072463768,0.011594202898550725
785,0.02631578947368421,0.0,0.10526315789473684,0.868421052631579
786,0.011790393013100437,0.9759825327510917,0.010917030567685589,0.0013100436681222707
787,0.22971014492753622,0.029710144927536233,0.7289855072463768,0.011594202898550725
788,0.5276679841897233,0.0,0.023715415019762844,0.44861660079051385
789,0.011790393013100437,0.9759825327510917,0.010917030567685589,0.0013100436681222707
790,0.011790393013100437,0.9759825327510917,0.010917030567685589,0.0013100436681222707
791,0.08181818181818182,0.004545454545454545,0.004545454545454545,0.9090909090909091
792,0.22971014492753622,0.029710144927536233,0.7289855072463768,0.011594202898550725
793,0.22971014492753622,0.029710144927536233,0.7289855072463768,0.011594202898550725
794,0.6724137931034483,0.008620689655172414,0.2413793103448276,0.07758620689655173
795,0.5862068965517241,0.11494252873563218,0.26436781609195403,0.034482758620689655
796,0.011790393013100437,0.9759825327510917,0.010917030567685589,0.0013100436681222707
797,0.22971014492753622,0.029710144927536233,0.7289855072463768,0.011594202898550725
798,0.011790393013100437,0.9759825327510917,0.010917030567685589,0.0013100436681222707
799,0.011790393013100437,0.9759825327510917,0.010917030567685589,0.0013100436681222707
800,0.011790393013100437,0.9759825327510917,0.010917030567685589,0.0013100436681222707
801,0.6724137931034483,0.008620689655172414,0.2413793103448276,0.07758620689655173
802,0.08181818181818182,0.004545454545454545,0.004545454545454545,0.9090909090909091
803,0.22971014492753622,0.029710144927536233,0.7289855072463768,0.011594202898550725
804,0.08181818181818182,0.004545454545454545,0.004545454545454545,0.9090909090909091
805,0.22971014492753622,0.029710144927536233,0.7289855072463768,0.011594202898550725
806,0.011790393013100437,0.9759825327510917,0.010917030567685589,0.0013100436681222707
807,0.011790393013100437,0.9759825327510917,0.010917030567685589,0.0013100436681222707
808,0.13990825688073394,0.0,0.07339449541284404,0.786697247706422
809,0.3072916666666667,0.16145833333333334,0.5130208333333334,0.018229166666666668
810,0.0989010989010989,0.0,0.03663003663003663,0.8644688644688645
811,0.3103448275862069,0.6724137931034483,0.017241379310344827,0.0
812,0.011790393013100437,0.9759825327510917,0.010917030567685589,0.0013100436681222707
813,0.22971014492753622,0.029710144927536233,0.7289855072463768,0.011594202898550725
814,0.8917525773195877,0.005154639175257732,0.04639175257731959,0.05670103092783505
815,0.011790393013100437,0.9759825327510917,0.010917030567685589,0.0013100436681222707
816,0.21052631578947367,0.0,0.0,0.7894736842105263
817,0.22971014492753622,0.029710144927536233,0.7289855072463768,0.011594202898550725
818,0.3253424657534247,0.0,0.010273972602739725,0.6643835616438356
819,0.02631578947368421,0.0,0.10526315789473684,0.868421052631579
820,0.011790393013100437,0.9759825327510917,0.010917030567685589,0.0013100436681222707
821,0.3072916666666667,0.16145833333333334,0.5130208333333334,0.018229166666666668
822,0.011790393013100437,0.9759825327510917,0.010917030567685589,0.0013100436681222707
823,0.011790393013100437,0.9759825327510917,0.010917030567685589,0.0013100436681222707
824,0.2222222222222222,0.4888888888888889,0.28888888888888886,0.0
825,0.011790393013100437,0.9759825327510917,0.010917030567685589,0.0013100436681222707
826,0.22971014492753622,0.029710144927536233,0.7289855072463768,0.011594202898550725
827,0.14736842105263157,0.0,0.005263157894736842,0.8473684210526315
828,0.22971014492753622,0.029710144927536233,0.7289855072463768,0.011594202898550725
829,0.03205128205128205,0.11538461538461539,0.8461538461538461,0.00641025641025641
830,0.3072916666666667,0.16145833333333334,0.5130208333333334,0.018229166666666668
831,0.2222222222222222,0.4888888888888889,0.28888888888888886,0.0
832,0.22971014492753622,0.029710144927536233,0.7289855072463768,0.011594202898550725
833,0.011790393013100437,0.9759825327510917,0.010917030567685589,0.0013100436681222707
834,0.8917525773195877,0.005154639175257732,0.04639175257731959,0.05670103092783505
835,0.8917525773195877,0.005154639175257732,0.04639175257731959,0.05670103092783505
836,0.22971014492753622,0.029710144927536233,0.7289855072463768,0.011594202898550725
837,1.0,0.0,0.0,0.0
838,0.22971014492753622,0.029710144927536233,0.7289855072463768,0.011594202898550725
839,0.03856749311294766,0.8650137741046832,0.09090909090909091,0.005509641873278237
840,0.08333333333333333,0.0,0.0,0.9166666666666666
841,0.8917525773195877,0.005154639175257732,0.04639175257731959,0.05670103092783505
842,0.3072916666666667,0.16145833333333334,0.5130208333333334,0.018229166666666668
843,0.5679012345679012,0.0,0.0,0.43209876543209874
844,0.0989010989010989,0.0,0.03663003663003663,0.8644688644688645
845,0.21739130434782608,0.0,0.03260869565217391,0.75
846,0.011790393013100437,0.9759825327510917,0.010917030567685589,0.0013100436681222707
847,0.011790393013100437,0.9759825327510917,0.010917030567685589,0.0013100436681222707
848,0.0989010989010989,0.0,0.03663003663003663,0.8644688644688645
849,0.13990825688073394,0.0,0.07339449541284404,0.786697247706422
850,0.6724137931034483,0.008620689655172414,0.2413793103448276,0.07758620689655173
851,0.011790393013100437,0.9759825327510917,0.010917030567685589,0.0013100436681222707
852,0.0989010989010989,0.0,0.03663003663003663,0.8644688644688645
853,0.011790393013100437,0.9759825327510917,0.010917030567685589,0.0013100436681222707
854,0.03205128205128205,0.11538461538461539,0.8461538461538461,0.00641025641025641
855,0.3253424657534247,0.0,0.010273972602739725,0.6643835616438356
856,0.011790393013100437,0.9759825327510917,0.010917030567685589,0.0013100436681222707
857,0.3253424657534247,0.0,0.010273972602739725,0.6643835616438356
858,0.011790393013100437,0.9759825327510917,0.010917030567685589,0.0013100436681222707
859,0.8917525773195877,0.005154639175257732,0.04639175257731959,0.05670103092783505
860,0.13990825688073394,0.0,0.07339449541284404,0.786697247706422
861,0.22971014492753622,0.029710144927536233,0.7289855072463768,0.011594202898550725
862,0.011790393013100437,0.9759825327510917,0.010917030567685589,0.0013100436681222707
863,0.22971014492753622,0.029710144927536233,0.7289855072463768,0.011594202898550725
864,0.21052631578947367,0.0,0.0,0.7894736842105263
865,0.3103448275862069,0.6724137931034483,0.017241379310344827,0.0
866,0.3253424657534247,0.0,0.010273972602739725,0.6643835616438356
867,0.14736842105263157,0.0,0.005263157894736842,0.8473684210526315
868,0.5276679841897233,0.0,0.023715415019762844,0.44861660079051385
869,0.3103448275862069,0.6724137931034483,0.017241379310344827,0.0
870,0.3072916666666667,0.16145833333333334,0.5130208333333334,0.018229166666666668
871,0.011790393013100437,0.9759825327510917,0.010917030567685589,0.0013100436681222707
872,0.13990825688073394,0.0,0.07339449541284404,0.786697247706422
873,0.011790393013100437,0.9759825327510917,0.010917030567685589,0.0013100436681222707
874,0.22971014492753622,0.029710144927536233,0.7289855072463768,0.011594202898550725
875,0.5679012345679012,0.0,0.0,0.43209876543209874
876,0.22971014492753622,0.029710144927536233,0.7289855072463768,0.011594202898550725
877,0.011790393013100437,0.9759825327510917,0.010917030567685589,0.0013100436681222707
878,0.22971014492753622,0.029710144927536233,0.7289855072463768,0.011594202898550725
879,0.21739130434782608,0.0,0.03260869565217391,0.75
880,0.08181818181818182,0.004545454545454545,0.004545454545454545,0.9090909090909091
881,0.011790393013100437,0.9759825327510917,0.010917030567685589,0.0013100436681222707
882,0.011790393013100437,0.9759825327510917,0.010917030567685589,0.0013100436681222707
883,0.3253424657534247,0.0,0.010273972602739725,0.6643835616438356
884,0.0989010989010989,0.0,0.03663003663003663,0.8644688644688645
885,0.011790393013100437,0.9759825327510917,0.010917030567685589,0.0013100436681222707
886,0.0,0.0,0.0,1.0
887,0.011790393013100437,0.9759825327510917,0.010917030567685589,0.0013100436681222707
888,0.011790393013100437,0.9759825327510917,0.010917030567685589,0.0013100436681222707
889,0.08181818181818182,0.004545454545454545,0.004545454545454545,0.9090909090909091
890,0.3072916666666667,0.16145833333333334,0.5130208333333334,0.018229166666666668
891,0.5276679841897233,0.0,0.023715415019762844,0.44861660079051385
892,0.03856749311294766,0.8650137741046832,0.09090909090909091,0.005509641873278237
893,0.08181818181818182,0.004545454545454545,0.004545454545454545,0.9090909090909091
894,0.22971014492753622,0.029710144927536233,0.7289855072463768,0.011594202898550725
895,0.3072916666666667,0.16145833333333334,0.5130208333333334,0.018229166666666668
896,0.13990825688073394,0.0,0.07339449541284404,0.786697247706422
897,0.3253424657534247,0.0,0.010273972602739725,0.6643835616438356
898,0.5276679841897233,0.0,0.023715415019762844,0.44861660079051385
899,0.011790393013100437,0.9759825327510917,0.010917030567685589,0.0013100436681222707
900,0.5276679841897233,0.0,0.023715415019762844,0.44861660079051385
901,0.22971014492753622,0.029710144927536233,0.7289855072463768,0.011594202898550725
902,0.452,0.096,0.448,0.004
903,0.011790393013100437,0.9759825327510917,0.010917030567685589,0.0013100436681222707
904,0.452,0.096,0.448,0.004
905,0.011790393013100437,0.9759825327510917,0.010917030567685589,0.0013100436681222707
906,0.08181818181818182,0.004545454545454545,0.004545454545454545,0.9090909090909091
907,0.011790393013100437,0.9759825327510917,0.010917030567685589,0.0013100436681222707
908,0.5276679841897233,0.0,0.023715415019762844,0.44861660079051385
909,0.5276679841897233,0.0,0.023715415019762844,0.44861660079051385
910,0.011790393013100437,0.9759825327510917,0.010917030567685589,0.0013100436681222707
911,0.22971014492753622,0.029710144927536233,0.7289855072463768,0.011594202898550725
912,0.011790393013100437,0.9759825327510917,0.010917030567685589,0.0013100436681222707
913,0.03856749311294766,0.8650137741046832,0.09090909090909091,0.005509641873278237
914,0.39574468085106385,0.0,0.03404255319148936,0.5702127659574469
915,0.011790393013100437,0.9759825327510917,0.010917030567685589,0.0013100436681222707
916,0.8917525773195877,0.005154639175257732,0.04639175257731959,0.05670103092783505
917,0.39574468085106385,0.0,0.03404255319148936,0.5702127659574469
918,0.3253424657534247,0.0,0.010273972602739725,0.6643835616438356
919,0.75,0.25,0.0,0.0
920,0.08181818181818182,0.004545454545454545,0.004545454545454545,0.9090909090909091
921,0.5276679841897233,0.0,0.023715415019762844,0.44861660079051385
922,0.02631578947368421,0.0,0.10526315789473684,0.868421052631579
923,0.011790393013100437,0.9759825327510917,0.010917030567685589,0.0013100436681222707
924,0.011790393013100437,0.9759825327510917,0.010917030567685589,0.0013100436681222707
925,0.011790393013100437,0.9759825327510917,0.010917030567685589,0.0013100436681222707
926,0.452,0.096,0.448,0.004
927,0.011790393013100437,0.9759825327510917,0.010917030567685589,0.0013100436681222707
928,0.22971014492753622,0.029710144927536233,0.7289855072463768,0.011594202898550725
929,0.6724137931034483,0.008620689655172414,0.2413793103448276,0.07758620689655173
930,0.21052631578947367,0.0,0.0,0.7894736842105263
931,0.0989010989010989,0.0,0.03663003663003663,0.8644688644688645
932,0.3253424657534247,0.0,0.010273972602739725,0.6643835616438356
933,0.13990825688073394,0.0,0.07339449541284404,0.786697247706422
934,0.0989010989010989,0.0,0.03663003663003663,0.8644688644688645
935,0.22971014492753622,0.029710144927536233,0.7289855072463768,0.011594202898550725
936,0.8917525773195877,0.005154639175257732,0.04639175257731959,0.05670103092783505
937,0.017964071856287425,0.8203592814371258,0.16167664670658682,0.0
938,0.08181818181818182,0.004545454545454545,0.004545454545454545,0.9090909090909091
939,0.14736842105263157,0.0,0.005263157894736842,0.8473684210526315
940,0.017964071856287425,0.8203592814371258,0.16167664670658682,0.0
941,0.0989010989010989,0.0,0.03663003663003663,0.8644688644688645
942,0.452,0.096,0.448,0.004
943,0.8917525773195877,0.005154639175257732,0.04639175257731959,0.05670103092783505
944,0.13990825688073394,0.0,0.07339449541284404,0.786697247706422
945,0.452,0.096,0.448,0.004
946,0.3072916666666667,0.16145833333333334,0.5130208333333334,0.018229166666666668
947,0.011790393013100437,0.9759825327510917,0.010917030567685589,0.0013100436681222707
948,0.39574468085106385,0.0,0.03404255319148936,0.5702127659574469
949,0.011790393013100437,0.9759825327510917,0.010917030567685589,0.0013100436681222707
950,0.8917525773195877,0.005154639175257732,0.04639175257731959,0.05670103092783505
951,0.011790393013100437,0.9759825327510917,0.010917030567685589,0.0013100436681222707
952,0.017964071856287425,0.8203592814371258,0.16167664670658682,0.0
953,0.03856749311294766,0.8650137741046832,0.09090909090909091,0.005509641873278237
954,0.452,0.096,0.448,0.004
955,0.0989010989010989,0.0,0.03663003663003663,0.8644688644688645
956,0.0,0.0,0.0,1.0
957,0.011790393013100437,0.9759825327510917,0.010917030567685589,0.0013100436681222707
958,0.3072916666666667,0.16145833333333334,0.5130208333333334,0.018229166666666668
959,0.452,0.096,0.448,0.004
960,0.13990825688073394,0.0,0.07339449541284404,0.786697247706422
961,0.22971014492753622,0.029710144927536233,0.7289855072463768,0.011594202898550725
962,0.13990825688073394,0.0,0.07339449541284404,0.786697247706422
963,0.22971014492753622,0.029710144927536233,0.7289855072463768,0.011594202898550725
964,0.011790393013100437,0.9759825327510917,0.010917030567685589,0.0013100436681222707
965,0.39574468085106385,0.0,0.03404255319148936,0.5702127659574469
966,0.21739130434782608,0.0,0.03260869565217391,0.75
967,0.22971014492753622,0.029710144927536233,0.7289855072463768,0.011594202898550725
968,0.3072916666666667,0.16145833333333334,0.5130208333333334,0.018229166666666668
969,0.011790393013100437,0.9759825327510917,0.010917030567685589,0.0013100436681222707
970,0.08181818181818182,0.004545454545454545,0.004545454545454545,0.9090909090909091
971,0.14736842105263157,0.0,0.005263157894736842,0.8473684210526315
972,0.011790393013100437,0.9759825327510917,0.010917030567685589,0.0013100436681222707
973,0.3253424657534247,0.0,0.010273972602739725,0.6643835616438356
974,0.0989010989010989,0.0,0.03663003663003663,0.8644688644688645
975,0.011790393013100437,0.9759825327510917,0.010917030567685589,0.0013100436681222707
976,0.8917525773195877,0.005154639175257732,0.04639175257731959,0.05670103092783505
977,0.3072916666666667,0.16145833333333334,0.5130208333333334,0.018229166666666668
978,0.8917525773195877,0.005154639175257732,0.04639175257731959,0.05670103092783505
979,0.22971014492753622,0.029710144927536233,0.7289855072463768,0.011594202898550725
980,0.03856749311294766,0.8650137741046832,0.09090909090909091,0.005509641873278237
981,0.011790393013100437,0.9759825327510917,0.010917030567685589,0.0013100436681222707
982,0.03856749311294766,0.8650137741046832,0.09090909090909091,0.005509641873278237
983,0.0989010989010989,0.0,0.03663003663003663,0.8644688644688645
984,0.011790393013100437,0.9759825327510917,0.010917030567685589,0.0013100436681222707
985,0.011790393013100437,0.9759825327510917,0.010917030567685589,0.0013100436681222707
986,0.011790393013100437,0.9759825327510917,0.010917030567685589,0.0013100436681222707
987,0.22971014492753622,0.029710144927536233,0.7289855072463768,0.011594202898550725
988,0.5276679841897233,0.0,0.023715415019762844,0.44861660079051385
989,0.011790393013100437,0.9759825327510917,0.010917030567685589,0.0013100436681222707
990,0.011790393013100437,0.9759825327510917,0.010917030567685589,0.0013100436681222707
991,0.0,0.0,0.0,1.0
992,0.011790393013100437,0.9759825327510917,0.010917030567685589,0.0013100436681222707
993,0.011790393013100437,0.9759825327510917,0.010917030567685589,0.0013100436681222707
994,0.011790393013100437,0.9759825327510917,0.010917030567685589,0.0013100436681222707
995,0.6956521739130435,0.08695652173913043,0.17391304347826086,0.043478260869565216
996,0.21739130434782608,0.0,0.03260869565217391,0.75
997,0.011790393013100437,0.9759825327510917,0.010917030567685589,0.0013100436681222707
998,0.03856749311294766,0.8650137741046832,0.09090909090909091,0.005509641873278237
999,1.0,0.0,0.0,0.0
1000,0.22971014492753622,0.029710144927536233,0.7289855072463768,0.011594202898550725
1001,0.22971014492753622,0.029710144927536233,0.7289855072463768,0.011594202898550725
1002,0.08181818181818182,0.004545454545454545,0.004545454545454545,0.9090909090909091
1003,0.3072916666666667,0.16145833333333334,0.5130208333333334,0.018229166666666668
1004,0.21739130434782608,0.0,0.03260869565217391,0.75
1005,0.011790393013100437,0.9759825327510917,0.010917030567685589,0.0013100436681222707
1006,0.011790393013100437,0.9759825327510917,0.010917030567685589,0.0013100436681222707
1007,0.011790393013100437,0.9759825327510917,0.010917030567685589,0.0013100436681222707
1008,0.8917525773195877,0.005154639175257732,0.04639175257731959,0.05670103092783505
1009,0.03205128205128205,0.11538461538461539,0.8461538461538461,0.00641025641025641
1010,0.011790393013100437,0.9759825327510917,0.010917030567685589,0.0013100436681222707
1011,0.8917525773195877,0.005154639175257732,0.04639175257731959,0.05670103092783505
1012,0.13990825688073394,0.0,0.07339449541284404,0.786697247706422
1013,0.0989010989010989,0.0,0.03663003663003663,0.8644688644688645
1014,0.011790393013100437,0.9759825327510917,0.010917030567685589,0.0013100436681222707
1015,0.13990825688073394,0.0,0.07339449541284404,0.786697247706422
1016,0.452,0.096,0.448,0.004
1017,0.03856749311294766,0.8650137741046832,0.09090909090909091,0.005509641873278237
1018,0.011790393013100437,0.9759825327510917,0.010917030567685589,0.0013100436681222707
1019,0.21739130434782608,0.0,0.03260869565217391,0.75
1020,0.22971014492753622,0.029710144927536233,0.7289855072463768,0.011594202898550725
1021,0.22971014492753622,0.029710144927536233,0.7289855072463768,0.011594202898550725
1022,0.39574468085106385,0.0,0.03404255319148936,0.5702127659574469
1023,0.03856749311294766,0.8650137741046832,0.09090909090909091,0.005509641873278237
1024,0.5276679841897233,0.0,0.023715415019762844,0.44861660079051385
1025,0.011790393013100437,0.9759825327510917,0.010917030567685589,0.0013100436681222707
1026,0.452,0.096,0.448,0.004
1027,0.14736842105263157,0.0,0.005263157894736842,0.8473684210526315
1028,0.011790393013100437,0.9759825327510917,0.010917030567685589,0.0013100436681222707
1029,0.011790393013100437,0.9759825327510917,0.010917030567685589,0.0013100436681222707
1030,0.011790393013100437,0.9759825327510917,0.010917030567685589,0.0013100436681222707
1031,0.03205128205128205,0.11538461538461539,0.8461538461538461,0.00641025641025641
1032,0.3103448275862069,0.6724137931034483,0.017241379310344827,0.0
1033,0.3072916666666667,0.16145833333333334,0.5130208333333334,0.018229166666666668
1034,0.22971014492753622,0.029710144927536233,0.7289855072463768,0.011594202898550725
1035,0.011790393013100437,0.9759825327510917,0.010917030567685589,0.0013100436681222707
1036,0.3072916666666667,0.16145833333333334,0.5130208333333334,0.018229166666666668
1037,0.3253424657534247,0.0,0.010273972602739725,0.6643835616438356
1038,0.0989010989010989,0.0,0.03663003663003663,0.8644688644688645
1039,0.011790393013100437,0.9759825327510917,0.010917030567685589,0.0013100436681222707
1040,0.5276679841897233,0.0,0.023715415019762844,0.44861660079051385
1041,0.22971014492753622,0.029710144927536233,0.7289855072463768,0.011594202898550725
1042,0.011790393013100437,0.9759825327510917,0.010917030567685589,0.0013100436681222707
1043,0.22971014492753622,0.029710144927536233,0.7289855072463768,0.011594202898550725
1044,0.13990825688073394,0.0,0.07339449541284404,0.786697247706422
1045,0.3253424657534247,0.0,0.010273972602739725,0.6643835616438356
1046,0.13990825688073394,0.0,0.07339449541284404,0.786697247706422
1047,0.03856749311294766,0.8650137741046832,0.09090909090909091,0.005509641873278237
1048,0.22971014492753622,0.029710144927536233,0.7289855072463768,0.011594202898550725
1049,0.8917525773195877,0.005154639175257732,0.04639175257731959,0.05670103092783505
1050,0.22971014492753622,0.029710144927536233,0.7289855072463768,0.011594202898550725
1051,0.5276679841897233,0.0,0.023715415019762844,0.44861660079051385
1052,0.22971014492753622,0.029710144927536233,0.7289855072463768,0.011594202898550725
1053,0.011790393013100437,0.9759825327510917,0.010917030567685589,0.0013100436681222707
1054,0.22971014492753622,0.029710144927536233,0.7289855072463768,0.011594202898550725
1055,0.3103448275862069,0.6724137931034483,0.017241379310344827,0.0
1056,0.14736842105263157,0.0,0.005263157894736842,0.8473684210526315
1057,0.39574468085106385,0.0,0.03404255319148936,0.5702127659574469
1058,0.03205128205128205,0.11538461538461539,0.8461538461538461,0.00641025641025641
1059,0.011790393013100437,0.9759825327510917,0.010917030567685589,0.0013100436681222707
1060,0.1111111111111111,0.3333333333333333,0.5555555555555556,0.0
1061,0.011790393013100437,0.9759825327510917,0.010917030567685589,0.0013100436681222707
1062,0.39574468085106385,0.0,0.03404255319148936,0.5702127659574469
1063,0.08974358974358974,0.5128205128205128,0.38461538461538464,0.01282051282051282
1064,0.3253424657534247,0.0,0.010273972602739725,0.6643835616438356
1065,0.22971014492753622,0.029710144927536233,0.7289855072463768,0.011594202898550725
1066,0.39574468085106385,0.0,0.03404255319148936,0.5702127659574469
1067,0.08181818181818182,0.004545454545454545,0.004545454545454545,0.9090909090909091
1068,0.011790393013100437,0.9759825327510917,0.010917030567685589,0.0013100436681222707
1069,0.21052631578947367,0.0,0.0,0.7894736842105263
1070,0.0989010989010989,0.0,0.03663003663003663,0.8644688644688645
1071,0.22971014492753622,0.029710144927536233,0.7289855072463768,0.011594202898550725
1072,0.39574468085106385,0.0,0.03404255319148936,0.5702127659574469
1073,0.22971014492753622,0.029710144927536233,0.7289855072463768,0.011594202898550725
1074,0.011790393013100437,0.9759825327510917,0.010917030567685589,0.0013100436681222707
1075,0.14736842105263157,0.0,0.005263157894736842,0.8473684210526315
1076,0.3253424657534247,0.0,0.010273972602739725,0.6643835616438356
1077,0.011790393013100437,0.9759825327510917,0.010917030567685589,0.0013100436681222707
1078,0.0989010989010989,0.0,0.03663003663003663,0.8644688644688645
1079,0.22971014492753622,0.029710144927536233,0.7289855072463768,0.011594202898550725
1080,0.5276679841897233,0.0,0.023715415019762844,0.44861660079051385
1081,0.5679012345679012,0.0,0.0,0.43209876543209874
1082,0.03856749311294766,0.8650137741046832,0.09090909090909091,0.005509641873278237
1083,0.011790393013100437,0.9759825327510917,0.010917030567685589,0.0013100436681222707
1084,0.39574468085106385,0.0,0.03404255319148936,0.5702127659574469
1085,0.21052631578947367,0.0,0.0,0.7894736842105263
1086,0.5276679841897233,0.0,0.023715415019762844,0.44861660079051385
1087,0.14736842105263157,0.0,0.005263157894736842,0.8473684210526315
1088,0.5276679841897233,0.0,0.023715415019762844,0.44861660079051385
1089,0.3072916666666667,0.16145833333333334,0.5130208333333334,0.018229166666666668
1090,0.0,0.0,0.0,1.0
1091,0.5679012345679012,0.0,0.0,0.43209876543209874
1092,0.3103448275862069,0.6724137931034483,0.017241379310344827,0.0
1093,0.22971014492753622,0.029710144927536233,0.7289855072463768,0.011594202898550725
1094,0.0989010989010989,0.0,0.03663003663003663,0.8644688644688645
1095,0.22971014492753622,0.029710144927536233,0.7289855072463768,0.011594202898550725
1096,0.03205128205128205,0.11538461538461539,0.8461538461538461,0.00641025641025641
1097,0.5276679841897233,0.0,0.023715415019762844,0.44861660079051385
1098,0.011790393013100437,0.9759825327510917,0.010917030567685589,0.0013100436681222707
1099,0.5276679841897233,0.0,0.023715415019762844,0.44861660079051385
1100,0.011790393013100437,0.9759825327510917,0.010917030567685589,0.0013100436681222707
1101,0.21739130434782608,0.0,0.03260869565217391,0.75
1102,0.22971014492753622,0.029710144927536233,0.7289855072463768,0.011594202898550725
1103,0.5276679841897233,0.0,0.023715415019762844,0.44861660079051385
1104,0.3072916666666667,0.16145833333333334,0.5130208333333334,0.018229166666666668
1105,0.22971014492753622,0.029710144927536233,0.7289855072463768,0.011594202898550725
1106,0.452,0.096,0.448,0.004
1107,0.08181818181818182,0.004545454545454545,0.004545454545454545,0.9090909090909091
1108,0.22971014492753622,0.029710144927536233,0.7289855072463768,0.011594202898550725
1109,0.22971014492753622,0.029710144927536233,0.7289855072463768,0.011594202898550725
1110,0.452,0.096,0.448,0.004
1111,0.0,0.0,0.0,1.0
1112,0.13990825688073394,0.0,0.07339449541284404,0.786697247706422
1113,0.3253424657534247,0.0,0.010273972602739725,0.6643835616438356
1114,0.22971014492753622,0.029710144927536233,0.7289855072463768,0.011594202898550725
1115,0.011790393013100437,0.9759825327510917,0.010917030567685589,0.0013100436681222707
1116,0.0989010989010989,0.0,0.03663003663003663,0.8644688644688645
1117,0.011790393013100437,0.9759825327510917,0.010917030567685589,0.0013100436681222707
1118,0.011790393013100437,0.9759825327510917,0.010917030567685589,0.0013100436681222707
1119,0.22971014492753622,0.029710144927536233,0.7289855072463768,0.011594202898550725
1120,0.5276679841897233,0.0,0.023715415019762844,0.44861660079051385
1121,0.011790393013100437,0.9759825327510917,0.010917030567685589,0.0013100436681222707
1122,0.011790393013100437,0.9759825327510917,0.010917030567685589,0.0013100436681222707
1123,0.011790393013100437,0.9759825327510917,0.010917030567685589,0.0013100436681222707
1124,0.011790393013100437,0.9759825327510917,0.010917030567685589,0.0013100436681222707
1125,0.0989010989010989,0.0,0.03663003663003663,0.8644688644688645
1126,0.011790393013100437,0.9759825327510917,0.010917030567685589,0.0013100436681222707
1127,0.011790393013100437,0.9759825327510917,0.010917030567685589,0.0013100436681222707
1128,0.011790393013100437,0.9759825327510917,0.010917030567685589,0.0013100436681222707
1129,0.03856749311294766,0.8650137741046832,0.09090909090909091,0.005509641873278237
1130,0.011790393013100437,0.9759825327510917,0.010917030567685589,0.0013100436681222707
1131,0.13990825688073394,0.0,0.07339449541284404,0.786697247706422
1132,0.3072916666666667,0.16145833333333334,0.5130208333333334,0.018229166666666668
1133,0.22971014492753622,0.029710144927536233,0.7289855072463768,0.011594202898550725
1134,0.017964071856287425,0.8203592814371258,0.16167664670658682,0.0
1135,0.3103448275862069,0.6724137931034483,0.017241379310344827,0.0
1136,0.3072916666666667,0.16145833333333334,0.5130208333333334,0.018229166666666668
1137,0.3103448275862069,0.6724137931034483,0.017241379310344827,0.0
1138,0.22971014492753622,0.029710144927536233,0.7289855072463768,0.011594202898550725
1139,0.22971014492753622,0.029710144927536233,0.7289855072463768,0.011594202898550725
1140,0.08181818181818182,0.004545454545454545,0.004545454545454545,0.9090909090909091
1141,0.5276679841897233,0.0,0.023715415019762844,0.44861660079051385
1142,0.3072916666666667,0.16145833333333334,0.5130208333333334,0.018229166666666668
1143,0.9032258064516129,0.0,0.03225806451612903,0.06451612903225806
1144,0.452,0.096,0.448,0.004
1145,0.3072916666666667,0.16145833333333334,0.5130208333333334,0.018229166666666668
1146,0.22971014492753622,0.029710144927536233,0.7289855072463768,0.011594202898550725
1147,0.14736842105263157,0.0,0.005263157894736842,0.8473684210526315
1148,0.0,0.0,0.0,1.0
1149,0.011790393013100437,0.9759825327510917,0.010917030567685589,0.0013100436681222707
1150,0.21052631578947367,0.0,0.0,0.7894736842105263
1151,0.39574468085106385,0.0,0.03404255319148936,0.5702127659574469
1152,0.5276679841897233,0.0,0.023715415019762844,0.44861660079051385
1153,0.22971014492753622,0.029710144927536233,0.7289855072463768,0.011594202898550725
1154,0.03856749311294766,0.8650137741046832,0.09090909090909091,0.005509641873278237
1155,0.011790393013100437,0.9759825327510917,0.010917030567685589,0.0013100436681222707
1156,0.22971014492753622,0.029710144927536233,0.7289855072463768,0.011594202898550725
1157,0.13990825688073394,0.0,0.07339449541284404,0.786697247706422
1158,0.011790393013100437,0.9759825327510917,0.010917030567685589,0.0013100436681222707
1159,0.3253424657534247,0.0,0.010273972602739725,0.6643835616438356
1160,0.13990825688073394,0.0,0.07339449541284404,0.786697247706422
1161,0.3103448275862069,0.6724137931034483,0.017241379310344827,0.0
1162,0.011790393013100437,0.9759825327510917,0.010917030567685589,0.0013100436681222707
1163,0.011790393013100437,0.9759825327510917,0.010917030567685589,0.0013100436681222707
1164,0.011790393013100437,0.9759825327510917,0.010917030567685589,0.0013100436681222707
1165,0.011790393013100437,0.9759825327510917,0.010917030567685589,0.0013100436681222707
1166,0.22971014492753622,0.029710144927536233,0.7289855072463768,0.011594202898550725
1167,0.011790393013100437,0.9759825327510917,0.010917030567685589,0.0013100436681222707
1168,0.3253424657534247,0.0,0.010273972602739725,0.6643835616438356
1169,0.0989010989010989,0.0,0.03663003663003663,0.8644688644688645
1170,0.5276679841897233,0.0,0.023715415019762844,0.44861660079051385
1171,0.21739130434782608,0.0,0.03260869565217391,0.75
1172,0.5276679841897233,0.0,0.023715415019762844,0.44861660079051385
1173,0.8917525773195877,0.005154639175257732,0.04639175257731959,0.05670103092783505
1174,0.5679012345679012,0.0,0.0,0.43209876543209874
1175,0.075,0.2,0.725,0.0
1176,0.011790393013100437,0.9759825327510917,0.010917030567685589,0.0013100436681222707
1177,0.8917525773195877,0.005154639175257732,0.04639175257731959,0.05670103092783505
1178,0.21052631578947367,0.0,0.0,0.7894736842105263
1179,0.13990825688073394,0.0,0.07339449541284404,0.786697247706422
1180,0.8917525773195877,0.005154639175257732,0.04639175257731959,0.05670103092783505
1181,0.22971014492753622,0.029710144927536233,0.7289855072463768,0.011594202898550725
1182,0.3072916666666667,0.16145833333333334,0.5130208333333334,0.018229166666666668
1183,0.13990825688073394,0.0,0.07339449541284404,0.786697247706422
1184,0.21739130434782608,0.0,0.03260869565217391,0.75
1185,0.22971014492753622,0.029710144927536233,0.7289855072463768,0.011594202898550725
1186,0.3103448275862069,0.6724137931034483,0.017241379310344827,0.0
1187,0.3072916666666667,0.16145833333333334,0.5130208333333334,0.018229166666666668
1188,0.011790393013100437,0.9759825327510917,0.010917030567685589,0.0013100436681222707
1189,0.3103448275862069,0.6724137931034483,0.017241379310344827,0.0
1190,0.5276679841897233,0.0,0.023715415019762844,0.44861660079051385
1191,0.011790393013100437,0.9759825327510917,0.010917030567685589,0.0013100436681222707
1192,0.22971014492753622,0.029710144927536233,0.7289855072463768,0.011594202898550725
1193,0.22971014492753622,0.029710144927536233,0.7289855072463768,0.011594202898550725
1194,0.22971014492753622,0.029710144927536233,0.7289855072463768,0.011594202898550725
1195,0.011790393013100437,0.9759825327510917,0.010917030567685589,0.0013100436681222707
1196,0.3253424657534247,0.0,0.010273972602739725,0.6643835616438356
1197,0.011790393013100437,0.9759825327510917,0.010917030567685589,0.0013100436681222707
1198,0.6956521739130435,0.08695652173913043,0.17391304347826086,0.043478260869565216
1199,0.075,0.2,0.725,0.0
1200,0.011790393013100437,0.9759825327510917,0.010917030567685589,0.0013100436681222707
1201,0.011790393013100437,0.9759825327510917,0.010917030567685589,0.0013100436681222707
1202,0.011790393013100437,0.9759825327510917,0.010917030567685589,0.0013100436681222707
1203,0.011790393013100437,0.9759825327510917,0.010917030567685589,0.0013100436681222707
1204,0.011790393013100437,0.9759825327510917,0.010917030567685589,0.0013100436681222707
1205,0.6724137931034483,0.008620689655172414,0.2413793103448276,0.07758620689655173
1206,0.22971014492753622,0.029710144927536233,0.7289855072463768,0.011594202898550725
1207,0.017964071856287425,0.8203592814371258,0.16167664670658682,0.0
1208,0.13990825688073394,0.0,0.07339449541284404,0.786697247706422
1209,0.13990825688073394,0.0,0.07339449541284404,0.786697247706422
1210,0.452,0.096,0.448,0.004
1211,0.6724137931034483,0.008620689655172414,0.2413793103448276,0.07758620689655173
1212,0.5276679841897233,0.0,0.023715415019762844,0.44861660079051385
1213,0.03856749311294766,0.8650137741046832,0.09090909090909091,0.005509641873278237
1214,0.0989010989010989,0.0,0.03663003663003663,0.8644688644688645
1215,0.3072916666666667,0.16145833333333334,0.5130208333333334,0.018229166666666668
1216,0.22971014492753622,0.029710144927536233,0.7289855072463768,0.011594202898550725
1217,0.39574468085106385,0.0,0.03404255319148936,0.5702127659574469
1218,0.22971014492753622,0.029710144927536233,0.7289855072463768,0.011594202898550725
1219,0.011790393013100437,0.9759825327510917,0.010917030567685589,0.0013100436681222707
1220,0.39574468085106385,0.0,0.03404255319148936,0.5702127659574469
1221,0.5276679841897233,0.0,0.023715415019762844,0.44861660079051385
1222,0.03205128205128205,0.11538461538461539,0.8461538461538461,0.00641025641025641
1223,0.011790393013100437,0.9759825327510917,0.010917030567685589,0.0013100436681222707
1224,0.42857142857142855,0.42857142857142855,0.14285714285714285,0.0
1225,0.011790393013100437,0.9759825327510917,0.010917030567685589,0.0013100436681222707
1226,0.42105263157894735,0.0,0.15789473684210525,0.42105263157894735
1227,0.011790393013100437,0.9759825327510917,0.010917030567685589,0.0013100436681222707
1228,0.14736842105263157,0.0,0.005263157894736842,0.8473684210526315
1229,0.011790393013100437,0.9759825327510917,0.010917030567685589,0.0013100436681222707
1230,0.011790393013100437,0.9759825327510917,0.010917030567685589,0.0013100436681222707
1231,0.08181818181818182,0.004545454545454545,0.004545454545454545,0.9090909090909091
1232,0.011790393013100437,0.9759825327510917,0.010917030567685589,0.0013100436681222707
1233,0.011790393013100437,0.9759825327510917,0.010917030567685589,0.0013100436681222707
1234,0.21052631578947367,0.0,0.0,0.7894736842105263
1235,0.03856749311294766,0.8650137741046832,0.09090909090909091,0.005509641873278237
1236,0.011790393013100437,0.9759825327510917,0.010917030567685589,0.0013100436681222707
1237,0.22971014492753622,0.029710144927536233,0.7289855072463768,0.011594202898550725
1238,0.22971014492753622,0.029710144927536233,0.7289855072463768,0.011594202898550725
1239,0.22971014492753622,0.029710144927536233,0.7289855072463768,0.011594202898550725
1240,0.3253424657534247,0.0,0.010273972602739725,0.6643835616438356
1241,0.5276679841897233,0.0,0.023715415019762844,0.44861660079051385
1242,0.011790393013100437,0.9759825327510917,0.010917030567685589,0.0013100436681222707
1243,0.22971014492753622,0.029710144927536233,0.7289855072463768,0.011594202898550725
1244,0.14736842105263157,0.0,0.005263157894736842,0.8473684210526315
1245,0.011790393013100437,0.9759825327510917,0.010917030567685589,0.0013100436681222707
1246,0.011790393013100437,0.9759825327510917,0.010917030567685589,0.0013100436681222707
1247,0.8917525773195877,0.005154639175257732,0.04639175257731959,0.05670103092783505
1248,0.011790393013100437,0.9759825327510917,0.010917030567685589,0.0013100436681222707
1249,0.39574468085106385,0.0,0.03404255319148936,0.5702127659574469
1250,0.14736842105263157,0.0,0.005263157894736842,0.8473684210526315
1251,0.6956521739130435,0.08695652173913043,0.17391304347826086,0.043478260869565216
1252,0.8917525773195877,0.005154639175257732,0.04639175257731959,0.05670103092783505
1253,0.3253424657534247,0.0,0.010273972602739725,0.6643835616438356
1254,0.075,0.2,0.725,0.0
1255,0.22971014492753622,0.029710144927536233,0.7289855072463768,0.011594202898550725
1256,0.0,1.0,0.0,0.0
1257,0.011790393013100437,0.9759825327510917,0.010917030567685589,0.0013100436681222707
1258,0.22971014492753622,0.029710144927536233,0.7289855072463768,0.011594202898550725
1259,0.13990825688073394,0.0,0.07339449541284404,0.786697247706422
1260,0.22971014492753622,0.029710144927536233,0.7289855072463768,0.011594202898550725
1261,0.011790393013100437,0.9759825327510917,0.010917030567685589,0.0013100436681222707
1262,0.011790393013100437,0.9759825327510917,0.010917030567685589,0.0013100436681222707
1263,0.14736842105263157,0.0,0.005263157894736842,0.8473684210526315
1264,0.03205128205128205,0.11538461538461539,0.8461538461538461,0.00641025641025641
1265,0.011790393013100437,0.9759825327510917,0.010917030567685589,0.0013100436681222707
1266,0.22971014492753622,0.029710144927536233,0.7289855072463768,0.011594202898550725
1267,0.452,0.096,0.448,0.004
1268,0.011790393013100437,0.9759825327510917,0.010917030567685589,0.0013100436681222707
1269,0.011790393013100437,0.9759825327510917,0.010917030567685589,0.0013100436681222707
1270,0.452,0.096,0.448,0.004
1271,0.39574468085106385,0.0,0.03404255319148936,0.5702127659574469
1272,0.017964071856287425,0.8203592814371258,0.16167664670658682,0.0
1273,0.3072916666666667,0.16145833333333334,0.5130208333333334,0.018229166666666668
1274,0.0989010989010989,0.0,0.03663003663003663,0.8644688644688645
1275,0.14736842105263157,0.0,0.005263157894736842,0.8473684210526315
1276,0.03205128205128205,0.11538461538461539,0.8461538461538461,0.00641025641025641
1277,0.011790393013100437,0.9759825327510917,0.010917030567685589,0.0013100436681222707
1278,0.3103448275862069,0.6724137931034483,0.017241379310344827,0.0
1279,0.011790393013100437,0.9759825327510917,0.010917030567685589,0.0013100436681222707
1280,0.6956521739130435,0.08695652173913043,0.17391304347826086,0.043478260869565216
1281,0.3072916666666667,0.16145833333333334,0.5130208333333334,0.018229166666666668
1282,0.22971014492753622,0.029710144927536233,0.7289855072463768,0.011594202898550725
1283,0.0989010989010989,0.0,0.03663003663003663,0.8644688644688645
1284,0.0989010989010989,0.0,0.03663003663003663,0.8644688644688645
1285,0.3253424657534247,0.0,0.010273972602739725,0.6643835616438356
1286,0.011790393013100437,0.9759825327510917,0.010917030567685589,0.0013100436681222707
1287,0.22971014492753622,0.029710144927536233,0.7289855072463768,0.011594202898550725
1288,0.6724137931034483,0.008620689655172414,0.2413793103448276,0.07758620689655173
1289,0.011790393013100437,0.9759825327510917,0.010917030567685589,0.0013100436681222707
1290,0.6956521739130435,0.08695652173913043,0.17391304347826086,0.043478260869565216
1291,0.011790393013100437,0.9759825327510917,0.010917030567685589,0.0013100436681222707
1292,0.0,1.0,0.0,0.0
1293,0.22971014492753622,0.029710144927536233,0.7289855072463768,0.011594202898550725
1294,0.3072916666666667,0.16145833333333334,0.5130208333333334,0.018229166666666668
1295,0.6724137931034483,0.008620689655172414,0.2413793103448276,0.07758620689655173
1296,0.03205128205128205,0.11538461538461539,0.8461538461538461,0.00641025641025641
1297,0.42105263157894735,0.0,0.15789473684210525,0.42105263157894735
1298,0.017964071856287425,0.8203592814371258,0.16167664670658682,0.0
1299,0.22971014492753622,0.029710144927536233,0.7289855072463768,0.011594202898550725
1300,0.8917525773195877,0.005154639175257732,0.04639175257731959,0.05670103092783505
1301,0.03856749311294766,0.8650137741046832,0.09090909090909091,0.005509641873278237
1302,0.3253424657534247,0.0,0.010273972602739725,0.6643835616438356
1303,0.13990825688073394,0.0,0.07339449541284404,0.786697247706422
1304,0.14736842105263157,0.0,0.005263157894736842,0.8473684210526315
1305,0.011790393013100437,0.9759825327510917,0.010917030567685589,0.0013100436681222707
1306,0.08181818181818182,0.004545454545454545,0.004545454545454545,0.9090909090909091
1307,0.22971014492753622,0.029710144927536233,0.7289855072463768,0.011594202898550725
1308,0.13990825688073394,0.0,0.07339449541284404,0.786697247706422
1309,0.452,0.096,0.448,0.004
1310,0.5306122448979592,0.4489795918367347,0.0,0.02040816326530612
1311,0.011790393013100437,0.9759825327510917,0.010917030567685589,0.0013100436681222707
1312,0.8,0.2,0.0,0.0
1313,0.5276679841897233,0.0,0.023715415019762844,0.44861660079051385
1314,0.011790393013100437,0.9759825327510917,0.010917030567685589,0.0013100436681222707
1315,0.08974358974358974,0.5128205128205128,0.38461538461538464,0.01282051282051282
1316,0.011790393013100437,0.9759825327510917,0.010917030567685589,0.0013100436681222707
1317,0.011790393013100437,0.9759825327510917,0.010917030567685589,0.0013100436681222707
1318,0.011790393013100437,0.9759825327510917,0.010917030567685589,0.0013100436681222707
1319,0.22971014492753622,0.029710144927536233,0.7289855072463768,0.011594202898550725
1320,0.22971014492753622,0.029710144927536233,0.7289855072463768,0.011594202898550725
1321,0.3253424657534247,0.0,0.010273972602739725,0.6643835616438356
1322,0.08181818181818182,0.004545454545454545,0.004545454545454545,0.9090909090909091
1323,0.22971014492753622,0.029710144927536233,0.7289855072463768,0.011594202898550725
1324,0.011790393013100437,0.9759825327510917,0.010917030567685589,0.0013100436681222707
1325,0.011790393013100437,0.9759825327510917,0.010917030567685589,0.0013100436681222707
1326,0.13990825688073394,0.0,0.07339449541284404,0.786697247706422
1327,0.011790393013100437,0.9759825327510917,0.010917030567685589,0.0013100436681222707
1328,0.22971014492753622,0.029710144927536233,0.7289855072463768,0.011594202898550725
1329,0.011790393013100437,0.9759825327510917,0.010917030567685589,0.0013100436681222707
1330,0.03856749311294766,0.8650137741046832,0.09090909090909091,0.005509641873278237
1331,0.22971014492753622,0.029710144927536233,0.7289855072463768,0.011594202898550725
1332,0.011790393013100437,0.9759825327510917,0.010917030567685589,0.0013100436681222707
1333,0.011790393013100437,0.9759825327510917,0.010917030567685589,0.0013100436681222707
1334,0.6724137931034483,0.008620689655172414,0.2413793103448276,0.07758620689655173
1335,0.011790393013100437,0.9759825327510917,0.010917030567685589,0.0013100436681222707
1336,0.22971014492753622,0.029710144927536233,0.7289855072463768,0.011594202898550725
1337,0.5679012345679012,0.0,0.0,0.43209876543209874
1338,0.22971014492753622,0.029710144927536233,0.7289855072463768,0.011594202898550725
1339,0.011790393013100437,0.9759825327510917,0.010917030567685589,0.0013100436681222707
1340,0.5276679841897233,0.0,0.023715415019762844,0.44861660079051385
1341,0.03856749311294766,0.8650137741046832,0.09090909090909091,0.005509641873278237
1342,0.03856749311294766,0.8650137741046832,0.09090909090909091,0.005509641873278237
1343,0.08181818181818182,0.004545454545454545,0.004545454545454545,0.9090909090909091
1344,0.22971014492753622,0.029710144927536233,0.7289855072463768,0.011594202898550725
1345,0.011790393013100437,0.9759825327510917,0.010917030567685589,0.0013100436681222707
1346,0.011790393013100437,0.9759825327510917,0.010917030567685589,0.0013100436681222707
1347,0.011790393013100437,0.9759825327510917,0.010917030567685589,0.0013100436681222707
1348,0.011790393013100437,0.9759825327510917,0.010917030567685589,0.0013100436681222707
1349,0.011790393013100437,0.9759825327510917,0.010917030567685589,0.0013100436681222707
1350,0.6724137931034483,0.008620689655172414,0.2413793103448276,0.07758620689655173
1351,0.14736842105263157,0.0,0.005263157894736842,0.8473684210526315
1352,0.22971014492753622,0.029710144927536233,0.7289855072463768,0.011594202898550725
1353,0.452,0.096,0.448,0.004
1354,0.011790393013100437,0.9759825327510917,0.010917030567685589,0.0013100436681222707
1355,0.011790393013100437,0.9759825327510917,0.010917030567685589,0.0013100436681222707
1356,0.0,0.896551724137931,0.10344827586206896,0.0
1357,0.3072916666666667,0.16145833333333334,0.5130208333333334,0.018229166666666668
1358,0.3072916666666667,0.16145833333333334,0.5130208333333334,0.018229166666666668
1359,0.5679012345679012,0.0,0.0,0.43209876543209874
1360,0.22971014492753622,0.029710144927536233,0.7289855072463768,0.011594202898550725
1361,0.011790393013100437,0.9759825327510917,0.010917030567685589,0.0013100436681222707
1362,0.08974358974358974,0.5128205128205128,0.38461538461538464,0.01282051282051282
1363,0.0989010989010989,0.0,0.03663003663003663,0.8644688644688645
1364,0.0,1.0,0.0,0.0
1365,0.011790393013100437,0.9759825327510917,0.010917030567685589,0.0013100436681222707
1366,0.011790393013100437,0.9759825327510917,0.010917030567685589,0.0013100436681222707
1367,0.011790393013100437,0.9759825327510917,0.010917030567685589,0.0013100436681222707
1368,0.22971014492753622,0.029710144927536233,0.7289855072463768,0.011594202898550725
1369,0.03856749311294766,0.8650137741046832,0.09090909090909091,0.005509641873278237
1370,0.3072916666666667,0.16145833333333334,0.5130208333333334,0.018229166666666668
1371,0.22971014492753622,0.029710144927536233,0.7289855072463768,0.011594202898550725
1372,0.0989010989010989,0.0,0.03663003663003663,0.8644688644688645
1373,0.5276679841897233,0.0,0.023715415019762844,0.44861660079051385
1374,0.011790393013100437,0.9759825327510917,0.010917030567685589,0.0013100436681222707
1375,0.452,0.096,0.448,0.004
1376,0.3103448275862069,0.6724137931034483,0.017241379310344827,0.0
1377,0.011790393013100437,0.9759825327510917,0.010917030567685589,0.0013100436681222707
1378,0.13990825688073394,0.0,0.07339449541284404,0.786697247706422
1379,0.0,0.0,0.0,1.0
1380,0.14736842105263157,0.0,0.005263157894736842,0.8473684210526315
1381,0.011790393013100437,0.9759825327510917,0.010917030567685589,0.0013100436681222707
1382,0.5276679841897233,0.0,0.023715415019762844,0.44861660079051385
1383,0.14736842105263157,0.0,0.005263157894736842,0.8473684210526315
1384,0.6724137931034483,0.008620689655172414,0.2413793103448276,0.07758620689655173
1385,0.5276679841897233,0.0,0.023715415019762844,0.44861660079051385
1386,0.14736842105263157,0.0,0.005263157894736842,0.8473684210526315
1387,0.8917525773195877,0.005154639175257732,0.04639175257731959,0.05670103092783505
1388,1.0,0.0,0.0,0.0
1389,0.22971014492753622,0.029710144927536233,0.7289855072463768,0.011594202898550725
1390,0.3072916666666667,0.16145833333333334,0.5130208333333334,0.018229166666666668
1391,0.22971014492753622,0.029710144927536233,0.7289855072463768,0.011594202898550725
1392,0.011790393013100437,0.9759825327510917,0.010917030567685589,0.0013100436681222707
1393,0.011790393013100437,0.9759825327510917,0.010917030567685589,0.0013100436681222707
1394,0.22971014492753622,0.029710144927536233,0.7289855072463768,0.011594202898550725
1395,0.22971014492753622,0.029710144927536233,0.7289855072463768,0.011594202898550725
1396,0.22971014492753622,0.029710144927536233,0.7289855072463768,0.011594202898550725
1397,0.0,0.0,0.0,1.0
1398,0.011790393013100437,0.9759825327510917,0.010917030567685589,0.0013100436681222707
1399,0.011790393013100437,0.9759825327510917,0.010917030567685589,0.0013100436681222707
1400,0.3253424657534247,0.0,0.010273972602739725,0.6643835616438356
1401,0.3072916666666667,0.16145833333333334,0.5130208333333334,0.018229166666666668
1402,0.03205128205128205,0.11538461538461539,0.8461538461538461,0.00641025641025641
1403,0.011790393013100437,0.9759825327510917,0.010917030567685589,0.0013100436681222707
1404,0.011790393013100437,0.9759825327510917,0.010917030567685589,0.0013100436681222707
1405,0.011790393013100437,0.9759825327510917,0.010917030567685589,0.0013100436681222707
1406,0.03856749311294766,0.8650137741046832,0.09090909090909091,0.005509641873278237
1407,0.011790393013100437,0.9759825327510917,0.010917030567685589,0.0013100436681222707
1408,0.39574468085106385,0.0,0.03404255319148936,0.5702127659574469
1409,0.21052631578947367,0.0,0.0,0.7894736842105263
1410,0.011790393013100437,0.9759825327510917,0.010917030567685589,0.0013100436681222707
1411,0.011790393013100437,0.9759825327510917,0.010917030567685589,0.0013100436681222707
1412,0.8917525773195877,0.005154639175257732,0.04639175257731959,0.05670103092783505
1413,0.22971014492753622,0.029710144927536233,0.7289855072463768,0.011594202898550725
1414,0.0989010989010989,0.0,0.03663003663003663,0.8644688644688645
1415,0.8917525773195877,0.005154639175257732,0.04639175257731959,0.05670103092783505
1416,0.22971014492753622,0.029710144927536233,0.7289855072463768,0.011594202898550725
1417,0.011790393013100437,0.9759825327510917,0.010917030567685589,0.0013100436681222707
1418,0.22971014492753622,0.029710144927536233,0.7289855072463768,0.011594202898550725
1419,0.39574468085106385,0.0,0.03404255319148936,0.5702127659574469
1420,0.22971014492753622,0.029710144927536233,0.7289855072463768,0.011594202898550725
1421,0.011790393013100437,0.9759825327510917,0.010917030567685589,0.0013100436681222707
1422,0.011790393013100437,0.9759825327510917,0.010917030567685589,0.0013100436681222707
1423,0.017964071856287425,0.8203592814371258,0.16167664670658682,0.0
1424,0.5679012345679012,0.0,0.0,0.43209876543209874
1425,0.13990825688073394,0.0,0.07339449541284404,0.786697247706422
1426,0.03856749311294766,0.8650137741046832,0.09090909090909091,0.005509641873278237
1427,0.011790393013100437,0.9759825327510917,0.010917030567685589,0.0013100436681222707
1428,0.5276679841897233,0.0,0.023715415019762844,0.44861660079051385
1429,0.22971014492753622,0.029710144927536233,0.7289855072463768,0.011594202898550725
1430,0.8917525773195877,0.005154639175257732,0.04639175257731959,0.05670103092783505
1431,0.03205128205128205,0.11538461538461539,0.8461538461538461,0.00641025641025641
1432,0.3072916666666667,0.16145833333333334,0.5130208333333334,0.018229166666666668
1433,0.22971014492753622,0.029710144927536233,0.7289855072463768,0.011594202898550725
1434,0.011790393013100437,0.9759825327510917,0.010917030567685589,0.0013100436681222707
1435,0.13990825688073394,0.0,0.07339449541284404,0.786697247706422
1436,0.011790393013100437,0.9759825327510917,0.010917030567685589,0.0013100436681222707
1437,0.22971014492753622,0.029710144927536233,0.7289855072463768,0.011594202898550725
1438,0.452,0.096,0.448,0.004
1439,0.22971014492753622,0.029710144927536233,0.7289855072463768,0.011594202898550725
1440,0.011790393013100437,0.9759825327510917,0.010917030567685589,0.0013100436681222707
1441,0.5276679841897233,0.0,0.023715415019762844,0.44861660079051385
1442,0.011790393013100437,0.9759825327510917,0.010917030567685589,0.0013100436681222707
1443,0.08181818181818182,0.004545454545454545,0.004545454545454545,0.9090909090909091
1444,0.011790393013100437,0.9759825327510917,0.010917030567685589,0.0013100436681222707
1445,0.0,1.0,0.0,0.0
1446,0.22971014492753622,0.029710144927536233,0.7289855072463768,0.011594202898550725
1447,0.0989010989010989,0.0,0.03663003663003663,0.8644688644688645
1448,0.011790393013100437,0.9759825327510917,0.010917030567685589,0.0013100436681222707
1449,0.02631578947368421,0.0,0.10526315789473684,0.868421052631579
1450,0.011790393013100437,0.9759825327510917,0.010917030567685589,0.0013100436681222707
1451,0.017964071856287425,0.8203592814371258,0.16167664670658682,0.0
1452,0.011790393013100437,0.9759825327510917,0.010917030567685589,0.0013100436681222707
1453,0.13990825688073394,0.0,0.07339449541284404,0.786697247706422
1454,0.0,0.0,0.0,1.0
1455,0.14736842105263157,0.0,0.005263157894736842,0.8473684210526315
1456,0.011790393013100437,0.9759825327510917,0.010917030567685589,0.0013100436681222707
1457,0.13990825688073394,0.0,0.07339449541284404,0.786697247706422
1458,0.011790393013100437,0.9759825327510917,0.010917030567685589,0.0013100436681222707
1459,0.011790393013100437,0.9759825327510917,0.010917030567685589,0.0013100436681222707
1460,0.011790393013100437,0.9759825327510917,0.010917030567685589,0.0013100436681222707
1461,0.011790393013100437,0.9759825327510917,0.010917030567685589,0.0013100436681222707
1462,0.22971014492753622,0.029710144927536233,0.7289855072463768,0.011594202898550725
1463,0.22971014492753622,0.029710144927536233,0.7289855072463768,0.011594202898550725
1464,0.3253424657534247,0.0,0.010273972602739725,0.6643835616438356
1465,0.3253424657534247,0.0,0.010273972602739725,0.6643835616438356
1466,0.5276679841897233,0.0,0.023715415019762844,0.44861660079051385
1467,0.5276679841897233,0.0,0.023715415019762844,0.44861660079051385
1468,0.011790393013100437,0.9759825327510917,0.010917030567685589,0.0013100436681222707
1469,0.452,0.096,0.448,0.004
1470,0.2222222222222222,0.4888888888888889,0.28888888888888886,0.0
1471,0.011790393013100437,0.9759825327510917,0.010917030567685589,0.0013100436681222707
1472,0.22971014492753622,0.029710144927536233,0.7289855072463768,0.011594202898550725
1473,0.03856749311294766,0.8650137741046832,0.09090909090909091,0.005509641873278237
1474,0.3103448275862069,0.6724137931034483,0.017241379310344827,0.0
1475,0.08181818181818182,0.004545454545454545,0.004545454545454545,0.9090909090909091
1476,0.011790393013100437,0.9759825327510917,0.010917030567685589,0.0013100436681222707
1477,0.03205128205128205,0.11538461538461539,0.8461538461538461,0.00641025641025641
1478,0.2222222222222222,0.4888888888888889,0.28888888888888886,0.0
1479,0.011790393013100437,0.9759825327510917,0.010917030567685589,0.0013100436681222707
1480,0.3072916666666667,0.16145833333333334,0.5130208333333334,0.018229166666666668
1481,0.03856749311294766,0.8650137741046832,0.09090909090909091,0.005509641873278237
1482,0.39574468085106385,0.0,0.03404255319148936,0.5702127659574469
1483,0.011790393013100437,0.9759825327510917,0.010917030567685589,0.0013100436681222707
1484,0.5276679841897233,0.0,0.023715415019762844,0.44861660079051385
1485,0.5862068965517241,0.11494252873563218,0.26436781609195403,0.034482758620689655
1486,0.22971014492753622,0.029710144927536233,0.7289855072463768,0.011594202898550725
1487,0.011790393013100437,0.9759825327510917,0.010917030567685589,0.0013100436681222707
1488,0.22971014492753622,0.029710144927536233,0.7289855072463768,0.011594202898550725
1489,0.22971014492753622,0.029710144927536233,0.7289855072463768,0.011594202898550725
1490,0.39574468085106385,0.0,0.03404255319148936,0.5702127659574469
1491,0.22971014492753622,0.029710144927536233,0.7289855072463768,0.011594202898550725
1492,0.5276679841897233,0.0,0.023715415019762844,0.44861660079051385
1493,0.03856749311294766,0.8650137741046832,0.09090909090909091,0.005509641873278237
1494,0.0,0.0,0.0,1.0
1495,0.39574468085106385,0.0,0.03404255319148936,0.5702127659574469
1496,0.3072916666666667,0.16145833333333334,0.5130208333333334,0.018229166666666668
1497,0.5276679841897233,0.0,0.023715415019762844,0.44861660079051385
1498,0.011790393013100437,0.9759825327510917,0.010917030567685589,0.0013100436681222707
1499,0.21052631578947367,0.0,0.0,0.7894736842105263
1500,0.14736842105263157,0.0,0.005263157894736842,0.8473684210526315
1501,0.6724137931034483,0.008620689655172414,0.2413793103448276,0.07758620689655173
1502,0.13990825688073394,0.0,0.07339449541284404,0.786697247706422
1503,0.6724137931034483,0.008620689655172414,0.2413793103448276,0.07758620689655173
1504,0.011790393013100437,0.9759825327510917,0.010917030567685589,0.0013100436681222707
1505,0.011790393013100437,0.9759825327510917,0.010917030567685589,0.0013100436681222707
1506,0.13990825688073394,0.0,0.07339449541284404,0.786697247706422
1507,0.3072916666666667,0.16145833333333334,0.5130208333333334,0.018229166666666668
1508,0.13990825688073394,0.0,0.07339449541284404,0.786697247706422
1509,0.5276679841897233,0.0,0.023715415019762844,0.44861660079051385
1510,0.011790393013100437,0.9759825327510917,0.010917030567685589,0.0013100436681222707
1511,0.011790393013100437,0.9759825327510917,0.010917030567685589,0.0013100436681222707
1512,0.011790393013100437,0.9759825327510917,0.010917030567685589,0.0013100436681222707
1513,0.3072916666666667,0.16145833333333334,0.5130208333333334,0.018229166666666668
1514,0.22971014492753622,0.029710144927536233,0.7289855072463768,0.011594202898550725
1515,0.22971014492753622,0.029710144927536233,0.7289855072463768,0.011594202898550725
1516,0.5276679841897233,0.0,0.023715415019762844,0.44861660079051385
1517,0.011790393013100437,0.9759825327510917,0.010917030567685589,0.0013100436681222707
1518,0.0,0.0,0.0,1.0
1519,0.3253424657534247,0.0,0.010273972602739725,0.6643835616438356
1520,0.13990825688073394,0.0,0.07339449541284404,0.786697247706422
1521,0.13990825688073394,0.0,0.07339449541284404,0.786697247706422
1522,0.011790393013100437,0.9759825327510917,0.010917030567685589,0.0013100436681222707
1523,0.39574468085106385,0.0,0.03404255319148936,0.5702127659574469
1524,0.8917525773195877,0.005154639175257732,0.04639175257731959,0.05670103092783505
1525,0.22971014492753622,0.029710144927536233,0.7289855072463768,0.011594202898550725
1526,0.011790393013100437,0.9759825327510917,0.010917030567685589,0.0013100436681222707
1527,0.011790393013100437,0.9759825327510917,0.010917030567685589,0.0013100436681222707
1528,1.0,0.0,0.0,0.0
1529,0.3253424657534247,0.0,0.010273972602739725,0.6643835616438356
1530,0.3253424657534247,0.0,0.010273972602739725,0.6643835616438356
1531,0.22971014492753622,0.029710144927536233,0.7289855072463768,0.011594202898550725
1532,0.452,0.096,0.448,0.004
1533,0.5276679841897233,0.0,0.023715415019762844,0.44861660079051385
1534,0.011790393013100437,0.9759825327510917,0.010917030567685589,0.0013100436681222707
1535,0.011790393013100437,0.9759825327510917,0.010917030567685589,0.0013100436681222707
1536,0.5276679841897233,0.0,0.023715415019762844,0.44861660079051385
1537,0.22971014492753622,0.029710144927536233,0.7289855072463768,0.011594202898550725
1538,0.5276679841897233,0.0,0.023715415019762844,0.44861660079051385
1539,0.5276679841897233,0.0,0.023715415019762844,0.44861660079051385
1540,0.011790393013100437,0.9759825327510917,0.010917030567685589,0.0013100436681222707
1541,0.22971014492753622,0.029710144927536233,0.7289855072463768,0.011594202898550725
1542,0.0,0.896551724137931,0.10344827586206896,0.0
1543,0.13990825688073394,0.0,0.07339449541284404,0.786697247706422
1544,0.011790393013100437,0.9759825327510917,0.010917030567685589,0.0013100436681222707
1545,0.0,1.0,0.0,0.0
1546,0.03856749311294766,0.8650137741046832,0.09090909090909091,0.005509641873278237
1547,0.39574468085106385,0.0,0.03404255319148936,0.5702127659574469
1548,0.5679012345679012,0.0,0.0,0.43209876543209874
1549,0.22971014492753622,0.029710144927536233,0.7289855072463768,0.011594202898550725
1550,0.011790393013100437,0.9759825327510917,0.010917030567685589,0.0013100436681222707
1551,0.22971014492753622,0.029710144927536233,0.7289855072463768,0.011594202898550725
1552,0.3072916666666667,0.16145833333333334,0.5130208333333334,0.018229166666666668
1553,0.08181818181818182,0.004545454545454545,0.004545454545454545,0.9090909090909091
1554,0.22971014492753622,0.029710144927536233,0.7289855072463768,0.011594202898550725
1555,0.3072916666666667,0.16145833333333334,0.5130208333333334,0.018229166666666668
1556,0.5276679841897233,0.0,0.023715415019762844,0.44861660079051385
1557,0.3072916666666667,0.16145833333333334,0.5130208333333334,0.018229166666666668
1558,0.3072916666666667,0.16145833333333334,0.5130208333333334,0.018229166666666668
1559,0.22971014492753622,0.029710144927536233,0.7289855072463768,0.011594202898550725
1560,0.22971014492753622,0.029710144927536233,0.7289855072463768,0.011594202898550725
1561,0.5276679841897233,0.0,0.023715415019762844,0.44861660079051385
1562,0.011790393013100437,0.9759825327510917,0.010917030567685589,0.0013100436681222707
1563,0.3253424657534247,0.0,0.010273972602739725,0.6643835616438356
1564,0.011790393013100437,0.9759825327510917,0.010917030567685589,0.0013100436681222707
1565,0.011790393013100437,0.9759825327510917,0.010917030567685589,0.0013100436681222707
1566,0.3072916666666667,0.16145833333333334,0.5130208333333334,0.018229166666666668
1567,0.0,0.0,0.0,1.0
1568,0.3253424657534247,0.0,0.010273972602739725,0.6643835616438356
1569,0.14736842105263157,0.0,0.005263157894736842,0.8473684210526315
1570,0.011790393013100437,0.9759825327510917,0.010917030567685589,0.0013100436681222707
1571,0.03856749311294766,0.8650137741046832,0.09090909090909091,0.005509641873278237
1572,0.011790393013100437,0.9759825327510917,0.010917030567685589,0.0013100436681222707
1573,0.011790393013100437,0.9759825327510917,0.010917030567685589,0.0013100436681222707
1574,0.0989010989010989,0.0,0.03663003663003663,0.8644688644688645
1575,0.011790393013100437,0.9759825327510917,0.010917030567685589,0.0013100436681222707
1576,0.3253424657534247,0.0,0.010273972602739725,0.6643835616438356
1577,0.5276679841897233,0.0,0.023715415019762844,0.44861660079051385
1578,0.3253424657534247,0.0,0.010273972602739725,0.6643835616438356
1579,0.5276679841897233,0.0,0.023715415019762844,0.44861660079051385
1580,0.03856749311294766,0.8650137741046832,0.09090909090909091,0.005509641873278237
1581,0.011790393013100437,0.9759825327510917,0.010917030567685589,0.0013100436681222707
1582,0.0989010989010989,0.0,0.03663003663003663,0.8644688644688645
1583,0.3072916666666667,0.16145833333333334,0.5130208333333334,0.018229166666666668
1584,0.5306122448979592,0.4489795918367347,0.0,0.02040816326530612
1585,0.22971014492753622,0.029710144927536233,0.7289855072463768,0.011594202898550725
1586,0.08181818181818182,0.004545454545454545,0.004545454545454545,0.9090909090909091
1587,0.5276679841897233,0.0,0.023715415019762844,0.44861660079051385
1588,0.3253424657534247,0.0,0.010273972602739725,0.6643835616438356
1589,0.2222222222222222,0.4888888888888889,0.28888888888888886,0.0
1590,0.03205128205128205,0.11538461538461539,0.8461538461538461,0.00641025641025641
1591,0.5276679841897233,0.0,0.023715415019762844,0.44861660079051385
1592,0.21739130434782608,0.0,0.03260869565217391,0.75
1593,0.39574468085106385,0.0,0.03404255319148936,0.5702127659574469
1594,0.011790393013100437,0.9759825327510917,0.010917030567685589,0.0013100436681222707
1595,0.011790393013100437,0.9759825327510917,0.010917030567685589,0.0013100436681222707
1596,0.03856749311294766,0.8650137741046832,0.09090909090909091,0.005509641873278237
1597,0.39574468085106385,0.0,0.03404255319148936,0.5702127659574469
1598,0.22971014492753622,0.029710144927536233,0.7289855072463768,0.011594202898550725
1599,0.011790393013100437,0.9759825327510917,0.010917030567685589,0.0013100436681222707
1600,0.39574468085106385,0.0,0.03404255319148936,0.5702127659574469
1601,0.011790393013100437,0.9759825327510917,0.010917030567685589,0.0013100436681222707
1602,0.5276679841897233,0.0,0.023715415019762844,0.44861660079051385
1603,0.5276679841897233,0.0,0.023715415019762844,0.44861660079051385
1604,0.5276679841897233,0.0,0.023715415019762844,0.44861660079051385
1605,0.08181818181818182,0.004545454545454545,0.004545454545454545,0.9090909090909091
1606,0.011790393013100437,0.9759825327510917,0.010917030567685589,0.0013100436681222707
1607,0.3072916666666667,0.16145833333333334,0.5130208333333334,0.018229166666666668
1608,0.3253424657534247,0.0,0.010273972602739725,0.6643835616438356
1609,0.011790393013100437,0.9759825327510917,0.010917030567685589,0.0013100436681222707
1610,0.13990825688073394,0.0,0.07339449541284404,0.786697247706422
1611,0.5276679841897233,0.0,0.023715415019762844,0.44861660079051385
1612,0.03856749311294766,0.8650137741046832,0.09090909090909091,0.005509641873278237
1613,0.3072916666666667,0.16145833333333334,0.5130208333333334,0.018229166666666668
1614,0.5862068965517241,0.11494252873563218,0.26436781609195403,0.034482758620689655
1615,0.03856749311294766,0.8650137741046832,0.09090909090909091,0.005509641873278237
1616,0.22971014492753622,0.029710144927536233,0.7289855072463768,0.011594202898550725
1617,0.011790393013100437,0.9759825327510917,0.010917030567685589,0.0013100436681222707
1618,0.3103448275862069,0.6724137931034483,0.017241379310344827,0.0
1619,0.5276679841897233,0.0,0.023715415019762844,0.44861660079051385
1620,0.22971014492753622,0.029710144927536233,0.7289855072463768,0.011594202898550725
1621,0.011790393013100437,0.9759825327510917,0.010917030567685589,0.0013100436681222707
1622,0.011790393013100437,0.9759825327510917,0.010917030567685589,0.0013100436681222707
1623,0.011790393013100437,0.9759825327510917,0.010917030567685589,0.0013100436681222707
1624,0.011790393013100437,0.9759825327510917,0.010917030567685589,0.0013100436681222707
1625,0.011790393013100437,0.9759825327510917,0.010917030567685589,0.0013100436681222707
1626,0.22971014492753622,0.029710144927536233,0.7289855072463768,0.011594202898550725
1627,0.011790393013100437,0.9759825327510917,0.010917030567685589,0.0013100436681222707
1628,0.8917525773195877,0.005154639175257732,0.04639175257731959,0.05670103092783505
1629,0.22971014492753622,0.029710144927536233,0.7289855072463768,0.011594202898550725
1630,0.011790393013100437,0.9759825327510917,0.010917030567685589,0.0013100436681222707
1631,0.3072916666666667,0.16145833333333334,0.5130208333333334,0.018229166666666668
1632,0.08181818181818182,0.004545454545454545,0.004545454545454545,0.9090909090909091
1633,0.5276679841897233,0.0,0.023715415019762844,0.44861660079051385
1634,0.075,0.2,0.725,0.0
1635,0.13990825688073394,0.0,0.07339449541284404,0.786697247706422
1636,0.011790393013100437,0.9759825327510917,0.010917030567685589,0.0013100436681222707
1637,0.3072916666666667,0.16145833333333334,0.5130208333333334,0.018229166666666668
1638,0.6956521739130435,0.08695652173913043,0.17391304347826086,0.043478260869565216
1639,0.39574468085106385,0.0,0.03404255319148936,0.5702127659574469
1640,0.011790393013100437,0.9759825327510917,0.010917030567685589,0.0013100436681222707
1641,0.011790393013100437,0.9759825327510917,0.010917030567685589,0.0013100436681222707
1642,0.011790393013100437,0.9759825327510917,0.010917030567685589,0.0013100436681222707
1643,0.0989010989010989,0.0,0.03663003663003663,0.8644688644688645
1644,0.22971014492753622,0.029710144927536233,0.7289855072463768,0.011594202898550725
1645,0.22971014492753622,0.029710144927536233,0.7289855072463768,0.011594202898550725
1646,0.011790393013100437,0.9759825327510917,0.010917030567685589,0.0013100436681222707
1647,0.0989010989010989,0.0,0.03663003663003663,0.8644688644688645
1648,0.22971014492753622,0.029710144927536233,0.7289855072463768,0.011594202898550725
1649,0.22971014492753622,0.029710144927536233,0.7289855072463768,0.011594202898550725
1650,0.011790393013100437,0.9759825327510917,0.010917030567685589,0.0013100436681222707
1651,0.011790393013100437,0.9759825327510917,0.010917030567685589,0.0013100436681222707
1652,0.011790393013100437,0.9759825327510917,0.010917030567685589,0.0013100436681222707
1653,1.0,0.0,0.0,0.0
1654,0.011790393013100437,0.9759825327510917,0.010917030567685589,0.0013100436681222707
1655,0.03205128205128205,0.11538461538461539,0.8461538461538461,0.00641025641025641
1656,0.011790393013100437,0.9759825327510917,0.010917030567685589,0.0013100436681222707
1657,0.13990825688073394,0.0,0.07339449541284404,0.786697247706422
1658,0.011790393013100437,0.9759825327510917,0.010917030567685589,0.0013100436681222707
1659,0.5862068965517241,0.11494252873563218,0.26436781609195403,0.034482758620689655
1660,0.22971014492753622,0.029710144927536233,0.7289855072463768,0.011594202898550725
1661,0.452,0.096,0.448,0.004
1662,0.011790393013100437,0.9759825327510917,0.010917030567685589,0.0013100436681222707
1663,0.8917525773195877,0.005154639175257732,0.04639175257731959,0.05670103092783505
1664,0.8917525773195877,0.005154639175257732,0.04639175257731959,0.05670103092783505
1665,0.8,0.2,0.0,0.0
1666,0.22971014492753622,0.029710144927536233,0.7289855072463768,0.011594202898550725
1667,0.39574468085106385,0.0,0.03404255319148936,0.5702127659574469
1668,0.3072916666666667,0.16145833333333334,0.5130208333333334,0.018229166666666668
1669,0.2222222222222222,0.4888888888888889,0.28888888888888886,0.0
1670,0.3072916666666667,0.16145833333333334,0.5130208333333334,0.018229166666666668
1671,0.13990825688073394,0.0,0.07339449541284404,0.786697247706422
1672,0.6724137931034483,0.008620689655172414,0.2413793103448276,0.07758620689655173
1673,0.5276679841897233,0.0,0.023715415019762844,0.44861660079051385
1674,0.011790393013100437,0.9759825327510917,0.010917030567685589,0.0013100436681222707
1675,0.0,1.0,0.0,0.0
1676,0.22971014492753622,0.029710144927536233,0.7289855072463768,0.011594202898550725
1677,0.22971014492753622,0.029710144927536233,0.7289855072463768,0.011594202898550725
1678,0.0,0.0,1.0,0.0
1679,0.011790393013100437,0.9759825327510917,0.010917030567685589,0.0013100436681222707
1680,0.0989010989010989,0.0,0.03663003663003663,0.8644688644688645
1681,0.3253424657534247,0.0,0.010273972602739725,0.6643835616438356
1682,0.5862068965517241,0.11494252873563218,0.26436781609195403,0.034482758620689655
1683,0.011790393013100437,0.9759825327510917,0.010917030567685589,0.0013100436681222707
1684,0.5276679841897233,0.0,0.023715415019762844,0.44861660079051385
1685,0.13990825688073394,0.0,0.07339449541284404,0.786697247706422
1686,0.3253424657534247,0.0,0.010273972602739725,0.6643835616438356
1687,0.13990825688073394,0.0,0.07339449541284404,0.786697247706422
1688,0.011790393013100437,0.9759825327510917,0.010917030567685589,0.0013100436681222707
1689,0.011790393013100437,0.9759825327510917,0.010917030567685589,0.0013100436681222707
1690,0.42105263157894735,0.0,0.15789473684210525,0.42105263157894735
1691,0.6724137931034483,0.008620689655172414,0.2413793103448276,0.07758620689655173
1692,0.13990825688073394,0.0,0.07339449541284404,0.786697247706422
1693,0.0989010989010989,0.0,0.03663003663003663,0.8644688644688645
1694,0.03205128205128205,0.11538461538461539,0.8461538461538461,0.00641025641025641
1695,0.011790393013100437,0.9759825327510917,0.010917030567685589,0.0013100436681222707
1696,0.011790393013100437,0.9759825327510917,0.010917030567685589,0.0013100436681222707
1697,0.03856749311294766,0.8650137741046832,0.09090909090909091,0.005509641873278237
1698,0.5276679841897233,0.0,0.023715415019762844,0.44861660079051385
1699,0.5276679841897233,0.0,0.023715415019762844,0.44861660079051385
1700,0.13990825688073394,0.0,0.07339449541284404,0.786697247706422
1701,0.6724137931034483,0.008620689655172414,0.2413793103448276,0.07758620689655173
1702,0.13990825688073394,0.0,0.07339449541284404,0.786697247706422
1703,0.3253424657534247,0.0,0.010273972602739725,0.6643835616438356
1704,0.011790393013100437,0.9759825327510917,0.010917030567685589,0.0013100436681222707
1705,0.3253424657534247,0.0,0.010273972602739725,0.6643835616438356
1706,0.3253424657534247,0.0,0.010273972602739725,0.6643835616438356
1707,0.42857142857142855,0.42857142857142855,0.14285714285714285,0.0
1708,0.011790393013100437,0.9759825327510917,0.010917030567685589,0.0013100436681222707
1709,0.08181818181818182,0.004545454545454545,0.004545454545454545,0.9090909090909091
1710,0.3072916666666667,0.16145833333333334,0.5130208333333334,0.018229166666666668
1711,0.22971014492753622,0.029710144927536233,0.7289855072463768,0.011594202898550725
1712,0.011790393013100437,0.9759825327510917,0.010917030567685589,0.0013100436681222707
1713,0.5306122448979592,0.4489795918367347,0.0,0.02040816326530612
1714,0.39574468085106385,0.0,0.03404255319148936,0.5702127659574469
1715,0.011790393013100437,0.9759825327510917,0.010917030567685589,0.0013100436681222707
1716,0.03856749311294766,0.8650137741046832,0.09090909090909091,0.005509641873278237
1717,0.14736842105263157,0.0,0.005263157894736842,0.8473684210526315
1718,0.13990825688073394,0.0,0.07339449541284404,0.786697247706422
1719,0.3253424657534247,0.0,0.010273972602739725,0.6643835616438356
1720,0.011790393013100437,0.9759825327510917,0.010917030567685589,0.0013100436681222707
1721,0.011790393013100437,0.9759825327510917,0.010917030567685589,0.0013100436681222707
1722,0.22971014492753622,0.029710144927536233,0.7289855072463768,0.011594202898550725
1723,0.011790393013100437,0.9759825327510917,0.010917030567685589,0.0013100436681222707
1724,0.8917525773195877,0.005154639175257732,0.04639175257731959,0.05670103092783505
1725,0.3072916666666667,0.16145833333333334,0.5130208333333334,0.018229166666666668
1726,0.14736842105263157,0.0,0.005263157894736842,0.8473684210526315
1727,0.452,0.096,0.448,0.004
1728,0.011790393013100437,0.9759825327510917,0.010917030567685589,0.0013100436681222707
1729,0.0,0.0,0.0,1.0
1730,0.011790393013100437,0.9759825327510917,0.010917030567685589,0.0013100436681222707
1731,0.0989010989010989,0.0,0.03663003663003663,0.8644688644688645
1732,0.13990825688073394,0.0,0.07339449541284404,0.786697247706422
1733,0.011790393013100437,0.9759825327510917,0.010917030567685589,0.0013100436681222707
1734,0.22971014492753622,0.029710144927536233,0.7289855072463768,0.011594202898550725
1735,0.011790393013100437,0.9759825327510917,0.010917030567685589,0.0013100436681222707
1736,0.08333333333333333,0.0,0.0,0.9166666666666666
1737,0.08181818181818182,0.004545454545454545,0.004545454545454545,0.9090909090909091
1738,0.011790393013100437,0.9759825327510917,0.010917030567685589,0.0013100436681222707
1739,0.011790393013100437,0.9759825327510917,0.010917030567685589,0.0013100436681222707
1740,0.22971014492753622,0.029710144927536233,0.7289855072463768,0.011594202898550725
1741,0.8917525773195877,0.005154639175257732,0.04639175257731959,0.05670103092783505
1742,0.3253424657534247,0.0,0.010273972602739725,0.6643835616438356
1743,0.13990825688073394,0.0,0.07339449541284404,0.786697247706422
1744,0.5276679841897233,0.0,0.023715415019762844,0.44861660079051385
1745,0.13990825688073394,0.0,0.07339449541284404,0.786697247706422
1746,0.3253424657534247,0.0,0.010273972602739725,0.6643835616438356
1747,0.3253424657534247,0.0,0.010273972602739725,0.6643835616438356
1748,0.13990825688073394,0.0,0.07339449541284404,0.786697247706422
1749,0.011790393013100437,0.9759825327510917,0.010917030567685589,0.0013100436681222707
1750,0.14736842105263157,0.0,0.005263157894736842,0.8473684210526315
1751,0.452,0.096,0.448,0.004
1752,0.0989010989010989,0.0,0.03663003663003663,0.8644688644688645
1753,0.22971014492753622,0.029710144927536233,0.7289855072463768,0.011594202898550725
1754,0.3072916666666667,0.16145833333333334,0.5130208333333334,0.018229166666666668
1755,0.3072916666666667,0.16145833333333334,0.5130208333333334,0.018229166666666668
1756,0.3253424657534247,0.0,0.010273972602739725,0.6643835616438356
1757,0.5276679841897233,0.0,0.023715415019762844,0.44861660079051385
1758,0.14736842105263157,0.0,0.005263157894736842,0.8473684210526315
1759,0.011790393013100437,0.9759825327510917,0.010917030567685589,0.0013100436681222707
1760,0.22971014492753622,0.029710144927536233,0.7289855072463768,0.011594202898550725
1761,0.22971014492753622,0.029710144927536233,0.7289855072463768,0.011594202898550725
1762,0.3072916666666667,0.16145833333333334,0.5130208333333334,0.018229166666666668
1763,0.011790393013100437,0.9759825327510917,0.010917030567685589,0.0013100436681222707
1764,0.6956521739130435,0.08695652173913043,0.17391304347826086,0.043478260869565216
1765,0.3253424657534247,0.0,0.010273972602739725,0.6643835616438356
1766,0.03856749311294766,0.8650137741046832,0.09090909090909091,0.005509641873278237
1767,0.08974358974358974,0.5128205128205128,0.38461538461538464,0.01282051282051282
1768,0.0,0.0,0.0,1.0
1769,0.452,0.096,0.448,0.004
1770,0.03856749311294766,0.8650137741046832,0.09090909090909091,0.005509641873278237
1771,0.22971014492753622,0.029710144927536233,0.7289855072463768,0.011594202898550725
1772,0.8917525773195877,0.005154639175257732,0.04639175257731959,0.05670103092783505
1773,0.22971014492753622,0.029710144927536233,0.7289855072463768,0.011594202898550725
1774,0.13990825688073394,0.0,0.07339449541284404,0.786697247706422
1775,0.22971014492753622,0.029710144927536233,0.7289855072463768,0.011594202898550725
1776,0.017964071856287425,0.8203592814371258,0.16167664670658682,0.0
1777,0.09090909090909091,0.5454545454545454,0.36363636363636365,0.0
1778,0.011790393013100437,0.9759825327510917,0.010917030567685589,0.0013100436681222707
1779,0.22971014492753622,0.029710144927536233,0.7289855072463768,0.011594202898550725
1780,0.011790393013100437,0.9759825327510917,0.010917030567685589,0.0013100436681222707
1781,0.22971014492753622,0.029710144927536233,0.7289855072463768,0.011594202898550725
1782,0.011790393013100437,0.9759825327510917,0.010917030567685589,0.0013100436681222707
1783,0.9032258064516129,0.0,0.03225806451612903,0.06451612903225806
1784,0.011790393013100437,0.9759825327510917,0.010917030567685589,0.0013100436681222707
1785,0.03205128205128205,0.11538461538461539,0.8461538461538461,0.00641025641025641
1786,0.08181818181818182,0.004545454545454545,0.004545454545454545,0.9090909090909091
1787,0.0989010989010989,0.0,0.03663003663003663,0.8644688644688645
1788,0.22971014492753622,0.029710144927536233,0.7289855072463768,0.011594202898550725
1789,0.22971014492753622,0.029710144927536233,0.7289855072463768,0.011594202898550725
1790,0.011790393013100437,0.9759825327510917,0.010917030567685589,0.0013100436681222707
1791,0.452,0.096,0.448,0.004
1792,0.22971014492753622,0.029710144927536233,0.7289855072463768,0.011594202898550725
1793,0.9032258064516129,0.0,0.03225806451612903,0.06451612903225806
1794,0.452,0.096,0.448,0.004
1795,0.13990825688073394,0.0,0.07339449541284404,0.786697247706422
1796,0.22971014492753622,0.029710144927536233,0.7289855072463768,0.011594202898550725
1797,0.2222222222222222,0.4888888888888889,0.28888888888888886,0.0
1798,0.39574468085106385,0.0,0.03404255319148936,0.5702127659574469
1799,0.14736842105263157,0.0,0.005263157894736842,0.8473684210526315
1800,0.22971014492753622,0.029710144927536233,0.7289855072463768,0.011594202898550725
1801,0.3072916666666667,0.16145833333333334,0.5130208333333334,0.018229166666666668
1802,0.5862068965517241,0.11494252873563218,0.26436781609195403,0.034482758620689655
1803,0.21052631578947367,0.0,0.0,0.7894736842105263
1804,0.2222222222222222,0.4888888888888889,0.28888888888888886,0.0
1805,0.6956521739130435,0.08695652173913043,0.17391304347826086,0.043478260869565216
1806,0.0989010989010989,0.0,0.03663003663003663,0.8644688644688645
1807,0.3072916666666667,0.16145833333333334,0.5130208333333334,0.018229166666666668
1808,0.011790393013100437,0.9759825327510917,0.010917030567685589,0.0013100436681222707
1809,0.011790393013100437,0.9759825327510917,0.010917030567685589,0.0013100436681222707
1810,0.011790393013100437,0.9759825327510917,0.010917030567685589,0.0013100436681222707
1811,0.011790393013100437,0.9759825327510917,0.010917030567685589,0.0013100436681222707
1812,0.13990825688073394,0.0,0.07339449541284404,0.786697247706422
1813,0.39574468085106385,0.0,0.03404255319148936,0.5702127659574469
1814,0.22971014492753622,0.029710144927536233,0.7289855072463768,0.011594202898550725
1815,0.08181818181818182,0.004545454545454545,0.004545454545454545,0.9090909090909091
1816,0.08181818181818182,0.004545454545454545,0.004545454545454545,0.9090909090909091
1817,0.011790393013100437,0.9759825327510917,0.010917030567685589,0.0013100436681222707
1818,0.011790393013100437,0.9759825327510917,0.010917030567685589,0.0013100436681222707
1819,0.8917525773195877,0.005154639175257732,0.04639175257731959,0.05670103092783505
1820,0.5862068965517241,0.11494252873563218,0.26436781609195403,0.034482758620689655
1821,0.39574468085106385,0.0,0.03404255319148936,0.5702127659574469
1822,0.3072916666666667,0.16145833333333334,0.5130208333333334,0.018229166666666668
1823,0.011790393013100437,0.9759825327510917,0.010917030567685589,0.0013100436681222707
1824,0.22971014492753622,0.029710144927536233,0.7289855072463768,0.011594202898550725
1825,0.011790393013100437,0.9759825327510917,0.010917030567685589,0.0013100436681222707
1826,0.0,1.0,0.0,0.0
1827,0.0989010989010989,0.0,0.03663003663003663,0.8644688644688645
1828,0.5276679841897233,0.0,0.023715415019762844,0.44861660079051385
1829,0.011790393013100437,0.9759825327510917,0.010917030567685589,0.0013100436681222707
1830,0.22971014492753622,0.029710144927536233,0.7289855072463768,0.011594202898550725
1831,0.5276679841897233,0.0,0.023715415019762844,0.44861660079051385
1832,0.011790393013100437,0.9759825327510917,0.010917030567685589,0.0013100436681222707
1833,0.011790393013100437,0.9759825327510917,0.010917030567685589,0.0013100436681222707
1834,0.5276679841897233,0.0,0.023715415019762844,0.44861660079051385
1835,0.03856749311294766,0.8650137741046832,0.09090909090909091,0.005509641873278237
1836,0.0,0.0,0.0,1.0
1837,0.011790393013100437,0.9759825327510917,0.010917030567685589,0.0013100436681222707
1838,0.011790393013100437,0.9759825327510917,0.010917030567685589,0.0013100436681222707
1839,0.6724137931034483,0.008620689655172414,0.2413793103448276,0.07758620689655173
1840,0.5306122448979592,0.4489795918367347,0.0,0.02040816326530612
1841,0.3072916666666667,0.16145833333333334,0.5130208333333334,0.018229166666666668
1842,0.011790393013100437,0.9759825327510917,0.010917030567685589,0.0013100436681222707
1843,0.011790393013100437,0.9759825327510917,0.010917030567685589,0.0013100436681222707
1844,0.5276679841897233,0.0,0.023715415019762844,0.44861660079051385
1845,0.011790393013100437,0.9759825327510917,0.010917030567685589,0.0013100436681222707
1846,0.011790393013100437,0.9759825327510917,0.010917030567685589,0.0013100436681222707
1847,0.02631578947368421,0.0,0.10526315789473684,0.868421052631579
1848,0.011790393013100437,0.9759825327510917,0.010917030567685589,0.0013100436681222707
1849,0.03856749311294766,0.8650137741046832,0.09090909090909091,0.005509641873278237
1850,0.22971014492753622,0.029710144927536233,0.7289855072463768,0.011594202898550725
1851,0.8917525773195877,0.005154639175257732,0.04639175257731959,0.05670103092783505
1852,0.011790393013100437,0.9759825327510917,0.010917030567685589,0.0013100436681222707
1853,0.14736842105263157,0.0,0.005263157894736842,0.8473684210526315
1854,0.011790393013100437,0.9759825327510917,0.010917030567685589,0.0013100436681222707
1855,0.3253424657534247,0.0,0.010273972602739725,0.6643835616438356
1856,0.22971014492753622,0.029710144927536233,0.7289855072463768,0.011594202898550725
1857,0.13990825688073394,0.0,0.07339449541284404,0.786697247706422
1858,0.22971014492753622,0.029710144927536233,0.7289855072463768,0.011594202898550725
1859,0.22971014492753622,0.029710144927536233,0.7289855072463768,0.011594202898550725
1860,0.011790393013100437,0.9759825327510917,0.010917030567685589,0.0013100436681222707
1861,0.5276679841897233,0.0,0.023715415019762844,0.44861660079051385
1862,0.5276679841897233,0.0,0.023715415019762844,0.44861660079051385
1863,0.011790393013100437,0.9759825327510917,0.010917030567685589,0.0013100436681222707
1864,0.13990825688073394,0.0,0.07339449541284404,0.786697247706422
1865,0.21739130434782608,0.0,0.03260869565217391,0.75
1866,0.075,0.2,0.725,0.0
1867,0.1111111111111111,0.3333333333333333,0.5555555555555556,0.0
1868,0.3253424657534247,0.0,0.010273972602739725,0.6643835616438356
1869,1.0,0.0,0.0,0.0
1870,0.011790393013100437,0.9759825327510917,0.010917030567685589,0.0013100436681222707
1871,0.39574468085106385,0.0,0.03404255319148936,0.5702127659574469
1872,0.3072916666666667,0.16145833333333334,0.5130208333333334,0.018229166666666668
1873,0.08974358974358974,0.5128205128205128,0.38461538461538464,0.01282051282051282
1874,0.011790393013100437,0.9759825327510917,0.010917030567685589,0.0013100436681222707
1875,0.011790393013100437,0.9759825327510917,0.010917030567685589,0.0013100436681222707
1876,0.22971014492753622,0.029710144927536233,0.7289855072463768,0.011594202898550725
1877,0.22971014492753622,0.029710144927536233,0.7289855072463768,0.011594202898550725
1878,0.011790393013100437,0.9759825327510917,0.010917030567685589,0.0013100436681222707
1879,0.03856749311294766,0.8650137741046832,0.09090909090909091,0.005509641873278237
1880,0.13990825688073394,0.0,0.07339449541284404,0.786697247706422
1881,0.452,0.096,0.448,0.004
1882,0.017964071856287425,0.8203592814371258,0.16167664670658682,0.0
1883,0.22971014492753622,0.029710144927536233,0.7289855072463768,0.011594202898550725
1884,0.0,0.896551724137931,0.10344827586206896,0.0
1885,0.22971014492753622,0.029710144927536233,0.7289855072463768,0.011594202898550725
1886,0.011790393013100437,0.9759825327510917,0.010917030567685589,0.0013100436681222707
1887,0.011790393013100437,0.9759825327510917,0.010917030567685589,0.0013100436681222707
1888,0.017964071856287425,0.8203592814371258,0.16167664670658682,0.0
1889,0.03856749311294766,0.8650137741046832,0.09090909090909091,0.005509641873278237
1890,0.452,0.096,0.448,0.004
1891,0.22971014492753622,0.029710144927536233,0.7289855072463768,0.011594202898550725
1892,0.0989010989010989,0.0,0.03663003663003663,0.8644688644688645
1893,0.011790393013100437,0.9759825327510917,0.010917030567685589,0.0013100436681222707
1894,0.14736842105263157,0.0,0.005263157894736842,0.8473684210526315
1895,0.011790393013100437,0.9759825327510917,0.010917030567685589,0.0013100436681222707
1896,0.011790393013100437,0.9759825327510917,0.010917030567685589,0.0013100436681222707
1897,0.011790393013100437,0.9759825327510917,0.010917030567685589,0.0013100436681222707
1898,0.22971014492753622,0.029710144927536233,0.7289855072463768,0.011594202898550725
1899,0.011790393013100437,0.9759825327510917,0.010917030567685589,0.0013100436681222707
1900,0.3072916666666667,0.16145833333333334,0.5130208333333334,0.018229166666666668
1901,0.8917525773195877,0.005154639175257732,0.04639175257731959,0.05670103092783505
1902,0.8917525773195877,0.005154639175257732,0.04639175257731959,0.05670103092783505
1903,0.011790393013100437,0.9759825327510917,0.010917030567685589,0.0013100436681222707
1904,0.5276679841897233,0.0,0.023715415019762844,0.44861660079051385
1905,0.011790393013100437,0.9759825327510917,0.010917030567685589,0.0013100436681222707
1906,0.6724137931034483,0.008620689655172414,0.2413793103448276,0.07758620689655173
1907,0.0,0.0,0.8888888888888888,0.1111111111111111
1908,0.011790393013100437,0.9759825327510917,0.010917030567685589,0.0013100436681222707
1909,0.011790393013100437,0.9759825327510917,0.010917030567685589,0.0013100436681222707
1910,0.011790393013100437,0.9759825327510917,0.010917030567685589,0.0013100436681222707
1911,0.22971014492753622,0.029710144927536233,0.7289855072463768,0.011594202898550725
1912,0.3253424657534247,0.0,0.010273972602739725,0.6643835616438356
1913,0.3103448275862069,0.6724137931034483,0.017241379310344827,0.0
1914,0.011790393013100437,0.9759825327510917,0.010917030567685589,0.0013100436681222707
1915,0.3072916666666667,0.16145833333333334,0.5130208333333334,0.018229166666666668
1916,0.011790393013100437,0.9759825327510917,0.010917030567685589,0.0013100436681222707
1917,0.011790393013100437,0.9759825327510917,0.010917030567685589,0.0013100436681222707
1918,0.011790393013100437,0.9759825327510917,0.010917030567685589,0.0013100436681222707
1919,0.011790393013100437,0.9759825327510917,0.010917030567685589,0.0013100436681222707
1920,0.6470588235294118,0.0,0.0,0.35294117647058826
1921,0.3072916666666667,0.16145833333333334,0.5130208333333334,0.018229166666666668
1922,0.0989010989010989,0.0,0.03663003663003663,0.8644688644688645
1923,0.011790393013100437,0.9759825327510917,0.010917030567685589,0.0013100436681222707
1924,0.011790393013100437,0.9759825327510917,0.010917030567685589,0.0013100436681222707
1925,0.011790393013100437,0.9759825327510917,0.010917030567685589,0.0013100436681222707
1926,0.13990825688073394,0.0,0.07339449541284404,0.786697247706422
1927,0.22971014492753622,0.029710144927536233,0.7289855072463768,0.011594202898550725
1928,0.011790393013100437,0.9759825327510917,0.010917030567685589,0.0013100436681222707
1929,0.452,0.096,0.448,0.004
1930,0.03205128205128205,0.11538461538461539,0.8461538461538461,0.00641025641025641
1931,0.08974358974358974,0.5128205128205128,0.38461538461538464,0.01282051282051282
1932,0.3103448275862069,0.6724137931034483,0.017241379310344827,0.0
1933,0.011790393013100437,0.9759825327510917,0.010917030567685589,0.0013100436681222707
1934,0.011790393013100437,0.9759825327510917,0.010917030567685589,0.0013100436681222707
1935,0.011790393013100437,0.9759825327510917,0.010917030567685589,0.0013100436681222707
1936,0.011790393013100437,0.9759825327510917,0.010917030567685589,0.0013100436681222707
1937,0.5276679841897233,0.0,0.023715415019762844,0.44861660079051385
1938,0.452,0.096,0.448,0.004
1939,0.22971014492753622,0.029710144927536233,0.7289855072463768,0.011594202898550725
1940,0.0,1.0,0.0,0.0
1941,0.22971014492753622,0.029710144927536233,0.7289855072463768,0.011594202898550725
1942,0.3072916666666667,0.16145833333333334,0.5130208333333334,0.018229166666666668
1943,0.011790393013100437,0.9759825327510917,0.010917030567685589,0.0013100436681222707
1944,0.6724137931034483,0.008620689655172414,0.2413793103448276,0.07758620689655173
1945,0.452,0.096,0.448,0.004
1946,0.011790393013100437,0.9759825327510917,0.010917030567685589,0.0013100436681222707
1947,0.13990825688073394,0.0,0.07339449541284404,0.786697247706422
1948,0.011790393013100437,0.9759825327510917,0.010917030567685589,0.0013100436681222707
1949,0.21052631578947367,0.0,0.0,0.7894736842105263
1950,0.011790393013100437,0.9759825327510917,0.010917030567685589,0.0013100436681222707
1951,0.075,0.2,0.725,0.0
1952,0.011790393013100437,0.9759825327510917,0.010917030567685589,0.0013100436681222707
1953,0.22971014492753622,0.029710144927536233,0.7289855072463768,0.011594202898550725
1954,0.5276679841897233,0.0,0.023715415019762844,0.44861660079051385
1955,0.011790393013100437,0.9759825327510917,0.010917030567685589,0.0013100436681222707
1956,0.22971014492753622,0.029710144927536233,0.7289855072463768,0.011594202898550725
1957,0.13990825688073394,0.0,0.07339449541284404,0.786697247706422
1958,0.21739130434782608,0.0,0.03260869565217391,0.75
1959,0.13990825688073394,0.0,0.07339449541284404,0.786697247706422
1960,0.011790393013100437,0.9759825327510917,0.010917030567685589,0.0013100436681222707
1961,0.3072916666666667,0.16145833333333334,0.5130208333333334,0.018229166666666668
1962,0.017964071856287425,0.8203592814371258,0.16167664670658682,0.0
1963,0.22971014492753622,0.029710144927536233,0.7289855072463768,0.011594202898550725
1964,0.5276679841897233,0.0,0.023715415019762844,0.44861660079051385
1965,0.011790393013100437,0.9759825327510917,0.010917030567685589,0.0013100436681222707
1966,0.14736842105263157,0.0,0.005263157894736842,0.8473684210526315
1967,0.011790393013100437,0.9759825327510917,0.010917030567685589,0.0013100436681222707
1968,0.13990825688073394,0.0,0.07339449541284404,0.786697247706422
1969,0.13990825688073394,0.0,0.07339449541284404,0.786697247706422
1970,0.011790393013100437,0.9759825327510917,0.010917030567685589,0.0013100436681222707
1971,0.011790393013100437,0.9759825327510917,0.010917030567685589,0.0013100436681222707
1972,0.03856749311294766,0.8650137741046832,0.09090909090909091,0.005509641873278237
1973,0.6666666666666666,0.3333333333333333,0.0,0.0
1974,0.452,0.096,0.448,0.004
1975,0.5276679841897233,0.0,0.023715415019762844,0.44861660079051385
1976,0.6724137931034483,0.008620689655172414,0.2413793103448276,0.07758620689655173
1977,0.011790393013100437,0.9759825327510917,0.010917030567685589,0.0013100436681222707
1978,0.011790393013100437,0.9759825327510917,0.010917030567685589,0.0013100436681222707
1979,0.03856749311294766,0.8650137741046832,0.09090909090909091,0.005509641873278237
1980,0.39574468085106385,0.0,0.03404255319148936,0.5702127659574469
1981,0.0989010989010989,0.0,0.03663003663003663,0.8644688644688645
1982,0.22971014492753622,0.029710144927536233,0.7289855072463768,0.011594202898550725
1983,0.22971014492753622,0.029710144927536233,0.7289855072463768,0.011594202898550725
1984,0.22971014492753622,0.029710144927536233,0.7289855072463768,0.011594202898550725
1985,0.14736842105263157,0.0,0.005263157894736842,0.8473684210526315
1986,0.011790393013100437,0.9759825327510917,0.010917030567685589,0.0013100436681222707
1987,0.011790393013100437,0.9759825327510917,0.010917030567685589,0.0013100436681222707
1988,0.13990825688073394,0.0,0.07339449541284404,0.786697247706422
1989,0.3072916666666667,0.16145833333333334,0.5130208333333334,0.018229166666666668
1990,0.011790393013100437,0.9759825327510917,0.010917030567685589,0.0013100436681222707
1991,0.011790393013100437,0.9759825327510917,0.010917030567685589,0.0013100436681222707
1992,0.011790393013100437,0.9759825327510917,0.010917030567685589,0.0013100436681222707
1993,0.3072916666666667,0.16145833333333334,0.5130208333333334,0.018229166666666668
1994,0.03856749311294766,0.8650137741046832,0.09090909090909091,0.005509641873278237
1995,0.22971014492753622,0.029710144927536233,0.7289855072463768,0.011594202898550725
1996,0.011790393013100437,0.9759825327510917,0.010917030567685589,0.0013100436681222707
1997,0.39574468085106385,0.0,0.03404255319148936,0.5702127659574469
1998,0.6724137931034483,0.008620689655172414,0.2413793103448276,0.07758620689655173
1999,0.011790393013100437,0.9759825327510917,0.010917030567685589,0.0013100436681222707
2000,0.3072916666666667,0.16145833333333334,0.5130208333333334,0.018229166666666668
2001,0.011790393013100437,0.9759825327510917,0.010917030567685589,0.0013100436681222707
2002,0.08181818181818182,0.004545454545454545,0.004545454545454545,0.9090909090909091
2003,0.08974358974358974,0.5128205128205128,0.38461538461538464,0.01282051282051282
2004,0.0989010989010989,0.0,0.03663003663003663,0.8644688644688645
2005,0.011790393013100437,0.9759825327510917,0.010917030567685589,0.0013100436681222707
2006,0.011790393013100437,0.9759825327510917,0.010917030567685589,0.0013100436681222707
2007,0.011790393013100437,0.9759825327510917,0.010917030567685589,0.0013100436681222707
2008,0.14736842105263157,0.0,0.005263157894736842,0.8473684210526315
2009,0.22971014492753622,0.029710144927536233,0.7289855072463768,0.011594202898550725
2010,0.5276679841897233,0.0,0.023715415019762844,0.44861660079051385
2011,0.39574468085106385,0.0,0.03404255319148936,0.5702127659574469
2012,0.03205128205128205,0.11538461538461539,0.8461538461538461,0.00641025641025641
2013,0.0,1.0,0.0,0.0
2014,0.011790393013100437,0.9759825327510917,0.010917030567685589,0.0013100436681222707
2015,0.3103448275862069,0.6724137931034483,0.017241379310344827,0.0
2016,0.22971014492753622,0.029710144927536233,0.7289855072463768,0.011594202898550725
2017,0.011790393013100437,0.9759825327510917,0.010917030567685589,0.0013100436681222707
2018,0.22971014492753622,0.029710144927536233,0.7289855072463768,0.011594202898550725
2019,0.08333333333333333,0.0,0.0,0.9166666666666666
2020,0.0989010989010989,0.0,0.03663003663003663,0.8644688644688645
2021,0.9032258064516129,0.0,0.03225806451612903,0.06451612903225806
2022,0.3253424657534247,0.0,0.010273972602739725,0.6643835616438356
2023,0.0989010989010989,0.0,0.03663003663003663,0.8644688644688645
2024,0.13990825688073394,0.0,0.07339449541284404,0.786697247706422
2025,0.011790393013100437,0.9759825327510917,0.010917030567685589,0.0013100436681222707
2026,0.011790393013100437,0.9759825327510917,0.010917030567685589,0.0013100436681222707
2027,0.22971014492753622,0.029710144927536233,0.7289855072463768,0.011594202898550725
2028,0.011790393013100437,0.9759825327510917,0.010917030567685589,0.0013100436681222707
2029,0.011790393013100437,0.9759825327510917,0.010917030567685589,0.0013100436681222707
2030,0.011790393013100437,0.9759825327510917,0.010917030567685589,0.0013100436681222707
2031,0.011790393013100437,0.9759825327510917,0.010917030567685589,0.0013100436681222707
2032,0.22971014492753622,0.029710144927536233,0.7289855072463768,0.011594202898550725
2033,0.08974358974358974,0.5128205128205128,0.38461538461538464,0.01282051282051282
2034,0.22971014492753622,0.029710144927536233,0.7289855072463768,0.011594202898550725
2035,0.22971014492753622,0.029710144927536233,0.7289855072463768,0.011594202898550725
2036,0.39574468085106385,0.0,0.03404255319148936,0.5702127659574469
2037,0.011790393013100437,0.9759825327510917,0.010917030567685589,0.0013100436681222707
2038,0.22971014492753622,0.029710144927536233,0.7289855072463768,0.011594202898550725
2039,0.0,0.0,0.0,1.0
2040,0.011790393013100437,0.9759825327510917,0.010917030567685589,0.0013100436681222707
2041,0.011790393013100437,0.9759825327510917,0.010917030567685589,0.0013100436681222707
2042,0.03205128205128205,0.11538461538461539,0.8461538461538461,0.00641025641025641
2043,0.3253424657534247,0.0,0.010273972602739725,0.6643835616438356
2044,0.011790393013100437,0.9759825327510917,0.010917030567685589,0.0013100436681222707
2045,0.452,0.096,0.448,0.004
2046,0.03856749311294766,0.8650137741046832,0.09090909090909091,0.005509641873278237
2047,0.075,0.2,0.725,0.0
2048,0.011790393013100437,0.9759825327510917,0.010917030567685589,0.0013100436681222707
2049,0.08181818181818182,0.004545454545454545,0.004545454545454545,0.9090909090909091
2050,0.011790393013100437,0.9759825327510917,0.010917030567685589,0.0013100436681222707
2051,0.017964071856287425,0.8203592814371258,0.16167664670658682,0.0
2052,0.452,0.096,0.448,0.004
2053,0.011790393013100437,0.9759825327510917,0.010917030567685589,0.0013100436681222707
2054,0.0989010989010989,0.0,0.03663003663003663,0.8644688644688645
2055,0.5276679841897233,0.0,0.023715415019762844,0.44861660079051385
2056,0.5276679841897233,0.0,0.023715415019762844,0.44861660079051385
2057,0.017964071856287425,0.8203592814371258,0.16167664670658682,0.0
2058,0.011790393013100437,0.9759825327510917,0.010917030567685589,0.0013100436681222707
2059,0.22971014492753622,0.029710144927536233,0.7289855072463768,0.011594202898550725
2060,0.03856749311294766,0.8650137741046832,0.09090909090909091,0.005509641873278237
2061,0.0989010989010989,0.0,0.03663003663003663,0.8644688644688645
2062,0.21739130434782608,0.0,0.03260869565217391,0.75
2063,0.22971014492753622,0.029710144927536233,0.7289855072463768,0.011594202898550725
2064,0.011790393013100437,0.9759825327510917,0.010917030567685589,0.0013100436681222707
2065,0.22971014492753622,0.029710144927536233,0.7289855072463768,0.011594202898550725
2066,0.5276679841897233,0.0,0.023715415019762844,0.44861660079051385
2067,0.011790393013100437,0.9759825327510917,0.010917030567685589,0.0013100436681222707
2068,0.39574468085106385,0.0,0.03404255319148936,0.5702127659574469
2069,0.6724137931034483,0.008620689655172414,0.2413793103448276,0.07758620689655173
2070,0.03856749311294766,0.8650137741046832,0.09090909090909091,0.005509641873278237
2071,0.017964071856287425,0.8203592814371258,0.16167664670658682,0.0
2072,0.0,0.0,0.0,1.0
2073,0.9032258064516129,0.0,0.03225806451612903,0.06451612903225806
2074,0.22971014492753622,0.029710144927536233,0.7289855072463768,0.011594202898550725
2075,0.3072916666666667,0.16145833333333334,0.5130208333333334,0.018229166666666668
2076,0.08974358974358974,0.5128205128205128,0.38461538461538464,0.01282051282051282
2077,0.0989010989010989,0.0,0.03663003663003663,0.8644688644688645
2078,0.03856749311294766,0.8650137741046832,0.09090909090909091,0.005509641873278237
2079,0.3103448275862069,0.6724137931034483,0.017241379310344827,0.0
2080,0.03856749311294766,0.8650137741046832,0.09090909090909091,0.005509641873278237
2081,0.011790393013100437,0.9759825327510917,0.010917030567685589,0.0013100436681222707
2082,0.08181818181818182,0.004545454545454545,0.004545454545454545,0.9090909090909091
2083,0.5276679841897233,0.0,0.023715415019762844,0.44861660079051385
2084,0.14736842105263157,0.0,0.005263157894736842,0.8473684210526315
2085,0.08181818181818182,0.004545454545454545,0.004545454545454545,0.9090909090909091
2086,0.22971014492753622,0.029710144927536233,0.7289855072463768,0.011594202898550725
2087,0.22971014492753622,0.029710144927536233,0.7289855072463768,0.011594202898550725
2088,0.22971014492753622,0.029710144927536233,0.7289855072463768,0.011594202898550725
2089,0.13990825688073394,0.0,0.07339449541284404,0.786697247706422
2090,0.22971014492753622,0.029710144927536233,0.7289855072463768,0.011594202898550725
2091,0.21052631578947367,0.0,0.0,0.7894736842105263
2092,0.011790393013100437,0.9759825327510917,0.010917030567685589,0.0013100436681222707
2093,0.5276679841897233,0.0,0.023715415019762844,0.44861660079051385
2094,0.452,0.096,0.448,0.004
2095,0.22971014492753622,0.029710144927536233,0.7289855072463768,0.011594202898550725
2096,0.011790393013100437,0.9759825327510917,0.010917030567685589,0.0013100436681222707
2097,0.011790393013100437,0.9759825327510917,0.010917030567685589,0.0013100436681222707
2098,0.011790393013100437,0.9759825327510917,0.010917030567685589,0.0013100436681222707
2099,0.6724137931034483,0.008620689655172414,0.2413793103448276,0.07758620689655173
2100,0.08181818181818182,0.004545454545454545,0.004545454545454545,0.9090909090909091
2101,0.452,0.096,0.448,0.004
2102,0.03205128205128205,0.11538461538461539,0.8461538461538461,0.00641025641025641
2103,0.21739130434782608,0.0,0.03260869565217391,0.75
2104,0.6956521739130435,0.08695652173913043,0.17391304347826086,0.043478260869565216
2105,0.22971014492753622,0.029710144927536233,0.7289855072463768,0.011594202898550725
2106,0.011790393013100437,0.9759825327510917,0.010917030567685589,0.0013100436681222707
2107,0.5276679841897233,0.0,0.023715415019762844,0.44861660079051385
2108,0.011790393013100437,0.9759825327510917,0.010917030567685589,0.0013100436681222707
2109,0.011790393013100437,0.9759825327510917,0.010917030567685589,0.0013100436681222707
2110,0.452,0.096,0.448,0.004
2111,0.22971014492753622,0.029710144927536233,0.7289855072463768,0.011594202898550725
2112,0.011790393013100437,0.9759825327510917,0.010917030567685589,0.0013100436681222707
2113,0.011790393013100437,0.9759825327510917,0.010917030567685589,0.0013100436681222707
2114,0.3103448275862069,0.6724137931034483,0.017241379310344827,0.0
2115,0.017964071856287425,0.8203592814371258,0.16167664670658682,0.0
2116,0.22971014492753622,0.029710144927536233,0.7289855072463768,0.011594202898550725
2117,0.0989010989010989,0.0,0.03663003663003663,0.8644688644688645
2118,0.22971014492753622,0.029710144927536233,0.7289855072463768,0.011594202898550725
2119,0.14736842105263157,0.0,0.005263157894736842,0.8473684210526315
2120,0.0,1.0,0.0,0.0
2121,0.22971014492753622,0.029710144927536233,0.7289855072463768,0.011594202898550725
2122,0.22971014492753622,0.029710144927536233,0.7289855072463768,0.011594202898550725
2123,0.011790393013100437,0.9759825327510917,0.010917030567685589,0.0013100436681222707
2124,0.8917525773195877,0.005154639175257732,0.04639175257731959,0.05670103092783505
2125,0.22971014492753622,0.029710144927536233,0.7289855072463768,0.011594202898550725
2126,0.6470588235294118,0.0,0.0,0.35294117647058826
2127,0.011790393013100437,0.9759825327510917,0.010917030567685589,0.0013100436681222707
2128,0.03205128205128205,0.11538461538461539,0.8461538461538461,0.00641025641025641
2129,0.011790393013100437,0.9759825327510917,0.010917030567685589,0.0013100436681222707
2130,0.8917525773195877,0.005154639175257732,0.04639175257731959,0.05670103092783505
2131,0.452,0.096,0.448,0.004
2132,0.22971014492753622,0.029710144927536233,0.7289855072463768,0.011594202898550725
2133,0.017964071856287425,0.8203592814371258,0.16167664670658682,0.0
2134,0.08181818181818182,0.004545454545454545,0.004545454545454545,0.9090909090909091
2135,0.011790393013100437,0.9759825327510917,0.010917030567685589,0.0013100436681222707
2136,0.13990825688073394,0.0,0.07339449541284404,0.786697247706422
2137,0.3103448275862069,0.6724137931034483,0.017241379310344827,0.0
2138,0.39574468085106385,0.0,0.03404255319148936,0.5702127659574469
2139,0.08974358974358974,0.5128205128205128,0.38461538461538464,0.01282051282051282
2140,0.011790393013100437,0.9759825327510917,0.010917030567685589,0.0013100436681222707
2141,0.03856749311294766,0.8650137741046832,0.09090909090909091,0.005509641873278237
2142,0.017964071856287425,0.8203592814371258,0.16167664670658682,0.0
2143,0.39574468085106385,0.0,0.03404255319148936,0.5702127659574469
2144,0.21739130434782608,0.0,0.03260869565217391,0.75
2145,0.011790393013100437,0.9759825327510917,0.010917030567685589,0.0013100436681222707
2146,0.14736842105263157,0.0,0.005263157894736842,0.8473684210526315
2147,0.8917525773195877,0.005154639175257732,0.04639175257731959,0.05670103092783505
2148,0.39574468085106385,0.0,0.03404255319148936,0.5702127659574469
2149,0.011790393013100437,0.9759825327510917,0.010917030567685589,0.0013100436681222707
2150,0.8917525773195877,0.005154639175257732,0.04639175257731959,0.05670103092783505
2151,0.08181818181818182,0.004545454545454545,0.004545454545454545,0.9090909090909091
2152,0.22971014492753622,0.029710144927536233,0.7289855072463768,0.011594202898550725
2153,0.011790393013100437,0.9759825327510917,0.010917030567685589,0.0013100436681222707
2154,0.22971014492753622,0.029710144927536233,0.7289855072463768,0.011594202898550725
2155,0.22971014492753622,0.029710144927536233,0.7289855072463768,0.011594202898550725
2156,0.22971014492753622,0.029710144927536233,0.7289855072463768,0.011594202898550725
2157,0.22971014492753622,0.029710144927536233,0.7289855072463768,0.011594202898550725
2158,0.22971014492753622,0.029710144927536233,0.7289855072463768,0.011594202898550725
2159,0.011790393013100437,0.9759825327510917,0.010917030567685589,0.0013100436681222707
2160,0.452,0.096,0.448,0.004
2161,0.5276679841897233,0.0,0.023715415019762844,0.44861660079051385
2162,0.14736842105263157,0.0,0.005263157894736842,0.8473684210526315
2163,0.011790393013100437,0.9759825327510917,0.010917030567685589,0.0013100436681222707
2164,0.3072916666666667,0.16145833333333334,0.5130208333333334,0.018229166666666668
2165,0.22971014492753622,0.029710144927536233,0.7289855072463768,0.011594202898550725
2166,0.39574468085106385,0.0,0.03404255319148936,0.5702127659574469
2167,0.011790393013100437,0.9759825327510917,0.010917030567685589,0.0013100436681222707
2168,0.22971014492753622,0.029710144927536233,0.7289855072463768,0.011594202898550725
2169,0.21052631578947367,0.0,0.0,0.7894736842105263
2170,0.03205128205128205,0.11538461538461539,0.8461538461538461,0.00641025641025641
2171,0.13990825688073394,0.0,0.07339449541284404,0.786697247706422
2172,0.011790393013100437,0.9759825327510917,0.010917030567685589,0.0013100436681222707
2173,0.0,0.896551724137931,0.10344827586206896,0.0
2174,0.0,0.0,0.8888888888888888,0.1111111111111111
2175,0.39574468085106385,0.0,0.03404255319148936,0.5702127659574469
2176,0.017964071856287425,0.8203592814371258,0.16167664670658682,0.0
2177,0.22971014492753622,0.029710144927536233,0.7289855072463768,0.011594202898550725
2178,0.011790393013100437,0.9759825327510917,0.010917030567685589,0.0013100436681222707
2179,0.3072916666666667,0.16145833333333334,0.5130208333333334,0.018229166666666668
2180,0.08181818181818182,0.004545454545454545,0.004545454545454545,0.9090909090909091
2181,0.0989010989010989,0.0,0.03663003663003663,0.8644688644688645
2182,0.011790393013100437,0.9759825327510917,0.010917030567685589,0.0013100436681222707
2183,0.39574468085106385,0.0,0.03404255319148936,0.5702127659574469
2184,0.011790393013100437,0.9759825327510917,0.010917030567685589,0.0013100436681222707
2185,0.3072916666666667,0.16145833333333334,0.5130208333333334,0.018229166666666668
2186,0.011790393013100437,0.9759825327510917,0.010917030567685589,0.0013100436681222707
2187,0.22971014492753622,0.029710144927536233,0.7289855072463768,0.011594202898550725
2188,0.13990825688073394,0.0,0.07339449541284404,0.786697247706422
2189,0.0989010989010989,0.0,0.03663003663003663,0.8644688644688645
2190,0.22971014492753622,0.029710144927536233,0.7289855072463768,0.011594202898550725
2191,0.0,0.0,0.0,1.0
2192,0.22971014492753622,0.029710144927536233,0.7289855072463768,0.011594202898550725
2193,0.14736842105263157,0.0,0.005263157894736842,0.8473684210526315
2194,0.22971014492753622,0.029710144927536233,0.7289855072463768,0.011594202898550725
2195,0.21739130434782608,0.0,0.03260869565217391,0.75
2196,0.011790393013100437,0.9759825327510917,0.010917030567685589,0.0013100436681222707
2197,0.5276679841897233,0.0,0.023715415019762844,0.44861660079051385
2198,0.03856749311294766,0.8650137741046832,0.09090909090909091,0.005509641873278237
2199,0.011790393013100437,0.9759825327510917,0.010917030567685589,0.0013100436681222707
2200,0.03856749311294766,0.8650137741046832,0.09090909090909091,0.005509641873278237
2201,0.8917525773195877,0.005154639175257732,0.04639175257731959,0.05670103092783505
2202,0.22971014492753622,0.029710144927536233,0.7289855072463768,0.011594202898550725
2203,0.3253424657534247,0.0,0.010273972602739725,0.6643835616438356
2204,0.03205128205128205,0.11538461538461539,0.8461538461538461,0.00641025641025641
2205,0.22971014492753622,0.029710144927536233,0.7289855072463768,0.011594202898550725
2206,0.22971014492753622,0.029710144927536233,0.7289855072463768,0.011594202898550725
2207,0.3072916666666667,0.16145833333333334,0.5130208333333334,0.018229166666666668
2208,0.011790393013100437,0.9759825327510917,0.010917030567685589,0.0013100436681222707
2209,0.22971014492753622,0.029710144927536233,0.7289855072463768,0.011594202898550725
2210,0.22971014492753622,0.029710144927536233,0.7289855072463768,0.011594202898550725
2211,0.03856749311294766,0.8650137741046832,0.09090909090909091,0.005509641873278237
2212,0.011790393013100437,0.9759825327510917,0.010917030567685589,0.0013100436681222707
2213,0.22971014492753622,0.029710144927536233,0.7289855072463768,0.011594202898550725
2214,0.452,0.096,0.448,0.004
2215,0.22971014492753622,0.029710144927536233,0.7289855072463768,0.011594202898550725
2216,0.08181818181818182,0.004545454545454545,0.004545454545454545,0.9090909090909091
2217,0.6956521739130435,0.08695652173913043,0.17391304347826086,0.043478260869565216
2218,0.22971014492753622,0.029710144927536233,0.7289855072463768,0.011594202898550725
2219,0.011790393013100437,0.9759825327510917,0.010917030567685589,0.0013100436681222707
2220,0.22971014492753622,0.029710144927536233,0.7289855072463768,0.011594202898550725
2221,0.011790393013100437,0.9759825327510917,0.010917030567685589,0.0013100436681222707
2222,0.011790393013100437,0.9759825327510917,0.010917030567685589,0.0013100436681222707
2223,0.011790393013100437,0.9759825327510917,0.010917030567685589,0.0013100436681222707
2224,0.03205128205128205,0.11538461538461539,0.8461538461538461,0.00641025641025641
2225,0.3072916666666667,0.16145833333333334,0.5130208333333334,0.018229166666666668
2226,0.13990825688073394,0.0,0.07339449541284404,0.786697247706422
2227,0.39574468085106385,0.0,0.03404255319148936,0.5702127659574469
2228,0.03856749311294766,0.8650137741046832,0.09090909090909091,0.005509641873278237
2229,0.22971014492753622,0.029710144927536233,0.7289855072463768,0.011594202898550725
2230,0.011790393013100437,0.9759825327510917,0.010917030567685589,0.0013100436681222707
2231,0.5862068965517241,0.11494252873563218,0.26436781609195403,0.034482758620689655
2232,0.011790393013100437,0.9759825327510917,0.010917030567685589,0.0013100436681222707
2233,0.011790393013100437,0.9759825327510917,0.010917030567685589,0.0013100436681222707
2234,0.22971014492753622,0.029710144927536233,0.7289855072463768,0.011594202898550725
2235,0.452,0.096,0.448,0.004
2236,0.5862068965517241,0.11494252873563218,0.26436781609195403,0.034482758620689655
2237,0.03205128205128205,0.11538461538461539,0.8461538461538461,0.00641025641025641
2238,0.011790393013100437,0.9759825327510917,0.010917030567685589,0.0013100436681222707
2239,0.075,0.2,0.725,0.0
2240,0.011790393013100437,0.9759825327510917,0.010917030567685589,0.0013100436681222707
2241,0.6724137931034483,0.008620689655172414,0.2413793103448276,0.07758620689655173
2242,0.13990825688073394,0.0,0.07339449541284404,0.786697247706422
2243,0.22971014492753622,0.029710144927536233,0.7289855072463768,0.011594202898550725
2244,0.39574468085106385,0.0,0.03404255319148936,0.5702127659574469
2245,0.5276679841897233,0.0,0.023715415019762844,0.44861660079051385
2246,0.6724137931034483,0.008620689655172414,0.2413793103448276,0.07758620689655173
2247,0.03856749311294766,0.8650137741046832,0.09090909090909091,0.005509641873278237
2248,0.011790393013100437,0.9759825327510917,0.010917030567685589,0.0013100436681222707
2249,0.5276679841897233,0.0,0.023715415019762844,0.44861660079051385
2250,0.08181818181818182,0.004545454545454545,0.004545454545454545,0.9090909090909091
2251,0.3072916666666667,0.16145833333333334,0.5130208333333334,0.018229166666666668
2252,0.3072916666666667,0.16145833333333334,0.5130208333333334,0.018229166666666668
2253,0.0989010989010989,0.0,0.03663003663003663,0.8644688644688645
2254,0.5862068965517241,0.11494252873563218,0.26436781609195403,0.034482758620689655
2255,0.22971014492753622,0.029710144927536233,0.7289855072463768,0.011594202898550725
2256,0.22971014492753622,0.029710144927536233,0.7289855072463768,0.011594202898550725
2257,0.22971014492753622,0.029710144927536233,0.7289855072463768,0.011594202898550725
2258,0.011790393013100437,0.9759825327510917,0.010917030567685589,0.0013100436681222707
2259,0.08181818181818182,0.004545454545454545,0.004545454545454545,0.9090909090909091
2260,0.0989010989010989,0.0,0.03663003663003663,0.8644688644688645
2261,0.13990825688073394,0.0,0.07339449541284404,0.786697247706422
2262,0.21739130434782608,0.0,0.03260869565217391,0.75
2263,0.6724137931034483,0.008620689655172414,0.2413793103448276,0.07758620689655173
2264,0.5276679841897233,0.0,0.023715415019762844,0.44861660079051385
2265,0.0,0.896551724137931,0.10344827586206896,0.0
2266,0.011790393013100437,0.9759825327510917,0.010917030567685589,0.0013100436681222707
2267,0.011790393013100437,0.9759825327510917,0.010917030567685589,0.0013100436681222707
2268,0.011790393013100437,0.9759825327510917,0.010917030567685589,0.0013100436681222707
2269,0.6724137931034483,0.008620689655172414,0.2413793103448276,0.07758620689655173
2270,0.011790393013100437,0.9759825327510917,0.010917030567685589,0.0013100436681222707
2271,0.011790393013100437,0.9759825327510917,0.010917030567685589,0.0013100436681222707
2272,0.21739130434782608,0.0,0.03260869565217391,0.75
2273,0.5276679841897233,0.0,0.023715415019762844,0.44861660079051385
2274,0.011790393013100437,0.9759825327510917,0.010917030567685589,0.0013100436681222707
2275,0.13990825688073394,0.0,0.07339449541284404,0.786697247706422
2276,0.6724137931034483,0.008620689655172414,0.2413793103448276,0.07758620689655173
2277,0.03856749311294766,0.8650137741046832,0.09090909090909091,0.005509641873278237
2278,0.3253424657534247,0.0,0.010273972602739725,0.6643835616438356
2279,0.011790393013100437,0.9759825327510917,0.010917030567685589,0.0013100436681222707
2280,0.22971014492753622,0.029710144927536233,0.7289855072463768,0.011594202898550725
2281,0.011790393013100437,0.9759825327510917,0.010917030567685589,0.0013100436681222707
2282,0.22971014492753622,0.029710144927536233,0.7289855072463768,0.011594202898550725
2283,0.011790393013100437,0.9759825327510917,0.010917030567685589,0.0013100436681222707
2284,0.0,0.0,0.0,1.0
2285,0.5862068965517241,0.11494252873563218,0.26436781609195403,0.034482758620689655
2286,0.011790393013100437,0.9759825327510917,0.010917030567685589,0.0013100436681222707
2287,0.08333333333333333,0.0,0.0,0.9166666666666666
2288,0.0989010989010989,0.0,0.03663003663003663,0.8644688644688645
2289,0.9032258064516129,0.0,0.03225806451612903,0.06451612903225806
2290,0.22971014492753622,0.029710144927536233,0.7289855072463768,0.011594202898550725
2291,0.5862068965517241,0.11494252873563218,0.26436781609195403,0.034482758620689655
2292,0.22971014492753622,0.029710144927536233,0.7289855072463768,0.011594202898550725
2293,0.08181818181818182,0.004545454545454545,0.004545454545454545,0.9090909090909091
2294,0.14736842105263157,0.0,0.005263157894736842,0.8473684210526315
2295,0.0,0.896551724137931,0.10344827586206896,0.0
2296,0.08974358974358974,0.5128205128205128,0.38461538461538464,0.01282051282051282
2297,0.017964071856287425,0.8203592814371258,0.16167664670658682,0.0
2298,0.22971014492753622,0.029710144927536233,0.7289855072463768,0.011594202898550725
2299,0.011790393013100437,0.9759825327510917,0.010917030567685589,0.0013100436681222707
2300,0.22971014492753622,0.029710144927536233,0.7289855072463768,0.011594202898550725
2301,0.22971014492753622,0.029710144927536233,0.7289855072463768,0.011594202898550725
2302,0.011790393013100437,0.9759825327510917,0.010917030567685589,0.0013100436681222707
2303,0.017964071856287425,0.8203592814371258,0.16167664670658682,0.0
2304,0.22971014492753622,0.029710144927536233,0.7289855072463768,0.011594202898550725
2305,0.5276679841897233,0.0,0.023715415019762844,0.44861660079051385
2306,0.22971014492753622,0.029710144927536233,0.7289855072463768,0.011594202898550725
2307,0.011790393013100437,0.9759825327510917,0.010917030567685589,0.0013100436681222707
2308,0.08181818181818182,0.004545454545454545,0.004545454545454545,0.9090909090909091
2309,0.3253424657534247,0.0,0.010273972602739725,0.6643835616438356
2310,0.011790393013100437,0.9759825327510917,0.010917030567685589,0.0013100436681222707
2311,0.08974358974358974,0.5128205128205128,0.38461538461538464,0.01282051282051282
2312,0.011790393013100437,0.9759825327510917,0.010917030567685589,0.0013100436681222707
2313,0.3253424657534247,0.0,0.010273972602739725,0.6643835616438356
2314,0.011790393013100437,0.9759825327510917,0.010917030567685589,0.0013100436681222707
2315,1.0,0.0,0.0,0.0
2316,0.0989010989010989,0.0,0.03663003663003663,0.8644688644688645
2317,0.3253424657534247,0.0,0.010273972602739725,0.6643835616438356
2318,0.011790393013100437,0.9759825327510917,0.010917030567685589,0.0013100436681222707
2319,0.011790393013100437,0.9759825327510917,0.010917030567685589,0.0013100436681222707
2320,0.011790393013100437,0.9759825327510917,0.010917030567685589,0.0013100436681222707
2321,0.3103448275862069,0.6724137931034483,0.017241379310344827,0.0
2322,0.0,0.0,0.0,1.0
2323,0.011790393013100437,0.9759825327510917,0.010917030567685589,0.0013100436681222707
2324,0.22971014492753622,0.029710144927536233,0.7289855072463768,0.011594202898550725
2325,0.03856749311294766,0.8650137741046832,0.09090909090909091,0.005509641873278237
2326,0.03856749311294766,0.8650137741046832,0.09090909090909091,0.005509641873278237
2327,0.22971014492753622,0.029710144927536233,0.7289855072463768,0.011594202898550725
2328,0.03205128205128205,0.11538461538461539,0.8461538461538461,0.00641025641025641
2329,0.011790393013100437,0.9759825327510917,0.010917030567685589,0.0013100436681222707
2330,0.3103448275862069,0.6724137931034483,0.017241379310344827,0.0
2331,0.5276679841897233,0.0,0.023715415019762844,0.44861660079051385
2332,0.21739130434782608,0.0,0.03260869565217391,0.75
2333,0.13990825688073394,0.0,0.07339449541284404,0.786697247706422
2334,0.22971014492753622,0.029710144927536233,0.7289855072463768,0.011594202898550725
2335,0.13990825688073394,0.0,0.07339449541284404,0.786697247706422
2336,0.5862068965517241,0.11494252873563218,0.26436781609195403,0.034482758620689655
2337,0.08181818181818182,0.004545454545454545,0.004545454545454545,0.9090909090909091
2338,0.5862068965517241,0.11494252873563218,0.26436781609195403,0.034482758620689655
2339,0.13990825688073394,0.0,0.07339449541284404,0.786697247706422
2340,0.13990825688073394,0.0,0.07339449541284404,0.786697247706422
2341,0.011790393013100437,0.9759825327510917,0.010917030567685589,0.0013100436681222707
2342,0.011790393013100437,0.9759825327510917,0.010917030567685589,0.0013100436681222707
2343,0.011790393013100437,0.9759825327510917,0.010917030567685589,0.0013100436681222707
2344,1.0,0.0,0.0,0.0
2345,0.13990825688073394,0.0,0.07339449541284404,0.786697247706422
2346,0.03856749311294766,0.8650137741046832,0.09090909090909091,0.005509641873278237
2347,0.011790393013100437,0.9759825327510917,0.010917030567685589,0.0013100436681222707
2348,0.22971014492753622,0.029710144927536233,0.7289855072463768,0.011594202898550725
2349,0.22971014492753622,0.029710144927536233,0.7289855072463768,0.011594202898550725
2350,0.011790393013100437,0.9759825327510917,0.010917030567685589,0.0013100436681222707
2351,0.22971014492753622,0.029710144927536233,0.7289855072463768,0.011594202898550725
2352,0.0989010989010989,0.0,0.03663003663003663,0.8644688644688645
2353,0.011790393013100437,0.9759825327510917,0.010917030567685589,0.0013100436681222707
2354,0.03856749311294766,0.8650137741046832,0.09090909090909091,0.005509641873278237
2355,0.03856749311294766,0.8650137741046832,0.09090909090909091,0.005509641873278237
2356,0.5862068965517241,0.11494252873563218,0.26436781609195403,0.034482758620689655
2357,0.0989010989010989,0.0,0.03663003663003663,0.8644688644688645
2358,0.5306122448979592,0.4489795918367347,0.0,0.02040816326530612
2359,0.011790393013100437,0.9759825327510917,0.010917030567685589,0.0013100436681222707
2360,0.011790393013100437,0.9759825327510917,0.010917030567685589,0.0013100436681222707
2361,0.011790393013100437,0.9759825327510917,0.010917030567685589,0.0013100436681222707
2362,0.3253424657534247,0.0,0.010273972602739725,0.6643835616438356
2363,0.14736842105263157,0.0,0.005263157894736842,0.8473684210526315
2364,0.5276679841897233,0.0,0.023715415019762844,0.44861660079051385
2365,0.21739130434782608,0.0,0.03260869565217391,0.75
2366,0.011790393013100437,0.9759825327510917,0.010917030567685589,0.0013100436681222707
2367,0.8917525773195877,0.005154639175257732,0.04639175257731959,0.05670103092783505
2368,0.0989010989010989,0.0,0.03663003663003663,0.8644688644688645
2369,0.22971014492753622,0.029710144927536233,0.7289855072463768,0.011594202898550725
2370,0.08181818181818182,0.004545454545454545,0.004545454545454545,0.9090909090909091
2371,0.22971014492753622,0.029710144927536233,0.7289855072463768,0.011594202898550725
2372,0.22971014492753622,0.029710144927536233,0.7289855072463768,0.011594202898550725
2373,0.011790393013100437,0.9759825327510917,0.010917030567685589,0.0013100436681222707
2374,0.22971014492753622,0.029710144927536233,0.7289855072463768,0.011594202898550725
2375,0.0,0.896551724137931,0.10344827586206896,0.0
2376,0.5862068965517241,0.11494252873563218,0.26436781609195403,0.034482758620689655
2377,0.011790393013100437,0.9759825327510917,0.010917030567685589,0.0013100436681222707
2378,0.09090909090909091,0.5454545454545454,0.36363636363636365,0.0
2379,0.011790393013100437,0.9759825327510917,0.010917030567685589,0.0013100436681222707
2380,0.011790393013100437,0.9759825327510917,0.010917030567685589,0.0013100436681222707
2381,0.03856749311294766,0.8650137741046832,0.09090909090909091,0.005509641873278237
2382,0.6666666666666666,0.3333333333333333,0.0,0.0
2383,0.0989010989010989,0.0,0.03663003663003663,0.8644688644688645
2384,0.5276679841897233,0.0,0.023715415019762844,0.44861660079051385
2385,0.8917525773195877,0.005154639175257732,0.04639175257731959,0.05670103092783505
2386,0.08181818181818182,0.004545454545454545,0.004545454545454545,0.9090909090909091
2387,0.14736842105263157,0.0,0.005263157894736842,0.8473684210526315
2388,0.14736842105263157,0.0,0.005263157894736842,0.8473684210526315
2389,0.13990825688073394,0.0,0.07339449541284404,0.786697247706422
2390,0.22971014492753622,0.029710144927536233,0.7289855072463768,0.011594202898550725
2391,0.011790393013100437,0.9759825327510917,0.010917030567685589,0.0013100436681222707
2392,0.22971014492753622,0.029710144927536233,0.7289855072463768,0.011594202898550725
2393,0.011790393013100437,0.9759825327510917,0.010917030567685589,0.0013100436681222707
2394,0.3253424657534247,0.0,0.010273972602739725,0.6643835616438356
2395,0.13990825688073394,0.0,0.07339449541284404,0.786697247706422
2396,0.011790393013100437,0.9759825327510917,0.010917030567685589,0.0013100436681222707
2397,0.22971014492753622,0.029710144927536233,0.7289855072463768,0.011594202898550725
2398,0.5276679841897233,0.0,0.023715415019762844,0.44861660079051385
2399,0.22971014492753622,0.029710144927536233,0.7289855072463768,0.011594202898550725
2400,0.011790393013100437,0.9759825327510917,0.010917030567685589,0.0013100436681222707
2401,0.011790393013100437,0.9759825327510917,0.010917030567685589,0.0013100436681222707
2402,0.452,0.096,0.448,0.004
2403,0.5306122448979592,0.4489795918367347,0.0,0.02040816326530612
2404,0.13990825688073394,0.0,0.07339449541284404,0.786697247706422
2405,0.3253424657534247,0.0,0.010273972602739725,0.6643835616438356
2406,0.3072916666666667,0.16145833333333334,0.5130208333333334,0.018229166666666668
2407,0.011790393013100437,0.9759825327510917,0.010917030567685589,0.0013100436681222707
2408,0.011790393013100437,0.9759825327510917,0.010917030567685589,0.0013100436681222707
2409,0.08974358974358974,0.5128205128205128,0.38461538461538464,0.01282051282051282
2410,0.22971014492753622,0.029710144927536233,0.7289855072463768,0.011594202898550725
2411,0.011790393013100437,0.9759825327510917,0.010917030567685589,0.0013100436681222707
2412,0.5276679841897233,0.0,0.023715415019762844,0.44861660079051385
2413,0.3253424657534247,0.0,0.010273972602739725,0.6643835616438356
2414,0.011790393013100437,0.9759825327510917,0.010917030567685589,0.0013100436681222707
2415,0.13990825688073394,0.0,0.07339449541284404,0.786697247706422
2416,0.13990825688073394,0.0,0.07339449541284404,0.786697247706422
2417,0.011790393013100437,0.9759825327510917,0.010917030567685589,0.0013100436681222707
2418,0.075,0.2,0.725,0.0
2419,0.08181818181818182,0.004545454545454545,0.004545454545454545,0.9090909090909091
2420,0.011790393013100437,0.9759825327510917,0.010917030567685589,0.0013100436681222707
2421,0.03856749311294766,0.8650137741046832,0.09090909090909091,0.005509641873278237
2422,0.0989010989010989,0.0,0.03663003663003663,0.8644688644688645
2423,0.22971014492753622,0.029710144927536233,0.7289855072463768,0.011594202898550725
2424,0.22971014492753622,0.029710144927536233,0.7289855072463768,0.011594202898550725
2425,0.22971014492753622,0.029710144927536233,0.7289855072463768,0.011594202898550725
2426,0.6666666666666666,0.3333333333333333,0.0,0.0
2427,0.011790393013100437,0.9759825327510917,0.010917030567685589,0.0013100436681222707
2428,0.011790393013100437,0.9759825327510917,0.010917030567685589,0.0013100436681222707
2429,0.0989010989010989,0.0,0.03663003663003663,0.8644688644688645
2430,0.08181818181818182,0.004545454545454545,0.004545454545454545,0.9090909090909091
2431,0.8917525773195877,0.005154639175257732,0.04639175257731959,0.05670103092783505
2432,0.011790393013100437,0.9759825327510917,0.010917030567685589,0.0013100436681222707
2433,0.6724137931034483,0.008620689655172414,0.2413793103448276,0.07758620689655173
2434,0.39574468085106385,0.0,0.03404255319148936,0.5702127659574469
2435,0.5306122448979592,0.4489795918367347,0.0,0.02040816326530612
2436,0.011790393013100437,0.9759825327510917,0.010917030567685589,0.0013100436681222707
2437,0.22971014492753622,0.029710144927536233,0.7289855072463768,0.011594202898550725
2438,0.011790393013100437,0.9759825327510917,0.010917030567685589,0.0013100436681222707
2439,0.011790393013100437,0.9759825327510917,0.010917030567685589,0.0013100436681222707
2440,0.6724137931034483,0.008620689655172414,0.2413793103448276,0.07758620689655173
2441,0.011790393013100437,0.9759825327510917,0.010917030567685589,0.0013100436681222707
2442,0.011790393013100437,0.9759825327510917,0.010917030567685589,0.0013100436681222707
2443,0.22971014492753622,0.029710144927536233,0.7289855072463768,0.011594202898550725
2444,0.22971014492753622,0.029710144927536233,0.7289855072463768,0.011594202898550725
2445,0.03856749311294766,0.8650137741046832,0.09090909090909091,0.005509641873278237
2446,0.5862068965517241,0.11494252873563218,0.26436781609195403,0.034482758620689655
2447,0.5276679841897233,0.0,0.023715415019762844,0.44861660079051385
2448,0.011790393013100437,0.9759825327510917,0.010917030567685589,0.0013100436681222707
2449,0.011790393013100437,0.9759825327510917,0.010917030567685589,0.0013100436681222707
2450,0.5276679841897233,0.0,0.023715415019762844,0.44861660079051385
2451,0.3072916666666667,0.16145833333333334,0.5130208333333334,0.018229166666666668
2452,0.08974358974358974,0.5128205128205128,0.38461538461538464,0.01282051282051282
2453,0.22971014492753622,0.029710144927536233,0.7289855072463768,0.011594202898550725
2454,0.011790393013100437,0.9759825327510917,0.010917030567685589,0.0013100436681222707
2455,0.017964071856287425,0.8203592814371258,0.16167664670658682,0.0
2456,0.22971014492753622,0.029710144927536233,0.7289855072463768,0.011594202898550725
2457,0.22971014492753622,0.029710144927536233,0.7289855072463768,0.011594202898550725
2458,0.22971014492753622,0.029710144927536233,0.7289855072463768,0.011594202898550725
2459,0.3072916666666667,0.16145833333333334,0.5130208333333334,0.018229166666666668
2460,0.14736842105263157,0.0,0.005263157894736842,0.8473684210526315
2461,0.0989010989010989,0.0,0.03663003663003663,0.8644688644688645
2462,0.0989010989010989,0.0,0.03663003663003663,0.8644688644688645
2463,0.5679012345679012,0.0,0.0,0.43209876543209874
2464,0.08181818181818182,0.004545454545454545,0.004545454545454545,0.9090909090909091
2465,0.011790393013100437,0.9759825327510917,0.010917030567685589,0.0013100436681222707
2466,0.5276679841897233,0.0,0.023715415019762844,0.44861660079051385
2467,0.011790393013100437,0.9759825327510917,0.010917030567685589,0.0013100436681222707
2468,0.3072916666666667,0.16145833333333334,0.5130208333333334,0.018229166666666668
2469,0.5306122448979592,0.4489795918367347,0.0,0.02040816326530612
2470,0.452,0.096,0.448,0.004
2471,0.3253424657534247,0.0,0.010273972602739725,0.6643835616438356
2472,0.8917525773195877,0.005154639175257732,0.04639175257731959,0.05670103092783505
2473,0.8,0.2,0.0,0.0
2474,0.03205128205128205,0.11538461538461539,0.8461538461538461,0.00641025641025641
2475,0.03856749311294766,0.8650137741046832,0.09090909090909091,0.005509641873278237
2476,0.5276679841897233,0.0,0.023715415019762844,0.44861660079051385
2477,0.22971014492753622,0.029710144927536233,0.7289855072463768,0.011594202898550725
2478,0.011790393013100437,0.9759825327510917,0.010917030567685589,0.0013100436681222707
2479,0.011790393013100437,0.9759825327510917,0.010917030567685589,0.0013100436681222707
2480,0.22971014492753622,0.029710144927536233,0.7289855072463768,0.011594202898550725
2481,0.22971014492753622,0.029710144927536233,0.7289855072463768,0.011594202898550725
2482,0.5276679841897233,0.0,0.023715415019762844,0.44861660079051385
2483,0.011790393013100437,0.9759825327510917,0.010917030567685589,0.0013100436681222707
2484,0.39574468085106385,0.0,0.03404255319148936,0.5702127659574469
2485,0.3253424657534247,0.0,0.010273972602739725,0.6643835616438356
2486,0.03856749311294766,0.8650137741046832,0.09090909090909091,0.005509641873278237
2487,0.6724137931034483,0.008620689655172414,0.2413793103448276,0.07758620689655173
2488,0.13990825688073394,0.0,0.07339449541284404,0.786697247706422
2489,0.011790393013100437,0.9759825327510917,0.010917030567685589,0.0013100436681222707
2490,0.452,0.096,0.448,0.004
2491,0.011790393013100437,0.9759825327510917,0.010917030567685589,0.0013100436681222707
2492,0.011790393013100437,0.9759825327510917,0.010917030567685589,0.0013100436681222707
2493,0.22971014492753622,0.029710144927536233,0.7289855072463768,0.011594202898550725
2494,0.08181818181818182,0.004545454545454545,0.004545454545454545,0.9090909090909091
2495,0.22971014492753622,0.029710144927536233,0.7289855072463768,0.011594202898550725
2496,0.011790393013100437,0.9759825327510917,0.010917030567685589,0.0013100436681222707
2497,0.452,0.096,0.448,0.004
2498,0.011790393013100437,0.9759825327510917,0.010917030567685589,0.0013100436681222707
2499,0.5276679841897233,0.0,0.023715415019762844,0.44861660079051385
2500,0.011790393013100437,0.9759825327510917,0.010917030567685589,0.0013100436681222707
2501,0.22971014492753622,0.029710144927536233,0.7289855072463768,0.011594202898550725
2502,0.011790393013100437,0.9759825327510917,0.010917030567685589,0.0013100436681222707
2503,0.011790393013100437,0.9759825327510917,0.010917030567685589,0.0013100436681222707
2504,0.011790393013100437,0.9759825327510917,0.010917030567685589,0.0013100436681222707
2505,0.22971014492753622,0.029710144927536233,0.7289855072463768,0.011594202898550725
2506,0.22971014492753622,0.029710144927536233,0.7289855072463768,0.011594202898550725
2507,0.011790393013100437,0.9759825327510917,0.010917030567685589,0.0013100436681222707
2508,0.011790393013100437,0.9759825327510917,0.010917030567685589,0.0013100436681222707
2509,0.22971014492753622,0.029710144927536233,0.7289855072463768,0.011594202898550725
2510,0.3072916666666667,0.16145833333333334,0.5130208333333334,0.018229166666666668
2511,0.22971014492753622,0.029710144927536233,0.7289855072463768,0.011594202898550725
2512,0.011790393013100437,0.9759825327510917,0.010917030567685589,0.0013100436681222707
2513,0.011790393013100437,0.9759825327510917,0.010917030567685589,0.0013100436681222707
2514,0.9032258064516129,0.0,0.03225806451612903,0.06451612903225806
2515,0.011790393013100437,0.9759825327510917,0.010917030567685589,0.0013100436681222707
2516,0.22971014492753622,0.029710144927536233,0.7289855072463768,0.011594202898550725
2517,0.5862068965517241,0.11494252873563218,0.26436781609195403,0.034482758620689655
2518,0.011790393013100437,0.9759825327510917,0.010917030567685589,0.0013100436681222707
2519,0.011790393013100437,0.9759825327510917,0.010917030567685589,0.0013100436681222707
2520,0.14736842105263157,0.0,0.005263157894736842,0.8473684210526315
2521,1.0,0.0,0.0,0.0
2522,0.5276679841897233,0.0,0.023715415019762844,0.44861660079051385
2523,0.3253424657534247,0.0,0.010273972602739725,0.6643835616438356
2524,0.5276679841897233,0.0,0.023715415019762844,0.44861660079051385
2525,0.3072916666666667,0.16145833333333334,0.5130208333333334,0.018229166666666668
2526,0.6724137931034483,0.008620689655172414,0.2413793103448276,0.07758620689655173
2527,0.5276679841897233,0.0,0.023715415019762844,0.44861660079051385
2528,0.22971014492753622,0.029710144927536233,0.7289855072463768,0.011594202898550725
2529,0.017964071856287425,0.8203592814371258,0.16167664670658682,0.0
2530,0.5862068965517241,0.11494252873563218,0.26436781609195403,0.034482758620689655
2531,0.08974358974358974,0.5128205128205128,0.38461538461538464,0.01282051282051282
2532,0.3253424657534247,0.0,0.010273972602739725,0.6643835616438356
2533,0.011790393013100437,0.9759825327510917,0.010917030567685589,0.0013100436681222707
2534,0.21739130434782608,0.0,0.03260869565217391,0.75
2535,0.03205128205128205,0.11538461538461539,0.8461538461538461,0.00641025641025641
2536,0.22971014492753622,0.029710144927536233,0.7289855072463768,0.011594202898550725
2537,0.03856749311294766,0.8650137741046832,0.09090909090909091,0.005509641873278237
2538,0.011790393013100437,0.9759825327510917,0.010917030567685589,0.0013100436681222707
2539,0.13990825688073394,0.0,0.07339449541284404,0.786697247706422
2540,0.0989010989010989,0.0,0.03663003663003663,0.8644688644688645
2541,0.3253424657534247,0.0,0.010273972602739725,0.6643835616438356
2542,0.02631578947368421,0.0,0.10526315789473684,0.868421052631579
2543,0.011790393013100437,0.9759825327510917,0.010917030567685589,0.0013100436681222707
2544,0.0989010989010989,0.0,0.03663003663003663,0.8644688644688645
2545,0.22971014492753622,0.029710144927536233,0.7289855072463768,0.011594202898550725
2546,0.22971014492753622,0.029710144927536233,0.7289855072463768,0.011594202898550725
2547,0.5679012345679012,0.0,0.0,0.43209876543209874
2548,0.14736842105263157,0.0,0.005263157894736842,0.8473684210526315
2549,0.0989010989010989,0.0,0.03663003663003663,0.8644688644688645
2550,0.22971014492753622,0.029710144927536233,0.7289855072463768,0.011594202898550725
2551,0.6724137931034483,0.008620689655172414,0.2413793103448276,0.07758620689655173
2552,0.22971014492753622,0.029710144927536233,0.7289855072463768,0.011594202898550725
2553,0.39574468085106385,0.0,0.03404255319148936,0.5702127659574469
2554,1.0,0.0,0.0,0.0
2555,0.452,0.096,0.448,0.004
2556,0.22971014492753622,0.029710144927536233,0.7289855072463768,0.011594202898550725
2557,0.3103448275862069,0.6724137931034483,0.017241379310344827,0.0
2558,0.011790393013100437,0.9759825327510917,0.010917030567685589,0.0013100436681222707
2559,0.13990825688073394,0.0,0.07339449541284404,0.786697247706422
2560,0.017964071856287425,0.8203592814371258,0.16167664670658682,0.0
2561,0.0,0.0,0.0,1.0
2562,0.011790393013100437,0.9759825327510917,0.010917030567685589,0.0013100436681222707
2563,0.22971014492753622,0.029710144927536233,0.7289855072463768,0.011594202898550725
2564,0.011790393013100437,0.9759825327510917,0.010917030567685589,0.0013100436681222707
2565,0.5276679841897233,0.0,0.023715415019762844,0.44861660079051385
2566,0.5276679841897233,0.0,0.023715415019762844,0.44861660079051385
2567,0.8917525773195877,0.005154639175257732,0.04639175257731959,0.05670103092783505
2568,0.0989010989010989,0.0,0.03663003663003663,0.8644688644688645
2569,0.22971014492753622,0.029710144927536233,0.7289855072463768,0.011594202898550725
2570,0.22971014492753622,0.029710144927536233,0.7289855072463768,0.011594202898550725
2571,0.22971014492753622,0.029710144927536233,0.7289855072463768,0.011594202898550725
2572,0.011790393013100437,0.9759825327510917,0.010917030567685589,0.0013100436681222707
2573,0.22971014492753622,0.029710144927536233,0.7289855072463768,0.011594202898550725
2574,0.3253424657534247,0.0,0.010273972602739725,0.6643835616438356
2575,0.08181818181818182,0.004545454545454545,0.004545454545454545,0.9090909090909091
2576,0.39574468085106385,0.0,0.03404255319148936,0.5702127659574469
2577,0.011790393013100437,0.9759825327510917,0.010917030567685589,0.0013100436681222707
2578,0.3072916666666667,0.16145833333333334,0.5130208333333334,0.018229166666666668
2579,0.011790393013100437,0.9759825327510917,0.010917030567685589,0.0013100436681222707
2580,0.13990825688073394,0.0,0.07339449541284404,0.786697247706422
2581,0.011790393013100437,0.9759825327510917,0.010917030567685589,0.0013100436681222707
2582,0.8917525773195877,0.005154639175257732,0.04639175257731959,0.05670103092783505
2583,0.011790393013100437,0.9759825327510917,0.010917030567685589,0.0013100436681222707
2584,0.5276679841897233,0.0,0.023715415019762844,0.44861660079051385
2585,0.39574468085106385,0.0,0.03404255319148936,0.5702127659574469
2586,0.452,0.096,0.448,0.004
2587,0.03205128205128205,0.11538461538461539,0.8461538461538461,0.00641025641025641
2588,0.22971014492753622,0.029710144927536233,0.7289855072463768,0.011594202898550725
2589,0.39574468085106385,0.0,0.03404255319148936,0.5702127659574469
2590,0.03856749311294766,0.8650137741046832,0.09090909090909091,0.005509641873278237
2591,0.22971014492753622,0.029710144927536233,0.7289855072463768,0.011594202898550725
2592,0.22971014492753622,0.029710144927536233,0.7289855072463768,0.011594202898550725
2593,0.011790393013100437,0.9759825327510917,0.010917030567685589,0.0013100436681222707
2594,0.011790393013100437,0.9759825327510917,0.010917030567685589,0.0013100436681222707
2595,0.03856749311294766,0.8650137741046832,0.09090909090909091,0.005509641873278237
2596,0.011790393013100437,0.9759825327510917,0.010917030567685589,0.0013100436681222707
2597,0.03856749311294766,0.8650137741046832,0.09090909090909091,0.005509641873278237
2598,0.5276679841897233,0.0,0.023715415019762844,0.44861660079051385
2599,0.8917525773195877,0.005154639175257732,0.04639175257731959,0.05670103092783505
2600,0.03856749311294766,0.8650137741046832,0.09090909090909091,0.005509641873278237
2601,0.3072916666666667,0.16145833333333334,0.5130208333333334,0.018229166666666668
2602,0.03856749311294766,0.8650137741046832,0.09090909090909091,0.005509641873278237
2603,0.03205128205128205,0.11538461538461539,0.8461538461538461,0.00641025641025641
2604,0.0989010989010989,0.0,0.03663003663003663,0.8644688644688645
2605,0.452,0.096,0.448,0.004
2606,0.011790393013100437,0.9759825327510917,0.010917030567685589,0.0013100436681222707
2607,0.13990825688073394,0.0,0.07339449541284404,0.786697247706422
2608,0.08181818181818182,0.004545454545454545,0.004545454545454545,0.9090909090909091
2609,0.5276679841897233,0.0,0.023715415019762844,0.44861660079051385
2610,0.13990825688073394,0.0,0.07339449541284404,0.786697247706422
2611,0.011790393013100437,0.9759825327510917,0.010917030567685589,0.0013100436681222707
2612,0.011790393013100437,0.9759825327510917,0.010917030567685589,0.0013100436681222707
2613,0.011790393013100437,0.9759825327510917,0.010917030567685589,0.0013100436681222707
2614,0.39574468085106385,0.0,0.03404255319148936,0.5702127659574469
2615,0.22971014492753622,0.029710144927536233,0.7289855072463768,0.011594202898550725
2616,0.011790393013100437,0.9759825327510917,0.010917030567685589,0.0013100436681222707
2617,0.5276679841897233,0.0,0.023715415019762844,0.44861660079051385
2618,0.3072916666666667,0.16145833333333334,0.5130208333333334,0.018229166666666668
2619,0.452,0.096,0.448,0.004
2620,0.3253424657534247,0.0,0.010273972602739725,0.6643835616438356
2621,0.452,0.096,0.448,0.004
2622,0.22971014492753622,0.029710144927536233,0.7289855072463768,0.011594202898550725
2623,0.08181818181818182,0.004545454545454545,0.004545454545454545,0.9090909090909091
2624,0.3072916666666667,0.16145833333333334,0.5130208333333334,0.018229166666666668
2625,0.03205128205128205,0.11538461538461539,0.8461538461538461,0.00641025641025641
2626,0.0,0.0,1.0,0.0
2627,0.3072916666666667,0.16145833333333334,0.5130208333333334,0.018229166666666668
2628,0.8917525773195877,0.005154639175257732,0.04639175257731959,0.05670103092783505
2629,0.5306122448979592,0.4489795918367347,0.0,0.02040816326530612
2630,0.13990825688073394,0.0,0.07339449541284404,0.786697247706422
2631,0.011790393013100437,0.9759825327510917,0.010917030567685589,0.0013100436681222707
2632,0.08974358974358974,0.5128205128205128,0.38461538461538464,0.01282051282051282
2633,0.011790393013100437,0.9759825327510917,0.010917030567685589,0.0013100436681222707
2634,0.22971014492753622,0.029710144927536233,0.7289855072463768,0.011594202898550725
2635,0.017964071856287425,0.8203592814371258,0.16167664670658682,0.0
2636,0.21052631578947367,0.0,0.0,0.7894736842105263
2637,0.3072916666666667,0.16145833333333334,0.5130208333333334,0.018229166666666668
2638,0.21739130434782608,0.0,0.03260869565217391,0.75
2639,0.39574468085106385,0.0,0.03404255319148936,0.5702127659574469
2640,0.22971014492753622,0.029710144927536233,0.7289855072463768,0.011594202898550725
2641,0.03856749311294766,0.8650137741046832,0.09090909090909091,0.005509641873278237
2642,0.14736842105263157,0.0,0.005263157894736842,0.8473684210526315
2643,0.3253424657534247,0.0,0.010273972602739725,0.6643835616438356
2644,0.22971014492753622,0.029710144927536233,0.7289855072463768,0.011594202898550725
2645,0.011790393013100437,0.9759825327510917,0.010917030567685589,0.0013100436681222707
2646,0.011790393013100437,0.9759825327510917,0.010917030567685589,0.0013100436681222707
2647,0.011790393013100437,0.9759825327510917,0.010917030567685589,0.0013100436681222707
2648,0.011790393013100437,0.9759825327510917,0.010917030567685589,0.0013100436681222707
2649,0.5276679841897233,0.0,0.023715415019762844,0.44861660079051385
2650,0.14736842105263157,0.0,0.005263157894736842,0.8473684210526315
2651,0.3103448275862069,0.6724137931034483,0.017241379310344827,0.0
2652,0.011790393013100437,0.9759825327510917,0.010917030567685589,0.0013100436681222707
2653,0.017964071856287425,0.8203592814371258,0.16167664670658682,0.0
2654,0.0989010989010989,0.0,0.03663003663003663,0.8644688644688645
2655,0.3072916666666667,0.16145833333333334,0.5130208333333334,0.018229166666666668
2656,0.3072916666666667,0.16145833333333334,0.5130208333333334,0.018229166666666668
2657,0.13990825688073394,0.0,0.07339449541284404,0.786697247706422
2658,0.5276679841897233,0.0,0.023715415019762844,0.44861660079051385
2659,0.011790393013100437,0.9759825327510917,0.010917030567685589,0.0013100436681222707
2660,0.5276679841897233,0.0,0.023715415019762844,0.44861660079051385
2661,0.22971014492753622,0.029710144927536233,0.7289855072463768,0.011594202898550725
2662,0.22971014492753622,0.029710144927536233,0.7289855072463768,0.011594202898550725
2663,0.03205128205128205,0.11538461538461539,0.8461538461538461,0.00641025641025641
2664,0.011790393013100437,0.9759825327510917,0.010917030567685589,0.0013100436681222707
2665,0.011790393013100437,0.9759825327510917,0.010917030567685589,0.0013100436681222707
2666,0.3072916666666667,0.16145833333333334,0.5130208333333334,0.018229166666666668
2667,0.6724137931034483,0.008620689655172414,0.2413793103448276,0.07758620689655173
2668,0.5679012345679012,0.0,0.0,0.43209876543209874
2669,1.0,0.0,0.0,0.0
2670,0.03856749311294766,0.8650137741046832,0.09090909090909091,0.005509641873278237
2671,0.3253424657534247,0.0,0.010273972602739725,0.6643835616438356
2672,0.0,0.0,0.0,1.0
2673,0.011790393013100437,0.9759825327510917,0.010917030567685589,0.0013100436681222707
2674,0.0989010989010989,0.0,0.03663003663003663,0.8644688644688645
2675,0.22971014492753622,0.029710144927536233,0.7289855072463768,0.011594202898550725
2676,0.21739130434782608,0.0,0.03260869565217391,0.75
2677,0.0989010989010989,0.0,0.03663003663003663,0.8644688644688645
2678,0.22971014492753622,0.029710144927536233,0.7289855072463768,0.011594202898550725
2679,0.22971014492753622,0.029710144927536233,0.7289855072463768,0.011594202898550725
2680,0.5276679841897233,0.0,0.023715415019762844,0.44861660079051385
2681,0.3072916666666667,0.16145833333333334,0.5130208333333334,0.018229166666666668
2682,0.3072916666666667,0.16145833333333334,0.5130208333333334,0.018229166666666668
2683,0.03856749311294766,0.8650137741046832,0.09090909090909091,0.005509641873278237
2684,0.22971014492753622,0.029710144927536233,0.7289855072463768,0.011594202898550725
2685,0.22971014492753622,0.029710144927536233,0.7289855072463768,0.011594202898550725
2686,0.011790393013100437,0.9759825327510917,0.010917030567685589,0.0013100436681222707
2687,0.6724137931034483,0.008620689655172414,0.2413793103448276,0.07758620689655173
2688,0.3072916666666667,0.16145833333333334,0.5130208333333334,0.018229166666666668
2689,0.22971014492753622,0.029710144927536233,0.7289855072463768,0.011594202898550725
2690,0.011790393013100437,0.9759825327510917,0.010917030567685589,0.0013100436681222707
2691,0.011790393013100437,0.9759825327510917,0.010917030567685589,0.0013100436681222707
2692,0.011790393013100437,0.9759825327510917,0.010917030567685589,0.0013100436681222707
2693,0.3103448275862069,0.6724137931034483,0.017241379310344827,0.0
2694,0.011790393013100437,0.9759825327510917,0.010917030567685589,0.0013100436681222707
2695,0.22971014492753622,0.029710144927536233,0.7289855072463768,0.011594202898550725
2696,0.011790393013100437,0.9759825327510917,0.010917030567685589,0.0013100436681222707
2697,0.017964071856287425,0.8203592814371258,0.16167664670658682,0.0
2698,0.011790393013100437,0.9759825327510917,0.010917030567685589,0.0013100436681222707
2699,0.13990825688073394,0.0,0.07339449541284404,0.786697247706422
2700,0.011790393013100437,0.9759825327510917,0.010917030567685589,0.0013100436681222707
2701,0.011790393013100437,0.9759825327510917,0.010917030567685589,0.0013100436681222707
2702,0.03205128205128205,0.11538461538461539,0.8461538461538461,0.00641025641025641
2703,0.0989010989010989,0.0,0.03663003663003663,0.8644688644688645
2704,0.13990825688073394,0.0,0.07339449541284404,0.786697247706422
2705,0.011790393013100437,0.9759825327510917,0.010917030567685589,0.0013100436681222707
2706,0.011790393013100437,0.9759825327510917,0.010917030567685589,0.0013100436681222707
2707,0.0,1.0,0.0,0.0
2708,0.3253424657534247,0.0,0.010273972602739725,0.6643835616438356
2709,0.22971014492753622,0.029710144927536233,0.7289855072463768,0.011594202898550725
2710,0.03856749311294766,0.8650137741046832,0.09090909090909091,0.005509641873278237
2711,0.5276679841897233,0.0,0.023715415019762844,0.44861660079051385
2712,0.5276679841897233,0.0,0.023715415019762844,0.44861660079051385
2713,0.03856749311294766,0.8650137741046832,0.09090909090909091,0.005509641873278237
2714,0.02631578947368421,0.0,0.10526315789473684,0.868421052631579
2715,0.5276679841897233,0.0,0.023715415019762844,0.44861660079051385
2716,0.5276679841897233,0.0,0.023715415019762844,0.44861660079051385
2717,0.5276679841897233,0.0,0.023715415019762844,0.44861660079051385
2718,0.3072916666666667,0.16145833333333334,0.5130208333333334,0.018229166666666668
2719,0.011790393013100437,0.9759825327510917,0.010917030567685589,0.0013100436681222707
2720,0.011790393013100437,0.9759825327510917,0.010917030567685589,0.0013100436681222707
2721,0.5679012345679012,0.0,0.0,0.43209876543209874
2722,0.22971014492753622,0.029710144927536233,0.7289855072463768,0.011594202898550725
2723,0.13990825688073394,0.0,0.07339449541284404,0.786697247706422
2724,0.3072916666666667,0.16145833333333334,0.5130208333333334,0.018229166666666668
2725,0.5276679841897233,0.0,0.023715415019762844,0.44861660079051385
2726,0.5276679841897233,0.0,0.023715415019762844,0.44861660079051385
2727,0.2222222222222222,0.4888888888888889,0.28888888888888886,0.0
2728,0.13990825688073394,0.0,0.07339449541284404,0.786697247706422
2729,0.03856749311294766,0.8650137741046832,0.09090909090909091,0.005509641873278237
2730,0.011790393013100437,0.9759825327510917,0.010917030567685589,0.0013100436681222707
2731,0.22971014492753622,0.029710144927536233,0.7289855072463768,0.011594202898550725
2732,0.452,0.096,0.448,0.004
2733,0.08181818181818182,0.004545454545454545,0.004545454545454545,0.9090909090909091
2734,0.011790393013100437,0.9759825327510917,0.010917030567685589,0.0013100436681222707
2735,0.011790393013100437,0.9759825327510917,0.010917030567685589,0.0013100436681222707
2736,0.39574468085106385,0.0,0.03404255319148936,0.5702127659574469
2737,0.03856749311294766,0.8650137741046832,0.09090909090909091,0.005509641873278237
2738,0.3253424657534247,0.0,0.010273972602739725,0.6643835616438356
2739,0.011790393013100437,0.9759825327510917,0.010917030567685589,0.0013100436681222707
2740,0.452,0.096,0.448,0.004
2741,0.22971014492753622,0.029710144927536233,0.7289855072463768,0.011594202898550725
2742,0.011790393013100437,0.9759825327510917,0.010917030567685589,0.0013100436681222707
2743,0.13990825688073394,0.0,0.07339449541284404,0.786697247706422
2744,0.017964071856287425,0.8203592814371258,0.16167664670658682,0.0
2745,0.5276679841897233,0.0,0.023715415019762844,0.44861660079051385
2746,0.0,0.0,0.0,1.0
2747,0.011790393013100437,0.9759825327510917,0.010917030567685589,0.0013100436681222707
2748,0.011790393013100437,0.9759825327510917,0.010917030567685589,0.0013100436681222707
2749,0.03205128205128205,0.11538461538461539,0.8461538461538461,0.00641025641025641
2750,0.6724137931034483,0.008620689655172414,0.2413793103448276,0.07758620689655173
2751,0.22971014492753622,0.029710144927536233,0.7289855072463768,0.011594202898550725
2752,0.14736842105263157,0.0,0.005263157894736842,0.8473684210526315
2753,0.22971014492753622,0.029710144927536233,0.7289855072463768,0.011594202898550725
2754,0.011790393013100437,0.9759825327510917,0.010917030567685589,0.0013100436681222707
2755,0.452,0.096,0.448,0.004
2756,0.22971014492753622,0.029710144927536233,0.7289855072463768,0.011594202898550725
2757,0.011790393013100437,0.9759825327510917,0.010917030567685589,0.0013100436681222707
2758,0.011790393013100437,0.9759825327510917,0.010917030567685589,0.0013100436681222707
2759,0.3072916666666667,0.16145833333333334,0.5130208333333334,0.018229166666666668
2760,0.0989010989010989,0.0,0.03663003663003663,0.8644688644688645
2761,0.03205128205128205,0.11538461538461539,0.8461538461538461,0.00641025641025641
2762,0.39574468085106385,0.0,0.03404255319148936,0.5702127659574469
2763,0.8917525773195877,0.005154639175257732,0.04639175257731959,0.05670103092783505
2764,0.03856749311294766,0.8650137741046832,0.09090909090909091,0.005509641873278237
2765,0.39574468085106385,0.0,0.03404255319148936,0.5702127659574469
2766,0.39574468085106385,0.0,0.03404255319148936,0.5702127659574469
2767,0.017964071856287425,0.8203592814371258,0.16167664670658682,0.0
2768,0.011790393013100437,0.9759825327510917,0.010917030567685589,0.0013100436681222707
2769,0.5679012345679012,0.0,0.0,0.43209876543209874
2770,0.42105263157894735,0.0,0.15789473684210525,0.42105263157894735
2771,0.5862068965517241,0.11494252873563218,0.26436781609195403,0.034482758620689655
2772,0.3253424657534247,0.0,0.010273972602739725,0.6643835616438356
2773,0.3103448275862069,0.6724137931034483,0.017241379310344827,0.0
2774,0.22971014492753622,0.029710144927536233,0.7289855072463768,0.011594202898550725
2775,0.5276679841897233,0.0,0.023715415019762844,0.44861660079051385
2776,0.13990825688073394,0.0,0.07339449541284404,0.786697247706422
2777,0.6470588235294118,0.0,0.0,0.35294117647058826
2778,0.5276679841897233,0.0,0.023715415019762844,0.44861660079051385
2779,0.017964071856287425,0.8203592814371258,0.16167664670658682,0.0
2780,0.3253424657534247,0.0,0.010273972602739725,0.6643835616438356
2781,0.011790393013100437,0.9759825327510917,0.010917030567685589,0.0013100436681222707
2782,0.13990825688073394,0.0,0.07339449541284404,0.786697247706422
2783,0.22971014492753622,0.029710144927536233,0.7289855072463768,0.011594202898550725
2784,0.08181818181818182,0.004545454545454545,0.004545454545454545,0.9090909090909091
2785,0.011790393013100437,0.9759825327510917,0.010917030567685589,0.0013100436681222707
2786,0.011790393013100437,0.9759825327510917,0.010917030567685589,0.0013100436681222707
2787,0.011790393013100437,0.9759825327510917,0.010917030567685589,0.0013100436681222707
2788,0.452,0.096,0.448,0.004
2789,0.6956521739130435,0.08695652173913043,0.17391304347826086,0.043478260869565216
2790,0.03856749311294766,0.8650137741046832,0.09090909090909091,0.005509641873278237
2791,0.011790393013100437,0.9759825327510917,0.010917030567685589,0.0013100436681222707
2792,0.011790393013100437,0.9759825327510917,0.010917030567685589,0.0013100436681222707
2793,0.3253424657534247,0.0,0.010273972602739725,0.6643835616438356
2794,0.21739130434782608,0.0,0.03260869565217391,0.75
2795,0.13990825688073394,0.0,0.07339449541284404,0.786697247706422
2796,0.3072916666666667,0.16145833333333334,0.5130208333333334,0.018229166666666668
2797,0.011790393013100437,0.9759825327510917,0.010917030567685589,0.0013100436681222707
2798,0.0989010989010989,0.0,0.03663003663003663,0.8644688644688645
2799,0.011790393013100437,0.9759825327510917,0.010917030567685589,0.0013100436681222707
2800,0.011790393013100437,0.9759825327510917,0.010917030567685589,0.0013100436681222707
2801,0.03856749311294766,0.8650137741046832,0.09090909090909091,0.005509641873278237
2802,0.22971014492753622,0.029710144927536233,0.7289855072463768,0.011594202898550725
2803,0.011790393013100437,0.9759825327510917,0.010917030567685589,0.0013100436681222707
2804,0.08181818181818182,0.004545454545454545,0.004545454545454545,0.9090909090909091
2805,0.011790393013100437,0.9759825327510917,0.010917030567685589,0.0013100436681222707
2806,0.22971014492753622,0.029710144927536233,0.7289855072463768,0.011594202898550725
2807,0.011790393013100437,0.9759825327510917,0.010917030567685589,0.0013100436681222707
2808,0.0989010989010989,0.0,0.03663003663003663,0.8644688644688645
2809,0.22971014492753622,0.029710144927536233,0.7289855072463768,0.011594202898550725
2810,0.3253424657534247,0.0,0.010273972602739725,0.6643835616438356
2811,0.22971014492753622,0.029710144927536233,0.7289855072463768,0.011594202898550725
2812,0.13990825688073394,0.0,0.07339449541284404,0.786697247706422
2813,0.39574468085106385,0.0,0.03404255319148936,0.5702127659574469
2814,0.011790393013100437,0.9759825327510917,0.010917030567685589,0.0013100436681222707
2815,0.03856749311294766,0.8650137741046832,0.09090909090909091,0.005509641873278237
2816,0.22971014492753622,0.029710144927536233,0.7289855072463768,0.011594202898550725
2817,0.011790393013100437,0.9759825327510917,0.010917030567685589,0.0013100436681222707
2818,0.13990825688073394,0.0,0.07339449541284404,0.786697247706422
2819,0.011790393013100437,0.9759825327510917,0.010917030567685589,0.0013100436681222707
2820,0.22971014492753622,0.029710144927536233,0.7289855072463768,0.011594202898550725
2821,0.8917525773195877,0.005154639175257732,0.04639175257731959,0.05670103092783505
2822,0.3072916666666667,0.16145833333333334,0.5130208333333334,0.018229166666666668
2823,0.011790393013100437,0.9759825327510917,0.010917030567685589,0.0013100436681222707
2824,0.011790393013100437,0.9759825327510917,0.010917030567685589,0.0013100436681222707
2825,0.3103448275862069,0.6724137931034483,0.017241379310344827,0.0
2826,0.011790393013100437,0.9759825327510917,0.010917030567685589,0.0013100436681222707
2827,0.0989010989010989,0.0,0.03663003663003663,0.8644688644688645
2828,0.39574468085106385,0.0,0.03404255319148936,0.5702127659574469
2829,0.39574468085106385,0.0,0.03404255319148936,0.5702127659574469
2830,0.011790393013100437,0.9759825327510917,0.010917030567685589,0.0013100436681222707
2831,0.011790393013100437,0.9759825327510917,0.010917030567685589,0.0013100436681222707
2832,0.13990825688073394,0.0,0.07339449541284404,0.786697247706422
2833,0.22971014492753622,0.029710144927536233,0.7289855072463768,0.011594202898550725
2834,0.011790393013100437,0.9759825327510917,0.010917030567685589,0.0013100436681222707
2835,0.03856749311294766,0.8650137741046832,0.09090909090909091,0.005509641873278237
2836,0.13990825688073394,0.0,0.07339449541284404,0.786697247706422
2837,0.5679012345679012,0.0,0.0,0.43209876543209874
2838,0.22971014492753622,0.029710144927536233,0.7289855072463768,0.011594202898550725
2839,0.03856749311294766,0.8650137741046832,0.09090909090909091,0.005509641873278237
2840,0.39574468085106385,0.0,0.03404255319148936,0.5702127659574469
2841,0.3253424657534247,0.0,0.010273972602739725,0.6643835616438356
2842,0.22971014492753622,0.029710144927536233,0.7289855072463768,0.011594202898550725
2843,0.011790393013100437,0.9759825327510917,0.010917030567685589,0.0013100436681222707
2844,0.017964071856287425,0.8203592814371258,0.16167664670658682,0.0
2845,0.14736842105263157,0.0,0.005263157894736842,0.8473684210526315
2846,0.3072916666666667,0.16145833333333334,0.5130208333333334,0.018229166666666668
2847,0.0989010989010989,0.0,0.03663003663003663,0.8644688644688645
2848,0.13990825688073394,0.0,0.07339449541284404,0.786697247706422
2849,0.3103448275862069,0.6724137931034483,0.017241379310344827,0.0
2850,0.0,0.0,0.0,1.0
2851,0.011790393013100437,0.9759825327510917,0.010917030567685589,0.0013100436681222707
2852,0.011790393013100437,0.9759825327510917,0.010917030567685589,0.0013100436681222707
2853,0.22971014492753622,0.029710144927536233,0.7289855072463768,0.011594202898550725
2854,0.03856749311294766,0.8650137741046832,0.09090909090909091,0.005509641873278237
2855,0.011790393013100437,0.9759825327510917,0.010917030567685589,0.0013100436681222707
2856,0.011790393013100437,0.9759825327510917,0.010917030567685589,0.0013100436681222707
2857,0.011790393013100437,0.9759825327510917,0.010917030567685589,0.0013100436681222707
2858,0.011790393013100437,0.9759825327510917,0.010917030567685589,0.0013100436681222707
2859,0.08181818181818182,0.004545454545454545,0.004545454545454545,0.9090909090909091
2860,0.011790393013100437,0.9759825327510917,0.010917030567685589,0.0013100436681222707
2861,0.21739130434782608,0.0,0.03260869565217391,0.75
2862,0.011790393013100437,0.9759825327510917,0.010917030567685589,0.0013100436681222707
2863,0.011790393013100437,0.9759825327510917,0.010917030567685589,0.0013100436681222707
2864,0.03205128205128205,0.11538461538461539,0.8461538461538461,0.00641025641025641
2865,0.011790393013100437,0.9759825327510917,0.010917030567685589,0.0013100436681222707
2866,0.3072916666666667,0.16145833333333334,0.5130208333333334,0.018229166666666668
2867,0.5276679841897233,0.0,0.023715415019762844,0.44861660079051385
2868,0.3072916666666667,0.16145833333333334,0.5130208333333334,0.018229166666666668
2869,1.0,0.0,0.0,0.0
2870,0.8917525773195877,0.005154639175257732,0.04639175257731959,0.05670103092783505
2871,0.13990825688073394,0.0,0.07339449541284404,0.786697247706422
2872,0.3072916666666667,0.16145833333333334,0.5130208333333334,0.018229166666666668
2873,0.8917525773195877,0.005154639175257732,0.04639175257731959,0.05670103092783505
2874,0.452,0.096,0.448,0.004
2875,0.011790393013100437,0.9759825327510917,0.010917030567685589,0.0013100436681222707
2876,0.075,0.2,0.725,0.0
2877,0.22971014492753622,0.029710144927536233,0.7289855072463768,0.011594202898550725
2878,0.3103448275862069,0.6724137931034483,0.017241379310344827,0.0
2879,0.13990825688073394,0.0,0.07339449541284404,0.786697247706422
2880,0.13990825688073394,0.0,0.07339449541284404,0.786697247706422
2881,0.0989010989010989,0.0,0.03663003663003663,0.8644688644688645
2882,0.452,0.096,0.448,0.004
2883,0.3072916666666667,0.16145833333333334,0.5130208333333334,0.018229166666666668
2884,0.011790393013100437,0.9759825327510917,0.010917030567685589,0.0013100436681222707
2885,0.08181818181818182,0.004545454545454545,0.004545454545454545,0.9090909090909091
2886,0.8917525773195877,0.005154639175257732,0.04639175257731959,0.05670103092783505
2887,0.22971014492753622,0.029710144927536233,0.7289855072463768,0.011594202898550725
2888,0.011790393013100437,0.9759825327510917,0.010917030567685589,0.0013100436681222707
2889,0.39574468085106385,0.0,0.03404255319148936,0.5702127659574469
2890,0.3072916666666667,0.16145833333333334,0.5130208333333334,0.018229166666666668
2891,0.011790393013100437,0.9759825327510917,0.010917030567685589,0.0013100436681222707
2892,0.21739130434782608,0.0,0.03260869565217391,0.75
2893,0.017964071856287425,0.8203592814371258,0.16167664670658682,0.0
2894,0.011790393013100437,0.9759825327510917,0.010917030567685589,0.0013100436681222707
2895,0.5306122448979592,0.4489795918367347,0.0,0.02040816326530612
2896,0.03205128205128205,0.11538461538461539,0.8461538461538461,0.00641025641025641
2897,0.22971014492753622,0.029710144927536233,0.7289855072463768,0.011594202898550725
2898,0.011790393013100437,0.9759825327510917,0.010917030567685589,0.0013100436681222707
2899,0.0989010989010989,0.0,0.03663003663003663,0.8644688644688645
2900,0.011790393013100437,0.9759825327510917,0.010917030567685589,0.0013100436681222707
2901,0.22971014492753622,0.029710144927536233,0.7289855072463768,0.011594202898550725
2902,0.22971014492753622,0.029710144927536233,0.7289855072463768,0.011594202898550725
2903,0.011790393013100437,0.9759825327510917,0.010917030567685589,0.0013100436681222707
2904,0.452,0.096,0.448,0.004
2905,0.3253424657534247,0.0,0.010273972602739725,0.6643835616438356
2906,0.011790393013100437,0.9759825327510917,0.010917030567685589,0.0013100436681222707
2907,0.14736842105263157,0.0,0.005263157894736842,0.8473684210526315
2908,0.3253424657534247,0.0,0.010273972602739725,0.6643835616438356
2909,0.08181818181818182,0.004545454545454545,0.004545454545454545,0.9090909090909091
2910,0.011790393013100437,0.9759825327510917,0.010917030567685589,0.0013100436681222707
2911,0.03856749311294766,0.8650137741046832,0.09090909090909091,0.005509641873278237
2912,0.5276679841897233,0.0,0.023715415019762844,0.44861660079051385
2913,0.22971014492753622,0.029710144927536233,0.7289855072463768,0.011594202898550725
2914,0.39574468085106385,0.0,0.03404255319148936,0.5702127659574469
2915,0.22971014492753622,0.029710144927536233,0.7289855072463768,0.011594202898550725
2916,0.0989010989010989,0.0,0.03663003663003663,0.8644688644688645
2917,0.011790393013100437,0.9759825327510917,0.010917030567685589,0.0013100436681222707
2918,0.011790393013100437,0.9759825327510917,0.010917030567685589,0.0013100436681222707
2919,0.5276679841897233,0.0,0.023715415019762844,0.44861660079051385
2920,0.03856749311294766,0.8650137741046832,0.09090909090909091,0.005509641873278237
2921,0.3072916666666667,0.16145833333333334,0.5130208333333334,0.018229166666666668
2922,0.08974358974358974,0.5128205128205128,0.38461538461538464,0.01282051282051282
2923,0.08181818181818182,0.004545454545454545,0.004545454545454545,0.9090909090909091
2924,0.011790393013100437,0.9759825327510917,0.010917030567685589,0.0013100436681222707
2925,0.011790393013100437,0.9759825327510917,0.010917030567685589,0.0013100436681222707
2926,0.22971014492753622,0.029710144927536233,0.7289855072463768,0.011594202898550725
2927,0.3072916666666667,0.16145833333333334,0.5130208333333334,0.018229166666666668
2928,0.011790393013100437,0.9759825327510917,0.010917030567685589,0.0013100436681222707
2929,0.5276679841897233,0.0,0.023715415019762844,0.44861660079051385
2930,0.3253424657534247,0.0,0.010273972602739725,0.6643835616438356
2931,0.22971014492753622,0.029710144927536233,0.7289855072463768,0.011594202898550725
2932,1.0,0.0,0.0,0.0
2933,0.0,1.0,0.0,0.0
2934,0.22971014492753622,0.029710144927536233,0.7289855072463768,0.011594202898550725
2935,0.0989010989010989,0.0,0.03663003663003663,0.8644688644688645
2936,0.011790393013100437,0.9759825327510917,0.010917030567685589,0.0013100436681222707
2937,0.011790393013100437,0.9759825327510917,0.010917030567685589,0.0013100436681222707
2938,0.0989010989010989,0.0,0.03663003663003663,0.8644688644688645
2939,0.3103448275862069,0.6724137931034483,0.017241379310344827,0.0
2940,0.13990825688073394,0.0,0.07339449541284404,0.786697247706422
2941,0.21052631578947367,0.0,0.0,0.7894736842105263
2942,0.0989010989010989,0.0,0.03663003663003663,0.8644688644688645
2943,0.3253424657534247,0.0,0.010273972602739725,0.6643835616438356
2944,0.011790393013100437,0.9759825327510917,0.010917030567685589,0.0013100436681222707
2945,0.22971014492753622,0.029710144927536233,0.7289855072463768,0.011594202898550725
2946,0.03856749311294766,0.8650137741046832,0.09090909090909091,0.005509641873278237
2947,0.22971014492753622,0.029710144927536233,0.7289855072463768,0.011594202898550725
2948,0.22971014492753622,0.029710144927536233,0.7289855072463768,0.011594202898550725
2949,0.011790393013100437,0.9759825327510917,0.010917030567685589,0.0013100436681222707
2950,0.09090909090909091,0.5454545454545454,0.36363636363636365,0.0
2951,0.21739130434782608,0.0,0.03260869565217391,0.75
2952,0.011790393013100437,0.9759825327510917,0.010917030567685589,0.0013100436681222707
2953,0.14736842105263157,0.0,0.005263157894736842,0.8473684210526315
2954,0.22971014492753622,0.029710144927536233,0.7289855072463768,0.011594202898550725
2955,0.14736842105263157,0.0,0.005263157894736842,0.8473684210526315
2956,0.22971014492753622,0.029710144927536233,0.7289855072463768,0.011594202898550725
2957,0.22971014492753622,0.029710144927536233,0.7289855072463768,0.011594202898550725
2958,0.08181818181818182,0.004545454545454545,0.004545454545454545,0.9090909090909091
2959,0.39574468085106385,0.0,0.03404255319148936,0.5702127659574469
2960,0.011790393013100437,0.9759825327510917,0.010917030567685589,0.0013100436681222707
2961,0.03856749311294766,0.8650137741046832,0.09090909090909091,0.005509641873278237
2962,0.6470588235294118,0.0,0.0,0.35294117647058826
2963,0.011790393013100437,0.9759825327510917,0.010917030567685589,0.0013100436681222707
2964,0.03205128205128205,0.11538461538461539,0.8461538461538461,0.00641025641025641
2965,0.011790393013100437,0.9759825327510917,0.010917030567685589,0.0013100436681222707
2966,0.22971014492753622,0.029710144927536233,0.7289855072463768,0.011594202898550725
2967,0.011790393013100437,0.9759825327510917,0.010917030567685589,0.0013100436681222707
2968,0.22971014492753622,0.029710144927536233,0.7289855072463768,0.011594202898550725
2969,0.08181818181818182,0.004545454545454545,0.004545454545454545,0.9090909090909091
2970,0.011790393013100437,0.9759825327510917,0.010917030567685589,0.0013100436681222707
2971,0.13990825688073394,0.0,0.07339449541284404,0.786697247706422
2972,0.22971014492753622,0.029710144927536233,0.7289855072463768,0.011594202898550725
2973,0.22971014492753622,0.029710144927536233,0.7289855072463768,0.011594202898550725
2974,0.08181818181818182,0.004545454545454545,0.004545454545454545,0.9090909090909091
2975,0.011790393013100437,0.9759825327510917,0.010917030567685589,0.0013100436681222707
2976,0.22971014492753622,0.029710144927536233,0.7289855072463768,0.011594202898550725
2977,0.22971014492753622,0.029710144927536233,0.7289855072463768,0.011594202898550725
2978,0.3072916666666667,0.16145833333333334,0.5130208333333334,0.018229166666666668
2979,0.22971014492753622,0.029710144927536233,0.7289855072463768,0.011594202898550725
2980,0.5276679841897233,0.0,0.023715415019762844,0.44861660079051385
2981,0.08181818181818182,0.004545454545454545,0.004545454545454545,0.9090909090909091
2982,0.21739130434782608,0.0,0.03260869565217391,0.75
2983,0.011790393013100437,0.9759825327510917,0.010917030567685589,0.0013100436681222707
2984,0.14736842105263157,0.0,0.005263157894736842,0.8473684210526315
2985,0.011790393013100437,0.9759825327510917,0.010917030567685589,0.0013100436681222707
2986,0.3253424657534247,0.0,0.010273972602739725,0.6643835616438356
2987,0.452,0.096,0.448,0.004
2988,0.011790393013100437,0.9759825327510917,0.010917030567685589,0.0013100436681222707
2989,0.39574468085106385,0.0,0.03404255319148936,0.5702127659574469
2990,0.13990825688073394,0.0,0.07339449541284404,0.786697247706422
2991,0.3253424657534247,0.0,0.010273972602739725,0.6643835616438356
2992,0.22971014492753622,0.029710144927536233,0.7289855072463768,0.011594202898550725
2993,0.39574468085106385,0.0,0.03404255319148936,0.5702127659574469
2994,0.3103448275862069,0.6724137931034483,0.017241379310344827,0.0
2995,0.39574468085106385,0.0,0.03404255319148936,0.5702127659574469
2996,0.6724137931034483,0.008620689655172414,0.2413793103448276,0.07758620689655173
2997,0.452,0.096,0.448,0.004
2998,0.011790393013100437,0.9759825327510917,0.010917030567685589,0.0013100436681222707
2999,0.011790393013100437,0.9759825327510917,0.010917030567685589,0.0013100436681222707
3000,0.13990825688073394,0.0,0.07339449541284404,0.786697247706422
3001,0.08181818181818182,0.004545454545454545,0.004545454545454545,0.9090909090909091
3002,0.5276679841897233,0.0,0.023715415019762844,0.44861660079051385
3003,0.03205128205128205,0.11538461538461539,0.8461538461538461,0.00641025641025641
3004,0.011790393013100437,0.9759825327510917,0.010917030567685589,0.0013100436681222707
3005,0.39574468085106385,0.0,0.03404255319148936,0.5702127659574469
3006,0.14736842105263157,0.0,0.005263157894736842,0.8473684210526315
3007,0.8917525773195877,0.005154639175257732,0.04639175257731959,0.05670103092783505
3008,0.03856749311294766,0.8650137741046832,0.09090909090909091,0.005509641873278237
3009,0.22971014492753622,0.029710144927536233,0.7289855072463768,0.011594202898550725
3010,0.011790393013100437,0.9759825327510917,0.010917030567685589,0.0013100436681222707
3011,0.452,0.096,0.448,0.004
3012,0.0989010989010989,0.0,0.03663003663003663,0.8644688644688645
3013,0.03205128205128205,0.11538461538461539,0.8461538461538461,0.00641025641025641
3014,0.03856749311294766,0.8650137741046832,0.09090909090909091,0.005509641873278237
3015,0.3072916666666667,0.16145833333333334,0.5130208333333334,0.018229166666666668
3016,0.011790393013100437,0.9759825327510917,0.010917030567685589,0.0013100436681222707
3017,0.011790393013100437,0.9759825327510917,0.010917030567685589,0.0013100436681222707
3018,0.5306122448979592,0.4489795918367347,0.0,0.02040816326530612
3019,0.39574468085106385,0.0,0.03404255319148936,0.5702127659574469
3020,0.22971014492753622,0.029710144927536233,0.7289855072463768,0.011594202898550725
3021,0.011790393013100437,0.9759825327510917,0.010917030567685589,0.0013100436681222707
3022,0.22971014492753622,0.029710144927536233,0.7289855072463768,0.011594202898550725
3023,0.13990825688073394,0.0,0.07339449541284404,0.786697247706422
3024,0.22971014492753622,0.029710144927536233,0.7289855072463768,0.011594202898550725
3025,0.22971014492753622,0.029710144927536233,0.7289855072463768,0.011594202898550725
3026,0.011790393013100437,0.9759825327510917,0.010917030567685589,0.0013100436681222707
3027,0.011790393013100437,0.9759825327510917,0.010917030567685589,0.0013100436681222707
3028,0.3103448275862069,0.6724137931034483,0.017241379310344827,0.0
3029,0.08181818181818182,0.004545454545454545,0.004545454545454545,0.9090909090909091
3030,0.011790393013100437,0.9759825327510917,0.010917030567685589,0.0013100436681222707
3031,0.22971014492753622,0.029710144927536233,0.7289855072463768,0.011594202898550725
3032,0.452,0.096,0.448,0.004
3033,0.011790393013100437,0.9759825327510917,0.010917030567685589,0.0013100436681222707
3034,0.22971014492753622,0.029710144927536233,0.7289855072463768,0.011594202898550725
3035,0.13990825688073394,0.0,0.07339449541284404,0.786697247706422
3036,0.13990825688073394,0.0,0.07339449541284404,0.786697247706422
3037,0.8917525773195877,0.005154639175257732,0.04639175257731959,0.05670103092783505
3038,0.011790393013100437,0.9759825327510917,0.010917030567685589,0.0013100436681222707
3039,0.03205128205128205,0.11538461538461539,0.8461538461538461,0.00641025641025641
3040,0.14736842105263157,0.0,0.005263157894736842,0.8473684210526315
3041,0.011790393013100437,0.9759825327510917,0.010917030567685589,0.0013100436681222707
3042,0.5276679841897233,0.0,0.023715415019762844,0.44861660079051385
3043,0.22971014492753622,0.029710144927536233,0.7289855072463768,0.011594202898550725
3044,0.452,0.096,0.448,0.004
3045,0.011790393013100437,0.9759825327510917,0.010917030567685589,0.0013100436681222707
3046,0.22971014492753622,0.029710144927536233,0.7289855072463768,0.011594202898550725
3047,0.22971014492753622,0.029710144927536233,0.7289855072463768,0.011594202898550725
3048,0.03856749311294766,0.8650137741046832,0.09090909090909091,0.005509641873278237
3049,0.011790393013100437,0.9759825327510917,0.010917030567685589,0.0013100436681222707
3050,0.011790393013100437,0.9759825327510917,0.010917030567685589,0.0013100436681222707
3051,0.3072916666666667,0.16145833333333334,0.5130208333333334,0.018229166666666668
3052,0.011790393013100437,0.9759825327510917,0.010917030567685589,0.0013100436681222707
3053,0.011790393013100437,0.9759825327510917,0.010917030567685589,0.0013100436681222707
3054,0.011790393013100437,0.9759825327510917,0.010917030567685589,0.0013100436681222707
3055,0.3103448275862069,0.6724137931034483,0.017241379310344827,0.0
3056,0.011790393013100437,0.9759825327510917,0.010917030567685589,0.0013100436681222707
3057,0.0,0.0,0.0,1.0
3058,0.22971014492753622,0.029710144927536233,0.7289855072463768,0.011594202898550725
3059,0.011790393013100437,0.9759825327510917,0.010917030567685589,0.0013100436681222707
3060,0.8917525773195877,0.005154639175257732,0.04639175257731959,0.05670103092783505
3061,0.011790393013100437,0.9759825327510917,0.010917030567685589,0.0013100436681222707
3062,0.6724137931034483,0.008620689655172414,0.2413793103448276,0.07758620689655173
3063,0.011790393013100437,0.9759825327510917,0.010917030567685589,0.0013100436681222707
3064,0.22971014492753622,0.029710144927536233,0.7289855072463768,0.011594202898550725
3065,0.14736842105263157,0.0,0.005263157894736842,0.8473684210526315
3066,0.0,1.0,0.0,0.0
3067,0.011790393013100437,0.9759825327510917,0.010917030567685589,0.0013100436681222707
3068,0.0989010989010989,0.0,0.03663003663003663,0.8644688644688645
3069,0.011790393013100437,0.9759825327510917,0.010917030567685589,0.0013100436681222707
3070,0.21739130434782608,0.0,0.03260869565217391,0.75
3071,0.22971014492753622,0.029710144927536233,0.7289855072463768,0.011594202898550725
3072,0.017964071856287425,0.8203592814371258,0.16167664670658682,0.0
3073,0.08181818181818182,0.004545454545454545,0.004545454545454545,0.9090909090909091
3074,0.3072916666666667,0.16145833333333334,0.5130208333333334,0.018229166666666668
3075,0.0989010989010989,0.0,0.03663003663003663,0.8644688644688645
3076,0.011790393013100437,0.9759825327510917,0.010917030567685589,0.0013100436681222707
3077,0.22971014492753622,0.029710144927536233,0.7289855072463768,0.011594202898550725
3078,0.017964071856287425,0.8203592814371258,0.16167664670658682,0.0
3079,0.011790393013100437,0.9759825327510917,0.010917030567685589,0.0013100436681222707
3080,0.3253424657534247,0.0,0.010273972602739725,0.6643835616438356
3081,0.08974358974358974,0.5128205128205128,0.38461538461538464,0.01282051282051282
3082,0.03205128205128205,0.11538461538461539,0.8461538461538461,0.00641025641025641
3083,0.8917525773195877,0.005154639175257732,0.04639175257731959,0.05670103092783505
3084,0.03205128205128205,0.11538461538461539,0.8461538461538461,0.00641025641025641
3085,0.13990825688073394,0.0,0.07339449541284404,0.786697247706422
3086,0.0989010989010989,0.0,0.03663003663003663,0.8644688644688645
3087,0.03205128205128205,0.11538461538461539,0.8461538461538461,0.00641025641025641
3088,0.13990825688073394,0.0,0.07339449541284404,0.786697247706422
3089,0.011790393013100437,0.9759825327510917,0.010917030567685589,0.0013100436681222707
3090,0.011790393013100437,0.9759825327510917,0.010917030567685589,0.0013100436681222707
3091,0.8917525773195877,0.005154639175257732,0.04639175257731959,0.05670103092783505
3092,0.011790393013100437,0.9759825327510917,0.010917030567685589,0.0013100436681222707
3093,0.03856749311294766,0.8650137741046832,0.09090909090909091,0.005509641873278237
3094,0.14736842105263157,0.0,0.005263157894736842,0.8473684210526315
3095,0.0,0.0,0.0,1.0
3096,0.03205128205128205,0.11538461538461539,0.8461538461538461,0.00641025641025641
3097,0.22971014492753622,0.029710144927536233,0.7289855072463768,0.011594202898550725
3098,0.14736842105263157,0.0,0.005263157894736842,0.8473684210526315
3099,0.08181818181818182,0.004545454545454545,0.004545454545454545,0.9090909090909091
3100,0.011790393013100437,0.9759825327510917,0.010917030567685589,0.0013100436681222707
3101,0.5276679841897233,0.0,0.023715415019762844,0.44861660079051385
3102,0.452,0.096,0.448,0.004
3103,0.13990825688073394,0.0,0.07339449541284404,0.786697247706422
3104,0.22971014492753622,0.029710144927536233,0.7289855072463768,0.011594202898550725
3105,0.0989010989010989,0.0,0.03663003663003663,0.8644688644688645
3106,0.22971014492753622,0.029710144927536233,0.7289855072463768,0.011594202898550725
3107,0.22971014492753622,0.029710144927536233,0.7289855072463768,0.011594202898550725
3108,0.22971014492753622,0.029710144927536233,0.7289855072463768,0.011594202898550725
3109,0.22971014492753622,0.029710144927536233,0.7289855072463768,0.011594202898550725
3110,0.13990825688073394,0.0,0.07339449541284404,0.786697247706422
3111,0.03856749311294766,0.8650137741046832,0.09090909090909091,0.005509641873278237
3112,0.22971014492753622,0.029710144927536233,0.7289855072463768,0.011594202898550725
3113,0.22971014492753622,0.029710144927536233,0.7289855072463768,0.011594202898550725
3114,0.011790393013100437,0.9759825327510917,0.010917030567685589,0.0013100436681222707
3115,0.011790393013100437,0.9759825327510917,0.010917030567685589,0.0013100436681222707
3116,0.011790393013100437,0.9759825327510917,0.010917030567685589,0.0013100436681222707
3117,0.011790393013100437,0.9759825327510917,0.010917030567685589,0.0013100436681222707
3118,0.011790393013100437,0.9759825327510917,0.010917030567685589,0.0013100436681222707
3119,0.011790393013100437,0.9759825327510917,0.010917030567685589,0.0013100436681222707
3120,0.011790393013100437,0.9759825327510917,0.010917030567685589,0.0013100436681222707
3121,0.5276679841897233,0.0,0.023715415019762844,0.44861660079051385
3122,0.14736842105263157,0.0,0.005263157894736842,0.8473684210526315
3123,0.03856749311294766,0.8650137741046832,0.09090909090909091,0.005509641873278237
3124,0.5276679841897233,0.0,0.023715415019762844,0.44861660079051385
3125,0.011790393013100437,0.9759825327510917,0.010917030567685589,0.0013100436681222707
3126,0.011790393013100437,0.9759825327510917,0.010917030567685589,0.0013100436681222707
3127,0.13990825688073394,0.0,0.07339449541284404,0.786697247706422
3128,0.011790393013100437,0.9759825327510917,0.010917030567685589,0.0013100436681222707
3129,0.21739130434782608,0.0,0.03260869565217391,0.75
3130,0.011790393013100437,0.9759825327510917,0.010917030567685589,0.0013100436681222707
3131,0.5862068965517241,0.11494252873563218,0.26436781609195403,0.034482758620689655
3132,0.011790393013100437,0.9759825327510917,0.010917030567685589,0.0013100436681222707
3133,0.22971014492753622,0.029710144927536233,0.7289855072463768,0.011594202898550725
3134,0.22971014492753622,0.029710144927536233,0.7289855072463768,0.011594202898550725
3135,0.3072916666666667,0.16145833333333334,0.5130208333333334,0.018229166666666668
3136,0.22971014492753622,0.029710144927536233,0.7289855072463768,0.011594202898550725
3137,0.011790393013100437,0.9759825327510917,0.010917030567685589,0.0013100436681222707
3138,0.017964071856287425,0.8203592814371258,0.16167664670658682,0.0
3139,0.5276679841897233,0.0,0.023715415019762844,0.44861660079051385
3140,0.22971014492753622,0.029710144927536233,0.7289855072463768,0.011594202898550725
3141,0.08974358974358974,0.5128205128205128,0.38461538461538464,0.01282051282051282
3142,0.5306122448979592,0.4489795918367347,0.0,0.02040816326530612
3143,0.011790393013100437,0.9759825327510917,0.010917030567685589,0.0013100436681222707
3144,0.011790393013100437,0.9759825327510917,0.010917030567685589,0.0013100436681222707
3145,0.22971014492753622,0.029710144927536233,0.7289855072463768,0.011594202898550725
3146,0.22971014492753622,0.029710144927536233,0.7289855072463768,0.011594202898550725
3147,0.8,0.2,0.0,0.0
3148,0.5276679841897233,0.0,0.023715415019762844,0.44861660079051385
3149,0.011790393013100437,0.9759825327510917,0.010917030567685589,0.0013100436681222707
3150,0.13990825688073394,0.0,0.07339449541284404,0.786697247706422
3151,0.39574468085106385,0.0,0.03404255319148936,0.5702127659574469
3152,0.2222222222222222,0.4888888888888889,0.28888888888888886,0.0
3153,0.03856749311294766,0.8650137741046832,0.09090909090909091,0.005509641873278237
3154,0.011790393013100437,0.9759825327510917,0.010917030567685589,0.0013100436681222707
3155,0.011790393013100437,0.9759825327510917,0.010917030567685589,0.0013100436681222707
3156,0.011790393013100437,0.9759825327510917,0.010917030567685589,0.0013100436681222707
3157,0.39574468085106385,0.0,0.03404255319148936,0.5702127659574469
3158,0.011790393013100437,0.9759825327510917,0.010917030567685589,0.0013100436681222707
3159,0.011790393013100437,0.9759825327510917,0.010917030567685589,0.0013100436681222707
3160,0.3072916666666667,0.16145833333333334,0.5130208333333334,0.018229166666666668
3161,0.22971014492753622,0.029710144927536233,0.7289855072463768,0.011594202898550725
3162,0.3072916666666667,0.16145833333333334,0.5130208333333334,0.018229166666666668
3163,0.08181818181818182,0.004545454545454545,0.004545454545454545,0.9090909090909091
3164,0.5276679841897233,0.0,0.023715415019762844,0.44861660079051385
3165,0.5276679841897233,0.0,0.023715415019762844,0.44861660079051385
3166,0.21739130434782608,0.0,0.03260869565217391,0.75
3167,0.39574468085106385,0.0,0.03404255319148936,0.5702127659574469
3168,0.3072916666666667,0.16145833333333334,0.5130208333333334,0.018229166666666668
3169,0.08181818181818182,0.004545454545454545,0.004545454545454545,0.9090909090909091
3170,0.011790393013100437,0.9759825327510917,0.010917030567685589,0.0013100436681222707
3171,0.5306122448979592,0.4489795918367347,0.0,0.02040816326530612
3172,0.011790393013100437,0.9759825327510917,0.010917030567685589,0.0013100436681222707
3173,0.452,0.096,0.448,0.004
3174,0.0,0.0,0.0,1.0
3175,0.3072916666666667,0.16145833333333334,0.5130208333333334,0.018229166666666668
3176,0.011790393013100437,0.9759825327510917,0.010917030567685589,0.0013100436681222707
3177,0.22971014492753622,0.029710144927536233,0.7289855072463768,0.011594202898550725
3178,0.21739130434782608,0.0,0.03260869565217391,0.75
3179,0.22971014492753622,0.029710144927536233,0.7289855072463768,0.011594202898550725
3180,0.03856749311294766,0.8650137741046832,0.09090909090909091,0.005509641873278237
3181,0.22971014492753622,0.029710144927536233,0.7289855072463768,0.011594202898550725
3182,0.011790393013100437,0.9759825327510917,0.010917030567685589,0.0013100436681222707
3183,0.011790393013100437,0.9759825327510917,0.010917030567685589,0.0013100436681222707
3184,0.8917525773195877,0.005154639175257732,0.04639175257731959,0.05670103092783505
3185,0.011790393013100437,0.9759825327510917,0.010917030567685589,0.0013100436681222707
3186,0.22971014492753622,0.029710144927536233,0.7289855072463768,0.011594202898550725
3187,0.5276679841897233,0.0,0.023715415019762844,0.44861660079051385
3188,0.011790393013100437,0.9759825327510917,0.010917030567685589,0.0013100436681222707
3189,0.14736842105263157,0.0,0.005263157894736842,0.8473684210526315
3190,0.22971014492753622,0.029710144927536233,0.7289855072463768,0.011594202898550725
3191,0.011790393013100437,0.9759825327510917,0.010917030567685589,0.0013100436681222707
3192,0.5276679841897233,0.0,0.023715415019762844,0.44861660079051385
3193,0.22971014492753622,0.029710144927536233,0.7289855072463768,0.011594202898550725
3194,0.011790393013100437,0.9759825327510917,0.010917030567685589,0.0013100436681222707
3195,0.22971014492753622,0.029710144927536233,0.7289855072463768,0.011594202898550725
3196,0.5276679841897233,0.0,0.023715415019762844,0.44861660079051385
3197,0.011790393013100437,0.9759825327510917,0.010917030567685589,0.0013100436681222707
3198,0.22971014492753622,0.029710144927536233,0.7289855072463768,0.011594202898550725
3199,0.22971014492753622,0.029710144927536233,0.7289855072463768,0.011594202898550725
3200,0.9032258064516129,0.0,0.03225806451612903,0.06451612903225806
3201,0.22971014492753622,0.029710144927536233,0.7289855072463768,0.011594202898550725
3202,0.39574468085106385,0.0,0.03404255319148936,0.5702127659574469
3203,0.017964071856287425,0.8203592814371258,0.16167664670658682,0.0
3204,0.011790393013100437,0.9759825327510917,0.010917030567685589,0.0013100436681222707
3205,0.14736842105263157,0.0,0.005263157894736842,0.8473684210526315
3206,0.22971014492753622,0.029710144927536233,0.7289855072463768,0.011594202898550725
3207,0.22971014492753622,0.029710144927536233,0.7289855072463768,0.011594202898550725
3208,0.0,0.896551724137931,0.10344827586206896,0.0
3209,0.22971014492753622,0.029710144927536233,0.7289855072463768,0.011594202898550725
3210,0.13990825688073394,0.0,0.07339449541284404,0.786697247706422
3211,0.8917525773195877,0.005154639175257732,0.04639175257731959,0.05670103092783505
3212,0.3103448275862069,0.6724137931034483,0.017241379310344827,0.0
3213,0.011790393013100437,0.9759825327510917,0.010917030567685589,0.0013100436681222707
3214,0.011790393013100437,0.9759825327510917,0.010917030567685589,0.0013100436681222707
3215,0.5276679841897233,0.0,0.023715415019762844,0.44861660079051385
3216,0.03856749311294766,0.8650137741046832,0.09090909090909091,0.005509641873278237
3217,0.14736842105263157,0.0,0.005263157894736842,0.8473684210526315
3218,0.011790393013100437,0.9759825327510917,0.010917030567685589,0.0013100436681222707
3219,0.011790393013100437,0.9759825327510917,0.010917030567685589,0.0013100436681222707
3220,0.03856749311294766,0.8650137741046832,0.09090909090909091,0.005509641873278237
3221,0.22971014492753622,0.029710144927536233,0.7289855072463768,0.011594202898550725
3222,0.452,0.096,0.448,0.004
3223,0.22971014492753622,0.029710144927536233,0.7289855072463768,0.011594202898550725
3224,0.5276679841897233,0.0,0.023715415019762844,0.44861660079051385
3225,0.5276679841897233,0.0,0.023715415019762844,0.44861660079051385
3226,0.22971014492753622,0.029710144927536233,0.7289855072463768,0.011594202898550725
3227,0.14736842105263157,0.0,0.005263157894736842,0.8473684210526315
3228,0.011790393013100437,0.9759825327510917,0.010917030567685589,0.0013100436681222707
3229,0.0989010989010989,0.0,0.03663003663003663,0.8644688644688645
3230,0.03856749311294766,0.8650137741046832,0.09090909090909091,0.005509641873278237
3231,0.8917525773195877,0.005154639175257732,0.04639175257731959,0.05670103092783505
3232,0.02631578947368421,0.0,0.10526315789473684,0.868421052631579
3233,0.5276679841897233,0.0,0.023715415019762844,0.44861660079051385
3234,0.03856749311294766,0.8650137741046832,0.09090909090909091,0.005509641873278237
3235,0.017964071856287425,0.8203592814371258,0.16167664670658682,0.0
3236,0.13990825688073394,0.0,0.07339449541284404,0.786697247706422
3237,0.08181818181818182,0.004545454545454545,0.004545454545454545,0.9090909090909091
3238,0.017964071856287425,0.8203592814371258,0.16167664670658682,0.0
3239,0.6724137931034483,0.008620689655172414,0.2413793103448276,0.07758620689655173
3240,0.21739130434782608,0.0,0.03260869565217391,0.75
3241,0.011790393013100437,0.9759825327510917,0.010917030567685589,0.0013100436681222707
3242,0.5306122448979592,0.4489795918367347,0.0,0.02040816326530612
3243,0.5679012345679012,0.0,0.0,0.43209876543209874
3244,0.3103448275862069,0.6724137931034483,0.017241379310344827,0.0
3245,0.011790393013100437,0.9759825327510917,0.010917030567685589,0.0013100436681222707
3246,0.011790393013100437,0.9759825327510917,0.010917030567685589,0.0013100436681222707
3247,0.13990825688073394,0.0,0.07339449541284404,0.786697247706422
3248,0.3103448275862069,0.6724137931034483,0.017241379310344827,0.0
3249,0.011790393013100437,0.9759825327510917,0.010917030567685589,0.0013100436681222707
3250,0.13990825688073394,0.0,0.07339449541284404,0.786697247706422
3251,0.011790393013100437,0.9759825327510917,0.010917030567685589,0.0013100436681222707
3252,0.3072916666666667,0.16145833333333334,0.5130208333333334,0.018229166666666668
3253,0.21739130434782608,0.0,0.03260869565217391,0.75
3254,0.011790393013100437,0.9759825327510917,0.010917030567685589,0.0013100436681222707
3255,0.21739130434782608,0.0,0.03260869565217391,0.75
3256,0.011790393013100437,0.9759825327510917,0.010917030567685589,0.0013100436681222707
3257,0.14736842105263157,0.0,0.005263157894736842,0.8473684210526315
3258,0.22971014492753622,0.029710144927536233,0.7289855072463768,0.011594202898550725
3259,0.14736842105263157,0.0,0.005263157894736842,0.8473684210526315
3260,0.09090909090909091,0.5454545454545454,0.36363636363636365,0.0
3261,0.39574468085106385,0.0,0.03404255319148936,0.5702127659574469
3262,0.5679012345679012,0.0,0.0,0.43209876543209874
3263,0.011790393013100437,0.9759825327510917,0.010917030567685589,0.0013100436681222707
3264,0.011790393013100437,0.9759825327510917,0.010917030567685589,0.0013100436681222707
3265,0.011790393013100437,0.9759825327510917,0.010917030567685589,0.0013100436681222707
3266,0.011790393013100437,0.9759825327510917,0.010917030567685589,0.0013100436681222707
3267,0.42105263157894735,0.0,0.15789473684210525,0.42105263157894735
3268,0.011790393013100437,0.9759825327510917,0.010917030567685589,0.0013100436681222707
3269,0.22971014492753622,0.029710144927536233,0.7289855072463768,0.011594202898550725
3270,0.011790393013100437,0.9759825327510917,0.010917030567685589,0.0013100436681222707
3271,0.011790393013100437,0.9759825327510917,0.010917030567685589,0.0013100436681222707
3272,0.011790393013100437,0.9759825327510917,0.010917030567685589,0.0013100436681222707
3273,0.9032258064516129,0.0,0.03225806451612903,0.06451612903225806
3274,0.011790393013100437,0.9759825327510917,0.010917030567685589,0.0013100436681222707
3275,0.39574468085106385,0.0,0.03404255319148936,0.5702127659574469
3276,0.13990825688073394,0.0,0.07339449541284404,0.786697247706422
3277,0.22971014492753622,0.029710144927536233,0.7289855072463768,0.011594202898550725
3278,0.452,0.096,0.448,0.004
3279,0.011790393013100437,0.9759825327510917,0.010917030567685589,0.0013100436681222707
3280,0.22971014492753622,0.029710144927536233,0.7289855072463768,0.011594202898550725
3281,0.03205128205128205,0.11538461538461539,0.8461538461538461,0.00641025641025641
3282,0.13990825688073394,0.0,0.07339449541284404,0.786697247706422
3283,0.6470588235294118,0.0,0.0,0.35294117647058826
3284,0.011790393013100437,0.9759825327510917,0.010917030567685589,0.0013100436681222707
3285,0.03205128205128205,0.11538461538461539,0.8461538461538461,0.00641025641025641
3286,0.13990825688073394,0.0,0.07339449541284404,0.786697247706422
3287,0.011790393013100437,0.9759825327510917,0.010917030567685589,0.0013100436681222707
3288,0.3253424657534247,0.0,0.010273972602739725,0.6643835616438356
3289,0.011790393013100437,0.9759825327510917,0.010917030567685589,0.0013100436681222707
3290,0.3103448275862069,0.6724137931034483,0.017241379310344827,0.0
3291,0.3253424657534247,0.0,0.010273972602739725,0.6643835616438356
3292,0.011790393013100437,0.9759825327510917,0.010917030567685589,0.0013100436681222707
3293,1.0,0.0,0.0,0.0
3294,0.39574468085106385,0.0,0.03404255319148936,0.5702127659574469
3295,0.452,0.096,0.448,0.004
3296,0.011790393013100437,0.9759825327510917,0.010917030567685589,0.0013100436681222707
3297,0.011790393013100437,0.9759825327510917,0.010917030567685589,0.0013100436681222707
3298,0.39574468085106385,0.0,0.03404255319148936,0.5702127659574469
3299,0.03856749311294766,0.8650137741046832,0.09090909090909091,0.005509641873278237
3300,0.3072916666666667,0.16145833333333334,0.5130208333333334,0.018229166666666668
3301,0.22971014492753622,0.029710144927536233,0.7289855072463768,0.011594202898550725
3302,0.0,0.0,0.0,1.0
3303,0.011790393013100437,0.9759825327510917,0.010917030567685589,0.0013100436681222707
3304,0.5276679841897233,0.0,0.023715415019762844,0.44861660079051385
3305,0.22971014492753622,0.029710144927536233,0.7289855072463768,0.011594202898550725
3306,0.39574468085106385,0.0,0.03404255319148936,0.5702127659574469
3307,0.13990825688073394,0.0,0.07339449541284404,0.786697247706422
3308,0.22971014492753622,0.029710144927536233,0.7289855072463768,0.011594202898550725
3309,0.017964071856287425,0.8203592814371258,0.16167664670658682,0.0
3310,0.08181818181818182,0.004545454545454545,0.004545454545454545,0.9090909090909091
3311,0.011790393013100437,0.9759825327510917,0.010917030567685589,0.0013100436681222707
3312,0.22971014492753622,0.029710144927536233,0.7289855072463768,0.011594202898550725
3313,0.39574468085106385,0.0,0.03404255319148936,0.5702127659574469
3314,0.011790393013100437,0.9759825327510917,0.010917030567685589,0.0013100436681222707
3315,0.011790393013100437,0.9759825327510917,0.010917030567685589,0.0013100436681222707
3316,0.3072916666666667,0.16145833333333334,0.5130208333333334,0.018229166666666668
3317,0.5276679841897233,0.0,0.023715415019762844,0.44861660079051385
3318,0.21739130434782608,0.0,0.03260869565217391,0.75
3319,0.14736842105263157,0.0,0.005263157894736842,0.8473684210526315
3320,0.08974358974358974,0.5128205128205128,0.38461538461538464,0.01282051282051282
3321,0.011790393013100437,0.9759825327510917,0.010917030567685589,0.0013100436681222707
3322,0.03856749311294766,0.8650137741046832,0.09090909090909091,0.005509641873278237
3323,0.22971014492753622,0.029710144927536233,0.7289855072463768,0.011594202898550725
3324,0.011790393013100437,0.9759825327510917,0.010917030567685589,0.0013100436681222707
3325,0.22971014492753622,0.029710144927536233,0.7289855072463768,0.011594202898550725
3326,0.011790393013100437,0.9759825327510917,0.010917030567685589,0.0013100436681222707
3327,0.011790393013100437,0.9759825327510917,0.010917030567685589,0.0013100436681222707
3328,0.22971014492753622,0.029710144927536233,0.7289855072463768,0.011594202898550725
3329,0.39574468085106385,0.0,0.03404255319148936,0.5702127659574469
3330,0.011790393013100437,0.9759825327510917,0.010917030567685589,0.0013100436681222707
3331,0.03856749311294766,0.8650137741046832,0.09090909090909091,0.005509641873278237
3332,0.011790393013100437,0.9759825327510917,0.010917030567685589,0.0013100436681222707
3333,0.3072916666666667,0.16145833333333334,0.5130208333333334,0.018229166666666668
3334,0.5276679841897233,0.0,0.023715415019762844,0.44861660079051385
3335,0.0989010989010989,0.0,0.03663003663003663,0.8644688644688645
3336,0.22971014492753622,0.029710144927536233,0.7289855072463768,0.011594202898550725
3337,0.22971014492753622,0.029710144927536233,0.7289855072463768,0.011594202898550725
3338,0.3253424657534247,0.0,0.010273972602739725,0.6643835616438356
3339,0.011790393013100437,0.9759825327510917,0.010917030567685589,0.0013100436681222707
3340,0.3103448275862069,0.6724137931034483,0.017241379310344827,0.0
3341,0.6724137931034483,0.008620689655172414,0.2413793103448276,0.07758620689655173
3342,0.011790393013100437,0.9759825327510917,0.010917030567685589,0.0013100436681222707
3343,0.011790393013100437,0.9759825327510917,0.010917030567685589,0.0013100436681222707
3344,0.452,0.096,0.448,0.004
3345,0.03856749311294766,0.8650137741046832,0.09090909090909091,0.005509641873278237
3346,0.03856749311294766,0.8650137741046832,0.09090909090909091,0.005509641873278237
3347,0.5276679841897233,0.0,0.023715415019762844,0.44861660079051385
3348,0.011790393013100437,0.9759825327510917,0.010917030567685589,0.0013100436681222707
3349,0.6470588235294118,0.0,0.0,0.35294117647058826
3350,0.452,0.096,0.448,0.004
3351,0.5679012345679012,0.0,0.0,0.43209876543209874
3352,0.08181818181818182,0.004545454545454545,0.004545454545454545,0.9090909090909091
3353,0.13990825688073394,0.0,0.07339449541284404,0.786697247706422
3354,0.22971014492753622,0.029710144927536233,0.7289855072463768,0.011594202898550725
3355,0.14736842105263157,0.0,0.005263157894736842,0.8473684210526315
3356,0.22971014492753622,0.029710144927536233,0.7289855072463768,0.011594202898550725
3357,0.011790393013100437,0.9759825327510917,0.010917030567685589,0.0013100436681222707
3358,0.011790393013100437,0.9759825327510917,0.010917030567685589,0.0013100436681222707
3359,0.011790393013100437,0.9759825327510917,0.010917030567685589,0.0013100436681222707
3360,0.03856749311294766,0.8650137741046832,0.09090909090909091,0.005509641873278237
3361,0.08181818181818182,0.004545454545454545,0.004545454545454545,0.9090909090909091
3362,0.3253424657534247,0.0,0.010273972602739725,0.6643835616438356
3363,0.22971014492753622,0.029710144927536233,0.7289855072463768,0.011594202898550725
3364,0.3072916666666667,0.16145833333333334,0.5130208333333334,0.018229166666666668
3365,0.09090909090909091,0.5454545454545454,0.36363636363636365,0.0
3366,0.22971014492753622,0.029710144927536233,0.7289855072463768,0.011594202898550725
3367,0.22971014492753622,0.029710144927536233,0.7289855072463768,0.011594202898550725
3368,0.22971014492753622,0.029710144927536233,0.7289855072463768,0.011594202898550725
3369,0.011790393013100437,0.9759825327510917,0.010917030567685589,0.0013100436681222707
3370,0.3072916666666667,0.16145833333333334,0.5130208333333334,0.018229166666666668
3371,0.452,0.096,0.448,0.004
3372,0.22971014492753622,0.029710144927536233,0.7289855072463768,0.011594202898550725
3373,0.0989010989010989,0.0,0.03663003663003663,0.8644688644688645
3374,0.13990825688073394,0.0,0.07339449541284404,0.786697247706422
3375,0.8917525773195877,0.005154639175257732,0.04639175257731959,0.05670103092783505
3376,0.3103448275862069,0.6724137931034483,0.017241379310344827,0.0
3377,0.22971014492753622,0.029710144927536233,0.7289855072463768,0.011594202898550725
3378,0.452,0.096,0.448,0.004
3379,0.3253424657534247,0.0,0.010273972602739725,0.6643835616438356
3380,0.5862068965517241,0.11494252873563218,0.26436781609195403,0.034482758620689655
3381,0.0,0.0,0.0,1.0
3382,0.08974358974358974,0.5128205128205128,0.38461538461538464,0.01282051282051282
3383,0.017964071856287425,0.8203592814371258,0.16167664670658682,0.0
3384,0.39574468085106385,0.0,0.03404255319148936,0.5702127659574469
3385,0.03856749311294766,0.8650137741046832,0.09090909090909091,0.005509641873278237
3386,0.0989010989010989,0.0,0.03663003663003663,0.8644688644688645
3387,0.3253424657534247,0.0,0.010273972602739725,0.6643835616438356
3388,0.3253424657534247,0.0,0.010273972602739725,0.6643835616438356
3389,0.3253424657534247,0.0,0.010273972602739725,0.6643835616438356
3390,0.14736842105263157,0.0,0.005263157894736842,0.8473684210526315
3391,0.6956521739130435,0.08695652173913043,0.17391304347826086,0.043478260869565216
3392,0.011790393013100437,0.9759825327510917,0.010917030567685589,0.0013100436681222707
3393,0.011790393013100437,0.9759825327510917,0.010917030567685589,0.0013100436681222707
3394,0.0989010989010989,0.0,0.03663003663003663,0.8644688644688645
3395,0.3103448275862069,0.6724137931034483,0.017241379310344827,0.0
3396,0.5276679841897233,0.0,0.023715415019762844,0.44861660079051385
3397,0.8917525773195877,0.005154639175257732,0.04639175257731959,0.05670103092783505
3398,0.075,0.2,0.725,0.0
3399,0.0,0.0,0.0,1.0
3400,0.5276679841897233,0.0,0.023715415019762844,0.44861660079051385
3401,0.3253424657534247,0.0,0.010273972602739725,0.6643835616438356
3402,0.5679012345679012,0.0,0.0,0.43209876543209874
3403,0.22971014492753622,0.029710144927536233,0.7289855072463768,0.011594202898550725
3404,0.3072916666666667,0.16145833333333334,0.5130208333333334,0.018229166666666668
3405,0.22971014492753622,0.029710144927536233,0.7289855072463768,0.011594202898550725
3406,0.22971014492753622,0.029710144927536233,0.7289855072463768,0.011594202898550725
3407,0.017964071856287425,0.8203592814371258,0.16167664670658682,0.0
3408,0.011790393013100437,0.9759825327510917,0.010917030567685589,0.0013100436681222707
3409,0.08181818181818182,0.004545454545454545,0.004545454545454545,0.9090909090909091
3410,0.3103448275862069,0.6724137931034483,0.017241379310344827,0.0
3411,0.011790393013100437,0.9759825327510917,0.010917030567685589,0.0013100436681222707
3412,0.3072916666666667,0.16145833333333334,0.5130208333333334,0.018229166666666668
3413,0.017964071856287425,0.8203592814371258,0.16167664670658682,0.0
3414,0.3072916666666667,0.16145833333333334,0.5130208333333334,0.018229166666666668
3415,0.011790393013100437,0.9759825327510917,0.010917030567685589,0.0013100436681222707
3416,0.13990825688073394,0.0,0.07339449541284404,0.786697247706422
3417,0.2222222222222222,0.4888888888888889,0.28888888888888886,0.0
3418,0.011790393013100437,0.9759825327510917,0.010917030567685589,0.0013100436681222707
3419,0.14736842105263157,0.0,0.005263157894736842,0.8473684210526315
3420,0.0989010989010989,0.0,0.03663003663003663,0.8644688644688645
3421,0.5276679841897233,0.0,0.023715415019762844,0.44861660079051385
3422,0.39574468085106385,0.0,0.03404255319148936,0.5702127659574469
3423,0.011790393013100437,0.9759825327510917,0.010917030567685589,0.0013100436681222707
3424,0.0989010989010989,0.0,0.03663003663003663,0.8644688644688645
3425,0.011790393013100437,0.9759825327510917,0.010917030567685589,0.0013100436681222707
3426,0.5862068965517241,0.11494252873563218,0.26436781609195403,0.034482758620689655
3427,0.22971014492753622,0.029710144927536233,0.7289855072463768,0.011594202898550725
3428,0.011790393013100437,0.9759825327510917,0.010917030567685589,0.0013100436681222707
3429,0.02631578947368421,0.0,0.10526315789473684,0.868421052631579
3430,0.21739130434782608,0.0,0.03260869565217391,0.75
3431,0.22971014492753622,0.029710144927536233,0.7289855072463768,0.011594202898550725
3432,0.22971014492753622,0.029710144927536233,0.7289855072463768,0.011594202898550725
3433,0.5276679841897233,0.0,0.023715415019762844,0.44861660079051385
3434,0.0989010989010989,0.0,0.03663003663003663,0.8644688644688645
3435,0.3103448275862069,0.6724137931034483,0.017241379310344827,0.0
3436,0.13990825688073394,0.0,0.07339449541284404,0.786697247706422
3437,0.0989010989010989,0.0,0.03663003663003663,0.8644688644688645
3438,0.22971014492753622,0.029710144927536233,0.7289855072463768,0.011594202898550725
3439,0.39574468085106385,0.0,0.03404255319148936,0.5702127659574469
3440,0.011790393013100437,0.9759825327510917,0.010917030567685589,0.0013100436681222707
3441,0.3072916666666667,0.16145833333333334,0.5130208333333334,0.018229166666666668
3442,0.5276679841897233,0.0,0.023715415019762844,0.44861660079051385
3443,0.21739130434782608,0.0,0.03260869565217391,0.75
3444,0.011790393013100437,0.9759825327510917,0.010917030567685589,0.0013100436681222707
3445,0.03205128205128205,0.11538461538461539,0.8461538461538461,0.00641025641025641
3446,0.5276679841897233,0.0,0.023715415019762844,0.44861660079051385
3447,0.011790393013100437,0.9759825327510917,0.010917030567685589,0.0013100436681222707
3448,0.011790393013100437,0.9759825327510917,0.010917030567685589,0.0013100436681222707
3449,0.011790393013100437,0.9759825327510917,0.010917030567685589,0.0013100436681222707
3450,0.5276679841897233,0.0,0.023715415019762844,0.44861660079051385
3451,0.3072916666666667,0.16145833333333334,0.5130208333333334,0.018229166666666668
3452,0.011790393013100437,0.9759825327510917,0.010917030567685589,0.0013100436681222707
3453,0.011790393013100437,0.9759825327510917,0.010917030567685589,0.0013100436681222707
3454,0.13990825688073394,0.0,0.07339449541284404,0.786697247706422
3455,0.13990825688073394,0.0,0.07339449541284404,0.786697247706422
3456,0.22971014492753622,0.029710144927536233,0.7289855072463768,0.011594202898550725
3457,0.011790393013100437,0.9759825327510917,0.010917030567685589,0.0013100436681222707
3458,0.5276679841897233,0.0,0.023715415019762844,0.44861660079051385
3459,0.075,0.2,0.725,0.0
3460,0.03856749311294766,0.8650137741046832,0.09090909090909091,0.005509641873278237
3461,0.452,0.096,0.448,0.004
3462,0.08181818181818182,0.004545454545454545,0.004545454545454545,0.9090909090909091
3463,0.011790393013100437,0.9759825327510917,0.010917030567685589,0.0013100436681222707
3464,0.011790393013100437,0.9759825327510917,0.010917030567685589,0.0013100436681222707
3465,0.011790393013100437,0.9759825327510917,0.010917030567685589,0.0013100436681222707
3466,0.0989010989010989,0.0,0.03663003663003663,0.8644688644688645
3467,0.3072916666666667,0.16145833333333334,0.5130208333333334,0.018229166666666668
3468,0.22971014492753622,0.029710144927536233,0.7289855072463768,0.011594202898550725
3469,0.011790393013100437,0.9759825327510917,0.010917030567685589,0.0013100436681222707
3470,0.011790393013100437,0.9759825327510917,0.010917030567685589,0.0013100436681222707
3471,0.03856749311294766,0.8650137741046832,0.09090909090909091,0.005509641873278237
3472,0.0,0.896551724137931,0.10344827586206896,0.0
3473,0.3072916666666667,0.16145833333333334,0.5130208333333334,0.018229166666666668
3474,0.5276679841897233,0.0,0.023715415019762844,0.44861660079051385
3475,0.03856749311294766,0.8650137741046832,0.09090909090909091,0.005509641873278237
3476,0.6724137931034483,0.008620689655172414,0.2413793103448276,0.07758620689655173
3477,0.03856749311294766,0.8650137741046832,0.09090909090909091,0.005509641873278237
3478,0.0989010989010989,0.0,0.03663003663003663,0.8644688644688645
3479,0.011790393013100437,0.9759825327510917,0.010917030567685589,0.0013100436681222707
3480,0.3253424657534247,0.0,0.010273972602739725,0.6643835616438356
3481,0.14736842105263157,0.0,0.005263157894736842,0.8473684210526315
3482,0.21739130434782608,0.0,0.03260869565217391,0.75
3483,0.39574468085106385,0.0,0.03404255319148936,0.5702127659574469
3484,0.011790393013100437,0.9759825327510917,0.010917030567685589,0.0013100436681222707
3485,0.09090909090909091,0.5454545454545454,0.36363636363636365,0.0
3486,0.011790393013100437,0.9759825327510917,0.010917030567685589,0.0013100436681222707
3487,0.075,0.2,0.725,0.0
3488,0.3072916666666667,0.16145833333333334,0.5130208333333334,0.018229166666666668
3489,0.011790393013100437,0.9759825327510917,0.010917030567685589,0.0013100436681222707
3490,0.13990825688073394,0.0,0.07339449541284404,0.786697247706422
3491,0.22971014492753622,0.029710144927536233,0.7289855072463768,0.011594202898550725
3492,0.0989010989010989,0.0,0.03663003663003663,0.8644688644688645
3493,0.452,0.096,0.448,0.004
3494,0.13990825688073394,0.0,0.07339449541284404,0.786697247706422
3495,0.22971014492753622,0.029710144927536233,0.7289855072463768,0.011594202898550725
3496,0.011790393013100437,0.9759825327510917,0.010917030567685589,0.0013100436681222707
3497,0.5306122448979592,0.4489795918367347,0.0,0.02040816326530612
3498,0.011790393013100437,0.9759825327510917,0.010917030567685589,0.0013100436681222707
3499,0.011790393013100437,0.9759825327510917,0.010917030567685589,0.0013100436681222707
3500,0.21739130434782608,0.0,0.03260869565217391,0.75
3501,0.39574468085106385,0.0,0.03404255319148936,0.5702127659574469
3502,0.8917525773195877,0.005154639175257732,0.04639175257731959,0.05670103092783505
3503,0.011790393013100437,0.9759825327510917,0.010917030567685589,0.0013100436681222707
3504,0.452,0.096,0.448,0.004
3505,0.452,0.096,0.448,0.004
3506,0.22971014492753622,0.029710144927536233,0.7289855072463768,0.011594202898550725
3507,0.22971014492753622,0.029710144927536233,0.7289855072463768,0.011594202898550725
3508,0.452,0.096,0.448,0.004
3509,0.011790393013100437,0.9759825327510917,0.010917030567685589,0.0013100436681222707
3510,0.22971014492753622,0.029710144927536233,0.7289855072463768,0.011594202898550725
3511,0.22971014492753622,0.029710144927536233,0.7289855072463768,0.011594202898550725
3512,0.011790393013100437,0.9759825327510917,0.010917030567685589,0.0013100436681222707
3513,0.3072916666666667,0.16145833333333334,0.5130208333333334,0.018229166666666668
3514,0.3072916666666667,0.16145833333333334,0.5130208333333334,0.018229166666666668
3515,0.21052631578947367,0.0,0.0,0.7894736842105263
3516,0.0989010989010989,0.0,0.03663003663003663,0.8644688644688645
3517,0.017964071856287425,0.8203592814371258,0.16167664670658682,0.0
3518,0.011790393013100437,0.9759825327510917,0.010917030567685589,0.0013100436681222707
3519,0.5276679841897233,0.0,0.023715415019762844,0.44861660079051385
3520,0.22971014492753622,0.029710144927536233,0.7289855072463768,0.011594202898550725
3521,0.6724137931034483,0.008620689655172414,0.2413793103448276,0.07758620689655173
3522,0.03205128205128205,0.11538461538461539,0.8461538461538461,0.00641025641025641
3523,0.22971014492753622,0.029710144927536233,0.7289855072463768,0.011594202898550725
3524,0.22971014492753622,0.029710144927536233,0.7289855072463768,0.011594202898550725
3525,0.011790393013100437,0.9759825327510917,0.010917030567685589,0.0013100436681222707
3526,0.5306122448979592,0.4489795918367347,0.0,0.02040816326530612
3527,0.39574468085106385,0.0,0.03404255319148936,0.5702127659574469
3528,0.5276679841897233,0.0,0.023715415019762844,0.44861660079051385
3529,0.011790393013100437,0.9759825327510917,0.010917030567685589,0.0013100436681222707
3530,0.22971014492753622,0.029710144927536233,0.7289855072463768,0.011594202898550725
3531,0.011790393013100437,0.9759825327510917,0.010917030567685589,0.0013100436681222707
3532,0.22971014492753622,0.029710144927536233,0.7289855072463768,0.011594202898550725
3533,0.0989010989010989,0.0,0.03663003663003663,0.8644688644688645
3534,0.22971014492753622,0.029710144927536233,0.7289855072463768,0.011594202898550725
3535,0.011790393013100437,0.9759825327510917,0.010917030567685589,0.0013100436681222707
3536,0.03856749311294766,0.8650137741046832,0.09090909090909091,0.005509641873278237
3537,0.14736842105263157,0.0,0.005263157894736842,0.8473684210526315
3538,0.5276679841897233,0.0,0.023715415019762844,0.44861660079051385
3539,0.14736842105263157,0.0,0.005263157894736842,0.8473684210526315
3540,0.011790393013100437,0.9759825327510917,0.010917030567685589,0.0013100436681222707
3541,0.22971014492753622,0.029710144927536233,0.7289855072463768,0.011594202898550725
3542,0.08181818181818182,0.004545454545454545,0.004545454545454545,0.9090909090909091
3543,0.5276679841897233,0.0,0.023715415019762844,0.44861660079051385
3544,0.22971014492753622,0.029710144927536233,0.7289855072463768,0.011594202898550725
3545,0.011790393013100437,0.9759825327510917,0.010917030567685589,0.0013100436681222707
3546,0.011790393013100437,0.9759825327510917,0.010917030567685589,0.0013100436681222707
3547,0.22971014492753622,0.029710144927536233,0.7289855072463768,0.011594202898550725
3548,0.011790393013100437,0.9759825327510917,0.010917030567685589,0.0013100436681222707
3549,0.017964071856287425,0.8203592814371258,0.16167664670658682,0.0
3550,0.03856749311294766,0.8650137741046832,0.09090909090909091,0.005509641873278237
3551,0.13990825688073394,0.0,0.07339449541284404,0.786697247706422
3552,0.21052631578947367,0.0,0.0,0.7894736842105263
3553,0.39574468085106385,0.0,0.03404255319148936,0.5702127659574469
3554,0.21739130434782608,0.0,0.03260869565217391,0.75
3555,0.2222222222222222,0.4888888888888889,0.28888888888888886,0.0
3556,0.011790393013100437,0.9759825327510917,0.010917030567685589,0.0013100436681222707
3557,0.22971014492753622,0.029710144927536233,0.7289855072463768,0.011594202898550725
3558,0.13990825688073394,0.0,0.07339449541284404,0.786697247706422
3559,0.017964071856287425,0.8203592814371258,0.16167664670658682,0.0
3560,0.22971014492753622,0.029710144927536233,0.7289855072463768,0.011594202898550725
3561,0.0989010989010989,0.0,0.03663003663003663,0.8644688644688645
3562,0.011790393013100437,0.9759825327510917,0.010917030567685589,0.0013100436681222707
3563,0.42105263157894735,0.0,0.15789473684210525,0.42105263157894735
3564,0.011790393013100437,0.9759825327510917,0.010917030567685589,0.0013100436681222707
3565,0.011790393013100437,0.9759825327510917,0.010917030567685589,0.0013100436681222707
3566,0.011790393013100437,0.9759825327510917,0.010917030567685589,0.0013100436681222707
3567,0.452,0.096,0.448,0.004
3568,0.22971014492753622,0.029710144927536233,0.7289855072463768,0.011594202898550725
3569,0.03856749311294766,0.8650137741046832,0.09090909090909091,0.005509641873278237
3570,0.3072916666666667,0.16145833333333334,0.5130208333333334,0.018229166666666668
3571,0.011790393013100437,0.9759825327510917,0.010917030567685589,0.0013100436681222707
3572,0.13990825688073394,0.0,0.07339449541284404,0.786697247706422
3573,0.22971014492753622,0.029710144927536233,0.7289855072463768,0.011594202898550725
3574,0.22971014492753622,0.029710144927536233,0.7289855072463768,0.011594202898550725
3575,0.6724137931034483,0.008620689655172414,0.2413793103448276,0.07758620689655173
3576,0.22971014492753622,0.029710144927536233,0.7289855072463768,0.011594202898550725
3577,0.08974358974358974,0.5128205128205128,0.38461538461538464,0.01282051282051282
3578,0.011790393013100437,0.9759825327510917,0.010917030567685589,0.0013100436681222707
3579,0.011790393013100437,0.9759825327510917,0.010917030567685589,0.0013100436681222707
3580,0.22971014492753622,0.029710144927536233,0.7289855072463768,0.011594202898550725
3581,0.0,0.0,0.0,1.0
3582,0.011790393013100437,0.9759825327510917,0.010917030567685589,0.0013100436681222707
3583,0.5306122448979592,0.4489795918367347,0.0,0.02040816326530612
3584,0.22971014492753622,0.029710144927536233,0.7289855072463768,0.011594202898550725
3585,0.8917525773195877,0.005154639175257732,0.04639175257731959,0.05670103092783505
3586,0.3253424657534247,0.0,0.010273972602739725,0.6643835616438356
3587,0.5276679841897233,0.0,0.023715415019762844,0.44861660079051385
3588,0.39574468085106385,0.0,0.03404255319148936,0.5702127659574469
3589,0.03856749311294766,0.8650137741046832,0.09090909090909091,0.005509641873278237
3590,0.011790393013100437,0.9759825327510917,0.010917030567685589,0.0013100436681222707
3591,0.22971014492753622,0.029710144927536233,0.7289855072463768,0.011594202898550725
3592,0.8,0.2,0.0,0.0
3593,0.011790393013100437,0.9759825327510917,0.010917030567685589,0.0013100436681222707
3594,0.452,0.096,0.448,0.004
3595,0.3072916666666667,0.16145833333333334,0.5130208333333334,0.018229166666666668
3596,0.0,0.0,0.0,1.0
3597,0.8917525773195877,0.005154639175257732,0.04639175257731959,0.05670103092783505
3598,0.011790393013100437,0.9759825327510917,0.010917030567685589,0.0013100436681222707
3599,0.22971014492753622,0.029710144927536233,0.7289855072463768,0.011594202898550725
3600,0.3103448275862069,0.6724137931034483,0.017241379310344827,0.0
3601,0.08181818181818182,0.004545454545454545,0.004545454545454545,0.9090909090909091
3602,0.22971014492753622,0.029710144927536233,0.7289855072463768,0.011594202898550725
3603,0.39574468085106385,0.0,0.03404255319148936,0.5702127659574469
3604,0.011790393013100437,0.9759825327510917,0.010917030567685589,0.0013100436681222707
3605,0.22971014492753622,0.029710144927536233,0.7289855072463768,0.011594202898550725
3606,0.13990825688073394,0.0,0.07339449541284404,0.786697247706422
3607,0.011790393013100437,0.9759825327510917,0.010917030567685589,0.0013100436681222707
3608,0.0989010989010989,0.0,0.03663003663003663,0.8644688644688645
3609,0.21739130434782608,0.0,0.03260869565217391,0.75
3610,0.0989010989010989,0.0,0.03663003663003663,0.8644688644688645
3611,0.6724137931034483,0.008620689655172414,0.2413793103448276,0.07758620689655173
3612,0.011790393013100437,0.9759825327510917,0.010917030567685589,0.0013100436681222707
3613,0.017964071856287425,0.8203592814371258,0.16167664670658682,0.0
3614,0.08181818181818182,0.004545454545454545,0.004545454545454545,0.9090909090909091
3615,0.13990825688073394,0.0,0.07339449541284404,0.786697247706422
3616,0.22971014492753622,0.029710144927536233,0.7289855072463768,0.011594202898550725
3617,0.22971014492753622,0.029710144927536233,0.7289855072463768,0.011594202898550725
3618,0.3253424657534247,0.0,0.010273972602739725,0.6643835616438356
3619,0.22971014492753622,0.029710144927536233,0.7289855072463768,0.011594202898550725
3620,0.22971014492753622,0.029710144927536233,0.7289855072463768,0.011594202898550725
3621,0.22971014492753622,0.029710144927536233,0.7289855072463768,0.011594202898550725
3622,0.011790393013100437,0.9759825327510917,0.010917030567685589,0.0013100436681222707
3623,0.02631578947368421,0.0,0.10526315789473684,0.868421052631579
3624,0.3072916666666667,0.16145833333333334,0.5130208333333334,0.018229166666666668
3625,0.011790393013100437,0.9759825327510917,0.010917030567685589,0.0013100436681222707
3626,0.017964071856287425,0.8203592814371258,0.16167664670658682,0.0
3627,0.5276679841897233,0.0,0.023715415019762844,0.44861660079051385
3628,0.011790393013100437,0.9759825327510917,0.010917030567685589,0.0013100436681222707
3629,0.22971014492753622,0.029710144927536233,0.7289855072463768,0.011594202898550725
3630,0.0,1.0,0.0,0.0
3631,0.011790393013100437,0.9759825327510917,0.010917030567685589,0.0013100436681222707
3632,0.08181818181818182,0.004545454545454545,0.004545454545454545,0.9090909090909091
3633,0.03856749311294766,0.8650137741046832,0.09090909090909091,0.005509641873278237
3634,0.13990825688073394,0.0,0.07339449541284404,0.786697247706422
3635,0.011790393013100437,0.9759825327510917,0.010917030567685589,0.0013100436681222707
3636,0.3072916666666667,0.16145833333333334,0.5130208333333334,0.018229166666666668
3637,0.22971014492753622,0.029710144927536233,0.7289855072463768,0.011594202898550725
3638,0.0989010989010989,0.0,0.03663003663003663,0.8644688644688645
3639,0.5679012345679012,0.0,0.0,0.43209876543209874
3640,0.011790393013100437,0.9759825327510917,0.010917030567685589,0.0013100436681222707
3641,0.22971014492753622,0.029710144927536233,0.7289855072463768,0.011594202898550725
3642,0.22971014492753622,0.029710144927536233,0.7289855072463768,0.011594202898550725
3643,0.22971014492753622,0.029710144927536233,0.7289855072463768,0.011594202898550725
3644,0.8917525773195877,0.005154639175257732,0.04639175257731959,0.05670103092783505
3645,0.011790393013100437,0.9759825327510917,0.010917030567685589,0.0013100436681222707
3646,0.5306122448979592,0.4489795918367347,0.0,0.02040816326530612
3647,0.011790393013100437,0.9759825327510917,0.010917030567685589,0.0013100436681222707
3648,0.011790393013100437,0.9759825327510917,0.010917030567685589,0.0013100436681222707
3649,0.8917525773195877,0.005154639175257732,0.04639175257731959,0.05670103092783505
3650,0.011790393013100437,0.9759825327510917,0.010917030567685589,0.0013100436681222707
3651,0.22971014492753622,0.029710144927536233,0.7289855072463768,0.011594202898550725
3652,0.3072916666666667,0.16145833333333334,0.5130208333333334,0.018229166666666668
3653,0.22971014492753622,0.029710144927536233,0.7289855072463768,0.011594202898550725
3654,0.6724137931034483,0.008620689655172414,0.2413793103448276,0.07758620689655173
3655,0.3072916666666667,0.16145833333333334,0.5130208333333334,0.018229166666666668
3656,0.011790393013100437,0.9759825327510917,0.010917030567685589,0.0013100436681222707
3657,0.08181818181818182,0.004545454545454545,0.004545454545454545,0.9090909090909091
3658,0.22971014492753622,0.029710144927536233,0.7289855072463768,0.011594202898550725
3659,0.017964071856287425,0.8203592814371258,0.16167664670658682,0.0
3660,0.3253424657534247,0.0,0.010273972602739725,0.6643835616438356
3661,0.22971014492753622,0.029710144927536233,0.7289855072463768,0.011594202898550725
3662,0.22971014492753622,0.029710144927536233,0.7289855072463768,0.011594202898550725
3663,0.39574468085106385,0.0,0.03404255319148936,0.5702127659574469
3664,0.3072916666666667,0.16145833333333334,0.5130208333333334,0.018229166666666668
3665,0.452,0.096,0.448,0.004
3666,0.011790393013100437,0.9759825327510917,0.010917030567685589,0.0013100436681222707
3667,0.8917525773195877,0.005154639175257732,0.04639175257731959,0.05670103092783505
3668,0.452,0.096,0.448,0.004
3669,0.22971014492753622,0.029710144927536233,0.7289855072463768,0.011594202898550725
3670,0.017964071856287425,0.8203592814371258,0.16167664670658682,0.0
3671,0.011790393013100437,0.9759825327510917,0.010917030567685589,0.0013100436681222707
3672,0.22971014492753622,0.029710144927536233,0.7289855072463768,0.011594202898550725
3673,0.39574468085106385,0.0,0.03404255319148936,0.5702127659574469
3674,0.5276679841897233,0.0,0.023715415019762844,0.44861660079051385
3675,0.22971014492753622,0.029710144927536233,0.7289855072463768,0.011594202898550725
3676,0.5679012345679012,0.0,0.0,0.43209876543209874
3677,0.011790393013100437,0.9759825327510917,0.010917030567685589,0.0013100436681222707
3678,0.5679012345679012,0.0,0.0,0.43209876543209874
3679,0.011790393013100437,0.9759825327510917,0.010917030567685589,0.0013100436681222707
3680,0.5862068965517241,0.11494252873563218,0.26436781609195403,0.034482758620689655
3681,0.13990825688073394,0.0,0.07339449541284404,0.786697247706422
3682,0.2222222222222222,0.4888888888888889,0.28888888888888886,0.0
3683,0.5276679841897233,0.0,0.023715415019762844,0.44861660079051385
3684,0.011790393013100437,0.9759825327510917,0.010917030567685589,0.0013100436681222707
3685,0.011790393013100437,0.9759825327510917,0.010917030567685589,0.0013100436681222707
3686,0.8917525773195877,0.005154639175257732,0.04639175257731959,0.05670103092783505
3687,0.075,0.2,0.725,0.0
3688,0.0989010989010989,0.0,0.03663003663003663,0.8644688644688645
3689,0.011790393013100437,0.9759825327510917,0.010917030567685589,0.0013100436681222707
3690,0.08974358974358974,0.5128205128205128,0.38461538461538464,0.01282051282051282
3691,0.011790393013100437,0.9759825327510917,0.010917030567685589,0.0013100436681222707
3692,0.08974358974358974,0.5128205128205128,0.38461538461538464,0.01282051282051282
3693,0.452,0.096,0.448,0.004
3694,0.39574468085106385,0.0,0.03404255319148936,0.5702127659574469
3695,0.011790393013100437,0.9759825327510917,0.010917030567685589,0.0013100436681222707
3696,0.011790393013100437,0.9759825327510917,0.010917030567685589,0.0013100436681222707
3697,0.5679012345679012,0.0,0.0,0.43209876543209874
3698,0.03856749311294766,0.8650137741046832,0.09090909090909091,0.005509641873278237
3699,0.22971014492753622,0.029710144927536233,0.7289855072463768,0.011594202898550725
3700,0.017964071856287425,0.8203592814371258,0.16167664670658682,0.0
3701,0.011790393013100437,0.9759825327510917,0.010917030567685589,0.0013100436681222707
3702,0.21739130434782608,0.0,0.03260869565217391,0.75
3703,0.03856749311294766,0.8650137741046832,0.09090909090909091,0.005509641873278237
3704,0.02631578947368421,0.0,0.10526315789473684,0.868421052631579
3705,0.3253424657534247,0.0,0.010273972602739725,0.6643835616438356
3706,0.3072916666666667,0.16145833333333334,0.5130208333333334,0.018229166666666668
3707,0.22971014492753622,0.029710144927536233,0.7289855072463768,0.011594202898550725
3708,0.22971014492753622,0.029710144927536233,0.7289855072463768,0.011594202898550725
3709,0.011790393013100437,0.9759825327510917,0.010917030567685589,0.0013100436681222707
3710,0.011790393013100437,0.9759825327510917,0.010917030567685589,0.0013100436681222707
3711,0.3253424657534247,0.0,0.010273972602739725,0.6643835616438356
3712,0.22971014492753622,0.029710144927536233,0.7289855072463768,0.011594202898550725
3713,0.452,0.096,0.448,0.004
3714,0.011790393013100437,0.9759825327510917,0.010917030567685589,0.0013100436681222707
3715,0.5862068965517241,0.11494252873563218,0.26436781609195403,0.034482758620689655
3716,0.22971014492753622,0.029710144927536233,0.7289855072463768,0.011594202898550725
3717,0.03856749311294766,0.8650137741046832,0.09090909090909091,0.005509641873278237
3718,0.011790393013100437,0.9759825327510917,0.010917030567685589,0.0013100436681222707
3719,0.39574468085106385,0.0,0.03404255319148936,0.5702127659574469
3720,0.2222222222222222,0.4888888888888889,0.28888888888888886,0.0
3721,0.22971014492753622,0.029710144927536233,0.7289855072463768,0.011594202898550725
3722,0.13990825688073394,0.0,0.07339449541284404,0.786697247706422
3723,0.08181818181818182,0.004545454545454545,0.004545454545454545,0.9090909090909091
3724,0.011790393013100437,0.9759825327510917,0.010917030567685589,0.0013100436681222707
3725,0.0989010989010989,0.0,0.03663003663003663,0.8644688644688645
3726,0.0989010989010989,0.0,0.03663003663003663,0.8644688644688645
3727,0.011790393013100437,0.9759825327510917,0.010917030567685589,0.0013100436681222707
3728,0.9032258064516129,0.0,0.03225806451612903,0.06451612903225806
3729,0.3253424657534247,0.0,0.010273972602739725,0.6643835616438356
3730,0.011790393013100437,0.9759825327510917,0.010917030567685589,0.0013100436681222707
3731,0.011790393013100437,0.9759825327510917,0.010917030567685589,0.0013100436681222707
3732,0.22971014492753622,0.029710144927536233,0.7289855072463768,0.011594202898550725
3733,0.13990825688073394,0.0,0.07339449541284404,0.786697247706422
3734,0.011790393013100437,0.9759825327510917,0.010917030567685589,0.0013100436681222707
3735,0.011790393013100437,0.9759825327510917,0.010917030567685589,0.0013100436681222707
3736,0.3072916666666667,0.16145833333333334,0.5130208333333334,0.018229166666666668
3737,0.3103448275862069,0.6724137931034483,0.017241379310344827,0.0
3738,0.011790393013100437,0.9759825327510917,0.010917030567685589,0.0013100436681222707
3739,0.5276679841897233,0.0,0.023715415019762844,0.44861660079051385
3740,0.011790393013100437,0.9759825327510917,0.010917030567685589,0.0013100436681222707
3741,0.3072916666666667,0.16145833333333334,0.5130208333333334,0.018229166666666668
3742,0.22971014492753622,0.029710144927536233,0.7289855072463768,0.011594202898550725
3743,0.22971014492753622,0.029710144927536233,0.7289855072463768,0.011594202898550725
3744,0.011790393013100437,0.9759825327510917,0.010917030567685589,0.0013100436681222707
3745,0.03856749311294766,0.8650137741046832,0.09090909090909091,0.005509641873278237
3746,0.0,0.0,1.0,0.0
3747,0.39574468085106385,0.0,0.03404255319148936,0.5702127659574469
3748,0.3253424657534247,0.0,0.010273972602739725,0.6643835616438356
3749,0.22971014492753622,0.029710144927536233,0.7289855072463768,0.011594202898550725
3750,0.5276679841897233,0.0,0.023715415019762844,0.44861660079051385
3751,0.0,1.0,0.0,0.0
3752,0.03856749311294766,0.8650137741046832,0.09090909090909091,0.005509641873278237
3753,0.8917525773195877,0.005154639175257732,0.04639175257731959,0.05670103092783505
3754,0.13990825688073394,0.0,0.07339449541284404,0.786697247706422
3755,0.03856749311294766,0.8650137741046832,0.09090909090909091,0.005509641873278237
3756,0.14736842105263157,0.0,0.005263157894736842,0.8473684210526315
3757,0.03205128205128205,0.11538461538461539,0.8461538461538461,0.00641025641025641
3758,0.39574468085106385,0.0,0.03404255319148936,0.5702127659574469
3759,0.22971014492753622,0.029710144927536233,0.7289855072463768,0.011594202898550725
3760,0.42105263157894735,0.0,0.15789473684210525,0.42105263157894735
3761,0.011790393013100437,0.9759825327510917,0.010917030567685589,0.0013100436681222707
3762,0.13990825688073394,0.0,0.07339449541284404,0.786697247706422
3763,0.03856749311294766,0.8650137741046832,0.09090909090909091,0.005509641873278237
3764,0.011790393013100437,0.9759825327510917,0.010917030567685589,0.0013100436681222707
3765,0.0989010989010989,0.0,0.03663003663003663,0.8644688644688645
3766,0.011790393013100437,0.9759825327510917,0.010917030567685589,0.0013100436681222707
3767,0.21052631578947367,0.0,0.0,0.7894736842105263
3768,0.011790393013100437,0.9759825327510917,0.010917030567685589,0.0013100436681222707
3769,0.39574468085106385,0.0,0.03404255319148936,0.5702127659574469
3770,0.22971014492753622,0.029710144927536233,0.7289855072463768,0.011594202898550725
3771,0.5276679841897233,0.0,0.023715415019762844,0.44861660079051385
3772,0.011790393013100437,0.9759825327510917,0.010917030567685589,0.0013100436681222707
3773,0.011790393013100437,0.9759825327510917,0.010917030567685589,0.0013100436681222707
3774,0.7142857142857143,0.0,0.0,0.2857142857142857
3775,0.011790393013100437,0.9759825327510917,0.010917030567685589,0.0013100436681222707
3776,0.011790393013100437,0.9759825327510917,0.010917030567685589,0.0013100436681222707
3777,0.5276679841897233,0.0,0.023715415019762844,0.44861660079051385
3778,0.22971014492753622,0.029710144927536233,0.7289855072463768,0.011594202898550725
3779,0.22971014492753622,0.029710144927536233,0.7289855072463768,0.011594202898550725
3780,0.3103448275862069,0.6724137931034483,0.017241379310344827,0.0
3781,0.011790393013100437,0.9759825327510917,0.010917030567685589,0.0013100436681222707
3782,0.03856749311294766,0.8650137741046832,0.09090909090909091,0.005509641873278237
3783,0.011790393013100437,0.9759825327510917,0.010917030567685589,0.0013100436681222707
3784,0.011790393013100437,0.9759825327510917,0.010917030567685589,0.0013100436681222707
3785,0.22971014492753622,0.029710144927536233,0.7289855072463768,0.011594202898550725
3786,0.017964071856287425,0.8203592814371258,0.16167664670658682,0.0
3787,0.22971014492753622,0.029710144927536233,0.7289855072463768,0.011594202898550725
3788,0.452,0.096,0.448,0.004
3789,0.075,0.2,0.725,0.0
3790,0.13990825688073394,0.0,0.07339449541284404,0.786697247706422
3791,0.6724137931034483,0.008620689655172414,0.2413793103448276,0.07758620689655173
3792,0.011790393013100437,0.9759825327510917,0.010917030567685589,0.0013100436681222707
3793,0.13990825688073394,0.0,0.07339449541284404,0.786697247706422
3794,0.3253424657534247,0.0,0.010273972602739725,0.6643835616438356
3795,0.22971014492753622,0.029710144927536233,0.7289855072463768,0.011594202898550725
3796,0.011790393013100437,0.9759825327510917,0.010917030567685589,0.0013100436681222707
3797,0.08974358974358974,0.5128205128205128,0.38461538461538464,0.01282051282051282
3798,0.22971014492753622,0.029710144927536233,0.7289855072463768,0.011594202898550725
3799,0.452,0.096,0.448,0.004
3800,0.5276679841897233,0.0,0.023715415019762844,0.44861660079051385
3801,0.22971014492753622,0.029710144927536233,0.7289855072463768,0.011594202898550725
3802,0.011790393013100437,0.9759825327510917,0.010917030567685589,0.0013100436681222707
3803,0.3072916666666667,0.16145833333333334,0.5130208333333334,0.018229166666666668
3804,0.0989010989010989,0.0,0.03663003663003663,0.8644688644688645
3805,0.011790393013100437,0.9759825327510917,0.010917030567685589,0.0013100436681222707
3806,0.017964071856287425,0.8203592814371258,0.16167664670658682,0.0
3807,0.011790393013100437,0.9759825327510917,0.010917030567685589,0.0013100436681222707
3808,0.011790393013100437,0.9759825327510917,0.010917030567685589,0.0013100436681222707
3809,0.22971014492753622,0.029710144927536233,0.7289855072463768,0.011594202898550725
3810,0.5306122448979592,0.4489795918367347,0.0,0.02040816326530612
3811,0.22971014492753622,0.029710144927536233,0.7289855072463768,0.011594202898550725
3812,0.5679012345679012,0.0,0.0,0.43209876543209874
3813,0.5679012345679012,0.0,0.0,0.43209876543209874
3814,0.011790393013100437,0.9759825327510917,0.010917030567685589,0.0013100436681222707
3815,0.22971014492753622,0.029710144927536233,0.7289855072463768,0.011594202898550725
3816,0.22971014492753622,0.029710144927536233,0.7289855072463768,0.011594202898550725
3817,0.011790393013100437,0.9759825327510917,0.010917030567685589,0.0013100436681222707
3818,0.08181818181818182,0.004545454545454545,0.004545454545454545,0.9090909090909091
3819,0.1111111111111111,0.3333333333333333,0.5555555555555556,0.0
3820,0.13990825688073394,0.0,0.07339449541284404,0.786697247706422
3821,0.22971014492753622,0.029710144927536233,0.7289855072463768,0.011594202898550725
3822,0.0989010989010989,0.0,0.03663003663003663,0.8644688644688645
3823,0.011790393013100437,0.9759825327510917,0.010917030567685589,0.0013100436681222707
3824,0.011790393013100437,0.9759825327510917,0.010917030567685589,0.0013100436681222707
3825,0.03856749311294766,0.8650137741046832,0.09090909090909091,0.005509641873278237
3826,0.011790393013100437,0.9759825327510917,0.010917030567685589,0.0013100436681222707
3827,0.22971014492753622,0.029710144927536233,0.7289855072463768,0.011594202898550725
3828,0.08181818181818182,0.004545454545454545,0.004545454545454545,0.9090909090909091
3829,0.22971014492753622,0.029710144927536233,0.7289855072463768,0.011594202898550725
3830,0.011790393013100437,0.9759825327510917,0.010917030567685589,0.0013100436681222707
3831,0.011790393013100437,0.9759825327510917,0.010917030567685589,0.0013100436681222707
3832,0.42857142857142855,0.42857142857142855,0.14285714285714285,0.0
3833,0.5276679841897233,0.0,0.023715415019762844,0.44861660079051385
3834,0.3072916666666667,0.16145833333333334,0.5130208333333334,0.018229166666666668
3835,0.22971014492753622,0.029710144927536233,0.7289855072463768,0.011594202898550725
3836,0.22971014492753622,0.029710144927536233,0.7289855072463768,0.011594202898550725
3837,0.14736842105263157,0.0,0.005263157894736842,0.8473684210526315
3838,0.5306122448979592,0.4489795918367347,0.0,0.02040816326530612
3839,0.22971014492753622,0.029710144927536233,0.7289855072463768,0.011594202898550725
3840,0.3253424657534247,0.0,0.010273972602739725,0.6643835616438356
3841,0.08181818181818182,0.004545454545454545,0.004545454545454545,0.9090909090909091
3842,0.22971014492753622,0.029710144927536233,0.7289855072463768,0.011594202898550725
3843,0.011790393013100437,0.9759825327510917,0.010917030567685589,0.0013100436681222707
3844,0.3103448275862069,0.6724137931034483,0.017241379310344827,0.0
3845,0.14736842105263157,0.0,0.005263157894736842,0.8473684210526315
3846,0.5276679841897233,0.0,0.023715415019762844,0.44861660079051385
3847,0.011790393013100437,0.9759825327510917,0.010917030567685589,0.0013100436681222707
3848,0.22971014492753622,0.029710144927536233,0.7289855072463768,0.011594202898550725
3849,0.011790393013100437,0.9759825327510917,0.010917030567685589,0.0013100436681222707
3850,0.011790393013100437,0.9759825327510917,0.010917030567685589,0.0013100436681222707
3851,0.03856749311294766,0.8650137741046832,0.09090909090909091,0.005509641873278237
3852,0.011790393013100437,0.9759825327510917,0.010917030567685589,0.0013100436681222707
3853,0.22971014492753622,0.029710144927536233,0.7289855072463768,0.011594202898550725
3854,0.22971014492753622,0.029710144927536233,0.7289855072463768,0.011594202898550725
3855,0.14736842105263157,0.0,0.005263157894736842,0.8473684210526315
3856,0.452,0.096,0.448,0.004
3857,0.011790393013100437,0.9759825327510917,0.010917030567685589,0.0013100436681222707
3858,0.21739130434782608,0.0,0.03260869565217391,0.75
3859,0.5276679841897233,0.0,0.023715415019762844,0.44861660079051385
3860,0.13990825688073394,0.0,0.07339449541284404,0.786697247706422
3861,0.011790393013100437,0.9759825327510917,0.010917030567685589,0.0013100436681222707
3862,0.011790393013100437,0.9759825327510917,0.010917030567685589,0.0013100436681222707
3863,0.011790393013100437,0.9759825327510917,0.010917030567685589,0.0013100436681222707
3864,0.011790393013100437,0.9759825327510917,0.010917030567685589,0.0013100436681222707
3865,0.22971014492753622,0.029710144927536233,0.7289855072463768,0.011594202898550725
3866,0.011790393013100437,0.9759825327510917,0.010917030567685589,0.0013100436681222707
3867,0.0989010989010989,0.0,0.03663003663003663,0.8644688644688645
3868,0.011790393013100437,0.9759825327510917,0.010917030567685589,0.0013100436681222707
3869,0.0989010989010989,0.0,0.03663003663003663,0.8644688644688645
3870,0.011790393013100437,0.9759825327510917,0.010917030567685589,0.0013100436681222707
3871,0.017964071856287425,0.8203592814371258,0.16167664670658682,0.0
3872,0.452,0.096,0.448,0.004
3873,0.0,0.0,0.0,1.0
3874,0.017964071856287425,0.8203592814371258,0.16167664670658682,0.0
3875,0.3072916666666667,0.16145833333333334,0.5130208333333334,0.018229166666666668
3876,0.03856749311294766,0.8650137741046832,0.09090909090909091,0.005509641873278237
3877,0.011790393013100437,0.9759825327510917,0.010917030567685589,0.0013100436681222707
3878,0.08181818181818182,0.004545454545454545,0.004545454545454545,0.9090909090909091
3879,0.3072916666666667,0.16145833333333334,0.5130208333333334,0.018229166666666668
3880,0.03205128205128205,0.11538461538461539,0.8461538461538461,0.00641025641025641
3881,0.22971014492753622,0.029710144927536233,0.7289855072463768,0.011594202898550725
3882,0.011790393013100437,0.9759825327510917,0.010917030567685589,0.0013100436681222707
3883,0.22971014492753622,0.029710144927536233,0.7289855072463768,0.011594202898550725
3884,0.011790393013100437,0.9759825327510917,0.010917030567685589,0.0013100436681222707
3885,0.08181818181818182,0.004545454545454545,0.004545454545454545,0.9090909090909091
3886,0.22971014492753622,0.029710144927536233,0.7289855072463768,0.011594202898550725
3887,0.011790393013100437,0.9759825327510917,0.010917030567685589,0.0013100436681222707
3888,0.011790393013100437,0.9759825327510917,0.010917030567685589,0.0013100436681222707
3889,0.011790393013100437,0.9759825327510917,0.010917030567685589,0.0013100436681222707
3890,0.011790393013100437,0.9759825327510917,0.010917030567685589,0.0013100436681222707
3891,0.03856749311294766,0.8650137741046832,0.09090909090909091,0.005509641873278237
3892,0.03205128205128205,0.11538461538461539,0.8461538461538461,0.00641025641025641
3893,0.3253424657534247,0.0,0.010273972602739725,0.6643835616438356
3894,0.02631578947368421,0.0,0.10526315789473684,0.868421052631579
3895,0.08974358974358974,0.5128205128205128,0.38461538461538464,0.01282051282051282
3896,0.011790393013100437,0.9759825327510917,0.010917030567685589,0.0013100436681222707
3897,0.011790393013100437,0.9759825327510917,0.010917030567685589,0.0013100436681222707
3898,0.03856749311294766,0.8650137741046832,0.09090909090909091,0.005509641873278237
3899,0.011790393013100437,0.9759825327510917,0.010917030567685589,0.0013100436681222707
3900,0.3072916666666667,0.16145833333333334,0.5130208333333334,0.018229166666666668
3901,0.03856749311294766,0.8650137741046832,0.09090909090909091,0.005509641873278237
3902,0.0,0.896551724137931,0.10344827586206896,0.0
3903,0.2222222222222222,0.4888888888888889,0.28888888888888886,0.0
3904,0.017964071856287425,0.8203592814371258,0.16167664670658682,0.0
3905,0.21739130434782608,0.0,0.03260869565217391,0.75
3906,0.011790393013100437,0.9759825327510917,0.010917030567685589,0.0013100436681222707
3907,0.5862068965517241,0.11494252873563218,0.26436781609195403,0.034482758620689655
3908,0.08181818181818182,0.004545454545454545,0.004545454545454545,0.9090909090909091
3909,0.5276679841897233,0.0,0.023715415019762844,0.44861660079051385
3910,0.08181818181818182,0.004545454545454545,0.004545454545454545,0.9090909090909091
3911,0.0989010989010989,0.0,0.03663003663003663,0.8644688644688645
3912,0.5276679841897233,0.0,0.023715415019762844,0.44861660079051385
3913,0.5276679841897233,0.0,0.023715415019762844,0.44861660079051385
3914,0.8917525773195877,0.005154639175257732,0.04639175257731959,0.05670103092783505
3915,0.011790393013100437,0.9759825327510917,0.010917030567685589,0.0013100436681222707
3916,0.6470588235294118,0.0,0.0,0.35294117647058826
3917,0.14736842105263157,0.0,0.005263157894736842,0.8473684210526315
3918,0.8917525773195877,0.005154639175257732,0.04639175257731959,0.05670103092783505
3919,0.22971014492753622,0.029710144927536233,0.7289855072463768,0.011594202898550725
3920,0.13990825688073394,0.0,0.07339449541284404,0.786697247706422
3921,0.13990825688073394,0.0,0.07339449541284404,0.786697247706422
3922,0.0989010989010989,0.0,0.03663003663003663,0.8644688644688645
3923,0.3072916666666667,0.16145833333333334,0.5130208333333334,0.018229166666666668
3924,0.011790393013100437,0.9759825327510917,0.010917030567685589,0.0013100436681222707
3925,0.011790393013100437,0.9759825327510917,0.010917030567685589,0.0013100436681222707
3926,0.3072916666666667,0.16145833333333334,0.5130208333333334,0.018229166666666668
3927,0.5276679841897233,0.0,0.023715415019762844,0.44861660079051385
3928,0.5862068965517241,0.11494252873563218,0.26436781609195403,0.034482758620689655
3929,0.011790393013100437,0.9759825327510917,0.010917030567685589,0.0013100436681222707
3930,0.011790393013100437,0.9759825327510917,0.010917030567685589,0.0013100436681222707
3931,0.011790393013100437,0.9759825327510917,0.010917030567685589,0.0013100436681222707
3932,0.011790393013100437,0.9759825327510917,0.010917030567685589,0.0013100436681222707
3933,0.13990825688073394,0.0,0.07339449541284404,0.786697247706422
3934,0.22971014492753622,0.029710144927536233,0.7289855072463768,0.011594202898550725
3935,0.011790393013100437,0.9759825327510917,0.010917030567685589,0.0013100436681222707
3936,0.22971014492753622,0.029710144927536233,0.7289855072463768,0.011594202898550725
3937,0.5306122448979592,0.4489795918367347,0.0,0.02040816326530612
3938,0.5276679841897233,0.0,0.023715415019762844,0.44861660079051385
3939,0.22971014492753622,0.029710144927536233,0.7289855072463768,0.011594202898550725
3940,0.6724137931034483,0.008620689655172414,0.2413793103448276,0.07758620689655173
3941,0.011790393013100437,0.9759825327510917,0.010917030567685589,0.0013100436681222707
3942,0.5276679841897233,0.0,0.023715415019762844,0.44861660079051385
3943,0.13990825688073394,0.0,0.07339449541284404,0.786697247706422
3944,0.22971014492753622,0.029710144927536233,0.7289855072463768,0.011594202898550725
3945,0.5276679841897233,0.0,0.023715415019762844,0.44861660079051385
3946,0.011790393013100437,0.9759825327510917,0.010917030567685589,0.0013100436681222707
3947,0.22971014492753622,0.029710144927536233,0.7289855072463768,0.011594202898550725
3948,0.011790393013100437,0.9759825327510917,0.010917030567685589,0.0013100436681222707
3949,0.39574468085106385,0.0,0.03404255319148936,0.5702127659574469
3950,0.011790393013100437,0.9759825327510917,0.010917030567685589,0.0013100436681222707
3951,0.08181818181818182,0.004545454545454545,0.004545454545454545,0.9090909090909091
3952,0.011790393013100437,0.9759825327510917,0.010917030567685589,0.0013100436681222707
3953,0.011790393013100437,0.9759825327510917,0.010917030567685589,0.0013100436681222707
3954,0.0,0.0,0.0,1.0
3955,0.0989010989010989,0.0,0.03663003663003663,0.8644688644688645
3956,0.08974358974358974,0.5128205128205128,0.38461538461538464,0.01282051282051282
3957,0.21052631578947367,0.0,0.0,0.7894736842105263
3958,0.011790393013100437,0.9759825327510917,0.010917030567685589,0.0013100436681222707
3959,0.13990825688073394,0.0,0.07339449541284404,0.786697247706422
3960,0.011790393013100437,0.9759825327510917,0.010917030567685589,0.0013100436681222707
3961,0.011790393013100437,0.9759825327510917,0.010917030567685589,0.0013100436681222707
3962,0.6724137931034483,0.008620689655172414,0.2413793103448276,0.07758620689655173
3963,0.5276679841897233,0.0,0.023715415019762844,0.44861660079051385
3964,0.03856749311294766,0.8650137741046832,0.09090909090909091,0.005509641873278237
3965,0.3253424657534247,0.0,0.010273972602739725,0.6643835616438356
3966,0.011790393013100437,0.9759825327510917,0.010917030567685589,0.0013100436681222707
3967,0.2222222222222222,0.4888888888888889,0.28888888888888886,0.0
3968,0.011790393013100437,0.9759825327510917,0.010917030567685589,0.0013100436681222707
3969,0.3253424657534247,0.0,0.010273972602739725,0.6643835616438356
3970,0.03856749311294766,0.8650137741046832,0.09090909090909091,0.005509641873278237
3971,0.5276679841897233,0.0,0.023715415019762844,0.44861660079051385
3972,0.011790393013100437,0.9759825327510917,0.010917030567685589,0.0013100436681222707
3973,1.0,0.0,0.0,0.0
3974,0.03205128205128205,0.11538461538461539,0.8461538461538461,0.00641025641025641
3975,0.011790393013100437,0.9759825327510917,0.010917030567685589,0.0013100436681222707
3976,0.011790393013100437,0.9759825327510917,0.010917030567685589,0.0013100436681222707
3977,0.011790393013100437,0.9759825327510917,0.010917030567685589,0.0013100436681222707
3978,0.08181818181818182,0.004545454545454545,0.004545454545454545,0.9090909090909091
3979,0.011790393013100437,0.9759825327510917,0.010917030567685589,0.0013100436681222707
3980,0.03205128205128205,0.11538461538461539,0.8461538461538461,0.00641025641025641
3981,0.13990825688073394,0.0,0.07339449541284404,0.786697247706422
3982,0.39574468085106385,0.0,0.03404255319148936,0.5702127659574469
3983,0.3103448275862069,0.6724137931034483,0.017241379310344827,0.0
3984,0.011790393013100437,0.9759825327510917,0.010917030567685589,0.0013100436681222707
3985,0.011790393013100437,0.9759825327510917,0.010917030567685589,0.0013100436681222707
3986,0.3072916666666667,0.16145833333333334,0.5130208333333334,0.018229166666666668
3987,0.452,0.096,0.448,0.004
3988,0.3103448275862069,0.6724137931034483,0.017241379310344827,0.0
3989,0.8917525773195877,0.005154639175257732,0.04639175257731959,0.05670103092783505
3990,0.0,0.0,0.0,1.0
3991,0.011790393013100437,0.9759825327510917,0.010917030567685589,0.0013100436681222707
3992,0.017964071856287425,0.8203592814371258,0.16167664670658682,0.0
3993,0.5276679841897233,0.0,0.023715415019762844,0.44861660079051385
3994,0.017964071856287425,0.8203592814371258,0.16167664670658682,0.0
3995,0.0989010989010989,0.0,0.03663003663003663,0.8644688644688645
3996,0.14736842105263157,0.0,0.005263157894736842,0.8473684210526315
3997,0.3103448275862069,0.6724137931034483,0.017241379310344827,0.0
3998,0.011790393013100437,0.9759825327510917,0.010917030567685589,0.0013100436681222707
3999,0.011790393013100437,0.9759825327510917,0.010917030567685589,0.0013100436681222707
4000,0.3072916666666667,0.16145833333333334,0.5130208333333334,0.018229166666666668
4001,0.011790393013100437,0.9759825327510917,0.010917030567685589,0.0013100436681222707
4002,0.011790393013100437,0.9759825327510917,0.010917030567685589,0.0013100436681222707
4003,0.011790393013100437,0.9759825327510917,0.010917030567685589,0.0013100436681222707
4004,0.13990825688073394,0.0,0.07339449541284404,0.786697247706422
4005,0.011790393013100437,0.9759825327510917,0.010917030567685589,0.0013100436681222707
4006,0.011790393013100437,0.9759825327510917,0.010917030567685589,0.0013100436681222707
4007,0.011790393013100437,0.9759825327510917,0.010917030567685589,0.0013100436681222707
4008,0.3253424657534247,0.0,0.010273972602739725,0.6643835616438356
4009,0.011790393013100437,0.9759825327510917,0.010917030567685589,0.0013100436681222707
4010,0.08181818181818182,0.004545454545454545,0.004545454545454545,0.9090909090909091
4011,0.22971014492753622,0.029710144927536233,0.7289855072463768,0.011594202898550725
4012,0.075,0.2,0.725,0.0
4013,0.39574468085106385,0.0,0.03404255319148936,0.5702127659574469
4014,0.5276679841897233,0.0,0.023715415019762844,0.44861660079051385
4015,0.13990825688073394,0.0,0.07339449541284404,0.786697247706422
4016,0.011790393013100437,0.9759825327510917,0.010917030567685589,0.0013100436681222707
4017,0.03856749311294766,0.8650137741046832,0.09090909090909091,0.005509641873278237
4018,0.011790393013100437,0.9759825327510917,0.010917030567685589,0.0013100436681222707
4019,0.452,0.096,0.448,0.004
4020,0.22971014492753622,0.029710144927536233,0.7289855072463768,0.011594202898550725
4021,0.0989010989010989,0.0,0.03663003663003663,0.8644688644688645
4022,0.017964071856287425,0.8203592814371258,0.16167664670658682,0.0
4023,0.21739130434782608,0.0,0.03260869565217391,0.75
4024,0.08181818181818182,0.004545454545454545,0.004545454545454545,0.9090909090909091
4025,0.011790393013100437,0.9759825327510917,0.010917030567685589,0.0013100436681222707
4026,0.08181818181818182,0.004545454545454545,0.004545454545454545,0.9090909090909091
4027,0.011790393013100437,0.9759825327510917,0.010917030567685589,0.0013100436681222707
4028,0.8917525773195877,0.005154639175257732,0.04639175257731959,0.05670103092783505
4029,0.5679012345679012,0.0,0.0,0.43209876543209874
4030,0.452,0.096,0.448,0.004
4031,0.0989010989010989,0.0,0.03663003663003663,0.8644688644688645
4032,1.0,0.0,0.0,0.0
4033,0.011790393013100437,0.9759825327510917,0.010917030567685589,0.0013100436681222707
4034,0.452,0.096,0.448,0.004
4035,0.22971014492753622,0.029710144927536233,0.7289855072463768,0.011594202898550725
4036,0.011790393013100437,0.9759825327510917,0.010917030567685589,0.0013100436681222707
4037,0.011790393013100437,0.9759825327510917,0.010917030567685589,0.0013100436681222707
4038,0.8917525773195877,0.005154639175257732,0.04639175257731959,0.05670103092783505
4039,0.011790393013100437,0.9759825327510917,0.010917030567685589,0.0013100436681222707
4040,0.22971014492753622,0.029710144927536233,0.7289855072463768,0.011594202898550725
4041,0.011790393013100437,0.9759825327510917,0.010917030567685589,0.0013100436681222707
4042,0.08181818181818182,0.004545454545454545,0.004545454545454545,0.9090909090909091
4043,0.5276679841897233,0.0,0.023715415019762844,0.44861660079051385
4044,0.5276679841897233,0.0,0.023715415019762844,0.44861660079051385
4045,0.22971014492753622,0.029710144927536233,0.7289855072463768,0.011594202898550725
4046,0.5679012345679012,0.0,0.0,0.43209876543209874
4047,0.22971014492753622,0.029710144927536233,0.7289855072463768,0.011594202898550725
4048,0.5276679841897233,0.0,0.023715415019762844,0.44861660079051385
4049,0.5862068965517241,0.11494252873563218,0.26436781609195403,0.034482758620689655
4050,0.075,0.2,0.725,0.0
4051,0.8,0.2,0.0,0.0
4052,0.011790393013100437,0.9759825327510917,0.010917030567685589,0.0013100436681222707
4053,0.011790393013100437,0.9759825327510917,0.010917030567685589,0.0013100436681222707
4054,0.03856749311294766,0.8650137741046832,0.09090909090909091,0.005509641873278237
4055,0.5276679841897233,0.0,0.023715415019762844,0.44861660079051385
4056,0.011790393013100437,0.9759825327510917,0.010917030567685589,0.0013100436681222707
4057,0.13990825688073394,0.0,0.07339449541284404,0.786697247706422
4058,0.3072916666666667,0.16145833333333334,0.5130208333333334,0.018229166666666668
4059,0.5276679841897233,0.0,0.023715415019762844,0.44861660079051385
4060,0.6956521739130435,0.08695652173913043,0.17391304347826086,0.043478260869565216
4061,0.22971014492753622,0.029710144927536233,0.7289855072463768,0.011594202898550725
4062,0.3072916666666667,0.16145833333333334,0.5130208333333334,0.018229166666666668
4063,0.22971014492753622,0.029710144927536233,0.7289855072463768,0.011594202898550725
4064,0.5276679841897233,0.0,0.023715415019762844,0.44861660079051385
4065,0.452,0.096,0.448,0.004
4066,0.08181818181818182,0.004545454545454545,0.004545454545454545,0.9090909090909091
4067,0.6724137931034483,0.008620689655172414,0.2413793103448276,0.07758620689655173
4068,0.017964071856287425,0.8203592814371258,0.16167664670658682,0.0
4069,0.39574468085106385,0.0,0.03404255319148936,0.5702127659574469
4070,0.0989010989010989,0.0,0.03663003663003663,0.8644688644688645
4071,0.39574468085106385,0.0,0.03404255319148936,0.5702127659574469
4072,0.22971014492753622,0.029710144927536233,0.7289855072463768,0.011594202898550725
4073,0.011790393013100437,0.9759825327510917,0.010917030567685589,0.0013100436681222707
4074,0.6724137931034483,0.008620689655172414,0.2413793103448276,0.07758620689655173
4075,0.6470588235294118,0.0,0.0,0.35294117647058826
4076,0.03856749311294766,0.8650137741046832,0.09090909090909091,0.005509641873278237
4077,0.3072916666666667,0.16145833333333334,0.5130208333333334,0.018229166666666668
4078,0.011790393013100437,0.9759825327510917,0.010917030567685589,0.0013100436681222707
4079,0.6470588235294118,0.0,0.0,0.35294117647058826
4080,0.452,0.096,0.448,0.004
4081,0.011790393013100437,0.9759825327510917,0.010917030567685589,0.0013100436681222707
4082,0.39574468085106385,0.0,0.03404255319148936,0.5702127659574469
4083,0.08181818181818182,0.004545454545454545,0.004545454545454545,0.9090909090909091
4084,0.22971014492753622,0.029710144927536233,0.7289855072463768,0.011594202898550725
4085,0.5306122448979592,0.4489795918367347,0.0,0.02040816326530612
4086,0.5276679841897233,0.0,0.023715415019762844,0.44861660079051385
4087,0.3253424657534247,0.0,0.010273972602739725,0.6643835616438356
4088,0.011790393013100437,0.9759825327510917,0.010917030567685589,0.0013100436681222707
4089,0.3253424657534247,0.0,0.010273972602739725,0.6643835616438356
4090,0.452,0.096,0.448,0.004
4091,0.3072916666666667,0.16145833333333334,0.5130208333333334,0.018229166666666668
4092,0.3253424657534247,0.0,0.010273972602739725,0.6643835616438356
4093,0.011790393013100437,0.9759825327510917,0.010917030567685589,0.0013100436681222707
4094,0.5276679841897233,0.0,0.023715415019762844,0.44861660079051385
4095,0.452,0.096,0.448,0.004
4096,0.011790393013100437,0.9759825327510917,0.010917030567685589,0.0013100436681222707
4097,0.22971014492753622,0.029710144927536233,0.7289855072463768,0.011594202898550725
4098,0.011790393013100437,0.9759825327510917,0.010917030567685589,0.0013100436681222707
4099,0.8917525773195877,0.005154639175257732,0.04639175257731959,0.05670103092783505
4100,0.011790393013100437,0.9759825327510917,0.010917030567685589,0.0013100436681222707
4101,0.22971014492753622,0.029710144927536233,0.7289855072463768,0.011594202898550725
4102,0.011790393013100437,0.9759825327510917,0.010917030567685589,0.0013100436681222707
4103,0.5276679841897233,0.0,0.023715415019762844,0.44861660079051385
4104,0.017964071856287425,0.8203592814371258,0.16167664670658682,0.0
4105,0.21739130434782608,0.0,0.03260869565217391,0.75
4106,0.011790393013100437,0.9759825327510917,0.010917030567685589,0.0013100436681222707
4107,0.21052631578947367,0.0,0.0,0.7894736842105263
4108,0.011790393013100437,0.9759825327510917,0.010917030567685589,0.0013100436681222707
4109,0.3253424657534247,0.0,0.010273972602739725,0.6643835616438356
4110,0.3072916666666667,0.16145833333333334,0.5130208333333334,0.018229166666666668
4111,0.011790393013100437,0.9759825327510917,0.010917030567685589,0.0013100436681222707
4112,0.0989010989010989,0.0,0.03663003663003663,0.8644688644688645
4113,0.2222222222222222,0.4888888888888889,0.28888888888888886,0.0
4114,0.22971014492753622,0.029710144927536233,0.7289855072463768,0.011594202898550725
4115,0.13990825688073394,0.0,0.07339449541284404,0.786697247706422
4116,0.0,0.0,0.0,1.0
4117,0.09090909090909091,0.5454545454545454,0.36363636363636365,0.0
4118,0.03856749311294766,0.8650137741046832,0.09090909090909091,0.005509641873278237
4119,0.011790393013100437,0.9759825327510917,0.010917030567685589,0.0013100436681222707
4120,0.452,0.096,0.448,0.004
4121,0.8917525773195877,0.005154639175257732,0.04639175257731959,0.05670103092783505
4122,0.011790393013100437,0.9759825327510917,0.010917030567685589,0.0013100436681222707
4123,0.011790393013100437,0.9759825327510917,0.010917030567685589,0.0013100436681222707
4124,0.011790393013100437,0.9759825327510917,0.010917030567685589,0.0013100436681222707
4125,0.011790393013100437,0.9759825327510917,0.010917030567685589,0.0013100436681222707
4126,0.3072916666666667,0.16145833333333334,0.5130208333333334,0.018229166666666668
4127,0.21052631578947367,0.0,0.0,0.7894736842105263
4128,0.22971014492753622,0.029710144927536233,0.7289855072463768,0.011594202898550725
4129,0.5276679841897233,0.0,0.023715415019762844,0.44861660079051385
4130,0.14736842105263157,0.0,0.005263157894736842,0.8473684210526315
4131,0.011790393013100437,0.9759825327510917,0.010917030567685589,0.0013100436681222707
4132,0.3253424657534247,0.0,0.010273972602739725,0.6643835616438356
4133,0.13990825688073394,0.0,0.07339449541284404,0.786697247706422
4134,0.0,1.0,0.0,0.0
4135,0.14736842105263157,0.0,0.005263157894736842,0.8473684210526315
4136,0.011790393013100437,0.9759825327510917,0.010917030567685589,0.0013100436681222707
4137,0.452,0.096,0.448,0.004
4138,0.5276679841897233,0.0,0.023715415019762844,0.44861660079051385
4139,0.13990825688073394,0.0,0.07339449541284404,0.786697247706422
4140,0.011790393013100437,0.9759825327510917,0.010917030567685589,0.0013100436681222707
4141,0.011790393013100437,0.9759825327510917,0.010917030567685589,0.0013100436681222707
4142,0.03856749311294766,0.8650137741046832,0.09090909090909091,0.005509641873278237
4143,0.5276679841897233,0.0,0.023715415019762844,0.44861660079051385
4144,0.2222222222222222,0.4888888888888889,0.28888888888888886,0.0
4145,0.22971014492753622,0.029710144927536233,0.7289855072463768,0.011594202898550725
4146,0.13990825688073394,0.0,0.07339449541284404,0.786697247706422
4147,0.452,0.096,0.448,0.004
4148,0.39574468085106385,0.0,0.03404255319148936,0.5702127659574469
4149,0.22971014492753622,0.029710144927536233,0.7289855072463768,0.011594202898550725
4150,0.03856749311294766,0.8650137741046832,0.09090909090909091,0.005509641873278237
4151,0.5276679841897233,0.0,0.023715415019762844,0.44861660079051385
4152,1.0,0.0,0.0,0.0
4153,0.3253424657534247,0.0,0.010273972602739725,0.6643835616438356
4154,0.13990825688073394,0.0,0.07339449541284404,0.786697247706422
4155,0.011790393013100437,0.9759825327510917,0.010917030567685589,0.0013100436681222707
4156,0.03856749311294766,0.8650137741046832,0.09090909090909091,0.005509641873278237
4157,0.011790393013100437,0.9759825327510917,0.010917030567685589,0.0013100436681222707
4158,0.03856749311294766,0.8650137741046832,0.09090909090909091,0.005509641873278237
4159,0.011790393013100437,0.9759825327510917,0.010917030567685589,0.0013100436681222707
4160,0.03856749311294766,0.8650137741046832,0.09090909090909091,0.005509641873278237
4161,0.011790393013100437,0.9759825327510917,0.010917030567685589,0.0013100436681222707
4162,0.3072916666666667,0.16145833333333334,0.5130208333333334,0.018229166666666668
4163,0.011790393013100437,0.9759825327510917,0.010917030567685589,0.0013100436681222707
4164,0.39574468085106385,0.0,0.03404255319148936,0.5702127659574469
4165,0.03205128205128205,0.11538461538461539,0.8461538461538461,0.00641025641025641
4166,0.22971014492753622,0.029710144927536233,0.7289855072463768,0.011594202898550725
4167,0.22971014492753622,0.029710144927536233,0.7289855072463768,0.011594202898550725
4168,0.3072916666666667,0.16145833333333334,0.5130208333333334,0.018229166666666668
4169,0.011790393013100437,0.9759825327510917,0.010917030567685589,0.0013100436681222707
4170,0.0989010989010989,0.0,0.03663003663003663,0.8644688644688645
4171,0.3072916666666667,0.16145833333333334,0.5130208333333334,0.018229166666666668
4172,0.08181818181818182,0.004545454545454545,0.004545454545454545,0.9090909090909091
4173,0.22971014492753622,0.029710144927536233,0.7289855072463768,0.011594202898550725
4174,0.5276679841897233,0.0,0.023715415019762844,0.44861660079051385
4175,0.13990825688073394,0.0,0.07339449541284404,0.786697247706422
4176,0.22971014492753622,0.029710144927536233,0.7289855072463768,0.011594202898550725
4177,0.5276679841897233,0.0,0.023715415019762844,0.44861660079051385
4178,0.22971014492753622,0.029710144927536233,0.7289855072463768,0.011594202898550725
4179,0.0989010989010989,0.0,0.03663003663003663,0.8644688644688645
4180,0.452,0.096,0.448,0.004
4181,0.0989010989010989,0.0,0.03663003663003663,0.8644688644688645
4182,0.452,0.096,0.448,0.004
4183,0.08181818181818182,0.004545454545454545,0.004545454545454545,0.9090909090909091
4184,0.011790393013100437,0.9759825327510917,0.010917030567685589,0.0013100436681222707
4185,0.011790393013100437,0.9759825327510917,0.010917030567685589,0.0013100436681222707
4186,0.011790393013100437,0.9759825327510917,0.010917030567685589,0.0013100436681222707
4187,0.011790393013100437,0.9759825327510917,0.010917030567685589,0.0013100436681222707
4188,0.011790393013100437,0.9759825327510917,0.010917030567685589,0.0013100436681222707
4189,0.22971014492753622,0.029710144927536233,0.7289855072463768,0.011594202898550725
4190,0.22971014492753622,0.029710144927536233,0.7289855072463768,0.011594202898550725
4191,0.011790393013100437,0.9759825327510917,0.010917030567685589,0.0013100436681222707
4192,0.3072916666666667,0.16145833333333334,0.5130208333333334,0.018229166666666668
4193,0.22971014492753622,0.029710144927536233,0.7289855072463768,0.011594202898550725
4194,0.011790393013100437,0.9759825327510917,0.010917030567685589,0.0013100436681222707
4195,0.21739130434782608,0.0,0.03260869565217391,0.75
4196,0.011790393013100437,0.9759825327510917,0.010917030567685589,0.0013100436681222707
4197,0.2222222222222222,0.4888888888888889,0.28888888888888886,0.0
4198,0.8917525773195877,0.005154639175257732,0.04639175257731959,0.05670103092783505
4199,0.011790393013100437,0.9759825327510917,0.010917030567685589,0.0013100436681222707
4200,0.22971014492753622,0.029710144927536233,0.7289855072463768,0.011594202898550725
4201,0.8917525773195877,0.005154639175257732,0.04639175257731959,0.05670103092783505
4202,0.3253424657534247,0.0,0.010273972602739725,0.6643835616438356
4203,0.0,0.0,0.0,1.0
4204,0.39574468085106385,0.0,0.03404255319148936,0.5702127659574469
4205,0.011790393013100437,0.9759825327510917,0.010917030567685589,0.0013100436681222707
4206,0.011790393013100437,0.9759825327510917,0.010917030567685589,0.0013100436681222707
4207,0.017964071856287425,0.8203592814371258,0.16167664670658682,0.0
4208,0.011790393013100437,0.9759825327510917,0.010917030567685589,0.0013100436681222707
4209,0.39574468085106385,0.0,0.03404255319148936,0.5702127659574469
4210,0.13990825688073394,0.0,0.07339449541284404,0.786697247706422
4211,0.22971014492753622,0.029710144927536233,0.7289855072463768,0.011594202898550725
4212,0.22971014492753622,0.029710144927536233,0.7289855072463768,0.011594202898550725
4213,0.03856749311294766,0.8650137741046832,0.09090909090909091,0.005509641873278237
4214,0.14736842105263157,0.0,0.005263157894736842,0.8473684210526315
4215,0.5276679841897233,0.0,0.023715415019762844,0.44861660079051385
4216,0.13990825688073394,0.0,0.07339449541284404,0.786697247706422
4217,0.08181818181818182,0.004545454545454545,0.004545454545454545,0.9090909090909091
4218,0.3253424657534247,0.0,0.010273972602739725,0.6643835616438356
4219,0.452,0.096,0.448,0.004
4220,0.3253424657534247,0.0,0.010273972602739725,0.6643835616438356
4221,0.03856749311294766,0.8650137741046832,0.09090909090909091,0.005509641873278237
4222,0.011790393013100437,0.9759825327510917,0.010917030567685589,0.0013100436681222707
4223,0.9032258064516129,0.0,0.03225806451612903,0.06451612903225806
4224,0.017964071856287425,0.8203592814371258,0.16167664670658682,0.0
4225,0.8917525773195877,0.005154639175257732,0.04639175257731959,0.05670103092783505
4226,0.22971014492753622,0.029710144927536233,0.7289855072463768,0.011594202898550725
4227,0.22971014492753622,0.029710144927536233,0.7289855072463768,0.011594202898550725
4228,0.14736842105263157,0.0,0.005263157894736842,0.8473684210526315
4229,0.5276679841897233,0.0,0.023715415019762844,0.44861660079051385
4230,0.011790393013100437,0.9759825327510917,0.010917030567685589,0.0013100436681222707
4231,0.0,1.0,0.0,0.0
4232,0.03205128205128205,0.11538461538461539,0.8461538461538461,0.00641025641025641
4233,0.08181818181818182,0.004545454545454545,0.004545454545454545,0.9090909090909091
4234,0.3072916666666667,0.16145833333333334,0.5130208333333334,0.018229166666666668
4235,0.08181818181818182,0.004545454545454545,0.004545454545454545,0.9090909090909091
4236,0.3072916666666667,0.16145833333333334,0.5130208333333334,0.018229166666666668
4237,0.5276679841897233,0.0,0.023715415019762844,0.44861660079051385
4238,0.13990825688073394,0.0,0.07339449541284404,0.786697247706422
4239,0.03856749311294766,0.8650137741046832,0.09090909090909091,0.005509641873278237
4240,0.3072916666666667,0.16145833333333334,0.5130208333333334,0.018229166666666668
4241,0.22971014492753622,0.029710144927536233,0.7289855072463768,0.011594202898550725
4242,0.011790393013100437,0.9759825327510917,0.010917030567685589,0.0013100436681222707
4243,0.3072916666666667,0.16145833333333334,0.5130208333333334,0.018229166666666668
4244,0.011790393013100437,0.9759825327510917,0.010917030567685589,0.0013100436681222707
4245,0.011790393013100437,0.9759825327510917,0.010917030567685589,0.0013100436681222707
4246,0.011790393013100437,0.9759825327510917,0.010917030567685589,0.0013100436681222707
4247,0.011790393013100437,0.9759825327510917,0.010917030567685589,0.0013100436681222707
4248,0.13990825688073394,0.0,0.07339449541284404,0.786697247706422
4249,0.5862068965517241,0.11494252873563218,0.26436781609195403,0.034482758620689655
4250,0.3072916666666667,0.16145833333333334,0.5130208333333334,0.018229166666666668
4251,0.21739130434782608,0.0,0.03260869565217391,0.75
4252,0.22971014492753622,0.029710144927536233,0.7289855072463768,0.011594202898550725
4253,0.5862068965517241,0.11494252873563218,0.26436781609195403,0.034482758620689655
4254,0.3072916666666667,0.16145833333333334,0.5130208333333334,0.018229166666666668
4255,0.6724137931034483,0.008620689655172414,0.2413793103448276,0.07758620689655173
4256,0.13990825688073394,0.0,0.07339449541284404,0.786697247706422
4257,0.03205128205128205,0.11538461538461539,0.8461538461538461,0.00641025641025641
4258,0.03856749311294766,0.8650137741046832,0.09090909090909091,0.005509641873278237
4259,0.5276679841897233,0.0,0.023715415019762844,0.44861660079051385
4260,0.011790393013100437,0.9759825327510917,0.010917030567685589,0.0013100436681222707
4261,0.22971014492753622,0.029710144927536233,0.7289855072463768,0.011594202898550725
4262,0.0,1.0,0.0,0.0
4263,0.03205128205128205,0.11538461538461539,0.8461538461538461,0.00641025641025641
4264,0.3072916666666667,0.16145833333333334,0.5130208333333334,0.018229166666666668
4265,0.017964071856287425,0.8203592814371258,0.16167664670658682,0.0
4266,0.0989010989010989,0.0,0.03663003663003663,0.8644688644688645
4267,0.13990825688073394,0.0,0.07339449541284404,0.786697247706422
4268,0.03856749311294766,0.8650137741046832,0.09090909090909091,0.005509641873278237
4269,0.03856749311294766,0.8650137741046832,0.09090909090909091,0.005509641873278237
4270,0.011790393013100437,0.9759825327510917,0.010917030567685589,0.0013100436681222707
4271,0.22971014492753622,0.029710144927536233,0.7289855072463768,0.011594202898550725
4272,0.011790393013100437,0.9759825327510917,0.010917030567685589,0.0013100436681222707
4273,0.3253424657534247,0.0,0.010273972602739725,0.6643835616438356
4274,0.39574468085106385,0.0,0.03404255319148936,0.5702127659574469
4275,0.39574468085106385,0.0,0.03404255319148936,0.5702127659574469
4276,0.011790393013100437,0.9759825327510917,0.010917030567685589,0.0013100436681222707
4277,0.39574468085106385,0.0,0.03404255319148936,0.5702127659574469
4278,0.011790393013100437,0.9759825327510917,0.010917030567685589,0.0013100436681222707
4279,0.3253424657534247,0.0,0.010273972602739725,0.6643835616438356
4280,0.08181818181818182,0.004545454545454545,0.004545454545454545,0.9090909090909091
4281,0.452,0.096,0.448,0.004
4282,0.5276679841897233,0.0,0.023715415019762844,0.44861660079051385
4283,0.5276679841897233,0.0,0.023715415019762844,0.44861660079051385
4284,0.011790393013100437,0.9759825327510917,0.010917030567685589,0.0013100436681222707
4285,0.3072916666666667,0.16145833333333334,0.5130208333333334,0.018229166666666668
4286,0.5276679841897233,0.0,0.023715415019762844,0.44861660079051385
4287,0.011790393013100437,0.9759825327510917,0.010917030567685589,0.0013100436681222707
4288,0.03856749311294766,0.8650137741046832,0.09090909090909091,0.005509641873278237
4289,0.011790393013100437,0.9759825327510917,0.010917030567685589,0.0013100436681222707
4290,0.017964071856287425,0.8203592814371258,0.16167664670658682,0.0
4291,0.14736842105263157,0.0,0.005263157894736842,0.8473684210526315
4292,0.011790393013100437,0.9759825327510917,0.010917030567685589,0.0013100436681222707
4293,0.22971014492753622,0.029710144927536233,0.7289855072463768,0.011594202898550725
4294,0.011790393013100437,0.9759825327510917,0.010917030567685589,0.0013100436681222707
4295,0.5276679841897233,0.0,0.023715415019762844,0.44861660079051385
4296,0.22971014492753622,0.029710144927536233,0.7289855072463768,0.011594202898550725
4297,0.011790393013100437,0.9759825327510917,0.010917030567685589,0.0013100436681222707
4298,0.017964071856287425,0.8203592814371258,0.16167664670658682,0.0
4299,0.03856749311294766,0.8650137741046832,0.09090909090909091,0.005509641873278237
4300,0.22971014492753622,0.029710144927536233,0.7289855072463768,0.011594202898550725
4301,0.011790393013100437,0.9759825327510917,0.010917030567685589,0.0013100436681222707
4302,0.011790393013100437,0.9759825327510917,0.010917030567685589,0.0013100436681222707
4303,0.017964071856287425,0.8203592814371258,0.16167664670658682,0.0
4304,0.3103448275862069,0.6724137931034483,0.017241379310344827,0.0
4305,0.42857142857142855,0.42857142857142855,0.14285714285714285,0.0
4306,0.452,0.096,0.448,0.004
4307,0.8917525773195877,0.005154639175257732,0.04639175257731959,0.05670103092783505
4308,0.011790393013100437,0.9759825327510917,0.010917030567685589,0.0013100436681222707
4309,0.22971014492753622,0.029710144927536233,0.7289855072463768,0.011594202898550725
4310,0.3253424657534247,0.0,0.010273972602739725,0.6643835616438356
4311,0.011790393013100437,0.9759825327510917,0.010917030567685589,0.0013100436681222707
4312,0.011790393013100437,0.9759825327510917,0.010917030567685589,0.0013100436681222707
4313,0.011790393013100437,0.9759825327510917,0.010917030567685589,0.0013100436681222707
4314,0.13990825688073394,0.0,0.07339449541284404,0.786697247706422
4315,0.3253424657534247,0.0,0.010273972602739725,0.6643835616438356
4316,0.011790393013100437,0.9759825327510917,0.010917030567685589,0.0013100436681222707
4317,0.011790393013100437,0.9759825327510917,0.010917030567685589,0.0013100436681222707
4318,0.22971014492753622,0.029710144927536233,0.7289855072463768,0.011594202898550725
4319,0.22971014492753622,0.029710144927536233,0.7289855072463768,0.011594202898550725
4320,0.011790393013100437,0.9759825327510917,0.010917030567685589,0.0013100436681222707
4321,0.22971014492753622,0.029710144927536233,0.7289855072463768,0.011594202898550725
4322,0.011790393013100437,0.9759825327510917,0.010917030567685589,0.0013100436681222707
4323,0.08181818181818182,0.004545454545454545,0.004545454545454545,0.9090909090909091
4324,0.3072916666666667,0.16145833333333334,0.5130208333333334,0.018229166666666668
4325,0.0,1.0,0.0,0.0
4326,0.5306122448979592,0.4489795918367347,0.0,0.02040816326530612
4327,0.22971014492753622,0.029710144927536233,0.7289855072463768,0.011594202898550725
4328,0.011790393013100437,0.9759825327510917,0.010917030567685589,0.0013100436681222707
4329,0.5276679841897233,0.0,0.023715415019762844,0.44861660079051385
4330,0.011790393013100437,0.9759825327510917,0.010917030567685589,0.0013100436681222707
4331,0.21739130434782608,0.0,0.03260869565217391,0.75
4332,0.13990825688073394,0.0,0.07339449541284404,0.786697247706422
4333,0.22971014492753622,0.029710144927536233,0.7289855072463768,0.011594202898550725
4334,0.22971014492753622,0.029710144927536233,0.7289855072463768,0.011594202898550725
4335,0.2222222222222222,0.4888888888888889,0.28888888888888886,0.0
4336,0.39574468085106385,0.0,0.03404255319148936,0.5702127659574469
4337,0.8917525773195877,0.005154639175257732,0.04639175257731959,0.05670103092783505
4338,0.42857142857142855,0.42857142857142855,0.14285714285714285,0.0
4339,0.5862068965517241,0.11494252873563218,0.26436781609195403,0.034482758620689655
4340,0.3072916666666667,0.16145833333333334,0.5130208333333334,0.018229166666666668
4341,0.011790393013100437,0.9759825327510917,0.010917030567685589,0.0013100436681222707
4342,0.22971014492753622,0.029710144927536233,0.7289855072463768,0.011594202898550725
4343,0.03856749311294766,0.8650137741046832,0.09090909090909091,0.005509641873278237
4344,0.22971014492753622,0.029710144927536233,0.7289855072463768,0.011594202898550725
4345,0.017964071856287425,0.8203592814371258,0.16167664670658682,0.0
4346,0.011790393013100437,0.9759825327510917,0.010917030567685589,0.0013100436681222707
4347,0.9032258064516129,0.0,0.03225806451612903,0.06451612903225806
4348,0.5679012345679012,0.0,0.0,0.43209876543209874
4349,0.0,0.0,0.0,1.0
4350,0.011790393013100437,0.9759825327510917,0.010917030567685589,0.0013100436681222707
4351,0.5276679841897233,0.0,0.023715415019762844,0.44861660079051385
4352,0.22971014492753622,0.029710144927536233,0.7289855072463768,0.011594202898550725
4353,0.22971014492753622,0.029710144927536233,0.7289855072463768,0.011594202898550725
4354,0.22971014492753622,0.029710144927536233,0.7289855072463768,0.011594202898550725
4355,0.22971014492753622,0.029710144927536233,0.7289855072463768,0.011594202898550725
4356,0.011790393013100437,0.9759825327510917,0.010917030567685589,0.0013100436681222707
4357,0.39574468085106385,0.0,0.03404255319148936,0.5702127659574469
4358,0.011790393013100437,0.9759825327510917,0.010917030567685589,0.0013100436681222707
4359,0.011790393013100437,0.9759825327510917,0.010917030567685589,0.0013100436681222707
4360,0.011790393013100437,0.9759825327510917,0.010917030567685589,0.0013100436681222707
4361,0.5679012345679012,0.0,0.0,0.43209876543209874
4362,0.0989010989010989,0.0,0.03663003663003663,0.8644688644688645
4363,0.011790393013100437,0.9759825327510917,0.010917030567685589,0.0013100436681222707
4364,0.13990825688073394,0.0,0.07339449541284404,0.786697247706422
4365,0.3072916666666667,0.16145833333333334,0.5130208333333334,0.018229166666666668
4366,0.22971014492753622,0.029710144927536233,0.7289855072463768,0.011594202898550725
4367,0.011790393013100437,0.9759825327510917,0.010917030567685589,0.0013100436681222707
4368,0.08181818181818182,0.004545454545454545,0.004545454545454545,0.9090909090909091
4369,0.011790393013100437,0.9759825327510917,0.010917030567685589,0.0013100436681222707
4370,0.3253424657534247,0.0,0.010273972602739725,0.6643835616438356
4371,0.3072916666666667,0.16145833333333334,0.5130208333333334,0.018229166666666668
4372,0.011790393013100437,0.9759825327510917,0.010917030567685589,0.0013100436681222707
4373,0.21052631578947367,0.0,0.0,0.7894736842105263
4374,0.3253424657534247,0.0,0.010273972602739725,0.6643835616438356
4375,0.011790393013100437,0.9759825327510917,0.010917030567685589,0.0013100436681222707
4376,0.22971014492753622,0.029710144927536233,0.7289855072463768,0.011594202898550725
4377,0.6724137931034483,0.008620689655172414,0.2413793103448276,0.07758620689655173
4378,0.452,0.096,0.448,0.004
4379,0.5276679841897233,0.0,0.023715415019762844,0.44861660079051385
4380,0.08974358974358974,0.5128205128205128,0.38461538461538464,0.01282051282051282
4381,0.011790393013100437,0.9759825327510917,0.010917030567685589,0.0013100436681222707
4382,0.08974358974358974,0.5128205128205128,0.38461538461538464,0.01282051282051282
4383,0.2222222222222222,0.4888888888888889,0.28888888888888886,0.0
4384,0.14736842105263157,0.0,0.005263157894736842,0.8473684210526315
4385,0.011790393013100437,0.9759825327510917,0.010917030567685589,0.0013100436681222707
4386,0.08181818181818182,0.004545454545454545,0.004545454545454545,0.9090909090909091
4387,0.22971014492753622,0.029710144927536233,0.7289855072463768,0.011594202898550725
4388,0.3072916666666667,0.16145833333333334,0.5130208333333334,0.018229166666666668
4389,0.22971014492753622,0.029710144927536233,0.7289855072463768,0.011594202898550725
4390,0.011790393013100437,0.9759825327510917,0.010917030567685589,0.0013100436681222707
4391,0.011790393013100437,0.9759825327510917,0.010917030567685589,0.0013100436681222707
4392,0.22971014492753622,0.029710144927536233,0.7289855072463768,0.011594202898550725
4393,0.02631578947368421,0.0,0.10526315789473684,0.868421052631579
4394,0.011790393013100437,0.9759825327510917,0.010917030567685589,0.0013100436681222707
4395,0.011790393013100437,0.9759825327510917,0.010917030567685589,0.0013100436681222707
4396,0.22971014492753622,0.029710144927536233,0.7289855072463768,0.011594202898550725
4397,0.13990825688073394,0.0,0.07339449541284404,0.786697247706422
4398,0.452,0.096,0.448,0.004
4399,0.14736842105263157,0.0,0.005263157894736842,0.8473684210526315
4400,0.0989010989010989,0.0,0.03663003663003663,0.8644688644688645
4401,0.017964071856287425,0.8203592814371258,0.16167664670658682,0.0
4402,0.5276679841897233,0.0,0.023715415019762844,0.44861660079051385
4403,0.22971014492753622,0.029710144927536233,0.7289855072463768,0.011594202898550725
4404,0.011790393013100437,0.9759825327510917,0.010917030567685589,0.0013100436681222707
4405,0.011790393013100437,0.9759825327510917,0.010917030567685589,0.0013100436681222707
4406,0.011790393013100437,0.9759825327510917,0.010917030567685589,0.0013100436681222707
4407,0.22971014492753622,0.029710144927536233,0.7289855072463768,0.011594202898550725
4408,0.011790393013100437,0.9759825327510917,0.010917030567685589,0.0013100436681222707
4409,0.08974358974358974,0.5128205128205128,0.38461538461538464,0.01282051282051282
4410,0.452,0.096,0.448,0.004
4411,0.03856749311294766,0.8650137741046832,0.09090909090909091,0.005509641873278237
4412,0.3253424657534247,0.0,0.010273972602739725,0.6643835616438356
4413,0.011790393013100437,0.9759825327510917,0.010917030567685589,0.0013100436681222707
4414,0.011790393013100437,0.9759825327510917,0.010917030567685589,0.0013100436681222707
4415,0.02631578947368421,0.0,0.10526315789473684,0.868421052631579
4416,0.017964071856287425,0.8203592814371258,0.16167664670658682,0.0
4417,0.6724137931034483,0.008620689655172414,0.2413793103448276,0.07758620689655173
4418,0.3103448275862069,0.6724137931034483,0.017241379310344827,0.0
4419,0.011790393013100437,0.9759825327510917,0.010917030567685589,0.0013100436681222707
4420,0.03856749311294766,0.8650137741046832,0.09090909090909091,0.005509641873278237
4421,0.03856749311294766,0.8650137741046832,0.09090909090909091,0.005509641873278237
4422,0.5276679841897233,0.0,0.023715415019762844,0.44861660079051385
4423,0.03856749311294766,0.8650137741046832,0.09090909090909091,0.005509641873278237
4424,0.3072916666666667,0.16145833333333334,0.5130208333333334,0.018229166666666668
4425,0.0989010989010989,0.0,0.03663003663003663,0.8644688644688645
4426,0.3072916666666667,0.16145833333333334,0.5130208333333334,0.018229166666666668
4427,0.011790393013100437,0.9759825327510917,0.010917030567685589,0.0013100436681222707
4428,0.22971014492753622,0.029710144927536233,0.7289855072463768,0.011594202898550725
4429,0.8917525773195877,0.005154639175257732,0.04639175257731959,0.05670103092783505
4430,0.011790393013100437,0.9759825327510917,0.010917030567685589,0.0013100436681222707
4431,0.22971014492753622,0.029710144927536233,0.7289855072463768,0.011594202898550725
4432,0.13990825688073394,0.0,0.07339449541284404,0.786697247706422
4433,0.011790393013100437,0.9759825327510917,0.010917030567685589,0.0013100436681222707
4434,0.5276679841897233,0.0,0.023715415019762844,0.44861660079051385
4435,0.13990825688073394,0.0,0.07339449541284404,0.786697247706422
4436,0.3072916666666667,0.16145833333333334,0.5130208333333334,0.018229166666666668
4437,0.011790393013100437,0.9759825327510917,0.010917030567685589,0.0013100436681222707
4438,0.011790393013100437,0.9759825327510917,0.010917030567685589,0.0013100436681222707
4439,0.6724137931034483,0.008620689655172414,0.2413793103448276,0.07758620689655173
4440,0.08974358974358974,0.5128205128205128,0.38461538461538464,0.01282051282051282
4441,0.08181818181818182,0.004545454545454545,0.004545454545454545,0.9090909090909091
4442,0.5276679841897233,0.0,0.023715415019762844,0.44861660079051385
4443,0.03856749311294766,0.8650137741046832,0.09090909090909091,0.005509641873278237
4444,0.011790393013100437,0.9759825327510917,0.010917030567685589,0.0013100436681222707
4445,0.011790393013100437,0.9759825327510917,0.010917030567685589,0.0013100436681222707
4446,0.0,0.0,0.8888888888888888,0.1111111111111111
4447,0.22971014492753622,0.029710144927536233,0.7289855072463768,0.011594202898550725
4448,0.22971014492753622,0.029710144927536233,0.7289855072463768,0.011594202898550725
4449,0.0989010989010989,0.0,0.03663003663003663,0.8644688644688645
4450,0.011790393013100437,0.9759825327510917,0.010917030567685589,0.0013100436681222707
4451,0.22971014492753622,0.029710144927536233,0.7289855072463768,0.011594202898550725
4452,0.39574468085106385,0.0,0.03404255319148936,0.5702127659574469
4453,0.13990825688073394,0.0,0.07339449541284404,0.786697247706422
4454,0.0,0.0,0.0,1.0
4455,0.13990825688073394,0.0,0.07339449541284404,0.786697247706422
4456,0.011790393013100437,0.9759825327510917,0.010917030567685589,0.0013100436681222707
4457,0.011790393013100437,0.9759825327510917,0.010917030567685589,0.0013100436681222707
4458,1.0,0.0,0.0,0.0
4459,0.08974358974358974,0.5128205128205128,0.38461538461538464,0.01282051282051282
4460,0.03205128205128205,0.11538461538461539,0.8461538461538461,0.00641025641025641
4461,0.22971014492753622,0.029710144927536233,0.7289855072463768,0.011594202898550725
4462,0.011790393013100437,0.9759825327510917,0.010917030567685589,0.0013100436681222707
4463,0.08974358974358974,0.5128205128205128,0.38461538461538464,0.01282051282051282
4464,0.03856749311294766,0.8650137741046832,0.09090909090909091,0.005509641873278237
4465,0.011790393013100437,0.9759825327510917,0.010917030567685589,0.0013100436681222707
4466,0.14736842105263157,0.0,0.005263157894736842,0.8473684210526315
4467,0.22971014492753622,0.029710144927536233,0.7289855072463768,0.011594202898550725
4468,0.14736842105263157,0.0,0.005263157894736842,0.8473684210526315
4469,0.42105263157894735,0.0,0.15789473684210525,0.42105263157894735
4470,0.42857142857142855,0.42857142857142855,0.14285714285714285,0.0
4471,0.3072916666666667,0.16145833333333334,0.5130208333333334,0.018229166666666668
4472,0.8917525773195877,0.005154639175257732,0.04639175257731959,0.05670103092783505
4473,0.22971014492753622,0.029710144927536233,0.7289855072463768,0.011594202898550725
4474,0.22971014492753622,0.029710144927536233,0.7289855072463768,0.011594202898550725
4475,0.075,0.2,0.725,0.0
4476,0.5862068965517241,0.11494252873563218,0.26436781609195403,0.034482758620689655
4477,0.011790393013100437,0.9759825327510917,0.010917030567685589,0.0013100436681222707
4478,0.22971014492753622,0.029710144927536233,0.7289855072463768,0.011594202898550725
4479,0.22971014492753622,0.029710144927536233,0.7289855072463768,0.011594202898550725
4480,0.3072916666666667,0.16145833333333334,0.5130208333333334,0.018229166666666668
4481,0.3253424657534247,0.0,0.010273972602739725,0.6643835616438356
4482,0.011790393013100437,0.9759825327510917,0.010917030567685589,0.0013100436681222707
4483,0.5679012345679012,0.0,0.0,0.43209876543209874
4484,0.03205128205128205,0.11538461538461539,0.8461538461538461,0.00641025641025641
4485,0.22971014492753622,0.029710144927536233,0.7289855072463768,0.011594202898550725
4486,0.075,0.2,0.725,0.0
4487,0.39574468085106385,0.0,0.03404255319148936,0.5702127659574469
4488,0.03205128205128205,0.11538461538461539,0.8461538461538461,0.00641025641025641
4489,0.0989010989010989,0.0,0.03663003663003663,0.8644688644688645
4490,0.13990825688073394,0.0,0.07339449541284404,0.786697247706422
4491,0.011790393013100437,0.9759825327510917,0.010917030567685589,0.0013100436681222707
4492,0.0989010989010989,0.0,0.03663003663003663,0.8644688644688645
4493,0.42105263157894735,0.0,0.15789473684210525,0.42105263157894735
4494,0.9032258064516129,0.0,0.03225806451612903,0.06451612903225806
4495,0.3072916666666667,0.16145833333333334,0.5130208333333334,0.018229166666666668
4496,0.21739130434782608,0.0,0.03260869565217391,0.75
4497,0.13990825688073394,0.0,0.07339449541284404,0.786697247706422
4498,0.03856749311294766,0.8650137741046832,0.09090909090909091,0.005509641873278237
4499,0.3072916666666667,0.16145833333333334,0.5130208333333334,0.018229166666666668
4500,0.08181818181818182,0.004545454545454545,0.004545454545454545,0.9090909090909091
4501,0.011790393013100437,0.9759825327510917,0.010917030567685589,0.0013100436681222707
4502,0.22971014492753622,0.029710144927536233,0.7289855072463768,0.011594202898550725
4503,0.011790393013100437,0.9759825327510917,0.010917030567685589,0.0013100436681222707
4504,0.22971014492753622,0.029710144927536233,0.7289855072463768,0.011594202898550725
4505,0.3103448275862069,0.6724137931034483,0.017241379310344827,0.0
4506,0.22971014492753622,0.029710144927536233,0.7289855072463768,0.011594202898550725
4507,0.03205128205128205,0.11538461538461539,0.8461538461538461,0.00641025641025641
4508,0.08181818181818182,0.004545454545454545,0.004545454545454545,0.9090909090909091
4509,0.011790393013100437,0.9759825327510917,0.010917030567685589,0.0013100436681222707
4510,0.22971014492753622,0.029710144927536233,0.7289855072463768,0.011594202898550725
4511,0.5679012345679012,0.0,0.0,0.43209876543209874
4512,0.5862068965517241,0.11494252873563218,0.26436781609195403,0.034482758620689655
4513,0.075,0.2,0.725,0.0
4514,0.011790393013100437,0.9759825327510917,0.010917030567685589,0.0013100436681222707
4515,0.21739130434782608,0.0,0.03260869565217391,0.75
4516,0.011790393013100437,0.9759825327510917,0.010917030567685589,0.0013100436681222707
4517,0.452,0.096,0.448,0.004
4518,0.452,0.096,0.448,0.004
4519,0.0989010989010989,0.0,0.03663003663003663,0.8644688644688645
4520,0.13990825688073394,0.0,0.07339449541284404,0.786697247706422
4521,0.011790393013100437,0.9759825327510917,0.010917030567685589,0.0013100436681222707
4522,0.011790393013100437,0.9759825327510917,0.010917030567685589,0.0013100436681222707
4523,0.011790393013100437,0.9759825327510917,0.010917030567685589,0.0013100436681222707
4524,0.5276679841897233,0.0,0.023715415019762844,0.44861660079051385
4525,0.011790393013100437,0.9759825327510917,0.010917030567685589,0.0013100436681222707
4526,0.011790393013100437,0.9759825327510917,0.010917030567685589,0.0013100436681222707
4527,0.03205128205128205,0.11538461538461539,0.8461538461538461,0.00641025641025641
4528,0.011790393013100437,0.9759825327510917,0.010917030567685589,0.0013100436681222707
4529,0.0989010989010989,0.0,0.03663003663003663,0.8644688644688645
4530,0.011790393013100437,0.9759825327510917,0.010917030567685589,0.0013100436681222707
4531,0.39574468085106385,0.0,0.03404255319148936,0.5702127659574469
4532,0.452,0.096,0.448,0.004
4533,0.452,0.096,0.448,0.004
4534,0.03856749311294766,0.8650137741046832,0.09090909090909091,0.005509641873278237
4535,0.011790393013100437,0.9759825327510917,0.010917030567685589,0.0013100436681222707
4536,0.017964071856287425,0.8203592814371258,0.16167664670658682,0.0
4537,0.14736842105263157,0.0,0.005263157894736842,0.8473684210526315
4538,0.22971014492753622,0.029710144927536233,0.7289855072463768,0.011594202898550725
4539,0.5276679841897233,0.0,0.023715415019762844,0.44861660079051385
4540,0.3253424657534247,0.0,0.010273972602739725,0.6643835616438356
4541,0.8917525773195877,0.005154639175257732,0.04639175257731959,0.05670103092783505
4542,0.011790393013100437,0.9759825327510917,0.010917030567685589,0.0013100436681222707
4543,0.5276679841897233,0.0,0.023715415019762844,0.44861660079051385
4544,0.5306122448979592,0.4489795918367347,0.0,0.02040816326530612
4545,0.39574468085106385,0.0,0.03404255319148936,0.5702127659574469
4546,0.011790393013100437,0.9759825327510917,0.010917030567685589,0.0013100436681222707
4547,0.8917525773195877,0.005154639175257732,0.04639175257731959,0.05670103092783505
4548,0.0989010989010989,0.0,0.03663003663003663,0.8644688644688645
4549,0.011790393013100437,0.9759825327510917,0.010917030567685589,0.0013100436681222707
4550,0.6724137931034483,0.008620689655172414,0.2413793103448276,0.07758620689655173
4551,0.011790393013100437,0.9759825327510917,0.010917030567685589,0.0013100436681222707
4552,0.22971014492753622,0.029710144927536233,0.7289855072463768,0.011594202898550725
4553,0.3072916666666667,0.16145833333333334,0.5130208333333334,0.018229166666666668
4554,0.22971014492753622,0.029710144927536233,0.7289855072463768,0.011594202898550725
4555,0.017964071856287425,0.8203592814371258,0.16167664670658682,0.0
4556,0.5276679841897233,0.0,0.023715415019762844,0.44861660079051385
4557,0.03205128205128205,0.11538461538461539,0.8461538461538461,0.00641025641025641
4558,0.011790393013100437,0.9759825327510917,0.010917030567685589,0.0013100436681222707
4559,0.011790393013100437,0.9759825327510917,0.010917030567685589,0.0013100436681222707
4560,0.08974358974358974,0.5128205128205128,0.38461538461538464,0.01282051282051282
4561,0.08181818181818182,0.004545454545454545,0.004545454545454545,0.9090909090909091
4562,0.3253424657534247,0.0,0.010273972602739725,0.6643835616438356
4563,0.3253424657534247,0.0,0.010273972602739725,0.6643835616438356
4564,0.39574468085106385,0.0,0.03404255319148936,0.5702127659574469
4565,0.452,0.096,0.448,0.004
4566,0.22971014492753622,0.029710144927536233,0.7289855072463768,0.011594202898550725
4567,0.7142857142857143,0.0,0.0,0.2857142857142857
4568,0.22971014492753622,0.029710144927536233,0.7289855072463768,0.011594202898550725
4569,0.22971014492753622,0.029710144927536233,0.7289855072463768,0.011594202898550725
4570,0.3072916666666667,0.16145833333333334,0.5130208333333334,0.018229166666666668
4571,0.13990825688073394,0.0,0.07339449541284404,0.786697247706422
4572,0.011790393013100437,0.9759825327510917,0.010917030567685589,0.0013100436681222707
4573,0.011790393013100437,0.9759825327510917,0.010917030567685589,0.0013100436681222707
4574,0.08181818181818182,0.004545454545454545,0.004545454545454545,0.9090909090909091
4575,0.14736842105263157,0.0,0.005263157894736842,0.8473684210526315
4576,0.8917525773195877,0.005154639175257732,0.04639175257731959,0.05670103092783505
4577,0.011790393013100437,0.9759825327510917,0.010917030567685589,0.0013100436681222707
4578,0.8917525773195877,0.005154639175257732,0.04639175257731959,0.05670103092783505
4579,0.39574468085106385,0.0,0.03404255319148936,0.5702127659574469
4580,0.22971014492753622,0.029710144927536233,0.7289855072463768,0.011594202898550725
4581,0.011790393013100437,0.9759825327510917,0.010917030567685589,0.0013100436681222707
4582,0.0,0.0,0.0,1.0
4583,0.011790393013100437,0.9759825327510917,0.010917030567685589,0.0013100436681222707
4584,0.08181818181818182,0.004545454545454545,0.004545454545454545,0.9090909090909091
4585,0.22971014492753622,0.029710144927536233,0.7289855072463768,0.011594202898550725
4586,0.452,0.096,0.448,0.004
4587,0.011790393013100437,0.9759825327510917,0.010917030567685589,0.0013100436681222707
4588,0.3072916666666667,0.16145833333333334,0.5130208333333334,0.018229166666666668
4589,0.011790393013100437,0.9759825327510917,0.010917030567685589,0.0013100436681222707
4590,0.3103448275862069,0.6724137931034483,0.017241379310344827,0.0
4591,0.03205128205128205,0.11538461538461539,0.8461538461538461,0.00641025641025641
4592,0.5276679841897233,0.0,0.023715415019762844,0.44861660079051385
4593,0.22971014492753622,0.029710144927536233,0.7289855072463768,0.011594202898550725
4594,0.22971014492753622,0.029710144927536233,0.7289855072463768,0.011594202898550725
4595,0.452,0.096,0.448,0.004
4596,0.03205128205128205,0.11538461538461539,0.8461538461538461,0.00641025641025641
4597,0.452,0.096,0.448,0.004
4598,0.3072916666666667,0.16145833333333334,0.5130208333333334,0.018229166666666668
4599,0.3072916666666667,0.16145833333333334,0.5130208333333334,0.018229166666666668
4600,0.22971014492753622,0.029710144927536233,0.7289855072463768,0.011594202898550725
4601,0.8917525773195877,0.005154639175257732,0.04639175257731959,0.05670103092783505
4602,0.13990825688073394,0.0,0.07339449541284404,0.786697247706422
4603,0.011790393013100437,0.9759825327510917,0.010917030567685589,0.0013100436681222707
4604,0.22971014492753622,0.029710144927536233,0.7289855072463768,0.011594202898550725
4605,0.011790393013100437,0.9759825327510917,0.010917030567685589,0.0013100436681222707
4606,0.5862068965517241,0.11494252873563218,0.26436781609195403,0.034482758620689655
4607,0.22971014492753622,0.029710144927536233,0.7289855072463768,0.011594202898550725
4608,0.011790393013100437,0.9759825327510917,0.010917030567685589,0.0013100436681222707
4609,0.39574468085106385,0.0,0.03404255319148936,0.5702127659574469
4610,0.22971014492753622,0.029710144927536233,0.7289855072463768,0.011594202898550725
4611,0.13990825688073394,0.0,0.07339449541284404,0.786697247706422
4612,0.5276679841897233,0.0,0.023715415019762844,0.44861660079051385
4613,0.452,0.096,0.448,0.004
4614,0.011790393013100437,0.9759825327510917,0.010917030567685589,0.0013100436681222707
4615,0.0,0.896551724137931,0.10344827586206896,0.0
4616,0.011790393013100437,0.9759825327510917,0.010917030567685589,0.0013100436681222707
4617,0.22971014492753622,0.029710144927536233,0.7289855072463768,0.011594202898550725
4618,0.5276679841897233,0.0,0.023715415019762844,0.44861660079051385
4619,0.011790393013100437,0.9759825327510917,0.010917030567685589,0.0013100436681222707
4620,0.017964071856287425,0.8203592814371258,0.16167664670658682,0.0
4621,0.8917525773195877,0.005154639175257732,0.04639175257731959,0.05670103092783505
4622,0.011790393013100437,0.9759825327510917,0.010917030567685589,0.0013100436681222707
4623,0.452,0.096,0.448,0.004
4624,0.011790393013100437,0.9759825327510917,0.010917030567685589,0.0013100436681222707
4625,0.03205128205128205,0.11538461538461539,0.8461538461538461,0.00641025641025641
4626,0.22971014492753622,0.029710144927536233,0.7289855072463768,0.011594202898550725
4627,0.5276679841897233,0.0,0.023715415019762844,0.44861660079051385
4628,0.011790393013100437,0.9759825327510917,0.010917030567685589,0.0013100436681222707
4629,0.21052631578947367,0.0,0.0,0.7894736842105263
4630,0.22971014492753622,0.029710144927536233,0.7289855072463768,0.011594202898550725
4631,0.0,0.0,0.0,1.0
4632,0.22971014492753622,0.029710144927536233,0.7289855072463768,0.011594202898550725
4633,0.3253424657534247,0.0,0.010273972602739725,0.6643835616438356
4634,0.011790393013100437,0.9759825327510917,0.010917030567685589,0.0013100436681222707
4635,0.011790393013100437,0.9759825327510917,0.010917030567685589,0.0013100436681222707
4636,0.22971014492753622,0.029710144927536233,0.7289855072463768,0.011594202898550725
4637,0.5276679841897233,0.0,0.023715415019762844,0.44861660079051385
4638,0.6724137931034483,0.008620689655172414,0.2413793103448276,0.07758620689655173
4639,0.22971014492753622,0.029710144927536233,0.7289855072463768,0.011594202898550725
4640,0.011790393013100437,0.9759825327510917,0.010917030567685589,0.0013100436681222707
4641,0.03856749311294766,0.8650137741046832,0.09090909090909091,0.005509641873278237
4642,0.011790393013100437,0.9759825327510917,0.010917030567685589,0.0013100436681222707
4643,0.011790393013100437,0.9759825327510917,0.010917030567685589,0.0013100436681222707
4644,0.13990825688073394,0.0,0.07339449541284404,0.786697247706422
4645,0.08181818181818182,0.004545454545454545,0.004545454545454545,0.9090909090909091
4646,0.08181818181818182,0.004545454545454545,0.004545454545454545,0.9090909090909091
4647,0.0,0.0,0.0,1.0
4648,0.22971014492753622,0.029710144927536233,0.7289855072463768,0.011594202898550725
4649,0.03205128205128205,0.11538461538461539,0.8461538461538461,0.00641025641025641
4650,0.22971014492753622,0.029710144927536233,0.7289855072463768,0.011594202898550725
4651,0.9032258064516129,0.0,0.03225806451612903,0.06451612903225806
4652,0.5679012345679012,0.0,0.0,0.43209876543209874
4653,0.03856749311294766,0.8650137741046832,0.09090909090909091,0.005509641873278237
4654,0.011790393013100437,0.9759825327510917,0.010917030567685589,0.0013100436681222707
4655,0.22971014492753622,0.029710144927536233,0.7289855072463768,0.011594202898550725
4656,0.22971014492753622,0.029710144927536233,0.7289855072463768,0.011594202898550725
4657,0.22971014492753622,0.029710144927536233,0.7289855072463768,0.011594202898550725
4658,0.42105263157894735,0.0,0.15789473684210525,0.42105263157894735
4659,0.14736842105263157,0.0,0.005263157894736842,0.8473684210526315
4660,0.0,1.0,0.0,0.0
4661,0.011790393013100437,0.9759825327510917,0.010917030567685589,0.0013100436681222707
4662,0.21052631578947367,0.0,0.0,0.7894736842105263
4663,0.13990825688073394,0.0,0.07339449541284404,0.786697247706422
4664,0.5276679841897233,0.0,0.023715415019762844,0.44861660079051385
4665,0.03856749311294766,0.8650137741046832,0.09090909090909091,0.005509641873278237
4666,0.011790393013100437,0.9759825327510917,0.010917030567685589,0.0013100436681222707
4667,0.5276679841897233,0.0,0.023715415019762844,0.44861660079051385
4668,0.22971014492753622,0.029710144927536233,0.7289855072463768,0.011594202898550725
4669,0.22971014492753622,0.029710144927536233,0.7289855072463768,0.011594202898550725
4670,0.011790393013100437,0.9759825327510917,0.010917030567685589,0.0013100436681222707
4671,0.39574468085106385,0.0,0.03404255319148936,0.5702127659574469
4672,0.011790393013100437,0.9759825327510917,0.010917030567685589,0.0013100436681222707
4673,0.011790393013100437,0.9759825327510917,0.010917030567685589,0.0013100436681222707
4674,0.22971014492753622,0.029710144927536233,0.7289855072463768,0.011594202898550725
4675,0.03205128205128205,0.11538461538461539,0.8461538461538461,0.00641025641025641
4676,0.13990825688073394,0.0,0.07339449541284404,0.786697247706422
4677,0.22971014492753622,0.029710144927536233,0.7289855072463768,0.011594202898550725
4678,0.011790393013100437,0.9759825327510917,0.010917030567685589,0.0013100436681222707
4679,0.3072916666666667,0.16145833333333334,0.5130208333333334,0.018229166666666668
4680,0.011790393013100437,0.9759825327510917,0.010917030567685589,0.0013100436681222707
4681,0.22971014492753622,0.029710144927536233,0.7289855072463768,0.011594202898550725
4682,0.3253424657534247,0.0,0.010273972602739725,0.6643835616438356
4683,0.8917525773195877,0.005154639175257732,0.04639175257731959,0.05670103092783505
4684,0.03856749311294766,0.8650137741046832,0.09090909090909091,0.005509641873278237
4685,0.39574468085106385,0.0,0.03404255319148936,0.5702127659574469
4686,0.011790393013100437,0.9759825327510917,0.010917030567685589,0.0013100436681222707
4687,0.3072916666666667,0.16145833333333334,0.5130208333333334,0.018229166666666668
4688,0.011790393013100437,0.9759825327510917,0.010917030567685589,0.0013100436681222707
4689,0.5276679841897233,0.0,0.023715415019762844,0.44861660079051385
4690,0.02631578947368421,0.0,0.10526315789473684,0.868421052631579
4691,0.22971014492753622,0.029710144927536233,0.7289855072463768,0.011594202898550725
4692,0.011790393013100437,0.9759825327510917,0.010917030567685589,0.0013100436681222707
4693,0.011790393013100437,0.9759825327510917,0.010917030567685589,0.0013100436681222707
4694,0.03856749311294766,0.8650137741046832,0.09090909090909091,0.005509641873278237
4695,0.22971014492753622,0.029710144927536233,0.7289855072463768,0.011594202898550725
4696,0.14736842105263157,0.0,0.005263157894736842,0.8473684210526315
4697,0.011790393013100437,0.9759825327510917,0.010917030567685589,0.0013100436681222707
4698,0.08181818181818182,0.004545454545454545,0.004545454545454545,0.9090909090909091
4699,0.011790393013100437,0.9759825327510917,0.010917030567685589,0.0013100436681222707
4700,0.017964071856287425,0.8203592814371258,0.16167664670658682,0.0
4701,0.5276679841897233,0.0,0.023715415019762844,0.44861660079051385
4702,0.0,0.0,0.0,1.0
4703,0.13990825688073394,0.0,0.07339449541284404,0.786697247706422
4704,0.011790393013100437,0.9759825327510917,0.010917030567685589,0.0013100436681222707
4705,0.452,0.096,0.448,0.004
4706,0.22971014492753622,0.029710144927536233,0.7289855072463768,0.011594202898550725
4707,0.011790393013100437,0.9759825327510917,0.010917030567685589,0.0013100436681222707
4708,0.22971014492753622,0.029710144927536233,0.7289855072463768,0.011594202898550725
4709,0.5862068965517241,0.11494252873563218,0.26436781609195403,0.034482758620689655
4710,0.22971014492753622,0.029710144927536233,0.7289855072463768,0.011594202898550725
4711,0.03205128205128205,0.11538461538461539,0.8461538461538461,0.00641025641025641
4712,0.22971014492753622,0.029710144927536233,0.7289855072463768,0.011594202898550725
4713,0.3072916666666667,0.16145833333333334,0.5130208333333334,0.018229166666666668
4714,0.3072916666666667,0.16145833333333334,0.5130208333333334,0.018229166666666668
4715,0.3253424657534247,0.0,0.010273972602739725,0.6643835616438356
4716,0.3072916666666667,0.16145833333333334,0.5130208333333334,0.018229166666666668
4717,0.3253424657534247,0.0,0.010273972602739725,0.6643835616438356
4718,0.22971014492753622,0.029710144927536233,0.7289855072463768,0.011594202898550725
4719,0.5276679841897233,0.0,0.023715415019762844,0.44861660079051385
4720,0.5276679841897233,0.0,0.023715415019762844,0.44861660079051385
4721,0.22971014492753622,0.029710144927536233,0.7289855072463768,0.011594202898550725
4722,0.3072916666666667,0.16145833333333334,0.5130208333333334,0.018229166666666668
4723,0.0,0.0,0.0,1.0
4724,0.13990825688073394,0.0,0.07339449541284404,0.786697247706422
4725,0.3072916666666667,0.16145833333333334,0.5130208333333334,0.018229166666666668
4726,0.6956521739130435,0.08695652173913043,0.17391304347826086,0.043478260869565216
4727,0.3253424657534247,0.0,0.010273972602739725,0.6643835616438356
4728,0.011790393013100437,0.9759825327510917,0.010917030567685589,0.0013100436681222707
4729,0.22971014492753622,0.029710144927536233,0.7289855072463768,0.011594202898550725
4730,0.3253424657534247,0.0,0.010273972602739725,0.6643835616438356
4731,0.5276679841897233,0.0,0.023715415019762844,0.44861660079051385
4732,0.011790393013100437,0.9759825327510917,0.010917030567685589,0.0013100436681222707
4733,0.3072916666666667,0.16145833333333334,0.5130208333333334,0.018229166666666668
4734,0.5276679841897233,0.0,0.023715415019762844,0.44861660079051385
4735,0.22971014492753622,0.029710144927536233,0.7289855072463768,0.011594202898550725
4736,0.0,0.896551724137931,0.10344827586206896,0.0
4737,0.011790393013100437,0.9759825327510917,0.010917030567685589,0.0013100436681222707
4738,0.3253424657534247,0.0,0.010273972602739725,0.6643835616438356
4739,0.22971014492753622,0.029710144927536233,0.7289855072463768,0.011594202898550725
4740,0.22971014492753622,0.029710144927536233,0.7289855072463768,0.011594202898550725
4741,0.5679012345679012,0.0,0.0,0.43209876543209874
4742,0.13990825688073394,0.0,0.07339449541284404,0.786697247706422
4743,0.03856749311294766,0.8650137741046832,0.09090909090909091,0.005509641873278237
4744,0.5862068965517241,0.11494252873563218,0.26436781609195403,0.034482758620689655
4745,0.011790393013100437,0.9759825327510917,0.010917030567685589,0.0013100436681222707
4746,0.03856749311294766,0.8650137741046832,0.09090909090909091,0.005509641873278237
4747,0.13990825688073394,0.0,0.07339449541284404,0.786697247706422
4748,0.22971014492753622,0.029710144927536233,0.7289855072463768,0.011594202898550725
4749,0.2222222222222222,0.4888888888888889,0.28888888888888886,0.0
4750,0.03856749311294766,0.8650137741046832,0.09090909090909091,0.005509641873278237
4751,0.0,1.0,0.0,0.0
4752,0.017964071856287425,0.8203592814371258,0.16167664670658682,0.0
4753,0.3072916666666667,0.16145833333333334,0.5130208333333334,0.018229166666666668
4754,0.0989010989010989,0.0,0.03663003663003663,0.8644688644688645
4755,0.6724137931034483,0.008620689655172414,0.2413793103448276,0.07758620689655173
4756,0.5276679841897233,0.0,0.023715415019762844,0.44861660079051385
4757,0.452,0.096,0.448,0.004
4758,0.8917525773195877,0.005154639175257732,0.04639175257731959,0.05670103092783505
4759,0.0,0.0,0.0,1.0
4760,0.08974358974358974,0.5128205128205128,0.38461538461538464,0.01282051282051282
4761,0.14736842105263157,0.0,0.005263157894736842,0.8473684210526315
4762,0.011790393013100437,0.9759825327510917,0.010917030567685589,0.0013100436681222707
4763,0.3072916666666667,0.16145833333333334,0.5130208333333334,0.018229166666666668
4764,0.0989010989010989,0.0,0.03663003663003663,0.8644688644688645
4765,0.011790393013100437,0.9759825327510917,0.010917030567685589,0.0013100436681222707
4766,0.13990825688073394,0.0,0.07339449541284404,0.786697247706422
4767,0.011790393013100437,0.9759825327510917,0.010917030567685589,0.0013100436681222707
4768,0.39574468085106385,0.0,0.03404255319148936,0.5702127659574469
4769,0.011790393013100437,0.9759825327510917,0.010917030567685589,0.0013100436681222707
4770,0.5276679841897233,0.0,0.023715415019762844,0.44861660079051385
4771,0.03856749311294766,0.8650137741046832,0.09090909090909091,0.005509641873278237
4772,0.03205128205128205,0.11538461538461539,0.8461538461538461,0.00641025641025641
4773,0.39574468085106385,0.0,0.03404255319148936,0.5702127659574469
4774,0.0989010989010989,0.0,0.03663003663003663,0.8644688644688645
4775,0.3253424657534247,0.0,0.010273972602739725,0.6643835616438356
4776,0.5276679841897233,0.0,0.023715415019762844,0.44861660079051385
4777,0.22971014492753622,0.029710144927536233,0.7289855072463768,0.011594202898550725
4778,0.3072916666666667,0.16145833333333334,0.5130208333333334,0.018229166666666668
4779,0.011790393013100437,0.9759825327510917,0.010917030567685589,0.0013100436681222707
4780,0.011790393013100437,0.9759825327510917,0.010917030567685589,0.0013100436681222707
4781,0.8917525773195877,0.005154639175257732,0.04639175257731959,0.05670103092783505
4782,0.22971014492753622,0.029710144927536233,0.7289855072463768,0.011594202898550725
4783,0.011790393013100437,0.9759825327510917,0.010917030567685589,0.0013100436681222707
4784,0.13990825688073394,0.0,0.07339449541284404,0.786697247706422
4785,0.011790393013100437,0.9759825327510917,0.010917030567685589,0.0013100436681222707
4786,0.3072916666666667,0.16145833333333334,0.5130208333333334,0.018229166666666668
4787,0.22971014492753622,0.029710144927536233,0.7289855072463768,0.011594202898550725
4788,0.011790393013100437,0.9759825327510917,0.010917030567685589,0.0013100436681222707
4789,0.011790393013100437,0.9759825327510917,0.010917030567685589,0.0013100436681222707
4790,0.13990825688073394,0.0,0.07339449541284404,0.786697247706422
4791,0.017964071856287425,0.8203592814371258,0.16167664670658682,0.0
4792,0.011790393013100437,0.9759825327510917,0.010917030567685589,0.0013100436681222707
4793,0.22971014492753622,0.029710144927536233,0.7289855072463768,0.011594202898550725
4794,0.22971014492753622,0.029710144927536233,0.7289855072463768,0.011594202898550725
4795,0.22971014492753622,0.029710144927536233,0.7289855072463768,0.011594202898550725
4796,0.13990825688073394,0.0,0.07339449541284404,0.786697247706422
4797,0.3253424657534247,0.0,0.010273972602739725,0.6643835616438356
4798,0.011790393013100437,0.9759825327510917,0.010917030567685589,0.0013100436681222707
4799,0.8917525773195877,0.005154639175257732,0.04639175257731959,0.05670103092783505
4800,0.3103448275862069,0.6724137931034483,0.017241379310344827,0.0
4801,0.017964071856287425,0.8203592814371258,0.16167664670658682,0.0
4802,0.3253424657534247,0.0,0.010273972602739725,0.6643835616438356
4803,0.22971014492753622,0.029710144927536233,0.7289855072463768,0.011594202898550725
4804,0.5276679841897233,0.0,0.023715415019762844,0.44861660079051385
4805,0.3103448275862069,0.6724137931034483,0.017241379310344827,0.0
4806,0.22971014492753622,0.029710144927536233,0.7289855072463768,0.011594202898550725
4807,0.011790393013100437,0.9759825327510917,0.010917030567685589,0.0013100436681222707
4808,0.03856749311294766,0.8650137741046832,0.09090909090909091,0.005509641873278237
4809,0.0,1.0,0.0,0.0
4810,0.011790393013100437,0.9759825327510917,0.010917030567685589,0.0013100436681222707
4811,0.3072916666666667,0.16145833333333334,0.5130208333333334,0.018229166666666668
4812,0.8917525773195877,0.005154639175257732,0.04639175257731959,0.05670103092783505
4813,0.011790393013100437,0.9759825327510917,0.010917030567685589,0.0013100436681222707
4814,0.0989010989010989,0.0,0.03663003663003663,0.8644688644688645
4815,0.22971014492753622,0.029710144927536233,0.7289855072463768,0.011594202898550725
4816,0.011790393013100437,0.9759825327510917,0.010917030567685589,0.0013100436681222707
4817,0.22971014492753622,0.029710144927536233,0.7289855072463768,0.011594202898550725
4818,0.0,0.0,0.0,1.0
4819,0.3253424657534247,0.0,0.010273972602739725,0.6643835616438356
4820,0.011790393013100437,0.9759825327510917,0.010917030567685589,0.0013100436681222707
4821,0.03856749311294766,0.8650137741046832,0.09090909090909091,0.005509641873278237
4822,0.22971014492753622,0.029710144927536233,0.7289855072463768,0.011594202898550725
4823,0.14736842105263157,0.0,0.005263157894736842,0.8473684210526315
4824,0.452,0.096,0.448,0.004
4825,0.08974358974358974,0.5128205128205128,0.38461538461538464,0.01282051282051282
4826,0.3072916666666667,0.16145833333333334,0.5130208333333334,0.018229166666666668
4827,0.011790393013100437,0.9759825327510917,0.010917030567685589,0.0013100436681222707
4828,0.13990825688073394,0.0,0.07339449541284404,0.786697247706422
4829,0.8917525773195877,0.005154639175257732,0.04639175257731959,0.05670103092783505
4830,0.011790393013100437,0.9759825327510917,0.010917030567685589,0.0013100436681222707
4831,0.011790393013100437,0.9759825327510917,0.010917030567685589,0.0013100436681222707
4832,0.14736842105263157,0.0,0.005263157894736842,0.8473684210526315
4833,0.3103448275862069,0.6724137931034483,0.017241379310344827,0.0
4834,0.017964071856287425,0.8203592814371258,0.16167664670658682,0.0
4835,0.5276679841897233,0.0,0.023715415019762844,0.44861660079051385
4836,0.22971014492753622,0.029710144927536233,0.7289855072463768,0.011594202898550725
4837,0.011790393013100437,0.9759825327510917,0.010917030567685589,0.0013100436681222707
4838,0.8917525773195877,0.005154639175257732,0.04639175257731959,0.05670103092783505
4839,0.08181818181818182,0.004545454545454545,0.004545454545454545,0.9090909090909091
4840,0.5276679841897233,0.0,0.023715415019762844,0.44861660079051385
4841,0.5276679841897233,0.0,0.023715415019762844,0.44861660079051385
4842,0.0989010989010989,0.0,0.03663003663003663,0.8644688644688645
4843,0.0989010989010989,0.0,0.03663003663003663,0.8644688644688645
4844,0.011790393013100437,0.9759825327510917,0.010917030567685589,0.0013100436681222707
4845,0.011790393013100437,0.9759825327510917,0.010917030567685589,0.0013100436681222707
4846,0.3253424657534247,0.0,0.010273972602739725,0.6643835616438356
4847,0.22971014492753622,0.029710144927536233,0.7289855072463768,0.011594202898550725
4848,1.0,0.0,0.0,0.0
4849,0.011790393013100437,0.9759825327510917,0.010917030567685589,0.0013100436681222707
4850,0.22971014492753622,0.029710144927536233,0.7289855072463768,0.011594202898550725
4851,0.3072916666666667,0.16145833333333334,0.5130208333333334,0.018229166666666668
4852,0.3253424657534247,0.0,0.010273972602739725,0.6643835616438356
4853,0.017964071856287425,0.8203592814371258,0.16167664670658682,0.0
4854,0.39574468085106385,0.0,0.03404255319148936,0.5702127659574469
4855,0.22971014492753622,0.029710144927536233,0.7289855072463768,0.011594202898550725
4856,0.011790393013100437,0.9759825327510917,0.010917030567685589,0.0013100436681222707
4857,0.22971014492753622,0.029710144927536233,0.7289855072463768,0.011594202898550725
4858,0.017964071856287425,0.8203592814371258,0.16167664670658682,0.0
4859,0.011790393013100437,0.9759825327510917,0.010917030567685589,0.0013100436681222707
4860,0.3072916666666667,0.16145833333333334,0.5130208333333334,0.018229166666666668
4861,0.22971014492753622,0.029710144927536233,0.7289855072463768,0.011594202898550725
4862,0.14736842105263157,0.0,0.005263157894736842,0.8473684210526315
4863,0.08181818181818182,0.004545454545454545,0.004545454545454545,0.9090909090909091
4864,0.0,1.0,0.0,0.0
4865,0.011790393013100437,0.9759825327510917,0.010917030567685589,0.0013100436681222707
4866,0.22971014492753622,0.029710144927536233,0.7289855072463768,0.011594202898550725
4867,0.39574468085106385,0.0,0.03404255319148936,0.5702127659574469
4868,0.011790393013100437,0.9759825327510917,0.010917030567685589,0.0013100436681222707
4869,0.22971014492753622,0.029710144927536233,0.7289855072463768,0.011594202898550725
4870,0.03856749311294766,0.8650137741046832,0.09090909090909091,0.005509641873278237
4871,0.0989010989010989,0.0,0.03663003663003663,0.8644688644688645
4872,0.011790393013100437,0.9759825327510917,0.010917030567685589,0.0013100436681222707
4873,0.011790393013100437,0.9759825327510917,0.010917030567685589,0.0013100436681222707
4874,0.03856749311294766,0.8650137741046832,0.09090909090909091,0.005509641873278237
4875,0.5276679841897233,0.0,0.023715415019762844,0.44861660079051385
4876,0.011790393013100437,0.9759825327510917,0.010917030567685589,0.0013100436681222707
4877,0.22971014492753622,0.029710144927536233,0.7289855072463768,0.011594202898550725
4878,0.13990825688073394,0.0,0.07339449541284404,0.786697247706422
4879,0.22971014492753622,0.029710144927536233,0.7289855072463768,0.011594202898550725
4880,0.22971014492753622,0.029710144927536233,0.7289855072463768,0.011594202898550725
4881,0.22971014492753622,0.029710144927536233,0.7289855072463768,0.011594202898550725
4882,0.22971014492753622,0.029710144927536233,0.7289855072463768,0.011594202898550725
4883,0.5276679841897233,0.0,0.023715415019762844,0.44861660079051385
4884,0.03856749311294766,0.8650137741046832,0.09090909090909091,0.005509641873278237
4885,0.011790393013100437,0.9759825327510917,0.010917030567685589,0.0013100436681222707
4886,0.5862068965517241,0.11494252873563218,0.26436781609195403,0.034482758620689655
4887,0.5276679841897233,0.0,0.023715415019762844,0.44861660079051385
4888,0.011790393013100437,0.9759825327510917,0.010917030567685589,0.0013100436681222707
4889,0.5679012345679012,0.0,0.0,0.43209876543209874
4890,0.22971014492753622,0.029710144927536233,0.7289855072463768,0.011594202898550725
4891,0.22971014492753622,0.029710144927536233,0.7289855072463768,0.011594202898550725
4892,0.5276679841897233,0.0,0.023715415019762844,0.44861660079051385
4893,0.03205128205128205,0.11538461538461539,0.8461538461538461,0.00641025641025641
4894,0.8917525773195877,0.005154639175257732,0.04639175257731959,0.05670103092783505
4895,0.03856749311294766,0.8650137741046832,0.09090909090909091,0.005509641873278237
4896,0.03856749311294766,0.8650137741046832,0.09090909090909091,0.005509641873278237
4897,0.22971014492753622,0.029710144927536233,0.7289855072463768,0.011594202898550725
4898,0.0989010989010989,0.0,0.03663003663003663,0.8644688644688645
4899,0.22971014492753622,0.029710144927536233,0.7289855072463768,0.011594202898550725
4900,0.22971014492753622,0.029710144927536233,0.7289855072463768,0.011594202898550725
4901,0.011790393013100437,0.9759825327510917,0.010917030567685589,0.0013100436681222707
4902,0.22971014492753622,0.029710144927536233,0.7289855072463768,0.011594202898550725
4903,0.017964071856287425,0.8203592814371258,0.16167664670658682,0.0
4904,0.017964071856287425,0.8203592814371258,0.16167664670658682,0.0
4905,0.6956521739130435,0.08695652173913043,0.17391304347826086,0.043478260869565216
4906,0.011790393013100437,0.9759825327510917,0.010917030567685589,0.0013100436681222707
4907,0.13990825688073394,0.0,0.07339449541284404,0.786697247706422
4908,0.011790393013100437,0.9759825327510917,0.010917030567685589,0.0013100436681222707
4909,0.5276679841897233,0.0,0.023715415019762844,0.44861660079051385
4910,0.39574468085106385,0.0,0.03404255319148936,0.5702127659574469
4911,0.011790393013100437,0.9759825327510917,0.010917030567685589,0.0013100436681222707
4912,0.452,0.096,0.448,0.004
4913,0.0,0.896551724137931,0.10344827586206896,0.0
4914,0.22971014492753622,0.029710144927536233,0.7289855072463768,0.011594202898550725
4915,0.22971014492753622,0.029710144927536233,0.7289855072463768,0.011594202898550725
4916,0.21052631578947367,0.0,0.0,0.7894736842105263
4917,0.22971014492753622,0.029710144927536233,0.7289855072463768,0.011594202898550725
4918,0.13990825688073394,0.0,0.07339449541284404,0.786697247706422
4919,0.5276679841897233,0.0,0.023715415019762844,0.44861660079051385
4920,0.011790393013100437,0.9759825327510917,0.010917030567685589,0.0013100436681222707
4921,0.14736842105263157,0.0,0.005263157894736842,0.8473684210526315
4922,0.011790393013100437,0.9759825327510917,0.010917030567685589,0.0013100436681222707
4923,0.011790393013100437,0.9759825327510917,0.010917030567685589,0.0013100436681222707
4924,0.3072916666666667,0.16145833333333334,0.5130208333333334,0.018229166666666668
4925,0.011790393013100437,0.9759825327510917,0.010917030567685589,0.0013100436681222707
4926,0.8917525773195877,0.005154639175257732,0.04639175257731959,0.05670103092783505
4927,0.39574468085106385,0.0,0.03404255319148936,0.5702127659574469
4928,0.6724137931034483,0.008620689655172414,0.2413793103448276,0.07758620689655173
4929,0.22971014492753622,0.029710144927536233,0.7289855072463768,0.011594202898550725
4930,0.3072916666666667,0.16145833333333334,0.5130208333333334,0.018229166666666668
4931,0.011790393013100437,0.9759825327510917,0.010917030567685589,0.0013100436681222707
4932,0.5306122448979592,0.4489795918367347,0.0,0.02040816326530612
4933,0.075,0.2,0.725,0.0
4934,0.8917525773195877,0.005154639175257732,0.04639175257731959,0.05670103092783505
4935,0.0,0.896551724137931,0.10344827586206896,0.0
4936,0.011790393013100437,0.9759825327510917,0.010917030567685589,0.0013100436681222707
4937,0.02631578947368421,0.0,0.10526315789473684,0.868421052631579
4938,0.011790393013100437,0.9759825327510917,0.010917030567685589,0.0013100436681222707
4939,0.39574468085106385,0.0,0.03404255319148936,0.5702127659574469
4940,0.011790393013100437,0.9759825327510917,0.010917030567685589,0.0013100436681222707
4941,0.0,0.0,1.0,0.0
4942,0.011790393013100437,0.9759825327510917,0.010917030567685589,0.0013100436681222707
4943,0.011790393013100437,0.9759825327510917,0.010917030567685589,0.0013100436681222707
4944,0.22971014492753622,0.029710144927536233,0.7289855072463768,0.011594202898550725
4945,0.5306122448979592,0.4489795918367347,0.0,0.02040816326530612
4946,0.0,0.0,0.0,1.0
4947,0.22971014492753622,0.029710144927536233,0.7289855072463768,0.011594202898550725
4948,0.8917525773195877,0.005154639175257732,0.04639175257731959,0.05670103092783505
4949,0.22971014492753622,0.029710144927536233,0.7289855072463768,0.011594202898550725
4950,0.011790393013100437,0.9759825327510917,0.010917030567685589,0.0013100436681222707
4951,0.011790393013100437,0.9759825327510917,0.010917030567685589,0.0013100436681222707
4952,0.13990825688073394,0.0,0.07339449541284404,0.786697247706422
4953,0.011790393013100437,0.9759825327510917,0.010917030567685589,0.0013100436681222707
4954,0.3072916666666667,0.16145833333333334,0.5130208333333334,0.018229166666666668
4955,0.011790393013100437,0.9759825327510917,0.010917030567685589,0.0013100436681222707
4956,0.0989010989010989,0.0,0.03663003663003663,0.8644688644688645
4957,0.011790393013100437,0.9759825327510917,0.010917030567685589,0.0013100436681222707
4958,0.22971014492753622,0.029710144927536233,0.7289855072463768,0.011594202898550725
4959,0.08181818181818182,0.004545454545454545,0.004545454545454545,0.9090909090909091
4960,0.22971014492753622,0.029710144927536233,0.7289855072463768,0.011594202898550725
4961,0.08181818181818182,0.004545454545454545,0.004545454545454545,0.9090909090909091
4962,0.3072916666666667,0.16145833333333334,0.5130208333333334,0.018229166666666668
4963,0.22971014492753622,0.029710144927536233,0.7289855072463768,0.011594202898550725
4964,0.011790393013100437,0.9759825327510917,0.010917030567685589,0.0013100436681222707
4965,0.22971014492753622,0.029710144927536233,0.7289855072463768,0.011594202898550725
4966,0.22971014492753622,0.029710144927536233,0.7289855072463768,0.011594202898550725
4967,0.22971014492753622,0.029710144927536233,0.7289855072463768,0.011594202898550725
4968,0.5276679841897233,0.0,0.023715415019762844,0.44861660079051385
4969,0.22971014492753622,0.029710144927536233,0.7289855072463768,0.011594202898550725
4970,0.452,0.096,0.448,0.004
4971,0.6724137931034483,0.008620689655172414,0.2413793103448276,0.07758620689655173
4972,0.3103448275862069,0.6724137931034483,0.017241379310344827,0.0
4973,0.14736842105263157,0.0,0.005263157894736842,0.8473684210526315
4974,0.5679012345679012,0.0,0.0,0.43209876543209874
4975,0.011790393013100437,0.9759825327510917,0.010917030567685589,0.0013100436681222707
4976,0.03205128205128205,0.11538461538461539,0.8461538461538461,0.00641025641025641
4977,0.39574468085106385,0.0,0.03404255319148936,0.5702127659574469
4978,0.22971014492753622,0.029710144927536233,0.7289855072463768,0.011594202898550725
4979,0.452,0.096,0.448,0.004
4980,0.011790393013100437,0.9759825327510917,0.010917030567685589,0.0013100436681222707
4981,0.5276679841897233,0.0,0.023715415019762844,0.44861660079051385
4982,0.8917525773195877,0.005154639175257732,0.04639175257731959,0.05670103092783505
4983,0.5276679841897233,0.0,0.023715415019762844,0.44861660079051385
4984,0.011790393013100437,0.9759825327510917,0.010917030567685589,0.0013100436681222707
4985,0.2222222222222222,0.4888888888888889,0.28888888888888886,0.0
4986,0.08181818181818182,0.004545454545454545,0.004545454545454545,0.9090909090909091
4987,0.011790393013100437,0.9759825327510917,0.010917030567685589,0.0013100436681222707
4988,0.3253424657534247,0.0,0.010273972602739725,0.6643835616438356
4989,0.09090909090909091,0.5454545454545454,0.36363636363636365,0.0
4990,0.011790393013100437,0.9759825327510917,0.010917030567685589,0.0013100436681222707
4991,1.0,0.0,0.0,0.0
4992,0.011790393013100437,0.9759825327510917,0.010917030567685589,0.0013100436681222707
4993,0.5276679841897233,0.0,0.023715415019762844,0.44861660079051385
4994,0.011790393013100437,0.9759825327510917,0.010917030567685589,0.0013100436681222707
4995,0.017964071856287425,0.8203592814371258,0.16167664670658682,0.0
4996,0.5862068965517241,0.11494252873563218,0.26436781609195403,0.034482758620689655
4997,0.011790393013100437,0.9759825327510917,0.010917030567685589,0.0013100436681222707
4998,0.39574468085106385,0.0,0.03404255319148936,0.5702127659574469
4999,0.14736842105263157,0.0,0.005263157894736842,0.8473684210526315
5000,0.3072916666666667,0.16145833333333334,0.5130208333333334,0.018229166666666668
5001,0.13990825688073394,0.0,0.07339449541284404,0.786697247706422
5002,0.22971014492753622,0.029710144927536233,0.7289855072463768,0.011594202898550725
5003,0.22971014492753622,0.029710144927536233,0.7289855072463768,0.011594202898550725
5004,0.011790393013100437,0.9759825327510917,0.010917030567685589,0.0013100436681222707
5005,0.011790393013100437,0.9759825327510917,0.010917030567685589,0.0013100436681222707
5006,0.011790393013100437,0.9759825327510917,0.010917030567685589,0.0013100436681222707
5007,0.5276679841897233,0.0,0.023715415019762844,0.44861660079051385
5008,0.011790393013100437,0.9759825327510917,0.010917030567685589,0.0013100436681222707
5009,0.011790393013100437,0.9759825327510917,0.010917030567685589,0.0013100436681222707
5010,0.011790393013100437,0.9759825327510917,0.010917030567685589,0.0013100436681222707
5011,0.3072916666666667,0.16145833333333334,0.5130208333333334,0.018229166666666668
5012,0.452,0.096,0.448,0.004
5013,0.22971014492753622,0.029710144927536233,0.7289855072463768,0.011594202898550725
5014,0.011790393013100437,0.9759825327510917,0.010917030567685589,0.0013100436681222707
5015,0.13990825688073394,0.0,0.07339449541284404,0.786697247706422
5016,0.13990825688073394,0.0,0.07339449541284404,0.786697247706422
5017,0.13990825688073394,0.0,0.07339449541284404,0.786697247706422
5018,0.011790393013100437,0.9759825327510917,0.010917030567685589,0.0013100436681222707
5019,0.011790393013100437,0.9759825327510917,0.010917030567685589,0.0013100436681222707
5020,0.3253424657534247,0.0,0.010273972602739725,0.6643835616438356
5021,0.3253424657534247,0.0,0.010273972602739725,0.6643835616438356
5022,0.011790393013100437,0.9759825327510917,0.010917030567685589,0.0013100436681222707
5023,0.011790393013100437,0.9759825327510917,0.010917030567685589,0.0013100436681222707
5024,0.011790393013100437,0.9759825327510917,0.010917030567685589,0.0013100436681222707
5025,0.011790393013100437,0.9759825327510917,0.010917030567685589,0.0013100436681222707
5026,0.011790393013100437,0.9759825327510917,0.010917030567685589,0.0013100436681222707
5027,0.3072916666666667,0.16145833333333334,0.5130208333333334,0.018229166666666668
5028,0.3072916666666667,0.16145833333333334,0.5130208333333334,0.018229166666666668
5029,0.011790393013100437,0.9759825327510917,0.010917030567685589,0.0013100436681222707
5030,0.5276679841897233,0.0,0.023715415019762844,0.44861660079051385
5031,0.3072916666666667,0.16145833333333334,0.5130208333333334,0.018229166666666668
5032,0.8917525773195877,0.005154639175257732,0.04639175257731959,0.05670103092783505
5033,0.0989010989010989,0.0,0.03663003663003663,0.8644688644688645
5034,0.22971014492753622,0.029710144927536233,0.7289855072463768,0.011594202898550725
5035,0.22971014492753622,0.029710144927536233,0.7289855072463768,0.011594202898550725
5036,0.011790393013100437,0.9759825327510917,0.010917030567685589,0.0013100436681222707
5037,0.22971014492753622,0.029710144927536233,0.7289855072463768,0.011594202898550725
5038,0.011790393013100437,0.9759825327510917,0.010917030567685589,0.0013100436681222707
5039,0.5276679841897233,0.0,0.023715415019762844,0.44861660079051385
5040,0.22971014492753622,0.029710144927536233,0.7289855072463768,0.011594202898550725
5041,0.011790393013100437,0.9759825327510917,0.010917030567685589,0.0013100436681222707
5042,0.22971014492753622,0.029710144927536233,0.7289855072463768,0.011594202898550725
5043,0.22971014492753622,0.029710144927536233,0.7289855072463768,0.011594202898550725
5044,0.03856749311294766,0.8650137741046832,0.09090909090909091,0.005509641873278237
5045,0.011790393013100437,0.9759825327510917,0.010917030567685589,0.0013100436681222707
5046,0.011790393013100437,0.9759825327510917,0.010917030567685589,0.0013100436681222707
5047,0.22971014492753622,0.029710144927536233,0.7289855072463768,0.011594202898550725
5048,0.011790393013100437,0.9759825327510917,0.010917030567685589,0.0013100436681222707
5049,0.011790393013100437,0.9759825327510917,0.010917030567685589,0.0013100436681222707
5050,0.5276679841897233,0.0,0.023715415019762844,0.44861660079051385
5051,0.0989010989010989,0.0,0.03663003663003663,0.8644688644688645
5052,0.011790393013100437,0.9759825327510917,0.010917030567685589,0.0013100436681222707
5053,0.011790393013100437,0.9759825327510917,0.010917030567685589,0.0013100436681222707
5054,0.5276679841897233,0.0,0.023715415019762844,0.44861660079051385
5055,0.011790393013100437,0.9759825327510917,0.010917030567685589,0.0013100436681222707
5056,0.011790393013100437,0.9759825327510917,0.010917030567685589,0.0013100436681222707
5057,0.452,0.096,0.448,0.004
5058,0.22971014492753622,0.029710144927536233,0.7289855072463768,0.011594202898550725
5059,0.011790393013100437,0.9759825327510917,0.010917030567685589,0.0013100436681222707
5060,0.03205128205128205,0.11538461538461539,0.8461538461538461,0.00641025641025641
5061,0.011790393013100437,0.9759825327510917,0.010917030567685589,0.0013100436681222707
5062,0.5276679841897233,0.0,0.023715415019762844,0.44861660079051385
5063,0.22971014492753622,0.029710144927536233,0.7289855072463768,0.011594202898550725
5064,0.39574468085106385,0.0,0.03404255319148936,0.5702127659574469
5065,0.03856749311294766,0.8650137741046832,0.09090909090909091,0.005509641873278237
5066,0.21739130434782608,0.0,0.03260869565217391,0.75
5067,0.011790393013100437,0.9759825327510917,0.010917030567685589,0.0013100436681222707
5068,0.5276679841897233,0.0,0.023715415019762844,0.44861660079051385
5069,0.452,0.096,0.448,0.004
5070,0.03856749311294766,0.8650137741046832,0.09090909090909091,0.005509641873278237
5071,0.3253424657534247,0.0,0.010273972602739725,0.6643835616438356
5072,0.03856749311294766,0.8650137741046832,0.09090909090909091,0.005509641873278237
5073,0.22971014492753622,0.029710144927536233,0.7289855072463768,0.011594202898550725
5074,0.3072916666666667,0.16145833333333334,0.5130208333333334,0.018229166666666668
5075,0.011790393013100437,0.9759825327510917,0.010917030567685589,0.0013100436681222707
5076,0.011790393013100437,0.9759825327510917,0.010917030567685589,0.0013100436681222707
5077,0.39574468085106385,0.0,0.03404255319148936,0.5702127659574469
5078,0.22971014492753622,0.029710144927536233,0.7289855072463768,0.011594202898550725
5079,0.011790393013100437,0.9759825327510917,0.010917030567685589,0.0013100436681222707
5080,0.3072916666666667,0.16145833333333334,0.5130208333333334,0.018229166666666668
5081,0.011790393013100437,0.9759825327510917,0.010917030567685589,0.0013100436681222707
5082,0.08181818181818182,0.004545454545454545,0.004545454545454545,0.9090909090909091
5083,0.13990825688073394,0.0,0.07339449541284404,0.786697247706422
5084,0.011790393013100437,0.9759825327510917,0.010917030567685589,0.0013100436681222707
5085,0.452,0.096,0.448,0.004
5086,0.08974358974358974,0.5128205128205128,0.38461538461538464,0.01282051282051282
5087,0.13990825688073394,0.0,0.07339449541284404,0.786697247706422
5088,0.22971014492753622,0.029710144927536233,0.7289855072463768,0.011594202898550725
5089,0.22971014492753622,0.029710144927536233,0.7289855072463768,0.011594202898550725
5090,0.14736842105263157,0.0,0.005263157894736842,0.8473684210526315
5091,0.011790393013100437,0.9759825327510917,0.010917030567685589,0.0013100436681222707
5092,0.0,0.896551724137931,0.10344827586206896,0.0
5093,0.14736842105263157,0.0,0.005263157894736842,0.8473684210526315
5094,1.0,0.0,0.0,0.0
5095,0.0,0.0,0.0,1.0
5096,0.03856749311294766,0.8650137741046832,0.09090909090909091,0.005509641873278237
5097,0.22971014492753622,0.029710144927536233,0.7289855072463768,0.011594202898550725
5098,0.011790393013100437,0.9759825327510917,0.010917030567685589,0.0013100436681222707
5099,0.0,0.0,0.0,1.0
5100,0.3253424657534247,0.0,0.010273972602739725,0.6643835616438356
5101,0.011790393013100437,0.9759825327510917,0.010917030567685589,0.0013100436681222707
5102,0.5276679841897233,0.0,0.023715415019762844,0.44861660079051385
5103,0.03205128205128205,0.11538461538461539,0.8461538461538461,0.00641025641025641
5104,0.8917525773195877,0.005154639175257732,0.04639175257731959,0.05670103092783505
5105,0.7142857142857143,0.0,0.0,0.2857142857142857
5106,0.3103448275862069,0.6724137931034483,0.017241379310344827,0.0
5107,0.011790393013100437,0.9759825327510917,0.010917030567685589,0.0013100436681222707
5108,0.13990825688073394,0.0,0.07339449541284404,0.786697247706422
5109,0.011790393013100437,0.9759825327510917,0.010917030567685589,0.0013100436681222707
5110,0.0989010989010989,0.0,0.03663003663003663,0.8644688644688645
5111,0.22971014492753622,0.029710144927536233,0.7289855072463768,0.011594202898550725
5112,0.39574468085106385,0.0,0.03404255319148936,0.5702127659574469
5113,0.452,0.096,0.448,0.004
5114,0.011790393013100437,0.9759825327510917,0.010917030567685589,0.0013100436681222707
5115,0.075,0.2,0.725,0.0
5116,0.22971014492753622,0.029710144927536233,0.7289855072463768,0.011594202898550725
5117,0.03205128205128205,0.11538461538461539,0.8461538461538461,0.00641025641025641
5118,0.22971014492753622,0.029710144927536233,0.7289855072463768,0.011594202898550725
5119,0.3253424657534247,0.0,0.010273972602739725,0.6643835616438356
5120,0.5276679841897233,0.0,0.023715415019762844,0.44861660079051385
5121,0.14736842105263157,0.0,0.005263157894736842,0.8473684210526315
5122,0.017964071856287425,0.8203592814371258,0.16167664670658682,0.0
5123,0.5306122448979592,0.4489795918367347,0.0,0.02040816326530612
5124,0.22971014492753622,0.029710144927536233,0.7289855072463768,0.011594202898550725
5125,0.03856749311294766,0.8650137741046832,0.09090909090909091,0.005509641873278237
5126,0.3253424657534247,0.0,0.010273972602739725,0.6643835616438356
5127,0.03856749311294766,0.8650137741046832,0.09090909090909091,0.005509641873278237
5128,0.3072916666666667,0.16145833333333334,0.5130208333333334,0.018229166666666668
5129,0.03856749311294766,0.8650137741046832,0.09090909090909091,0.005509641873278237
5130,0.3072916666666667,0.16145833333333334,0.5130208333333334,0.018229166666666668
5131,0.03856749311294766,0.8650137741046832,0.09090909090909091,0.005509641873278237
5132,0.011790393013100437,0.9759825327510917,0.010917030567685589,0.0013100436681222707
5133,0.03856749311294766,0.8650137741046832,0.09090909090909091,0.005509641873278237
5134,0.39574468085106385,0.0,0.03404255319148936,0.5702127659574469
5135,0.011790393013100437,0.9759825327510917,0.010917030567685589,0.0013100436681222707
5136,0.22971014492753622,0.029710144927536233,0.7289855072463768,0.011594202898550725
5137,0.017964071856287425,0.8203592814371258,0.16167664670658682,0.0
5138,0.011790393013100437,0.9759825327510917,0.010917030567685589,0.0013100436681222707
5139,0.08181818181818182,0.004545454545454545,0.004545454545454545,0.9090909090909091
5140,0.3253424657534247,0.0,0.010273972602739725,0.6643835616438356
5141,0.011790393013100437,0.9759825327510917,0.010917030567685589,0.0013100436681222707
5142,0.011790393013100437,0.9759825327510917,0.010917030567685589,0.0013100436681222707
5143,0.5679012345679012,0.0,0.0,0.43209876543209874
5144,0.011790393013100437,0.9759825327510917,0.010917030567685589,0.0013100436681222707
5145,0.011790393013100437,0.9759825327510917,0.010917030567685589,0.0013100436681222707
5146,0.011790393013100437,0.9759825327510917,0.010917030567685589,0.0013100436681222707
5147,0.13990825688073394,0.0,0.07339449541284404,0.786697247706422
5148,0.03205128205128205,0.11538461538461539,0.8461538461538461,0.00641025641025641
5149,0.011790393013100437,0.9759825327510917,0.010917030567685589,0.0013100436681222707
5150,0.02631578947368421,0.0,0.10526315789473684,0.868421052631579
5151,0.3072916666666667,0.16145833333333334,0.5130208333333334,0.018229166666666668
5152,0.3072916666666667,0.16145833333333334,0.5130208333333334,0.018229166666666668
5153,0.22971014492753622,0.029710144927536233,0.7289855072463768,0.011594202898550725
5154,0.13990825688073394,0.0,0.07339449541284404,0.786697247706422
5155,0.3253424657534247,0.0,0.010273972602739725,0.6643835616438356
5156,0.011790393013100437,0.9759825327510917,0.010917030567685589,0.0013100436681222707
5157,0.03205128205128205,0.11538461538461539,0.8461538461538461,0.00641025641025641
5158,0.3103448275862069,0.6724137931034483,0.017241379310344827,0.0
5159,0.3072916666666667,0.16145833333333334,0.5130208333333334,0.018229166666666668
5160,0.2222222222222222,0.4888888888888889,0.28888888888888886,0.0
5161,0.011790393013100437,0.9759825327510917,0.010917030567685589,0.0013100436681222707
5162,0.22971014492753622,0.029710144927536233,0.7289855072463768,0.011594202898550725
5163,0.3253424657534247,0.0,0.010273972602739725,0.6643835616438356
5164,0.5276679841897233,0.0,0.023715415019762844,0.44861660079051385
5165,0.22971014492753622,0.029710144927536233,0.7289855072463768,0.011594202898550725
5166,0.75,0.25,0.0,0.0
5167,1.0,0.0,0.0,0.0
5168,0.075,0.2,0.725,0.0
5169,0.08181818181818182,0.004545454545454545,0.004545454545454545,0.9090909090909091
5170,0.011790393013100437,0.9759825327510917,0.010917030567685589,0.0013100436681222707
5171,0.011790393013100437,0.9759825327510917,0.010917030567685589,0.0013100436681222707
5172,0.011790393013100437,0.9759825327510917,0.010917030567685589,0.0013100436681222707
5173,0.011790393013100437,0.9759825327510917,0.010917030567685589,0.0013100436681222707
5174,0.14736842105263157,0.0,0.005263157894736842,0.8473684210526315
5175,0.452,0.096,0.448,0.004
5176,0.011790393013100437,0.9759825327510917,0.010917030567685589,0.0013100436681222707
5177,0.08974358974358974,0.5128205128205128,0.38461538461538464,0.01282051282051282
5178,0.011790393013100437,0.9759825327510917,0.010917030567685589,0.0013100436681222707
5179,0.02631578947368421,0.0,0.10526315789473684,0.868421052631579
5180,0.22971014492753622,0.029710144927536233,0.7289855072463768,0.011594202898550725
5181,0.011790393013100437,0.9759825327510917,0.010917030567685589,0.0013100436681222707
5182,0.39574468085106385,0.0,0.03404255319148936,0.5702127659574469
5183,0.22971014492753622,0.029710144927536233,0.7289855072463768,0.011594202898550725
5184,0.3072916666666667,0.16145833333333334,0.5130208333333334,0.018229166666666668
5185,0.452,0.096,0.448,0.004
5186,0.0989010989010989,0.0,0.03663003663003663,0.8644688644688645
5187,0.3072916666666667,0.16145833333333334,0.5130208333333334,0.018229166666666668
5188,0.22971014492753622,0.029710144927536233,0.7289855072463768,0.011594202898550725
5189,0.3072916666666667,0.16145833333333334,0.5130208333333334,0.018229166666666668
5190,0.0989010989010989,0.0,0.03663003663003663,0.8644688644688645
5191,0.3103448275862069,0.6724137931034483,0.017241379310344827,0.0
5192,0.011790393013100437,0.9759825327510917,0.010917030567685589,0.0013100436681222707
5193,0.5862068965517241,0.11494252873563218,0.26436781609195403,0.034482758620689655
5194,0.011790393013100437,0.9759825327510917,0.010917030567685589,0.0013100436681222707
5195,0.011790393013100437,0.9759825327510917,0.010917030567685589,0.0013100436681222707
5196,0.08181818181818182,0.004545454545454545,0.004545454545454545,0.9090909090909091
5197,0.3253424657534247,0.0,0.010273972602739725,0.6643835616438356
5198,0.8,0.2,0.0,0.0
5199,0.22971014492753622,0.029710144927536233,0.7289855072463768,0.011594202898550725
5200,0.011790393013100437,0.9759825327510917,0.010917030567685589,0.0013100436681222707
5201,0.03205128205128205,0.11538461538461539,0.8461538461538461,0.00641025641025641
5202,0.011790393013100437,0.9759825327510917,0.010917030567685589,0.0013100436681222707
5203,0.011790393013100437,0.9759825327510917,0.010917030567685589,0.0013100436681222707
5204,0.011790393013100437,0.9759825327510917,0.010917030567685589,0.0013100436681222707
5205,0.22971014492753622,0.029710144927536233,0.7289855072463768,0.011594202898550725
5206,0.14736842105263157,0.0,0.005263157894736842,0.8473684210526315
5207,0.0,0.0,0.0,1.0
5208,0.22971014492753622,0.029710144927536233,0.7289855072463768,0.011594202898550725
5209,0.017964071856287425,0.8203592814371258,0.16167664670658682,0.0
5210,0.22971014492753622,0.029710144927536233,0.7289855072463768,0.011594202898550725
5211,0.5276679841897233,0.0,0.023715415019762844,0.44861660079051385
5212,0.011790393013100437,0.9759825327510917,0.010917030567685589,0.0013100436681222707
5213,0.13990825688073394,0.0,0.07339449541284404,0.786697247706422
5214,0.22971014492753622,0.029710144927536233,0.7289855072463768,0.011594202898550725
5215,0.0989010989010989,0.0,0.03663003663003663,0.8644688644688645
5216,0.21739130434782608,0.0,0.03260869565217391,0.75
5217,0.9032258064516129,0.0,0.03225806451612903,0.06451612903225806
5218,0.011790393013100437,0.9759825327510917,0.010917030567685589,0.0013100436681222707
5219,0.011790393013100437,0.9759825327510917,0.010917030567685589,0.0013100436681222707
5220,0.22971014492753622,0.029710144927536233,0.7289855072463768,0.011594202898550725
5221,0.21739130434782608,0.0,0.03260869565217391,0.75
5222,0.452,0.096,0.448,0.004
5223,0.13990825688073394,0.0,0.07339449541284404,0.786697247706422
5224,0.5679012345679012,0.0,0.0,0.43209876543209874
5225,0.22971014492753622,0.029710144927536233,0.7289855072463768,0.011594202898550725
5226,0.08181818181818182,0.004545454545454545,0.004545454545454545,0.9090909090909091
5227,0.22971014492753622,0.029710144927536233,0.7289855072463768,0.011594202898550725
5228,0.011790393013100437,0.9759825327510917,0.010917030567685589,0.0013100436681222707
5229,0.14736842105263157,0.0,0.005263157894736842,0.8473684210526315
5230,0.3253424657534247,0.0,0.010273972602739725,0.6643835616438356
5231,0.017964071856287425,0.8203592814371258,0.16167664670658682,0.0
5232,0.03856749311294766,0.8650137741046832,0.09090909090909091,0.005509641873278237
5233,0.9032258064516129,0.0,0.03225806451612903,0.06451612903225806
5234,0.011790393013100437,0.9759825327510917,0.010917030567685589,0.0013100436681222707
5235,0.3072916666666667,0.16145833333333334,0.5130208333333334,0.018229166666666668
5236,0.3072916666666667,0.16145833333333334,0.5130208333333334,0.018229166666666668
5237,0.21739130434782608,0.0,0.03260869565217391,0.75
5238,0.011790393013100437,0.9759825327510917,0.010917030567685589,0.0013100436681222707
5239,0.22971014492753622,0.029710144927536233,0.7289855072463768,0.011594202898550725
5240,0.3072916666666667,0.16145833333333334,0.5130208333333334,0.018229166666666668
5241,0.22971014492753622,0.029710144927536233,0.7289855072463768,0.011594202898550725
5242,0.22971014492753622,0.029710144927536233,0.7289855072463768,0.011594202898550725
5243,0.22971014492753622,0.029710144927536233,0.7289855072463768,0.011594202898550725
5244,0.0,1.0,0.0,0.0
5245,0.011790393013100437,0.9759825327510917,0.010917030567685589,0.0013100436681222707
5246,0.011790393013100437,0.9759825327510917,0.010917030567685589,0.0013100436681222707
5247,0.452,0.096,0.448,0.004
5248,0.011790393013100437,0.9759825327510917,0.010917030567685589,0.0013100436681222707
5249,0.5276679841897233,0.0,0.023715415019762844,0.44861660079051385
5250,0.011790393013100437,0.9759825327510917,0.010917030567685589,0.0013100436681222707
5251,0.011790393013100437,0.9759825327510917,0.010917030567685589,0.0013100436681222707
5252,0.03856749311294766,0.8650137741046832,0.09090909090909091,0.005509641873278237
5253,0.22971014492753622,0.029710144927536233,0.7289855072463768,0.011594202898550725
5254,0.011790393013100437,0.9759825327510917,0.010917030567685589,0.0013100436681222707
5255,0.0,1.0,0.0,0.0
5256,0.0989010989010989,0.0,0.03663003663003663,0.8644688644688645
5257,0.5276679841897233,0.0,0.023715415019762844,0.44861660079051385
5258,0.5276679841897233,0.0,0.023715415019762844,0.44861660079051385
5259,0.14736842105263157,0.0,0.005263157894736842,0.8473684210526315
5260,0.5276679841897233,0.0,0.023715415019762844,0.44861660079051385
5261,0.011790393013100437,0.9759825327510917,0.010917030567685589,0.0013100436681222707
5262,0.017964071856287425,0.8203592814371258,0.16167664670658682,0.0
5263,0.22971014492753622,0.029710144927536233,0.7289855072463768,0.011594202898550725
5264,0.011790393013100437,0.9759825327510917,0.010917030567685589,0.0013100436681222707
5265,0.03856749311294766,0.8650137741046832,0.09090909090909091,0.005509641873278237
5266,0.5862068965517241,0.11494252873563218,0.26436781609195403,0.034482758620689655
5267,0.14736842105263157,0.0,0.005263157894736842,0.8473684210526315
5268,0.011790393013100437,0.9759825327510917,0.010917030567685589,0.0013100436681222707
5269,0.011790393013100437,0.9759825327510917,0.010917030567685589,0.0013100436681222707
5270,0.13990825688073394,0.0,0.07339449541284404,0.786697247706422
5271,0.5276679841897233,0.0,0.023715415019762844,0.44861660079051385
5272,0.011790393013100437,0.9759825327510917,0.010917030567685589,0.0013100436681222707
5273,0.011790393013100437,0.9759825327510917,0.010917030567685589,0.0013100436681222707
5274,0.03856749311294766,0.8650137741046832,0.09090909090909091,0.005509641873278237
5275,0.5276679841897233,0.0,0.023715415019762844,0.44861660079051385
5276,0.5276679841897233,0.0,0.023715415019762844,0.44861660079051385
5277,0.011790393013100437,0.9759825327510917,0.010917030567685589,0.0013100436681222707
5278,0.011790393013100437,0.9759825327510917,0.010917030567685589,0.0013100436681222707
5279,0.011790393013100437,0.9759825327510917,0.010917030567685589,0.0013100436681222707
5280,0.13990825688073394,0.0,0.07339449541284404,0.786697247706422
5281,0.3072916666666667,0.16145833333333334,0.5130208333333334,0.018229166666666668
5282,0.22971014492753622,0.029710144927536233,0.7289855072463768,0.011594202898550725
5283,0.011790393013100437,0.9759825327510917,0.010917030567685589,0.0013100436681222707
5284,0.5862068965517241,0.11494252873563218,0.26436781609195403,0.034482758620689655
5285,0.5276679841897233,0.0,0.023715415019762844,0.44861660079051385
5286,0.22971014492753622,0.029710144927536233,0.7289855072463768,0.011594202898550725
5287,0.011790393013100437,0.9759825327510917,0.010917030567685589,0.0013100436681222707
5288,0.0989010989010989,0.0,0.03663003663003663,0.8644688644688645
5289,0.08181818181818182,0.004545454545454545,0.004545454545454545,0.9090909090909091
5290,0.0989010989010989,0.0,0.03663003663003663,0.8644688644688645
5291,0.6470588235294118,0.0,0.0,0.35294117647058826
5292,0.5276679841897233,0.0,0.023715415019762844,0.44861660079051385
5293,0.011790393013100437,0.9759825327510917,0.010917030567685589,0.0013100436681222707
5294,0.3253424657534247,0.0,0.010273972602739725,0.6643835616438356
5295,0.13990825688073394,0.0,0.07339449541284404,0.786697247706422
5296,0.02631578947368421,0.0,0.10526315789473684,0.868421052631579
5297,0.011790393013100437,0.9759825327510917,0.010917030567685589,0.0013100436681222707
5298,0.03856749311294766,0.8650137741046832,0.09090909090909091,0.005509641873278237
5299,0.22971014492753622,0.029710144927536233,0.7289855072463768,0.011594202898550725
5300,0.6724137931034483,0.008620689655172414,0.2413793103448276,0.07758620689655173
5301,0.5276679841897233,0.0,0.023715415019762844,0.44861660079051385
5302,0.011790393013100437,0.9759825327510917,0.010917030567685589,0.0013100436681222707
5303,0.13990825688073394,0.0,0.07339449541284404,0.786697247706422
5304,0.22971014492753622,0.029710144927536233,0.7289855072463768,0.011594202898550725
5305,0.08974358974358974,0.5128205128205128,0.38461538461538464,0.01282051282051282
5306,0.8917525773195877,0.005154639175257732,0.04639175257731959,0.05670103092783505
5307,0.011790393013100437,0.9759825327510917,0.010917030567685589,0.0013100436681222707
5308,0.5276679841897233,0.0,0.023715415019762844,0.44861660079051385
5309,0.6724137931034483,0.008620689655172414,0.2413793103448276,0.07758620689655173
5310,0.08974358974358974,0.5128205128205128,0.38461538461538464,0.01282051282051282
5311,0.39574468085106385,0.0,0.03404255319148936,0.5702127659574469
5312,0.011790393013100437,0.9759825327510917,0.010917030567685589,0.0013100436681222707
5313,0.14736842105263157,0.0,0.005263157894736842,0.8473684210526315
5314,0.22971014492753622,0.029710144927536233,0.7289855072463768,0.011594202898550725
5315,0.0989010989010989,0.0,0.03663003663003663,0.8644688644688645
5316,0.13990825688073394,0.0,0.07339449541284404,0.786697247706422
5317,0.22971014492753622,0.029710144927536233,0.7289855072463768,0.011594202898550725
5318,0.22971014492753622,0.029710144927536233,0.7289855072463768,0.011594202898550725
5319,0.22971014492753622,0.029710144927536233,0.7289855072463768,0.011594202898550725
5320,0.22971014492753622,0.029710144927536233,0.7289855072463768,0.011594202898550725
5321,0.011790393013100437,0.9759825327510917,0.010917030567685589,0.0013100436681222707
5322,0.22971014492753622,0.029710144927536233,0.7289855072463768,0.011594202898550725
5323,0.39574468085106385,0.0,0.03404255319148936,0.5702127659574469
5324,0.011790393013100437,0.9759825327510917,0.010917030567685589,0.0013100436681222707
5325,0.0,0.896551724137931,0.10344827586206896,0.0
5326,0.03205128205128205,0.11538461538461539,0.8461538461538461,0.00641025641025641
5327,0.5276679841897233,0.0,0.023715415019762844,0.44861660079051385
5328,0.22971014492753622,0.029710144927536233,0.7289855072463768,0.011594202898550725
5329,0.011790393013100437,0.9759825327510917,0.010917030567685589,0.0013100436681222707
5330,0.22971014492753622,0.029710144927536233,0.7289855072463768,0.011594202898550725
5331,0.08333333333333333,0.0,0.0,0.9166666666666666
5332,0.13990825688073394,0.0,0.07339449541284404,0.786697247706422
5333,0.02631578947368421,0.0,0.10526315789473684,0.868421052631579
5334,0.3103448275862069,0.6724137931034483,0.017241379310344827,0.0
5335,0.03205128205128205,0.11538461538461539,0.8461538461538461,0.00641025641025641
5336,0.5276679841897233,0.0,0.023715415019762844,0.44861660079051385
5337,0.39574468085106385,0.0,0.03404255319148936,0.5702127659574469
5338,0.5862068965517241,0.11494252873563218,0.26436781609195403,0.034482758620689655
5339,0.011790393013100437,0.9759825327510917,0.010917030567685589,0.0013100436681222707
5340,0.011790393013100437,0.9759825327510917,0.010917030567685589,0.0013100436681222707
5341,0.03856749311294766,0.8650137741046832,0.09090909090909091,0.005509641873278237
5342,0.08181818181818182,0.004545454545454545,0.004545454545454545,0.9090909090909091
5343,0.6724137931034483,0.008620689655172414,0.2413793103448276,0.07758620689655173
5344,0.3072916666666667,0.16145833333333334,0.5130208333333334,0.018229166666666668
5345,0.0989010989010989,0.0,0.03663003663003663,0.8644688644688645
5346,0.13990825688073394,0.0,0.07339449541284404,0.786697247706422
5347,0.13990825688073394,0.0,0.07339449541284404,0.786697247706422
5348,0.5276679841897233,0.0,0.023715415019762844,0.44861660079051385
5349,0.14736842105263157,0.0,0.005263157894736842,0.8473684210526315
5350,0.13990825688073394,0.0,0.07339449541284404,0.786697247706422
5351,0.011790393013100437,0.9759825327510917,0.010917030567685589,0.0013100436681222707
5352,0.22971014492753622,0.029710144927536233,0.7289855072463768,0.011594202898550725
5353,0.0989010989010989,0.0,0.03663003663003663,0.8644688644688645
5354,0.13990825688073394,0.0,0.07339449541284404,0.786697247706422
5355,0.011790393013100437,0.9759825327510917,0.010917030567685589,0.0013100436681222707
5356,0.011790393013100437,0.9759825327510917,0.010917030567685589,0.0013100436681222707
5357,0.011790393013100437,0.9759825327510917,0.010917030567685589,0.0013100436681222707
5358,0.011790393013100437,0.9759825327510917,0.010917030567685589,0.0013100436681222707
5359,0.0,1.0,0.0,0.0
5360,0.011790393013100437,0.9759825327510917,0.010917030567685589,0.0013100436681222707
5361,0.03856749311294766,0.8650137741046832,0.09090909090909091,0.005509641873278237
5362,0.011790393013100437,0.9759825327510917,0.010917030567685589,0.0013100436681222707
5363,0.011790393013100437,0.9759825327510917,0.010917030567685589,0.0013100436681222707
5364,0.011790393013100437,0.9759825327510917,0.010917030567685589,0.0013100436681222707
5365,0.011790393013100437,0.9759825327510917,0.010917030567685589,0.0013100436681222707
5366,0.011790393013100437,0.9759825327510917,0.010917030567685589,0.0013100436681222707
5367,0.22971014492753622,0.029710144927536233,0.7289855072463768,0.011594202898550725
5368,0.3253424657534247,0.0,0.010273972602739725,0.6643835616438356
5369,0.011790393013100437,0.9759825327510917,0.010917030567685589,0.0013100436681222707
5370,0.011790393013100437,0.9759825327510917,0.010917030567685589,0.0013100436681222707
5371,0.39574468085106385,0.0,0.03404255319148936,0.5702127659574469
5372,0.39574468085106385,0.0,0.03404255319148936,0.5702127659574469
5373,0.03856749311294766,0.8650137741046832,0.09090909090909091,0.005509641873278237
5374,0.011790393013100437,0.9759825327510917,0.010917030567685589,0.0013100436681222707
5375,0.42105263157894735,0.0,0.15789473684210525,0.42105263157894735
5376,0.22971014492753622,0.029710144927536233,0.7289855072463768,0.011594202898550725
5377,0.13990825688073394,0.0,0.07339449541284404,0.786697247706422
5378,0.452,0.096,0.448,0.004
5379,0.5679012345679012,0.0,0.0,0.43209876543209874
5380,0.3253424657534247,0.0,0.010273972602739725,0.6643835616438356
5381,0.39574468085106385,0.0,0.03404255319148936,0.5702127659574469
5382,0.14736842105263157,0.0,0.005263157894736842,0.8473684210526315
5383,0.22971014492753622,0.029710144927536233,0.7289855072463768,0.011594202898550725
5384,0.6666666666666666,0.3333333333333333,0.0,0.0
5385,0.13990825688073394,0.0,0.07339449541284404,0.786697247706422
5386,0.017964071856287425,0.8203592814371258,0.16167664670658682,0.0
5387,0.22971014492753622,0.029710144927536233,0.7289855072463768,0.011594202898550725
5388,0.5679012345679012,0.0,0.0,0.43209876543209874
5389,0.22971014492753622,0.029710144927536233,0.7289855072463768,0.011594202898550725
5390,0.5276679841897233,0.0,0.023715415019762844,0.44861660079051385
5391,0.011790393013100437,0.9759825327510917,0.010917030567685589,0.0013100436681222707
5392,0.011790393013100437,0.9759825327510917,0.010917030567685589,0.0013100436681222707
5393,0.011790393013100437,0.9759825327510917,0.010917030567685589,0.0013100436681222707
5394,0.5276679841897233,0.0,0.023715415019762844,0.44861660079051385
5395,0.011790393013100437,0.9759825327510917,0.010917030567685589,0.0013100436681222707
5396,0.3072916666666667,0.16145833333333334,0.5130208333333334,0.018229166666666668
5397,0.0,0.0,1.0,0.0
5398,0.011790393013100437,0.9759825327510917,0.010917030567685589,0.0013100436681222707
5399,0.5276679841897233,0.0,0.023715415019762844,0.44861660079051385
5400,0.13990825688073394,0.0,0.07339449541284404,0.786697247706422
5401,0.011790393013100437,0.9759825327510917,0.010917030567685589,0.0013100436681222707
5402,0.22971014492753622,0.029710144927536233,0.7289855072463768,0.011594202898550725
5403,0.011790393013100437,0.9759825327510917,0.010917030567685589,0.0013100436681222707
5404,0.3072916666666667,0.16145833333333334,0.5130208333333334,0.018229166666666668
5405,0.22971014492753622,0.029710144927536233,0.7289855072463768,0.011594202898550725
5406,0.011790393013100437,0.9759825327510917,0.010917030567685589,0.0013100436681222707
5407,0.7142857142857143,0.0,0.0,0.2857142857142857
5408,0.011790393013100437,0.9759825327510917,0.010917030567685589,0.0013100436681222707
5409,0.22971014492753622,0.029710144927536233,0.7289855072463768,0.011594202898550725
5410,0.22971014492753622,0.029710144927536233,0.7289855072463768,0.011594202898550725
5411,0.0989010989010989,0.0,0.03663003663003663,0.8644688644688645
5412,0.0,0.0,0.0,1.0
5413,0.5276679841897233,0.0,0.023715415019762844,0.44861660079051385
5414,0.02631578947368421,0.0,0.10526315789473684,0.868421052631579
5415,0.011790393013100437,0.9759825327510917,0.010917030567685589,0.0013100436681222707
5416,0.5862068965517241,0.11494252873563218,0.26436781609195403,0.034482758620689655
5417,0.8917525773195877,0.005154639175257732,0.04639175257731959,0.05670103092783505
5418,0.5862068965517241,0.11494252873563218,0.26436781609195403,0.034482758620689655
5419,0.03856749311294766,0.8650137741046832,0.09090909090909091,0.005509641873278237
5420,0.017964071856287425,0.8203592814371258,0.16167664670658682,0.0
5421,0.22971014492753622,0.029710144927536233,0.7289855072463768,0.011594202898550725
5422,0.011790393013100437,0.9759825327510917,0.010917030567685589,0.0013100436681222707
5423,0.8917525773195877,0.005154639175257732,0.04639175257731959,0.05670103092783505
5424,0.011790393013100437,0.9759825327510917,0.010917030567685589,0.0013100436681222707
5425,0.22971014492753622,0.029710144927536233,0.7289855072463768,0.011594202898550725
5426,0.22971014492753622,0.029710144927536233,0.7289855072463768,0.011594202898550725
5427,0.5306122448979592,0.4489795918367347,0.0,0.02040816326530612
5428,0.5862068965517241,0.11494252873563218,0.26436781609195403,0.034482758620689655
5429,0.13990825688073394,0.0,0.07339449541284404,0.786697247706422
5430,0.6666666666666666,0.3333333333333333,0.0,0.0
5431,0.8917525773195877,0.005154639175257732,0.04639175257731959,0.05670103092783505
5432,0.8917525773195877,0.005154639175257732,0.04639175257731959,0.05670103092783505
5433,0.22971014492753622,0.029710144927536233,0.7289855072463768,0.011594202898550725
5434,0.6956521739130435,0.08695652173913043,0.17391304347826086,0.043478260869565216
5435,0.0,1.0,0.0,0.0
5436,0.22971014492753622,0.029710144927536233,0.7289855072463768,0.011594202898550725
5437,0.03856749311294766,0.8650137741046832,0.09090909090909091,0.005509641873278237
5438,0.5276679841897233,0.0,0.023715415019762844,0.44861660079051385
5439,0.08181818181818182,0.004545454545454545,0.004545454545454545,0.9090909090909091
5440,0.5276679841897233,0.0,0.023715415019762844,0.44861660079051385
5441,0.8917525773195877,0.005154639175257732,0.04639175257731959,0.05670103092783505
5442,0.011790393013100437,0.9759825327510917,0.010917030567685589,0.0013100436681222707
5443,0.03856749311294766,0.8650137741046832,0.09090909090909091,0.005509641873278237
5444,0.22971014492753622,0.029710144927536233,0.7289855072463768,0.011594202898550725
5445,0.22971014492753622,0.029710144927536233,0.7289855072463768,0.011594202898550725
5446,0.08181818181818182,0.004545454545454545,0.004545454545454545,0.9090909090909091
5447,0.08974358974358974,0.5128205128205128,0.38461538461538464,0.01282051282051282
5448,0.13990825688073394,0.0,0.07339449541284404,0.786697247706422
5449,0.22971014492753622,0.029710144927536233,0.7289855072463768,0.011594202898550725
5450,0.22971014492753622,0.029710144927536233,0.7289855072463768,0.011594202898550725
5451,0.22971014492753622,0.029710144927536233,0.7289855072463768,0.011594202898550725
5452,0.22971014492753622,0.029710144927536233,0.7289855072463768,0.011594202898550725
5453,0.017964071856287425,0.8203592814371258,0.16167664670658682,0.0
5454,0.011790393013100437,0.9759825327510917,0.010917030567685589,0.0013100436681222707
5455,0.39574468085106385,0.0,0.03404255319148936,0.5702127659574469
5456,0.8917525773195877,0.005154639175257732,0.04639175257731959,0.05670103092783505
5457,0.03856749311294766,0.8650137741046832,0.09090909090909091,0.005509641873278237
5458,0.0989010989010989,0.0,0.03663003663003663,0.8644688644688645
5459,0.3072916666666667,0.16145833333333334,0.5130208333333334,0.018229166666666668
5460,0.011790393013100437,0.9759825327510917,0.010917030567685589,0.0013100436681222707
5461,0.0989010989010989,0.0,0.03663003663003663,0.8644688644688645
5462,0.011790393013100437,0.9759825327510917,0.010917030567685589,0.0013100436681222707
5463,0.3253424657534247,0.0,0.010273972602739725,0.6643835616438356
5464,0.011790393013100437,0.9759825327510917,0.010917030567685589,0.0013100436681222707
5465,0.011790393013100437,0.9759825327510917,0.010917030567685589,0.0013100436681222707
5466,0.39574468085106385,0.0,0.03404255319148936,0.5702127659574469
5467,0.5276679841897233,0.0,0.023715415019762844,0.44861660079051385
5468,0.13990825688073394,0.0,0.07339449541284404,0.786697247706422
5469,0.011790393013100437,0.9759825327510917,0.010917030567685589,0.0013100436681222707
5470,0.22971014492753622,0.029710144927536233,0.7289855072463768,0.011594202898550725
5471,0.14736842105263157,0.0,0.005263157894736842,0.8473684210526315
5472,0.011790393013100437,0.9759825327510917,0.010917030567685589,0.0013100436681222707
5473,1.0,0.0,0.0,0.0
5474,0.8917525773195877,0.005154639175257732,0.04639175257731959,0.05670103092783505
5475,0.39574468085106385,0.0,0.03404255319148936,0.5702127659574469
5476,0.21739130434782608,0.0,0.03260869565217391,0.75
5477,0.13990825688073394,0.0,0.07339449541284404,0.786697247706422
5478,0.452,0.096,0.448,0.004
5479,0.22971014492753622,0.029710144927536233,0.7289855072463768,0.011594202898550725
5480,0.03856749311294766,0.8650137741046832,0.09090909090909091,0.005509641873278237
5481,0.011790393013100437,0.9759825327510917,0.010917030567685589,0.0013100436681222707
5482,0.452,0.096,0.448,0.004
5483,0.22971014492753622,0.029710144927536233,0.7289855072463768,0.011594202898550725
5484,0.0,0.896551724137931,0.10344827586206896,0.0
5485,0.011790393013100437,0.9759825327510917,0.010917030567685589,0.0013100436681222707
5486,0.011790393013100437,0.9759825327510917,0.010917030567685589,0.0013100436681222707
5487,0.011790393013100437,0.9759825327510917,0.010917030567685589,0.0013100436681222707
5488,0.011790393013100437,0.9759825327510917,0.010917030567685589,0.0013100436681222707
5489,0.011790393013100437,0.9759825327510917,0.010917030567685589,0.0013100436681222707
5490,0.14736842105263157,0.0,0.005263157894736842,0.8473684210526315
5491,0.8917525773195877,0.005154639175257732,0.04639175257731959,0.05670103092783505
5492,0.21739130434782608,0.0,0.03260869565217391,0.75
5493,0.011790393013100437,0.9759825327510917,0.010917030567685589,0.0013100436681222707
5494,0.011790393013100437,0.9759825327510917,0.010917030567685589,0.0013100436681222707
5495,0.03856749311294766,0.8650137741046832,0.09090909090909091,0.005509641873278237
5496,0.011790393013100437,0.9759825327510917,0.010917030567685589,0.0013100436681222707
5497,0.452,0.096,0.448,0.004
5498,0.452,0.096,0.448,0.004
5499,0.3103448275862069,0.6724137931034483,0.017241379310344827,0.0
5500,0.011790393013100437,0.9759825327510917,0.010917030567685589,0.0013100436681222707
5501,0.22971014492753622,0.029710144927536233,0.7289855072463768,0.011594202898550725
5502,0.011790393013100437,0.9759825327510917,0.010917030567685589,0.0013100436681222707
5503,0.0989010989010989,0.0,0.03663003663003663,0.8644688644688645
5504,0.22971014492753622,0.029710144927536233,0.7289855072463768,0.011594202898550725
5505,0.39574468085106385,0.0,0.03404255319148936,0.5702127659574469
5506,0.0,0.0,0.0,1.0
5507,0.22971014492753622,0.029710144927536233,0.7289855072463768,0.011594202898550725
5508,0.011790393013100437,0.9759825327510917,0.010917030567685589,0.0013100436681222707
5509,0.011790393013100437,0.9759825327510917,0.010917030567685589,0.0013100436681222707
5510,0.22971014492753622,0.029710144927536233,0.7289855072463768,0.011594202898550725
5511,0.39574468085106385,0.0,0.03404255319148936,0.5702127659574469
5512,0.22971014492753622,0.029710144927536233,0.7289855072463768,0.011594202898550725
5513,0.011790393013100437,0.9759825327510917,0.010917030567685589,0.0013100436681222707
5514,0.03856749311294766,0.8650137741046832,0.09090909090909091,0.005509641873278237
5515,0.5276679841897233,0.0,0.023715415019762844,0.44861660079051385
5516,0.011790393013100437,0.9759825327510917,0.010917030567685589,0.0013100436681222707
5517,0.011790393013100437,0.9759825327510917,0.010917030567685589,0.0013100436681222707
5518,0.3253424657534247,0.0,0.010273972602739725,0.6643835616438356
5519,0.452,0.096,0.448,0.004
5520,0.011790393013100437,0.9759825327510917,0.010917030567685589,0.0013100436681222707
5521,0.03205128205128205,0.11538461538461539,0.8461538461538461,0.00641025641025641
5522,0.22971014492753622,0.029710144927536233,0.7289855072463768,0.011594202898550725
5523,0.011790393013100437,0.9759825327510917,0.010917030567685589,0.0013100436681222707
5524,0.21739130434782608,0.0,0.03260869565217391,0.75
5525,0.011790393013100437,0.9759825327510917,0.010917030567685589,0.0013100436681222707
5526,0.452,0.096,0.448,0.004
5527,0.22971014492753622,0.029710144927536233,0.7289855072463768,0.011594202898550725
5528,0.5276679841897233,0.0,0.023715415019762844,0.44861660079051385
5529,0.011790393013100437,0.9759825327510917,0.010917030567685589,0.0013100436681222707
5530,0.21052631578947367,0.0,0.0,0.7894736842105263
5531,0.011790393013100437,0.9759825327510917,0.010917030567685589,0.0013100436681222707
5532,0.5276679841897233,0.0,0.023715415019762844,0.44861660079051385
5533,0.22971014492753622,0.029710144927536233,0.7289855072463768,0.011594202898550725
5534,0.011790393013100437,0.9759825327510917,0.010917030567685589,0.0013100436681222707
5535,0.5679012345679012,0.0,0.0,0.43209876543209874
5536,0.011790393013100437,0.9759825327510917,0.010917030567685589,0.0013100436681222707
5537,0.011790393013100437,0.9759825327510917,0.010917030567685589,0.0013100436681222707
5538,0.011790393013100437,0.9759825327510917,0.010917030567685589,0.0013100436681222707
5539,0.011790393013100437,0.9759825327510917,0.010917030567685589,0.0013100436681222707
5540,0.452,0.096,0.448,0.004
5541,0.3072916666666667,0.16145833333333334,0.5130208333333334,0.018229166666666668
5542,0.03856749311294766,0.8650137741046832,0.09090909090909091,0.005509641873278237
5543,0.5276679841897233,0.0,0.023715415019762844,0.44861660079051385
5544,0.3072916666666667,0.16145833333333334,0.5130208333333334,0.018229166666666668
5545,0.8917525773195877,0.005154639175257732,0.04639175257731959,0.05670103092783505
5546,0.22971014492753622,0.029710144927536233,0.7289855072463768,0.011594202898550725
5547,0.0989010989010989,0.0,0.03663003663003663,0.8644688644688645
5548,0.452,0.096,0.448,0.004
5549,0.011790393013100437,0.9759825327510917,0.010917030567685589,0.0013100436681222707
5550,0.22971014492753622,0.029710144927536233,0.7289855072463768,0.011594202898550725
5551,0.011790393013100437,0.9759825327510917,0.010917030567685589,0.0013100436681222707
5552,0.5862068965517241,0.11494252873563218,0.26436781609195403,0.034482758620689655
5553,0.3253424657534247,0.0,0.010273972602739725,0.6643835616438356
5554,1.0,0.0,0.0,0.0
5555,0.011790393013100437,0.9759825327510917,0.010917030567685589,0.0013100436681222707
5556,0.22971014492753622,0.029710144927536233,0.7289855072463768,0.011594202898550725
5557,0.5276679841897233,0.0,0.023715415019762844,0.44861660079051385
5558,0.5276679841897233,0.0,0.023715415019762844,0.44861660079051385
5559,0.22971014492753622,0.029710144927536233,0.7289855072463768,0.011594202898550725
5560,0.5862068965517241,0.11494252873563218,0.26436781609195403,0.034482758620689655
5561,0.03856749311294766,0.8650137741046832,0.09090909090909091,0.005509641873278237
5562,0.011790393013100437,0.9759825327510917,0.010917030567685589,0.0013100436681222707
5563,0.13990825688073394,0.0,0.07339449541284404,0.786697247706422
5564,0.5306122448979592,0.4489795918367347,0.0,0.02040816326530612
5565,0.08181818181818182,0.004545454545454545,0.004545454545454545,0.9090909090909091
5566,0.22971014492753622,0.029710144927536233,0.7289855072463768,0.011594202898550725
5567,0.03205128205128205,0.11538461538461539,0.8461538461538461,0.00641025641025641
5568,0.011790393013100437,0.9759825327510917,0.010917030567685589,0.0013100436681222707
5569,0.22971014492753622,0.029710144927536233,0.7289855072463768,0.011594202898550725
5570,0.22971014492753622,0.029710144927536233,0.7289855072463768,0.011594202898550725
5571,0.5862068965517241,0.11494252873563218,0.26436781609195403,0.034482758620689655
5572,0.22971014492753622,0.029710144927536233,0.7289855072463768,0.011594202898550725
5573,0.5276679841897233,0.0,0.023715415019762844,0.44861660079051385
5574,0.011790393013100437,0.9759825327510917,0.010917030567685589,0.0013100436681222707
5575,0.22971014492753622,0.029710144927536233,0.7289855072463768,0.011594202898550725
5576,0.8917525773195877,0.005154639175257732,0.04639175257731959,0.05670103092783505
5577,0.3072916666666667,0.16145833333333334,0.5130208333333334,0.018229166666666668
5578,0.22971014492753622,0.029710144927536233,0.7289855072463768,0.011594202898550725
5579,0.13990825688073394,0.0,0.07339449541284404,0.786697247706422
5580,0.22971014492753622,0.029710144927536233,0.7289855072463768,0.011594202898550725
5581,0.09090909090909091,0.5454545454545454,0.36363636363636365,0.0
5582,0.03205128205128205,0.11538461538461539,0.8461538461538461,0.00641025641025641
5583,0.3103448275862069,0.6724137931034483,0.017241379310344827,0.0
5584,0.22971014492753622,0.029710144927536233,0.7289855072463768,0.011594202898550725
5585,0.03205128205128205,0.11538461538461539,0.8461538461538461,0.00641025641025641
5586,0.5276679841897233,0.0,0.023715415019762844,0.44861660079051385
5587,0.08333333333333333,0.0,0.0,0.9166666666666666
5588,0.13990825688073394,0.0,0.07339449541284404,0.786697247706422
5589,0.03205128205128205,0.11538461538461539,0.8461538461538461,0.00641025641025641
5590,0.03205128205128205,0.11538461538461539,0.8461538461538461,0.00641025641025641
5591,0.22971014492753622,0.029710144927536233,0.7289855072463768,0.011594202898550725
5592,0.39574468085106385,0.0,0.03404255319148936,0.5702127659574469
5593,0.08181818181818182,0.004545454545454545,0.004545454545454545,0.9090909090909091
5594,0.22971014492753622,0.029710144927536233,0.7289855072463768,0.011594202898550725
5595,0.13990825688073394,0.0,0.07339449541284404,0.786697247706422
5596,0.22971014492753622,0.029710144927536233,0.7289855072463768,0.011594202898550725
5597,0.3253424657534247,0.0,0.010273972602739725,0.6643835616438356
5598,0.011790393013100437,0.9759825327510917,0.010917030567685589,0.0013100436681222707
5599,0.22971014492753622,0.029710144927536233,0.7289855072463768,0.011594202898550725
5600,0.22971014492753622,0.029710144927536233,0.7289855072463768,0.011594202898550725
5601,0.6724137931034483,0.008620689655172414,0.2413793103448276,0.07758620689655173
5602,0.22971014492753622,0.029710144927536233,0.7289855072463768,0.011594202898550725
5603,0.08974358974358974,0.5128205128205128,0.38461538461538464,0.01282051282051282
5604,0.13990825688073394,0.0,0.07339449541284404,0.786697247706422
5605,0.3072916666666667,0.16145833333333334,0.5130208333333334,0.018229166666666668
5606,0.0,0.896551724137931,0.10344827586206896,0.0
5607,0.22971014492753622,0.029710144927536233,0.7289855072463768,0.011594202898550725
5608,0.011790393013100437,0.9759825327510917,0.010917030567685589,0.0013100436681222707
5609,0.011790393013100437,0.9759825327510917,0.010917030567685589,0.0013100436681222707
5610,0.22971014492753622,0.029710144927536233,0.7289855072463768,0.011594202898550725
5611,0.22971014492753622,0.029710144927536233,0.7289855072463768,0.011594202898550725
5612,0.011790393013100437,0.9759825327510917,0.010917030567685589,0.0013100436681222707
5613,0.8917525773195877,0.005154639175257732,0.04639175257731959,0.05670103092783505
5614,0.22971014492753622,0.029710144927536233,0.7289855072463768,0.011594202898550725
5615,0.452,0.096,0.448,0.004
5616,0.011790393013100437,0.9759825327510917,0.010917030567685589,0.0013100436681222707
5617,0.011790393013100437,0.9759825327510917,0.010917030567685589,0.0013100436681222707
5618,0.22971014492753622,0.029710144927536233,0.7289855072463768,0.011594202898550725
5619,0.3072916666666667,0.16145833333333334,0.5130208333333334,0.018229166666666668
5620,0.8917525773195877,0.005154639175257732,0.04639175257731959,0.05670103092783505
5621,0.0989010989010989,0.0,0.03663003663003663,0.8644688644688645
5622,0.22971014492753622,0.029710144927536233,0.7289855072463768,0.011594202898550725
5623,0.8917525773195877,0.005154639175257732,0.04639175257731959,0.05670103092783505
5624,0.13990825688073394,0.0,0.07339449541284404,0.786697247706422
5625,1.0,0.0,0.0,0.0
5626,0.03205128205128205,0.11538461538461539,0.8461538461538461,0.00641025641025641
5627,0.22971014492753622,0.029710144927536233,0.7289855072463768,0.011594202898550725
5628,0.22971014492753622,0.029710144927536233,0.7289855072463768,0.011594202898550725
5629,0.22971014492753622,0.029710144927536233,0.7289855072463768,0.011594202898550725
5630,0.6470588235294118,0.0,0.0,0.35294117647058826
5631,0.011790393013100437,0.9759825327510917,0.010917030567685589,0.0013100436681222707
5632,0.011790393013100437,0.9759825327510917,0.010917030567685589,0.0013100436681222707
5633,0.22971014492753622,0.029710144927536233,0.7289855072463768,0.011594202898550725
5634,0.011790393013100437,0.9759825327510917,0.010917030567685589,0.0013100436681222707
5635,0.011790393013100437,0.9759825327510917,0.010917030567685589,0.0013100436681222707
5636,0.13990825688073394,0.0,0.07339449541284404,0.786697247706422
5637,0.03856749311294766,0.8650137741046832,0.09090909090909091,0.005509641873278237
5638,0.011790393013100437,0.9759825327510917,0.010917030567685589,0.0013100436681222707
5639,0.21739130434782608,0.0,0.03260869565217391,0.75
5640,0.22971014492753622,0.029710144927536233,0.7289855072463768,0.011594202898550725
5641,0.011790393013100437,0.9759825327510917,0.010917030567685589,0.0013100436681222707
5642,0.3253424657534247,0.0,0.010273972602739725,0.6643835616438356
5643,0.011790393013100437,0.9759825327510917,0.010917030567685589,0.0013100436681222707
5644,0.011790393013100437,0.9759825327510917,0.010917030567685589,0.0013100436681222707
5645,0.5862068965517241,0.11494252873563218,0.26436781609195403,0.034482758620689655
5646,0.13990825688073394,0.0,0.07339449541284404,0.786697247706422
5647,0.03205128205128205,0.11538461538461539,0.8461538461538461,0.00641025641025641
5648,0.03205128205128205,0.11538461538461539,0.8461538461538461,0.00641025641025641
5649,0.03856749311294766,0.8650137741046832,0.09090909090909091,0.005509641873278237
5650,0.452,0.096,0.448,0.004
5651,0.011790393013100437,0.9759825327510917,0.010917030567685589,0.0013100436681222707
5652,0.011790393013100437,0.9759825327510917,0.010917030567685589,0.0013100436681222707
5653,0.08181818181818182,0.004545454545454545,0.004545454545454545,0.9090909090909091
5654,0.22971014492753622,0.029710144927536233,0.7289855072463768,0.011594202898550725
5655,0.452,0.096,0.448,0.004
5656,0.08181818181818182,0.004545454545454545,0.004545454545454545,0.9090909090909091
5657,0.3253424657534247,0.0,0.010273972602739725,0.6643835616438356
5658,0.011790393013100437,0.9759825327510917,0.010917030567685589,0.0013100436681222707
5659,0.011790393013100437,0.9759825327510917,0.010917030567685589,0.0013100436681222707
5660,0.5276679841897233,0.0,0.023715415019762844,0.44861660079051385
5661,0.08181818181818182,0.004545454545454545,0.004545454545454545,0.9090909090909091
5662,0.8917525773195877,0.005154639175257732,0.04639175257731959,0.05670103092783505
5663,0.3072916666666667,0.16145833333333334,0.5130208333333334,0.018229166666666668
5664,0.08181818181818182,0.004545454545454545,0.004545454545454545,0.9090909090909091
5665,0.011790393013100437,0.9759825327510917,0.010917030567685589,0.0013100436681222707
5666,0.9032258064516129,0.0,0.03225806451612903,0.06451612903225806
5667,0.08333333333333333,0.0,0.0,0.9166666666666666
5668,0.3072916666666667,0.16145833333333334,0.5130208333333334,0.018229166666666668
5669,0.08974358974358974,0.5128205128205128,0.38461538461538464,0.01282051282051282
5670,0.22971014492753622,0.029710144927536233,0.7289855072463768,0.011594202898550725
5671,0.39574468085106385,0.0,0.03404255319148936,0.5702127659574469
5672,0.3103448275862069,0.6724137931034483,0.017241379310344827,0.0
5673,0.21052631578947367,0.0,0.0,0.7894736842105263
5674,0.22971014492753622,0.029710144927536233,0.7289855072463768,0.011594202898550725
5675,0.011790393013100437,0.9759825327510917,0.010917030567685589,0.0013100436681222707
5676,0.22971014492753622,0.029710144927536233,0.7289855072463768,0.011594202898550725
5677,0.011790393013100437,0.9759825327510917,0.010917030567685589,0.0013100436681222707
5678,0.3253424657534247,0.0,0.010273972602739725,0.6643835616438356
5679,0.3253424657534247,0.0,0.010273972602739725,0.6643835616438356
5680,0.011790393013100437,0.9759825327510917,0.010917030567685589,0.0013100436681222707
5681,0.14736842105263157,0.0,0.005263157894736842,0.8473684210526315
5682,0.22971014492753622,0.029710144927536233,0.7289855072463768,0.011594202898550725
5683,0.3072916666666667,0.16145833333333334,0.5130208333333334,0.018229166666666668
5684,0.011790393013100437,0.9759825327510917,0.010917030567685589,0.0013100436681222707
5685,0.3072916666666667,0.16145833333333334,0.5130208333333334,0.018229166666666668
5686,0.011790393013100437,0.9759825327510917,0.010917030567685589,0.0013100436681222707
5687,0.22971014492753622,0.029710144927536233,0.7289855072463768,0.011594202898550725
5688,0.011790393013100437,0.9759825327510917,0.010917030567685589,0.0013100436681222707
5689,0.5276679841897233,0.0,0.023715415019762844,0.44861660079051385
5690,0.8917525773195877,0.005154639175257732,0.04639175257731959,0.05670103092783505
5691,0.22971014492753622,0.029710144927536233,0.7289855072463768,0.011594202898550725
5692,0.011790393013100437,0.9759825327510917,0.010917030567685589,0.0013100436681222707
5693,0.14736842105263157,0.0,0.005263157894736842,0.8473684210526315
5694,0.22971014492753622,0.029710144927536233,0.7289855072463768,0.011594202898550725
5695,0.22971014492753622,0.029710144927536233,0.7289855072463768,0.011594202898550725
5696,0.3103448275862069,0.6724137931034483,0.017241379310344827,0.0
5697,0.3103448275862069,0.6724137931034483,0.017241379310344827,0.0
5698,0.03205128205128205,0.11538461538461539,0.8461538461538461,0.00641025641025641
5699,0.3253424657534247,0.0,0.010273972602739725,0.6643835616438356
5700,0.08181818181818182,0.004545454545454545,0.004545454545454545,0.9090909090909091
5701,0.8917525773195877,0.005154639175257732,0.04639175257731959,0.05670103092783505
5702,0.22971014492753622,0.029710144927536233,0.7289855072463768,0.011594202898550725
5703,0.13990825688073394,0.0,0.07339449541284404,0.786697247706422
5704,0.011790393013100437,0.9759825327510917,0.010917030567685589,0.0013100436681222707
5705,0.08181818181818182,0.004545454545454545,0.004545454545454545,0.9090909090909091
5706,0.3072916666666667,0.16145833333333334,0.5130208333333334,0.018229166666666668
5707,0.22971014492753622,0.029710144927536233,0.7289855072463768,0.011594202898550725
5708,0.0989010989010989,0.0,0.03663003663003663,0.8644688644688645
5709,0.22971014492753622,0.029710144927536233,0.7289855072463768,0.011594202898550725
5710,0.011790393013100437,0.9759825327510917,0.010917030567685589,0.0013100436681222707
5711,0.452,0.096,0.448,0.004
5712,0.13990825688073394,0.0,0.07339449541284404,0.786697247706422
5713,0.13990825688073394,0.0,0.07339449541284404,0.786697247706422
5714,0.011790393013100437,0.9759825327510917,0.010917030567685589,0.0013100436681222707
5715,0.22971014492753622,0.029710144927536233,0.7289855072463768,0.011594202898550725
5716,0.08181818181818182,0.004545454545454545,0.004545454545454545,0.9090909090909091
5717,0.3253424657534247,0.0,0.010273972602739725,0.6643835616438356
5718,0.03856749311294766,0.8650137741046832,0.09090909090909091,0.005509641873278237
5719,0.13990825688073394,0.0,0.07339449541284404,0.786697247706422
5720,0.011790393013100437,0.9759825327510917,0.010917030567685589,0.0013100436681222707
5721,0.011790393013100437,0.9759825327510917,0.010917030567685589,0.0013100436681222707
5722,0.5276679841897233,0.0,0.023715415019762844,0.44861660079051385
5723,0.02631578947368421,0.0,0.10526315789473684,0.868421052631579
5724,0.22971014492753622,0.029710144927536233,0.7289855072463768,0.011594202898550725
5725,0.5862068965517241,0.11494252873563218,0.26436781609195403,0.034482758620689655
5726,0.5679012345679012,0.0,0.0,0.43209876543209874
5727,0.011790393013100437,0.9759825327510917,0.010917030567685589,0.0013100436681222707
5728,0.8917525773195877,0.005154639175257732,0.04639175257731959,0.05670103092783505
5729,0.017964071856287425,0.8203592814371258,0.16167664670658682,0.0
5730,0.3253424657534247,0.0,0.010273972602739725,0.6643835616438356
5731,0.14736842105263157,0.0,0.005263157894736842,0.8473684210526315
5732,0.13990825688073394,0.0,0.07339449541284404,0.786697247706422
5733,0.0,1.0,0.0,0.0
5734,0.03856749311294766,0.8650137741046832,0.09090909090909091,0.005509641873278237
5735,0.0,0.896551724137931,0.10344827586206896,0.0
5736,0.03856749311294766,0.8650137741046832,0.09090909090909091,0.005509641873278237
5737,0.1111111111111111,0.3333333333333333,0.5555555555555556,0.0
5738,0.22971014492753622,0.029710144927536233,0.7289855072463768,0.011594202898550725
5739,0.22971014492753622,0.029710144927536233,0.7289855072463768,0.011594202898550725
5740,0.011790393013100437,0.9759825327510917,0.010917030567685589,0.0013100436681222707
5741,0.02631578947368421,0.0,0.10526315789473684,0.868421052631579
5742,0.011790393013100437,0.9759825327510917,0.010917030567685589,0.0013100436681222707
5743,0.22971014492753622,0.029710144927536233,0.7289855072463768,0.011594202898550725
5744,0.011790393013100437,0.9759825327510917,0.010917030567685589,0.0013100436681222707
5745,0.22971014492753622,0.029710144927536233,0.7289855072463768,0.011594202898550725
5746,0.5276679841897233,0.0,0.023715415019762844,0.44861660079051385
5747,0.011790393013100437,0.9759825327510917,0.010917030567685589,0.0013100436681222707
5748,0.22971014492753622,0.029710144927536233,0.7289855072463768,0.011594202898550725
5749,0.3253424657534247,0.0,0.010273972602739725,0.6643835616438356
5750,0.13990825688073394,0.0,0.07339449541284404,0.786697247706422
5751,0.011790393013100437,0.9759825327510917,0.010917030567685589,0.0013100436681222707
5752,0.011790393013100437,0.9759825327510917,0.010917030567685589,0.0013100436681222707
5753,0.011790393013100437,0.9759825327510917,0.010917030567685589,0.0013100436681222707
5754,0.22971014492753622,0.029710144927536233,0.7289855072463768,0.011594202898550725
5755,0.22971014492753622,0.029710144927536233,0.7289855072463768,0.011594202898550725
5756,0.13990825688073394,0.0,0.07339449541284404,0.786697247706422
5757,0.0,1.0,0.0,0.0
5758,0.08181818181818182,0.004545454545454545,0.004545454545454545,0.9090909090909091
5759,0.011790393013100437,0.9759825327510917,0.010917030567685589,0.0013100436681222707
5760,0.13990825688073394,0.0,0.07339449541284404,0.786697247706422
5761,0.22971014492753622,0.029710144927536233,0.7289855072463768,0.011594202898550725
5762,0.011790393013100437,0.9759825327510917,0.010917030567685589,0.0013100436681222707
5763,0.0,1.0,0.0,0.0
5764,0.2222222222222222,0.4888888888888889,0.28888888888888886,0.0
5765,0.8917525773195877,0.005154639175257732,0.04639175257731959,0.05670103092783505
5766,0.22971014492753622,0.029710144927536233,0.7289855072463768,0.011594202898550725
5767,0.22971014492753622,0.029710144927536233,0.7289855072463768,0.011594202898550725
5768,0.39574468085106385,0.0,0.03404255319148936,0.5702127659574469
5769,0.011790393013100437,0.9759825327510917,0.010917030567685589,0.0013100436681222707
5770,0.011790393013100437,0.9759825327510917,0.010917030567685589,0.0013100436681222707
5771,0.3253424657534247,0.0,0.010273972602739725,0.6643835616438356
5772,0.08181818181818182,0.004545454545454545,0.004545454545454545,0.9090909090909091
5773,0.3253424657534247,0.0,0.010273972602739725,0.6643835616438356
5774,0.5276679841897233,0.0,0.023715415019762844,0.44861660079051385
5775,0.3253424657534247,0.0,0.010273972602739725,0.6643835616438356
5776,0.017964071856287425,0.8203592814371258,0.16167664670658682,0.0
5777,0.011790393013100437,0.9759825327510917,0.010917030567685589,0.0013100436681222707
5778,0.011790393013100437,0.9759825327510917,0.010917030567685589,0.0013100436681222707
5779,0.3072916666666667,0.16145833333333334,0.5130208333333334,0.018229166666666668
5780,0.22971014492753622,0.029710144927536233,0.7289855072463768,0.011594202898550725
5781,0.03205128205128205,0.11538461538461539,0.8461538461538461,0.00641025641025641
5782,0.6724137931034483,0.008620689655172414,0.2413793103448276,0.07758620689655173
5783,0.5276679841897233,0.0,0.023715415019762844,0.44861660079051385
5784,0.22971014492753622,0.029710144927536233,0.7289855072463768,0.011594202898550725
5785,0.3072916666666667,0.16145833333333334,0.5130208333333334,0.018229166666666668
5786,0.03205128205128205,0.11538461538461539,0.8461538461538461,0.00641025641025641
5787,0.22971014492753622,0.029710144927536233,0.7289855072463768,0.011594202898550725
5788,0.011790393013100437,0.9759825327510917,0.010917030567685589,0.0013100436681222707
5789,0.03856749311294766,0.8650137741046832,0.09090909090909091,0.005509641873278237
5790,0.22971014492753622,0.029710144927536233,0.7289855072463768,0.011594202898550725
5791,0.0989010989010989,0.0,0.03663003663003663,0.8644688644688645
5792,0.42105263157894735,0.0,0.15789473684210525,0.42105263157894735
5793,0.5276679841897233,0.0,0.023715415019762844,0.44861660079051385
5794,0.011790393013100437,0.9759825327510917,0.010917030567685589,0.0013100436681222707
5795,0.0,1.0,0.0,0.0
5796,0.03856749311294766,0.8650137741046832,0.09090909090909091,0.005509641873278237
5797,0.1111111111111111,0.3333333333333333,0.5555555555555556,0.0
5798,0.0,0.0,0.8888888888888888,0.1111111111111111
5799,0.011790393013100437,0.9759825327510917,0.010917030567685589,0.0013100436681222707
5800,0.0,0.0,0.0,1.0
5801,0.011790393013100437,0.9759825327510917,0.010917030567685589,0.0013100436681222707
5802,0.22971014492753622,0.029710144927536233,0.7289855072463768,0.011594202898550725
5803,0.0989010989010989,0.0,0.03663003663003663,0.8644688644688645
5804,0.011790393013100437,0.9759825327510917,0.010917030567685589,0.0013100436681222707
5805,0.13990825688073394,0.0,0.07339449541284404,0.786697247706422
5806,0.08181818181818182,0.004545454545454545,0.004545454545454545,0.9090909090909091
5807,0.22971014492753622,0.029710144927536233,0.7289855072463768,0.011594202898550725
5808,0.08181818181818182,0.004545454545454545,0.004545454545454545,0.9090909090909091
5809,0.3253424657534247,0.0,0.010273972602739725,0.6643835616438356
5810,0.011790393013100437,0.9759825327510917,0.010917030567685589,0.0013100436681222707
5811,0.011790393013100437,0.9759825327510917,0.010917030567685589,0.0013100436681222707
5812,0.011790393013100437,0.9759825327510917,0.010917030567685589,0.0013100436681222707
5813,0.3072916666666667,0.16145833333333334,0.5130208333333334,0.018229166666666668
5814,0.3072916666666667,0.16145833333333334,0.5130208333333334,0.018229166666666668
5815,0.03205128205128205,0.11538461538461539,0.8461538461538461,0.00641025641025641
5816,0.011790393013100437,0.9759825327510917,0.010917030567685589,0.0013100436681222707
5817,0.3253424657534247,0.0,0.010273972602739725,0.6643835616438356
5818,0.011790393013100437,0.9759825327510917,0.010917030567685589,0.0013100436681222707
5819,0.8917525773195877,0.005154639175257732,0.04639175257731959,0.05670103092783505
5820,0.5679012345679012,0.0,0.0,0.43209876543209874
5821,0.14736842105263157,0.0,0.005263157894736842,0.8473684210526315
5822,0.5276679841897233,0.0,0.023715415019762844,0.44861660079051385
5823,0.011790393013100437,0.9759825327510917,0.010917030567685589,0.0013100436681222707
5824,0.22971014492753622,0.029710144927536233,0.7289855072463768,0.011594202898550725
5825,0.22971014492753622,0.029710144927536233,0.7289855072463768,0.011594202898550725
5826,0.011790393013100437,0.9759825327510917,0.010917030567685589,0.0013100436681222707
5827,0.5679012345679012,0.0,0.0,0.43209876543209874
5828,0.08181818181818182,0.004545454545454545,0.004545454545454545,0.9090909090909091
5829,0.13990825688073394,0.0,0.07339449541284404,0.786697247706422
5830,0.0,0.0,0.0,1.0
5831,0.011790393013100437,0.9759825327510917,0.010917030567685589,0.0013100436681222707
5832,0.14736842105263157,0.0,0.005263157894736842,0.8473684210526315
5833,0.13990825688073394,0.0,0.07339449541284404,0.786697247706422
5834,0.011790393013100437,0.9759825327510917,0.010917030567685589,0.0013100436681222707
5835,0.22971014492753622,0.029710144927536233,0.7289855072463768,0.011594202898550725
5836,0.13990825688073394,0.0,0.07339449541284404,0.786697247706422
5837,0.6724137931034483,0.008620689655172414,0.2413793103448276,0.07758620689655173
5838,0.011790393013100437,0.9759825327510917,0.010917030567685589,0.0013100436681222707
5839,0.08181818181818182,0.004545454545454545,0.004545454545454545,0.9090909090909091
5840,0.03856749311294766,0.8650137741046832,0.09090909090909091,0.005509641873278237
5841,0.3253424657534247,0.0,0.010273972602739725,0.6643835616438356
5842,0.011790393013100437,0.9759825327510917,0.010917030567685589,0.0013100436681222707
5843,0.452,0.096,0.448,0.004
5844,0.22971014492753622,0.029710144927536233,0.7289855072463768,0.011594202898550725
5845,0.3072916666666667,0.16145833333333334,0.5130208333333334,0.018229166666666668
5846,0.017964071856287425,0.8203592814371258,0.16167664670658682,0.0
5847,0.03856749311294766,0.8650137741046832,0.09090909090909091,0.005509641873278237
5848,0.22971014492753622,0.029710144927536233,0.7289855072463768,0.011594202898550725
5849,0.22971014492753622,0.029710144927536233,0.7289855072463768,0.011594202898550725
5850,0.02631578947368421,0.0,0.10526315789473684,0.868421052631579
5851,0.2222222222222222,0.4888888888888889,0.28888888888888886,0.0
5852,0.0989010989010989,0.0,0.03663003663003663,0.8644688644688645
5853,0.3253424657534247,0.0,0.010273972602739725,0.6643835616438356
5854,0.011790393013100437,0.9759825327510917,0.010917030567685589,0.0013100436681222707
5855,0.011790393013100437,0.9759825327510917,0.010917030567685589,0.0013100436681222707
5856,0.39574468085106385,0.0,0.03404255319148936,0.5702127659574469
5857,0.011790393013100437,0.9759825327510917,0.010917030567685589,0.0013100436681222707
5858,0.011790393013100437,0.9759825327510917,0.010917030567685589,0.0013100436681222707
5859,0.011790393013100437,0.9759825327510917,0.010917030567685589,0.0013100436681222707
5860,0.5276679841897233,0.0,0.023715415019762844,0.44861660079051385
5861,0.22971014492753622,0.029710144927536233,0.7289855072463768,0.011594202898550725
5862,0.011790393013100437,0.9759825327510917,0.010917030567685589,0.0013100436681222707
5863,0.452,0.096,0.448,0.004
5864,0.22971014492753622,0.029710144927536233,0.7289855072463768,0.011594202898550725
5865,0.011790393013100437,0.9759825327510917,0.010917030567685589,0.0013100436681222707
5866,0.14736842105263157,0.0,0.005263157894736842,0.8473684210526315
5867,0.22971014492753622,0.029710144927536233,0.7289855072463768,0.011594202898550725
5868,0.22971014492753622,0.029710144927536233,0.7289855072463768,0.011594202898550725
5869,0.3072916666666667,0.16145833333333334,0.5130208333333334,0.018229166666666668
5870,0.011790393013100437,0.9759825327510917,0.010917030567685589,0.0013100436681222707
5871,0.011790393013100437,0.9759825327510917,0.010917030567685589,0.0013100436681222707
5872,0.0989010989010989,0.0,0.03663003663003663,0.8644688644688645
5873,0.5276679841897233,0.0,0.023715415019762844,0.44861660079051385
5874,0.13990825688073394,0.0,0.07339449541284404,0.786697247706422
5875,0.011790393013100437,0.9759825327510917,0.010917030567685589,0.0013100436681222707
5876,0.011790393013100437,0.9759825327510917,0.010917030567685589,0.0013100436681222707
5877,0.14736842105263157,0.0,0.005263157894736842,0.8473684210526315
5878,0.13990825688073394,0.0,0.07339449541284404,0.786697247706422
5879,0.13990825688073394,0.0,0.07339449541284404,0.786697247706422
5880,0.452,0.096,0.448,0.004
5881,0.22971014492753622,0.029710144927536233,0.7289855072463768,0.011594202898550725
5882,0.5276679841897233,0.0,0.023715415019762844,0.44861660079051385
5883,0.011790393013100437,0.9759825327510917,0.010917030567685589,0.0013100436681222707
5884,0.14736842105263157,0.0,0.005263157894736842,0.8473684210526315
5885,0.6724137931034483,0.008620689655172414,0.2413793103448276,0.07758620689655173
5886,0.011790393013100437,0.9759825327510917,0.010917030567685589,0.0013100436681222707
5887,0.011790393013100437,0.9759825327510917,0.010917030567685589,0.0013100436681222707
5888,0.3072916666666667,0.16145833333333334,0.5130208333333334,0.018229166666666668
5889,0.011790393013100437,0.9759825327510917,0.010917030567685589,0.0013100436681222707
5890,0.39574468085106385,0.0,0.03404255319148936,0.5702127659574469
5891,0.22971014492753622,0.029710144927536233,0.7289855072463768,0.011594202898550725
5892,0.3072916666666667,0.16145833333333334,0.5130208333333334,0.018229166666666668
5893,0.8917525773195877,0.005154639175257732,0.04639175257731959,0.05670103092783505
5894,0.011790393013100437,0.9759825327510917,0.010917030567685589,0.0013100436681222707
5895,0.5276679841897233,0.0,0.023715415019762844,0.44861660079051385
5896,0.08181818181818182,0.004545454545454545,0.004545454545454545,0.9090909090909091
5897,0.3253424657534247,0.0,0.010273972602739725,0.6643835616438356
5898,0.22971014492753622,0.029710144927536233,0.7289855072463768,0.011594202898550725
5899,0.011790393013100437,0.9759825327510917,0.010917030567685589,0.0013100436681222707
5900,0.0989010989010989,0.0,0.03663003663003663,0.8644688644688645
5901,0.0,0.0,0.8888888888888888,0.1111111111111111
5902,0.3072916666666667,0.16145833333333334,0.5130208333333334,0.018229166666666668
5903,0.011790393013100437,0.9759825327510917,0.010917030567685589,0.0013100436681222707
5904,0.03205128205128205,0.11538461538461539,0.8461538461538461,0.00641025641025641
5905,0.08181818181818182,0.004545454545454545,0.004545454545454545,0.9090909090909091
5906,0.011790393013100437,0.9759825327510917,0.010917030567685589,0.0013100436681222707
5907,0.22971014492753622,0.029710144927536233,0.7289855072463768,0.011594202898550725
5908,0.22971014492753622,0.029710144927536233,0.7289855072463768,0.011594202898550725
5909,0.22971014492753622,0.029710144927536233,0.7289855072463768,0.011594202898550725
5910,0.011790393013100437,0.9759825327510917,0.010917030567685589,0.0013100436681222707
5911,0.5862068965517241,0.11494252873563218,0.26436781609195403,0.034482758620689655
5912,0.08181818181818182,0.004545454545454545,0.004545454545454545,0.9090909090909091
5913,0.5276679841897233,0.0,0.023715415019762844,0.44861660079051385
5914,0.22971014492753622,0.029710144927536233,0.7289855072463768,0.011594202898550725
5915,0.22971014492753622,0.029710144927536233,0.7289855072463768,0.011594202898550725
5916,0.011790393013100437,0.9759825327510917,0.010917030567685589,0.0013100436681222707
5917,0.3253424657534247,0.0,0.010273972602739725,0.6643835616438356
5918,0.39574468085106385,0.0,0.03404255319148936,0.5702127659574469
5919,0.5276679841897233,0.0,0.023715415019762844,0.44861660079051385
5920,0.02631578947368421,0.0,0.10526315789473684,0.868421052631579
5921,0.3072916666666667,0.16145833333333334,0.5130208333333334,0.018229166666666668
5922,0.5276679841897233,0.0,0.023715415019762844,0.44861660079051385
5923,0.22971014492753622,0.029710144927536233,0.7289855072463768,0.011594202898550725
5924,0.011790393013100437,0.9759825327510917,0.010917030567685589,0.0013100436681222707
5925,0.21052631578947367,0.0,0.0,0.7894736842105263
5926,0.452,0.096,0.448,0.004
5927,0.14736842105263157,0.0,0.005263157894736842,0.8473684210526315
5928,0.011790393013100437,0.9759825327510917,0.010917030567685589,0.0013100436681222707
5929,0.22971014492753622,0.029710144927536233,0.7289855072463768,0.011594202898550725
5930,0.011790393013100437,0.9759825327510917,0.010917030567685589,0.0013100436681222707
5931,0.011790393013100437,0.9759825327510917,0.010917030567685589,0.0013100436681222707
5932,0.14736842105263157,0.0,0.005263157894736842,0.8473684210526315
5933,0.39574468085106385,0.0,0.03404255319148936,0.5702127659574469
5934,0.22971014492753622,0.029710144927536233,0.7289855072463768,0.011594202898550725
5935,0.017964071856287425,0.8203592814371258,0.16167664670658682,0.0
5936,0.011790393013100437,0.9759825327510917,0.010917030567685589,0.0013100436681222707
5937,0.22971014492753622,0.029710144927536233,0.7289855072463768,0.011594202898550725
5938,0.3253424657534247,0.0,0.010273972602739725,0.6643835616438356
5939,0.03856749311294766,0.8650137741046832,0.09090909090909091,0.005509641873278237
5940,0.5862068965517241,0.11494252873563218,0.26436781609195403,0.034482758620689655
5941,0.14736842105263157,0.0,0.005263157894736842,0.8473684210526315
5942,0.22971014492753622,0.029710144927536233,0.7289855072463768,0.011594202898550725
5943,0.011790393013100437,0.9759825327510917,0.010917030567685589,0.0013100436681222707
5944,0.1111111111111111,0.3333333333333333,0.5555555555555556,0.0
5945,0.6724137931034483,0.008620689655172414,0.2413793103448276,0.07758620689655173
5946,0.011790393013100437,0.9759825327510917,0.010917030567685589,0.0013100436681222707
5947,0.011790393013100437,0.9759825327510917,0.010917030567685589,0.0013100436681222707
5948,0.6724137931034483,0.008620689655172414,0.2413793103448276,0.07758620689655173
5949,0.2222222222222222,0.4888888888888889,0.28888888888888886,0.0
5950,0.75,0.25,0.0,0.0
5951,0.22971014492753622,0.029710144927536233,0.7289855072463768,0.011594202898550725
5952,0.21052631578947367,0.0,0.0,0.7894736842105263
5953,0.011790393013100437,0.9759825327510917,0.010917030567685589,0.0013100436681222707
5954,0.14736842105263157,0.0,0.005263157894736842,0.8473684210526315
5955,0.3072916666666667,0.16145833333333334,0.5130208333333334,0.018229166666666668
5956,0.0989010989010989,0.0,0.03663003663003663,0.8644688644688645
5957,0.13990825688073394,0.0,0.07339449541284404,0.786697247706422
5958,0.5276679841897233,0.0,0.023715415019762844,0.44861660079051385
5959,0.13990825688073394,0.0,0.07339449541284404,0.786697247706422
5960,0.13990825688073394,0.0,0.07339449541284404,0.786697247706422
5961,0.0989010989010989,0.0,0.03663003663003663,0.8644688644688645
5962,0.011790393013100437,0.9759825327510917,0.010917030567685589,0.0013100436681222707
5963,0.017964071856287425,0.8203592814371258,0.16167664670658682,0.0
5964,0.5276679841897233,0.0,0.023715415019762844,0.44861660079051385
5965,0.011790393013100437,0.9759825327510917,0.010917030567685589,0.0013100436681222707
5966,0.011790393013100437,0.9759825327510917,0.010917030567685589,0.0013100436681222707
5967,0.21052631578947367,0.0,0.0,0.7894736842105263
5968,0.452,0.096,0.448,0.004
5969,0.39574468085106385,0.0,0.03404255319148936,0.5702127659574469
5970,0.8917525773195877,0.005154639175257732,0.04639175257731959,0.05670103092783505
5971,0.22971014492753622,0.029710144927536233,0.7289855072463768,0.011594202898550725
5972,0.011790393013100437,0.9759825327510917,0.010917030567685589,0.0013100436681222707
5973,0.011790393013100437,0.9759825327510917,0.010917030567685589,0.0013100436681222707
5974,0.13990825688073394,0.0,0.07339449541284404,0.786697247706422
5975,0.02631578947368421,0.0,0.10526315789473684,0.868421052631579
5976,0.13990825688073394,0.0,0.07339449541284404,0.786697247706422
5977,0.22971014492753622,0.029710144927536233,0.7289855072463768,0.011594202898550725
5978,0.02631578947368421,0.0,0.10526315789473684,0.868421052631579
5979,0.0,0.0,0.8888888888888888,0.1111111111111111
5980,0.14736842105263157,0.0,0.005263157894736842,0.8473684210526315
5981,0.452,0.096,0.448,0.004
5982,0.452,0.096,0.448,0.004
5983,0.011790393013100437,0.9759825327510917,0.010917030567685589,0.0013100436681222707
5984,0.011790393013100437,0.9759825327510917,0.010917030567685589,0.0013100436681222707
5985,0.5306122448979592,0.4489795918367347,0.0,0.02040816326530612
5986,0.03856749311294766,0.8650137741046832,0.09090909090909091,0.005509641873278237
5987,0.011790393013100437,0.9759825327510917,0.010917030567685589,0.0013100436681222707
5988,0.22971014492753622,0.029710144927536233,0.7289855072463768,0.011594202898550725
5989,0.5679012345679012,0.0,0.0,0.43209876543209874
5990,0.22971014492753622,0.029710144927536233,0.7289855072463768,0.011594202898550725
5991,0.011790393013100437,0.9759825327510917,0.010917030567685589,0.0013100436681222707
5992,0.011790393013100437,0.9759825327510917,0.010917030567685589,0.0013100436681222707
5993,0.22971014492753622,0.029710144927536233,0.7289855072463768,0.011594202898550725
5994,0.3072916666666667,0.16145833333333334,0.5130208333333334,0.018229166666666668
5995,0.22971014492753622,0.029710144927536233,0.7289855072463768,0.011594202898550725
5996,0.5276679841897233,0.0,0.023715415019762844,0.44861660079051385
5997,0.3253424657534247,0.0,0.010273972602739725,0.6643835616438356
5998,0.011790393013100437,0.9759825327510917,0.010917030567685589,0.0013100436681222707
5999,0.011790393013100437,0.9759825327510917,0.010917030567685589,0.0013100436681222707
6000,0.13990825688073394,0.0,0.07339449541284404,0.786697247706422
6001,0.3072916666666667,0.16145833333333334,0.5130208333333334,0.018229166666666668
6002,0.8917525773195877,0.005154639175257732,0.04639175257731959,0.05670103092783505
6003,0.22971014492753622,0.029710144927536233,0.7289855072463768,0.011594202898550725
6004,0.02631578947368421,0.0,0.10526315789473684,0.868421052631579
6005,0.5276679841897233,0.0,0.023715415019762844,0.44861660079051385
6006,0.08333333333333333,0.0,0.0,0.9166666666666666
6007,0.011790393013100437,0.9759825327510917,0.010917030567685589,0.0013100436681222707
6008,0.011790393013100437,0.9759825327510917,0.010917030567685589,0.0013100436681222707
6009,0.0,1.0,0.0,0.0
6010,0.22971014492753622,0.029710144927536233,0.7289855072463768,0.011594202898550725
6011,0.011790393013100437,0.9759825327510917,0.010917030567685589,0.0013100436681222707
6012,0.011790393013100437,0.9759825327510917,0.010917030567685589,0.0013100436681222707
6013,0.39574468085106385,0.0,0.03404255319148936,0.5702127659574469
6014,0.6956521739130435,0.08695652173913043,0.17391304347826086,0.043478260869565216
6015,0.3072916666666667,0.16145833333333334,0.5130208333333334,0.018229166666666668
6016,0.08181818181818182,0.004545454545454545,0.004545454545454545,0.9090909090909091
6017,0.03205128205128205,0.11538461538461539,0.8461538461538461,0.00641025641025641
6018,0.22971014492753622,0.029710144927536233,0.7289855072463768,0.011594202898550725
6019,0.22971014492753622,0.029710144927536233,0.7289855072463768,0.011594202898550725
6020,0.13990825688073394,0.0,0.07339449541284404,0.786697247706422
6021,0.017964071856287425,0.8203592814371258,0.16167664670658682,0.0
6022,0.22971014492753622,0.029710144927536233,0.7289855072463768,0.011594202898550725
6023,0.21052631578947367,0.0,0.0,0.7894736842105263
6024,0.22971014492753622,0.029710144927536233,0.7289855072463768,0.011594202898550725
6025,0.22971014492753622,0.029710144927536233,0.7289855072463768,0.011594202898550725
6026,0.5276679841897233,0.0,0.023715415019762844,0.44861660079051385
6027,0.3253424657534247,0.0,0.010273972602739725,0.6643835616438356
6028,0.011790393013100437,0.9759825327510917,0.010917030567685589,0.0013100436681222707
6029,0.017964071856287425,0.8203592814371258,0.16167664670658682,0.0
6030,0.22971014492753622,0.029710144927536233,0.7289855072463768,0.011594202898550725
6031,0.22971014492753622,0.029710144927536233,0.7289855072463768,0.011594202898550725
6032,0.0,1.0,0.0,0.0
6033,0.011790393013100437,0.9759825327510917,0.010917030567685589,0.0013100436681222707
6034,0.3072916666666667,0.16145833333333334,0.5130208333333334,0.018229166666666668
6035,0.011790393013100437,0.9759825327510917,0.010917030567685589,0.0013100436681222707
6036,0.13990825688073394,0.0,0.07339449541284404,0.786697247706422
6037,0.9032258064516129,0.0,0.03225806451612903,0.06451612903225806
6038,0.0989010989010989,0.0,0.03663003663003663,0.8644688644688645
6039,0.08974358974358974,0.5128205128205128,0.38461538461538464,0.01282051282051282
6040,0.5276679841897233,0.0,0.023715415019762844,0.44861660079051385
6041,0.03856749311294766,0.8650137741046832,0.09090909090909091,0.005509641873278237
6042,0.22971014492753622,0.029710144927536233,0.7289855072463768,0.011594202898550725
6043,0.22971014492753622,0.029710144927536233,0.7289855072463768,0.011594202898550725
6044,0.6724137931034483,0.008620689655172414,0.2413793103448276,0.07758620689655173
6045,0.011790393013100437,0.9759825327510917,0.010917030567685589,0.0013100436681222707
6046,0.03856749311294766,0.8650137741046832,0.09090909090909091,0.005509641873278237
6047,0.452,0.096,0.448,0.004
6048,0.452,0.096,0.448,0.004
6049,0.011790393013100437,0.9759825327510917,0.010917030567685589,0.0013100436681222707
6050,0.0,0.896551724137931,0.10344827586206896,0.0
6051,0.3103448275862069,0.6724137931034483,0.017241379310344827,0.0
6052,0.6724137931034483,0.008620689655172414,0.2413793103448276,0.07758620689655173
6053,0.011790393013100437,0.9759825327510917,0.010917030567685589,0.0013100436681222707
6054,0.5679012345679012,0.0,0.0,0.43209876543209874
6055,0.22971014492753622,0.029710144927536233,0.7289855072463768,0.011594202898550725
6056,0.011790393013100437,0.9759825327510917,0.010917030567685589,0.0013100436681222707
6057,0.011790393013100437,0.9759825327510917,0.010917030567685589,0.0013100436681222707
6058,0.3253424657534247,0.0,0.010273972602739725,0.6643835616438356
6059,0.011790393013100437,0.9759825327510917,0.010917030567685589,0.0013100436681222707
6060,0.011790393013100437,0.9759825327510917,0.010917030567685589,0.0013100436681222707
6061,0.011790393013100437,0.9759825327510917,0.010917030567685589,0.0013100436681222707
6062,0.017964071856287425,0.8203592814371258,0.16167664670658682,0.0
6063,0.011790393013100437,0.9759825327510917,0.010917030567685589,0.0013100436681222707
6064,0.22971014492753622,0.029710144927536233,0.7289855072463768,0.011594202898550725
6065,0.5306122448979592,0.4489795918367347,0.0,0.02040816326530612
6066,0.03205128205128205,0.11538461538461539,0.8461538461538461,0.00641025641025641
6067,0.22971014492753622,0.029710144927536233,0.7289855072463768,0.011594202898550725
6068,0.011790393013100437,0.9759825327510917,0.010917030567685589,0.0013100436681222707
6069,0.011790393013100437,0.9759825327510917,0.010917030567685589,0.0013100436681222707
6070,1.0,0.0,0.0,0.0
6071,0.011790393013100437,0.9759825327510917,0.010917030567685589,0.0013100436681222707
6072,0.22971014492753622,0.029710144927536233,0.7289855072463768,0.011594202898550725
6073,0.22971014492753622,0.029710144927536233,0.7289855072463768,0.011594202898550725
6074,0.22971014492753622,0.029710144927536233,0.7289855072463768,0.011594202898550725
6075,0.5306122448979592,0.4489795918367347,0.0,0.02040816326530612
6076,0.8917525773195877,0.005154639175257732,0.04639175257731959,0.05670103092783505
6077,0.13990825688073394,0.0,0.07339449541284404,0.786697247706422
6078,0.21739130434782608,0.0,0.03260869565217391,0.75
6079,0.3072916666666667,0.16145833333333334,0.5130208333333334,0.018229166666666668
6080,0.011790393013100437,0.9759825327510917,0.010917030567685589,0.0013100436681222707
6081,0.13990825688073394,0.0,0.07339449541284404,0.786697247706422
6082,0.011790393013100437,0.9759825327510917,0.010917030567685589,0.0013100436681222707
6083,0.011790393013100437,0.9759825327510917,0.010917030567685589,0.0013100436681222707
6084,0.22971014492753622,0.029710144927536233,0.7289855072463768,0.011594202898550725
6085,0.5276679841897233,0.0,0.023715415019762844,0.44861660079051385
6086,0.011790393013100437,0.9759825327510917,0.010917030567685589,0.0013100436681222707
6087,0.22971014492753622,0.029710144927536233,0.7289855072463768,0.011594202898550725
6088,0.3072916666666667,0.16145833333333334,0.5130208333333334,0.018229166666666668
6089,0.011790393013100437,0.9759825327510917,0.010917030567685589,0.0013100436681222707
6090,0.13990825688073394,0.0,0.07339449541284404,0.786697247706422
6091,0.8917525773195877,0.005154639175257732,0.04639175257731959,0.05670103092783505
6092,0.011790393013100437,0.9759825327510917,0.010917030567685589,0.0013100436681222707
6093,0.3103448275862069,0.6724137931034483,0.017241379310344827,0.0
6094,0.22971014492753622,0.029710144927536233,0.7289855072463768,0.011594202898550725
6095,0.011790393013100437,0.9759825327510917,0.010917030567685589,0.0013100436681222707
6096,0.011790393013100437,0.9759825327510917,0.010917030567685589,0.0013100436681222707
6097,0.0,0.0,1.0,0.0
6098,1.0,0.0,0.0,0.0
6099,0.0989010989010989,0.0,0.03663003663003663,0.8644688644688645
6100,0.13990825688073394,0.0,0.07339449541284404,0.786697247706422
6101,0.5276679841897233,0.0,0.023715415019762844,0.44861660079051385
6102,0.22971014492753622,0.029710144927536233,0.7289855072463768,0.011594202898550725
6103,0.3072916666666667,0.16145833333333334,0.5130208333333334,0.018229166666666668
6104,0.13990825688073394,0.0,0.07339449541284404,0.786697247706422
6105,0.22971014492753622,0.029710144927536233,0.7289855072463768,0.011594202898550725
6106,0.011790393013100437,0.9759825327510917,0.010917030567685589,0.0013100436681222707
6107,0.08974358974358974,0.5128205128205128,0.38461538461538464,0.01282051282051282
6108,0.13990825688073394,0.0,0.07339449541284404,0.786697247706422
6109,0.452,0.096,0.448,0.004
6110,0.8917525773195877,0.005154639175257732,0.04639175257731959,0.05670103092783505
6111,0.08333333333333333,0.0,0.0,0.9166666666666666
6112,0.011790393013100437,0.9759825327510917,0.010917030567685589,0.0013100436681222707
6113,0.3072916666666667,0.16145833333333334,0.5130208333333334,0.018229166666666668
6114,0.011790393013100437,0.9759825327510917,0.010917030567685589,0.0013100436681222707
6115,0.017964071856287425,0.8203592814371258,0.16167664670658682,0.0
6116,0.08181818181818182,0.004545454545454545,0.004545454545454545,0.9090909090909091
6117,0.5679012345679012,0.0,0.0,0.43209876543209874
6118,0.13990825688073394,0.0,0.07339449541284404,0.786697247706422
6119,0.03856749311294766,0.8650137741046832,0.09090909090909091,0.005509641873278237
6120,0.017964071856287425,0.8203592814371258,0.16167664670658682,0.0
6121,0.22971014492753622,0.029710144927536233,0.7289855072463768,0.011594202898550725
6122,0.011790393013100437,0.9759825327510917,0.010917030567685589,0.0013100436681222707
6123,0.0989010989010989,0.0,0.03663003663003663,0.8644688644688645
6124,0.3072916666666667,0.16145833333333334,0.5130208333333334,0.018229166666666668
6125,0.011790393013100437,0.9759825327510917,0.010917030567685589,0.0013100436681222707
6126,0.22971014492753622,0.029710144927536233,0.7289855072463768,0.011594202898550725
6127,0.03856749311294766,0.8650137741046832,0.09090909090909091,0.005509641873278237
6128,0.14736842105263157,0.0,0.005263157894736842,0.8473684210526315
6129,0.011790393013100437,0.9759825327510917,0.010917030567685589,0.0013100436681222707
6130,0.452,0.096,0.448,0.004
6131,0.011790393013100437,0.9759825327510917,0.010917030567685589,0.0013100436681222707
6132,0.13990825688073394,0.0,0.07339449541284404,0.786697247706422
6133,0.3253424657534247,0.0,0.010273972602739725,0.6643835616438356
6134,0.03856749311294766,0.8650137741046832,0.09090909090909091,0.005509641873278237
6135,0.011790393013100437,0.9759825327510917,0.010917030567685589,0.0013100436681222707
6136,0.011790393013100437,0.9759825327510917,0.010917030567685589,0.0013100436681222707
6137,0.39574468085106385,0.0,0.03404255319148936,0.5702127659574469
6138,0.03856749311294766,0.8650137741046832,0.09090909090909091,0.005509641873278237
6139,0.08181818181818182,0.004545454545454545,0.004545454545454545,0.9090909090909091
6140,0.3253424657534247,0.0,0.010273972602739725,0.6643835616438356
6141,0.452,0.096,0.448,0.004
6142,0.3072916666666667,0.16145833333333334,0.5130208333333334,0.018229166666666668
6143,0.011790393013100437,0.9759825327510917,0.010917030567685589,0.0013100436681222707
6144,0.3253424657534247,0.0,0.010273972602739725,0.6643835616438356
6145,0.22971014492753622,0.029710144927536233,0.7289855072463768,0.011594202898550725
6146,0.075,0.2,0.725,0.0
6147,0.22971014492753622,0.029710144927536233,0.7289855072463768,0.011594202898550725
6148,0.011790393013100437,0.9759825327510917,0.010917030567685589,0.0013100436681222707
6149,0.0,0.0,0.0,1.0
6150,0.08181818181818182,0.004545454545454545,0.004545454545454545,0.9090909090909091
6151,0.011790393013100437,0.9759825327510917,0.010917030567685589,0.0013100436681222707
6152,0.9032258064516129,0.0,0.03225806451612903,0.06451612903225806
6153,0.03856749311294766,0.8650137741046832,0.09090909090909091,0.005509641873278237
6154,0.14736842105263157,0.0,0.005263157894736842,0.8473684210526315
6155,0.22971014492753622,0.029710144927536233,0.7289855072463768,0.011594202898550725
6156,0.011790393013100437,0.9759825327510917,0.010917030567685589,0.0013100436681222707
6157,0.5276679841897233,0.0,0.023715415019762844,0.44861660079051385
6158,0.011790393013100437,0.9759825327510917,0.010917030567685589,0.0013100436681222707
6159,0.011790393013100437,0.9759825327510917,0.010917030567685589,0.0013100436681222707
6160,0.6724137931034483,0.008620689655172414,0.2413793103448276,0.07758620689655173
6161,0.22971014492753622,0.029710144927536233,0.7289855072463768,0.011594202898550725
6162,0.13990825688073394,0.0,0.07339449541284404,0.786697247706422
6163,0.011790393013100437,0.9759825327510917,0.010917030567685589,0.0013100436681222707
6164,0.5276679841897233,0.0,0.023715415019762844,0.44861660079051385
6165,0.0989010989010989,0.0,0.03663003663003663,0.8644688644688645
6166,0.13990825688073394,0.0,0.07339449541284404,0.786697247706422
6167,0.6956521739130435,0.08695652173913043,0.17391304347826086,0.043478260869565216
6168,0.5276679841897233,0.0,0.023715415019762844,0.44861660079051385
6169,0.22971014492753622,0.029710144927536233,0.7289855072463768,0.011594202898550725
6170,0.452,0.096,0.448,0.004
6171,0.03856749311294766,0.8650137741046832,0.09090909090909091,0.005509641873278237
6172,0.011790393013100437,0.9759825327510917,0.010917030567685589,0.0013100436681222707
6173,0.14736842105263157,0.0,0.005263157894736842,0.8473684210526315
6174,0.22971014492753622,0.029710144927536233,0.7289855072463768,0.011594202898550725
6175,0.011790393013100437,0.9759825327510917,0.010917030567685589,0.0013100436681222707
6176,0.011790393013100437,0.9759825327510917,0.010917030567685589,0.0013100436681222707
6177,0.13990825688073394,0.0,0.07339449541284404,0.786697247706422
6178,0.011790393013100437,0.9759825327510917,0.010917030567685589,0.0013100436681222707
6179,0.011790393013100437,0.9759825327510917,0.010917030567685589,0.0013100436681222707
6180,0.011790393013100437,0.9759825327510917,0.010917030567685589,0.0013100436681222707
6181,0.14736842105263157,0.0,0.005263157894736842,0.8473684210526315
6182,1.0,0.0,0.0,0.0
6183,0.011790393013100437,0.9759825327510917,0.010917030567685589,0.0013100436681222707
6184,0.011790393013100437,0.9759825327510917,0.010917030567685589,0.0013100436681222707
6185,0.011790393013100437,0.9759825327510917,0.010917030567685589,0.0013100436681222707
6186,0.42105263157894735,0.0,0.15789473684210525,0.42105263157894735
6187,0.03856749311294766,0.8650137741046832,0.09090909090909091,0.005509641873278237
6188,0.3072916666666667,0.16145833333333334,0.5130208333333334,0.018229166666666668
6189,0.0989010989010989,0.0,0.03663003663003663,0.8644688644688645
6190,0.3253424657534247,0.0,0.010273972602739725,0.6643835616438356
6191,0.011790393013100437,0.9759825327510917,0.010917030567685589,0.0013100436681222707
6192,0.13990825688073394,0.0,0.07339449541284404,0.786697247706422
6193,0.011790393013100437,0.9759825327510917,0.010917030567685589,0.0013100436681222707
6194,0.6666666666666666,0.3333333333333333,0.0,0.0
6195,0.0989010989010989,0.0,0.03663003663003663,0.8644688644688645
6196,0.08181818181818182,0.004545454545454545,0.004545454545454545,0.9090909090909091
6197,0.452,0.096,0.448,0.004
6198,0.3253424657534247,0.0,0.010273972602739725,0.6643835616438356
6199,0.14736842105263157,0.0,0.005263157894736842,0.8473684210526315
6200,0.22971014492753622,0.029710144927536233,0.7289855072463768,0.011594202898550725
6201,0.0989010989010989,0.0,0.03663003663003663,0.8644688644688645
6202,0.3072916666666667,0.16145833333333334,0.5130208333333334,0.018229166666666668
6203,0.22971014492753622,0.029710144927536233,0.7289855072463768,0.011594202898550725
6204,0.5306122448979592,0.4489795918367347,0.0,0.02040816326530612
6205,0.0989010989010989,0.0,0.03663003663003663,0.8644688644688645
6206,0.22971014492753622,0.029710144927536233,0.7289855072463768,0.011594202898550725
6207,0.22971014492753622,0.029710144927536233,0.7289855072463768,0.011594202898550725
6208,0.6724137931034483,0.008620689655172414,0.2413793103448276,0.07758620689655173
6209,0.13990825688073394,0.0,0.07339449541284404,0.786697247706422
6210,0.075,0.2,0.725,0.0
6211,0.017964071856287425,0.8203592814371258,0.16167664670658682,0.0
6212,1.0,0.0,0.0,0.0
6213,0.3072916666666667,0.16145833333333334,0.5130208333333334,0.018229166666666668
6214,0.22971014492753622,0.029710144927536233,0.7289855072463768,0.011594202898550725
6215,0.011790393013100437,0.9759825327510917,0.010917030567685589,0.0013100436681222707
6216,0.011790393013100437,0.9759825327510917,0.010917030567685589,0.0013100436681222707
6217,0.011790393013100437,0.9759825327510917,0.010917030567685589,0.0013100436681222707
6218,0.14736842105263157,0.0,0.005263157894736842,0.8473684210526315
6219,0.5679012345679012,0.0,0.0,0.43209876543209874
6220,0.39574468085106385,0.0,0.03404255319148936,0.5702127659574469
6221,0.13990825688073394,0.0,0.07339449541284404,0.786697247706422
6222,0.5276679841897233,0.0,0.023715415019762844,0.44861660079051385
6223,0.0989010989010989,0.0,0.03663003663003663,0.8644688644688645
6224,0.8917525773195877,0.005154639175257732,0.04639175257731959,0.05670103092783505
6225,0.03856749311294766,0.8650137741046832,0.09090909090909091,0.005509641873278237
6226,0.03856749311294766,0.8650137741046832,0.09090909090909091,0.005509641873278237
6227,0.011790393013100437,0.9759825327510917,0.010917030567685589,0.0013100436681222707
6228,0.0989010989010989,0.0,0.03663003663003663,0.8644688644688645
6229,0.3253424657534247,0.0,0.010273972602739725,0.6643835616438356
6230,0.13990825688073394,0.0,0.07339449541284404,0.786697247706422
6231,0.011790393013100437,0.9759825327510917,0.010917030567685589,0.0013100436681222707
6232,0.0,0.0,0.0,1.0
6233,0.011790393013100437,0.9759825327510917,0.010917030567685589,0.0013100436681222707
6234,0.22971014492753622,0.029710144927536233,0.7289855072463768,0.011594202898550725
6235,0.017964071856287425,0.8203592814371258,0.16167664670658682,0.0
6236,0.3103448275862069,0.6724137931034483,0.017241379310344827,0.0
6237,0.39574468085106385,0.0,0.03404255319148936,0.5702127659574469
6238,0.5276679841897233,0.0,0.023715415019762844,0.44861660079051385
6239,0.13990825688073394,0.0,0.07339449541284404,0.786697247706422
6240,0.22971014492753622,0.029710144927536233,0.7289855072463768,0.011594202898550725
6241,0.011790393013100437,0.9759825327510917,0.010917030567685589,0.0013100436681222707
6242,0.011790393013100437,0.9759825327510917,0.010917030567685589,0.0013100436681222707
6243,0.22971014492753622,0.029710144927536233,0.7289855072463768,0.011594202898550725
6244,0.5276679841897233,0.0,0.023715415019762844,0.44861660079051385
6245,0.03856749311294766,0.8650137741046832,0.09090909090909091,0.005509641873278237
6246,0.14736842105263157,0.0,0.005263157894736842,0.8473684210526315
6247,0.3253424657534247,0.0,0.010273972602739725,0.6643835616438356
6248,0.22971014492753622,0.029710144927536233,0.7289855072463768,0.011594202898550725
6249,0.011790393013100437,0.9759825327510917,0.010917030567685589,0.0013100436681222707
6250,0.011790393013100437,0.9759825327510917,0.010917030567685589,0.0013100436681222707
6251,0.0989010989010989,0.0,0.03663003663003663,0.8644688644688645
6252,0.0989010989010989,0.0,0.03663003663003663,0.8644688644688645
6253,0.011790393013100437,0.9759825327510917,0.010917030567685589,0.0013100436681222707
6254,0.5679012345679012,0.0,0.0,0.43209876543209874
6255,0.011790393013100437,0.9759825327510917,0.010917030567685589,0.0013100436681222707
6256,0.22971014492753622,0.029710144927536233,0.7289855072463768,0.011594202898550725
6257,0.22971014492753622,0.029710144927536233,0.7289855072463768,0.011594202898550725
6258,0.3072916666666667,0.16145833333333334,0.5130208333333334,0.018229166666666668
6259,0.011790393013100437,0.9759825327510917,0.010917030567685589,0.0013100436681222707
6260,0.7142857142857143,0.0,0.0,0.2857142857142857
6261,0.011790393013100437,0.9759825327510917,0.010917030567685589,0.0013100436681222707
6262,0.3253424657534247,0.0,0.010273972602739725,0.6643835616438356
6263,0.011790393013100437,0.9759825327510917,0.010917030567685589,0.0013100436681222707
6264,0.011790393013100437,0.9759825327510917,0.010917030567685589,0.0013100436681222707
6265,0.0,0.0,0.0,1.0
6266,0.0,1.0,0.0,0.0
6267,0.5306122448979592,0.4489795918367347,0.0,0.02040816326530612
6268,0.011790393013100437,0.9759825327510917,0.010917030567685589,0.0013100436681222707
6269,0.011790393013100437,0.9759825327510917,0.010917030567685589,0.0013100436681222707
6270,0.14736842105263157,0.0,0.005263157894736842,0.8473684210526315
6271,0.22971014492753622,0.029710144927536233,0.7289855072463768,0.011594202898550725
6272,0.5276679841897233,0.0,0.023715415019762844,0.44861660079051385
6273,0.03856749311294766,0.8650137741046832,0.09090909090909091,0.005509641873278237
6274,0.03856749311294766,0.8650137741046832,0.09090909090909091,0.005509641873278237
6275,0.011790393013100437,0.9759825327510917,0.010917030567685589,0.0013100436681222707
6276,0.13990825688073394,0.0,0.07339449541284404,0.786697247706422
6277,0.452,0.096,0.448,0.004
6278,0.08181818181818182,0.004545454545454545,0.004545454545454545,0.9090909090909091
6279,0.5862068965517241,0.11494252873563218,0.26436781609195403,0.034482758620689655
6280,0.6724137931034483,0.008620689655172414,0.2413793103448276,0.07758620689655173
6281,0.22971014492753622,0.029710144927536233,0.7289855072463768,0.011594202898550725
6282,0.22971014492753622,0.029710144927536233,0.7289855072463768,0.011594202898550725
6283,0.22971014492753622,0.029710144927536233,0.7289855072463768,0.011594202898550725
6284,0.21052631578947367,0.0,0.0,0.7894736842105263
6285,0.5276679841897233,0.0,0.023715415019762844,0.44861660079051385
6286,0.22971014492753622,0.029710144927536233,0.7289855072463768,0.011594202898550725
6287,0.39574468085106385,0.0,0.03404255319148936,0.5702127659574469
6288,1.0,0.0,0.0,0.0
6289,0.08181818181818182,0.004545454545454545,0.004545454545454545,0.9090909090909091
6290,0.011790393013100437,0.9759825327510917,0.010917030567685589,0.0013100436681222707
6291,0.5276679841897233,0.0,0.023715415019762844,0.44861660079051385
6292,0.011790393013100437,0.9759825327510917,0.010917030567685589,0.0013100436681222707
6293,0.011790393013100437,0.9759825327510917,0.010917030567685589,0.0013100436681222707
6294,0.5276679841897233,0.0,0.023715415019762844,0.44861660079051385
6295,0.011790393013100437,0.9759825327510917,0.010917030567685589,0.0013100436681222707
6296,0.5679012345679012,0.0,0.0,0.43209876543209874
6297,0.03856749311294766,0.8650137741046832,0.09090909090909091,0.005509641873278237
6298,0.011790393013100437,0.9759825327510917,0.010917030567685589,0.0013100436681222707
6299,0.22971014492753622,0.029710144927536233,0.7289855072463768,0.011594202898550725
6300,0.8917525773195877,0.005154639175257732,0.04639175257731959,0.05670103092783505
6301,0.22971014492753622,0.029710144927536233,0.7289855072463768,0.011594202898550725
6302,0.011790393013100437,0.9759825327510917,0.010917030567685589,0.0013100436681222707
6303,0.3253424657534247,0.0,0.010273972602739725,0.6643835616438356
6304,0.22971014492753622,0.029710144927536233,0.7289855072463768,0.011594202898550725
6305,0.075,0.2,0.725,0.0
6306,0.011790393013100437,0.9759825327510917,0.010917030567685589,0.0013100436681222707
6307,0.3072916666666667,0.16145833333333334,0.5130208333333334,0.018229166666666668
6308,0.0,0.0,1.0,0.0
6309,0.5276679841897233,0.0,0.023715415019762844,0.44861660079051385
6310,0.22971014492753622,0.029710144927536233,0.7289855072463768,0.011594202898550725
6311,0.14736842105263157,0.0,0.005263157894736842,0.8473684210526315
6312,0.011790393013100437,0.9759825327510917,0.010917030567685589,0.0013100436681222707
6313,0.08181818181818182,0.004545454545454545,0.004545454545454545,0.9090909090909091
6314,0.13990825688073394,0.0,0.07339449541284404,0.786697247706422
6315,0.5276679841897233,0.0,0.023715415019762844,0.44861660079051385
6316,0.22971014492753622,0.029710144927536233,0.7289855072463768,0.011594202898550725
6317,0.13990825688073394,0.0,0.07339449541284404,0.786697247706422
6318,0.5276679841897233,0.0,0.023715415019762844,0.44861660079051385
6319,0.02631578947368421,0.0,0.10526315789473684,0.868421052631579
6320,0.011790393013100437,0.9759825327510917,0.010917030567685589,0.0013100436681222707
6321,0.011790393013100437,0.9759825327510917,0.010917030567685589,0.0013100436681222707
6322,0.03856749311294766,0.8650137741046832,0.09090909090909091,0.005509641873278237
6323,0.9032258064516129,0.0,0.03225806451612903,0.06451612903225806
6324,0.011790393013100437,0.9759825327510917,0.010917030567685589,0.0013100436681222707
6325,0.011790393013100437,0.9759825327510917,0.010917030567685589,0.0013100436681222707
6326,0.011790393013100437,0.9759825327510917,0.010917030567685589,0.0013100436681222707
6327,0.03856749311294766,0.8650137741046832,0.09090909090909091,0.005509641873278237
6328,0.3103448275862069,0.6724137931034483,0.017241379310344827,0.0
6329,0.5276679841897233,0.0,0.023715415019762844,0.44861660079051385
6330,0.011790393013100437,0.9759825327510917,0.010917030567685589,0.0013100436681222707
6331,0.22971014492753622,0.029710144927536233,0.7289855072463768,0.011594202898550725
6332,0.22971014492753622,0.029710144927536233,0.7289855072463768,0.011594202898550725
6333,0.6956521739130435,0.08695652173913043,0.17391304347826086,0.043478260869565216
6334,0.011790393013100437,0.9759825327510917,0.010917030567685589,0.0013100436681222707
6335,0.8917525773195877,0.005154639175257732,0.04639175257731959,0.05670103092783505
6336,0.22971014492753622,0.029710144927536233,0.7289855072463768,0.011594202898550725
6337,0.22971014492753622,0.029710144927536233,0.7289855072463768,0.011594202898550725
6338,0.22971014492753622,0.029710144927536233,0.7289855072463768,0.011594202898550725
6339,0.21739130434782608,0.0,0.03260869565217391,0.75
6340,0.8917525773195877,0.005154639175257732,0.04639175257731959,0.05670103092783505
6341,0.3253424657534247,0.0,0.010273972602739725,0.6643835616438356
6342,0.011790393013100437,0.9759825327510917,0.010917030567685589,0.0013100436681222707
6343,0.03856749311294766,0.8650137741046832,0.09090909090909091,0.005509641873278237
6344,0.22971014492753622,0.029710144927536233,0.7289855072463768,0.011594202898550725
6345,0.6724137931034483,0.008620689655172414,0.2413793103448276,0.07758620689655173
6346,0.6724137931034483,0.008620689655172414,0.2413793103448276,0.07758620689655173
6347,0.03856749311294766,0.8650137741046832,0.09090909090909091,0.005509641873278237
6348,0.5862068965517241,0.11494252873563218,0.26436781609195403,0.034482758620689655
6349,0.011790393013100437,0.9759825327510917,0.010917030567685589,0.0013100436681222707
6350,0.011790393013100437,0.9759825327510917,0.010917030567685589,0.0013100436681222707
6351,0.08974358974358974,0.5128205128205128,0.38461538461538464,0.01282051282051282
6352,0.017964071856287425,0.8203592814371258,0.16167664670658682,0.0
6353,0.22971014492753622,0.029710144927536233,0.7289855072463768,0.011594202898550725
6354,0.011790393013100437,0.9759825327510917,0.010917030567685589,0.0013100436681222707
6355,0.0,0.0,0.0,1.0
6356,0.03205128205128205,0.11538461538461539,0.8461538461538461,0.00641025641025641
6357,0.011790393013100437,0.9759825327510917,0.010917030567685589,0.0013100436681222707
6358,0.3072916666666667,0.16145833333333334,0.5130208333333334,0.018229166666666668
6359,0.6724137931034483,0.008620689655172414,0.2413793103448276,0.07758620689655173
6360,0.011790393013100437,0.9759825327510917,0.010917030567685589,0.0013100436681222707
6361,0.22971014492753622,0.029710144927536233,0.7289855072463768,0.011594202898550725
6362,0.017964071856287425,0.8203592814371258,0.16167664670658682,0.0
6363,0.08181818181818182,0.004545454545454545,0.004545454545454545,0.9090909090909091
6364,0.011790393013100437,0.9759825327510917,0.010917030567685589,0.0013100436681222707
6365,0.22971014492753622,0.029710144927536233,0.7289855072463768,0.011594202898550725
6366,0.3072916666666667,0.16145833333333334,0.5130208333333334,0.018229166666666668
6367,0.13990825688073394,0.0,0.07339449541284404,0.786697247706422
6368,0.6470588235294118,0.0,0.0,0.35294117647058826
6369,0.3253424657534247,0.0,0.010273972602739725,0.6643835616438356
6370,0.011790393013100437,0.9759825327510917,0.010917030567685589,0.0013100436681222707
6371,0.011790393013100437,0.9759825327510917,0.010917030567685589,0.0013100436681222707
6372,0.39574468085106385,0.0,0.03404255319148936,0.5702127659574469
6373,0.011790393013100437,0.9759825327510917,0.010917030567685589,0.0013100436681222707
6374,0.22971014492753622,0.029710144927536233,0.7289855072463768,0.011594202898550725
6375,0.011790393013100437,0.9759825327510917,0.010917030567685589,0.0013100436681222707
6376,0.011790393013100437,0.9759825327510917,0.010917030567685589,0.0013100436681222707
6377,0.011790393013100437,0.9759825327510917,0.010917030567685589,0.0013100436681222707
6378,0.6724137931034483,0.008620689655172414,0.2413793103448276,0.07758620689655173
6379,0.017964071856287425,0.8203592814371258,0.16167664670658682,0.0
6380,0.3072916666666667,0.16145833333333334,0.5130208333333334,0.018229166666666668
6381,0.03856749311294766,0.8650137741046832,0.09090909090909091,0.005509641873278237
6382,0.011790393013100437,0.9759825327510917,0.010917030567685589,0.0013100436681222707
6383,0.22971014492753622,0.029710144927536233,0.7289855072463768,0.011594202898550725
6384,0.03856749311294766,0.8650137741046832,0.09090909090909091,0.005509641873278237
6385,0.8917525773195877,0.005154639175257732,0.04639175257731959,0.05670103092783505
6386,0.22971014492753622,0.029710144927536233,0.7289855072463768,0.011594202898550725
6387,0.0989010989010989,0.0,0.03663003663003663,0.8644688644688645
6388,0.452,0.096,0.448,0.004
6389,0.22971014492753622,0.029710144927536233,0.7289855072463768,0.011594202898550725
6390,0.08181818181818182,0.004545454545454545,0.004545454545454545,0.9090909090909091
6391,0.22971014492753622,0.029710144927536233,0.7289855072463768,0.011594202898550725
6392,0.017964071856287425,0.8203592814371258,0.16167664670658682,0.0
6393,0.011790393013100437,0.9759825327510917,0.010917030567685589,0.0013100436681222707
6394,0.011790393013100437,0.9759825327510917,0.010917030567685589,0.0013100436681222707
6395,0.452,0.096,0.448,0.004
6396,0.22971014492753622,0.029710144927536233,0.7289855072463768,0.011594202898550725
6397,0.452,0.096,0.448,0.004
6398,0.21052631578947367,0.0,0.0,0.7894736842105263
6399,0.13990825688073394,0.0,0.07339449541284404,0.786697247706422
6400,0.011790393013100437,0.9759825327510917,0.010917030567685589,0.0013100436681222707
6401,0.03856749311294766,0.8650137741046832,0.09090909090909091,0.005509641873278237
6402,0.3072916666666667,0.16145833333333334,0.5130208333333334,0.018229166666666668
6403,0.22971014492753622,0.029710144927536233,0.7289855072463768,0.011594202898550725
6404,0.5679012345679012,0.0,0.0,0.43209876543209874
6405,0.02631578947368421,0.0,0.10526315789473684,0.868421052631579
6406,0.011790393013100437,0.9759825327510917,0.010917030567685589,0.0013100436681222707
6407,0.22971014492753622,0.029710144927536233,0.7289855072463768,0.011594202898550725
6408,0.011790393013100437,0.9759825327510917,0.010917030567685589,0.0013100436681222707
6409,0.011790393013100437,0.9759825327510917,0.010917030567685589,0.0013100436681222707
6410,0.0989010989010989,0.0,0.03663003663003663,0.8644688644688645
6411,0.011790393013100437,0.9759825327510917,0.010917030567685589,0.0013100436681222707
6412,0.011790393013100437,0.9759825327510917,0.010917030567685589,0.0013100436681222707
6413,0.3072916666666667,0.16145833333333334,0.5130208333333334,0.018229166666666668
6414,0.011790393013100437,0.9759825327510917,0.010917030567685589,0.0013100436681222707
6415,0.452,0.096,0.448,0.004
6416,0.5276679841897233,0.0,0.023715415019762844,0.44861660079051385
6417,0.011790393013100437,0.9759825327510917,0.010917030567685589,0.0013100436681222707
6418,0.0989010989010989,0.0,0.03663003663003663,0.8644688644688645
6419,0.011790393013100437,0.9759825327510917,0.010917030567685589,0.0013100436681222707
6420,0.21052631578947367,0.0,0.0,0.7894736842105263
6421,0.5306122448979592,0.4489795918367347,0.0,0.02040816326530612
6422,0.03856749311294766,0.8650137741046832,0.09090909090909091,0.005509641873278237
6423,0.03205128205128205,0.11538461538461539,0.8461538461538461,0.00641025641025641
6424,0.22971014492753622,0.029710144927536233,0.7289855072463768,0.011594202898550725
6425,0.5862068965517241,0.11494252873563218,0.26436781609195403,0.034482758620689655
6426,0.39574468085106385,0.0,0.03404255319148936,0.5702127659574469
6427,0.22971014492753622,0.029710144927536233,0.7289855072463768,0.011594202898550725
6428,0.21739130434782608,0.0,0.03260869565217391,0.75
6429,0.011790393013100437,0.9759825327510917,0.010917030567685589,0.0013100436681222707
6430,0.13990825688073394,0.0,0.07339449541284404,0.786697247706422
6431,0.011790393013100437,0.9759825327510917,0.010917030567685589,0.0013100436681222707
6432,0.0989010989010989,0.0,0.03663003663003663,0.8644688644688645
6433,0.22971014492753622,0.029710144927536233,0.7289855072463768,0.011594202898550725
6434,0.03856749311294766,0.8650137741046832,0.09090909090909091,0.005509641873278237
6435,0.5679012345679012,0.0,0.0,0.43209876543209874
6436,0.14736842105263157,0.0,0.005263157894736842,0.8473684210526315
6437,0.9032258064516129,0.0,0.03225806451612903,0.06451612903225806
6438,0.3253424657534247,0.0,0.010273972602739725,0.6643835616438356
6439,0.03856749311294766,0.8650137741046832,0.09090909090909091,0.005509641873278237
6440,0.8917525773195877,0.005154639175257732,0.04639175257731959,0.05670103092783505
6441,0.22971014492753622,0.029710144927536233,0.7289855072463768,0.011594202898550725
6442,0.452,0.096,0.448,0.004
6443,0.011790393013100437,0.9759825327510917,0.010917030567685589,0.0013100436681222707
6444,0.8917525773195877,0.005154639175257732,0.04639175257731959,0.05670103092783505
6445,0.22971014492753622,0.029710144927536233,0.7289855072463768,0.011594202898550725
6446,0.14736842105263157,0.0,0.005263157894736842,0.8473684210526315
6447,0.5862068965517241,0.11494252873563218,0.26436781609195403,0.034482758620689655
6448,0.011790393013100437,0.9759825327510917,0.010917030567685589,0.0013100436681222707
6449,0.011790393013100437,0.9759825327510917,0.010917030567685589,0.0013100436681222707
6450,0.5276679841897233,0.0,0.023715415019762844,0.44861660079051385
6451,0.0989010989010989,0.0,0.03663003663003663,0.8644688644688645
6452,0.39574468085106385,0.0,0.03404255319148936,0.5702127659574469
6453,0.011790393013100437,0.9759825327510917,0.010917030567685589,0.0013100436681222707
6454,0.011790393013100437,0.9759825327510917,0.010917030567685589,0.0013100436681222707
6455,0.08974358974358974,0.5128205128205128,0.38461538461538464,0.01282051282051282
6456,0.452,0.096,0.448,0.004
6457,0.011790393013100437,0.9759825327510917,0.010917030567685589,0.0013100436681222707
6458,0.22971014492753622,0.029710144927536233,0.7289855072463768,0.011594202898550725
6459,0.5276679841897233,0.0,0.023715415019762844,0.44861660079051385
6460,0.5276679841897233,0.0,0.023715415019762844,0.44861660079051385
6461,0.3103448275862069,0.6724137931034483,0.017241379310344827,0.0
6462,0.0989010989010989,0.0,0.03663003663003663,0.8644688644688645
6463,0.075,0.2,0.725,0.0
6464,0.0989010989010989,0.0,0.03663003663003663,0.8644688644688645
6465,0.011790393013100437,0.9759825327510917,0.010917030567685589,0.0013100436681222707
6466,0.011790393013100437,0.9759825327510917,0.010917030567685589,0.0013100436681222707
6467,0.22971014492753622,0.029710144927536233,0.7289855072463768,0.011594202898550725
6468,0.5276679841897233,0.0,0.023715415019762844,0.44861660079051385
6469,0.22971014492753622,0.029710144927536233,0.7289855072463768,0.011594202898550725
6470,0.5276679841897233,0.0,0.023715415019762844,0.44861660079051385
6471,0.011790393013100437,0.9759825327510917,0.010917030567685589,0.0013100436681222707
6472,0.011790393013100437,0.9759825327510917,0.010917030567685589,0.0013100436681222707
6473,0.22971014492753622,0.029710144927536233,0.7289855072463768,0.011594202898550725
6474,0.22971014492753622,0.029710144927536233,0.7289855072463768,0.011594202898550725
6475,0.5276679841897233,0.0,0.023715415019762844,0.44861660079051385
6476,0.011790393013100437,0.9759825327510917,0.010917030567685589,0.0013100436681222707
6477,0.39574468085106385,0.0,0.03404255319148936,0.5702127659574469
6478,0.3072916666666667,0.16145833333333334,0.5130208333333334,0.018229166666666668
6479,0.09090909090909091,0.5454545454545454,0.36363636363636365,0.0
6480,0.011790393013100437,0.9759825327510917,0.010917030567685589,0.0013100436681222707
6481,0.22971014492753622,0.029710144927536233,0.7289855072463768,0.011594202898550725
6482,0.03856749311294766,0.8650137741046832,0.09090909090909091,0.005509641873278237
6483,0.0,0.0,0.8888888888888888,0.1111111111111111
6484,0.011790393013100437,0.9759825327510917,0.010917030567685589,0.0013100436681222707
6485,0.017964071856287425,0.8203592814371258,0.16167664670658682,0.0
6486,0.011790393013100437,0.9759825327510917,0.010917030567685589,0.0013100436681222707
6487,0.22971014492753622,0.029710144927536233,0.7289855072463768,0.011594202898550725
6488,0.13990825688073394,0.0,0.07339449541284404,0.786697247706422
6489,0.75,0.25,0.0,0.0
6490,0.08181818181818182,0.004545454545454545,0.004545454545454545,0.9090909090909091
6491,0.13990825688073394,0.0,0.07339449541284404,0.786697247706422
6492,0.75,0.25,0.0,0.0
6493,0.39574468085106385,0.0,0.03404255319148936,0.5702127659574469
6494,0.011790393013100437,0.9759825327510917,0.010917030567685589,0.0013100436681222707
6495,0.017964071856287425,0.8203592814371258,0.16167664670658682,0.0
6496,0.5276679841897233,0.0,0.023715415019762844,0.44861660079051385
6497,0.017964071856287425,0.8203592814371258,0.16167664670658682,0.0
6498,0.011790393013100437,0.9759825327510917,0.010917030567685589,0.0013100436681222707
6499,0.14736842105263157,0.0,0.005263157894736842,0.8473684210526315
6500,0.22971014492753622,0.029710144927536233,0.7289855072463768,0.011594202898550725
6501,0.017964071856287425,0.8203592814371258,0.16167664670658682,0.0
6502,0.22971014492753622,0.029710144927536233,0.7289855072463768,0.011594202898550725
6503,0.011790393013100437,0.9759825327510917,0.010917030567685589,0.0013100436681222707
6504,0.3072916666666667,0.16145833333333334,0.5130208333333334,0.018229166666666668
6505,0.011790393013100437,0.9759825327510917,0.010917030567685589,0.0013100436681222707
6506,0.011790393013100437,0.9759825327510917,0.010917030567685589,0.0013100436681222707
6507,0.21739130434782608,0.0,0.03260869565217391,0.75
6508,0.22971014492753622,0.029710144927536233,0.7289855072463768,0.011594202898550725
6509,0.22971014492753622,0.029710144927536233,0.7289855072463768,0.011594202898550725
6510,0.3072916666666667,0.16145833333333334,0.5130208333333334,0.018229166666666668
6511,0.011790393013100437,0.9759825327510917,0.010917030567685589,0.0013100436681222707
6512,0.03856749311294766,0.8650137741046832,0.09090909090909091,0.005509641873278237
6513,0.22971014492753622,0.029710144927536233,0.7289855072463768,0.011594202898550725
6514,0.22971014492753622,0.029710144927536233,0.7289855072463768,0.011594202898550725
6515,0.22971014492753622,0.029710144927536233,0.7289855072463768,0.011594202898550725
6516,0.011790393013100437,0.9759825327510917,0.010917030567685589,0.0013100436681222707
6517,0.011790393013100437,0.9759825327510917,0.010917030567685589,0.0013100436681222707
6518,0.3072916666666667,0.16145833333333334,0.5130208333333334,0.018229166666666668
6519,0.22971014492753622,0.029710144927536233,0.7289855072463768,0.011594202898550725
6520,0.452,0.096,0.448,0.004
6521,0.011790393013100437,0.9759825327510917,0.010917030567685589,0.0013100436681222707
6522,0.13990825688073394,0.0,0.07339449541284404,0.786697247706422
6523,0.011790393013100437,0.9759825327510917,0.010917030567685589,0.0013100436681222707
6524,0.22971014492753622,0.029710144927536233,0.7289855072463768,0.011594202898550725
6525,0.011790393013100437,0.9759825327510917,0.010917030567685589,0.0013100436681222707
6526,0.0989010989010989,0.0,0.03663003663003663,0.8644688644688645
6527,0.8917525773195877,0.005154639175257732,0.04639175257731959,0.05670103092783505
6528,0.011790393013100437,0.9759825327510917,0.010917030567685589,0.0013100436681222707
6529,0.0989010989010989,0.0,0.03663003663003663,0.8644688644688645
6530,0.08181818181818182,0.004545454545454545,0.004545454545454545,0.9090909090909091
6531,0.0989010989010989,0.0,0.03663003663003663,0.8644688644688645
6532,0.011790393013100437,0.9759825327510917,0.010917030567685589,0.0013100436681222707
6533,0.011790393013100437,0.9759825327510917,0.010917030567685589,0.0013100436681222707
6534,0.017964071856287425,0.8203592814371258,0.16167664670658682,0.0
6535,0.5679012345679012,0.0,0.0,0.43209876543209874
6536,0.011790393013100437,0.9759825327510917,0.010917030567685589,0.0013100436681222707
6537,0.6724137931034483,0.008620689655172414,0.2413793103448276,0.07758620689655173
6538,0.017964071856287425,0.8203592814371258,0.16167664670658682,0.0
6539,0.452,0.096,0.448,0.004
6540,0.22971014492753622,0.029710144927536233,0.7289855072463768,0.011594202898550725
6541,0.017964071856287425,0.8203592814371258,0.16167664670658682,0.0
6542,0.5276679841897233,0.0,0.023715415019762844,0.44861660079051385
6543,0.0989010989010989,0.0,0.03663003663003663,0.8644688644688645
6544,0.8917525773195877,0.005154639175257732,0.04639175257731959,0.05670103092783505
6545,0.011790393013100437,0.9759825327510917,0.010917030567685589,0.0013100436681222707
6546,0.5276679841897233,0.0,0.023715415019762844,0.44861660079051385
6547,0.22971014492753622,0.029710144927536233,0.7289855072463768,0.011594202898550725
6548,0.017964071856287425,0.8203592814371258,0.16167664670658682,0.0
6549,0.011790393013100437,0.9759825327510917,0.010917030567685589,0.0013100436681222707
6550,0.5679012345679012,0.0,0.0,0.43209876543209874
6551,0.3103448275862069,0.6724137931034483,0.017241379310344827,0.0
6552,0.8917525773195877,0.005154639175257732,0.04639175257731959,0.05670103092783505
6553,0.011790393013100437,0.9759825327510917,0.010917030567685589,0.0013100436681222707
6554,0.03856749311294766,0.8650137741046832,0.09090909090909091,0.005509641873278237
6555,0.22971014492753622,0.029710144927536233,0.7289855072463768,0.011594202898550725
6556,0.0,1.0,0.0,0.0
6557,0.22971014492753622,0.029710144927536233,0.7289855072463768,0.011594202898550725
6558,0.011790393013100437,0.9759825327510917,0.010917030567685589,0.0013100436681222707
6559,0.22971014492753622,0.029710144927536233,0.7289855072463768,0.011594202898550725
6560,0.011790393013100437,0.9759825327510917,0.010917030567685589,0.0013100436681222707
6561,0.5862068965517241,0.11494252873563218,0.26436781609195403,0.034482758620689655
6562,0.22971014492753622,0.029710144927536233,0.7289855072463768,0.011594202898550725
6563,0.011790393013100437,0.9759825327510917,0.010917030567685589,0.0013100436681222707
6564,0.452,0.096,0.448,0.004
6565,0.011790393013100437,0.9759825327510917,0.010917030567685589,0.0013100436681222707
6566,0.011790393013100437,0.9759825327510917,0.010917030567685589,0.0013100436681222707
6567,0.08181818181818182,0.004545454545454545,0.004545454545454545,0.9090909090909091
6568,0.03856749311294766,0.8650137741046832,0.09090909090909091,0.005509641873278237
6569,0.22971014492753622,0.029710144927536233,0.7289855072463768,0.011594202898550725
6570,0.13990825688073394,0.0,0.07339449541284404,0.786697247706422
6571,0.42105263157894735,0.0,0.15789473684210525,0.42105263157894735
6572,0.22971014492753622,0.029710144927536233,0.7289855072463768,0.011594202898550725
6573,0.22971014492753622,0.029710144927536233,0.7289855072463768,0.011594202898550725
6574,0.22971014492753622,0.029710144927536233,0.7289855072463768,0.011594202898550725
6575,0.011790393013100437,0.9759825327510917,0.010917030567685589,0.0013100436681222707
6576,0.011790393013100437,0.9759825327510917,0.010917030567685589,0.0013100436681222707
6577,0.3253424657534247,0.0,0.010273972602739725,0.6643835616438356
6578,0.011790393013100437,0.9759825327510917,0.010917030567685589,0.0013100436681222707
6579,0.5276679841897233,0.0,0.023715415019762844,0.44861660079051385
6580,0.6724137931034483,0.008620689655172414,0.2413793103448276,0.07758620689655173
6581,0.39574468085106385,0.0,0.03404255319148936,0.5702127659574469
6582,0.22971014492753622,0.029710144927536233,0.7289855072463768,0.011594202898550725
6583,0.13990825688073394,0.0,0.07339449541284404,0.786697247706422
6584,0.22971014492753622,0.029710144927536233,0.7289855072463768,0.011594202898550725
6585,0.03856749311294766,0.8650137741046832,0.09090909090909091,0.005509641873278237
6586,0.011790393013100437,0.9759825327510917,0.010917030567685589,0.0013100436681222707
6587,0.011790393013100437,0.9759825327510917,0.010917030567685589,0.0013100436681222707
6588,0.22971014492753622,0.029710144927536233,0.7289855072463768,0.011594202898550725
6589,0.22971014492753622,0.029710144927536233,0.7289855072463768,0.011594202898550725
6590,0.22971014492753622,0.029710144927536233,0.7289855072463768,0.011594202898550725
6591,0.21739130434782608,0.0,0.03260869565217391,0.75
6592,0.011790393013100437,0.9759825327510917,0.010917030567685589,0.0013100436681222707
6593,0.13990825688073394,0.0,0.07339449541284404,0.786697247706422
6594,0.22971014492753622,0.029710144927536233,0.7289855072463768,0.011594202898550725
6595,0.011790393013100437,0.9759825327510917,0.010917030567685589,0.0013100436681222707
6596,0.017964071856287425,0.8203592814371258,0.16167664670658682,0.0
6597,0.011790393013100437,0.9759825327510917,0.010917030567685589,0.0013100436681222707
6598,0.21052631578947367,0.0,0.0,0.7894736842105263
6599,0.011790393013100437,0.9759825327510917,0.010917030567685589,0.0013100436681222707
6600,0.011790393013100437,0.9759825327510917,0.010917030567685589,0.0013100436681222707
6601,0.08181818181818182,0.004545454545454545,0.004545454545454545,0.9090909090909091
6602,0.011790393013100437,0.9759825327510917,0.010917030567685589,0.0013100436681222707
6603,0.14736842105263157,0.0,0.005263157894736842,0.8473684210526315
6604,0.0,0.0,0.0,1.0
6605,0.03856749311294766,0.8650137741046832,0.09090909090909091,0.005509641873278237
6606,0.3253424657534247,0.0,0.010273972602739725,0.6643835616438356
6607,0.011790393013100437,0.9759825327510917,0.010917030567685589,0.0013100436681222707
6608,0.13990825688073394,0.0,0.07339449541284404,0.786697247706422
6609,0.011790393013100437,0.9759825327510917,0.010917030567685589,0.0013100436681222707
6610,0.011790393013100437,0.9759825327510917,0.010917030567685589,0.0013100436681222707
6611,0.0989010989010989,0.0,0.03663003663003663,0.8644688644688645
6612,0.13990825688073394,0.0,0.07339449541284404,0.786697247706422
6613,0.13990825688073394,0.0,0.07339449541284404,0.786697247706422
6614,0.011790393013100437,0.9759825327510917,0.010917030567685589,0.0013100436681222707
6615,0.011790393013100437,0.9759825327510917,0.010917030567685589,0.0013100436681222707
6616,0.13990825688073394,0.0,0.07339449541284404,0.786697247706422
6617,0.3253424657534247,0.0,0.010273972602739725,0.6643835616438356
6618,0.011790393013100437,0.9759825327510917,0.010917030567685589,0.0013100436681222707
6619,0.22971014492753622,0.029710144927536233,0.7289855072463768,0.011594202898550725
6620,0.011790393013100437,0.9759825327510917,0.010917030567685589,0.0013100436681222707
6621,0.8917525773195877,0.005154639175257732,0.04639175257731959,0.05670103092783505
6622,0.03205128205128205,0.11538461538461539,0.8461538461538461,0.00641025641025641
6623,0.5862068965517241,0.11494252873563218,0.26436781609195403,0.034482758620689655
6624,1.0,0.0,0.0,0.0
6625,0.3072916666666667,0.16145833333333334,0.5130208333333334,0.018229166666666668
6626,0.011790393013100437,0.9759825327510917,0.010917030567685589,0.0013100436681222707
6627,0.22971014492753622,0.029710144927536233,0.7289855072463768,0.011594202898550725
6628,0.3072916666666667,0.16145833333333334,0.5130208333333334,0.018229166666666668
6629,0.0989010989010989,0.0,0.03663003663003663,0.8644688644688645
6630,0.011790393013100437,0.9759825327510917,0.010917030567685589,0.0013100436681222707
6631,0.017964071856287425,0.8203592814371258,0.16167664670658682,0.0
6632,0.14736842105263157,0.0,0.005263157894736842,0.8473684210526315
6633,0.22971014492753622,0.029710144927536233,0.7289855072463768,0.011594202898550725
6634,0.011790393013100437,0.9759825327510917,0.010917030567685589,0.0013100436681222707
6635,0.22971014492753622,0.029710144927536233,0.7289855072463768,0.011594202898550725
6636,0.011790393013100437,0.9759825327510917,0.010917030567685589,0.0013100436681222707
6637,0.5276679841897233,0.0,0.023715415019762844,0.44861660079051385
6638,0.017964071856287425,0.8203592814371258,0.16167664670658682,0.0
6639,0.011790393013100437,0.9759825327510917,0.010917030567685589,0.0013100436681222707
6640,0.011790393013100437,0.9759825327510917,0.010917030567685589,0.0013100436681222707
6641,0.5276679841897233,0.0,0.023715415019762844,0.44861660079051385
6642,0.011790393013100437,0.9759825327510917,0.010917030567685589,0.0013100436681222707
6643,0.0989010989010989,0.0,0.03663003663003663,0.8644688644688645
6644,0.5276679841897233,0.0,0.023715415019762844,0.44861660079051385
6645,0.22971014492753622,0.029710144927536233,0.7289855072463768,0.011594202898550725
6646,0.6724137931034483,0.008620689655172414,0.2413793103448276,0.07758620689655173
6647,0.22971014492753622,0.029710144927536233,0.7289855072463768,0.011594202898550725
6648,0.5679012345679012,0.0,0.0,0.43209876543209874
6649,0.22971014492753622,0.029710144927536233,0.7289855072463768,0.011594202898550725
6650,0.22971014492753622,0.029710144927536233,0.7289855072463768,0.011594202898550725
6651,0.3072916666666667,0.16145833333333334,0.5130208333333334,0.018229166666666668
6652,0.452,0.096,0.448,0.004
6653,0.03856749311294766,0.8650137741046832,0.09090909090909091,0.005509641873278237
6654,0.011790393013100437,0.9759825327510917,0.010917030567685589,0.0013100436681222707
6655,0.8917525773195877,0.005154639175257732,0.04639175257731959,0.05670103092783505
6656,0.13990825688073394,0.0,0.07339449541284404,0.786697247706422
6657,0.011790393013100437,0.9759825327510917,0.010917030567685589,0.0013100436681222707
6658,0.011790393013100437,0.9759825327510917,0.010917030567685589,0.0013100436681222707
6659,0.011790393013100437,0.9759825327510917,0.010917030567685589,0.0013100436681222707
6660,0.03856749311294766,0.8650137741046832,0.09090909090909091,0.005509641873278237
6661,0.0989010989010989,0.0,0.03663003663003663,0.8644688644688645
6662,0.03205128205128205,0.11538461538461539,0.8461538461538461,0.00641025641025641
6663,0.13990825688073394,0.0,0.07339449541284404,0.786697247706422
6664,0.452,0.096,0.448,0.004
6665,0.011790393013100437,0.9759825327510917,0.010917030567685589,0.0013100436681222707
6666,0.22971014492753622,0.029710144927536233,0.7289855072463768,0.011594202898550725
6667,0.011790393013100437,0.9759825327510917,0.010917030567685589,0.0013100436681222707
6668,0.3253424657534247,0.0,0.010273972602739725,0.6643835616438356
6669,0.011790393013100437,0.9759825327510917,0.010917030567685589,0.0013100436681222707
6670,0.011790393013100437,0.9759825327510917,0.010917030567685589,0.0013100436681222707
6671,0.3072916666666667,0.16145833333333334,0.5130208333333334,0.018229166666666668
6672,0.39574468085106385,0.0,0.03404255319148936,0.5702127659574469
6673,0.75,0.25,0.0,0.0
6674,0.5276679841897233,0.0,0.023715415019762844,0.44861660079051385
6675,0.22971014492753622,0.029710144927536233,0.7289855072463768,0.011594202898550725
6676,0.011790393013100437,0.9759825327510917,0.010917030567685589,0.0013100436681222707
6677,0.0989010989010989,0.0,0.03663003663003663,0.8644688644688645
6678,0.011790393013100437,0.9759825327510917,0.010917030567685589,0.0013100436681222707
6679,0.452,0.096,0.448,0.004
6680,0.011790393013100437,0.9759825327510917,0.010917030567685589,0.0013100436681222707
6681,0.21052631578947367,0.0,0.0,0.7894736842105263
6682,0.011790393013100437,0.9759825327510917,0.010917030567685589,0.0013100436681222707
6683,0.011790393013100437,0.9759825327510917,0.010917030567685589,0.0013100436681222707
6684,0.452,0.096,0.448,0.004
6685,0.3072916666666667,0.16145833333333334,0.5130208333333334,0.018229166666666668
6686,0.21052631578947367,0.0,0.0,0.7894736842105263
6687,0.0,1.0,0.0,0.0
6688,0.3072916666666667,0.16145833333333334,0.5130208333333334,0.018229166666666668
6689,0.011790393013100437,0.9759825327510917,0.010917030567685589,0.0013100436681222707
6690,0.22971014492753622,0.029710144927536233,0.7289855072463768,0.011594202898550725
6691,0.3072916666666667,0.16145833333333334,0.5130208333333334,0.018229166666666668
6692,0.011790393013100437,0.9759825327510917,0.010917030567685589,0.0013100436681222707
6693,0.03205128205128205,0.11538461538461539,0.8461538461538461,0.00641025641025641
6694,0.011790393013100437,0.9759825327510917,0.010917030567685589,0.0013100436681222707
6695,0.3103448275862069,0.6724137931034483,0.017241379310344827,0.0
6696,0.011790393013100437,0.9759825327510917,0.010917030567685589,0.0013100436681222707
6697,0.5276679841897233,0.0,0.023715415019762844,0.44861660079051385
6698,0.22971014492753622,0.029710144927536233,0.7289855072463768,0.011594202898550725
6699,0.3072916666666667,0.16145833333333334,0.5130208333333334,0.018229166666666668
6700,0.011790393013100437,0.9759825327510917,0.010917030567685589,0.0013100436681222707
6701,0.3072916666666667,0.16145833333333334,0.5130208333333334,0.018229166666666668
6702,0.011790393013100437,0.9759825327510917,0.010917030567685589,0.0013100436681222707
6703,0.22971014492753622,0.029710144927536233,0.7289855072463768,0.011594202898550725
6704,0.3072916666666667,0.16145833333333334,0.5130208333333334,0.018229166666666668
6705,0.13990825688073394,0.0,0.07339449541284404,0.786697247706422
6706,0.011790393013100437,0.9759825327510917,0.010917030567685589,0.0013100436681222707
6707,0.22971014492753622,0.029710144927536233,0.7289855072463768,0.011594202898550725
6708,0.3253424657534247,0.0,0.010273972602739725,0.6643835616438356
6709,0.13990825688073394,0.0,0.07339449541284404,0.786697247706422
6710,0.0989010989010989,0.0,0.03663003663003663,0.8644688644688645
6711,0.011790393013100437,0.9759825327510917,0.010917030567685589,0.0013100436681222707
6712,0.3072916666666667,0.16145833333333334,0.5130208333333334,0.018229166666666668
6713,0.8917525773195877,0.005154639175257732,0.04639175257731959,0.05670103092783505
6714,0.6724137931034483,0.008620689655172414,0.2413793103448276,0.07758620689655173
6715,0.22971014492753622,0.029710144927536233,0.7289855072463768,0.011594202898550725
6716,0.3072916666666667,0.16145833333333334,0.5130208333333334,0.018229166666666668
6717,0.3103448275862069,0.6724137931034483,0.017241379310344827,0.0
6718,0.017964071856287425,0.8203592814371258,0.16167664670658682,0.0
6719,0.13990825688073394,0.0,0.07339449541284404,0.786697247706422
6720,0.017964071856287425,0.8203592814371258,0.16167664670658682,0.0
6721,0.0989010989010989,0.0,0.03663003663003663,0.8644688644688645
6722,0.452,0.096,0.448,0.004
6723,0.21052631578947367,0.0,0.0,0.7894736842105263
6724,0.2222222222222222,0.4888888888888889,0.28888888888888886,0.0
6725,0.08974358974358974,0.5128205128205128,0.38461538461538464,0.01282051282051282
6726,0.3072916666666667,0.16145833333333334,0.5130208333333334,0.018229166666666668
6727,0.017964071856287425,0.8203592814371258,0.16167664670658682,0.0
6728,0.3253424657534247,0.0,0.010273972602739725,0.6643835616438356
6729,0.452,0.096,0.448,0.004
6730,0.03856749311294766,0.8650137741046832,0.09090909090909091,0.005509641873278237
6731,0.22971014492753622,0.029710144927536233,0.7289855072463768,0.011594202898550725
6732,0.011790393013100437,0.9759825327510917,0.010917030567685589,0.0013100436681222707
6733,0.452,0.096,0.448,0.004
6734,0.22971014492753622,0.029710144927536233,0.7289855072463768,0.011594202898550725
6735,0.0,0.0,0.0,1.0
6736,0.011790393013100437,0.9759825327510917,0.010917030567685589,0.0013100436681222707
6737,0.011790393013100437,0.9759825327510917,0.010917030567685589,0.0013100436681222707
6738,0.13990825688073394,0.0,0.07339449541284404,0.786697247706422
6739,0.6724137931034483,0.008620689655172414,0.2413793103448276,0.07758620689655173
6740,0.0989010989010989,0.0,0.03663003663003663,0.8644688644688645
6741,0.011790393013100437,0.9759825327510917,0.010917030567685589,0.0013100436681222707
6742,0.011790393013100437,0.9759825327510917,0.010917030567685589,0.0013100436681222707
6743,0.13990825688073394,0.0,0.07339449541284404,0.786697247706422
6744,0.42105263157894735,0.0,0.15789473684210525,0.42105263157894735
6745,0.5276679841897233,0.0,0.023715415019762844,0.44861660079051385
6746,0.5679012345679012,0.0,0.0,0.43209876543209874
6747,0.3253424657534247,0.0,0.010273972602739725,0.6643835616438356
6748,0.22971014492753622,0.029710144927536233,0.7289855072463768,0.011594202898550725
6749,0.03205128205128205,0.11538461538461539,0.8461538461538461,0.00641025641025641
6750,0.0,0.0,0.0,1.0
6751,0.011790393013100437,0.9759825327510917,0.010917030567685589,0.0013100436681222707
6752,0.5276679841897233,0.0,0.023715415019762844,0.44861660079051385
6753,0.011790393013100437,0.9759825327510917,0.010917030567685589,0.0013100436681222707
6754,0.39574468085106385,0.0,0.03404255319148936,0.5702127659574469
6755,0.011790393013100437,0.9759825327510917,0.010917030567685589,0.0013100436681222707
6756,0.3253424657534247,0.0,0.010273972602739725,0.6643835616438356
6757,0.3253424657534247,0.0,0.010273972602739725,0.6643835616438356
6758,0.011790393013100437,0.9759825327510917,0.010917030567685589,0.0013100436681222707
6759,0.011790393013100437,0.9759825327510917,0.010917030567685589,0.0013100436681222707
6760,0.011790393013100437,0.9759825327510917,0.010917030567685589,0.0013100436681222707
6761,0.011790393013100437,0.9759825327510917,0.010917030567685589,0.0013100436681222707
6762,0.22971014492753622,0.029710144927536233,0.7289855072463768,0.011594202898550725
6763,0.011790393013100437,0.9759825327510917,0.010917030567685589,0.0013100436681222707
6764,0.22971014492753622,0.029710144927536233,0.7289855072463768,0.011594202898550725
6765,1.0,0.0,0.0,0.0
6766,0.011790393013100437,0.9759825327510917,0.010917030567685589,0.0013100436681222707
6767,0.0989010989010989,0.0,0.03663003663003663,0.8644688644688645
6768,0.011790393013100437,0.9759825327510917,0.010917030567685589,0.0013100436681222707
6769,0.22971014492753622,0.029710144927536233,0.7289855072463768,0.011594202898550725
6770,0.22971014492753622,0.029710144927536233,0.7289855072463768,0.011594202898550725
6771,0.017964071856287425,0.8203592814371258,0.16167664670658682,0.0
6772,0.22971014492753622,0.029710144927536233,0.7289855072463768,0.011594202898550725
6773,0.08181818181818182,0.004545454545454545,0.004545454545454545,0.9090909090909091
6774,0.011790393013100437,0.9759825327510917,0.010917030567685589,0.0013100436681222707
6775,0.22971014492753622,0.029710144927536233,0.7289855072463768,0.011594202898550725
6776,0.22971014492753622,0.029710144927536233,0.7289855072463768,0.011594202898550725
6777,0.5276679841897233,0.0,0.023715415019762844,0.44861660079051385
6778,0.011790393013100437,0.9759825327510917,0.010917030567685589,0.0013100436681222707
6779,0.03205128205128205,0.11538461538461539,0.8461538461538461,0.00641025641025641
6780,0.5679012345679012,0.0,0.0,0.43209876543209874
6781,0.21739130434782608,0.0,0.03260869565217391,0.75
6782,0.13990825688073394,0.0,0.07339449541284404,0.786697247706422
6783,0.011790393013100437,0.9759825327510917,0.010917030567685589,0.0013100436681222707
6784,0.5306122448979592,0.4489795918367347,0.0,0.02040816326530612
6785,0.22971014492753622,0.029710144927536233,0.7289855072463768,0.011594202898550725
6786,0.0,0.0,1.0,0.0
6787,0.0989010989010989,0.0,0.03663003663003663,0.8644688644688645
6788,0.39574468085106385,0.0,0.03404255319148936,0.5702127659574469
6789,0.03856749311294766,0.8650137741046832,0.09090909090909091,0.005509641873278237
6790,0.011790393013100437,0.9759825327510917,0.010917030567685589,0.0013100436681222707
6791,0.42105263157894735,0.0,0.15789473684210525,0.42105263157894735
6792,0.011790393013100437,0.9759825327510917,0.010917030567685589,0.0013100436681222707
6793,0.0989010989010989,0.0,0.03663003663003663,0.8644688644688645
6794,0.5276679841897233,0.0,0.023715415019762844,0.44861660079051385
6795,0.011790393013100437,0.9759825327510917,0.010917030567685589,0.0013100436681222707
6796,0.011790393013100437,0.9759825327510917,0.010917030567685589,0.0013100436681222707
6797,0.5276679841897233,0.0,0.023715415019762844,0.44861660079051385
6798,0.5276679841897233,0.0,0.023715415019762844,0.44861660079051385
6799,0.0989010989010989,0.0,0.03663003663003663,0.8644688644688645
6800,0.0,1.0,0.0,0.0
6801,0.011790393013100437,0.9759825327510917,0.010917030567685589,0.0013100436681222707
6802,0.39574468085106385,0.0,0.03404255319148936,0.5702127659574469
6803,0.22971014492753622,0.029710144927536233,0.7289855072463768,0.011594202898550725
6804,0.08181818181818182,0.004545454545454545,0.004545454545454545,0.9090909090909091
6805,0.21739130434782608,0.0,0.03260869565217391,0.75
6806,0.13990825688073394,0.0,0.07339449541284404,0.786697247706422
6807,0.3072916666666667,0.16145833333333334,0.5130208333333334,0.018229166666666668
6808,0.011790393013100437,0.9759825327510917,0.010917030567685589,0.0013100436681222707
6809,0.03856749311294766,0.8650137741046832,0.09090909090909091,0.005509641873278237
6810,0.011790393013100437,0.9759825327510917,0.010917030567685589,0.0013100436681222707
6811,0.22971014492753622,0.029710144927536233,0.7289855072463768,0.011594202898550725
6812,0.011790393013100437,0.9759825327510917,0.010917030567685589,0.0013100436681222707
6813,0.8917525773195877,0.005154639175257732,0.04639175257731959,0.05670103092783505
6814,0.5679012345679012,0.0,0.0,0.43209876543209874
6815,0.011790393013100437,0.9759825327510917,0.010917030567685589,0.0013100436681222707
6816,0.22971014492753622,0.029710144927536233,0.7289855072463768,0.011594202898550725
6817,0.22971014492753622,0.029710144927536233,0.7289855072463768,0.011594202898550725
6818,0.011790393013100437,0.9759825327510917,0.010917030567685589,0.0013100436681222707
6819,0.08181818181818182,0.004545454545454545,0.004545454545454545,0.9090909090909091
6820,0.08181818181818182,0.004545454545454545,0.004545454545454545,0.9090909090909091
6821,0.011790393013100437,0.9759825327510917,0.010917030567685589,0.0013100436681222707
6822,0.22971014492753622,0.029710144927536233,0.7289855072463768,0.011594202898550725
6823,0.3253424657534247,0.0,0.010273972602739725,0.6643835616438356
6824,0.3253424657534247,0.0,0.010273972602739725,0.6643835616438356
6825,0.3103448275862069,0.6724137931034483,0.017241379310344827,0.0
6826,0.13990825688073394,0.0,0.07339449541284404,0.786697247706422
6827,0.22971014492753622,0.029710144927536233,0.7289855072463768,0.011594202898550725
6828,0.22971014492753622,0.029710144927536233,0.7289855072463768,0.011594202898550725
6829,0.5862068965517241,0.11494252873563218,0.26436781609195403,0.034482758620689655
6830,0.22971014492753622,0.029710144927536233,0.7289855072463768,0.011594202898550725
6831,0.39574468085106385,0.0,0.03404255319148936,0.5702127659574469
6832,0.22971014492753622,0.029710144927536233,0.7289855072463768,0.011594202898550725
6833,0.13990825688073394,0.0,0.07339449541284404,0.786697247706422
6834,0.22971014492753622,0.029710144927536233,0.7289855072463768,0.011594202898550725
6835,0.011790393013100437,0.9759825327510917,0.010917030567685589,0.0013100436681222707
6836,0.5276679841897233,0.0,0.023715415019762844,0.44861660079051385
6837,0.011790393013100437,0.9759825327510917,0.010917030567685589,0.0013100436681222707
6838,0.5276679841897233,0.0,0.023715415019762844,0.44861660079051385
6839,0.03856749311294766,0.8650137741046832,0.09090909090909091,0.005509641873278237
6840,0.5276679841897233,0.0,0.023715415019762844,0.44861660079051385
6841,0.011790393013100437,0.9759825327510917,0.010917030567685589,0.0013100436681222707
6842,0.3072916666666667,0.16145833333333334,0.5130208333333334,0.018229166666666668
6843,0.011790393013100437,0.9759825327510917,0.010917030567685589,0.0013100436681222707
6844,0.03856749311294766,0.8650137741046832,0.09090909090909091,0.005509641873278237
6845,0.0,1.0,0.0,0.0
6846,0.011790393013100437,0.9759825327510917,0.010917030567685589,0.0013100436681222707
6847,0.0,0.896551724137931,0.10344827586206896,0.0
6848,0.13990825688073394,0.0,0.07339449541284404,0.786697247706422
6849,0.011790393013100437,0.9759825327510917,0.010917030567685589,0.0013100436681222707
6850,0.8917525773195877,0.005154639175257732,0.04639175257731959,0.05670103092783505
6851,0.011790393013100437,0.9759825327510917,0.010917030567685589,0.0013100436681222707
6852,0.39574468085106385,0.0,0.03404255319148936,0.5702127659574469
6853,0.5276679841897233,0.0,0.023715415019762844,0.44861660079051385
6854,0.22971014492753622,0.029710144927536233,0.7289855072463768,0.011594202898550725
6855,0.22971014492753622,0.029710144927536233,0.7289855072463768,0.011594202898550725
6856,0.0,0.896551724137931,0.10344827586206896,0.0
6857,0.08974358974358974,0.5128205128205128,0.38461538461538464,0.01282051282051282
6858,0.011790393013100437,0.9759825327510917,0.010917030567685589,0.0013100436681222707
6859,0.02631578947368421,0.0,0.10526315789473684,0.868421052631579
6860,0.6666666666666666,0.3333333333333333,0.0,0.0
6861,0.22971014492753622,0.029710144927536233,0.7289855072463768,0.011594202898550725
6862,0.08181818181818182,0.004545454545454545,0.004545454545454545,0.9090909090909091
6863,0.03856749311294766,0.8650137741046832,0.09090909090909091,0.005509641873278237
6864,0.011790393013100437,0.9759825327510917,0.010917030567685589,0.0013100436681222707
6865,0.011790393013100437,0.9759825327510917,0.010917030567685589,0.0013100436681222707
6866,0.011790393013100437,0.9759825327510917,0.010917030567685589,0.0013100436681222707
6867,0.011790393013100437,0.9759825327510917,0.010917030567685589,0.0013100436681222707
6868,0.011790393013100437,0.9759825327510917,0.010917030567685589,0.0013100436681222707
6869,0.011790393013100437,0.9759825327510917,0.010917030567685589,0.0013100436681222707
6870,0.03856749311294766,0.8650137741046832,0.09090909090909091,0.005509641873278237
6871,0.5276679841897233,0.0,0.023715415019762844,0.44861660079051385
6872,0.3253424657534247,0.0,0.010273972602739725,0.6643835616438356
6873,0.011790393013100437,0.9759825327510917,0.010917030567685589,0.0013100436681222707
6874,0.075,0.2,0.725,0.0
6875,0.22971014492753622,0.029710144927536233,0.7289855072463768,0.011594202898550725
6876,0.011790393013100437,0.9759825327510917,0.010917030567685589,0.0013100436681222707
6877,0.5276679841897233,0.0,0.023715415019762844,0.44861660079051385
6878,0.011790393013100437,0.9759825327510917,0.010917030567685589,0.0013100436681222707
6879,0.13990825688073394,0.0,0.07339449541284404,0.786697247706422
6880,0.03856749311294766,0.8650137741046832,0.09090909090909091,0.005509641873278237
6881,0.14736842105263157,0.0,0.005263157894736842,0.8473684210526315
6882,0.13990825688073394,0.0,0.07339449541284404,0.786697247706422
6883,0.13990825688073394,0.0,0.07339449541284404,0.786697247706422
6884,0.011790393013100437,0.9759825327510917,0.010917030567685589,0.0013100436681222707
6885,0.22971014492753622,0.029710144927536233,0.7289855072463768,0.011594202898550725
6886,0.22971014492753622,0.029710144927536233,0.7289855072463768,0.011594202898550725
6887,0.22971014492753622,0.029710144927536233,0.7289855072463768,0.011594202898550725
6888,0.011790393013100437,0.9759825327510917,0.010917030567685589,0.0013100436681222707
6889,0.22971014492753622,0.029710144927536233,0.7289855072463768,0.011594202898550725
6890,0.39574468085106385,0.0,0.03404255319148936,0.5702127659574469
6891,0.5276679841897233,0.0,0.023715415019762844,0.44861660079051385
6892,0.03856749311294766,0.8650137741046832,0.09090909090909091,0.005509641873278237
6893,0.5276679841897233,0.0,0.023715415019762844,0.44861660079051385
6894,0.8917525773195877,0.005154639175257732,0.04639175257731959,0.05670103092783505
6895,0.011790393013100437,0.9759825327510917,0.010917030567685589,0.0013100436681222707
6896,0.0989010989010989,0.0,0.03663003663003663,0.8644688644688645
6897,0.03856749311294766,0.8650137741046832,0.09090909090909091,0.005509641873278237
6898,0.2222222222222222,0.4888888888888889,0.28888888888888886,0.0
6899,0.011790393013100437,0.9759825327510917,0.010917030567685589,0.0013100436681222707
6900,0.011790393013100437,0.9759825327510917,0.010917030567685589,0.0013100436681222707
6901,0.22971014492753622,0.029710144927536233,0.7289855072463768,0.011594202898550725
6902,0.22971014492753622,0.029710144927536233,0.7289855072463768,0.011594202898550725
6903,0.3253424657534247,0.0,0.010273972602739725,0.6643835616438356
6904,0.03205128205128205,0.11538461538461539,0.8461538461538461,0.00641025641025641
6905,0.13990825688073394,0.0,0.07339449541284404,0.786697247706422
6906,0.39574468085106385,0.0,0.03404255319148936,0.5702127659574469
6907,0.3072916666666667,0.16145833333333334,0.5130208333333334,0.018229166666666668
6908,0.0,0.896551724137931,0.10344827586206896,0.0
6909,0.22971014492753622,0.029710144927536233,0.7289855072463768,0.011594202898550725
6910,0.13990825688073394,0.0,0.07339449541284404,0.786697247706422
6911,0.5276679841897233,0.0,0.023715415019762844,0.44861660079051385
6912,0.0,0.0,0.0,1.0
6913,0.22971014492753622,0.029710144927536233,0.7289855072463768,0.011594202898550725
6914,0.22971014492753622,0.029710144927536233,0.7289855072463768,0.011594202898550725
6915,0.3253424657534247,0.0,0.010273972602739725,0.6643835616438356
6916,0.5679012345679012,0.0,0.0,0.43209876543209874
6917,0.22971014492753622,0.029710144927536233,0.7289855072463768,0.011594202898550725
6918,0.3103448275862069,0.6724137931034483,0.017241379310344827,0.0
6919,0.011790393013100437,0.9759825327510917,0.010917030567685589,0.0013100436681222707
6920,0.14736842105263157,0.0,0.005263157894736842,0.8473684210526315
6921,0.5306122448979592,0.4489795918367347,0.0,0.02040816326530612
6922,0.3072916666666667,0.16145833333333334,0.5130208333333334,0.018229166666666668
6923,0.011790393013100437,0.9759825327510917,0.010917030567685589,0.0013100436681222707
6924,0.011790393013100437,0.9759825327510917,0.010917030567685589,0.0013100436681222707
6925,0.011790393013100437,0.9759825327510917,0.010917030567685589,0.0013100436681222707
6926,0.8917525773195877,0.005154639175257732,0.04639175257731959,0.05670103092783505
6927,0.5862068965517241,0.11494252873563218,0.26436781609195403,0.034482758620689655
6928,0.22971014492753622,0.029710144927536233,0.7289855072463768,0.011594202898550725
6929,0.1111111111111111,0.3333333333333333,0.5555555555555556,0.0
6930,0.5276679841897233,0.0,0.023715415019762844,0.44861660079051385
6931,0.22971014492753622,0.029710144927536233,0.7289855072463768,0.011594202898550725
6932,0.011790393013100437,0.9759825327510917,0.010917030567685589,0.0013100436681222707
6933,0.08181818181818182,0.004545454545454545,0.004545454545454545,0.9090909090909091
6934,0.3253424657534247,0.0,0.010273972602739725,0.6643835616438356
6935,0.5276679841897233,0.0,0.023715415019762844,0.44861660079051385
6936,0.39574468085106385,0.0,0.03404255319148936,0.5702127659574469
6937,0.03856749311294766,0.8650137741046832,0.09090909090909091,0.005509641873278237
6938,0.03856749311294766,0.8650137741046832,0.09090909090909091,0.005509641873278237
6939,0.03205128205128205,0.11538461538461539,0.8461538461538461,0.00641025641025641
6940,0.22971014492753622,0.029710144927536233,0.7289855072463768,0.011594202898550725
6941,0.21739130434782608,0.0,0.03260869565217391,0.75
6942,0.14736842105263157,0.0,0.005263157894736842,0.8473684210526315
6943,0.8917525773195877,0.005154639175257732,0.04639175257731959,0.05670103092783505
6944,0.13990825688073394,0.0,0.07339449541284404,0.786697247706422
6945,0.011790393013100437,0.9759825327510917,0.010917030567685589,0.0013100436681222707
6946,0.011790393013100437,0.9759825327510917,0.010917030567685589,0.0013100436681222707
6947,0.5276679841897233,0.0,0.023715415019762844,0.44861660079051385
6948,0.03856749311294766,0.8650137741046832,0.09090909090909091,0.005509641873278237
6949,0.0989010989010989,0.0,0.03663003663003663,0.8644688644688645
6950,0.22971014492753622,0.029710144927536233,0.7289855072463768,0.011594202898550725
6951,0.011790393013100437,0.9759825327510917,0.010917030567685589,0.0013100436681222707
6952,0.6724137931034483,0.008620689655172414,0.2413793103448276,0.07758620689655173
6953,0.5306122448979592,0.4489795918367347,0.0,0.02040816326530612
6954,0.011790393013100437,0.9759825327510917,0.010917030567685589,0.0013100436681222707
6955,0.011790393013100437,0.9759825327510917,0.010917030567685589,0.0013100436681222707
6956,0.0989010989010989,0.0,0.03663003663003663,0.8644688644688645
6957,0.011790393013100437,0.9759825327510917,0.010917030567685589,0.0013100436681222707
6958,0.0989010989010989,0.0,0.03663003663003663,0.8644688644688645
6959,0.3103448275862069,0.6724137931034483,0.017241379310344827,0.0
6960,0.22971014492753622,0.029710144927536233,0.7289855072463768,0.011594202898550725
6961,0.3072916666666667,0.16145833333333334,0.5130208333333334,0.018229166666666668
6962,0.13990825688073394,0.0,0.07339449541284404,0.786697247706422
6963,0.011790393013100437,0.9759825327510917,0.010917030567685589,0.0013100436681222707
6964,0.22971014492753622,0.029710144927536233,0.7289855072463768,0.011594202898550725
6965,0.08974358974358974,0.5128205128205128,0.38461538461538464,0.01282051282051282
6966,0.5679012345679012,0.0,0.0,0.43209876543209874
6967,0.03856749311294766,0.8650137741046832,0.09090909090909091,0.005509641873278237
6968,0.22971014492753622,0.029710144927536233,0.7289855072463768,0.011594202898550725
6969,0.011790393013100437,0.9759825327510917,0.010917030567685589,0.0013100436681222707
6970,0.22971014492753622,0.029710144927536233,0.7289855072463768,0.011594202898550725
6971,0.6724137931034483,0.008620689655172414,0.2413793103448276,0.07758620689655173
6972,0.22971014492753622,0.029710144927536233,0.7289855072463768,0.011594202898550725
6973,0.5276679841897233,0.0,0.023715415019762844,0.44861660079051385
6974,0.011790393013100437,0.9759825327510917,0.010917030567685589,0.0013100436681222707
6975,0.03856749311294766,0.8650137741046832,0.09090909090909091,0.005509641873278237
6976,0.22971014492753622,0.029710144927536233,0.7289855072463768,0.011594202898550725
6977,0.5276679841897233,0.0,0.023715415019762844,0.44861660079051385
6978,0.2222222222222222,0.4888888888888889,0.28888888888888886,0.0
6979,0.39574468085106385,0.0,0.03404255319148936,0.5702127659574469
6980,0.14736842105263157,0.0,0.005263157894736842,0.8473684210526315
6981,0.011790393013100437,0.9759825327510917,0.010917030567685589,0.0013100436681222707
6982,0.011790393013100437,0.9759825327510917,0.010917030567685589,0.0013100436681222707
6983,0.22971014492753622,0.029710144927536233,0.7289855072463768,0.011594202898550725
6984,0.22971014492753622,0.029710144927536233,0.7289855072463768,0.011594202898550725
6985,0.22971014492753622,0.029710144927536233,0.7289855072463768,0.011594202898550725
6986,0.22971014492753622,0.029710144927536233,0.7289855072463768,0.011594202898550725
6987,0.39574468085106385,0.0,0.03404255319148936,0.5702127659574469
6988,0.08181818181818182,0.004545454545454545,0.004545454545454545,0.9090909090909091
6989,0.011790393013100437,0.9759825327510917,0.010917030567685589,0.0013100436681222707
6990,0.3253424657534247,0.0,0.010273972602739725,0.6643835616438356
6991,0.39574468085106385,0.0,0.03404255319148936,0.5702127659574469
6992,0.0989010989010989,0.0,0.03663003663003663,0.8644688644688645
6993,0.3072916666666667,0.16145833333333334,0.5130208333333334,0.018229166666666668
6994,0.011790393013100437,0.9759825327510917,0.010917030567685589,0.0013100436681222707
6995,0.5862068965517241,0.11494252873563218,0.26436781609195403,0.034482758620689655
6996,0.03205128205128205,0.11538461538461539,0.8461538461538461,0.00641025641025641
6997,0.011790393013100437,0.9759825327510917,0.010917030567685589,0.0013100436681222707
6998,0.14736842105263157,0.0,0.005263157894736842,0.8473684210526315
6999,0.22971014492753622,0.029710144927536233,0.7289855072463768,0.011594202898550725
7000,0.08181818181818182,0.004545454545454545,0.004545454545454545,0.9090909090909091
7001,0.017964071856287425,0.8203592814371258,0.16167664670658682,0.0
7002,0.22971014492753622,0.029710144927536233,0.7289855072463768,0.011594202898550725
7003,0.011790393013100437,0.9759825327510917,0.010917030567685589,0.0013100436681222707
7004,0.3072916666666667,0.16145833333333334,0.5130208333333334,0.018229166666666668
7005,0.39574468085106385,0.0,0.03404255319148936,0.5702127659574469
7006,0.13990825688073394,0.0,0.07339449541284404,0.786697247706422
7007,0.21052631578947367,0.0,0.0,0.7894736842105263
7008,0.1111111111111111,0.3333333333333333,0.5555555555555556,0.0
7009,0.22971014492753622,0.029710144927536233,0.7289855072463768,0.011594202898550725
7010,0.21739130434782608,0.0,0.03260869565217391,0.75
7011,0.452,0.096,0.448,0.004
7012,0.08181818181818182,0.004545454545454545,0.004545454545454545,0.9090909090909091
7013,0.011790393013100437,0.9759825327510917,0.010917030567685589,0.0013100436681222707
7014,0.011790393013100437,0.9759825327510917,0.010917030567685589,0.0013100436681222707
7015,0.0989010989010989,0.0,0.03663003663003663,0.8644688644688645
7016,0.5276679841897233,0.0,0.023715415019762844,0.44861660079051385
7017,0.0,0.0,0.0,1.0
7018,0.3253424657534247,0.0,0.010273972602739725,0.6643835616438356
7019,0.21739130434782608,0.0,0.03260869565217391,0.75
7020,0.0,1.0,0.0,0.0
7021,0.22971014492753622,0.029710144927536233,0.7289855072463768,0.011594202898550725
7022,0.011790393013100437,0.9759825327510917,0.010917030567685589,0.0013100436681222707
7023,0.5276679841897233,0.0,0.023715415019762844,0.44861660079051385
7024,0.13990825688073394,0.0,0.07339449541284404,0.786697247706422
7025,0.13990825688073394,0.0,0.07339449541284404,0.786697247706422
7026,0.0989010989010989,0.0,0.03663003663003663,0.8644688644688645
7027,0.017964071856287425,0.8203592814371258,0.16167664670658682,0.0
7028,0.22971014492753622,0.029710144927536233,0.7289855072463768,0.011594202898550725
7029,0.017964071856287425,0.8203592814371258,0.16167664670658682,0.0
7030,0.14736842105263157,0.0,0.005263157894736842,0.8473684210526315
7031,0.02631578947368421,0.0,0.10526315789473684,0.868421052631579
7032,0.13990825688073394,0.0,0.07339449541284404,0.786697247706422
7033,0.39574468085106385,0.0,0.03404255319148936,0.5702127659574469
7034,0.22971014492753622,0.029710144927536233,0.7289855072463768,0.011594202898550725
7035,0.0989010989010989,0.0,0.03663003663003663,0.8644688644688645
7036,0.22971014492753622,0.029710144927536233,0.7289855072463768,0.011594202898550725
7037,0.011790393013100437,0.9759825327510917,0.010917030567685589,0.0013100436681222707
7038,0.011790393013100437,0.9759825327510917,0.010917030567685589,0.0013100436681222707
7039,0.011790393013100437,0.9759825327510917,0.010917030567685589,0.0013100436681222707
7040,0.03205128205128205,0.11538461538461539,0.8461538461538461,0.00641025641025641
7041,0.3072916666666667,0.16145833333333334,0.5130208333333334,0.018229166666666668
7042,0.03205128205128205,0.11538461538461539,0.8461538461538461,0.00641025641025641
7043,0.6956521739130435,0.08695652173913043,0.17391304347826086,0.043478260869565216
7044,0.5276679841897233,0.0,0.023715415019762844,0.44861660079051385
7045,0.011790393013100437,0.9759825327510917,0.010917030567685589,0.0013100436681222707
7046,0.13990825688073394,0.0,0.07339449541284404,0.786697247706422
7047,0.22971014492753622,0.029710144927536233,0.7289855072463768,0.011594202898550725
7048,0.011790393013100437,0.9759825327510917,0.010917030567685589,0.0013100436681222707
7049,0.03856749311294766,0.8650137741046832,0.09090909090909091,0.005509641873278237
7050,0.5276679841897233,0.0,0.023715415019762844,0.44861660079051385
7051,0.011790393013100437,0.9759825327510917,0.010917030567685589,0.0013100436681222707
7052,0.011790393013100437,0.9759825327510917,0.010917030567685589,0.0013100436681222707
7053,0.017964071856287425,0.8203592814371258,0.16167664670658682,0.0
7054,0.0989010989010989,0.0,0.03663003663003663,0.8644688644688645
7055,0.5276679841897233,0.0,0.023715415019762844,0.44861660079051385
7056,0.011790393013100437,0.9759825327510917,0.010917030567685589,0.0013100436681222707
7057,0.011790393013100437,0.9759825327510917,0.010917030567685589,0.0013100436681222707
7058,0.3103448275862069,0.6724137931034483,0.017241379310344827,0.0
7059,0.3253424657534247,0.0,0.010273972602739725,0.6643835616438356
7060,0.22971014492753622,0.029710144927536233,0.7289855072463768,0.011594202898550725
7061,0.011790393013100437,0.9759825327510917,0.010917030567685589,0.0013100436681222707
7062,0.5862068965517241,0.11494252873563218,0.26436781609195403,0.034482758620689655
7063,0.6724137931034483,0.008620689655172414,0.2413793103448276,0.07758620689655173
7064,0.0,0.0,1.0,0.0
7065,0.011790393013100437,0.9759825327510917,0.010917030567685589,0.0013100436681222707
7066,0.08333333333333333,0.0,0.0,0.9166666666666666
7067,0.3072916666666667,0.16145833333333334,0.5130208333333334,0.018229166666666668
7068,0.22971014492753622,0.029710144927536233,0.7289855072463768,0.011594202898550725
7069,0.011790393013100437,0.9759825327510917,0.010917030567685589,0.0013100436681222707
7070,0.011790393013100437,0.9759825327510917,0.010917030567685589,0.0013100436681222707
7071,0.08974358974358974,0.5128205128205128,0.38461538461538464,0.01282051282051282
7072,0.011790393013100437,0.9759825327510917,0.010917030567685589,0.0013100436681222707
7073,0.011790393013100437,0.9759825327510917,0.010917030567685589,0.0013100436681222707
7074,0.3253424657534247,0.0,0.010273972602739725,0.6643835616438356
7075,0.011790393013100437,0.9759825327510917,0.010917030567685589,0.0013100436681222707
7076,0.22971014492753622,0.029710144927536233,0.7289855072463768,0.011594202898550725
7077,0.13990825688073394,0.0,0.07339449541284404,0.786697247706422
7078,0.22971014492753622,0.029710144927536233,0.7289855072463768,0.011594202898550725
7079,0.8917525773195877,0.005154639175257732,0.04639175257731959,0.05670103092783505
7080,0.5276679841897233,0.0,0.023715415019762844,0.44861660079051385
7081,0.22971014492753622,0.029710144927536233,0.7289855072463768,0.011594202898550725
7082,0.011790393013100437,0.9759825327510917,0.010917030567685589,0.0013100436681222707
7083,0.011790393013100437,0.9759825327510917,0.010917030567685589,0.0013100436681222707
7084,0.3072916666666667,0.16145833333333334,0.5130208333333334,0.018229166666666668
7085,0.011790393013100437,0.9759825327510917,0.010917030567685589,0.0013100436681222707
7086,0.011790393013100437,0.9759825327510917,0.010917030567685589,0.0013100436681222707
7087,0.011790393013100437,0.9759825327510917,0.010917030567685589,0.0013100436681222707
7088,0.3072916666666667,0.16145833333333334,0.5130208333333334,0.018229166666666668
7089,0.22971014492753622,0.029710144927536233,0.7289855072463768,0.011594202898550725
7090,0.011790393013100437,0.9759825327510917,0.010917030567685589,0.0013100436681222707
7091,0.22971014492753622,0.029710144927536233,0.7289855072463768,0.011594202898550725
7092,0.5276679841897233,0.0,0.023715415019762844,0.44861660079051385
7093,0.011790393013100437,0.9759825327510917,0.010917030567685589,0.0013100436681222707
7094,0.39574468085106385,0.0,0.03404255319148936,0.5702127659574469
7095,0.22971014492753622,0.029710144927536233,0.7289855072463768,0.011594202898550725
7096,0.011790393013100437,0.9759825327510917,0.010917030567685589,0.0013100436681222707
7097,0.011790393013100437,0.9759825327510917,0.010917030567685589,0.0013100436681222707
7098,0.08181818181818182,0.004545454545454545,0.004545454545454545,0.9090909090909091
7099,0.5276679841897233,0.0,0.023715415019762844,0.44861660079051385
7100,0.13990825688073394,0.0,0.07339449541284404,0.786697247706422
7101,0.011790393013100437,0.9759825327510917,0.010917030567685589,0.0013100436681222707
7102,0.452,0.096,0.448,0.004
7103,0.0,0.0,0.0,1.0
7104,0.0,0.0,1.0,0.0
7105,0.011790393013100437,0.9759825327510917,0.010917030567685589,0.0013100436681222707
7106,0.13990825688073394,0.0,0.07339449541284404,0.786697247706422
7107,0.03856749311294766,0.8650137741046832,0.09090909090909091,0.005509641873278237
7108,0.011790393013100437,0.9759825327510917,0.010917030567685589,0.0013100436681222707
7109,0.3103448275862069,0.6724137931034483,0.017241379310344827,0.0
7110,0.011790393013100437,0.9759825327510917,0.010917030567685589,0.0013100436681222707
7111,0.011790393013100437,0.9759825327510917,0.010917030567685589,0.0013100436681222707
7112,0.011790393013100437,0.9759825327510917,0.010917030567685589,0.0013100436681222707
7113,0.011790393013100437,0.9759825327510917,0.010917030567685589,0.0013100436681222707
7114,0.5276679841897233,0.0,0.023715415019762844,0.44861660079051385
7115,0.3103448275862069,0.6724137931034483,0.017241379310344827,0.0
7116,0.017964071856287425,0.8203592814371258,0.16167664670658682,0.0
7117,0.5862068965517241,0.11494252873563218,0.26436781609195403,0.034482758620689655
7118,0.22971014492753622,0.029710144927536233,0.7289855072463768,0.011594202898550725
7119,0.011790393013100437,0.9759825327510917,0.010917030567685589,0.0013100436681222707
7120,0.6724137931034483,0.008620689655172414,0.2413793103448276,0.07758620689655173
7121,0.22971014492753622,0.029710144927536233,0.7289855072463768,0.011594202898550725
7122,0.011790393013100437,0.9759825327510917,0.010917030567685589,0.0013100436681222707
7123,0.011790393013100437,0.9759825327510917,0.010917030567685589,0.0013100436681222707
7124,0.7142857142857143,0.0,0.0,0.2857142857142857
7125,0.452,0.096,0.448,0.004
7126,0.21739130434782608,0.0,0.03260869565217391,0.75
7127,0.011790393013100437,0.9759825327510917,0.010917030567685589,0.0013100436681222707
7128,0.13990825688073394,0.0,0.07339449541284404,0.786697247706422
7129,0.5276679841897233,0.0,0.023715415019762844,0.44861660079051385
7130,0.13990825688073394,0.0,0.07339449541284404,0.786697247706422
7131,0.0989010989010989,0.0,0.03663003663003663,0.8644688644688645
7132,0.22971014492753622,0.029710144927536233,0.7289855072463768,0.011594202898550725
7133,0.011790393013100437,0.9759825327510917,0.010917030567685589,0.0013100436681222707
7134,0.22971014492753622,0.029710144927536233,0.7289855072463768,0.011594202898550725
7135,0.011790393013100437,0.9759825327510917,0.010917030567685589,0.0013100436681222707
7136,0.3072916666666667,0.16145833333333334,0.5130208333333334,0.018229166666666668
7137,0.22971014492753622,0.029710144927536233,0.7289855072463768,0.011594202898550725
7138,0.3253424657534247,0.0,0.010273972602739725,0.6643835616438356
7139,0.8917525773195877,0.005154639175257732,0.04639175257731959,0.05670103092783505
7140,0.22971014492753622,0.029710144927536233,0.7289855072463768,0.011594202898550725
7141,0.011790393013100437,0.9759825327510917,0.010917030567685589,0.0013100436681222707
7142,0.3072916666666667,0.16145833333333334,0.5130208333333334,0.018229166666666668
7143,0.011790393013100437,0.9759825327510917,0.010917030567685589,0.0013100436681222707
7144,0.08974358974358974,0.5128205128205128,0.38461538461538464,0.01282051282051282
7145,0.3103448275862069,0.6724137931034483,0.017241379310344827,0.0
7146,0.011790393013100437,0.9759825327510917,0.010917030567685589,0.0013100436681222707
7147,0.8917525773195877,0.005154639175257732,0.04639175257731959,0.05670103092783505
7148,0.011790393013100437,0.9759825327510917,0.010917030567685589,0.0013100436681222707
7149,0.14736842105263157,0.0,0.005263157894736842,0.8473684210526315
7150,0.5276679841897233,0.0,0.023715415019762844,0.44861660079051385
7151,0.22971014492753622,0.029710144927536233,0.7289855072463768,0.011594202898550725
7152,0.03205128205128205,0.11538461538461539,0.8461538461538461,0.00641025641025641
7153,0.22971014492753622,0.029710144927536233,0.7289855072463768,0.011594202898550725
7154,0.3072916666666667,0.16145833333333334,0.5130208333333334,0.018229166666666668
7155,0.22971014492753622,0.029710144927536233,0.7289855072463768,0.011594202898550725
7156,0.39574468085106385,0.0,0.03404255319148936,0.5702127659574469
7157,0.03205128205128205,0.11538461538461539,0.8461538461538461,0.00641025641025641
7158,0.3103448275862069,0.6724137931034483,0.017241379310344827,0.0
7159,0.03205128205128205,0.11538461538461539,0.8461538461538461,0.00641025641025641
7160,0.011790393013100437,0.9759825327510917,0.010917030567685589,0.0013100436681222707
7161,0.3253424657534247,0.0,0.010273972602739725,0.6643835616438356
7162,0.13990825688073394,0.0,0.07339449541284404,0.786697247706422
7163,0.011790393013100437,0.9759825327510917,0.010917030567685589,0.0013100436681222707
7164,0.5276679841897233,0.0,0.023715415019762844,0.44861660079051385
7165,0.03856749311294766,0.8650137741046832,0.09090909090909091,0.005509641873278237
7166,0.08974358974358974,0.5128205128205128,0.38461538461538464,0.01282051282051282
7167,0.22971014492753622,0.029710144927536233,0.7289855072463768,0.011594202898550725
7168,0.011790393013100437,0.9759825327510917,0.010917030567685589,0.0013100436681222707
7169,0.011790393013100437,0.9759825327510917,0.010917030567685589,0.0013100436681222707
7170,0.011790393013100437,0.9759825327510917,0.010917030567685589,0.0013100436681222707
7171,0.03856749311294766,0.8650137741046832,0.09090909090909091,0.005509641873278237
7172,0.03856749311294766,0.8650137741046832,0.09090909090909091,0.005509641873278237
7173,0.22971014492753622,0.029710144927536233,0.7289855072463768,0.011594202898550725
7174,0.3072916666666667,0.16145833333333334,0.5130208333333334,0.018229166666666668
7175,0.011790393013100437,0.9759825327510917,0.010917030567685589,0.0013100436681222707
7176,0.5679012345679012,0.0,0.0,0.43209876543209874
7177,0.011790393013100437,0.9759825327510917,0.010917030567685589,0.0013100436681222707
7178,0.011790393013100437,0.9759825327510917,0.010917030567685589,0.0013100436681222707
7179,0.011790393013100437,0.9759825327510917,0.010917030567685589,0.0013100436681222707
7180,0.3103448275862069,0.6724137931034483,0.017241379310344827,0.0
7181,0.011790393013100437,0.9759825327510917,0.010917030567685589,0.0013100436681222707
7182,0.0989010989010989,0.0,0.03663003663003663,0.8644688644688645
7183,0.08181818181818182,0.004545454545454545,0.004545454545454545,0.9090909090909091
7184,0.22971014492753622,0.029710144927536233,0.7289855072463768,0.011594202898550725
7185,0.8917525773195877,0.005154639175257732,0.04639175257731959,0.05670103092783505
7186,0.08181818181818182,0.004545454545454545,0.004545454545454545,0.9090909090909091
7187,0.22971014492753622,0.029710144927536233,0.7289855072463768,0.011594202898550725
7188,0.22971014492753622,0.029710144927536233,0.7289855072463768,0.011594202898550725
7189,0.13990825688073394,0.0,0.07339449541284404,0.786697247706422
7190,0.6724137931034483,0.008620689655172414,0.2413793103448276,0.07758620689655173
7191,0.011790393013100437,0.9759825327510917,0.010917030567685589,0.0013100436681222707
7192,0.011790393013100437,0.9759825327510917,0.010917030567685589,0.0013100436681222707
7193,0.3253424657534247,0.0,0.010273972602739725,0.6643835616438356
7194,0.011790393013100437,0.9759825327510917,0.010917030567685589,0.0013100436681222707
7195,0.011790393013100437,0.9759825327510917,0.010917030567685589,0.0013100436681222707
7196,0.0989010989010989,0.0,0.03663003663003663,0.8644688644688645
7197,0.5276679841897233,0.0,0.023715415019762844,0.44861660079051385
7198,0.0,0.896551724137931,0.10344827586206896,0.0
7199,0.011790393013100437,0.9759825327510917,0.010917030567685589,0.0013100436681222707
7200,0.13990825688073394,0.0,0.07339449541284404,0.786697247706422
7201,0.14736842105263157,0.0,0.005263157894736842,0.8473684210526315
7202,0.22971014492753622,0.029710144927536233,0.7289855072463768,0.011594202898550725
7203,0.22971014492753622,0.029710144927536233,0.7289855072463768,0.011594202898550725
7204,0.452,0.096,0.448,0.004
7205,0.3072916666666667,0.16145833333333334,0.5130208333333334,0.018229166666666668
7206,0.22971014492753622,0.029710144927536233,0.7289855072463768,0.011594202898550725
7207,0.011790393013100437,0.9759825327510917,0.010917030567685589,0.0013100436681222707
7208,0.011790393013100437,0.9759825327510917,0.010917030567685589,0.0013100436681222707
7209,0.22971014492753622,0.029710144927536233,0.7289855072463768,0.011594202898550725
7210,0.011790393013100437,0.9759825327510917,0.010917030567685589,0.0013100436681222707
7211,0.011790393013100437,0.9759825327510917,0.010917030567685589,0.0013100436681222707
7212,0.011790393013100437,0.9759825327510917,0.010917030567685589,0.0013100436681222707
7213,0.22971014492753622,0.029710144927536233,0.7289855072463768,0.011594202898550725
7214,0.13990825688073394,0.0,0.07339449541284404,0.786697247706422
7215,0.011790393013100437,0.9759825327510917,0.010917030567685589,0.0013100436681222707
7216,0.5862068965517241,0.11494252873563218,0.26436781609195403,0.034482758620689655
7217,0.22971014492753622,0.029710144927536233,0.7289855072463768,0.011594202898550725
7218,0.452,0.096,0.448,0.004
7219,0.011790393013100437,0.9759825327510917,0.010917030567685589,0.0013100436681222707
7220,0.8917525773195877,0.005154639175257732,0.04639175257731959,0.05670103092783505
7221,0.08974358974358974,0.5128205128205128,0.38461538461538464,0.01282051282051282
7222,0.08181818181818182,0.004545454545454545,0.004545454545454545,0.9090909090909091
7223,0.5679012345679012,0.0,0.0,0.43209876543209874
7224,0.22971014492753622,0.029710144927536233,0.7289855072463768,0.011594202898550725
7225,0.0,0.0,0.0,1.0
7226,0.011790393013100437,0.9759825327510917,0.010917030567685589,0.0013100436681222707
7227,0.011790393013100437,0.9759825327510917,0.010917030567685589,0.0013100436681222707
7228,0.011790393013100437,0.9759825327510917,0.010917030567685589,0.0013100436681222707
7229,0.39574468085106385,0.0,0.03404255319148936,0.5702127659574469
7230,0.22971014492753622,0.029710144927536233,0.7289855072463768,0.011594202898550725
7231,0.3103448275862069,0.6724137931034483,0.017241379310344827,0.0
7232,0.011790393013100437,0.9759825327510917,0.010917030567685589,0.0013100436681222707
7233,0.22971014492753622,0.029710144927536233,0.7289855072463768,0.011594202898550725
7234,0.08181818181818182,0.004545454545454545,0.004545454545454545,0.9090909090909091
7235,0.3072916666666667,0.16145833333333334,0.5130208333333334,0.018229166666666668
7236,0.14736842105263157,0.0,0.005263157894736842,0.8473684210526315
7237,0.0989010989010989,0.0,0.03663003663003663,0.8644688644688645
7238,0.13990825688073394,0.0,0.07339449541284404,0.786697247706422
7239,0.011790393013100437,0.9759825327510917,0.010917030567685589,0.0013100436681222707
7240,0.08181818181818182,0.004545454545454545,0.004545454545454545,0.9090909090909091
7241,0.011790393013100437,0.9759825327510917,0.010917030567685589,0.0013100436681222707
7242,0.5306122448979592,0.4489795918367347,0.0,0.02040816326530612
7243,0.011790393013100437,0.9759825327510917,0.010917030567685589,0.0013100436681222707
7244,0.14736842105263157,0.0,0.005263157894736842,0.8473684210526315
7245,0.22971014492753622,0.029710144927536233,0.7289855072463768,0.011594202898550725
7246,0.3253424657534247,0.0,0.010273972602739725,0.6643835616438356
7247,0.011790393013100437,0.9759825327510917,0.010917030567685589,0.0013100436681222707
7248,0.22971014492753622,0.029710144927536233,0.7289855072463768,0.011594202898550725
7249,0.3072916666666667,0.16145833333333334,0.5130208333333334,0.018229166666666668
7250,0.011790393013100437,0.9759825327510917,0.010917030567685589,0.0013100436681222707
7251,0.14736842105263157,0.0,0.005263157894736842,0.8473684210526315
7252,0.14736842105263157,0.0,0.005263157894736842,0.8473684210526315
7253,0.21739130434782608,0.0,0.03260869565217391,0.75
7254,0.21052631578947367,0.0,0.0,0.7894736842105263
7255,0.011790393013100437,0.9759825327510917,0.010917030567685589,0.0013100436681222707
7256,0.011790393013100437,0.9759825327510917,0.010917030567685589,0.0013100436681222707
7257,0.011790393013100437,0.9759825327510917,0.010917030567685589,0.0013100436681222707
7258,0.011790393013100437,0.9759825327510917,0.010917030567685589,0.0013100436681222707
7259,0.3072916666666667,0.16145833333333334,0.5130208333333334,0.018229166666666668
7260,0.011790393013100437,0.9759825327510917,0.010917030567685589,0.0013100436681222707
7261,0.017964071856287425,0.8203592814371258,0.16167664670658682,0.0
7262,0.452,0.096,0.448,0.004
7263,0.03205128205128205,0.11538461538461539,0.8461538461538461,0.00641025641025641
7264,0.011790393013100437,0.9759825327510917,0.010917030567685589,0.0013100436681222707
7265,0.011790393013100437,0.9759825327510917,0.010917030567685589,0.0013100436681222707
7266,0.03856749311294766,0.8650137741046832,0.09090909090909091,0.005509641873278237
7267,0.03856749311294766,0.8650137741046832,0.09090909090909091,0.005509641873278237
7268,0.22971014492753622,0.029710144927536233,0.7289855072463768,0.011594202898550725
7269,0.08181818181818182,0.004545454545454545,0.004545454545454545,0.9090909090909091
7270,0.011790393013100437,0.9759825327510917,0.010917030567685589,0.0013100436681222707
7271,0.22971014492753622,0.029710144927536233,0.7289855072463768,0.011594202898550725
7272,0.011790393013100437,0.9759825327510917,0.010917030567685589,0.0013100436681222707
7273,0.5276679841897233,0.0,0.023715415019762844,0.44861660079051385
7274,0.6724137931034483,0.008620689655172414,0.2413793103448276,0.07758620689655173
7275,0.011790393013100437,0.9759825327510917,0.010917030567685589,0.0013100436681222707
7276,0.22971014492753622,0.029710144927536233,0.7289855072463768,0.011594202898550725
7277,0.011790393013100437,0.9759825327510917,0.010917030567685589,0.0013100436681222707
7278,0.3072916666666667,0.16145833333333334,0.5130208333333334,0.018229166666666668
7279,0.5862068965517241,0.11494252873563218,0.26436781609195403,0.034482758620689655
7280,0.39574468085106385,0.0,0.03404255319148936,0.5702127659574469
7281,0.011790393013100437,0.9759825327510917,0.010917030567685589,0.0013100436681222707
7282,0.011790393013100437,0.9759825327510917,0.010917030567685589,0.0013100436681222707
7283,0.011790393013100437,0.9759825327510917,0.010917030567685589,0.0013100436681222707
7284,0.22971014492753622,0.029710144927536233,0.7289855072463768,0.011594202898550725
7285,0.5276679841897233,0.0,0.023715415019762844,0.44861660079051385
7286,0.22971014492753622,0.029710144927536233,0.7289855072463768,0.011594202898550725
7287,0.011790393013100437,0.9759825327510917,0.010917030567685589,0.0013100436681222707
7288,0.011790393013100437,0.9759825327510917,0.010917030567685589,0.0013100436681222707
7289,0.011790393013100437,0.9759825327510917,0.010917030567685589,0.0013100436681222707
7290,0.011790393013100437,0.9759825327510917,0.010917030567685589,0.0013100436681222707
7291,0.22971014492753622,0.029710144927536233,0.7289855072463768,0.011594202898550725
7292,0.8917525773195877,0.005154639175257732,0.04639175257731959,0.05670103092783505
7293,0.39574468085106385,0.0,0.03404255319148936,0.5702127659574469
7294,0.14736842105263157,0.0,0.005263157894736842,0.8473684210526315
7295,0.03856749311294766,0.8650137741046832,0.09090909090909091,0.005509641873278237
7296,0.011790393013100437,0.9759825327510917,0.010917030567685589,0.0013100436681222707
7297,0.13990825688073394,0.0,0.07339449541284404,0.786697247706422
7298,0.8917525773195877,0.005154639175257732,0.04639175257731959,0.05670103092783505
7299,0.21052631578947367,0.0,0.0,0.7894736842105263
7300,0.22971014492753622,0.029710144927536233,0.7289855072463768,0.011594202898550725
7301,0.011790393013100437,0.9759825327510917,0.010917030567685589,0.0013100436681222707
7302,0.0,1.0,0.0,0.0
7303,0.08181818181818182,0.004545454545454545,0.004545454545454545,0.9090909090909091
7304,0.5276679841897233,0.0,0.023715415019762844,0.44861660079051385
7305,0.011790393013100437,0.9759825327510917,0.010917030567685589,0.0013100436681222707
7306,0.3072916666666667,0.16145833333333334,0.5130208333333334,0.018229166666666668
7307,0.5276679841897233,0.0,0.023715415019762844,0.44861660079051385
7308,0.3103448275862069,0.6724137931034483,0.017241379310344827,0.0
7309,0.5276679841897233,0.0,0.023715415019762844,0.44861660079051385
7310,0.011790393013100437,0.9759825327510917,0.010917030567685589,0.0013100436681222707
7311,0.452,0.096,0.448,0.004
7312,0.3253424657534247,0.0,0.010273972602739725,0.6643835616438356
7313,0.5306122448979592,0.4489795918367347,0.0,0.02040816326530612
7314,0.5276679841897233,0.0,0.023715415019762844,0.44861660079051385
7315,0.8917525773195877,0.005154639175257732,0.04639175257731959,0.05670103092783505
7316,0.08181818181818182,0.004545454545454545,0.004545454545454545,0.9090909090909091
7317,0.011790393013100437,0.9759825327510917,0.010917030567685589,0.0013100436681222707
7318,0.011790393013100437,0.9759825327510917,0.010917030567685589,0.0013100436681222707
7319,0.03205128205128205,0.11538461538461539,0.8461538461538461,0.00641025641025641
7320,0.011790393013100437,0.9759825327510917,0.010917030567685589,0.0013100436681222707
7321,0.011790393013100437,0.9759825327510917,0.010917030567685589,0.0013100436681222707
7322,0.2222222222222222,0.4888888888888889,0.28888888888888886,0.0
7323,0.011790393013100437,0.9759825327510917,0.010917030567685589,0.0013100436681222707
7324,0.22971014492753622,0.029710144927536233,0.7289855072463768,0.011594202898550725
7325,0.011790393013100437,0.9759825327510917,0.010917030567685589,0.0013100436681222707
7326,0.22971014492753622,0.029710144927536233,0.7289855072463768,0.011594202898550725
7327,0.22971014492753622,0.029710144927536233,0.7289855072463768,0.011594202898550725
7328,0.22971014492753622,0.029710144927536233,0.7289855072463768,0.011594202898550725
7329,0.03205128205128205,0.11538461538461539,0.8461538461538461,0.00641025641025641
7330,0.3072916666666667,0.16145833333333334,0.5130208333333334,0.018229166666666668
7331,0.5276679841897233,0.0,0.023715415019762844,0.44861660079051385
7332,0.5276679841897233,0.0,0.023715415019762844,0.44861660079051385
7333,0.011790393013100437,0.9759825327510917,0.010917030567685589,0.0013100436681222707
7334,0.011790393013100437,0.9759825327510917,0.010917030567685589,0.0013100436681222707
7335,0.03205128205128205,0.11538461538461539,0.8461538461538461,0.00641025641025641
7336,0.14736842105263157,0.0,0.005263157894736842,0.8473684210526315
7337,0.6724137931034483,0.008620689655172414,0.2413793103448276,0.07758620689655173
7338,0.0989010989010989,0.0,0.03663003663003663,0.8644688644688645
7339,0.011790393013100437,0.9759825327510917,0.010917030567685589,0.0013100436681222707
7340,0.22971014492753622,0.029710144927536233,0.7289855072463768,0.011594202898550725
7341,0.011790393013100437,0.9759825327510917,0.010917030567685589,0.0013100436681222707
7342,0.22971014492753622,0.029710144927536233,0.7289855072463768,0.011594202898550725
7343,0.22971014492753622,0.029710144927536233,0.7289855072463768,0.011594202898550725
7344,0.22971014492753622,0.029710144927536233,0.7289855072463768,0.011594202898550725
7345,0.5862068965517241,0.11494252873563218,0.26436781609195403,0.034482758620689655
7346,0.22971014492753622,0.029710144927536233,0.7289855072463768,0.011594202898550725
7347,0.011790393013100437,0.9759825327510917,0.010917030567685589,0.0013100436681222707
7348,0.5276679841897233,0.0,0.023715415019762844,0.44861660079051385
7349,0.5276679841897233,0.0,0.023715415019762844,0.44861660079051385
7350,0.017964071856287425,0.8203592814371258,0.16167664670658682,0.0
7351,0.011790393013100437,0.9759825327510917,0.010917030567685589,0.0013100436681222707
7352,0.3253424657534247,0.0,0.010273972602739725,0.6643835616438356
7353,0.03856749311294766,0.8650137741046832,0.09090909090909091,0.005509641873278237
7354,0.22971014492753622,0.029710144927536233,0.7289855072463768,0.011594202898550725
7355,0.5276679841897233,0.0,0.023715415019762844,0.44861660079051385
7356,0.011790393013100437,0.9759825327510917,0.010917030567685589,0.0013100436681222707
7357,0.3253424657534247,0.0,0.010273972602739725,0.6643835616438356
7358,0.03856749311294766,0.8650137741046832,0.09090909090909091,0.005509641873278237
7359,0.22971014492753622,0.029710144927536233,0.7289855072463768,0.011594202898550725
7360,0.3253424657534247,0.0,0.010273972602739725,0.6643835616438356
7361,0.9032258064516129,0.0,0.03225806451612903,0.06451612903225806
7362,0.011790393013100437,0.9759825327510917,0.010917030567685589,0.0013100436681222707
7363,0.452,0.096,0.448,0.004
7364,0.03856749311294766,0.8650137741046832,0.09090909090909091,0.005509641873278237
7365,0.22971014492753622,0.029710144927536233,0.7289855072463768,0.011594202898550725
7366,0.011790393013100437,0.9759825327510917,0.010917030567685589,0.0013100436681222707
7367,0.011790393013100437,0.9759825327510917,0.010917030567685589,0.0013100436681222707
7368,0.011790393013100437,0.9759825327510917,0.010917030567685589,0.0013100436681222707
7369,0.011790393013100437,0.9759825327510917,0.010917030567685589,0.0013100436681222707
7370,0.011790393013100437,0.9759825327510917,0.010917030567685589,0.0013100436681222707
7371,0.22971014492753622,0.029710144927536233,0.7289855072463768,0.011594202898550725
7372,0.3253424657534247,0.0,0.010273972602739725,0.6643835616438356
7373,0.011790393013100437,0.9759825327510917,0.010917030567685589,0.0013100436681222707
7374,0.075,0.2,0.725,0.0
7375,0.011790393013100437,0.9759825327510917,0.010917030567685589,0.0013100436681222707
7376,0.22971014492753622,0.029710144927536233,0.7289855072463768,0.011594202898550725
7377,0.011790393013100437,0.9759825327510917,0.010917030567685589,0.0013100436681222707
7378,0.03856749311294766,0.8650137741046832,0.09090909090909091,0.005509641873278237
7379,0.011790393013100437,0.9759825327510917,0.010917030567685589,0.0013100436681222707
7380,0.14736842105263157,0.0,0.005263157894736842,0.8473684210526315
7381,0.011790393013100437,0.9759825327510917,0.010917030567685589,0.0013100436681222707
7382,0.011790393013100437,0.9759825327510917,0.010917030567685589,0.0013100436681222707
7383,0.22971014492753622,0.029710144927536233,0.7289855072463768,0.011594202898550725
7384,0.14736842105263157,0.0,0.005263157894736842,0.8473684210526315
7385,0.22971014492753622,0.029710144927536233,0.7289855072463768,0.011594202898550725
7386,0.011790393013100437,0.9759825327510917,0.010917030567685589,0.0013100436681222707
7387,0.5862068965517241,0.11494252873563218,0.26436781609195403,0.034482758620689655
7388,0.3072916666666667,0.16145833333333334,0.5130208333333334,0.018229166666666668
7389,0.03856749311294766,0.8650137741046832,0.09090909090909091,0.005509641873278237
7390,0.22971014492753622,0.029710144927536233,0.7289855072463768,0.011594202898550725
7391,0.3253424657534247,0.0,0.010273972602739725,0.6643835616438356
7392,0.075,0.2,0.725,0.0
7393,0.21052631578947367,0.0,0.0,0.7894736842105263
7394,0.22971014492753622,0.029710144927536233,0.7289855072463768,0.011594202898550725
7395,0.22971014492753622,0.029710144927536233,0.7289855072463768,0.011594202898550725
7396,0.5862068965517241,0.11494252873563218,0.26436781609195403,0.034482758620689655
7397,0.03205128205128205,0.11538461538461539,0.8461538461538461,0.00641025641025641
7398,0.03856749311294766,0.8650137741046832,0.09090909090909091,0.005509641873278237
7399,0.5306122448979592,0.4489795918367347,0.0,0.02040816326530612
7400,0.08181818181818182,0.004545454545454545,0.004545454545454545,0.9090909090909091
7401,0.011790393013100437,0.9759825327510917,0.010917030567685589,0.0013100436681222707
7402,0.8917525773195877,0.005154639175257732,0.04639175257731959,0.05670103092783505
7403,0.452,0.096,0.448,0.004
7404,0.22971014492753622,0.029710144927536233,0.7289855072463768,0.011594202898550725
7405,0.011790393013100437,0.9759825327510917,0.010917030567685589,0.0013100436681222707
7406,0.3103448275862069,0.6724137931034483,0.017241379310344827,0.0
7407,0.03205128205128205,0.11538461538461539,0.8461538461538461,0.00641025641025641
7408,0.8917525773195877,0.005154639175257732,0.04639175257731959,0.05670103092783505
7409,0.011790393013100437,0.9759825327510917,0.010917030567685589,0.0013100436681222707
7410,0.08974358974358974,0.5128205128205128,0.38461538461538464,0.01282051282051282
7411,0.011790393013100437,0.9759825327510917,0.010917030567685589,0.0013100436681222707
7412,0.21739130434782608,0.0,0.03260869565217391,0.75
7413,0.5679012345679012,0.0,0.0,0.43209876543209874
7414,0.14736842105263157,0.0,0.005263157894736842,0.8473684210526315
7415,0.011790393013100437,0.9759825327510917,0.010917030567685589,0.0013100436681222707
7416,0.6724137931034483,0.008620689655172414,0.2413793103448276,0.07758620689655173
7417,0.011790393013100437,0.9759825327510917,0.010917030567685589,0.0013100436681222707
7418,0.3253424657534247,0.0,0.010273972602739725,0.6643835616438356
7419,0.3103448275862069,0.6724137931034483,0.017241379310344827,0.0
7420,0.6724137931034483,0.008620689655172414,0.2413793103448276,0.07758620689655173
7421,0.08181818181818182,0.004545454545454545,0.004545454545454545,0.9090909090909091
7422,0.3072916666666667,0.16145833333333334,0.5130208333333334,0.018229166666666668
7423,0.08181818181818182,0.004545454545454545,0.004545454545454545,0.9090909090909091
7424,0.03205128205128205,0.11538461538461539,0.8461538461538461,0.00641025641025641
7425,0.5276679841897233,0.0,0.023715415019762844,0.44861660079051385
7426,0.011790393013100437,0.9759825327510917,0.010917030567685589,0.0013100436681222707
7427,0.011790393013100437,0.9759825327510917,0.010917030567685589,0.0013100436681222707
7428,0.8917525773195877,0.005154639175257732,0.04639175257731959,0.05670103092783505
7429,0.03856749311294766,0.8650137741046832,0.09090909090909091,0.005509641873278237
7430,0.017964071856287425,0.8203592814371258,0.16167664670658682,0.0
7431,0.22971014492753622,0.029710144927536233,0.7289855072463768,0.011594202898550725
7432,0.011790393013100437,0.9759825327510917,0.010917030567685589,0.0013100436681222707
7433,0.011790393013100437,0.9759825327510917,0.010917030567685589,0.0013100436681222707
7434,0.6724137931034483,0.008620689655172414,0.2413793103448276,0.07758620689655173
7435,0.08181818181818182,0.004545454545454545,0.004545454545454545,0.9090909090909091
7436,0.08974358974358974,0.5128205128205128,0.38461538461538464,0.01282051282051282
7437,0.22971014492753622,0.029710144927536233,0.7289855072463768,0.011594202898550725
7438,0.22971014492753622,0.029710144927536233,0.7289855072463768,0.011594202898550725
7439,0.08181818181818182,0.004545454545454545,0.004545454545454545,0.9090909090909091
7440,0.22971014492753622,0.029710144927536233,0.7289855072463768,0.011594202898550725
7441,0.011790393013100437,0.9759825327510917,0.010917030567685589,0.0013100436681222707
7442,0.5862068965517241,0.11494252873563218,0.26436781609195403,0.034482758620689655
7443,0.0989010989010989,0.0,0.03663003663003663,0.8644688644688645
7444,0.5679012345679012,0.0,0.0,0.43209876543209874
7445,0.452,0.096,0.448,0.004
7446,0.011790393013100437,0.9759825327510917,0.010917030567685589,0.0013100436681222707
7447,0.011790393013100437,0.9759825327510917,0.010917030567685589,0.0013100436681222707
7448,0.011790393013100437,0.9759825327510917,0.010917030567685589,0.0013100436681222707
7449,0.13990825688073394,0.0,0.07339449541284404,0.786697247706422
7450,0.21739130434782608,0.0,0.03260869565217391,0.75
7451,0.011790393013100437,0.9759825327510917,0.010917030567685589,0.0013100436681222707
7452,0.3072916666666667,0.16145833333333334,0.5130208333333334,0.018229166666666668
7453,0.011790393013100437,0.9759825327510917,0.010917030567685589,0.0013100436681222707
7454,0.3253424657534247,0.0,0.010273972602739725,0.6643835616438356
7455,0.3103448275862069,0.6724137931034483,0.017241379310344827,0.0
7456,0.5276679841897233,0.0,0.023715415019762844,0.44861660079051385
7457,0.011790393013100437,0.9759825327510917,0.010917030567685589,0.0013100436681222707
7458,0.5679012345679012,0.0,0.0,0.43209876543209874
7459,0.3253424657534247,0.0,0.010273972602739725,0.6643835616438356
7460,0.011790393013100437,0.9759825327510917,0.010917030567685589,0.0013100436681222707
7461,0.011790393013100437,0.9759825327510917,0.010917030567685589,0.0013100436681222707
7462,0.011790393013100437,0.9759825327510917,0.010917030567685589,0.0013100436681222707
7463,0.03205128205128205,0.11538461538461539,0.8461538461538461,0.00641025641025641
7464,0.22971014492753622,0.029710144927536233,0.7289855072463768,0.011594202898550725
7465,0.13990825688073394,0.0,0.07339449541284404,0.786697247706422
7466,0.5276679841897233,0.0,0.023715415019762844,0.44861660079051385
7467,0.3072916666666667,0.16145833333333334,0.5130208333333334,0.018229166666666668
7468,0.6666666666666666,0.3333333333333333,0.0,0.0
7469,0.011790393013100437,0.9759825327510917,0.010917030567685589,0.0013100436681222707
7470,0.8917525773195877,0.005154639175257732,0.04639175257731959,0.05670103092783505
7471,0.03856749311294766,0.8650137741046832,0.09090909090909091,0.005509641873278237
7472,0.3072916666666667,0.16145833333333334,0.5130208333333334,0.018229166666666668
7473,0.011790393013100437,0.9759825327510917,0.010917030567685589,0.0013100436681222707
7474,0.2222222222222222,0.4888888888888889,0.28888888888888886,0.0
7475,0.017964071856287425,0.8203592814371258,0.16167664670658682,0.0
7476,0.011790393013100437,0.9759825327510917,0.010917030567685589,0.0013100436681222707
7477,0.3072916666666667,0.16145833333333334,0.5130208333333334,0.018229166666666668
7478,0.08181818181818182,0.004545454545454545,0.004545454545454545,0.9090909090909091
7479,0.8917525773195877,0.005154639175257732,0.04639175257731959,0.05670103092783505
7480,0.0,1.0,0.0,0.0
7481,0.03856749311294766,0.8650137741046832,0.09090909090909091,0.005509641873278237
7482,0.03205128205128205,0.11538461538461539,0.8461538461538461,0.00641025641025641
7483,0.3072916666666667,0.16145833333333334,0.5130208333333334,0.018229166666666668
7484,0.22971014492753622,0.029710144927536233,0.7289855072463768,0.011594202898550725
7485,0.03205128205128205,0.11538461538461539,0.8461538461538461,0.00641025641025641
7486,0.011790393013100437,0.9759825327510917,0.010917030567685589,0.0013100436681222707
7487,0.22971014492753622,0.029710144927536233,0.7289855072463768,0.011594202898550725
7488,0.22971014492753622,0.029710144927536233,0.7289855072463768,0.011594202898550725
7489,0.0989010989010989,0.0,0.03663003663003663,0.8644688644688645
7490,0.011790393013100437,0.9759825327510917,0.010917030567685589,0.0013100436681222707
7491,0.6724137931034483,0.008620689655172414,0.2413793103448276,0.07758620689655173
7492,0.3103448275862069,0.6724137931034483,0.017241379310344827,0.0
7493,0.011790393013100437,0.9759825327510917,0.010917030567685589,0.0013100436681222707
7494,0.5862068965517241,0.11494252873563218,0.26436781609195403,0.034482758620689655
7495,0.8,0.2,0.0,0.0
7496,0.21739130434782608,0.0,0.03260869565217391,0.75
7497,0.3072916666666667,0.16145833333333334,0.5130208333333334,0.018229166666666668
7498,0.13990825688073394,0.0,0.07339449541284404,0.786697247706422
7499,0.5679012345679012,0.0,0.0,0.43209876543209874
7500,0.011790393013100437,0.9759825327510917,0.010917030567685589,0.0013100436681222707
7501,0.08974358974358974,0.5128205128205128,0.38461538461538464,0.01282051282051282
7502,0.011790393013100437,0.9759825327510917,0.010917030567685589,0.0013100436681222707
7503,0.452,0.096,0.448,0.004
7504,0.452,0.096,0.448,0.004
7505,0.3253424657534247,0.0,0.010273972602739725,0.6643835616438356
7506,0.03856749311294766,0.8650137741046832,0.09090909090909091,0.005509641873278237
7507,0.011790393013100437,0.9759825327510917,0.010917030567685589,0.0013100436681222707
7508,0.0989010989010989,0.0,0.03663003663003663,0.8644688644688645
7509,0.011790393013100437,0.9759825327510917,0.010917030567685589,0.0013100436681222707
7510,0.39574468085106385,0.0,0.03404255319148936,0.5702127659574469
7511,0.03856749311294766,0.8650137741046832,0.09090909090909091,0.005509641873278237
7512,0.011790393013100437,0.9759825327510917,0.010917030567685589,0.0013100436681222707
7513,0.22971014492753622,0.029710144927536233,0.7289855072463768,0.011594202898550725
7514,0.3253424657534247,0.0,0.010273972602739725,0.6643835616438356
7515,0.011790393013100437,0.9759825327510917,0.010917030567685589,0.0013100436681222707
7516,0.6666666666666666,0.3333333333333333,0.0,0.0
7517,0.011790393013100437,0.9759825327510917,0.010917030567685589,0.0013100436681222707
7518,0.22971014492753622,0.029710144927536233,0.7289855072463768,0.011594202898550725
7519,0.5276679841897233,0.0,0.023715415019762844,0.44861660079051385
7520,0.13990825688073394,0.0,0.07339449541284404,0.786697247706422
7521,0.011790393013100437,0.9759825327510917,0.010917030567685589,0.0013100436681222707
7522,0.13990825688073394,0.0,0.07339449541284404,0.786697247706422
7523,0.011790393013100437,0.9759825327510917,0.010917030567685589,0.0013100436681222707
7524,0.8917525773195877,0.005154639175257732,0.04639175257731959,0.05670103092783505
7525,0.5276679841897233,0.0,0.023715415019762844,0.44861660079051385
7526,0.452,0.096,0.448,0.004
7527,0.0,0.0,0.0,1.0
7528,0.08181818181818182,0.004545454545454545,0.004545454545454545,0.9090909090909091
7529,0.5276679841897233,0.0,0.023715415019762844,0.44861660079051385
7530,0.011790393013100437,0.9759825327510917,0.010917030567685589,0.0013100436681222707
7531,0.011790393013100437,0.9759825327510917,0.010917030567685589,0.0013100436681222707
7532,0.5276679841897233,0.0,0.023715415019762844,0.44861660079051385
7533,0.14736842105263157,0.0,0.005263157894736842,0.8473684210526315
7534,0.03205128205128205,0.11538461538461539,0.8461538461538461,0.00641025641025641
7535,0.08181818181818182,0.004545454545454545,0.004545454545454545,0.9090909090909091
7536,0.3103448275862069,0.6724137931034483,0.017241379310344827,0.0
7537,0.13990825688073394,0.0,0.07339449541284404,0.786697247706422
7538,0.011790393013100437,0.9759825327510917,0.010917030567685589,0.0013100436681222707
7539,0.21052631578947367,0.0,0.0,0.7894736842105263
7540,0.017964071856287425,0.8203592814371258,0.16167664670658682,0.0
7541,0.5276679841897233,0.0,0.023715415019762844,0.44861660079051385
7542,0.0989010989010989,0.0,0.03663003663003663,0.8644688644688645
7543,0.5276679841897233,0.0,0.023715415019762844,0.44861660079051385
7544,0.5276679841897233,0.0,0.023715415019762844,0.44861660079051385
7545,0.3253424657534247,0.0,0.010273972602739725,0.6643835616438356
7546,0.011790393013100437,0.9759825327510917,0.010917030567685589,0.0013100436681222707
7547,0.39574468085106385,0.0,0.03404255319148936,0.5702127659574469
7548,0.3072916666666667,0.16145833333333334,0.5130208333333334,0.018229166666666668
7549,0.03856749311294766,0.8650137741046832,0.09090909090909091,0.005509641873278237
7550,0.39574468085106385,0.0,0.03404255319148936,0.5702127659574469
7551,0.011790393013100437,0.9759825327510917,0.010917030567685589,0.0013100436681222707
7552,0.6470588235294118,0.0,0.0,0.35294117647058826
7553,0.011790393013100437,0.9759825327510917,0.010917030567685589,0.0013100436681222707
7554,0.22971014492753622,0.029710144927536233,0.7289855072463768,0.011594202898550725
7555,0.017964071856287425,0.8203592814371258,0.16167664670658682,0.0
7556,0.5276679841897233,0.0,0.023715415019762844,0.44861660079051385
7557,0.39574468085106385,0.0,0.03404255319148936,0.5702127659574469
7558,0.14736842105263157,0.0,0.005263157894736842,0.8473684210526315
7559,0.011790393013100437,0.9759825327510917,0.010917030567685589,0.0013100436681222707
7560,0.5276679841897233,0.0,0.023715415019762844,0.44861660079051385
7561,0.011790393013100437,0.9759825327510917,0.010917030567685589,0.0013100436681222707
7562,0.13990825688073394,0.0,0.07339449541284404,0.786697247706422
7563,0.22971014492753622,0.029710144927536233,0.7289855072463768,0.011594202898550725
7564,0.13990825688073394,0.0,0.07339449541284404,0.786697247706422
7565,0.22971014492753622,0.029710144927536233,0.7289855072463768,0.011594202898550725
7566,0.5276679841897233,0.0,0.023715415019762844,0.44861660079051385
7567,0.011790393013100437,0.9759825327510917,0.010917030567685589,0.0013100436681222707
7568,0.02631578947368421,0.0,0.10526315789473684,0.868421052631579
7569,0.22971014492753622,0.029710144927536233,0.7289855072463768,0.011594202898550725
7570,0.08181818181818182,0.004545454545454545,0.004545454545454545,0.9090909090909091
7571,0.011790393013100437,0.9759825327510917,0.010917030567685589,0.0013100436681222707
7572,0.08333333333333333,0.0,0.0,0.9166666666666666
7573,0.011790393013100437,0.9759825327510917,0.010917030567685589,0.0013100436681222707
7574,0.5276679841897233,0.0,0.023715415019762844,0.44861660079051385
7575,0.22971014492753622,0.029710144927536233,0.7289855072463768,0.011594202898550725
7576,0.3253424657534247,0.0,0.010273972602739725,0.6643835616438356
7577,0.0989010989010989,0.0,0.03663003663003663,0.8644688644688645
7578,0.22971014492753622,0.029710144927536233,0.7289855072463768,0.011594202898550725
7579,0.3103448275862069,0.6724137931034483,0.017241379310344827,0.0
7580,0.22971014492753622,0.029710144927536233,0.7289855072463768,0.011594202898550725
7581,0.39574468085106385,0.0,0.03404255319148936,0.5702127659574469
7582,0.6724137931034483,0.008620689655172414,0.2413793103448276,0.07758620689655173
7583,0.02631578947368421,0.0,0.10526315789473684,0.868421052631579
7584,0.14736842105263157,0.0,0.005263157894736842,0.8473684210526315
7585,0.5862068965517241,0.11494252873563218,0.26436781609195403,0.034482758620689655
7586,0.22971014492753622,0.029710144927536233,0.7289855072463768,0.011594202898550725
7587,0.011790393013100437,0.9759825327510917,0.010917030567685589,0.0013100436681222707
7588,0.22971014492753622,0.029710144927536233,0.7289855072463768,0.011594202898550725
7589,0.011790393013100437,0.9759825327510917,0.010917030567685589,0.0013100436681222707
7590,0.5276679841897233,0.0,0.023715415019762844,0.44861660079051385
7591,0.3072916666666667,0.16145833333333334,0.5130208333333334,0.018229166666666668
7592,0.0,0.0,0.0,1.0
7593,0.011790393013100437,0.9759825327510917,0.010917030567685589,0.0013100436681222707
7594,0.08181818181818182,0.004545454545454545,0.004545454545454545,0.9090909090909091
7595,0.13990825688073394,0.0,0.07339449541284404,0.786697247706422
7596,0.08974358974358974,0.5128205128205128,0.38461538461538464,0.01282051282051282
7597,0.22971014492753622,0.029710144927536233,0.7289855072463768,0.011594202898550725
7598,0.3103448275862069,0.6724137931034483,0.017241379310344827,0.0
7599,0.011790393013100437,0.9759825327510917,0.010917030567685589,0.0013100436681222707
7600,0.011790393013100437,0.9759825327510917,0.010917030567685589,0.0013100436681222707
7601,0.22971014492753622,0.029710144927536233,0.7289855072463768,0.011594202898550725
7602,0.011790393013100437,0.9759825327510917,0.010917030567685589,0.0013100436681222707
7603,0.011790393013100437,0.9759825327510917,0.010917030567685589,0.0013100436681222707
7604,0.13990825688073394,0.0,0.07339449541284404,0.786697247706422
7605,0.452,0.096,0.448,0.004
7606,0.0989010989010989,0.0,0.03663003663003663,0.8644688644688645
7607,0.22971014492753622,0.029710144927536233,0.7289855072463768,0.011594202898550725
7608,0.22971014492753622,0.029710144927536233,0.7289855072463768,0.011594202898550725
7609,0.5276679841897233,0.0,0.023715415019762844,0.44861660079051385
7610,0.39574468085106385,0.0,0.03404255319148936,0.5702127659574469
7611,0.22971014492753622,0.029710144927536233,0.7289855072463768,0.011594202898550725
7612,0.011790393013100437,0.9759825327510917,0.010917030567685589,0.0013100436681222707
7613,0.22971014492753622,0.029710144927536233,0.7289855072463768,0.011594202898550725
7614,0.08181818181818182,0.004545454545454545,0.004545454545454545,0.9090909090909091
7615,0.03856749311294766,0.8650137741046832,0.09090909090909091,0.005509641873278237
7616,0.0,0.896551724137931,0.10344827586206896,0.0
7617,0.011790393013100437,0.9759825327510917,0.010917030567685589,0.0013100436681222707
7618,0.8917525773195877,0.005154639175257732,0.04639175257731959,0.05670103092783505
7619,0.22971014492753622,0.029710144927536233,0.7289855072463768,0.011594202898550725
7620,0.22971014492753622,0.029710144927536233,0.7289855072463768,0.011594202898550725
7621,0.22971014492753622,0.029710144927536233,0.7289855072463768,0.011594202898550725
7622,0.011790393013100437,0.9759825327510917,0.010917030567685589,0.0013100436681222707
7623,0.011790393013100437,0.9759825327510917,0.010917030567685589,0.0013100436681222707
7624,0.011790393013100437,0.9759825327510917,0.010917030567685589,0.0013100436681222707
7625,0.21739130434782608,0.0,0.03260869565217391,0.75
7626,0.2222222222222222,0.4888888888888889,0.28888888888888886,0.0
7627,0.13990825688073394,0.0,0.07339449541284404,0.786697247706422
7628,0.5862068965517241,0.11494252873563218,0.26436781609195403,0.034482758620689655
7629,0.03205128205128205,0.11538461538461539,0.8461538461538461,0.00641025641025641
7630,0.5276679841897233,0.0,0.023715415019762844,0.44861660079051385
7631,0.011790393013100437,0.9759825327510917,0.010917030567685589,0.0013100436681222707
7632,0.011790393013100437,0.9759825327510917,0.010917030567685589,0.0013100436681222707
7633,0.3253424657534247,0.0,0.010273972602739725,0.6643835616438356
7634,0.22971014492753622,0.029710144927536233,0.7289855072463768,0.011594202898550725
7635,0.011790393013100437,0.9759825327510917,0.010917030567685589,0.0013100436681222707
7636,0.5306122448979592,0.4489795918367347,0.0,0.02040816326530612
7637,0.39574468085106385,0.0,0.03404255319148936,0.5702127659574469
7638,0.22971014492753622,0.029710144927536233,0.7289855072463768,0.011594202898550725
7639,0.011790393013100437,0.9759825327510917,0.010917030567685589,0.0013100436681222707
7640,0.075,0.2,0.725,0.0
7641,0.5306122448979592,0.4489795918367347,0.0,0.02040816326530612
7642,0.22971014492753622,0.029710144927536233,0.7289855072463768,0.011594202898550725
7643,0.13990825688073394,0.0,0.07339449541284404,0.786697247706422
7644,0.011790393013100437,0.9759825327510917,0.010917030567685589,0.0013100436681222707
7645,0.22971014492753622,0.029710144927536233,0.7289855072463768,0.011594202898550725
7646,0.3072916666666667,0.16145833333333334,0.5130208333333334,0.018229166666666668
7647,0.03856749311294766,0.8650137741046832,0.09090909090909091,0.005509641873278237
7648,0.6956521739130435,0.08695652173913043,0.17391304347826086,0.043478260869565216
7649,0.22971014492753622,0.029710144927536233,0.7289855072463768,0.011594202898550725
7650,0.0989010989010989,0.0,0.03663003663003663,0.8644688644688645
7651,0.011790393013100437,0.9759825327510917,0.010917030567685589,0.0013100436681222707
7652,0.6956521739130435,0.08695652173913043,0.17391304347826086,0.043478260869565216
7653,0.011790393013100437,0.9759825327510917,0.010917030567685589,0.0013100436681222707
7654,0.5276679841897233,0.0,0.023715415019762844,0.44861660079051385
7655,0.011790393013100437,0.9759825327510917,0.010917030567685589,0.0013100436681222707
7656,0.08181818181818182,0.004545454545454545,0.004545454545454545,0.9090909090909091
7657,0.21739130434782608,0.0,0.03260869565217391,0.75
7658,0.22971014492753622,0.029710144927536233,0.7289855072463768,0.011594202898550725
7659,0.5276679841897233,0.0,0.023715415019762844,0.44861660079051385
7660,0.22971014492753622,0.029710144927536233,0.7289855072463768,0.011594202898550725
7661,0.39574468085106385,0.0,0.03404255319148936,0.5702127659574469
7662,0.011790393013100437,0.9759825327510917,0.010917030567685589,0.0013100436681222707
7663,0.011790393013100437,0.9759825327510917,0.010917030567685589,0.0013100436681222707
7664,0.5276679841897233,0.0,0.023715415019762844,0.44861660079051385
7665,0.39574468085106385,0.0,0.03404255319148936,0.5702127659574469
7666,0.011790393013100437,0.9759825327510917,0.010917030567685589,0.0013100436681222707
7667,0.011790393013100437,0.9759825327510917,0.010917030567685589,0.0013100436681222707
7668,0.017964071856287425,0.8203592814371258,0.16167664670658682,0.0
7669,0.011790393013100437,0.9759825327510917,0.010917030567685589,0.0013100436681222707
7670,0.22971014492753622,0.029710144927536233,0.7289855072463768,0.011594202898550725
7671,0.5276679841897233,0.0,0.023715415019762844,0.44861660079051385
7672,0.3072916666666667,0.16145833333333334,0.5130208333333334,0.018229166666666668
7673,0.011790393013100437,0.9759825327510917,0.010917030567685589,0.0013100436681222707
7674,0.22971014492753622,0.029710144927536233,0.7289855072463768,0.011594202898550725
7675,0.5276679841897233,0.0,0.023715415019762844,0.44861660079051385
7676,0.011790393013100437,0.9759825327510917,0.010917030567685589,0.0013100436681222707
7677,0.22971014492753622,0.029710144927536233,0.7289855072463768,0.011594202898550725
7678,0.22971014492753622,0.029710144927536233,0.7289855072463768,0.011594202898550725
7679,0.011790393013100437,0.9759825327510917,0.010917030567685589,0.0013100436681222707
7680,0.011790393013100437,0.9759825327510917,0.010917030567685589,0.0013100436681222707
7681,0.011790393013100437,0.9759825327510917,0.010917030567685589,0.0013100436681222707
7682,0.011790393013100437,0.9759825327510917,0.010917030567685589,0.0013100436681222707
7683,0.22971014492753622,0.029710144927536233,0.7289855072463768,0.011594202898550725
7684,0.22971014492753622,0.029710144927536233,0.7289855072463768,0.011594202898550725
7685,0.452,0.096,0.448,0.004
7686,0.03856749311294766,0.8650137741046832,0.09090909090909091,0.005509641873278237
7687,0.011790393013100437,0.9759825327510917,0.010917030567685589,0.0013100436681222707
7688,0.452,0.096,0.448,0.004
7689,0.13990825688073394,0.0,0.07339449541284404,0.786697247706422
7690,0.011790393013100437,0.9759825327510917,0.010917030567685589,0.0013100436681222707
7691,0.22971014492753622,0.029710144927536233,0.7289855072463768,0.011594202898550725
7692,0.3253424657534247,0.0,0.010273972602739725,0.6643835616438356
7693,0.011790393013100437,0.9759825327510917,0.010917030567685589,0.0013100436681222707
7694,0.0989010989010989,0.0,0.03663003663003663,0.8644688644688645
7695,0.22971014492753622,0.029710144927536233,0.7289855072463768,0.011594202898550725
7696,0.22971014492753622,0.029710144927536233,0.7289855072463768,0.011594202898550725
7697,0.14736842105263157,0.0,0.005263157894736842,0.8473684210526315
7698,0.011790393013100437,0.9759825327510917,0.010917030567685589,0.0013100436681222707
7699,0.5276679841897233,0.0,0.023715415019762844,0.44861660079051385
7700,0.5276679841897233,0.0,0.023715415019762844,0.44861660079051385
7701,0.3253424657534247,0.0,0.010273972602739725,0.6643835616438356
7702,0.02631578947368421,0.0,0.10526315789473684,0.868421052631579
7703,0.22971014492753622,0.029710144927536233,0.7289855072463768,0.011594202898550725
7704,0.22971014492753622,0.029710144927536233,0.7289855072463768,0.011594202898550725
7705,0.011790393013100437,0.9759825327510917,0.010917030567685589,0.0013100436681222707
7706,0.011790393013100437,0.9759825327510917,0.010917030567685589,0.0013100436681222707
7707,0.22971014492753622,0.029710144927536233,0.7289855072463768,0.011594202898550725
7708,0.22971014492753622,0.029710144927536233,0.7289855072463768,0.011594202898550725
7709,0.13990825688073394,0.0,0.07339449541284404,0.786697247706422
7710,0.011790393013100437,0.9759825327510917,0.010917030567685589,0.0013100436681222707
7711,0.0,0.0,0.0,1.0
7712,0.0989010989010989,0.0,0.03663003663003663,0.8644688644688645
7713,0.075,0.2,0.725,0.0
7714,0.011790393013100437,0.9759825327510917,0.010917030567685589,0.0013100436681222707
7715,0.13990825688073394,0.0,0.07339449541284404,0.786697247706422
7716,0.03205128205128205,0.11538461538461539,0.8461538461538461,0.00641025641025641
7717,0.011790393013100437,0.9759825327510917,0.010917030567685589,0.0013100436681222707
7718,0.011790393013100437,0.9759825327510917,0.010917030567685589,0.0013100436681222707
7719,0.3253424657534247,0.0,0.010273972602739725,0.6643835616438356
7720,0.22971014492753622,0.029710144927536233,0.7289855072463768,0.011594202898550725
7721,0.6470588235294118,0.0,0.0,0.35294117647058826
7722,0.5276679841897233,0.0,0.023715415019762844,0.44861660079051385
7723,0.22971014492753622,0.029710144927536233,0.7289855072463768,0.011594202898550725
7724,0.5276679841897233,0.0,0.023715415019762844,0.44861660079051385
7725,0.8,0.2,0.0,0.0
7726,0.011790393013100437,0.9759825327510917,0.010917030567685589,0.0013100436681222707
7727,0.2222222222222222,0.4888888888888889,0.28888888888888886,0.0
7728,0.452,0.096,0.448,0.004
7729,0.22971014492753622,0.029710144927536233,0.7289855072463768,0.011594202898550725
7730,0.3253424657534247,0.0,0.010273972602739725,0.6643835616438356
7731,0.011790393013100437,0.9759825327510917,0.010917030567685589,0.0013100436681222707
7732,0.22971014492753622,0.029710144927536233,0.7289855072463768,0.011594202898550725
7733,0.3103448275862069,0.6724137931034483,0.017241379310344827,0.0
7734,0.5276679841897233,0.0,0.023715415019762844,0.44861660079051385
7735,0.22971014492753622,0.029710144927536233,0.7289855072463768,0.011594202898550725
7736,0.22971014492753622,0.029710144927536233,0.7289855072463768,0.011594202898550725
7737,0.0989010989010989,0.0,0.03663003663003663,0.8644688644688645
7738,0.011790393013100437,0.9759825327510917,0.010917030567685589,0.0013100436681222707
7739,0.011790393013100437,0.9759825327510917,0.010917030567685589,0.0013100436681222707
7740,0.011790393013100437,0.9759825327510917,0.010917030567685589,0.0013100436681222707
7741,0.011790393013100437,0.9759825327510917,0.010917030567685589,0.0013100436681222707
7742,0.011790393013100437,0.9759825327510917,0.010917030567685589,0.0013100436681222707
7743,0.22971014492753622,0.029710144927536233,0.7289855072463768,0.011594202898550725
7744,0.22971014492753622,0.029710144927536233,0.7289855072463768,0.011594202898550725
7745,0.22971014492753622,0.029710144927536233,0.7289855072463768,0.011594202898550725
7746,0.6470588235294118,0.0,0.0,0.35294117647058826
7747,0.5276679841897233,0.0,0.023715415019762844,0.44861660079051385
7748,0.011790393013100437,0.9759825327510917,0.010917030567685589,0.0013100436681222707
7749,0.03856749311294766,0.8650137741046832,0.09090909090909091,0.005509641873278237
7750,0.5276679841897233,0.0,0.023715415019762844,0.44861660079051385
7751,0.011790393013100437,0.9759825327510917,0.010917030567685589,0.0013100436681222707
7752,0.0989010989010989,0.0,0.03663003663003663,0.8644688644688645
7753,0.6724137931034483,0.008620689655172414,0.2413793103448276,0.07758620689655173
7754,0.452,0.096,0.448,0.004
7755,0.6724137931034483,0.008620689655172414,0.2413793103448276,0.07758620689655173
7756,0.8917525773195877,0.005154639175257732,0.04639175257731959,0.05670103092783505
7757,0.22971014492753622,0.029710144927536233,0.7289855072463768,0.011594202898550725
7758,0.22971014492753622,0.029710144927536233,0.7289855072463768,0.011594202898550725
7759,0.14736842105263157,0.0,0.005263157894736842,0.8473684210526315
7760,0.452,0.096,0.448,0.004
7761,0.0,1.0,0.0,0.0
7762,0.22971014492753622,0.029710144927536233,0.7289855072463768,0.011594202898550725
7763,0.011790393013100437,0.9759825327510917,0.010917030567685589,0.0013100436681222707
7764,0.03856749311294766,0.8650137741046832,0.09090909090909091,0.005509641873278237
7765,0.011790393013100437,0.9759825327510917,0.010917030567685589,0.0013100436681222707
7766,0.0989010989010989,0.0,0.03663003663003663,0.8644688644688645
7767,0.22971014492753622,0.029710144927536233,0.7289855072463768,0.011594202898550725
7768,0.9032258064516129,0.0,0.03225806451612903,0.06451612903225806
7769,0.011790393013100437,0.9759825327510917,0.010917030567685589,0.0013100436681222707
7770,1.0,0.0,0.0,0.0
7771,0.08974358974358974,0.5128205128205128,0.38461538461538464,0.01282051282051282
7772,0.011790393013100437,0.9759825327510917,0.010917030567685589,0.0013100436681222707
7773,0.5276679841897233,0.0,0.023715415019762844,0.44861660079051385
7774,0.011790393013100437,0.9759825327510917,0.010917030567685589,0.0013100436681222707
7775,0.03856749311294766,0.8650137741046832,0.09090909090909091,0.005509641873278237
7776,0.03856749311294766,0.8650137741046832,0.09090909090909091,0.005509641873278237
7777,0.6724137931034483,0.008620689655172414,0.2413793103448276,0.07758620689655173
7778,0.22971014492753622,0.029710144927536233,0.7289855072463768,0.011594202898550725
7779,0.452,0.096,0.448,0.004
7780,0.011790393013100437,0.9759825327510917,0.010917030567685589,0.0013100436681222707
7781,0.011790393013100437,0.9759825327510917,0.010917030567685589,0.0013100436681222707
7782,0.8917525773195877,0.005154639175257732,0.04639175257731959,0.05670103092783505
7783,0.22971014492753622,0.029710144927536233,0.7289855072463768,0.011594202898550725
7784,0.3072916666666667,0.16145833333333334,0.5130208333333334,0.018229166666666668
7785,0.39574468085106385,0.0,0.03404255319148936,0.5702127659574469
7786,0.3072916666666667,0.16145833333333334,0.5130208333333334,0.018229166666666668
7787,0.011790393013100437,0.9759825327510917,0.010917030567685589,0.0013100436681222707
7788,0.011790393013100437,0.9759825327510917,0.010917030567685589,0.0013100436681222707
7789,0.14736842105263157,0.0,0.005263157894736842,0.8473684210526315
7790,0.2222222222222222,0.4888888888888889,0.28888888888888886,0.0
7791,0.22971014492753622,0.029710144927536233,0.7289855072463768,0.011594202898550725
7792,0.011790393013100437,0.9759825327510917,0.010917030567685589,0.0013100436681222707
7793,0.011790393013100437,0.9759825327510917,0.010917030567685589,0.0013100436681222707
7794,0.011790393013100437,0.9759825327510917,0.010917030567685589,0.0013100436681222707
7795,0.0,1.0,0.0,0.0
7796,0.3072916666666667,0.16145833333333334,0.5130208333333334,0.018229166666666668
7797,0.011790393013100437,0.9759825327510917,0.010917030567685589,0.0013100436681222707
7798,0.011790393013100437,0.9759825327510917,0.010917030567685589,0.0013100436681222707
7799,0.011790393013100437,0.9759825327510917,0.010917030567685589,0.0013100436681222707
7800,0.011790393013100437,0.9759825327510917,0.010917030567685589,0.0013100436681222707
7801,0.452,0.096,0.448,0.004
7802,0.5679012345679012,0.0,0.0,0.43209876543209874
7803,0.6956521739130435,0.08695652173913043,0.17391304347826086,0.043478260869565216
7804,0.9032258064516129,0.0,0.03225806451612903,0.06451612903225806
7805,0.03856749311294766,0.8650137741046832,0.09090909090909091,0.005509641873278237
7806,0.21739130434782608,0.0,0.03260869565217391,0.75
7807,0.5276679841897233,0.0,0.023715415019762844,0.44861660079051385
7808,0.39574468085106385,0.0,0.03404255319148936,0.5702127659574469
7809,0.011790393013100437,0.9759825327510917,0.010917030567685589,0.0013100436681222707
7810,0.22971014492753622,0.029710144927536233,0.7289855072463768,0.011594202898550725
7811,0.011790393013100437,0.9759825327510917,0.010917030567685589,0.0013100436681222707
7812,0.011790393013100437,0.9759825327510917,0.010917030567685589,0.0013100436681222707
7813,0.13990825688073394,0.0,0.07339449541284404,0.786697247706422
7814,0.011790393013100437,0.9759825327510917,0.010917030567685589,0.0013100436681222707
7815,0.5679012345679012,0.0,0.0,0.43209876543209874
7816,0.8917525773195877,0.005154639175257732,0.04639175257731959,0.05670103092783505
7817,0.011790393013100437,0.9759825327510917,0.010917030567685589,0.0013100436681222707
7818,0.3072916666666667,0.16145833333333334,0.5130208333333334,0.018229166666666668
7819,0.011790393013100437,0.9759825327510917,0.010917030567685589,0.0013100436681222707
7820,0.5679012345679012,0.0,0.0,0.43209876543209874
7821,0.39574468085106385,0.0,0.03404255319148936,0.5702127659574469
7822,0.011790393013100437,0.9759825327510917,0.010917030567685589,0.0013100436681222707
7823,0.3253424657534247,0.0,0.010273972602739725,0.6643835616438356
7824,0.011790393013100437,0.9759825327510917,0.010917030567685589,0.0013100436681222707
7825,0.5276679841897233,0.0,0.023715415019762844,0.44861660079051385
7826,0.3072916666666667,0.16145833333333334,0.5130208333333334,0.018229166666666668
7827,0.011790393013100437,0.9759825327510917,0.010917030567685589,0.0013100436681222707
7828,0.22971014492753622,0.029710144927536233,0.7289855072463768,0.011594202898550725
7829,0.13990825688073394,0.0,0.07339449541284404,0.786697247706422
7830,0.011790393013100437,0.9759825327510917,0.010917030567685589,0.0013100436681222707
7831,0.03205128205128205,0.11538461538461539,0.8461538461538461,0.00641025641025641
7832,0.011790393013100437,0.9759825327510917,0.010917030567685589,0.0013100436681222707
7833,0.3253424657534247,0.0,0.010273972602739725,0.6643835616438356
7834,0.21739130434782608,0.0,0.03260869565217391,0.75
7835,0.5276679841897233,0.0,0.023715415019762844,0.44861660079051385
7836,0.011790393013100437,0.9759825327510917,0.010917030567685589,0.0013100436681222707
7837,0.8917525773195877,0.005154639175257732,0.04639175257731959,0.05670103092783505
7838,0.5276679841897233,0.0,0.023715415019762844,0.44861660079051385
7839,0.011790393013100437,0.9759825327510917,0.010917030567685589,0.0013100436681222707
7840,0.5276679841897233,0.0,0.023715415019762844,0.44861660079051385
7841,0.5276679841897233,0.0,0.023715415019762844,0.44861660079051385
7842,0.03205128205128205,0.11538461538461539,0.8461538461538461,0.00641025641025641
7843,0.22971014492753622,0.029710144927536233,0.7289855072463768,0.011594202898550725
7844,0.08974358974358974,0.5128205128205128,0.38461538461538464,0.01282051282051282
7845,0.08974358974358974,0.5128205128205128,0.38461538461538464,0.01282051282051282
7846,0.017964071856287425,0.8203592814371258,0.16167664670658682,0.0
7847,0.22971014492753622,0.029710144927536233,0.7289855072463768,0.011594202898550725
7848,0.22971014492753622,0.029710144927536233,0.7289855072463768,0.011594202898550725
7849,0.21052631578947367,0.0,0.0,0.7894736842105263
7850,0.13990825688073394,0.0,0.07339449541284404,0.786697247706422
7851,0.0989010989010989,0.0,0.03663003663003663,0.8644688644688645
7852,0.452,0.096,0.448,0.004
7853,0.011790393013100437,0.9759825327510917,0.010917030567685589,0.0013100436681222707
7854,0.011790393013100437,0.9759825327510917,0.010917030567685589,0.0013100436681222707
7855,0.011790393013100437,0.9759825327510917,0.010917030567685589,0.0013100436681222707
7856,0.3072916666666667,0.16145833333333334,0.5130208333333334,0.018229166666666668
7857,0.22971014492753622,0.029710144927536233,0.7289855072463768,0.011594202898550725
7858,0.0989010989010989,0.0,0.03663003663003663,0.8644688644688645
7859,0.8917525773195877,0.005154639175257732,0.04639175257731959,0.05670103092783505
7860,0.5276679841897233,0.0,0.023715415019762844,0.44861660079051385
7861,0.5862068965517241,0.11494252873563218,0.26436781609195403,0.034482758620689655
7862,0.011790393013100437,0.9759825327510917,0.010917030567685589,0.0013100436681222707
7863,0.03856749311294766,0.8650137741046832,0.09090909090909091,0.005509641873278237
7864,0.03856749311294766,0.8650137741046832,0.09090909090909091,0.005509641873278237
7865,0.011790393013100437,0.9759825327510917,0.010917030567685589,0.0013100436681222707
7866,0.011790393013100437,0.9759825327510917,0.010917030567685589,0.0013100436681222707
7867,0.011790393013100437,0.9759825327510917,0.010917030567685589,0.0013100436681222707
7868,0.5276679841897233,0.0,0.023715415019762844,0.44861660079051385
7869,0.03856749311294766,0.8650137741046832,0.09090909090909091,0.005509641873278237
7870,0.8917525773195877,0.005154639175257732,0.04639175257731959,0.05670103092783505
7871,0.017964071856287425,0.8203592814371258,0.16167664670658682,0.0
7872,0.22971014492753622,0.029710144927536233,0.7289855072463768,0.011594202898550725
7873,0.42857142857142855,0.42857142857142855,0.14285714285714285,0.0
7874,0.22971014492753622,0.029710144927536233,0.7289855072463768,0.011594202898550725
7875,0.14736842105263157,0.0,0.005263157894736842,0.8473684210526315
7876,0.13990825688073394,0.0,0.07339449541284404,0.786697247706422
7877,0.22971014492753622,0.029710144927536233,0.7289855072463768,0.011594202898550725
7878,0.011790393013100437,0.9759825327510917,0.010917030567685589,0.0013100436681222707
7879,0.22971014492753622,0.029710144927536233,0.7289855072463768,0.011594202898550725
7880,0.5679012345679012,0.0,0.0,0.43209876543209874
7881,0.03856749311294766,0.8650137741046832,0.09090909090909091,0.005509641873278237
7882,0.3253424657534247,0.0,0.010273972602739725,0.6643835616438356
7883,0.011790393013100437,0.9759825327510917,0.010917030567685589,0.0013100436681222707
7884,0.75,0.25,0.0,0.0
7885,0.011790393013100437,0.9759825327510917,0.010917030567685589,0.0013100436681222707
7886,0.22971014492753622,0.029710144927536233,0.7289855072463768,0.011594202898550725
7887,0.13990825688073394,0.0,0.07339449541284404,0.786697247706422
7888,0.5276679841897233,0.0,0.023715415019762844,0.44861660079051385
7889,0.14736842105263157,0.0,0.005263157894736842,0.8473684210526315
7890,0.08974358974358974,0.5128205128205128,0.38461538461538464,0.01282051282051282
7891,0.5862068965517241,0.11494252873563218,0.26436781609195403,0.034482758620689655
7892,0.13990825688073394,0.0,0.07339449541284404,0.786697247706422
7893,0.011790393013100437,0.9759825327510917,0.010917030567685589,0.0013100436681222707
7894,0.22971014492753622,0.029710144927536233,0.7289855072463768,0.011594202898550725
7895,0.011790393013100437,0.9759825327510917,0.010917030567685589,0.0013100436681222707
7896,0.0,0.0,0.0,1.0
7897,0.08974358974358974,0.5128205128205128,0.38461538461538464,0.01282051282051282
7898,0.5276679841897233,0.0,0.023715415019762844,0.44861660079051385
7899,0.452,0.096,0.448,0.004
7900,0.3253424657534247,0.0,0.010273972602739725,0.6643835616438356
7901,0.5306122448979592,0.4489795918367347,0.0,0.02040816326530612
7902,0.14736842105263157,0.0,0.005263157894736842,0.8473684210526315
7903,0.13990825688073394,0.0,0.07339449541284404,0.786697247706422
7904,0.03205128205128205,0.11538461538461539,0.8461538461538461,0.00641025641025641
7905,0.22971014492753622,0.029710144927536233,0.7289855072463768,0.011594202898550725
7906,0.011790393013100437,0.9759825327510917,0.010917030567685589,0.0013100436681222707
7907,0.5862068965517241,0.11494252873563218,0.26436781609195403,0.034482758620689655
7908,0.017964071856287425,0.8203592814371258,0.16167664670658682,0.0
7909,0.011790393013100437,0.9759825327510917,0.010917030567685589,0.0013100436681222707
7910,0.03205128205128205,0.11538461538461539,0.8461538461538461,0.00641025641025641
7911,0.3253424657534247,0.0,0.010273972602739725,0.6643835616438356
7912,0.0989010989010989,0.0,0.03663003663003663,0.8644688644688645
7913,0.452,0.096,0.448,0.004
7914,0.3072916666666667,0.16145833333333334,0.5130208333333334,0.018229166666666668
7915,0.011790393013100437,0.9759825327510917,0.010917030567685589,0.0013100436681222707
7916,0.13990825688073394,0.0,0.07339449541284404,0.786697247706422
7917,0.22971014492753622,0.029710144927536233,0.7289855072463768,0.011594202898550725
7918,0.011790393013100437,0.9759825327510917,0.010917030567685589,0.0013100436681222707
7919,0.3103448275862069,0.6724137931034483,0.017241379310344827,0.0
7920,0.0989010989010989,0.0,0.03663003663003663,0.8644688644688645
7921,0.39574468085106385,0.0,0.03404255319148936,0.5702127659574469
7922,0.22971014492753622,0.029710144927536233,0.7289855072463768,0.011594202898550725
7923,0.22971014492753622,0.029710144927536233,0.7289855072463768,0.011594202898550725
7924,0.011790393013100437,0.9759825327510917,0.010917030567685589,0.0013100436681222707
7925,0.22971014492753622,0.029710144927536233,0.7289855072463768,0.011594202898550725
7926,0.39574468085106385,0.0,0.03404255319148936,0.5702127659574469
7927,0.08181818181818182,0.004545454545454545,0.004545454545454545,0.9090909090909091
7928,0.452,0.096,0.448,0.004
7929,0.3253424657534247,0.0,0.010273972602739725,0.6643835616438356
7930,0.5862068965517241,0.11494252873563218,0.26436781609195403,0.034482758620689655
7931,0.011790393013100437,0.9759825327510917,0.010917030567685589,0.0013100436681222707
7932,0.011790393013100437,0.9759825327510917,0.010917030567685589,0.0013100436681222707
7933,0.011790393013100437,0.9759825327510917,0.010917030567685589,0.0013100436681222707
7934,0.011790393013100437,0.9759825327510917,0.010917030567685589,0.0013100436681222707
7935,0.011790393013100437,0.9759825327510917,0.010917030567685589,0.0013100436681222707
7936,0.03856749311294766,0.8650137741046832,0.09090909090909091,0.005509641873278237
7937,0.03856749311294766,0.8650137741046832,0.09090909090909091,0.005509641873278237
7938,0.3103448275862069,0.6724137931034483,0.017241379310344827,0.0
7939,0.017964071856287425,0.8203592814371258,0.16167664670658682,0.0
7940,0.011790393013100437,0.9759825327510917,0.010917030567685589,0.0013100436681222707
7941,0.011790393013100437,0.9759825327510917,0.010917030567685589,0.0013100436681222707
7942,0.22971014492753622,0.029710144927536233,0.7289855072463768,0.011594202898550725
7943,0.13990825688073394,0.0,0.07339449541284404,0.786697247706422
7944,0.22971014492753622,0.029710144927536233,0.7289855072463768,0.011594202898550725
7945,0.2222222222222222,0.4888888888888889,0.28888888888888886,0.0
7946,0.5276679841897233,0.0,0.023715415019762844,0.44861660079051385
7947,0.21739130434782608,0.0,0.03260869565217391,0.75
7948,0.8917525773195877,0.005154639175257732,0.04639175257731959,0.05670103092783505
7949,0.5306122448979592,0.4489795918367347,0.0,0.02040816326530612
7950,0.011790393013100437,0.9759825327510917,0.010917030567685589,0.0013100436681222707
7951,0.3103448275862069,0.6724137931034483,0.017241379310344827,0.0
7952,0.011790393013100437,0.9759825327510917,0.010917030567685589,0.0013100436681222707
7953,0.452,0.096,0.448,0.004
7954,0.42105263157894735,0.0,0.15789473684210525,0.42105263157894735
7955,0.3072916666666667,0.16145833333333334,0.5130208333333334,0.018229166666666668
7956,0.011790393013100437,0.9759825327510917,0.010917030567685589,0.0013100436681222707
7957,0.011790393013100437,0.9759825327510917,0.010917030567685589,0.0013100436681222707
7958,0.011790393013100437,0.9759825327510917,0.010917030567685589,0.0013100436681222707
7959,1.0,0.0,0.0,0.0
7960,0.011790393013100437,0.9759825327510917,0.010917030567685589,0.0013100436681222707
7961,0.011790393013100437,0.9759825327510917,0.010917030567685589,0.0013100436681222707
7962,0.011790393013100437,0.9759825327510917,0.010917030567685589,0.0013100436681222707
7963,0.22971014492753622,0.029710144927536233,0.7289855072463768,0.011594202898550725
7964,0.13990825688073394,0.0,0.07339449541284404,0.786697247706422
7965,0.13990825688073394,0.0,0.07339449541284404,0.786697247706422
7966,0.6724137931034483,0.008620689655172414,0.2413793103448276,0.07758620689655173
7967,0.5276679841897233,0.0,0.023715415019762844,0.44861660079051385
7968,0.011790393013100437,0.9759825327510917,0.010917030567685589,0.0013100436681222707
7969,0.3103448275862069,0.6724137931034483,0.017241379310344827,0.0
7970,0.22971014492753622,0.029710144927536233,0.7289855072463768,0.011594202898550725
7971,0.13990825688073394,0.0,0.07339449541284404,0.786697247706422
7972,0.13990825688073394,0.0,0.07339449541284404,0.786697247706422
7973,0.22971014492753622,0.029710144927536233,0.7289855072463768,0.011594202898550725
7974,0.5276679841897233,0.0,0.023715415019762844,0.44861660079051385
7975,0.22971014492753622,0.029710144927536233,0.7289855072463768,0.011594202898550725
7976,0.011790393013100437,0.9759825327510917,0.010917030567685589,0.0013100436681222707
7977,0.011790393013100437,0.9759825327510917,0.010917030567685589,0.0013100436681222707
7978,0.3103448275862069,0.6724137931034483,0.017241379310344827,0.0
7979,0.22971014492753622,0.029710144927536233,0.7289855072463768,0.011594202898550725
7980,0.21739130434782608,0.0,0.03260869565217391,0.75
7981,0.011790393013100437,0.9759825327510917,0.010917030567685589,0.0013100436681222707
7982,0.011790393013100437,0.9759825327510917,0.010917030567685589,0.0013100436681222707
7983,0.0,0.896551724137931,0.10344827586206896,0.0
7984,0.22971014492753622,0.029710144927536233,0.7289855072463768,0.011594202898550725
7985,0.39574468085106385,0.0,0.03404255319148936,0.5702127659574469
7986,0.3253424657534247,0.0,0.010273972602739725,0.6643835616438356
7987,0.0,0.0,0.0,1.0
7988,0.5679012345679012,0.0,0.0,0.43209876543209874
7989,0.011790393013100437,0.9759825327510917,0.010917030567685589,0.0013100436681222707
7990,0.011790393013100437,0.9759825327510917,0.010917030567685589,0.0013100436681222707
7991,0.3253424657534247,0.0,0.010273972602739725,0.6643835616438356
7992,0.13990825688073394,0.0,0.07339449541284404,0.786697247706422
7993,0.011790393013100437,0.9759825327510917,0.010917030567685589,0.0013100436681222707
7994,0.5276679841897233,0.0,0.023715415019762844,0.44861660079051385
7995,0.08974358974358974,0.5128205128205128,0.38461538461538464,0.01282051282051282
7996,0.03205128205128205,0.11538461538461539,0.8461538461538461,0.00641025641025641
7997,0.3253424657534247,0.0,0.010273972602739725,0.6643835616438356
7998,0.14736842105263157,0.0,0.005263157894736842,0.8473684210526315
7999,0.08181818181818182,0.004545454545454545,0.004545454545454545,0.9090909090909091
8000,0.5862068965517241,0.11494252873563218,0.26436781609195403,0.034482758620689655
8001,0.452,0.096,0.448,0.004
8002,0.08181818181818182,0.004545454545454545,0.004545454545454545,0.9090909090909091
8003,0.03856749311294766,0.8650137741046832,0.09090909090909091,0.005509641873278237
8004,0.22971014492753622,0.029710144927536233,0.7289855072463768,0.011594202898550725
8005,0.08181818181818182,0.004545454545454545,0.004545454545454545,0.9090909090909091
8006,0.011790393013100437,0.9759825327510917,0.010917030567685589,0.0013100436681222707
8007,0.452,0.096,0.448,0.004
8008,0.03856749311294766,0.8650137741046832,0.09090909090909091,0.005509641873278237
8009,0.03205128205128205,0.11538461538461539,0.8461538461538461,0.00641025641025641
8010,0.011790393013100437,0.9759825327510917,0.010917030567685589,0.0013100436681222707
8011,0.6724137931034483,0.008620689655172414,0.2413793103448276,0.07758620689655173
8012,0.0989010989010989,0.0,0.03663003663003663,0.8644688644688645
8013,0.011790393013100437,0.9759825327510917,0.010917030567685589,0.0013100436681222707
8014,0.3253424657534247,0.0,0.010273972602739725,0.6643835616438356
8015,0.22971014492753622,0.029710144927536233,0.7289855072463768,0.011594202898550725
8016,0.452,0.096,0.448,0.004
8017,0.08181818181818182,0.004545454545454545,0.004545454545454545,0.9090909090909091
8018,0.22971014492753622,0.029710144927536233,0.7289855072463768,0.011594202898550725
8019,0.22971014492753622,0.029710144927536233,0.7289855072463768,0.011594202898550725
8020,0.5276679841897233,0.0,0.023715415019762844,0.44861660079051385
8021,0.017964071856287425,0.8203592814371258,0.16167664670658682,0.0
8022,0.452,0.096,0.448,0.004
8023,0.22971014492753622,0.029710144927536233,0.7289855072463768,0.011594202898550725
8024,0.452,0.096,0.448,0.004
8025,0.22971014492753622,0.029710144927536233,0.7289855072463768,0.011594202898550725
8026,0.22971014492753622,0.029710144927536233,0.7289855072463768,0.011594202898550725
8027,0.011790393013100437,0.9759825327510917,0.010917030567685589,0.0013100436681222707
8028,0.39574468085106385,0.0,0.03404255319148936,0.5702127659574469
8029,0.08974358974358974,0.5128205128205128,0.38461538461538464,0.01282051282051282
8030,0.39574468085106385,0.0,0.03404255319148936,0.5702127659574469
8031,0.011790393013100437,0.9759825327510917,0.010917030567685589,0.0013100436681222707
8032,0.5276679841897233,0.0,0.023715415019762844,0.44861660079051385
8033,0.9032258064516129,0.0,0.03225806451612903,0.06451612903225806
8034,0.011790393013100437,0.9759825327510917,0.010917030567685589,0.0013100436681222707
8035,0.22971014492753622,0.029710144927536233,0.7289855072463768,0.011594202898550725
8036,0.3072916666666667,0.16145833333333334,0.5130208333333334,0.018229166666666668
8037,0.22971014492753622,0.029710144927536233,0.7289855072463768,0.011594202898550725
8038,0.22971014492753622,0.029710144927536233,0.7289855072463768,0.011594202898550725
8039,0.017964071856287425,0.8203592814371258,0.16167664670658682,0.0
8040,0.3253424657534247,0.0,0.010273972602739725,0.6643835616438356
8041,0.03856749311294766,0.8650137741046832,0.09090909090909091,0.005509641873278237
8042,0.14736842105263157,0.0,0.005263157894736842,0.8473684210526315
8043,0.3072916666666667,0.16145833333333334,0.5130208333333334,0.018229166666666668
8044,0.08181818181818182,0.004545454545454545,0.004545454545454545,0.9090909090909091
8045,0.13990825688073394,0.0,0.07339449541284404,0.786697247706422
8046,0.03856749311294766,0.8650137741046832,0.09090909090909091,0.005509641873278237
8047,0.011790393013100437,0.9759825327510917,0.010917030567685589,0.0013100436681222707
8048,0.22971014492753622,0.029710144927536233,0.7289855072463768,0.011594202898550725
8049,0.011790393013100437,0.9759825327510917,0.010917030567685589,0.0013100436681222707
8050,0.5276679841897233,0.0,0.023715415019762844,0.44861660079051385
8051,0.22971014492753622,0.029710144927536233,0.7289855072463768,0.011594202898550725
8052,0.5862068965517241,0.11494252873563218,0.26436781609195403,0.034482758620689655
8053,0.21739130434782608,0.0,0.03260869565217391,0.75
8054,0.14736842105263157,0.0,0.005263157894736842,0.8473684210526315
8055,0.13990825688073394,0.0,0.07339449541284404,0.786697247706422
8056,0.5276679841897233,0.0,0.023715415019762844,0.44861660079051385
8057,0.39574468085106385,0.0,0.03404255319148936,0.5702127659574469
8058,0.03205128205128205,0.11538461538461539,0.8461538461538461,0.00641025641025641
8059,0.011790393013100437,0.9759825327510917,0.010917030567685589,0.0013100436681222707
8060,0.011790393013100437,0.9759825327510917,0.010917030567685589,0.0013100436681222707
8061,0.08974358974358974,0.5128205128205128,0.38461538461538464,0.01282051282051282
8062,0.2222222222222222,0.4888888888888889,0.28888888888888886,0.0
8063,0.3103448275862069,0.6724137931034483,0.017241379310344827,0.0
8064,0.6724137931034483,0.008620689655172414,0.2413793103448276,0.07758620689655173
8065,0.011790393013100437,0.9759825327510917,0.010917030567685589,0.0013100436681222707
8066,0.2222222222222222,0.4888888888888889,0.28888888888888886,0.0
8067,0.22971014492753622,0.029710144927536233,0.7289855072463768,0.011594202898550725
8068,0.13990825688073394,0.0,0.07339449541284404,0.786697247706422
8069,0.011790393013100437,0.9759825327510917,0.010917030567685589,0.0013100436681222707
8070,0.39574468085106385,0.0,0.03404255319148936,0.5702127659574469
8071,0.011790393013100437,0.9759825327510917,0.010917030567685589,0.0013100436681222707
8072,0.011790393013100437,0.9759825327510917,0.010917030567685589,0.0013100436681222707
8073,0.13990825688073394,0.0,0.07339449541284404,0.786697247706422
8074,0.22971014492753622,0.029710144927536233,0.7289855072463768,0.011594202898550725
8075,0.3253424657534247,0.0,0.010273972602739725,0.6643835616438356
8076,0.011790393013100437,0.9759825327510917,0.010917030567685589,0.0013100436681222707
8077,0.22971014492753622,0.029710144927536233,0.7289855072463768,0.011594202898550725
8078,0.011790393013100437,0.9759825327510917,0.010917030567685589,0.0013100436681222707
8079,0.08181818181818182,0.004545454545454545,0.004545454545454545,0.9090909090909091
8080,0.011790393013100437,0.9759825327510917,0.010917030567685589,0.0013100436681222707
8081,0.3072916666666667,0.16145833333333334,0.5130208333333334,0.018229166666666668
8082,0.011790393013100437,0.9759825327510917,0.010917030567685589,0.0013100436681222707
8083,0.5276679841897233,0.0,0.023715415019762844,0.44861660079051385
8084,0.011790393013100437,0.9759825327510917,0.010917030567685589,0.0013100436681222707
8085,0.0,0.0,0.0,1.0
8086,0.0,0.0,0.0,1.0
8087,0.011790393013100437,0.9759825327510917,0.010917030567685589,0.0013100436681222707
8088,0.3072916666666667,0.16145833333333334,0.5130208333333334,0.018229166666666668
8089,0.011790393013100437,0.9759825327510917,0.010917030567685589,0.0013100436681222707
8090,0.5679012345679012,0.0,0.0,0.43209876543209874
8091,0.8917525773195877,0.005154639175257732,0.04639175257731959,0.05670103092783505
8092,0.011790393013100437,0.9759825327510917,0.010917030567685589,0.0013100436681222707
8093,0.011790393013100437,0.9759825327510917,0.010917030567685589,0.0013100436681222707
8094,0.011790393013100437,0.9759825327510917,0.010917030567685589,0.0013100436681222707
8095,0.011790393013100437,0.9759825327510917,0.010917030567685589,0.0013100436681222707
8096,0.011790393013100437,0.9759825327510917,0.010917030567685589,0.0013100436681222707
8097,0.03856749311294766,0.8650137741046832,0.09090909090909091,0.005509641873278237
8098,0.03856749311294766,0.8650137741046832,0.09090909090909091,0.005509641873278237
8099,0.39574468085106385,0.0,0.03404255319148936,0.5702127659574469
8100,0.011790393013100437,0.9759825327510917,0.010917030567685589,0.0013100436681222707
8101,0.13990825688073394,0.0,0.07339449541284404,0.786697247706422
8102,0.5276679841897233,0.0,0.023715415019762844,0.44861660079051385
8103,0.22971014492753622,0.029710144927536233,0.7289855072463768,0.011594202898550725
8104,0.3253424657534247,0.0,0.010273972602739725,0.6643835616438356
8105,0.22971014492753622,0.029710144927536233,0.7289855072463768,0.011594202898550725
8106,0.5276679841897233,0.0,0.023715415019762844,0.44861660079051385
8107,0.13990825688073394,0.0,0.07339449541284404,0.786697247706422
8108,0.22971014492753622,0.029710144927536233,0.7289855072463768,0.011594202898550725
8109,0.011790393013100437,0.9759825327510917,0.010917030567685589,0.0013100436681222707
8110,0.011790393013100437,0.9759825327510917,0.010917030567685589,0.0013100436681222707
8111,0.03856749311294766,0.8650137741046832,0.09090909090909091,0.005509641873278237
8112,0.22971014492753622,0.029710144927536233,0.7289855072463768,0.011594202898550725
8113,0.39574468085106385,0.0,0.03404255319148936,0.5702127659574469
8114,0.011790393013100437,0.9759825327510917,0.010917030567685589,0.0013100436681222707
8115,0.011790393013100437,0.9759825327510917,0.010917030567685589,0.0013100436681222707
8116,0.0,1.0,0.0,0.0
8117,0.011790393013100437,0.9759825327510917,0.010917030567685589,0.0013100436681222707
8118,0.13990825688073394,0.0,0.07339449541284404,0.786697247706422
8119,0.011790393013100437,0.9759825327510917,0.010917030567685589,0.0013100436681222707
8120,0.011790393013100437,0.9759825327510917,0.010917030567685589,0.0013100436681222707
8121,0.22971014492753622,0.029710144927536233,0.7289855072463768,0.011594202898550725
8122,0.22971014492753622,0.029710144927536233,0.7289855072463768,0.011594202898550725
8123,0.22971014492753622,0.029710144927536233,0.7289855072463768,0.011594202898550725
8124,0.0989010989010989,0.0,0.03663003663003663,0.8644688644688645
8125,0.011790393013100437,0.9759825327510917,0.010917030567685589,0.0013100436681222707
8126,0.22971014492753622,0.029710144927536233,0.7289855072463768,0.011594202898550725
8127,0.3072916666666667,0.16145833333333334,0.5130208333333334,0.018229166666666668
8128,0.3072916666666667,0.16145833333333334,0.5130208333333334,0.018229166666666668
8129,0.22971014492753622,0.029710144927536233,0.7289855072463768,0.011594202898550725
8130,0.011790393013100437,0.9759825327510917,0.010917030567685589,0.0013100436681222707
8131,0.22971014492753622,0.029710144927536233,0.7289855072463768,0.011594202898550725
8132,0.22971014492753622,0.029710144927536233,0.7289855072463768,0.011594202898550725
8133,0.3072916666666667,0.16145833333333334,0.5130208333333334,0.018229166666666668
8134,0.011790393013100437,0.9759825327510917,0.010917030567685589,0.0013100436681222707
8135,0.0989010989010989,0.0,0.03663003663003663,0.8644688644688645
8136,0.011790393013100437,0.9759825327510917,0.010917030567685589,0.0013100436681222707
8137,0.13990825688073394,0.0,0.07339449541284404,0.786697247706422
8138,0.22971014492753622,0.029710144927536233,0.7289855072463768,0.011594202898550725
8139,0.22971014492753622,0.029710144927536233,0.7289855072463768,0.011594202898550725
8140,0.011790393013100437,0.9759825327510917,0.010917030567685589,0.0013100436681222707
8141,0.5276679841897233,0.0,0.023715415019762844,0.44861660079051385
8142,0.017964071856287425,0.8203592814371258,0.16167664670658682,0.0
8143,0.452,0.096,0.448,0.004
8144,0.011790393013100437,0.9759825327510917,0.010917030567685589,0.0013100436681222707
8145,0.5276679841897233,0.0,0.023715415019762844,0.44861660079051385
8146,0.0989010989010989,0.0,0.03663003663003663,0.8644688644688645
8147,0.2222222222222222,0.4888888888888889,0.28888888888888886,0.0
8148,0.0989010989010989,0.0,0.03663003663003663,0.8644688644688645
8149,0.03856749311294766,0.8650137741046832,0.09090909090909091,0.005509641873278237
8150,0.03856749311294766,0.8650137741046832,0.09090909090909091,0.005509641873278237
8151,0.3072916666666667,0.16145833333333334,0.5130208333333334,0.018229166666666668
8152,0.011790393013100437,0.9759825327510917,0.010917030567685589,0.0013100436681222707
8153,0.011790393013100437,0.9759825327510917,0.010917030567685589,0.0013100436681222707
8154,0.39574468085106385,0.0,0.03404255319148936,0.5702127659574469
8155,0.22971014492753622,0.029710144927536233,0.7289855072463768,0.011594202898550725
8156,0.075,0.2,0.725,0.0
8157,0.03856749311294766,0.8650137741046832,0.09090909090909091,0.005509641873278237
8158,0.0,0.0,0.8888888888888888,0.1111111111111111
8159,0.011790393013100437,0.9759825327510917,0.010917030567685589,0.0013100436681222707
8160,0.3072916666666667,0.16145833333333334,0.5130208333333334,0.018229166666666668
8161,0.011790393013100437,0.9759825327510917,0.010917030567685589,0.0013100436681222707
8162,0.0,0.0,0.0,1.0
8163,0.13990825688073394,0.0,0.07339449541284404,0.786697247706422
8164,0.017964071856287425,0.8203592814371258,0.16167664670658682,0.0
8165,0.13990825688073394,0.0,0.07339449541284404,0.786697247706422
8166,0.011790393013100437,0.9759825327510917,0.010917030567685589,0.0013100436681222707
8167,0.5276679841897233,0.0,0.023715415019762844,0.44861660079051385
8168,0.0989010989010989,0.0,0.03663003663003663,0.8644688644688645
8169,0.22971014492753622,0.029710144927536233,0.7289855072463768,0.011594202898550725
8170,0.011790393013100437,0.9759825327510917,0.010917030567685589,0.0013100436681222707
8171,0.3072916666666667,0.16145833333333334,0.5130208333333334,0.018229166666666668
8172,0.011790393013100437,0.9759825327510917,0.010917030567685589,0.0013100436681222707
8173,0.08181818181818182,0.004545454545454545,0.004545454545454545,0.9090909090909091
8174,0.0989010989010989,0.0,0.03663003663003663,0.8644688644688645
8175,0.011790393013100437,0.9759825327510917,0.010917030567685589,0.0013100436681222707
8176,0.452,0.096,0.448,0.004
8177,0.017964071856287425,0.8203592814371258,0.16167664670658682,0.0
8178,0.3072916666666667,0.16145833333333334,0.5130208333333334,0.018229166666666668
8179,0.0989010989010989,0.0,0.03663003663003663,0.8644688644688645
8180,0.452,0.096,0.448,0.004
8181,0.011790393013100437,0.9759825327510917,0.010917030567685589,0.0013100436681222707
8182,0.21052631578947367,0.0,0.0,0.7894736842105263
8183,0.0,0.0,0.0,1.0
8184,0.5276679841897233,0.0,0.023715415019762844,0.44861660079051385
8185,0.017964071856287425,0.8203592814371258,0.16167664670658682,0.0
8186,0.011790393013100437,0.9759825327510917,0.010917030567685589,0.0013100436681222707
8187,0.017964071856287425,0.8203592814371258,0.16167664670658682,0.0
8188,0.3253424657534247,0.0,0.010273972602739725,0.6643835616438356
8189,0.011790393013100437,0.9759825327510917,0.010917030567685589,0.0013100436681222707
8190,0.03856749311294766,0.8650137741046832,0.09090909090909091,0.005509641873278237
8191,0.011790393013100437,0.9759825327510917,0.010917030567685589,0.0013100436681222707
8192,0.14736842105263157,0.0,0.005263157894736842,0.8473684210526315
8193,0.22971014492753622,0.029710144927536233,0.7289855072463768,0.011594202898550725
8194,0.5276679841897233,0.0,0.023715415019762844,0.44861660079051385
8195,0.017964071856287425,0.8203592814371258,0.16167664670658682,0.0
8196,0.011790393013100437,0.9759825327510917,0.010917030567685589,0.0013100436681222707
8197,0.22971014492753622,0.029710144927536233,0.7289855072463768,0.011594202898550725
8198,0.22971014492753622,0.029710144927536233,0.7289855072463768,0.011594202898550725
8199,0.3253424657534247,0.0,0.010273972602739725,0.6643835616438356
8200,0.011790393013100437,0.9759825327510917,0.010917030567685589,0.0013100436681222707
8201,0.011790393013100437,0.9759825327510917,0.010917030567685589,0.0013100436681222707
8202,0.14736842105263157,0.0,0.005263157894736842,0.8473684210526315
8203,0.0989010989010989,0.0,0.03663003663003663,0.8644688644688645
8204,0.3072916666666667,0.16145833333333334,0.5130208333333334,0.018229166666666668
8205,0.011790393013100437,0.9759825327510917,0.010917030567685589,0.0013100436681222707
8206,0.22971014492753622,0.029710144927536233,0.7289855072463768,0.011594202898550725
8207,0.0989010989010989,0.0,0.03663003663003663,0.8644688644688645
8208,0.011790393013100437,0.9759825327510917,0.010917030567685589,0.0013100436681222707
8209,0.22971014492753622,0.029710144927536233,0.7289855072463768,0.011594202898550725
8210,0.0989010989010989,0.0,0.03663003663003663,0.8644688644688645
8211,0.011790393013100437,0.9759825327510917,0.010917030567685589,0.0013100436681222707
8212,0.21052631578947367,0.0,0.0,0.7894736842105263
8213,0.8917525773195877,0.005154639175257732,0.04639175257731959,0.05670103092783505
8214,0.011790393013100437,0.9759825327510917,0.010917030567685589,0.0013100436681222707
8215,0.03856749311294766,0.8650137741046832,0.09090909090909091,0.005509641873278237
8216,0.22971014492753622,0.029710144927536233,0.7289855072463768,0.011594202898550725
8217,0.5679012345679012,0.0,0.0,0.43209876543209874
8218,0.08181818181818182,0.004545454545454545,0.004545454545454545,0.9090909090909091
8219,0.22971014492753622,0.029710144927536233,0.7289855072463768,0.011594202898550725
8220,0.13990825688073394,0.0,0.07339449541284404,0.786697247706422
8221,0.22971014492753622,0.029710144927536233,0.7289855072463768,0.011594202898550725
8222,0.011790393013100437,0.9759825327510917,0.010917030567685589,0.0013100436681222707
8223,0.13990825688073394,0.0,0.07339449541284404,0.786697247706422
8224,0.22971014492753622,0.029710144927536233,0.7289855072463768,0.011594202898550725
8225,0.22971014492753622,0.029710144927536233,0.7289855072463768,0.011594202898550725
8226,0.6724137931034483,0.008620689655172414,0.2413793103448276,0.07758620689655173
8227,0.3253424657534247,0.0,0.010273972602739725,0.6643835616438356
8228,0.03856749311294766,0.8650137741046832,0.09090909090909091,0.005509641873278237
8229,0.08181818181818182,0.004545454545454545,0.004545454545454545,0.9090909090909091
8230,0.3072916666666667,0.16145833333333334,0.5130208333333334,0.018229166666666668
8231,0.39574468085106385,0.0,0.03404255319148936,0.5702127659574469
8232,0.011790393013100437,0.9759825327510917,0.010917030567685589,0.0013100436681222707
8233,0.22971014492753622,0.029710144927536233,0.7289855072463768,0.011594202898550725
8234,0.011790393013100437,0.9759825327510917,0.010917030567685589,0.0013100436681222707
8235,0.3253424657534247,0.0,0.010273972602739725,0.6643835616438356
8236,0.011790393013100437,0.9759825327510917,0.010917030567685589,0.0013100436681222707
8237,0.22971014492753622,0.029710144927536233,0.7289855072463768,0.011594202898550725
8238,0.5276679841897233,0.0,0.023715415019762844,0.44861660079051385
8239,0.39574468085106385,0.0,0.03404255319148936,0.5702127659574469
8240,0.22971014492753622,0.029710144927536233,0.7289855072463768,0.011594202898550725
8241,0.075,0.2,0.725,0.0
8242,0.39574468085106385,0.0,0.03404255319148936,0.5702127659574469
8243,0.22971014492753622,0.029710144927536233,0.7289855072463768,0.011594202898550725
8244,0.5276679841897233,0.0,0.023715415019762844,0.44861660079051385
8245,0.14736842105263157,0.0,0.005263157894736842,0.8473684210526315
8246,0.011790393013100437,0.9759825327510917,0.010917030567685589,0.0013100436681222707
8247,0.011790393013100437,0.9759825327510917,0.010917030567685589,0.0013100436681222707
8248,0.0989010989010989,0.0,0.03663003663003663,0.8644688644688645
8249,0.6724137931034483,0.008620689655172414,0.2413793103448276,0.07758620689655173
8250,0.22971014492753622,0.029710144927536233,0.7289855072463768,0.011594202898550725
8251,0.011790393013100437,0.9759825327510917,0.010917030567685589,0.0013100436681222707
8252,0.8917525773195877,0.005154639175257732,0.04639175257731959,0.05670103092783505
8253,0.39574468085106385,0.0,0.03404255319148936,0.5702127659574469
8254,0.14736842105263157,0.0,0.005263157894736842,0.8473684210526315
8255,0.22971014492753622,0.029710144927536233,0.7289855072463768,0.011594202898550725
8256,0.22971014492753622,0.029710144927536233,0.7289855072463768,0.011594202898550725
8257,0.03856749311294766,0.8650137741046832,0.09090909090909091,0.005509641873278237
8258,0.13990825688073394,0.0,0.07339449541284404,0.786697247706422
8259,0.22971014492753622,0.029710144927536233,0.7289855072463768,0.011594202898550725
8260,0.011790393013100437,0.9759825327510917,0.010917030567685589,0.0013100436681222707
8261,0.011790393013100437,0.9759825327510917,0.010917030567685589,0.0013100436681222707
8262,0.452,0.096,0.448,0.004
8263,0.0989010989010989,0.0,0.03663003663003663,0.8644688644688645
8264,0.011790393013100437,0.9759825327510917,0.010917030567685589,0.0013100436681222707
8265,0.22971014492753622,0.029710144927536233,0.7289855072463768,0.011594202898550725
8266,0.03856749311294766,0.8650137741046832,0.09090909090909091,0.005509641873278237
8267,0.011790393013100437,0.9759825327510917,0.010917030567685589,0.0013100436681222707
8268,0.3072916666666667,0.16145833333333334,0.5130208333333334,0.018229166666666668
8269,0.011790393013100437,0.9759825327510917,0.010917030567685589,0.0013100436681222707
8270,0.011790393013100437,0.9759825327510917,0.010917030567685589,0.0013100436681222707
8271,0.03856749311294766,0.8650137741046832,0.09090909090909091,0.005509641873278237
8272,0.3072916666666667,0.16145833333333334,0.5130208333333334,0.018229166666666668
8273,0.3072916666666667,0.16145833333333334,0.5130208333333334,0.018229166666666668
8274,0.011790393013100437,0.9759825327510917,0.010917030567685589,0.0013100436681222707
8275,0.011790393013100437,0.9759825327510917,0.010917030567685589,0.0013100436681222707
8276,0.03205128205128205,0.11538461538461539,0.8461538461538461,0.00641025641025641
8277,0.13990825688073394,0.0,0.07339449541284404,0.786697247706422
8278,0.3072916666666667,0.16145833333333334,0.5130208333333334,0.018229166666666668
8279,0.3072916666666667,0.16145833333333334,0.5130208333333334,0.018229166666666668
8280,0.22971014492753622,0.029710144927536233,0.7289855072463768,0.011594202898550725
8281,0.011790393013100437,0.9759825327510917,0.010917030567685589,0.0013100436681222707
8282,0.13990825688073394,0.0,0.07339449541284404,0.786697247706422
8283,0.0,0.896551724137931,0.10344827586206896,0.0
8284,0.5276679841897233,0.0,0.023715415019762844,0.44861660079051385
8285,0.3253424657534247,0.0,0.010273972602739725,0.6643835616438356
8286,0.22971014492753622,0.029710144927536233,0.7289855072463768,0.011594202898550725
8287,0.3253424657534247,0.0,0.010273972602739725,0.6643835616438356
8288,0.0989010989010989,0.0,0.03663003663003663,0.8644688644688645
8289,0.39574468085106385,0.0,0.03404255319148936,0.5702127659574469
8290,0.011790393013100437,0.9759825327510917,0.010917030567685589,0.0013100436681222707
8291,0.5276679841897233,0.0,0.023715415019762844,0.44861660079051385
8292,0.03205128205128205,0.11538461538461539,0.8461538461538461,0.00641025641025641
8293,0.03856749311294766,0.8650137741046832,0.09090909090909091,0.005509641873278237
8294,0.22971014492753622,0.029710144927536233,0.7289855072463768,0.011594202898550725
8295,0.22971014492753622,0.029710144927536233,0.7289855072463768,0.011594202898550725
8296,0.3072916666666667,0.16145833333333334,0.5130208333333334,0.018229166666666668
8297,0.13990825688073394,0.0,0.07339449541284404,0.786697247706422
8298,0.8917525773195877,0.005154639175257732,0.04639175257731959,0.05670103092783505
8299,0.5276679841897233,0.0,0.023715415019762844,0.44861660079051385
8300,0.13990825688073394,0.0,0.07339449541284404,0.786697247706422
8301,0.03205128205128205,0.11538461538461539,0.8461538461538461,0.00641025641025641
8302,0.13990825688073394,0.0,0.07339449541284404,0.786697247706422
8303,0.011790393013100437,0.9759825327510917,0.010917030567685589,0.0013100436681222707
8304,0.22971014492753622,0.029710144927536233,0.7289855072463768,0.011594202898550725
8305,0.011790393013100437,0.9759825327510917,0.010917030567685589,0.0013100436681222707
8306,0.3072916666666667,0.16145833333333334,0.5130208333333334,0.018229166666666668
8307,0.011790393013100437,0.9759825327510917,0.010917030567685589,0.0013100436681222707
8308,0.22971014492753622,0.029710144927536233,0.7289855072463768,0.011594202898550725
8309,0.0989010989010989,0.0,0.03663003663003663,0.8644688644688645
8310,0.3072916666666667,0.16145833333333334,0.5130208333333334,0.018229166666666668
8311,0.011790393013100437,0.9759825327510917,0.010917030567685589,0.0013100436681222707
8312,0.8917525773195877,0.005154639175257732,0.04639175257731959,0.05670103092783505
8313,0.011790393013100437,0.9759825327510917,0.010917030567685589,0.0013100436681222707
8314,0.011790393013100437,0.9759825327510917,0.010917030567685589,0.0013100436681222707
8315,0.5276679841897233,0.0,0.023715415019762844,0.44861660079051385
8316,0.0989010989010989,0.0,0.03663003663003663,0.8644688644688645
8317,0.13990825688073394,0.0,0.07339449541284404,0.786697247706422
8318,0.3253424657534247,0.0,0.010273972602739725,0.6643835616438356
8319,0.2222222222222222,0.4888888888888889,0.28888888888888886,0.0
8320,0.13990825688073394,0.0,0.07339449541284404,0.786697247706422
8321,0.5679012345679012,0.0,0.0,0.43209876543209874
8322,0.011790393013100437,0.9759825327510917,0.010917030567685589,0.0013100436681222707
8323,0.5276679841897233,0.0,0.023715415019762844,0.44861660079051385
8324,0.011790393013100437,0.9759825327510917,0.010917030567685589,0.0013100436681222707
8325,0.39574468085106385,0.0,0.03404255319148936,0.5702127659574469
8326,0.011790393013100437,0.9759825327510917,0.010917030567685589,0.0013100436681222707
8327,0.011790393013100437,0.9759825327510917,0.010917030567685589,0.0013100436681222707
8328,0.39574468085106385,0.0,0.03404255319148936,0.5702127659574469
8329,0.011790393013100437,0.9759825327510917,0.010917030567685589,0.0013100436681222707
8330,0.5276679841897233,0.0,0.023715415019762844,0.44861660079051385
8331,0.5862068965517241,0.11494252873563218,0.26436781609195403,0.034482758620689655
8332,0.011790393013100437,0.9759825327510917,0.010917030567685589,0.0013100436681222707
8333,0.21052631578947367,0.0,0.0,0.7894736842105263
8334,0.5276679841897233,0.0,0.023715415019762844,0.44861660079051385
8335,0.0989010989010989,0.0,0.03663003663003663,0.8644688644688645
8336,0.3253424657534247,0.0,0.010273972602739725,0.6643835616438356
8337,0.22971014492753622,0.029710144927536233,0.7289855072463768,0.011594202898550725
8338,0.22971014492753622,0.029710144927536233,0.7289855072463768,0.011594202898550725
8339,0.0,0.896551724137931,0.10344827586206896,0.0
8340,0.452,0.096,0.448,0.004
8341,0.22971014492753622,0.029710144927536233,0.7289855072463768,0.011594202898550725
8342,0.452,0.096,0.448,0.004
8343,0.21052631578947367,0.0,0.0,0.7894736842105263
8344,0.22971014492753622,0.029710144927536233,0.7289855072463768,0.011594202898550725
8345,0.39574468085106385,0.0,0.03404255319148936,0.5702127659574469
8346,0.011790393013100437,0.9759825327510917,0.010917030567685589,0.0013100436681222707
8347,0.08181818181818182,0.004545454545454545,0.004545454545454545,0.9090909090909091
8348,0.075,0.2,0.725,0.0
8349,0.03856749311294766,0.8650137741046832,0.09090909090909091,0.005509641873278237
8350,0.5276679841897233,0.0,0.023715415019762844,0.44861660079051385
8351,0.22971014492753622,0.029710144927536233,0.7289855072463768,0.011594202898550725
8352,0.011790393013100437,0.9759825327510917,0.010917030567685589,0.0013100436681222707
8353,0.03205128205128205,0.11538461538461539,0.8461538461538461,0.00641025641025641
8354,0.13990825688073394,0.0,0.07339449541284404,0.786697247706422
8355,0.452,0.096,0.448,0.004
8356,0.3253424657534247,0.0,0.010273972602739725,0.6643835616438356
8357,0.22971014492753622,0.029710144927536233,0.7289855072463768,0.011594202898550725
8358,0.452,0.096,0.448,0.004
8359,0.13990825688073394,0.0,0.07339449541284404,0.786697247706422
8360,0.03205128205128205,0.11538461538461539,0.8461538461538461,0.00641025641025641
8361,0.011790393013100437,0.9759825327510917,0.010917030567685589,0.0013100436681222707
8362,0.011790393013100437,0.9759825327510917,0.010917030567685589,0.0013100436681222707
8363,0.03856749311294766,0.8650137741046832,0.09090909090909091,0.005509641873278237
8364,0.011790393013100437,0.9759825327510917,0.010917030567685589,0.0013100436681222707
8365,0.5276679841897233,0.0,0.023715415019762844,0.44861660079051385
8366,0.0989010989010989,0.0,0.03663003663003663,0.8644688644688645
8367,0.452,0.096,0.448,0.004
8368,0.0989010989010989,0.0,0.03663003663003663,0.8644688644688645
8369,0.13990825688073394,0.0,0.07339449541284404,0.786697247706422
8370,0.3253424657534247,0.0,0.010273972602739725,0.6643835616438356
8371,0.011790393013100437,0.9759825327510917,0.010917030567685589,0.0013100436681222707
8372,0.22971014492753622,0.029710144927536233,0.7289855072463768,0.011594202898550725
8373,0.21052631578947367,0.0,0.0,0.7894736842105263
8374,0.011790393013100437,0.9759825327510917,0.010917030567685589,0.0013100436681222707
8375,0.011790393013100437,0.9759825327510917,0.010917030567685589,0.0013100436681222707
8376,0.011790393013100437,0.9759825327510917,0.010917030567685589,0.0013100436681222707
8377,0.011790393013100437,0.9759825327510917,0.010917030567685589,0.0013100436681222707
8378,0.3253424657534247,0.0,0.010273972602739725,0.6643835616438356
8379,0.011790393013100437,0.9759825327510917,0.010917030567685589,0.0013100436681222707
8380,0.22971014492753622,0.029710144927536233,0.7289855072463768,0.011594202898550725
8381,0.42105263157894735,0.0,0.15789473684210525,0.42105263157894735
8382,0.03205128205128205,0.11538461538461539,0.8461538461538461,0.00641025641025641
8383,0.22971014492753622,0.029710144927536233,0.7289855072463768,0.011594202898550725
8384,0.2222222222222222,0.4888888888888889,0.28888888888888886,0.0
8385,0.011790393013100437,0.9759825327510917,0.010917030567685589,0.0013100436681222707
8386,0.011790393013100437,0.9759825327510917,0.010917030567685589,0.0013100436681222707
8387,0.011790393013100437,0.9759825327510917,0.010917030567685589,0.0013100436681222707
8388,0.3072916666666667,0.16145833333333334,0.5130208333333334,0.018229166666666668
8389,0.011790393013100437,0.9759825327510917,0.010917030567685589,0.0013100436681222707
8390,0.13990825688073394,0.0,0.07339449541284404,0.786697247706422
8391,0.5276679841897233,0.0,0.023715415019762844,0.44861660079051385
8392,0.011790393013100437,0.9759825327510917,0.010917030567685589,0.0013100436681222707
8393,1.0,0.0,0.0,0.0
8394,0.011790393013100437,0.9759825327510917,0.010917030567685589,0.0013100436681222707
8395,0.03856749311294766,0.8650137741046832,0.09090909090909091,0.005509641873278237
8396,0.22971014492753622,0.029710144927536233,0.7289855072463768,0.011594202898550725
8397,0.5306122448979592,0.4489795918367347,0.0,0.02040816326530612
8398,0.0,1.0,0.0,0.0
8399,0.011790393013100437,0.9759825327510917,0.010917030567685589,0.0013100436681222707
8400,0.13990825688073394,0.0,0.07339449541284404,0.786697247706422
8401,0.22971014492753622,0.029710144927536233,0.7289855072463768,0.011594202898550725
8402,0.5276679841897233,0.0,0.023715415019762844,0.44861660079051385
8403,0.0989010989010989,0.0,0.03663003663003663,0.8644688644688645
8404,0.6724137931034483,0.008620689655172414,0.2413793103448276,0.07758620689655173
8405,0.011790393013100437,0.9759825327510917,0.010917030567685589,0.0013100436681222707
8406,0.13990825688073394,0.0,0.07339449541284404,0.786697247706422
8407,0.22971014492753622,0.029710144927536233,0.7289855072463768,0.011594202898550725
8408,0.22971014492753622,0.029710144927536233,0.7289855072463768,0.011594202898550725
8409,0.5862068965517241,0.11494252873563218,0.26436781609195403,0.034482758620689655
8410,0.22971014492753622,0.029710144927536233,0.7289855072463768,0.011594202898550725
8411,0.22971014492753622,0.029710144927536233,0.7289855072463768,0.011594202898550725
8412,0.5276679841897233,0.0,0.023715415019762844,0.44861660079051385
8413,0.08181818181818182,0.004545454545454545,0.004545454545454545,0.9090909090909091
8414,0.3072916666666667,0.16145833333333334,0.5130208333333334,0.018229166666666668
8415,0.03205128205128205,0.11538461538461539,0.8461538461538461,0.00641025641025641
8416,0.13990825688073394,0.0,0.07339449541284404,0.786697247706422
8417,0.13990825688073394,0.0,0.07339449541284404,0.786697247706422
8418,0.011790393013100437,0.9759825327510917,0.010917030567685589,0.0013100436681222707
8419,0.011790393013100437,0.9759825327510917,0.010917030567685589,0.0013100436681222707
8420,0.011790393013100437,0.9759825327510917,0.010917030567685589,0.0013100436681222707
8421,0.13990825688073394,0.0,0.07339449541284404,0.786697247706422
8422,0.011790393013100437,0.9759825327510917,0.010917030567685589,0.0013100436681222707
8423,0.08974358974358974,0.5128205128205128,0.38461538461538464,0.01282051282051282
8424,0.452,0.096,0.448,0.004
8425,0.011790393013100437,0.9759825327510917,0.010917030567685589,0.0013100436681222707
8426,0.011790393013100437,0.9759825327510917,0.010917030567685589,0.0013100436681222707
8427,0.22971014492753622,0.029710144927536233,0.7289855072463768,0.011594202898550725
8428,0.39574468085106385,0.0,0.03404255319148936,0.5702127659574469
8429,0.5276679841897233,0.0,0.023715415019762844,0.44861660079051385
8430,0.017964071856287425,0.8203592814371258,0.16167664670658682,0.0
8431,0.22971014492753622,0.029710144927536233,0.7289855072463768,0.011594202898550725
8432,0.0,0.0,1.0,0.0
8433,0.03856749311294766,0.8650137741046832,0.09090909090909091,0.005509641873278237
8434,0.13990825688073394,0.0,0.07339449541284404,0.786697247706422
8435,0.22971014492753622,0.029710144927536233,0.7289855072463768,0.011594202898550725
8436,0.22971014492753622,0.029710144927536233,0.7289855072463768,0.011594202898550725
8437,0.03856749311294766,0.8650137741046832,0.09090909090909091,0.005509641873278237
8438,0.08181818181818182,0.004545454545454545,0.004545454545454545,0.9090909090909091
8439,0.22971014492753622,0.029710144927536233,0.7289855072463768,0.011594202898550725
8440,0.13990825688073394,0.0,0.07339449541284404,0.786697247706422
8441,0.22971014492753622,0.029710144927536233,0.7289855072463768,0.011594202898550725
8442,0.08974358974358974,0.5128205128205128,0.38461538461538464,0.01282051282051282
8443,0.3072916666666667,0.16145833333333334,0.5130208333333334,0.018229166666666668
8444,0.21739130434782608,0.0,0.03260869565217391,0.75
8445,0.011790393013100437,0.9759825327510917,0.010917030567685589,0.0013100436681222707
8446,0.13990825688073394,0.0,0.07339449541284404,0.786697247706422
8447,0.8917525773195877,0.005154639175257732,0.04639175257731959,0.05670103092783505
8448,0.3253424657534247,0.0,0.010273972602739725,0.6643835616438356
8449,0.39574468085106385,0.0,0.03404255319148936,0.5702127659574469
8450,0.6724137931034483,0.008620689655172414,0.2413793103448276,0.07758620689655173
8451,0.13990825688073394,0.0,0.07339449541284404,0.786697247706422
8452,0.2222222222222222,0.4888888888888889,0.28888888888888886,0.0
8453,0.9032258064516129,0.0,0.03225806451612903,0.06451612903225806
8454,0.011790393013100437,0.9759825327510917,0.010917030567685589,0.0013100436681222707
8455,0.3253424657534247,0.0,0.010273972602739725,0.6643835616438356
8456,0.14736842105263157,0.0,0.005263157894736842,0.8473684210526315
8457,0.13990825688073394,0.0,0.07339449541284404,0.786697247706422
8458,0.3072916666666667,0.16145833333333334,0.5130208333333334,0.018229166666666668
8459,0.03856749311294766,0.8650137741046832,0.09090909090909091,0.005509641873278237
8460,0.22971014492753622,0.029710144927536233,0.7289855072463768,0.011594202898550725
8461,0.011790393013100437,0.9759825327510917,0.010917030567685589,0.0013100436681222707
8462,0.22971014492753622,0.029710144927536233,0.7289855072463768,0.011594202898550725
8463,0.22971014492753622,0.029710144927536233,0.7289855072463768,0.011594202898550725
8464,0.03205128205128205,0.11538461538461539,0.8461538461538461,0.00641025641025641
8465,0.3253424657534247,0.0,0.010273972602739725,0.6643835616438356
8466,0.011790393013100437,0.9759825327510917,0.010917030567685589,0.0013100436681222707
8467,0.011790393013100437,0.9759825327510917,0.010917030567685589,0.0013100436681222707
8468,0.13990825688073394,0.0,0.07339449541284404,0.786697247706422
8469,0.011790393013100437,0.9759825327510917,0.010917030567685589,0.0013100436681222707
8470,0.21739130434782608,0.0,0.03260869565217391,0.75
8471,0.011790393013100437,0.9759825327510917,0.010917030567685589,0.0013100436681222707
8472,0.011790393013100437,0.9759825327510917,0.010917030567685589,0.0013100436681222707
8473,0.03856749311294766,0.8650137741046832,0.09090909090909091,0.005509641873278237
8474,0.39574468085106385,0.0,0.03404255319148936,0.5702127659574469
8475,0.22971014492753622,0.029710144927536233,0.7289855072463768,0.011594202898550725
8476,0.0989010989010989,0.0,0.03663003663003663,0.8644688644688645
8477,0.14736842105263157,0.0,0.005263157894736842,0.8473684210526315
8478,0.011790393013100437,0.9759825327510917,0.010917030567685589,0.0013100436681222707
8479,0.017964071856287425,0.8203592814371258,0.16167664670658682,0.0
8480,0.011790393013100437,0.9759825327510917,0.010917030567685589,0.0013100436681222707
8481,0.14736842105263157,0.0,0.005263157894736842,0.8473684210526315
8482,0.22971014492753622,0.029710144927536233,0.7289855072463768,0.011594202898550725
8483,0.011790393013100437,0.9759825327510917,0.010917030567685589,0.0013100436681222707
8484,0.3072916666666667,0.16145833333333334,0.5130208333333334,0.018229166666666668
8485,0.011790393013100437,0.9759825327510917,0.010917030567685589,0.0013100436681222707
8486,0.017964071856287425,0.8203592814371258,0.16167664670658682,0.0
8487,0.8917525773195877,0.005154639175257732,0.04639175257731959,0.05670103092783505
8488,0.011790393013100437,0.9759825327510917,0.010917030567685589,0.0013100436681222707
8489,0.075,0.2,0.725,0.0
8490,0.08974358974358974,0.5128205128205128,0.38461538461538464,0.01282051282051282
8491,0.011790393013100437,0.9759825327510917,0.010917030567685589,0.0013100436681222707
8492,0.3253424657534247,0.0,0.010273972602739725,0.6643835616438356
8493,0.011790393013100437,0.9759825327510917,0.010917030567685589,0.0013100436681222707
8494,0.22971014492753622,0.029710144927536233,0.7289855072463768,0.011594202898550725
8495,0.5862068965517241,0.11494252873563218,0.26436781609195403,0.034482758620689655
8496,0.452,0.096,0.448,0.004
8497,0.2222222222222222,0.4888888888888889,0.28888888888888886,0.0
8498,0.011790393013100437,0.9759825327510917,0.010917030567685589,0.0013100436681222707
8499,0.011790393013100437,0.9759825327510917,0.010917030567685589,0.0013100436681222707
8500,0.13990825688073394,0.0,0.07339449541284404,0.786697247706422
8501,0.6724137931034483,0.008620689655172414,0.2413793103448276,0.07758620689655173
8502,0.3072916666666667,0.16145833333333334,0.5130208333333334,0.018229166666666668
8503,0.03856749311294766,0.8650137741046832,0.09090909090909091,0.005509641873278237
8504,0.13990825688073394,0.0,0.07339449541284404,0.786697247706422
8505,0.011790393013100437,0.9759825327510917,0.010917030567685589,0.0013100436681222707
8506,0.011790393013100437,0.9759825327510917,0.010917030567685589,0.0013100436681222707
8507,0.011790393013100437,0.9759825327510917,0.010917030567685589,0.0013100436681222707
8508,0.03856749311294766,0.8650137741046832,0.09090909090909091,0.005509641873278237
8509,0.0,0.0,0.0,1.0
8510,0.13990825688073394,0.0,0.07339449541284404,0.786697247706422
8511,0.0,0.0,0.0,1.0
8512,0.011790393013100437,0.9759825327510917,0.010917030567685589,0.0013100436681222707
8513,0.22971014492753622,0.029710144927536233,0.7289855072463768,0.011594202898550725
8514,0.03856749311294766,0.8650137741046832,0.09090909090909091,0.005509641873278237
8515,0.011790393013100437,0.9759825327510917,0.010917030567685589,0.0013100436681222707
