,0,1,2,3
0,0.24671842605155303,0.28551653147963335,0.24494252031088815,0.22282252215792553
1,0.27591644091312084,0.2227670888677687,0.23217190276671734,0.2691445674523932
2,0.24958380963190333,0.22459757429554866,0.24978141890645997,0.276037197166088
3,0.24958380963190333,0.22459757429554866,0.24978141890645997,0.276037197166088
4,0.22227151140003337,0.28670065013448653,0.2687563270654467,0.22227151140003337
5,0.24958380963190333,0.22459757429554866,0.24978141890645997,0.276037197166088
6,0.2496954367227103,0.2478443453489495,0.27470048157743304,0.22775973635090707
7,0.24958380963190333,0.22459757429554866,0.24978141890645997,0.276037197166088
8,0.22227151140003337,0.28670065013448653,0.2687563270654467,0.22227151140003337
9,0.22227151140003337,0.28670065013448653,0.2687563270654467,0.22227151140003337
10,0.2709145832056522,0.22302674288763125,0.2403985343898644,0.26566013951685236
11,0.24671842605155303,0.28551653147963335,0.24494252031088815,0.22282252215792553
12,0.2764223240926711,0.2461650096075887,0.24969487650034067,0.22771778979939955
13,0.24973808021879731,0.2247364006066489,0.25959378019870055,0.26593173897585326
14,0.2686105331336013,0.22279506403807978,0.2329553084817064,0.27563909434661255
15,0.25424383883132545,0.27297867081129507,0.2496458158548476,0.22313167450253185
16,0.24958380963190333,0.22459757429554866,0.24978141890645997,0.276037197166088
17,0.22227151140003337,0.28670065013448653,0.2687563270654467,0.22227151140003337
18,0.24958380963190333,0.22459757429554866,0.24978141890645997,0.276037197166088
19,0.24194968366543873,0.28549982092983456,0.24974101447714078,0.22280948092758585
20,0.24976552497064355,0.24357272518764644,0.2747775886151622,0.23188416122654784
21,0.24671842605155303,0.28551653147963335,0.24494252031088815,0.22282252215792553
22,0.24958380963190333,0.22459757429554866,0.24978141890645997,0.276037197166088
23,0.2756358381517024,0.22254053817697775,0.2264994253397732,0.27532419833154664
24,0.24958380963190333,0.22459757429554866,0.24978141890645997,0.276037197166088
25,0.22227151140003337,0.28670065013448653,0.2687563270654467,0.22227151140003337
26,0.22227151140003337,0.28670065013448653,0.2687563270654467,0.22227151140003337
27,0.2496954367227103,0.2478443453489495,0.27470048157743304,0.22775973635090707
28,0.24976552497064355,0.24357272518764644,0.2747775886151622,0.23188416122654784
29,0.24671842605155303,0.28551653147963335,0.24494252031088815,0.22282252215792553
30,0.2496954367227103,0.2478443453489495,0.27470048157743304,0.22775973635090707
31,0.22227151140003337,0.28670065013448653,0.2687563270654467,0.22227151140003337
32,0.23133784794858225,0.26683651310152184,0.27435355032843534,0.22747208862146057
33,0.24976552497064355,0.24357272518764644,0.2747775886151622,0.23188416122654784
34,0.2496954367227103,0.2478443453489495,0.27470048157743304,0.22775973635090707
35,0.22227151140003337,0.28670065013448653,0.2687563270654467,0.22227151140003337
36,0.22227151140003337,0.28670065013448653,0.2687563270654467,0.22227151140003337
37,0.22227151140003337,0.28670065013448653,0.2687563270654467,0.22227151140003337
38,0.2760473864467348,0.2228728105682476,0.23560302121672097,0.26547678176829653
39,0.24958380963190333,0.22459757429554866,0.24978141890645997,0.276037197166088
40,0.22227151140003337,0.28670065013448653,0.2687563270654467,0.22227151140003337
41,0.24368050777102804,0.2855120587271474,0.24798840196486135,0.2228190315369631
42,0.24976552497064355,0.24357272518764644,0.2747775886151622,0.23188416122654784
43,0.22227151140003337,0.28670065013448653,0.2687563270654467,0.22227151140003337
44,0.2496954367227103,0.2478443453489495,0.27470048157743304,0.22775973635090707
45,0.2764223240926711,0.2461650096075887,0.24969487650034067,0.22771778979939955
46,0.2644829580810333,0.22290787370111398,0.23683050725432914,0.2757786609635237
47,0.22681571995332445,0.2767465803792093,0.2738842887563536,0.22255341091111264
48,0.22227151140003337,0.28670065013448653,0.2687563270654467,0.22227151140003337
49,0.22840169320237919,0.279448625928819,0.2695436694837609,0.22260601138504085
50,0.2381928573629116,0.2854486199762488,0.25358899992956463,0.22276952273127495
51,0.24958380963190333,0.22459757429554866,0.24978141890645997,0.276037197166088
52,0.24958380963190333,0.22459757429554866,0.24978141890645997,0.276037197166088
53,0.22227151140003337,0.28670065013448653,0.2687563270654467,0.22227151140003337
54,0.2496954367227103,0.2478443453489495,0.27470048157743304,0.22775973635090707
55,0.24958380963190333,0.22459757429554866,0.24978141890645997,0.276037197166088
56,0.22227151140003337,0.28670065013448653,0.2687563270654467,0.22227151140003337
57,0.25890694956898636,0.24206462926270614,0.2670505992514709,0.23197782191683675
58,0.27649198822892346,0.24191539794815328,0.2497578047676401,0.23183480905528323
59,0.2764223240926711,0.2461650096075887,0.24969487650034067,0.22771778979939955
60,0.2668194301038902,0.22307990072469178,0.24240929217412852,0.2676913769972895
61,0.22227151140003337,0.28670065013448653,0.2687563270654467,0.22227151140003337
62,0.24958380963190333,0.22459757429554866,0.24978141890645997,0.276037197166088
63,0.22680395398311315,0.2793681010290941,0.27128607894139994,0.22254186604639276
64,0.27649198822892346,0.24191539794815328,0.2497578047676401,0.23183480905528323
65,0.22227151140003337,0.28670065013448653,0.2687563270654467,0.22227151140003337
66,0.24974637905356042,0.22474386863175846,0.2616096963255617,0.2639000559891193
67,0.22227151140003337,0.28670065013448653,0.2687563270654467,0.22227151140003337
68,0.22227151140003337,0.28670065013448653,0.2687563270654467,0.22227151140003337
69,0.24671842605155303,0.28551653147963335,0.24494252031088815,0.22282252215792553
70,0.22227151140003337,0.28670065013448653,0.2687563270654467,0.22227151140003337
71,0.22227151140003337,0.28670065013448653,0.2687563270654467,0.22227151140003337
72,0.22367094972152926,0.2851186955091336,0.2688562244798326,0.22235413028950457
73,0.24958380963190333,0.22459757429554866,0.24978141890645997,0.276037197166088
74,0.24958380963190333,0.22459757429554866,0.24978141890645997,0.276037197166088
75,0.24671842605155303,0.28551653147963335,0.24494252031088815,0.22282252215792553
76,0.22227151140003337,0.28670065013448653,0.2687563270654467,0.22227151140003337
77,0.2756358381517024,0.22254053817697775,0.2264994253397732,0.27532419833154664
78,0.2496954367227103,0.2478443453489495,0.27470048157743304,0.22775973635090707
79,0.24973808021879731,0.2247364006066489,0.25959378019870055,0.26593173897585326
80,0.24958380963190333,0.22459757429554866,0.24978141890645997,0.276037197166088
81,0.2764223240926711,0.2461650096075887,0.24969487650034067,0.22771778979939955
82,0.2764223240926711,0.2461650096075887,0.24969487650034067,0.22771778979939955
83,0.22227151140003337,0.28670065013448653,0.2687563270654467,0.22227151140003337
84,0.24958380963190333,0.22459757429554866,0.24978141890645997,0.276037197166088
85,0.22227151140003337,0.28670065013448653,0.2687563270654467,0.22227151140003337
86,0.24958380963190333,0.22459757429554866,0.24978141890645997,0.276037197166088
87,0.22227151140003337,0.28670065013448653,0.2687563270654467,0.22227151140003337
88,0.22680395398311315,0.2793681010290941,0.27128607894139994,0.22254186604639276
89,0.24671842605155303,0.28551653147963335,0.24494252031088815,0.22282252215792553
90,0.22227151140003337,0.28670065013448653,0.2687563270654467,0.22227151140003337
91,0.27055697202169154,0.22273234434830128,0.2311491852506253,0.27556149837938193
92,0.25662894851913526,0.2655761118425382,0.24989481190383026,0.22790012773449628
93,0.27577657016555096,0.22265416120332512,0.2291405938810971,0.2724286747500267
94,0.24958380963190333,0.22459757429554866,0.24978141890645997,0.276037197166088
95,0.22227151140003337,0.28670065013448653,0.2687563270654467,0.22227151140003337
96,0.22227151140003337,0.28670065013448653,0.2687563270654467,0.22227151140003337
97,0.27649198822892346,0.24191539794815328,0.2497578047676401,0.23183480905528323
98,0.22227151140003337,0.28670065013448653,0.2687563270654467,0.22227151140003337
99,0.2496954367227103,0.2478443453489495,0.27470048157743304,0.22775973635090707
100,0.2764120288420475,0.2287510994160474,0.24156772107180732,0.2532691506700977
101,0.2764223240926711,0.2461650096075887,0.24969487650034067,0.22771778979939955
102,0.2496954367227103,0.2478443453489495,0.27470048157743304,0.22775973635090707
103,0.251267088896921,0.2245953318658973,0.24810313808481183,0.2760344411523699
104,0.24976552497064355,0.24357272518764644,0.2747775886151622,0.23188416122654784
105,0.22227151140003337,0.28670065013448653,0.2687563270654467,0.22227151140003337
106,0.2516725393714356,0.27812935170325814,0.24717265347449,0.22302545545081615
107,0.22227151140003337,0.28670065013448653,0.2687563270654467,0.22227151140003337
108,0.2351215148741415,0.2628034726994304,0.2744898855280228,0.22758512689840524
109,0.22227151140003337,0.28670065013448653,0.2687563270654467,0.22227151140003337
110,0.27240127288181515,0.22266736720773445,0.22945025038643385,0.2754811095240166
111,0.2764223240926711,0.2461650096075887,0.24969487650034067,0.22771778979939955
112,0.24972282926461628,0.2247226764499426,0.2576696548611619,0.2678848394242792
113,0.22227151140003337,0.28670065013448653,0.2687563270654467,0.22227151140003337
114,0.22227151140003337,0.28670065013448653,0.2687563270654467,0.22227151140003337
115,0.2351215148741415,0.2628034726994304,0.2744898855280228,0.22758512689840524
116,0.2756358381517024,0.22254053817697775,0.2264994253397732,0.27532419833154664
117,0.23707778393390375,0.2607430610461055,0.274546821419828,0.2276323336001627
118,0.2756358381517024,0.22254053817697775,0.2264994253397732,0.27532419833154664
119,0.2496954367227103,0.2478443453489495,0.27470048157743304,0.22775973635090707
120,0.24991780735486605,0.23052533148517196,0.26600601904899385,0.2535508421109681
121,0.22227151140003337,0.28670065013448653,0.2687563270654467,0.22227151140003337
122,0.2496954367227103,0.2478443453489495,0.27470048157743304,0.22775973635090707
123,0.22912941785406846,0.2742043441954423,0.2740103731474893,0.22265586480299995
124,0.24958380963190333,0.22459757429554866,0.24978141890645997,0.276037197166088
125,0.2756358381517024,0.22254053817697775,0.2264994253397732,0.27532419833154664
126,0.24958380963190333,0.22459757429554866,0.24978141890645997,0.276037197166088
127,0.27649198822892346,0.24191539794815328,0.2497578047676401,0.23183480905528323
128,0.24194968366543873,0.28549982092983456,0.24974101447714078,0.22280948092758585
129,0.2712425395935507,0.2288838560987548,0.24645746779857391,0.2534161365091206
130,0.22227151140003337,0.28670065013448653,0.2687563270654467,0.22227151140003337
131,0.24976552497064355,0.24357272518764644,0.2747775886151622,0.23188416122654784
132,0.22227151140003337,0.28670065013448653,0.2687563270654467,0.22227151140003337
133,0.27649198822892346,0.24191539794815328,0.2497578047676401,0.23183480905528323
134,0.22227151140003337,0.28670065013448653,0.2687563270654467,0.22227151140003337
135,0.22227151140003337,0.28670065013448653,0.2687563270654467,0.22227151140003337
136,0.2764223240926711,0.2461650096075887,0.24969487650034067,0.22771778979939955
137,0.2496954367227103,0.2478443453489495,0.27470048157743304,0.22775973635090707
138,0.24958380963190333,0.22459757429554866,0.24978141890645997,0.276037197166088
139,0.24976552497064355,0.24357272518764644,0.2747775886151622,0.23188416122654784
140,0.2756358381517024,0.22254053817697775,0.2264994253397732,0.27532419833154664
141,0.22227151140003337,0.28670065013448653,0.2687563270654467,0.22227151140003337
142,0.22681571995332445,0.2767465803792093,0.2738842887563536,0.22255341091111264
143,0.22227151140003337,0.28670065013448653,0.2687563270654467,0.22227151140003337
144,0.24958380963190333,0.22459757429554866,0.24978141890645997,0.276037197166088
145,0.22227151140003337,0.28670065013448653,0.2687563270654467,0.22227151140003337
146,0.24973808021879731,0.2247364006066489,0.25959378019870055,0.26593173897585326
147,0.22227151140003337,0.28670065013448653,0.2687563270654467,0.22227151140003337
148,0.22912941785406846,0.2742043441954423,0.2740103731474893,0.22265586480299995
149,0.24671842605155303,0.28551653147963335,0.24494252031088815,0.22282252215792553
150,0.2765487086363895,0.23569615097861057,0.24692313077228814,0.24083200961271184
151,0.23124781475814604,0.2692362700512223,0.2742467760774314,0.2252691391132003
152,0.2496954367227103,0.2478443453489495,0.27470048157743304,0.22775973635090707
153,0.22227151140003337,0.28670065013448653,0.2687563270654467,0.22227151140003337
154,0.2496954367227103,0.2478443453489495,0.27470048157743304,0.22775973635090707
155,0.24976552497064355,0.24357272518764644,0.2747775886151622,0.23188416122654784
156,0.24958380963190333,0.22459757429554866,0.24978141890645997,0.276037197166088
157,0.24958380963190333,0.22459757429554866,0.24978141890645997,0.276037197166088
158,0.22227151140003337,0.28670065013448653,0.2687563270654467,0.22227151140003337
159,0.22680395398311315,0.2793681010290941,0.27128607894139994,0.22254186604639276
160,0.22227151140003337,0.28670065013448653,0.2687563270654467,0.22227151140003337
161,0.22227151140003337,0.28670065013448653,0.2687563270654467,0.22227151140003337
162,0.22227151140003337,0.28670065013448653,0.2687563270654467,0.22227151140003337
163,0.24958380963190333,0.22459757429554866,0.24978141890645997,0.276037197166088
164,0.22227151140003337,0.28670065013448653,0.2687563270654467,0.22227151140003337
165,0.24958380963190333,0.22459757429554866,0.24978141890645997,0.276037197166088
166,0.2764223240926711,0.2461650096075887,0.24969487650034067,0.22771778979939955
167,0.2765487086363895,0.23569615097861057,0.24692313077228814,0.24083200961271184
168,0.2756358381517024,0.22254053817697775,0.2264994253397732,0.27532419833154664
169,0.24958380963190333,0.22459757429554866,0.24978141890645997,0.276037197166088
170,0.2756358381517024,0.22254053817697775,0.2264994253397732,0.27532419833154664
171,0.22227151140003337,0.28670065013448653,0.2687563270654467,0.22227151140003337
172,0.24976552497064355,0.24357272518764644,0.2747775886151622,0.23188416122654784
173,0.2764223240926711,0.2461650096075887,0.24969487650034067,0.22771778979939955
174,0.2292504711286587,0.2714005244888186,0.2741551378540549,0.22519386652846785
175,0.2496954367227103,0.2478443453489495,0.27470048157743304,0.22775973635090707
176,0.22227151140003337,0.28670065013448653,0.2687563270654467,0.22227151140003337
177,0.22227151140003337,0.28670065013448653,0.2687563270654467,0.22227151140003337
178,0.22227151140003337,0.28670065013448653,0.2687563270654467,0.22227151140003337
179,0.2756358381517024,0.22254053817697775,0.2264994253397732,0.27532419833154664
180,0.2496954367227103,0.2478443453489495,0.27470048157743304,0.22775973635090707
181,0.24958380963190333,0.22459757429554866,0.24978141890645997,0.276037197166088
182,0.2496954367227103,0.2478443453489495,0.27470048157743304,0.22775973635090707
183,0.24671842605155303,0.28551653147963335,0.24494252031088815,0.22282252215792553
184,0.24958380963190333,0.22459757429554866,0.24978141890645997,0.276037197166088
185,0.24292283574736154,0.25468507578998073,0.27466323445544255,0.22772885400721524
186,0.27649198822892346,0.24191539794815328,0.2497578047676401,0.23183480905528323
187,0.24958380963190333,0.22459757429554866,0.24978141890645997,0.276037197166088
188,0.24012407192037208,0.28547918522123267,0.25160336642960446,0.22279337642879077
189,0.27055697202169154,0.22273234434830128,0.2311491852506253,0.27556149837938193
190,0.22227151140003337,0.28670065013448653,0.2687563270654467,0.22227151140003337
191,0.2644829580810333,0.22290787370111398,0.23683050725432914,0.2757786609635237
192,0.24958380963190333,0.22459757429554866,0.24978141890645997,0.276037197166088
193,0.22227151140003337,0.28670065013448653,0.2687563270654467,0.22227151140003337
194,0.22227151140003337,0.28670065013448653,0.2687563270654467,0.22227151140003337
195,0.24958380963190333,0.22459757429554866,0.24978141890645997,0.276037197166088
196,0.2496954367227103,0.2478443453489495,0.27470048157743304,0.22775973635090707
197,0.2764223240926711,0.2461650096075887,0.24969487650034067,0.22771778979939955
198,0.24964839435044703,0.22465569333437121,0.25263047797959803,0.2730654343355838
199,0.22227151140003337,0.28670065013448653,0.2687563270654467,0.22227151140003337
200,0.22227151140003337,0.28670065013448653,0.2687563270654467,0.22227151140003337
201,0.23707778393390375,0.2607430610461055,0.274546821419828,0.2276323336001627
202,0.27649198822892346,0.24191539794815328,0.2497578047676401,0.23183480905528323
203,0.2496954367227103,0.2478443453489495,0.27470048157743304,0.22775973635090707
204,0.23124781475814604,0.2692362700512223,0.2742467760774314,0.2252691391132003
205,0.2764223240926711,0.2461650096075887,0.24969487650034067,0.22771778979939955
206,0.22227151140003337,0.28670065013448653,0.2687563270654467,0.22227151140003337
207,0.22227151140003337,0.28670065013448653,0.2687563270654467,0.22227151140003337
208,0.24671842605155303,0.28551653147963335,0.24494252031088815,0.22282252215792553
209,0.24958380963190333,0.22459757429554866,0.24978141890645997,0.276037197166088
210,0.2756358381517024,0.22254053817697775,0.2264994253397732,0.27532419833154664
211,0.24958380963190333,0.22459757429554866,0.24978141890645997,0.276037197166088
212,0.22227151140003337,0.28670065013448653,0.2687563270654467,0.22227151140003337
213,0.2496954367227103,0.2478443453489495,0.27470048157743304,0.22775973635090707
214,0.27240127288181515,0.22266736720773445,0.22945025038643385,0.2754811095240166
215,0.2756358381517024,0.22254053817697775,0.2264994253397732,0.27532419833154664
216,0.22227151140003337,0.28670065013448653,0.2687563270654467,0.22227151140003337
217,0.25142131247746086,0.2478831256021084,0.2729001879590604,0.22779537396137045
218,0.2351215148741415,0.2628034726994304,0.2744898855280228,0.22758512689840524
219,0.2496954367227103,0.2478443453489495,0.27470048157743304,0.22775973635090707
220,0.255234479839383,0.24367337866608385,0.2691121569470284,0.2319799845475047
221,0.24958380963190333,0.22459757429554866,0.24978141890645997,0.276037197166088
222,0.2496954367227103,0.2478443453489495,0.27470048157743304,0.22775973635090707
223,0.24958380963190333,0.22459757429554866,0.24978141890645997,0.276037197166088
224,0.27277843642878913,0.2229756697832803,0.23864659041947803,0.26559930336845256
225,0.2756358381517024,0.22254053817697775,0.2264994253397732,0.27532419833154664
226,0.2496954367227103,0.2478443453489495,0.27470048157743304,0.22775973635090707
227,0.2496954367227103,0.2478443453489495,0.27470048157743304,0.22775973635090707
228,0.24958380963190333,0.22459757429554866,0.24978141890645997,0.276037197166088
229,0.22227151140003337,0.28670065013448653,0.2687563270654467,0.22227151140003337
230,0.24958380963190333,0.22459757429554866,0.24978141890645997,0.276037197166088
231,0.24958380963190333,0.22459757429554866,0.24978141890645997,0.276037197166088
232,0.2756358381517024,0.22254053817697775,0.2264994253397732,0.27532419833154664
233,0.22227151140003337,0.28670065013448653,0.2687563270654467,0.22227151140003337
234,0.2306621982024805,0.2852415355675873,0.2614883561030077,0.2226079101269245
235,0.255234479839383,0.24367337866608385,0.2691121569470284,0.2319799845475047
236,0.2306621982024805,0.2852415355675873,0.2614883561030077,0.2226079101269245
237,0.22227151140003337,0.28670065013448653,0.2687563270654467,0.22227151140003337
238,0.22227151140003337,0.28670065013448653,0.2687563270654467,0.22227151140003337
239,0.2756358381517024,0.22254053817697775,0.2264994253397732,0.27532419833154664
240,0.22227151140003337,0.28670065013448653,0.2687563270654467,0.22227151140003337
241,0.24958380963190333,0.22459757429554866,0.24978141890645997,0.276037197166088
242,0.2756358381517024,0.22254053817697775,0.2264994253397732,0.27532419833154664
243,0.24958380963190333,0.22459757429554866,0.24978141890645997,0.276037197166088
244,0.2306621982024805,0.2852415355675873,0.2614883561030077,0.2226079101269245
245,0.24958380963190333,0.22459757429554866,0.24978141890645997,0.276037197166088
246,0.24976552497064355,0.24357272518764644,0.2747775886151622,0.23188416122654784
247,0.24958380963190333,0.22459757429554866,0.24978141890645997,0.276037197166088
248,0.24972282926461628,0.2247226764499426,0.2576696548611619,0.2678848394242792
249,0.22227151140003337,0.28670065013448653,0.2687563270654467,0.22227151140003337
250,0.27649198822892346,0.24191539794815328,0.2497578047676401,0.23183480905528323
251,0.24964839435044703,0.22465569333437121,0.25263047797959803,0.2730654343355838
252,0.2764223240926711,0.2461650096075887,0.24969487650034067,0.22771778979939955
253,0.24972282926461628,0.2247226764499426,0.2576696548611619,0.2678848394242792
254,0.22227151140003337,0.28670065013448653,0.2687563270654467,0.22227151140003337
255,0.2496954367227103,0.2478443453489495,0.27470048157743304,0.22775973635090707
256,0.2496954367227103,0.2478443453489495,0.27470048157743304,0.22775973635090707
257,0.24958380963190333,0.22459757429554866,0.24978141890645997,0.276037197166088
258,0.2756358381517024,0.22254053817697775,0.2264994253397732,0.27532419833154664
259,0.22227151140003337,0.28670065013448653,0.2687563270654467,0.22227151140003337
260,0.23133784794858225,0.26683651310152184,0.27435355032843534,0.22747208862146057
261,0.2306621982024805,0.2852415355675873,0.2614883561030077,0.2226079101269245
262,0.22227151140003337,0.28670065013448653,0.2687563270654467,0.22227151140003337
263,0.2756358381517024,0.22254053817697775,0.2264994253397732,0.27532419833154664
264,0.251267088896921,0.2245953318658973,0.24810313808481183,0.2760344411523699
265,0.22227151140003337,0.28670065013448653,0.2687563270654467,0.22227151140003337
266,0.22227151140003337,0.28670065013448653,0.2687563270654467,0.22227151140003337
267,0.24958380963190333,0.22459757429554866,0.24978141890645997,0.276037197166088
268,0.2496954367227103,0.2478443453489495,0.27470048157743304,0.22775973635090707
269,0.22227151140003337,0.28670065013448653,0.2687563270654467,0.22227151140003337
270,0.2353326953614133,0.27790728234081064,0.2639126391014638,0.22284738319631214
271,0.2496954367227103,0.2478443453489495,0.27470048157743304,0.22775973635090707
272,0.24671842605155303,0.28551653147963335,0.24494252031088815,0.22282252215792553
273,0.24671842605155303,0.28551653147963335,0.24494252031088815,0.22282252215792553
274,0.22227151140003337,0.28670065013448653,0.2687563270654467,0.22227151140003337
275,0.2292504711286587,0.2714005244888186,0.2741551378540549,0.22519386652846785
276,0.24671842605155303,0.28551653147963335,0.24494252031088815,0.22282252215792553
277,0.24958380963190333,0.22459757429554866,0.24978141890645997,0.276037197166088
278,0.24671842605155303,0.28551653147963335,0.24494252031088815,0.22282252215792553
279,0.24292283574736154,0.25468507578998073,0.27466323445544255,0.22772885400721524
280,0.24976552497064355,0.24357272518764644,0.2747775886151622,0.23188416122654784
281,0.24989926473259494,0.23738924308673573,0.27174866328989533,0.24096282889077394
282,0.2764223240926711,0.2461650096075887,0.24969487650034067,0.22771778979939955
283,0.2756358381517024,0.22254053817697775,0.2264994253397732,0.27532419833154664
284,0.27649198822892346,0.24191539794815328,0.2497578047676401,0.23183480905528323
285,0.27055697202169154,0.22273234434830128,0.2311491852506253,0.27556149837938193
286,0.22227151140003337,0.28670065013448653,0.2687563270654467,0.22227151140003337
287,0.22227151140003337,0.28670065013448653,0.2687563270654467,0.22227151140003337
288,0.2496954367227103,0.2478443453489495,0.27470048157743304,0.22775973635090707
289,0.22227151140003337,0.28670065013448653,0.2687563270654467,0.22227151140003337
290,0.24671842605155303,0.28551653147963335,0.24494252031088815,0.22282252215792553
291,0.22227151140003337,0.28670065013448653,0.2687563270654467,0.22227151140003337
292,0.24958380963190333,0.22459757429554866,0.24978141890645997,0.276037197166088
293,0.24958380963190333,0.22459757429554866,0.24978141890645997,0.276037197166088
294,0.24958380963190333,0.22459757429554866,0.24978141890645997,0.276037197166088
295,0.24671842605155303,0.28551653147963335,0.24494252031088815,0.22282252215792553
296,0.2292504711286587,0.2714005244888186,0.2741551378540549,0.22519386652846785
297,0.22227151140003337,0.28670065013448653,0.2687563270654467,0.22227151140003337
298,0.24958380963190333,0.22459757429554866,0.24978141890645997,0.276037197166088
299,0.22227151140003337,0.28670065013448653,0.2687563270654467,0.22227151140003337
300,0.2756358381517024,0.22254053817697775,0.2264994253397732,0.27532419833154664
301,0.2764223240926711,0.2461650096075887,0.24969487650034067,0.22771778979939955
302,0.23133784794858225,0.26683651310152184,0.27435355032843534,0.22747208862146057
303,0.24958380963190333,0.22459757429554866,0.24978141890645997,0.276037197166088
304,0.24991780735486605,0.23052533148517196,0.26600601904899385,0.2535508421109681
305,0.27649198822892346,0.24191539794815328,0.2497578047676401,0.23183480905528323
306,0.24671842605155303,0.28551653147963335,0.24494252031088815,0.22282252215792553
307,0.27055697202169154,0.22273234434830128,0.2311491852506253,0.27556149837938193
308,0.27649198822892346,0.24191539794815328,0.2497578047676401,0.23183480905528323
309,0.2686105331336013,0.22279506403807978,0.2329553084817064,0.27563909434661255
310,0.2756358381517024,0.22254053817697775,0.2264994253397732,0.27532419833154664
311,0.24958380963190333,0.22459757429554866,0.24978141890645997,0.276037197166088
312,0.2665502291945223,0.22285482973899404,0.2348819053884322,0.2757130356780515
313,0.24958380963190333,0.22459757429554866,0.24978141890645997,0.276037197166088
314,0.2496954367227103,0.2478443453489495,0.27470048157743304,0.22775973635090707
315,0.24671842605155303,0.28551653147963335,0.24494252031088815,0.22282252215792553
316,0.2764223240926711,0.2461650096075887,0.24969487650034067,0.22771778979939955
317,0.24958380963190333,0.22459757429554866,0.24978141890645997,0.276037197166088
318,0.2292504711286587,0.2714005244888186,0.2741551378540549,0.22519386652846785
319,0.27649198822892346,0.24191539794815328,0.2497578047676401,0.23183480905528323
320,0.22227151140003337,0.28670065013448653,0.2687563270654467,0.22227151140003337
321,0.24976552497064355,0.24357272518764644,0.2747775886151622,0.23188416122654784
322,0.24958380963190333,0.22459757429554866,0.24978141890645997,0.276037197166088
323,0.2764223240926711,0.2461650096075887,0.24969487650034067,0.22771778979939955
324,0.22227151140003337,0.28670065013448653,0.2687563270654467,0.22227151140003337
325,0.27649198822892346,0.24191539794815328,0.2497578047676401,0.23183480905528323
326,0.22227151140003337,0.28670065013448653,0.2687563270654467,0.22227151140003337
327,0.24958380963190333,0.22459757429554866,0.24978141890645997,0.276037197166088
328,0.24671842605155303,0.28551653147963335,0.24494252031088815,0.22282252215792553
329,0.24989926473259494,0.23738924308673573,0.27174866328989533,0.24096282889077394
330,0.22227151140003337,0.28670065013448653,0.2687563270654467,0.22227151140003337
331,0.22227151140003337,0.28670065013448653,0.2687563270654467,0.22227151140003337
332,0.22227151140003337,0.28670065013448653,0.2687563270654467,0.22227151140003337
333,0.24823410045200106,0.28389801300795603,0.2449963740274313,0.22287151251261153
334,0.23133784794858225,0.26683651310152184,0.27435355032843534,0.22747208862146057
335,0.24671842605155303,0.28551653147963335,0.24494252031088815,0.22282252215792553
336,0.26282835950317324,0.2593456232130386,0.24991106603656116,0.22791495124722694
337,0.24958380963190333,0.22459757429554866,0.24978141890645997,0.276037197166088
338,0.22227151140003337,0.28670065013448653,0.2687563270654467,0.22227151140003337
339,0.2543734920802728,0.27018242540268733,0.24977312431298168,0.22567095820405808
340,0.24958380963190333,0.22459757429554866,0.24978141890645997,0.276037197166088
341,0.2756358381517024,0.22254053817697775,0.2264994253397732,0.27532419833154664
342,0.24958380963190333,0.22459757429554866,0.24978141890645997,0.276037197166088
343,0.22227151140003337,0.28670065013448653,0.2687563270654467,0.22227151140003337
344,0.22681571995332445,0.2767465803792093,0.2738842887563536,0.22255341091111264
345,0.24958380963190333,0.22459757429554866,0.24978141890645997,0.276037197166088
346,0.2496954367227103,0.2478443453489495,0.27470048157743304,0.22775973635090707
347,0.251267088896921,0.2245953318658973,0.24810313808481183,0.2760344411523699
348,0.22227151140003337,0.28670065013448653,0.2687563270654467,0.22227151140003337
349,0.2496954367227103,0.2478443453489495,0.27470048157743304,0.22775973635090707
350,0.24976552497064355,0.24357272518764644,0.2747775886151622,0.23188416122654784
351,0.22227151140003337,0.28670065013448653,0.2687563270654467,0.22227151140003337
352,0.22227151140003337,0.28670065013448653,0.2687563270654467,0.22227151140003337
353,0.22227151140003337,0.28670065013448653,0.2687563270654467,0.22227151140003337
354,0.22227151140003337,0.28670065013448653,0.2687563270654467,0.22227151140003337
355,0.2496954367227103,0.2478443453489495,0.27470048157743304,0.22775973635090707
356,0.24976552497064355,0.24357272518764644,0.2747775886151622,0.23188416122654784
357,0.2756358381517024,0.22254053817697775,0.2264994253397732,0.27532419833154664
358,0.2496954367227103,0.2478443453489495,0.27470048157743304,0.22775973635090707
359,0.22227151140003337,0.28670065013448653,0.2687563270654467,0.22227151140003337
360,0.2764223240926711,0.2461650096075887,0.24969487650034067,0.22771778979939955
361,0.22227151140003337,0.28670065013448653,0.2687563270654467,0.22227151140003337
362,0.24958380963190333,0.22459757429554866,0.24978141890645997,0.276037197166088
363,0.24671842605155303,0.28551653147963335,0.24494252031088815,0.22282252215792553
364,0.23133784794858225,0.26683651310152184,0.27435355032843534,0.22747208862146057
365,0.24976552497064355,0.24357272518764644,0.2747775886151622,0.23188416122654784
366,0.22227151140003337,0.28670065013448653,0.2687563270654467,0.22227151140003337
367,0.24958380963190333,0.22459757429554866,0.24978141890645997,0.276037197166088
368,0.2765487086363895,0.23569615097861057,0.24692313077228814,0.24083200961271184
369,0.22227151140003337,0.28670065013448653,0.2687563270654467,0.22227151140003337
370,0.2756358381517024,0.22254053817697775,0.2264994253397732,0.27532419833154664
371,0.24958380963190333,0.22459757429554866,0.24978141890645997,0.276037197166088
372,0.22227151140003337,0.28670065013448653,0.2687563270654467,0.22227151140003337
373,0.2496954367227103,0.2478443453489495,0.27470048157743304,0.22775973635090707
374,0.2764223240926711,0.2461650096075887,0.24969487650034067,0.22771778979939955
375,0.2496954367227103,0.2478443453489495,0.27470048157743304,0.22775973635090707
376,0.22227151140003337,0.28670065013448653,0.2687563270654467,0.22227151140003337
377,0.24671842605155303,0.28551653147963335,0.24494252031088815,0.22282252215792553
378,0.2686105331336013,0.22279506403807978,0.2329553084817064,0.27563909434661255
379,0.2496954367227103,0.2478443453489495,0.27470048157743304,0.22775973635090707
380,0.22227151140003337,0.28670065013448653,0.2687563270654467,0.22227151140003337
381,0.24958380963190333,0.22459757429554866,0.24978141890645997,0.276037197166088
382,0.27055697202169154,0.22273234434830128,0.2311491852506253,0.27556149837938193
383,0.24976552497064355,0.24357272518764644,0.2747775886151622,0.23188416122654784
384,0.24976552497064355,0.24357272518764644,0.2747775886151622,0.23188416122654784
385,0.2496954367227103,0.2478443453489495,0.27470048157743304,0.22775973635090707
386,0.22227151140003337,0.28670065013448653,0.2687563270654467,0.22227151140003337
387,0.24671842605155303,0.28551653147963335,0.24494252031088815,0.22282252215792553
388,0.2764223240926711,0.2461650096075887,0.24969487650034067,0.22771778979939955
389,0.2272438935154232,0.286952277612164,0.26333723727375796,0.22246659159865487
390,0.2496954367227103,0.2478443453489495,0.27470048157743304,0.22775973635090707
391,0.23124781475814604,0.2692362700512223,0.2742467760774314,0.2252691391132003
392,0.22227151140003337,0.28670065013448653,0.2687563270654467,0.22227151140003337
393,0.24671842605155303,0.28551653147963335,0.24494252031088815,0.22282252215792553
394,0.22680395398311315,0.2793681010290941,0.27128607894139994,0.22254186604639276
395,0.2756358381517024,0.22254053817697775,0.2264994253397732,0.27532419833154664
396,0.24958380963190333,0.22459757429554866,0.24978141890645997,0.276037197166088
397,0.24958380963190333,0.22459757429554866,0.24978141890645997,0.276037197166088
398,0.22227151140003337,0.28670065013448653,0.2687563270654467,0.22227151140003337
399,0.2351215148741415,0.2628034726994304,0.2744898855280228,0.22758512689840524
400,0.22680395398311315,0.2793681010290941,0.27128607894139994,0.22254186604639276
401,0.22227151140003337,0.28670065013448653,0.2687563270654467,0.22227151140003337
402,0.25850361612021977,0.22302150323001926,0.24255563874215877,0.27591924190760214
403,0.24989926473259494,0.23738924308673573,0.27174866328989533,0.24096282889077394
404,0.24671842605155303,0.28551653147963335,0.24494252031088815,0.22282252215792553
405,0.2764120288420475,0.2287510994160474,0.24156772107180732,0.2532691506700977
406,0.2765487086363895,0.23569615097861057,0.24692313077228814,0.24083200961271184
407,0.25850361612021977,0.22302150323001926,0.24255563874215877,0.27591924190760214
408,0.22227151140003337,0.28670065013448653,0.2687563270654467,0.22227151140003337
409,0.2764223240926711,0.2461650096075887,0.24969487650034067,0.22771778979939955
410,0.27649198822892346,0.24191539794815328,0.2497578047676401,0.23183480905528323
411,0.2756358381517024,0.22254053817697775,0.2264994253397732,0.27532419833154664
412,0.24976552497064355,0.24357272518764644,0.2747775886151622,0.23188416122654784
413,0.22227151140003337,0.28670065013448653,0.2687563270654467,0.22227151140003337
414,0.2765487086363895,0.23569615097861057,0.24692313077228814,0.24083200961271184
415,0.22681571995332445,0.2767465803792093,0.2738842887563536,0.22255341091111264
416,0.2765487086363895,0.23569615097861057,0.24692313077228814,0.24083200961271184
417,0.22227151140003337,0.28670065013448653,0.2687563270654467,0.22227151140003337
418,0.22912941785406846,0.2742043441954423,0.2740103731474893,0.22265586480299995
419,0.22227151140003337,0.28670065013448653,0.2687563270654467,0.22227151140003337
420,0.22227151140003337,0.28670065013448653,0.2687563270654467,0.22227151140003337
421,0.22227151140003337,0.28670065013448653,0.2687563270654467,0.22227151140003337
422,0.2756358381517024,0.22254053817697775,0.2264994253397732,0.27532419833154664
423,0.24958380963190333,0.22459757429554866,0.24978141890645997,0.276037197166088
424,0.2496954367227103,0.2478443453489495,0.27470048157743304,0.22775973635090707
425,0.22227151140003337,0.28670065013448653,0.2687563270654467,0.22227151140003337
426,0.23133784794858225,0.26683651310152184,0.27435355032843534,0.22747208862146057
427,0.22227151140003337,0.28670065013448653,0.2687563270654467,0.22227151140003337
428,0.22227151140003337,0.28670065013448653,0.2687563270654467,0.22227151140003337
429,0.22227151140003337,0.28670065013448653,0.2687563270654467,0.22227151140003337
430,0.2351215148741415,0.2628034726994304,0.2744898855280228,0.22758512689840524
431,0.24958380963190333,0.22459757429554866,0.24978141890645997,0.276037197166088
432,0.22227151140003337,0.28670065013448653,0.2687563270654467,0.22227151140003337
433,0.2496954367227103,0.2478443453489495,0.27470048157743304,0.22775973635090707
434,0.24958380963190333,0.22459757429554866,0.24978141890645997,0.276037197166088
435,0.24958380963190333,0.22459757429554866,0.24978141890645997,0.276037197166088
436,0.24976552497064355,0.24357272518764644,0.2747775886151622,0.23188416122654784
437,0.24194968366543873,0.28549982092983456,0.24974101447714078,0.22280948092758585
438,0.2496954367227103,0.2478443453489495,0.27470048157743304,0.22775973635090707
439,0.24989926473259494,0.23738924308673573,0.27174866328989533,0.24096282889077394
440,0.22227151140003337,0.28670065013448653,0.2687563270654467,0.22227151140003337
441,0.2496954367227103,0.2478443453489495,0.27470048157743304,0.22775973635090707
442,0.22227151140003337,0.28670065013448653,0.2687563270654467,0.22227151140003337
443,0.27649198822892346,0.24191539794815328,0.2497578047676401,0.23183480905528323
444,0.22681571995332445,0.2767465803792093,0.2738842887563536,0.22255341091111264
445,0.24958380963190333,0.22459757429554866,0.24978141890645997,0.276037197166088
446,0.24958380963190333,0.22459757429554866,0.24978141890645997,0.276037197166088
447,0.22227151140003337,0.28670065013448653,0.2687563270654467,0.22227151140003337
448,0.2756358381517024,0.22254053817697775,0.2264994253397732,0.27532419833154664
449,0.2756358381517024,0.22254053817697775,0.2264994253397732,0.27532419833154664
450,0.2306621982024805,0.2852415355675873,0.2614883561030077,0.2226079101269245
451,0.24958380963190333,0.22459757429554866,0.24978141890645997,0.276037197166088
452,0.22227151140003337,0.28670065013448653,0.2687563270654467,0.22227151140003337
453,0.24671842605155303,0.28551653147963335,0.24494252031088815,0.22282252215792553
454,0.24012407192037208,0.28547918522123267,0.25160336642960446,0.22279337642879077
455,0.22681571995332445,0.2767465803792093,0.2738842887563536,0.22255341091111264
456,0.22227151140003337,0.28670065013448653,0.2687563270654467,0.22227151140003337
457,0.22227151140003337,0.28670065013448653,0.2687563270654467,0.22227151140003337
458,0.22681571995332445,0.2767465803792093,0.2738842887563536,0.22255341091111264
459,0.23133784794858225,0.26683651310152184,0.27435355032843534,0.22747208862146057
460,0.24958380963190333,0.22459757429554866,0.24978141890645997,0.276037197166088
461,0.2665502291945223,0.22285482973899404,0.2348819053884322,0.2757130356780515
462,0.24671842605155303,0.28551653147963335,0.24494252031088815,0.22282252215792553
463,0.24991780735486605,0.23052533148517196,0.26600601904899385,0.2535508421109681
464,0.2764223240926711,0.2461650096075887,0.24969487650034067,0.22771778979939955
465,0.24194968366543873,0.28549982092983456,0.24974101447714078,0.22280948092758585
466,0.2709145832056522,0.22302674288763125,0.2403985343898644,0.26566013951685236
467,0.24958380963190333,0.22459757429554866,0.24978141890645997,0.276037197166088
468,0.27649198822892346,0.24191539794815328,0.2497578047676401,0.23183480905528323
469,0.22227151140003337,0.28670065013448653,0.2687563270654467,0.22227151140003337
470,0.2756358381517024,0.22254053817697775,0.2264994253397732,0.27532419833154664
471,0.2496954367227103,0.2478443453489495,0.27470048157743304,0.22775973635090707
472,0.2496954367227103,0.2478443453489495,0.27470048157743304,0.22775973635090707
473,0.22227151140003337,0.28670065013448653,0.2687563270654467,0.22227151140003337
474,0.26913145853958803,0.25315378064233524,0.24985287702854642,0.22786188378953035
475,0.24958380963190333,0.22459757429554866,0.24978141890645997,0.276037197166088
476,0.2496954367227103,0.2478443453489495,0.27470048157743304,0.22775973635090707
477,0.22227151140003337,0.28670065013448653,0.2687563270654467,0.22227151140003337
478,0.22227151140003337,0.28670065013448653,0.2687563270654467,0.22227151140003337
479,0.2764223240926711,0.2461650096075887,0.24969487650034067,0.22771778979939955
480,0.24958380963190333,0.22459757429554866,0.24978141890645997,0.276037197166088
481,0.2756358381517024,0.22254053817697775,0.2264994253397732,0.27532419833154664
482,0.24958380963190333,0.22459757429554866,0.24978141890645997,0.276037197166088
483,0.22227151140003337,0.28670065013448653,0.2687563270654467,0.22227151140003337
484,0.2764120288420475,0.2287510994160474,0.24156772107180732,0.2532691506700977
485,0.2496954367227103,0.2478443453489495,0.27470048157743304,0.22775973635090707
486,0.24958380963190333,0.22459757429554866,0.24978141890645997,0.276037197166088
487,0.27055697202169154,0.22273234434830128,0.2311491852506253,0.27556149837938193
488,0.24958380963190333,0.22459757429554866,0.24978141890645997,0.276037197166088
489,0.24958380963190333,0.22459757429554866,0.24978141890645997,0.276037197166088
490,0.24958380963190333,0.22459757429554866,0.24978141890645997,0.276037197166088
491,0.2292504711286587,0.2714005244888186,0.2741551378540549,0.22519386652846785
492,0.2765487086363895,0.23569615097861057,0.24692313077228814,0.24083200961271184
493,0.2496954367227103,0.2478443453489495,0.27470048157743304,0.22775973635090707
494,0.2756358381517024,0.22254053817697775,0.2264994253397732,0.27532419833154664
495,0.22680395398311315,0.2793681010290941,0.27128607894139994,0.22254186604639276
496,0.2686105331336013,0.22279506403807978,0.2329553084817064,0.27563909434661255
497,0.22227151140003337,0.28670065013448653,0.2687563270654467,0.22227151140003337
498,0.22227151140003337,0.28670065013448653,0.2687563270654467,0.22227151140003337
499,0.2644829580810333,0.22290787370111398,0.23683050725432914,0.2757786609635237
500,0.22227151140003337,0.28670065013448653,0.2687563270654467,0.22227151140003337
501,0.24958380963190333,0.22459757429554866,0.24978141890645997,0.276037197166088
502,0.22227151140003337,0.28670065013448653,0.2687563270654467,0.22227151140003337
503,0.2756358381517024,0.22254053817697775,0.2264994253397732,0.27532419833154664
504,0.24958380963190333,0.22459757429554866,0.24978141890645997,0.276037197166088
505,0.24958380963190333,0.22459757429554866,0.24978141890645997,0.276037197166088
506,0.2496954367227103,0.2478443453489495,0.27470048157743304,0.22775973635090707
507,0.2764223240926711,0.2461650096075887,0.24969487650034067,0.22771778979939955
508,0.2756358381517024,0.22254053817697775,0.2264994253397732,0.27532419833154664
509,0.22227151140003337,0.28670065013448653,0.2687563270654467,0.22227151140003337
510,0.22227151140003337,0.28670065013448653,0.2687563270654467,0.22227151140003337
511,0.22227151140003337,0.28670065013448653,0.2687563270654467,0.22227151140003337
512,0.251267088896921,0.2245953318658973,0.24810313808481183,0.2760344411523699
513,0.22912941785406846,0.2742043441954423,0.2740103731474893,0.22265586480299995
514,0.2712777384514055,0.24201719612816364,0.25477270010446706,0.23193236531596376
515,0.2496954367227103,0.2478443453489495,0.27470048157743304,0.22775973635090707
516,0.22227151140003337,0.28670065013448653,0.2687563270654467,0.22227151140003337
517,0.2496954367227103,0.2478443453489495,0.27470048157743304,0.22775973635090707
518,0.24958380963190333,0.22459757429554866,0.24978141890645997,0.276037197166088
519,0.27240127288181515,0.22266736720773445,0.22945025038643385,0.2754811095240166
520,0.24958380963190333,0.22459757429554866,0.24978141890645997,0.276037197166088
521,0.22227151140003337,0.28670065013448653,0.2687563270654467,0.22227151140003337
522,0.24973808021879731,0.2247364006066489,0.25959378019870055,0.26593173897585326
523,0.2764223240926711,0.2461650096075887,0.24969487650034067,0.22771778979939955
524,0.23707778393390375,0.2607430610461055,0.274546821419828,0.2276323336001627
525,0.24958380963190333,0.22459757429554866,0.24978141890645997,0.276037197166088
526,0.22227151140003337,0.28670065013448653,0.2687563270654467,0.22227151140003337
527,0.24976552497064355,0.24357272518764644,0.2747775886151622,0.23188416122654784
528,0.25662894851913526,0.2655761118425382,0.24989481190383026,0.22790012773449628
529,0.2686105331336013,0.22279506403807978,0.2329553084817064,0.27563909434661255
530,0.22227151140003337,0.28670065013448653,0.2687563270654467,0.22227151140003337
531,0.2756358381517024,0.22254053817697775,0.2264994253397732,0.27532419833154664
532,0.24976552497064355,0.24357272518764644,0.2747775886151622,0.23188416122654784
533,0.2756358381517024,0.22254053817697775,0.2264994253397732,0.27532419833154664
534,0.22227151140003337,0.28670065013448653,0.2687563270654467,0.22227151140003337
535,0.2496954367227103,0.2478443453489495,0.27470048157743304,0.22775973635090707
536,0.22227151140003337,0.28670065013448653,0.2687563270654467,0.22227151140003337
537,0.2381928573629116,0.2854486199762488,0.25358899992956463,0.22276952273127495
538,0.24973808021879731,0.2247364006066489,0.25959378019870055,0.26593173897585326
539,0.22227151140003337,0.28670065013448653,0.2687563270654467,0.22227151140003337
540,0.27649198822892346,0.24191539794815328,0.2497578047676401,0.23183480905528323
541,0.22227151140003337,0.28670065013448653,0.2687563270654467,0.22227151140003337
542,0.27055697202169154,0.22273234434830128,0.2311491852506253,0.27556149837938193
543,0.22367094972152926,0.2851186955091336,0.2688562244798326,0.22235413028950457
544,0.27649198822892346,0.24191539794815328,0.2497578047676401,0.23183480905528323
545,0.24991780735486605,0.23052533148517196,0.26600601904899385,0.2535508421109681
546,0.24964839435044703,0.22465569333437121,0.25263047797959803,0.2730654343355838
547,0.24989926473259494,0.23738924308673573,0.27174866328989533,0.24096282889077394
548,0.23625634768559436,0.28540884275892364,0.2555963297198422,0.22273847983563985
549,0.22227151140003337,0.28670065013448653,0.2687563270654467,0.22227151140003337
550,0.24958380963190333,0.22459757429554866,0.24978141890645997,0.276037197166088
551,0.2756358381517024,0.22254053817697775,0.2264994253397732,0.27532419833154664
552,0.25850361612021977,0.22302150323001926,0.24255563874215877,0.27591924190760214
553,0.2688442699783645,0.2229889336331756,0.23875419870893358,0.2694125976795263
554,0.22227151140003337,0.28670065013448653,0.2687563270654467,0.22227151140003337
555,0.2306621982024805,0.2852415355675873,0.2614883561030077,0.2226079101269245
556,0.2496954367227103,0.2478443453489495,0.27470048157743304,0.22775973635090707
557,0.2496954367227103,0.2478443453489495,0.27470048157743304,0.22775973635090707
558,0.23124781475814604,0.2692362700512223,0.2742467760774314,0.2252691391132003
559,0.27649198822892346,0.24191539794815328,0.2497578047676401,0.23183480905528323
560,0.2756358381517024,0.22254053817697775,0.2264994253397732,0.27532419833154664
561,0.2644829580810333,0.22290787370111398,0.23683050725432914,0.2757786609635237
562,0.24976552497064355,0.24357272518764644,0.2747775886151622,0.23188416122654784
563,0.25304789295246954,0.22458746389062226,0.24633987198360693,0.27602477117330126
564,0.2764223240926711,0.2461650096075887,0.24969487650034067,0.22771778979939955
565,0.24671842605155303,0.28551653147963335,0.24494252031088815,0.22282252215792553
566,0.22227151140003337,0.28670065013448653,0.2687563270654467,0.22227151140003337
567,0.27055697202169154,0.22273234434830128,0.2311491852506253,0.27556149837938193
568,0.22227151140003337,0.28670065013448653,0.2687563270654467,0.22227151140003337
569,0.26913145853958803,0.25315378064233524,0.24985287702854642,0.22786188378953035
570,0.22227151140003337,0.28670065013448653,0.2687563270654467,0.22227151140003337
571,0.22227151140003337,0.28670065013448653,0.2687563270654467,0.22227151140003337
572,0.2764223240926711,0.2461650096075887,0.24969487650034067,0.22771778979939955
573,0.24958380963190333,0.22459757429554866,0.24978141890645997,0.276037197166088
574,0.24671842605155303,0.28551653147963335,0.24494252031088815,0.22282252215792553
575,0.22227151140003337,0.28670065013448653,0.2687563270654467,0.22227151140003337
576,0.24958380963190333,0.22459757429554866,0.24978141890645997,0.276037197166088
577,0.22227151140003337,0.28670065013448653,0.2687563270654467,0.22227151140003337
578,0.22227151140003337,0.28670065013448653,0.2687563270654467,0.22227151140003337
579,0.26205910324356213,0.25323765255992126,0.2567658679016414,0.22793737629487518
580,0.2712777384514055,0.24201719612816364,0.25477270010446706,0.23193236531596376
581,0.24368050777102804,0.2855120587271474,0.24798840196486135,0.2228190315369631
582,0.23133784794858225,0.26683651310152184,0.27435355032843534,0.22747208862146057
583,0.22680395398311315,0.2793681010290941,0.27128607894139994,0.22254186604639276
584,0.22227151140003337,0.28670065013448653,0.2687563270654467,0.22227151140003337
585,0.22227151140003337,0.28670065013448653,0.2687563270654467,0.22227151140003337
586,0.22227151140003337,0.28670065013448653,0.2687563270654467,0.22227151140003337
587,0.22227151140003337,0.28670065013448653,0.2687563270654467,0.22227151140003337
588,0.22227151140003337,0.28670065013448653,0.2687563270654467,0.22227151140003337
589,0.2496954367227103,0.2478443453489495,0.27470048157743304,0.22775973635090707
590,0.24958380963190333,0.22459757429554866,0.24978141890645997,0.276037197166088
591,0.24958380963190333,0.22459757429554866,0.24978141890645997,0.276037197166088
592,0.24958380963190333,0.22459757429554866,0.24978141890645997,0.276037197166088
593,0.22227151140003337,0.28670065013448653,0.2687563270654467,0.22227151140003337
594,0.24976552497064355,0.24357272518764644,0.2747775886151622,0.23188416122654784
595,0.22227151140003337,0.28670065013448653,0.2687563270654467,0.22227151140003337
596,0.22227151140003337,0.28670065013448653,0.2687563270654467,0.22227151140003337
597,0.24958380963190333,0.22459757429554866,0.24978141890645997,0.276037197166088
598,0.24671842605155303,0.28551653147963335,0.24494252031088815,0.22282252215792553
599,0.2764223240926711,0.2461650096075887,0.24969487650034067,0.22771778979939955
600,0.24958380963190333,0.22459757429554866,0.24978141890645997,0.276037197166088
601,0.22227151140003337,0.28670065013448653,0.2687563270654467,0.22227151140003337
602,0.2496954367227103,0.2478443453489495,0.27470048157743304,0.22775973635090707
603,0.24976552497064355,0.24357272518764644,0.2747775886151622,0.23188416122654784
604,0.27055697202169154,0.22273234434830128,0.2311491852506253,0.27556149837938193
605,0.24958380963190333,0.22459757429554866,0.24978141890645997,0.276037197166088
606,0.22227151140003337,0.28670065013448653,0.2687563270654467,0.22227151140003337
607,0.22227151140003337,0.28670065013448653,0.2687563270654467,0.22227151140003337
608,0.2496954367227103,0.2478443453489495,0.27470048157743304,0.22775973635090707
609,0.25850361612021977,0.22302150323001926,0.24255563874215877,0.27591924190760214
610,0.24958380963190333,0.22459757429554866,0.24978141890645997,0.276037197166088
611,0.2496954367227103,0.2478443453489495,0.27470048157743304,0.22775973635090707
612,0.24958380963190333,0.22459757429554866,0.24978141890645997,0.276037197166088
613,0.24958380963190333,0.22459757429554866,0.24978141890645997,0.276037197166088
614,0.22227151140003337,0.28670065013448653,0.2687563270654467,0.22227151140003337
615,0.27055697202169154,0.22273234434830128,0.2311491852506253,0.27556149837938193
616,0.24958380963190333,0.22459757429554866,0.24978141890645997,0.276037197166088
617,0.22227151140003337,0.28670065013448653,0.2687563270654467,0.22227151140003337
618,0.22227151140003337,0.28670065013448653,0.2687563270654467,0.22227151140003337
619,0.22681571995332445,0.2767465803792093,0.2738842887563536,0.22255341091111264
620,0.22681571995332445,0.2767465803792093,0.2738842887563536,0.22255341091111264
621,0.22227151140003337,0.28670065013448653,0.2687563270654467,0.22227151140003337
622,0.2516922249568515,0.26558544591802663,0.2548141914947756,0.22790813763034623
623,0.22227151140003337,0.28670065013448653,0.2687563270654467,0.22227151140003337
624,0.22227151140003337,0.28670065013448653,0.2687563270654467,0.22227151140003337
625,0.24012407192037208,0.28547918522123267,0.25160336642960446,0.22279337642879077
626,0.2496954367227103,0.2478443453489495,0.27470048157743304,0.22775973635090707
627,0.2496954367227103,0.2478443453489495,0.27470048157743304,0.22775973635090707
628,0.24958380963190333,0.22459757429554866,0.24978141890645997,0.276037197166088
629,0.2756358381517024,0.22254053817697775,0.2264994253397732,0.27532419833154664
630,0.24958380963190333,0.22459757429554866,0.24978141890645997,0.276037197166088
631,0.22227151140003337,0.28670065013448653,0.2687563270654467,0.22227151140003337
632,0.24964839435044703,0.22465569333437121,0.25263047797959803,0.2730654343355838
633,0.24991780735486605,0.23052533148517196,0.26600601904899385,0.2535508421109681
634,0.2764223240926711,0.2461650096075887,0.24969487650034067,0.22771778979939955
635,0.2496954367227103,0.2478443453489495,0.27470048157743304,0.22775973635090707
636,0.22367094972152926,0.2851186955091336,0.2688562244798326,0.22235413028950457
637,0.27577657016555096,0.22265416120332512,0.2291405938810971,0.2724286747500267
638,0.2496954367227103,0.2478443453489495,0.27470048157743304,0.22775973635090707
639,0.22227151140003337,0.28670065013448653,0.2687563270654467,0.22227151140003337
640,0.23625634768559436,0.28540884275892364,0.2555963297198422,0.22273847983563985
641,0.2351215148741415,0.2628034726994304,0.2744898855280228,0.22758512689840524
642,0.2665502291945223,0.22285482973899404,0.2348819053884322,0.2757130356780515
643,0.2756358381517024,0.22254053817697775,0.2264994253397732,0.27532419833154664
644,0.22227151140003337,0.28670065013448653,0.2687563270654467,0.22227151140003337
645,0.24958380963190333,0.22459757429554866,0.24978141890645997,0.276037197166088
646,0.22227151140003337,0.28670065013448653,0.2687563270654467,0.22227151140003337
647,0.24958380963190333,0.22459757429554866,0.24978141890645997,0.276037197166088
648,0.22227151140003337,0.28670065013448653,0.2687563270654467,0.22227151140003337
649,0.22227151140003337,0.28670065013448653,0.2687563270654467,0.22227151140003337
650,0.27055697202169154,0.22273234434830128,0.2311491852506253,0.27556149837938193
651,0.22227151140003337,0.28670065013448653,0.2687563270654467,0.22227151140003337
652,0.24671842605155303,0.28551653147963335,0.24494252031088815,0.22282252215792553
653,0.22227151140003337,0.28670065013448653,0.2687563270654467,0.22227151140003337
654,0.24958380963190333,0.22459757429554866,0.24978141890645997,0.276037197166088
655,0.24958380963190333,0.22459757429554866,0.24978141890645997,0.276037197166088
656,0.22227151140003337,0.28670065013448653,0.2687563270654467,0.22227151140003337
657,0.22227151140003337,0.28670065013448653,0.2687563270654467,0.22227151140003337
658,0.22227151140003337,0.28670065013448653,0.2687563270654467,0.22227151140003337
659,0.22227151140003337,0.28670065013448653,0.2687563270654467,0.22227151140003337
660,0.24958380963190333,0.22459757429554866,0.24978141890645997,0.276037197166088
661,0.22227151140003337,0.28670065013448653,0.2687563270654467,0.22227151140003337
662,0.24292283574736154,0.25468507578998073,0.27466323445544255,0.22772885400721524
663,0.22227151140003337,0.28670065013448653,0.2687563270654467,0.22227151140003337
664,0.22227151140003337,0.28670065013448653,0.2687563270654467,0.22227151140003337
665,0.22227151140003337,0.28670065013448653,0.2687563270654467,0.22227151140003337
666,0.24973808021879731,0.2247364006066489,0.25959378019870055,0.26593173897585326
667,0.2292504711286587,0.2714005244888186,0.2741551378540549,0.22519386652846785
668,0.22367094972152926,0.2851186955091336,0.2688562244798326,0.22235413028950457
669,0.22227151140003337,0.28670065013448653,0.2687563270654467,0.22227151140003337
670,0.23133784794858225,0.26683651310152184,0.27435355032843534,0.22747208862146057
671,0.22227151140003337,0.28670065013448653,0.2687563270654467,0.22227151140003337
672,0.22227151140003337,0.28670065013448653,0.2687563270654467,0.22227151140003337
673,0.24958380963190333,0.22459757429554866,0.24978141890645997,0.276037197166088
674,0.22367094972152926,0.2851186955091336,0.2688562244798326,0.22235413028950457
675,0.24958380963190333,0.22459757429554866,0.24978141890645997,0.276037197166088
676,0.2764223240926711,0.2461650096075887,0.24969487650034067,0.22771778979939955
677,0.2686105331336013,0.22279506403807978,0.2329553084817064,0.27563909434661255
678,0.22227151140003337,0.28670065013448653,0.2687563270654467,0.22227151140003337
679,0.25653312679869816,0.2679687686679447,0.24980150461740327,0.22569659991595387
680,0.24958380963190333,0.22459757429554866,0.24978141890645997,0.276037197166088
681,0.24958380963190333,0.22459757429554866,0.24978141890645997,0.276037197166088
682,0.24958380963190333,0.22459757429554866,0.24978141890645997,0.276037197166088
683,0.24958380963190333,0.22459757429554866,0.24978141890645997,0.276037197166088
684,0.24194968366543873,0.28549982092983456,0.24974101447714078,0.22280948092758585
685,0.23707778393390375,0.2607430610461055,0.274546821419828,0.2276323336001627
686,0.2756358381517024,0.22254053817697775,0.2264994253397732,0.27532419833154664
687,0.22227151140003337,0.28670065013448653,0.2687563270654467,0.22227151140003337
688,0.26913145853958803,0.25315378064233524,0.24985287702854642,0.22786188378953035
689,0.22227151140003337,0.28670065013448653,0.2687563270654467,0.22227151140003337
690,0.22227151140003337,0.28670065013448653,0.2687563270654467,0.22227151140003337
691,0.27649198822892346,0.24191539794815328,0.2497578047676401,0.23183480905528323
692,0.27055697202169154,0.22273234434830128,0.2311491852506253,0.27556149837938193
693,0.24958380963190333,0.22459757429554866,0.24978141890645997,0.276037197166088
694,0.2686105331336013,0.22279506403807978,0.2329553084817064,0.27563909434661255
695,0.24958380963190333,0.22459757429554866,0.24978141890645997,0.276037197166088
696,0.22227151140003337,0.28670065013448653,0.2687563270654467,0.22227151140003337
697,0.24012407192037208,0.28547918522123267,0.25160336642960446,0.22279337642879077
698,0.24958380963190333,0.22459757429554866,0.24978141890645997,0.276037197166088
699,0.2551628273252194,0.24794673527046868,0.2690366085232833,0.22785382888102865
700,0.22680395398311315,0.2793681010290941,0.27128607894139994,0.22254186604639276
701,0.24958380963190333,0.22459757429554866,0.24978141890645997,0.276037197166088
702,0.27577657016555096,0.22265416120332512,0.2291405938810971,0.2724286747500267
703,0.2496954367227103,0.2478443453489495,0.27470048157743304,0.22775973635090707
704,0.2764120288420475,0.2287510994160474,0.24156772107180732,0.2532691506700977
705,0.24964839435044703,0.22465569333437121,0.25263047797959803,0.2730654343355838
706,0.2764223240926711,0.2461650096075887,0.24969487650034067,0.22771778979939955
707,0.24958380963190333,0.22459757429554866,0.24978141890645997,0.276037197166088
708,0.22227151140003337,0.28670065013448653,0.2687563270654467,0.22227151140003337
709,0.2764223240926711,0.2461650096075887,0.24969487650034067,0.22771778979939955
710,0.23707778393390375,0.2607430610461055,0.274546821419828,0.2276323336001627
711,0.23625634768559436,0.28540884275892364,0.2555963297198422,0.22273847983563985
712,0.2756358381517024,0.22254053817697775,0.2264994253397732,0.27532419833154664
713,0.22227151140003337,0.28670065013448653,0.2687563270654467,0.22227151140003337
714,0.24958380963190333,0.22459757429554866,0.24978141890645997,0.276037197166088
715,0.22227151140003337,0.28670065013448653,0.2687563270654467,0.22227151140003337
716,0.24958380963190333,0.22459757429554866,0.24978141890645997,0.276037197166088
717,0.22227151140003337,0.28670065013448653,0.2687563270654467,0.22227151140003337
718,0.22227151140003337,0.28670065013448653,0.2687563270654467,0.22227151140003337
719,0.24989926473259494,0.23738924308673573,0.27174866328989533,0.24096282889077394
720,0.22227151140003337,0.28670065013448653,0.2687563270654467,0.22227151140003337
721,0.24958380963190333,0.22459757429554866,0.24978141890645997,0.276037197166088
722,0.24160861943995718,0.28387190448596084,0.251668459815477,0.22285101625860507
723,0.22227151140003337,0.28670065013448653,0.2687563270654467,0.22227151140003337
724,0.22367094972152926,0.2851186955091336,0.2688562244798326,0.22235413028950457
725,0.22227151140003337,0.28670065013448653,0.2687563270654467,0.22227151140003337
726,0.22227151140003337,0.28670065013448653,0.2687563270654467,0.22227151140003337
727,0.2496954367227103,0.2478443453489495,0.27470048157743304,0.22775973635090707
728,0.24958380963190333,0.22459757429554866,0.24978141890645997,0.276037197166088
729,0.22227151140003337,0.28670065013448653,0.2687563270654467,0.22227151140003337
730,0.22227151140003337,0.28670065013448653,0.2687563270654467,0.22227151140003337
731,0.24976552497064355,0.24357272518764644,0.2747775886151622,0.23188416122654784
732,0.2549966521227833,0.22464445848420708,0.24730711083972196,0.27305177855328766
733,0.25491576985844167,0.22457320361743632,0.24450378165694137,0.27600724486718065
734,0.2496954367227103,0.2478443453489495,0.27470048157743304,0.22775973635090707
735,0.2764223240926711,0.2461650096075887,0.24969487650034067,0.22771778979939955
736,0.27649198822892346,0.24191539794815328,0.2497578047676401,0.23183480905528323
737,0.2252477131315465,0.28520226428629214,0.2671307199168808,0.22241930266528046
738,0.2496954367227103,0.2478443453489495,0.27470048157743304,0.22775973635090707
739,0.2756358381517024,0.22254053817697775,0.2264994253397732,0.27532419833154664
740,0.24958380963190333,0.22459757429554866,0.24978141890645997,0.276037197166088
741,0.22227151140003337,0.28670065013448653,0.2687563270654467,0.22227151140003337
742,0.24958380963190333,0.22459757429554866,0.24978141890645997,0.276037197166088
743,0.2764223240926711,0.2461650096075887,0.24969487650034067,0.22771778979939955
744,0.2496954367227103,0.2478443453489495,0.27470048157743304,0.22775973635090707
745,0.2306621982024805,0.2852415355675873,0.2614883561030077,0.2226079101269245
746,0.22227151140003337,0.28670065013448653,0.2687563270654467,0.22227151140003337
747,0.2756358381517024,0.22254053817697775,0.2264994253397732,0.27532419833154664
748,0.2496954367227103,0.2478443453489495,0.27470048157743304,0.22775973635090707
749,0.22227151140003337,0.28670065013448653,0.2687563270654467,0.22227151140003337
750,0.22227151140003337,0.28670065013448653,0.2687563270654467,0.22227151140003337
751,0.24958380963190333,0.22459757429554866,0.24978141890645997,0.276037197166088
752,0.24958380963190333,0.22459757429554866,0.24978141890645997,0.276037197166088
753,0.2756358381517024,0.22254053817697775,0.2264994253397732,0.27532419833154664
754,0.22227151140003337,0.28670065013448653,0.2687563270654467,0.22227151140003337
755,0.22227151140003337,0.28670065013448653,0.2687563270654467,0.22227151140003337
756,0.24671842605155303,0.28551653147963335,0.24494252031088815,0.22282252215792553
757,0.22227151140003337,0.28670065013448653,0.2687563270654467,0.22227151140003337
758,0.2756358381517024,0.22254053817697775,0.2264994253397732,0.27532419833154664
759,0.27055697202169154,0.22273234434830128,0.2311491852506253,0.27556149837938193
760,0.2764223240926711,0.2461650096075887,0.24969487650034067,0.22771778979939955
761,0.22227151140003337,0.28670065013448653,0.2687563270654467,0.22227151140003337
762,0.2764223240926711,0.2461650096075887,0.24969487650034067,0.22771778979939955
763,0.24958380963190333,0.22459757429554866,0.24978141890645997,0.276037197166088
764,0.2292504711286587,0.2714005244888186,0.2741551378540549,0.22519386652846785
765,0.22227151140003337,0.28670065013448653,0.2687563270654467,0.22227151140003337
766,0.24958380963190333,0.22459757429554866,0.24978141890645997,0.276037197166088
767,0.2764223240926711,0.2461650096075887,0.24969487650034067,0.22771778979939955
768,0.24972282926461628,0.2247226764499426,0.2576696548611619,0.2678848394242792
769,0.22227151140003337,0.28670065013448653,0.2687563270654467,0.22227151140003337
770,0.2496954367227103,0.2478443453489495,0.27470048157743304,0.22775973635090707
771,0.24958380963190333,0.22459757429554866,0.24978141890645997,0.276037197166088
772,0.2764223240926711,0.2461650096075887,0.24969487650034067,0.22771778979939955
773,0.26913145853958803,0.25315378064233524,0.24985287702854642,0.22786188378953035
774,0.22227151140003337,0.28670065013448653,0.2687563270654467,0.22227151140003337
775,0.2764223240926711,0.2461650096075887,0.24969487650034067,0.22771778979939955
776,0.2496954367227103,0.2478443453489495,0.27470048157743304,0.22775973635090707
777,0.2496954367227103,0.2478443453489495,0.27470048157743304,0.22775973635090707
778,0.2756358381517024,0.22254053817697775,0.2264994253397732,0.27532419833154664
779,0.22227151140003337,0.28670065013448653,0.2687563270654467,0.22227151140003337
780,0.22367094972152926,0.2851186955091336,0.2688562244798326,0.22235413028950457
781,0.22227151140003337,0.28670065013448653,0.2687563270654467,0.22227151140003337
782,0.24012407192037208,0.28547918522123267,0.25160336642960446,0.22279337642879077
783,0.22227151140003337,0.28670065013448653,0.2687563270654467,0.22227151140003337
784,0.2496954367227103,0.2478443453489495,0.27470048157743304,0.22775973635090707
785,0.24958380963190333,0.22459757429554866,0.24978141890645997,0.276037197166088
786,0.22227151140003337,0.28670065013448653,0.2687563270654467,0.22227151140003337
787,0.2764223240926711,0.2461650096075887,0.24969487650034067,0.22771778979939955
788,0.24958380963190333,0.22459757429554866,0.24978141890645997,0.276037197166088
789,0.2272438935154232,0.286952277612164,0.26333723727375796,0.22246659159865487
790,0.22227151140003337,0.28670065013448653,0.2687563270654467,0.22227151140003337
791,0.24958380963190333,0.22459757429554866,0.24978141890645997,0.276037197166088
792,0.24976552497064355,0.24357272518764644,0.2747775886151622,0.23188416122654784
793,0.2496954367227103,0.2478443453489495,0.27470048157743304,0.22775973635090707
794,0.24976552497064355,0.24357272518764644,0.2747775886151622,0.23188416122654784
795,0.2764223240926711,0.2461650096075887,0.24969487650034067,0.22771778979939955
796,0.22227151140003337,0.28670065013448653,0.2687563270654467,0.22227151140003337
797,0.2496954367227103,0.2478443453489495,0.27470048157743304,0.22775973635090707
798,0.22227151140003337,0.28670065013448653,0.2687563270654467,0.22227151140003337
799,0.22227151140003337,0.28670065013448653,0.2687563270654467,0.22227151140003337
800,0.22227151140003337,0.28670065013448653,0.2687563270654467,0.22227151140003337
801,0.27649198822892346,0.24191539794815328,0.2497578047676401,0.23183480905528323
802,0.24958380963190333,0.22459757429554866,0.24978141890645997,0.276037197166088
803,0.2765487086363895,0.23569615097861057,0.24692313077228814,0.24083200961271184
804,0.24958380963190333,0.22459757429554866,0.24978141890645997,0.276037197166088
805,0.2496954367227103,0.2478443453489495,0.27470048157743304,0.22775973635090707
806,0.24671842605155303,0.28551653147963335,0.24494252031088815,0.22282252215792553
807,0.22227151140003337,0.28670065013448653,0.2687563270654467,0.22227151140003337
808,0.24958380963190333,0.22459757429554866,0.24978141890645997,0.276037197166088
809,0.2764223240926711,0.2461650096075887,0.24969487650034067,0.22771778979939955
810,0.24958380963190333,0.22459757429554866,0.24978141890645997,0.276037197166088
811,0.22227151140003337,0.28670065013448653,0.2687563270654467,0.22227151140003337
812,0.22227151140003337,0.28670065013448653,0.2687563270654467,0.22227151140003337
813,0.2764223240926711,0.2461650096075887,0.24969487650034067,0.22771778979939955
814,0.2756358381517024,0.22254053817697775,0.2264994253397732,0.27532419833154664
815,0.22227151140003337,0.28670065013448653,0.2687563270654467,0.22227151140003337
816,0.24958380963190333,0.22459757429554866,0.24978141890645997,0.276037197166088
817,0.25662894851913526,0.2655761118425382,0.24989481190383026,0.22790012773449628
818,0.24958380963190333,0.22459757429554866,0.24978141890645997,0.276037197166088
819,0.24974637905356042,0.22474386863175846,0.2616096963255617,0.2639000559891193
820,0.22227151140003337,0.28670065013448653,0.2687563270654467,0.22227151140003337
821,0.2764223240926711,0.2461650096075887,0.24969487650034067,0.22771778979939955
822,0.22227151140003337,0.28670065013448653,0.2687563270654467,0.22227151140003337
823,0.22227151140003337,0.28670065013448653,0.2687563270654467,0.22227151140003337
824,0.22227151140003337,0.28670065013448653,0.2687563270654467,0.22227151140003337
825,0.22227151140003337,0.28670065013448653,0.2687563270654467,0.22227151140003337
826,0.24991780735486605,0.23052533148517196,0.26600601904899385,0.2535508421109681
827,0.24958380963190333,0.22459757429554866,0.24978141890645997,0.276037197166088
828,0.2496954367227103,0.2478443453489495,0.27470048157743304,0.22775973635090707
829,0.2496954367227103,0.2478443453489495,0.27470048157743304,0.22775973635090707
830,0.2351215148741415,0.2628034726994304,0.2744898855280228,0.22758512689840524
831,0.22227151140003337,0.28670065013448653,0.2687563270654467,0.22227151140003337
832,0.27649198822892346,0.24191539794815328,0.2497578047676401,0.23183480905528323
833,0.22227151140003337,0.28670065013448653,0.2687563270654467,0.22227151140003337
834,0.2765487086363895,0.23569615097861057,0.24692313077228814,0.24083200961271184
835,0.2764223240926711,0.2461650096075887,0.24969487650034067,0.22771778979939955
836,0.25890694956898636,0.24206462926270614,0.2670505992514709,0.23197782191683675
837,0.27649198822892346,0.24191539794815328,0.2497578047676401,0.23183480905528323
838,0.2496954367227103,0.2478443453489495,0.27470048157743304,0.22775973635090707
839,0.22227151140003337,0.28670065013448653,0.2687563270654467,0.22227151140003337
840,0.24958380963190333,0.22459757429554866,0.24978141890645997,0.276037197166088
841,0.27649198822892346,0.24191539794815328,0.2497578047676401,0.23183480905528323
842,0.2670974752288366,0.24631594729841516,0.25872916101638715,0.22785741645636115
843,0.24958380963190333,0.22459757429554866,0.24978141890645997,0.276037197166088
844,0.24958380963190333,0.22459757429554866,0.24978141890645997,0.276037197166088
845,0.24958380963190333,0.22459757429554866,0.24978141890645997,0.276037197166088
846,0.22227151140003337,0.28670065013448653,0.2687563270654467,0.22227151140003337
847,0.2272438935154232,0.286952277612164,0.26333723727375796,0.22246659159865487
848,0.2686105331336013,0.22279506403807978,0.2329553084817064,0.27563909434661255
849,0.2665502291945223,0.22285482973899404,0.2348819053884322,0.2757130356780515
850,0.27649198822892346,0.24191539794815328,0.2497578047676401,0.23183480905528323
851,0.24194968366543873,0.28549982092983456,0.24974101447714078,0.22280948092758585
852,0.24958380963190333,0.22459757429554866,0.24978141890645997,0.276037197166088
853,0.22227151140003337,0.28670065013448653,0.2687563270654467,0.22227151140003337
854,0.2496954367227103,0.2478443453489495,0.27470048157743304,0.22775973635090707
855,0.2756358381517024,0.22254053817697775,0.2264994253397732,0.27532419833154664
856,0.22227151140003337,0.28670065013448653,0.2687563270654467,0.22227151140003337
857,0.2756358381517024,0.22254053817697775,0.2264994253397732,0.27532419833154664
858,0.22227151140003337,0.28670065013448653,0.2687563270654467,0.22227151140003337
859,0.2756358381517024,0.22254053817697775,0.2264994253397732,0.27532419833154664
860,0.24958380963190333,0.22459757429554866,0.24978141890645997,0.276037197166088
861,0.255234479839383,0.24367337866608385,0.2691121569470284,0.2319799845475047
862,0.22227151140003337,0.28670065013448653,0.2687563270654467,0.22227151140003337
863,0.24991780735486605,0.23052533148517196,0.26600601904899385,0.2535508421109681
864,0.24958380963190333,0.22459757429554866,0.24978141890645997,0.276037197166088
865,0.24671842605155303,0.28551653147963335,0.24494252031088815,0.22282252215792553
866,0.24958380963190333,0.22459757429554866,0.24978141890645997,0.276037197166088
867,0.24958380963190333,0.22459757429554866,0.24978141890645997,0.276037197166088
868,0.25491576985844167,0.22457320361743632,0.24450378165694137,0.27600724486718065
869,0.24368050777102804,0.2855120587271474,0.24798840196486135,0.2228190315369631
870,0.26927965114886504,0.24204358266971185,0.25671911384828994,0.23195765233313315
871,0.22227151140003337,0.28670065013448653,0.2687563270654467,0.22227151140003337
872,0.24958380963190333,0.22459757429554866,0.24978141890645997,0.276037197166088
873,0.22227151140003337,0.28670065013448653,0.2687563270654467,0.22227151140003337
874,0.2496954367227103,0.2478443453489495,0.27470048157743304,0.22775973635090707
875,0.24958380963190333,0.22459757429554866,0.24978141890645997,0.276037197166088
876,0.2764223240926711,0.2461650096075887,0.24969487650034067,0.22771778979939955
877,0.22227151140003337,0.28670065013448653,0.2687563270654467,0.22227151140003337
878,0.2496954367227103,0.2478443453489495,0.27470048157743304,0.22775973635090707
879,0.24958380963190333,0.22459757429554866,0.24978141890645997,0.276037197166088
880,0.27240127288181515,0.22266736720773445,0.22945025038643385,0.2754811095240166
881,0.22227151140003337,0.28670065013448653,0.2687563270654467,0.22227151140003337
882,0.22227151140003337,0.28670065013448653,0.2687563270654467,0.22227151140003337
883,0.24958380963190333,0.22459757429554866,0.24978141890645997,0.276037197166088
884,0.24958380963190333,0.22459757429554866,0.24978141890645997,0.276037197166088
885,0.22384037587458464,0.2867872019292172,0.26703380945467803,0.22233861274152023
886,0.24958380963190333,0.22459757429554866,0.24978141890645997,0.276037197166088
887,0.22227151140003337,0.28670065013448653,0.2687563270654467,0.22227151140003337
888,0.22227151140003337,0.28670065013448653,0.2687563270654467,0.22227151140003337
889,0.24958380963190333,0.22459757429554866,0.24978141890645997,0.276037197166088
890,0.24292283574736154,0.25468507578998073,0.27466323445544255,0.22772885400721524
891,0.2759827874654471,0.22282065518759078,0.2338162697601553,0.2673802875868069
892,0.22227151140003337,0.28670065013448653,0.2687563270654467,0.22227151140003337
893,0.24958380963190333,0.22459757429554866,0.24978141890645997,0.276037197166088
894,0.24976552497064355,0.24357272518764644,0.2747775886151622,0.23188416122654784
895,0.2496954367227103,0.2478443453489495,0.27470048157743304,0.22775973635090707
896,0.24973808021879731,0.2247364006066489,0.25959378019870055,0.26593173897585326
897,0.24958380963190333,0.22459757429554866,0.24978141890645997,0.276037197166088
898,0.24958380963190333,0.22459757429554866,0.24978141890645997,0.276037197166088
899,0.22227151140003337,0.28670065013448653,0.2687563270654467,0.22227151140003337
900,0.24958380963190333,0.22459757429554866,0.24978141890645997,0.276037197166088
901,0.2292504711286587,0.2714005244888186,0.2741551378540549,0.22519386652846785
902,0.2764223240926711,0.2461650096075887,0.24969487650034067,0.22771778979939955
903,0.22227151140003337,0.28670065013448653,0.2687563270654467,0.22227151140003337
904,0.2764223240926711,0.2461650096075887,0.24969487650034067,0.22771778979939955
905,0.22227151140003337,0.28670065013448653,0.2687563270654467,0.22227151140003337
906,0.24958380963190333,0.22459757429554866,0.24978141890645997,0.276037197166088
907,0.2306621982024805,0.2852415355675873,0.2614883561030077,0.2226079101269245
908,0.2756358381517024,0.22254053817697775,0.2264994253397732,0.27532419833154664
909,0.25850361612021977,0.22302150323001926,0.24255563874215877,0.27591924190760214
910,0.22227151140003337,0.28670065013448653,0.2687563270654467,0.22227151140003337
911,0.2764223240926711,0.2461650096075887,0.24969487650034067,0.22771778979939955
912,0.22227151140003337,0.28670065013448653,0.2687563270654467,0.22227151140003337
913,0.22680395398311315,0.2793681010290941,0.27128607894139994,0.22254186604639276
914,0.24958380963190333,0.22459757429554866,0.24978141890645997,0.276037197166088
915,0.22227151140003337,0.28670065013448653,0.2687563270654467,0.22227151140003337
916,0.27310225409575006,0.24623653057826325,0.2528772642253028,0.2277839511006839
917,0.2686105331336013,0.22279506403807978,0.2329553084817064,0.27563909434661255
918,0.24958380963190333,0.22459757429554866,0.24978141890645997,0.276037197166088
919,0.24671842605155303,0.28551653147963335,0.24494252031088815,0.22282252215792553
920,0.24972282926461628,0.2247226764499426,0.2576696548611619,0.2678848394242792
921,0.24958380963190333,0.22459757429554866,0.24978141890645997,0.276037197166088
922,0.24958380963190333,0.22459757429554866,0.24978141890645997,0.276037197166088
923,0.22227151140003337,0.28670065013448653,0.2687563270654467,0.22227151140003337
924,0.22227151140003337,0.28670065013448653,0.2687563270654467,0.22227151140003337
925,0.22227151140003337,0.28670065013448653,0.2687563270654467,0.22227151140003337
926,0.2764223240926711,0.2461650096075887,0.24969487650034067,0.22771778979939955
927,0.22227151140003337,0.28670065013448653,0.2687563270654467,0.22227151140003337
928,0.24976552497064355,0.24357272518764644,0.2747775886151622,0.23188416122654784
929,0.27649198822892346,0.24191539794815328,0.2497578047676401,0.23183480905528323
930,0.24958380963190333,0.22459757429554866,0.24978141890645997,0.276037197166088
931,0.24958380963190333,0.22459757429554866,0.24978141890645997,0.276037197166088
932,0.27055697202169154,0.22273234434830128,0.2311491852506253,0.27556149837938193
933,0.24958380963190333,0.22459757429554866,0.24978141890645997,0.276037197166088
934,0.25850361612021977,0.22302150323001926,0.24255563874215877,0.27591924190760214
935,0.24976552497064355,0.24357272518764644,0.2747775886151622,0.23188416122654784
936,0.2686105331336013,0.22279506403807978,0.2329553084817064,0.27563909434661255
937,0.22367094972152926,0.2851186955091336,0.2688562244798326,0.22235413028950457
938,0.24958380963190333,0.22459757429554866,0.24978141890645997,0.276037197166088
939,0.24972282926461628,0.2247226764499426,0.2576696548611619,0.2678848394242792
940,0.22367094972152926,0.2851186955091336,0.2688562244798326,0.22235413028950457
941,0.25850361612021977,0.22302150323001926,0.24255563874215877,0.27591924190760214
942,0.24976552497064355,0.24357272518764644,0.2747775886151622,0.23188416122654784
943,0.27649198822892346,0.24191539794815328,0.2497578047676401,0.23183480905528323
944,0.24958380963190333,0.22459757429554866,0.24978141890645997,0.276037197166088
945,0.2496954367227103,0.2478443453489495,0.27470048157743304,0.22775973635090707
946,0.2292504711286587,0.2714005244888186,0.2741551378540549,0.22519386652846785
947,0.22227151140003337,0.28670065013448653,0.2687563270654467,0.22227151140003337
948,0.24958380963190333,0.22459757429554866,0.24978141890645997,0.276037197166088
949,0.22227151140003337,0.28670065013448653,0.2687563270654467,0.22227151140003337
950,0.2759827874654471,0.22282065518759078,0.2338162697601553,0.2673802875868069
951,0.22227151140003337,0.28670065013448653,0.2687563270654467,0.22227151140003337
952,0.22367094972152926,0.2851186955091336,0.2688562244798326,0.22235413028950457
953,0.22227151140003337,0.28670065013448653,0.2687563270654467,0.22227151140003337
954,0.2496954367227103,0.2478443453489495,0.27470048157743304,0.22775973635090707
955,0.24958380963190333,0.22459757429554866,0.24978141890645997,0.276037197166088
956,0.24958380963190333,0.22459757429554866,0.24978141890645997,0.276037197166088
957,0.24194968366543873,0.28549982092983456,0.24974101447714078,0.22280948092758585
958,0.2496954367227103,0.2478443453489495,0.27470048157743304,0.22775973635090707
959,0.2764223240926711,0.2461650096075887,0.24969487650034067,0.22771778979939955
960,0.24973808021879731,0.2247364006066489,0.25959378019870055,0.26593173897585326
961,0.2764223240926711,0.2461650096075887,0.24969487650034067,0.22771778979939955
962,0.24958380963190333,0.22459757429554866,0.24978141890645997,0.276037197166088
963,0.2764223240926711,0.2461650096075887,0.24969487650034067,0.22771778979939955
964,0.22227151140003337,0.28670065013448653,0.2687563270654467,0.22227151140003337
965,0.24958380963190333,0.22459757429554866,0.24978141890645997,0.276037197166088
966,0.24958380963190333,0.22459757429554866,0.24978141890645997,0.276037197166088
967,0.2496954367227103,0.2478443453489495,0.27470048157743304,0.22775973635090707
968,0.2390860761497665,0.25864514694776974,0.2745958186805001,0.22767295822196357
969,0.22227151140003337,0.28670065013448653,0.2687563270654467,0.22227151140003337
970,0.251267088896921,0.2245953318658973,0.24810313808481183,0.2760344411523699
971,0.24958380963190333,0.22459757429554866,0.24978141890645997,0.276037197166088
972,0.22227151140003337,0.28670065013448653,0.2687563270654467,0.22227151140003337
973,0.24958380963190333,0.22459757429554866,0.24978141890645997,0.276037197166088
974,0.24958380963190333,0.22459757429554866,0.24978141890645997,0.276037197166088
975,0.22227151140003337,0.28670065013448653,0.2687563270654467,0.22227151140003337
976,0.27240127288181515,0.22266736720773445,0.22945025038643385,0.2754811095240166
977,0.2496954367227103,0.2478443453489495,0.27470048157743304,0.22775973635090707
978,0.2756358381517024,0.22254053817697775,0.2264994253397732,0.27532419833154664
979,0.2496954367227103,0.2478443453489495,0.27470048157743304,0.22775973635090707
980,0.2353326953614133,0.27790728234081064,0.2639126391014638,0.22284738319631214
981,0.24671842605155303,0.28551653147963335,0.24494252031088815,0.22282252215792553
982,0.22227151140003337,0.28670065013448653,0.2687563270654467,0.22227151140003337
983,0.2686105331336013,0.22279506403807978,0.2329553084817064,0.27563909434661255
984,0.22227151140003337,0.28670065013448653,0.2687563270654467,0.22227151140003337
985,0.22227151140003337,0.28670065013448653,0.2687563270654467,0.22227151140003337
986,0.22227151140003337,0.28670065013448653,0.2687563270654467,0.22227151140003337
987,0.2516922249568515,0.26558544591802663,0.2548141914947756,0.22790813763034623
988,0.2756358381517024,0.22254053817697775,0.2264994253397732,0.27532419833154664
989,0.22227151140003337,0.28670065013448653,0.2687563270654467,0.22227151140003337
990,0.22227151140003337,0.28670065013448653,0.2687563270654467,0.22227151140003337
991,0.24958380963190333,0.22459757429554866,0.24978141890645997,0.276037197166088
992,0.22227151140003337,0.28670065013448653,0.2687563270654467,0.22227151140003337
993,0.22227151140003337,0.28670065013448653,0.2687563270654467,0.22227151140003337
994,0.22227151140003337,0.28670065013448653,0.2687563270654467,0.22227151140003337
995,0.2764223240926711,0.2461650096075887,0.24969487650034067,0.22771778979939955
996,0.24958380963190333,0.22459757429554866,0.24978141890645997,0.276037197166088
997,0.22227151140003337,0.28670065013448653,0.2687563270654467,0.22227151140003337
998,0.22227151140003337,0.28670065013448653,0.2687563270654467,0.22227151140003337
999,0.24671842605155303,0.28551653147963335,0.24494252031088815,0.22282252215792553
1000,0.2496954367227103,0.2478443453489495,0.27470048157743304,0.22775973635090707
1001,0.2649762004114643,0.24632831788390322,0.26082662169506143,0.22786886000957104
1002,0.24958380963190333,0.22459757429554866,0.24978141890645997,0.276037197166088
1003,0.2670974752288366,0.24631594729841516,0.25872916101638715,0.22785741645636115
1004,0.27055697202169154,0.22273234434830128,0.2311491852506253,0.27556149837938193
1005,0.22227151140003337,0.28670065013448653,0.2687563270654467,0.22227151140003337
1006,0.22227151140003337,0.28670065013448653,0.2687563270654467,0.22227151140003337
1007,0.22227151140003337,0.28670065013448653,0.2687563270654467,0.22227151140003337
1008,0.27649198822892346,0.24191539794815328,0.2497578047676401,0.23183480905528323
1009,0.2496954367227103,0.2478443453489495,0.27470048157743304,0.22775973635090707
1010,0.22227151140003337,0.28670065013448653,0.2687563270654467,0.22227151140003337
1011,0.2764223240926711,0.2461650096075887,0.24969487650034067,0.22771778979939955
1012,0.24958380963190333,0.22459757429554866,0.24978141890645997,0.276037197166088
1013,0.24958380963190333,0.22459757429554866,0.24978141890645997,0.276037197166088
1014,0.22227151140003337,0.28670065013448653,0.2687563270654467,0.22227151140003337
1015,0.24958380963190333,0.22459757429554866,0.24978141890645997,0.276037197166088
1016,0.2764223240926711,0.2461650096075887,0.24969487650034067,0.22771778979939955
1017,0.22227151140003337,0.28670065013448653,0.2687563270654467,0.22227151140003337
1018,0.22227151140003337,0.28670065013448653,0.2687563270654467,0.22227151140003337
1019,0.24958380963190333,0.22459757429554866,0.24978141890645997,0.276037197166088
1020,0.2496954367227103,0.2478443453489495,0.27470048157743304,0.22775973635090707
1021,0.2496954367227103,0.2478443453489495,0.27470048157743304,0.22775973635090707
1022,0.24958380963190333,0.22459757429554866,0.24978141890645997,0.276037197166088
1023,0.22227151140003337,0.28670065013448653,0.2687563270654467,0.22227151140003337
1024,0.24958380963190333,0.22459757429554866,0.24978141890645997,0.276037197166088
1025,0.22227151140003337,0.28670065013448653,0.2687563270654467,0.22227151140003337
1026,0.22912941785406846,0.2742043441954423,0.2740103731474893,0.22265586480299995
1027,0.27591644091312084,0.2227670888677687,0.23217190276671734,0.2691445674523932
1028,0.22227151140003337,0.28670065013448653,0.2687563270654467,0.22227151140003337
1029,0.22227151140003337,0.28670065013448653,0.2687563270654467,0.22227151140003337
1030,0.22227151140003337,0.28670065013448653,0.2687563270654467,0.22227151140003337
1031,0.23133784794858225,0.26683651310152184,0.27435355032843534,0.22747208862146057
1032,0.24671842605155303,0.28551653147963335,0.24494252031088815,0.22282252215792553
1033,0.25662894851913526,0.2655761118425382,0.24989481190383026,0.22790012773449628
1034,0.24976552497064355,0.24357272518764644,0.2747775886151622,0.23188416122654784
1035,0.22227151140003337,0.28670065013448653,0.2687563270654467,0.22227151140003337
1036,0.23133784794858225,0.26683651310152184,0.27435355032843534,0.22747208862146057
1037,0.2756358381517024,0.22254053817697775,0.2264994253397732,0.27532419833154664
1038,0.24989926473259494,0.23738924308673573,0.27174866328989533,0.24096282889077394
1039,0.22227151140003337,0.28670065013448653,0.2687563270654467,0.22227151140003337
1040,0.27055697202169154,0.22273234434830128,0.2311491852506253,0.27556149837938193
1041,0.2496954367227103,0.2478443453489495,0.27470048157743304,0.22775973635090707
1042,0.22227151140003337,0.28670065013448653,0.2687563270654467,0.22227151140003337
1043,0.2712777384514055,0.24201719612816364,0.25477270010446706,0.23193236531596376
1044,0.2756358381517024,0.22254053817697775,0.2264994253397732,0.27532419833154664
1045,0.24972282926461628,0.2247226764499426,0.2576696548611619,0.2678848394242792
1046,0.24958380963190333,0.22459757429554866,0.24978141890645997,0.276037197166088
1047,0.22681571995332445,0.2767465803792093,0.2738842887563536,0.22255341091111264
1048,0.24976552497064355,0.24357272518764644,0.2747775886151622,0.23188416122654784
1049,0.27055697202169154,0.22273234434830128,0.2311491852506253,0.27556149837938193
1050,0.2496954367227103,0.2478443453489495,0.27470048157743304,0.22775973635090707
1051,0.2760473864467348,0.2228728105682476,0.23560302121672097,0.26547678176829653
1052,0.24976552497064355,0.24357272518764644,0.2747775886151622,0.23188416122654784
1053,0.22227151140003337,0.28670065013448653,0.2687563270654467,0.22227151140003337
1054,0.2764223240926711,0.2461650096075887,0.24969487650034067,0.22771778979939955
1055,0.24671842605155303,0.28551653147963335,0.24494252031088815,0.22282252215792553
1056,0.24958380963190333,0.22459757429554866,0.24978141890645997,0.276037197166088
1057,0.24958380963190333,0.22459757429554866,0.24978141890645997,0.276037197166088
1058,0.2496954367227103,0.2478443453489495,0.27470048157743304,0.22775973635090707
1059,0.22227151140003337,0.28670065013448653,0.2687563270654467,0.22227151140003337
1060,0.25897629437792313,0.22901974654896984,0.2584373670732894,0.2535665919998177
1061,0.2306621982024805,0.2852415355675873,0.2614883561030077,0.2226079101269245
1062,0.2756358381517024,0.22254053817697775,0.2264994253397732,0.27532419833154664
1063,0.22681571995332445,0.2767465803792093,0.2738842887563536,0.22255341091111264
1064,0.24958380963190333,0.22459757429554866,0.24978141890645997,0.276037197166088
1065,0.2712093593280849,0.246268569917037,0.25470848129322726,0.2278135894616509
1066,0.2756358381517024,0.22254053817697775,0.2264994253397732,0.27532419833154664
1067,0.24958380963190333,0.22459757429554866,0.24978141890645997,0.276037197166088
1068,0.22227151140003337,0.28670065013448653,0.2687563270654467,0.22227151140003337
1069,0.25850361612021977,0.22302150323001926,0.24255563874215877,0.27591924190760214
1070,0.24958380963190333,0.22459757429554866,0.24978141890645997,0.276037197166088
1071,0.25149189621562446,0.2436108477590481,0.2729768016527123,0.23192045437261521
1072,0.24958380963190333,0.22459757429554866,0.24978141890645997,0.276037197166088
1073,0.24989926473259494,0.23738924308673573,0.27174866328989533,0.24096282889077394
1074,0.22227151140003337,0.28670065013448653,0.2687563270654467,0.22227151140003337
1075,0.24958380963190333,0.22459757429554866,0.24978141890645997,0.276037197166088
1076,0.2686105331336013,0.22279506403807978,0.2329553084817064,0.27563909434661255
1077,0.22227151140003337,0.28670065013448653,0.2687563270654467,0.22227151140003337
1078,0.24958380963190333,0.22459757429554866,0.24978141890645997,0.276037197166088
1079,0.22912941785406846,0.2742043441954423,0.2740103731474893,0.22265586480299995
1080,0.2756358381517024,0.22254053817697775,0.2264994253397732,0.27532419833154664
1081,0.2686105331336013,0.22279506403807978,0.2329553084817064,0.27563909434661255
1082,0.22227151140003337,0.28670065013448653,0.2687563270654467,0.22227151140003337
1083,0.22227151140003337,0.28670065013448653,0.2687563270654467,0.22227151140003337
1084,0.2756358381517024,0.22254053817697775,0.2264994253397732,0.27532419833154664
1085,0.24958380963190333,0.22459757429554866,0.24978141890645997,0.276037197166088
1086,0.2756358381517024,0.22254053817697775,0.2264994253397732,0.27532419833154664
1087,0.24958380963190333,0.22459757429554866,0.24978141890645997,0.276037197166088
1088,0.24958380963190333,0.22459757429554866,0.24978141890645997,0.276037197166088
1089,0.23133784794858225,0.26683651310152184,0.27435355032843534,0.22747208862146057
1090,0.24958380963190333,0.22459757429554866,0.24978141890645997,0.276037197166088
1091,0.27240127288181515,0.22266736720773445,0.22945025038643385,0.2754811095240166
1092,0.24671842605155303,0.28551653147963335,0.24494252031088815,0.22282252215792553
1093,0.2496954367227103,0.2478443453489495,0.27470048157743304,0.22775973635090707
1094,0.25850361612021977,0.22302150323001926,0.24255563874215877,0.27591924190760214
1095,0.2649762004114643,0.24632831788390322,0.26082662169506143,0.22786886000957104
1096,0.2292504711286587,0.2714005244888186,0.2741551378540549,0.22519386652846785
1097,0.24958380963190333,0.22459757429554866,0.24978141890645997,0.276037197166088
1098,0.22227151140003337,0.28670065013448653,0.2687563270654467,0.22227151140003337
1099,0.2686105331336013,0.22279506403807978,0.2329553084817064,0.27563909434661255
1100,0.22227151140003337,0.28670065013448653,0.2687563270654467,0.22227151140003337
1101,0.24958380963190333,0.22459757429554866,0.24978141890645997,0.276037197166088
1102,0.2496954367227103,0.2478443453489495,0.27470048157743304,0.22775973635090707
1103,0.24958380963190333,0.22459757429554866,0.24978141890645997,0.276037197166088
1104,0.258841675878463,0.2463168241130093,0.26698327244468323,0.22785822756384452
1105,0.24976552497064355,0.24357272518764644,0.2747775886151622,0.23188416122654784
1106,0.2670974752288366,0.24631594729841516,0.25872916101638715,0.22785741645636115
1107,0.24958380963190333,0.22459757429554866,0.24978141890645997,0.276037197166088
1108,0.2496954367227103,0.2478443453489495,0.27470048157743304,0.22775973635090707
1109,0.2764223240926711,0.2461650096075887,0.24969487650034067,0.22771778979939955
1110,0.27649198822892346,0.24191539794815328,0.2497578047676401,0.23183480905528323
1111,0.24958380963190333,0.22459757429554866,0.24978141890645997,0.276037197166088
1112,0.2756358381517024,0.22254053817697775,0.2264994253397732,0.27532419833154664
1113,0.27055697202169154,0.22273234434830128,0.2311491852506253,0.27556149837938193
1114,0.2351215148741415,0.2628034726994304,0.2744898855280228,0.22758512689840524
1115,0.22227151140003337,0.28670065013448653,0.2687563270654467,0.22227151140003337
1116,0.24958380963190333,0.22459757429554866,0.24978141890645997,0.276037197166088
1117,0.22227151140003337,0.28670065013448653,0.2687563270654467,0.22227151140003337
1118,0.22227151140003337,0.28670065013448653,0.2687563270654467,0.22227151140003337
1119,0.2543734920802728,0.27018242540268733,0.24977312431298168,0.22567095820405808
1120,0.24958380963190333,0.22459757429554866,0.24978141890645997,0.276037197166088
1121,0.22227151140003337,0.28670065013448653,0.2687563270654467,0.22227151140003337
1122,0.22227151140003337,0.28670065013448653,0.2687563270654467,0.22227151140003337
1123,0.24671842605155303,0.28551653147963335,0.24494252031088815,0.22282252215792553
1124,0.22227151140003337,0.28670065013448653,0.2687563270654467,0.22227151140003337
1125,0.24958380963190333,0.22459757429554866,0.24978141890645997,0.276037197166088
1126,0.22227151140003337,0.28670065013448653,0.2687563270654467,0.22227151140003337
1127,0.24194968366543873,0.28549982092983456,0.24974101447714078,0.22280948092758585
1128,0.22227151140003337,0.28670065013448653,0.2687563270654467,0.22227151140003337
1129,0.22227151140003337,0.28670065013448653,0.2687563270654467,0.22227151140003337
1130,0.22227151140003337,0.28670065013448653,0.2687563270654467,0.22227151140003337
1131,0.24958380963190333,0.22459757429554866,0.24978141890645997,0.276037197166088
1132,0.25890694956898636,0.24206462926270614,0.2670505992514709,0.23197782191683675
1133,0.24976552497064355,0.24357272518764644,0.2747775886151622,0.23188416122654784
1134,0.22681571995332445,0.2767465803792093,0.2738842887563536,0.22255341091111264
1135,0.22227151140003337,0.28670065013448653,0.2687563270654467,0.22227151140003337
1136,0.23133784794858225,0.26683651310152184,0.27435355032843534,0.22747208862146057
1137,0.24671842605155303,0.28551653147963335,0.24494252031088815,0.22282252215792553
1138,0.2496954367227103,0.2478443453489495,0.27470048157743304,0.22775973635090707
1139,0.2672471031970974,0.2358649464441707,0.25588346719897415,0.24100448315975778
1140,0.24973808021879731,0.2247364006066489,0.25959378019870055,0.26593173897585326
1141,0.2756358381517024,0.22254053817697775,0.2264994253397732,0.27532419833154664
1142,0.2496954367227103,0.2478443453489495,0.27470048157743304,0.22775973635090707
1143,0.2756358381517024,0.22254053817697775,0.2264994253397732,0.27532419833154664
1144,0.2496954367227103,0.2478443453489495,0.27470048157743304,0.22775973635090707
1145,0.2496954367227103,0.2478443453489495,0.27470048157743304,0.22775973635090707
1146,0.2496954367227103,0.2478443453489495,0.27470048157743304,0.22775973635090707
1147,0.24958380963190333,0.22459757429554866,0.24978141890645997,0.276037197166088
1148,0.24958380963190333,0.22459757429554866,0.24978141890645997,0.276037197166088
1149,0.22227151140003337,0.28670065013448653,0.2687563270654467,0.22227151140003337
1150,0.2686105331336013,0.22279506403807978,0.2329553084817064,0.27563909434661255
1151,0.2665502291945223,0.22285482973899404,0.2348819053884322,0.2757130356780515
1152,0.27266025587741133,0.22287906615161568,0.23518082088590264,0.26927985708507035
1153,0.2496954367227103,0.2478443453489495,0.27470048157743304,0.22775973635090707
1154,0.22227151140003337,0.28670065013448653,0.2687563270654467,0.22227151140003337
1155,0.22227151140003337,0.28670065013448653,0.2687563270654467,0.22227151140003337
1156,0.25662894851913526,0.2655761118425382,0.24989481190383026,0.22790012773449628
1157,0.24964839435044703,0.22465569333437121,0.25263047797959803,0.2730654343355838
1158,0.22227151140003337,0.28670065013448653,0.2687563270654467,0.22227151140003337
1159,0.24958380963190333,0.22459757429554866,0.24978141890645997,0.276037197166088
1160,0.25850361612021977,0.22302150323001926,0.24255563874215877,0.27591924190760214
1161,0.24194968366543873,0.28549982092983456,0.24974101447714078,0.22280948092758585
1162,0.22227151140003337,0.28670065013448653,0.2687563270654467,0.22227151140003337
1163,0.24671842605155303,0.28551653147963335,0.24494252031088815,0.22282252215792553
1164,0.22227151140003337,0.28670065013448653,0.2687563270654467,0.22227151140003337
1165,0.22227151140003337,0.28670065013448653,0.2687563270654467,0.22227151140003337
1166,0.2496954367227103,0.2478443453489495,0.27470048157743304,0.22775973635090707
1167,0.22227151140003337,0.28670065013448653,0.2687563270654467,0.22227151140003337
1168,0.2756358381517024,0.22254053817697775,0.2264994253397732,0.27532419833154664
1169,0.24958380963190333,0.22459757429554866,0.24978141890645997,0.276037197166088
1170,0.27577657016555096,0.22265416120332512,0.2291405938810971,0.2724286747500267
1171,0.24958380963190333,0.22459757429554866,0.24978141890645997,0.276037197166088
1172,0.24958380963190333,0.22459757429554866,0.24978141890645997,0.276037197166088
1173,0.26282835950317324,0.2593456232130386,0.24991106603656116,0.22791495124722694
1174,0.2756358381517024,0.22254053817697775,0.2264994253397732,0.27532419833154664
1175,0.23966816395740898,0.28384470740416035,0.2536574631976513,0.22282966544077942
1176,0.22227151140003337,0.28670065013448653,0.2687563270654467,0.22227151140003337
1177,0.2756358381517024,0.22254053817697775,0.2264994253397732,0.27532419833154664
1178,0.24958380963190333,0.22459757429554866,0.24978141890645997,0.276037197166088
1179,0.24958380963190333,0.22459757429554866,0.24978141890645997,0.276037197166088
1180,0.2764223240926711,0.2461650096075887,0.24969487650034067,0.22771778979939955
1181,0.2764223240926711,0.2461650096075887,0.24969487650034067,0.22771778979939955
1182,0.2496954367227103,0.2478443453489495,0.27470048157743304,0.22775973635090707
1183,0.24964839435044703,0.22465569333437121,0.25263047797959803,0.2730654343355838
1184,0.24958380963190333,0.22459757429554866,0.24978141890645997,0.276037197166088
1185,0.2764223240926711,0.2461650096075887,0.24969487650034067,0.22771778979939955
1186,0.24671842605155303,0.28551653147963335,0.24494252031088815,0.22282252215792553
1187,0.2670974752288366,0.24631594729841516,0.25872916101638715,0.22785741645636115
1188,0.22227151140003337,0.28670065013448653,0.2687563270654467,0.22227151140003337
1189,0.22227151140003337,0.28670065013448653,0.2687563270654467,0.22227151140003337
1190,0.2756358381517024,0.22254053817697775,0.2264994253397732,0.27532419833154664
1191,0.22227151140003337,0.28670065013448653,0.2687563270654467,0.22227151140003337
1192,0.24292283574736154,0.25468507578998073,0.27466323445544255,0.22772885400721524
1193,0.23133784794858225,0.26683651310152184,0.27435355032843534,0.22747208862146057
1194,0.2496954367227103,0.2478443453489495,0.27470048157743304,0.22775973635090707
1195,0.22227151140003337,0.28670065013448653,0.2687563270654467,0.22227151140003337
1196,0.24964839435044703,0.22465569333437121,0.25263047797959803,0.2730654343355838
1197,0.22227151140003337,0.28670065013448653,0.2687563270654467,0.22227151140003337
1198,0.27317110150798385,0.241985701952141,0.2529410130409701,0.23190218349890507
1199,0.2517404759162937,0.2755795326412122,0.24959433244743506,0.22308565899505892
1200,0.22227151140003337,0.28670065013448653,0.2687563270654467,0.22227151140003337
1201,0.22227151140003337,0.28670065013448653,0.2687563270654467,0.22227151140003337
1202,0.22227151140003337,0.28670065013448653,0.2687563270654467,0.22227151140003337
1203,0.22227151140003337,0.28670065013448653,0.2687563270654467,0.22227151140003337
1204,0.22227151140003337,0.28670065013448653,0.2687563270654467,0.22227151140003337
1205,0.27649198822892346,0.24191539794815328,0.2497578047676401,0.23183480905528323
1206,0.24976552497064355,0.24357272518764644,0.2747775886151622,0.23188416122654784
1207,0.22227151140003337,0.28670065013448653,0.2687563270654467,0.22227151140003337
1208,0.2756358381517024,0.22254053817697775,0.2264994253397732,0.27532419833154664
1209,0.24973808021879731,0.2247364006066489,0.25959378019870055,0.26593173897585326
1210,0.2764223240926711,0.2461650096075887,0.24969487650034067,0.22771778979939955
1211,0.2765487086363895,0.23569615097861057,0.24692313077228814,0.24083200961271184
1212,0.24958380963190333,0.22459757429554866,0.24978141890645997,0.276037197166088
1213,0.22227151140003337,0.28670065013448653,0.2687563270654467,0.22227151140003337
1214,0.24958380963190333,0.22459757429554866,0.24978141890645997,0.276037197166088
1215,0.2764223240926711,0.2461650096075887,0.24969487650034067,0.22771778979939955
1216,0.2496954367227103,0.2478443453489495,0.27470048157743304,0.22775973635090707
1217,0.2686105331336013,0.22279506403807978,0.2329553084817064,0.27563909434661255
1218,0.2671648305950133,0.2420637673673664,0.25879440610103616,0.2319769959365841
1219,0.22227151140003337,0.28670065013448653,0.2687563270654467,0.22227151140003337
1220,0.24958380963190333,0.22459757429554866,0.24978141890645997,0.276037197166088
1221,0.27240127288181515,0.22266736720773445,0.22945025038643385,0.2754811095240166
1222,0.2496954367227103,0.2478443453489495,0.27470048157743304,0.22775973635090707
1223,0.22227151140003337,0.28670065013448653,0.2687563270654467,0.22227151140003337
1224,0.22227151140003337,0.28670065013448653,0.2687563270654467,0.22227151140003337
1225,0.22227151140003337,0.28670065013448653,0.2687563270654467,0.22227151140003337
1226,0.2756358381517024,0.22254053817697775,0.2264994253397732,0.27532419833154664
1227,0.22227151140003337,0.28670065013448653,0.2687563270654467,0.22227151140003337
1228,0.24958380963190333,0.22459757429554866,0.24978141890645997,0.276037197166088
1229,0.22227151140003337,0.28670065013448653,0.2687563270654467,0.22227151140003337
1230,0.22227151140003337,0.28670065013448653,0.2687563270654467,0.22227151140003337
1231,0.24958380963190333,0.22459757429554866,0.24978141890645997,0.276037197166088
1232,0.22227151140003337,0.28670065013448653,0.2687563270654467,0.22227151140003337
1233,0.22227151140003337,0.28670065013448653,0.2687563270654467,0.22227151140003337
1234,0.24958380963190333,0.22459757429554866,0.24978141890645997,0.276037197166088
1235,0.22227151140003337,0.28670065013448653,0.2687563270654467,0.22227151140003337
1236,0.22227151140003337,0.28670065013448653,0.2687563270654467,0.22227151140003337
1237,0.24976552497064355,0.24357272518764644,0.2747775886151622,0.23188416122654784
1238,0.25149189621562446,0.2436108477590481,0.2729768016527123,0.23192045437261521
1239,0.24976552497064355,0.24357272518764644,0.2747775886151622,0.23188416122654784
1240,0.24958380963190333,0.22459757429554866,0.24978141890645997,0.276037197166088
1241,0.24958380963190333,0.22459757429554866,0.24978141890645997,0.276037197166088
1242,0.22227151140003337,0.28670065013448653,0.2687563270654467,0.22227151140003337
1243,0.2496954367227103,0.2478443453489495,0.27470048157743304,0.22775973635090707
1244,0.24958380963190333,0.22459757429554866,0.24978141890645997,0.276037197166088
1245,0.22227151140003337,0.28670065013448653,0.2687563270654467,0.22227151140003337
1246,0.22227151140003337,0.28670065013448653,0.2687563270654467,0.22227151140003337
1247,0.27649198822892346,0.24191539794815328,0.2497578047676401,0.23183480905528323
1248,0.22227151140003337,0.28670065013448653,0.2687563270654467,0.22227151140003337
1249,0.24958380963190333,0.22459757429554866,0.24978141890645997,0.276037197166088
1250,0.251267088896921,0.2245953318658973,0.24810313808481183,0.2760344411523699
1251,0.2764223240926711,0.2461650096075887,0.24969487650034067,0.22771778979939955
1252,0.27055697202169154,0.22273234434830128,0.2311491852506253,0.27556149837938193
1253,0.24958380963190333,0.22459757429554866,0.24978141890645997,0.276037197166088
1254,0.22681571995332445,0.2767465803792093,0.2738842887563536,0.22255341091111264
1255,0.23133784794858225,0.26683651310152184,0.27435355032843534,0.22747208862146057
1256,0.24671842605155303,0.28551653147963335,0.24494252031088815,0.22282252215792553
1257,0.22227151140003337,0.28670065013448653,0.2687563270654467,0.22227151140003337
1258,0.27649198822892346,0.24191539794815328,0.2497578047676401,0.23183480905528323
1259,0.24958380963190333,0.22459757429554866,0.24978141890645997,0.276037197166088
1260,0.2496954367227103,0.2478443453489495,0.27470048157743304,0.22775973635090707
1261,0.22227151140003337,0.28670065013448653,0.2687563270654467,0.22227151140003337
1262,0.22227151140003337,0.28670065013448653,0.2687563270654467,0.22227151140003337
1263,0.24958380963190333,0.22459757429554866,0.24978141890645997,0.276037197166088
1264,0.24292283574736154,0.25468507578998073,0.27466323445544255,0.22772885400721524
1265,0.22227151140003337,0.28670065013448653,0.2687563270654467,0.22227151140003337
1266,0.2496954367227103,0.2478443453489495,0.27470048157743304,0.22775973635090707
1267,0.25662894851913526,0.2655761118425382,0.24989481190383026,0.22790012773449628
1268,0.22227151140003337,0.28670065013448653,0.2687563270654467,0.22227151140003337
1269,0.22227151140003337,0.28670065013448653,0.2687563270654467,0.22227151140003337
1270,0.2764223240926711,0.2461650096075887,0.24969487650034067,0.22771778979939955
1271,0.24958380963190333,0.22459757429554866,0.24978141890645997,0.276037197166088
1272,0.22680395398311315,0.2793681010290941,0.27128607894139994,0.22254186604639276
1273,0.2496954367227103,0.2478443453489495,0.27470048157743304,0.22775973635090707
1274,0.24958380963190333,0.22459757429554866,0.24978141890645997,0.276037197166088
1275,0.24958380963190333,0.22459757429554866,0.24978141890645997,0.276037197166088
1276,0.2496954367227103,0.2478443453489495,0.27470048157743304,0.22775973635090707
1277,0.22227151140003337,0.28670065013448653,0.2687563270654467,0.22227151140003337
1278,0.24671842605155303,0.28551653147963335,0.24494252031088815,0.22282252215792553
1279,0.24194968366543873,0.28549982092983456,0.24974101447714078,0.22280948092758585
1280,0.27649198822892346,0.24191539794815328,0.2497578047676401,0.23183480905528323
1281,0.23133784794858225,0.26683651310152184,0.27435355032843534,0.22747208862146057
1282,0.2496954367227103,0.2478443453489495,0.27470048157743304,0.22775973635090707
1283,0.24958380963190333,0.22459757429554866,0.24978141890645997,0.276037197166088
1284,0.24958380963190333,0.22459757429554866,0.24978141890645997,0.276037197166088
1285,0.25850361612021977,0.22302150323001926,0.24255563874215877,0.27591924190760214
1286,0.24671842605155303,0.28551653147963335,0.24494252031088815,0.22282252215792553
1287,0.2496954367227103,0.2478443453489495,0.27470048157743304,0.22775973635090707
1288,0.27649198822892346,0.24191539794815328,0.2497578047676401,0.23183480905528323
1289,0.22227151140003337,0.28670065013448653,0.2687563270654467,0.22227151140003337
1290,0.27134880674701245,0.2358087303263046,0.2518954208434218,0.24094704208326115
1291,0.22227151140003337,0.28670065013448653,0.2687563270654467,0.22227151140003337
1292,0.22227151140003337,0.28670065013448653,0.2687563270654467,0.22227151140003337
1293,0.2649951533371467,0.2572010744864829,0.24989943147019641,0.22790434070617388
1294,0.2543734920802728,0.27018242540268733,0.24977312431298168,0.22567095820405808
1295,0.27649198822892346,0.24191539794815328,0.2497578047676401,0.23183480905528323
1296,0.24976552497064355,0.24357272518764644,0.2747775886151622,0.23188416122654784
1297,0.26921176827130733,0.24629541320679824,0.25665439736452395,0.2278384211573704
1298,0.22367094972152926,0.2851186955091336,0.2688562244798326,0.22235413028950457
1299,0.24976552497064355,0.24357272518764644,0.2747775886151622,0.23188416122654784
1300,0.26927965114886504,0.24204358266971185,0.25671911384828994,0.23195765233313315
1301,0.24671842605155303,0.28551653147963335,0.24494252031088815,0.22282252215792553
1302,0.25491576985844167,0.22457320361743632,0.24450378165694137,0.27600724486718065
1303,0.2756358381517024,0.22254053817697775,0.2264994253397732,0.27532419833154664
1304,0.24958380963190333,0.22459757429554866,0.24978141890645997,0.276037197166088
1305,0.22227151140003337,0.28670065013448653,0.2687563270654467,0.22227151140003337
1306,0.24991780735486605,0.23052533148517196,0.26600601904899385,0.2535508421109681
1307,0.2764223240926711,0.2461650096075887,0.24969487650034067,0.22771778979939955
1308,0.24958380963190333,0.22459757429554866,0.24978141890645997,0.276037197166088
1309,0.2496954367227103,0.2478443453489495,0.27470048157743304,0.22775973635090707
1310,0.24671842605155303,0.28551653147963335,0.24494252031088815,0.22282252215792553
1311,0.22227151140003337,0.28670065013448653,0.2687563270654467,0.22227151140003337
1312,0.24671842605155303,0.28551653147963335,0.24494252031088815,0.22282252215792553
1313,0.24958380963190333,0.22459757429554866,0.24978141890645997,0.276037197166088
1314,0.22227151140003337,0.28670065013448653,0.2687563270654467,0.22227151140003337
1315,0.22680395398311315,0.2793681010290941,0.27128607894139994,0.22254186604639276
1316,0.24194968366543873,0.28549982092983456,0.24974101447714078,0.22280948092758585
1317,0.22227151140003337,0.28670065013448653,0.2687563270654467,0.22227151140003337
1318,0.22227151140003337,0.28670065013448653,0.2687563270654467,0.22227151140003337
1319,0.2496954367227103,0.2478443453489495,0.27470048157743304,0.22775973635090707
1320,0.27649198822892346,0.24191539794815328,0.2497578047676401,0.23183480905528323
1321,0.24958380963190333,0.22459757429554866,0.24978141890645997,0.276037197166088
1322,0.24958380963190333,0.22459757429554866,0.24978141890645997,0.276037197166088
1323,0.2764223240926711,0.2461650096075887,0.24969487650034067,0.22771778979939955
1324,0.22227151140003337,0.28670065013448653,0.2687563270654467,0.22227151140003337
1325,0.22227151140003337,0.28670065013448653,0.2687563270654467,0.22227151140003337
1326,0.24958380963190333,0.22459757429554866,0.24978141890645997,0.276037197166088
1327,0.22227151140003337,0.28670065013448653,0.2687563270654467,0.22227151140003337
1328,0.2496954367227103,0.2478443453489495,0.27470048157743304,0.22775973635090707
1329,0.22227151140003337,0.28670065013448653,0.2687563270654467,0.22227151140003337
1330,0.22367094972152926,0.2851186955091336,0.2688562244798326,0.22235413028950457
1331,0.2496954367227103,0.2478443453489495,0.27470048157743304,0.22775973635090707
1332,0.24671842605155303,0.28551653147963335,0.24494252031088815,0.22282252215792553
1333,0.22227151140003337,0.28670065013448653,0.2687563270654467,0.22227151140003337
1334,0.27649198822892346,0.24191539794815328,0.2497578047676401,0.23183480905528323
1335,0.22227151140003337,0.28670065013448653,0.2687563270654467,0.22227151140003337
1336,0.2764223240926711,0.2461650096075887,0.24969487650034067,0.22771778979939955
1337,0.24958380963190333,0.22459757429554866,0.24978141890645997,0.276037197166088
1338,0.24976552497064355,0.24357272518764644,0.2747775886151622,0.23188416122654784
1339,0.22227151140003337,0.28670065013448653,0.2687563270654467,0.22227151140003337
1340,0.24958380963190333,0.22459757429554866,0.24978141890645997,0.276037197166088
1341,0.22227151140003337,0.28670065013448653,0.2687563270654467,0.22227151140003337
1342,0.22680395398311315,0.2793681010290941,0.27128607894139994,0.22254186604639276
1343,0.27055697202169154,0.22273234434830128,0.2311491852506253,0.27556149837938193
1344,0.2496954367227103,0.2478443453489495,0.27470048157743304,0.22775973635090707
1345,0.22227151140003337,0.28670065013448653,0.2687563270654467,0.22227151140003337
1346,0.22227151140003337,0.28670065013448653,0.2687563270654467,0.22227151140003337
1347,0.22227151140003337,0.28670065013448653,0.2687563270654467,0.22227151140003337
1348,0.22227151140003337,0.28670065013448653,0.2687563270654467,0.22227151140003337
1349,0.22227151140003337,0.28670065013448653,0.2687563270654467,0.22227151140003337
1350,0.24976552497064355,0.24357272518764644,0.2747775886151622,0.23188416122654784
1351,0.24958380963190333,0.22459757429554866,0.24978141890645997,0.276037197166088
1352,0.24292283574736154,0.25468507578998073,0.27466323445544255,0.22772885400721524
1353,0.2496954367227103,0.2478443453489495,0.27470048157743304,0.22775973635090707
1354,0.22227151140003337,0.28670065013448653,0.2687563270654467,0.22227151140003337
1355,0.22227151140003337,0.28670065013448653,0.2687563270654467,0.22227151140003337
1356,0.24012407192037208,0.28547918522123267,0.25160336642960446,0.22279337642879077
1357,0.25662894851913526,0.2655761118425382,0.24989481190383026,0.22790012773449628
1358,0.2670974752288366,0.24631594729841516,0.25872916101638715,0.22785741645636115
1359,0.24958380963190333,0.22459757429554866,0.24978141890645997,0.276037197166088
1360,0.2496954367227103,0.2478443453489495,0.27470048157743304,0.22775973635090707
1361,0.2381928573629116,0.2854486199762488,0.25358899992956463,0.22276952273127495
1362,0.22681571995332445,0.2767465803792093,0.2738842887563536,0.22255341091111264
1363,0.24958380963190333,0.22459757429554866,0.24978141890645997,0.276037197166088
1364,0.22227151140003337,0.28670065013448653,0.2687563270654467,0.22227151140003337
1365,0.22227151140003337,0.28670065013448653,0.2687563270654467,0.22227151140003337
1366,0.22227151140003337,0.28670065013448653,0.2687563270654467,0.22227151140003337
1367,0.22227151140003337,0.28670065013448653,0.2687563270654467,0.22227151140003337
1368,0.2764223240926711,0.2461650096075887,0.24969487650034067,0.22771778979939955
1369,0.22227151140003337,0.28670065013448653,0.2687563270654467,0.22227151140003337
1370,0.2496954367227103,0.2478443453489495,0.27470048157743304,0.22775973635090707
1371,0.2496954367227103,0.2478443453489495,0.27470048157743304,0.22775973635090707
1372,0.24958380963190333,0.22459757429554866,0.24978141890645997,0.276037197166088
1373,0.2665502291945223,0.22285482973899404,0.2348819053884322,0.2757130356780515
1374,0.22227151140003337,0.28670065013448653,0.2687563270654467,0.22227151140003337
1375,0.2764223240926711,0.2461650096075887,0.24969487650034067,0.22771778979939955
1376,0.24671842605155303,0.28551653147963335,0.24494252031088815,0.22282252215792553
1377,0.22227151140003337,0.28670065013448653,0.2687563270654467,0.22227151140003337
1378,0.25850361612021977,0.22302150323001926,0.24255563874215877,0.27591924190760214
1379,0.24958380963190333,0.22459757429554866,0.24978141890645997,0.276037197166088
1380,0.24958380963190333,0.22459757429554866,0.24978141890645997,0.276037197166088
1381,0.22227151140003337,0.28670065013448653,0.2687563270654467,0.22227151140003337
1382,0.24958380963190333,0.22459757429554866,0.24978141890645997,0.276037197166088
1383,0.24958380963190333,0.22459757429554866,0.24978141890645997,0.276037197166088
1384,0.2712777384514055,0.24201719612816364,0.25477270010446706,0.23193236531596376
1385,0.25850361612021977,0.22302150323001926,0.24255563874215877,0.27591924190760214
1386,0.24958380963190333,0.22459757429554866,0.24978141890645997,0.276037197166088
1387,0.2712093593280849,0.246268569917037,0.25470848129322726,0.2278135894616509
1388,0.2543734920802728,0.27018242540268733,0.24977312431298168,0.22567095820405808
1389,0.2764223240926711,0.2461650096075887,0.24969487650034067,0.22771778979939955
1390,0.2496954367227103,0.2478443453489495,0.27470048157743304,0.22775973635090707
1391,0.2764223240926711,0.2461650096075887,0.24969487650034067,0.22771778979939955
1392,0.22227151140003337,0.28670065013448653,0.2687563270654467,0.22227151140003337
1393,0.2306621982024805,0.2852415355675873,0.2614883561030077,0.2226079101269245
1394,0.24292283574736154,0.25468507578998073,0.27466323445544255,0.22772885400721524
1395,0.2496954367227103,0.2478443453489495,0.27470048157743304,0.22775973635090707
1396,0.2670974752288366,0.24631594729841516,0.25872916101638715,0.22785741645636115
1397,0.24958380963190333,0.22459757429554866,0.24978141890645997,0.276037197166088
1398,0.22227151140003337,0.28670065013448653,0.2687563270654467,0.22227151140003337
1399,0.22227151140003337,0.28670065013448653,0.2687563270654467,0.22227151140003337
1400,0.25850361612021977,0.22302150323001926,0.24255563874215877,0.27591924190760214
1401,0.2670974752288366,0.24631594729841516,0.25872916101638715,0.22785741645636115
1402,0.2292504711286587,0.2714005244888186,0.2741551378540549,0.22519386652846785
1403,0.24671842605155303,0.28551653147963335,0.24494252031088815,0.22282252215792553
1404,0.22227151140003337,0.28670065013448653,0.2687563270654467,0.22227151140003337
1405,0.22227151140003337,0.28670065013448653,0.2687563270654467,0.22227151140003337
1406,0.22227151140003337,0.28670065013448653,0.2687563270654467,0.22227151140003337
1407,0.22227151140003337,0.28670065013448653,0.2687563270654467,0.22227151140003337
1408,0.27055697202169154,0.22273234434830128,0.2311491852506253,0.27556149837938193
1409,0.24958380963190333,0.22459757429554866,0.24978141890645997,0.276037197166088
1410,0.22227151140003337,0.28670065013448653,0.2687563270654467,0.22227151140003337
1411,0.22227151140003337,0.28670065013448653,0.2687563270654467,0.22227151140003337
1412,0.27649198822892346,0.24191539794815328,0.2497578047676401,0.23183480905528323
1413,0.2496954367227103,0.2478443453489495,0.27470048157743304,0.22775973635090707
1414,0.24958380963190333,0.22459757429554866,0.24978141890645997,0.276037197166088
1415,0.2765487086363895,0.23569615097861057,0.24692313077228814,0.24083200961271184
1416,0.2764223240926711,0.2461650096075887,0.24969487650034067,0.22771778979939955
1417,0.2306621982024805,0.2852415355675873,0.2614883561030077,0.2226079101269245
1418,0.2496954367227103,0.2478443453489495,0.27470048157743304,0.22775973635090707
1419,0.24958380963190333,0.22459757429554866,0.24978141890645997,0.276037197166088
1420,0.24976552497064355,0.24357272518764644,0.2747775886151622,0.23188416122654784
1421,0.22227151140003337,0.28670065013448653,0.2687563270654467,0.22227151140003337
1422,0.22227151140003337,0.28670065013448653,0.2687563270654467,0.22227151140003337
1423,0.22680395398311315,0.2793681010290941,0.27128607894139994,0.22254186604639276
1424,0.24958380963190333,0.22459757429554866,0.24978141890645997,0.276037197166088
1425,0.251267088896921,0.2245953318658973,0.24810313808481183,0.2760344411523699
1426,0.22227151140003337,0.28670065013448653,0.2687563270654467,0.22227151140003337
1427,0.2306621982024805,0.2852415355675873,0.2614883561030077,0.2226079101269245
1428,0.24958380963190333,0.22459757429554866,0.24978141890645997,0.276037197166088
1429,0.2496954367227103,0.2478443453489495,0.27470048157743304,0.22775973635090707
1430,0.27055697202169154,0.22273234434830128,0.2311491852506253,0.27556149837938193
1431,0.2496954367227103,0.2478443453489495,0.27470048157743304,0.22775973635090707
1432,0.23707778393390375,0.2607430610461055,0.274546821419828,0.2276323336001627
1433,0.2496954367227103,0.2478443453489495,0.27470048157743304,0.22775973635090707
1434,0.24671842605155303,0.28551653147963335,0.24494252031088815,0.22282252215792553
1435,0.24958380963190333,0.22459757429554866,0.24978141890645997,0.276037197166088
1436,0.22227151140003337,0.28670065013448653,0.2687563270654467,0.22227151140003337
1437,0.24976552497064355,0.24357272518764644,0.2747775886151622,0.23188416122654784
1438,0.2764223240926711,0.2461650096075887,0.24969487650034067,0.22771778979939955
1439,0.24976552497064355,0.24357272518764644,0.2747775886151622,0.23188416122654784
1440,0.22227151140003337,0.28670065013448653,0.2687563270654467,0.22227151140003337
1441,0.25850361612021977,0.22302150323001926,0.24255563874215877,0.27591924190760214
1442,0.22227151140003337,0.28670065013448653,0.2687563270654467,0.22227151140003337
1443,0.24958380963190333,0.22459757429554866,0.24978141890645997,0.276037197166088
1444,0.22227151140003337,0.28670065013448653,0.2687563270654467,0.22227151140003337
1445,0.22912941785406846,0.2742043441954423,0.2740103731474893,0.22265586480299995
1446,0.23133784794858225,0.26683651310152184,0.27435355032843534,0.22747208862146057
1447,0.24958380963190333,0.22459757429554866,0.24978141890645997,0.276037197166088
1448,0.24671842605155303,0.28551653147963335,0.24494252031088815,0.22282252215792553
1449,0.24958380963190333,0.22459757429554866,0.24978141890645997,0.276037197166088
1450,0.22227151140003337,0.28670065013448653,0.2687563270654467,0.22227151140003337
1451,0.22367094972152926,0.2851186955091336,0.2688562244798326,0.22235413028950457
1452,0.22227151140003337,0.28670065013448653,0.2687563270654467,0.22227151140003337
1453,0.24958380963190333,0.22459757429554866,0.24978141890645997,0.276037197166088
1454,0.24958380963190333,0.22459757429554866,0.24978141890645997,0.276037197166088
1455,0.24958380963190333,0.22459757429554866,0.24978141890645997,0.276037197166088
1456,0.22227151140003337,0.28670065013448653,0.2687563270654467,0.22227151140003337
1457,0.24958380963190333,0.22459757429554866,0.24978141890645997,0.276037197166088
1458,0.22227151140003337,0.28670065013448653,0.2687563270654467,0.22227151140003337
1459,0.22227151140003337,0.28670065013448653,0.2687563270654467,0.22227151140003337
1460,0.22227151140003337,0.28670065013448653,0.2687563270654467,0.22227151140003337
1461,0.22227151140003337,0.28670065013448653,0.2687563270654467,0.22227151140003337
1462,0.24989926473259494,0.23738924308673573,0.27174866328989533,0.24096282889077394
1463,0.2764223240926711,0.2461650096075887,0.24969487650034067,0.22771778979939955
1464,0.24958380963190333,0.22459757429554866,0.24978141890645997,0.276037197166088
1465,0.24958380963190333,0.22459757429554866,0.24978141890645997,0.276037197166088
1466,0.27055697202169154,0.22273234434830128,0.2311491852506253,0.27556149837938193
1467,0.24958380963190333,0.22459757429554866,0.24978141890645997,0.276037197166088
1468,0.22227151140003337,0.28670065013448653,0.2687563270654467,0.22227151140003337
1469,0.2496954367227103,0.2478443453489495,0.27470048157743304,0.22775973635090707
1470,0.22227151140003337,0.28670065013448653,0.2687563270654467,0.22227151140003337
1471,0.22227151140003337,0.28670065013448653,0.2687563270654467,0.22227151140003337
1472,0.27649198822892346,0.24191539794815328,0.2497578047676401,0.23183480905528323
1473,0.22227151140003337,0.28670065013448653,0.2687563270654467,0.22227151140003337
1474,0.24012407192037208,0.28547918522123267,0.25160336642960446,0.22279337642879077
1475,0.24958380963190333,0.22459757429554866,0.24978141890645997,0.276037197166088
1476,0.22227151140003337,0.28670065013448653,0.2687563270654467,0.22227151140003337
1477,0.2496954367227103,0.2478443453489495,0.27470048157743304,0.22775973635090707
1478,0.24671842605155303,0.28551653147963335,0.24494252031088815,0.22282252215792553
1479,0.24368050777102804,0.2855120587271474,0.24798840196486135,0.2228190315369631
1480,0.2496954367227103,0.2478443453489495,0.27470048157743304,0.22775973635090707
1481,0.22227151140003337,0.28670065013448653,0.2687563270654467,0.22227151140003337
1482,0.24958380963190333,0.22459757429554866,0.24978141890645997,0.276037197166088
1483,0.22227151140003337,0.28670065013448653,0.2687563270654467,0.22227151140003337
1484,0.25850361612021977,0.22302150323001926,0.24255563874215877,0.27591924190760214
1485,0.2496954367227103,0.2478443453489495,0.27470048157743304,0.22775973635090707
1486,0.24976552497064355,0.24357272518764644,0.2747775886151622,0.23188416122654784
1487,0.22227151140003337,0.28670065013448653,0.2687563270654467,0.22227151140003337
1488,0.24976552497064355,0.24357272518764644,0.2747775886151622,0.23188416122654784
1489,0.24976552497064355,0.24357272518764644,0.2747775886151622,0.23188416122654784
1490,0.2668655076627975,0.22311842482041694,0.2442467203114755,0.26576934720531015
1491,0.24976552497064355,0.24357272518764644,0.2747775886151622,0.23188416122654784
1492,0.24958380963190333,0.22459757429554866,0.24978141890645997,0.276037197166088
1493,0.22227151140003337,0.28670065013448653,0.2687563270654467,0.22227151140003337
1494,0.24958380963190333,0.22459757429554866,0.24978141890645997,0.276037197166088
1495,0.2756358381517024,0.22254053817697775,0.2264994253397732,0.27532419833154664
1496,0.2496954367227103,0.2478443453489495,0.27470048157743304,0.22775973635090707
1497,0.27055697202169154,0.22273234434830128,0.2311491852506253,0.27556149837938193
1498,0.22227151140003337,0.28670065013448653,0.2687563270654467,0.22227151140003337
1499,0.27055697202169154,0.22273234434830128,0.2311491852506253,0.27556149837938193
1500,0.24958380963190333,0.22459757429554866,0.24978141890645997,0.276037197166088
1501,0.2765487086363895,0.23569615097861057,0.24692313077228814,0.24083200961271184
1502,0.24958380963190333,0.22459757429554866,0.24978141890645997,0.276037197166088
1503,0.27649198822892346,0.24191539794815328,0.2497578047676401,0.23183480905528323
1504,0.22227151140003337,0.28670065013448653,0.2687563270654467,0.22227151140003337
1505,0.22227151140003337,0.28670065013448653,0.2687563270654467,0.22227151140003337
1506,0.24958380963190333,0.22459757429554866,0.24978141890645997,0.276037197166088
1507,0.23707778393390375,0.2607430610461055,0.274546821419828,0.2276323336001627
1508,0.24958380963190333,0.22459757429554866,0.24978141890645997,0.276037197166088
1509,0.2756358381517024,0.22254053817697775,0.2264994253397732,0.27532419833154664
1510,0.22227151140003337,0.28670065013448653,0.2687563270654467,0.22227151140003337
1511,0.22227151140003337,0.28670065013448653,0.2687563270654467,0.22227151140003337
1512,0.22227151140003337,0.28670065013448653,0.2687563270654467,0.22227151140003337
1513,0.23133784794858225,0.26683651310152184,0.27435355032843534,0.22747208862146057
1514,0.2292504711286587,0.2714005244888186,0.2741551378540549,0.22519386652846785
1515,0.2496954367227103,0.2478443453489495,0.27470048157743304,0.22775973635090707
1516,0.27577657016555096,0.22265416120332512,0.2291405938810971,0.2724286747500267
1517,0.22227151140003337,0.28670065013448653,0.2687563270654467,0.22227151140003337
1518,0.2756358381517024,0.22254053817697775,0.2264994253397732,0.27532419833154664
1519,0.2756358381517024,0.22254053817697775,0.2264994253397732,0.27532419833154664
1520,0.24958380963190333,0.22459757429554866,0.24978141890645997,0.276037197166088
1521,0.2756358381517024,0.22254053817697775,0.2264994253397732,0.27532419833154664
1522,0.22227151140003337,0.28670065013448653,0.2687563270654467,0.22227151140003337
1523,0.2644829580810333,0.22290787370111398,0.23683050725432914,0.2757786609635237
1524,0.2756358381517024,0.22254053817697775,0.2264994253397732,0.27532419833154664
1525,0.23133784794858225,0.26683651310152184,0.27435355032843534,0.22747208862146057
1526,0.22227151140003337,0.28670065013448653,0.2687563270654467,0.22227151140003337
1527,0.22227151140003337,0.28670065013448653,0.2687563270654467,0.22227151140003337
1528,0.2764223240926711,0.2461650096075887,0.24969487650034067,0.22771778979939955
1529,0.24958380963190333,0.22459757429554866,0.24978141890645997,0.276037197166088
1530,0.24958380963190333,0.22459757429554866,0.24978141890645997,0.276037197166088
1531,0.2543734920802728,0.27018242540268733,0.24977312431298168,0.22567095820405808
1532,0.2496954367227103,0.2478443453489495,0.27470048157743304,0.22775973635090707
1533,0.24958380963190333,0.22459757429554866,0.24978141890645997,0.276037197166088
1534,0.24671842605155303,0.28551653147963335,0.24494252031088815,0.22282252215792553
1535,0.22227151140003337,0.28670065013448653,0.2687563270654467,0.22227151140003337
1536,0.24958380963190333,0.22459757429554866,0.24978141890645997,0.276037197166088
1537,0.2496954367227103,0.2478443453489495,0.27470048157743304,0.22775973635090707
1538,0.24958380963190333,0.22459757429554866,0.24978141890645997,0.276037197166088
1539,0.2756358381517024,0.22254053817697775,0.2264994253397732,0.27532419833154664
1540,0.22227151140003337,0.28670065013448653,0.2687563270654467,0.22227151140003337
1541,0.24991780735486605,0.23052533148517196,0.26600601904899385,0.2535508421109681
1542,0.22227151140003337,0.28670065013448653,0.2687563270654467,0.22227151140003337
1543,0.27240127288181515,0.22266736720773445,0.22945025038643385,0.2754811095240166
1544,0.22227151140003337,0.28670065013448653,0.2687563270654467,0.22227151140003337
1545,0.24671842605155303,0.28551653147963335,0.24494252031088815,0.22282252215792553
1546,0.22227151140003337,0.28670065013448653,0.2687563270654467,0.22227151140003337
1547,0.24958380963190333,0.22459757429554866,0.24978141890645997,0.276037197166088
1548,0.24958380963190333,0.22459757429554866,0.24978141890645997,0.276037197166088
1549,0.2496954367227103,0.2478443453489495,0.27470048157743304,0.22775973635090707
1550,0.22227151140003337,0.28670065013448653,0.2687563270654467,0.22227151140003337
1551,0.24976552497064355,0.24357272518764644,0.2747775886151622,0.23188416122654784
1552,0.2496954367227103,0.2478443453489495,0.27470048157743304,0.22775973635090707
1553,0.24958380963190333,0.22459757429554866,0.24978141890645997,0.276037197166088
1554,0.23133784794858225,0.26683651310152184,0.27435355032843534,0.22747208862146057
1555,0.24976552497064355,0.24357272518764644,0.2747775886151622,0.23188416122654784
1556,0.24958380963190333,0.22459757429554866,0.24978141890645997,0.276037197166088
1557,0.2496954367227103,0.2478443453489495,0.27470048157743304,0.22775973635090707
1558,0.2496954367227103,0.2478443453489495,0.27470048157743304,0.22775973635090707
1559,0.24292283574736154,0.25468507578998073,0.27466323445544255,0.22772885400721524
1560,0.23296518602783395,0.2669107443315963,0.27258870057540346,0.22753536906516633
1561,0.24958380963190333,0.22459757429554866,0.24978141890645997,0.276037197166088
1562,0.24671842605155303,0.28551653147963335,0.24494252031088815,0.22282252215792553
1563,0.24958380963190333,0.22459757429554866,0.24978141890645997,0.276037197166088
1564,0.22227151140003337,0.28670065013448653,0.2687563270654467,0.22227151140003337
1565,0.22227151140003337,0.28670065013448653,0.2687563270654467,0.22227151140003337
1566,0.24989926473259494,0.23738924308673573,0.27174866328989533,0.24096282889077394
1567,0.24958380963190333,0.22459757429554866,0.24978141890645997,0.276037197166088
1568,0.24958380963190333,0.22459757429554866,0.24978141890645997,0.276037197166088
1569,0.25850361612021977,0.22302150323001926,0.24255563874215877,0.27591924190760214
1570,0.22227151140003337,0.28670065013448653,0.2687563270654467,0.22227151140003337
1571,0.22227151140003337,0.28670065013448653,0.2687563270654467,0.22227151140003337
1572,0.22227151140003337,0.28670065013448653,0.2687563270654467,0.22227151140003337
1573,0.22227151140003337,0.28670065013448653,0.2687563270654467,0.22227151140003337
1574,0.24958380963190333,0.22459757429554866,0.24978141890645997,0.276037197166088
1575,0.22227151140003337,0.28670065013448653,0.2687563270654467,0.22227151140003337
1576,0.2756358381517024,0.22254053817697775,0.2264994253397732,0.27532419833154664
1577,0.24958380963190333,0.22459757429554866,0.24978141890645997,0.276037197166088
1578,0.24958380963190333,0.22459757429554866,0.24978141890645997,0.276037197166088
1579,0.24958380963190333,0.22459757429554866,0.24978141890645997,0.276037197166088
1580,0.24194968366543873,0.28549982092983456,0.24974101447714078,0.22280948092758585
1581,0.24671842605155303,0.28551653147963335,0.24494252031088815,0.22282252215792553
1582,0.24974637905356042,0.22474386863175846,0.2616096963255617,0.2639000559891193
1583,0.23133784794858225,0.26683651310152184,0.27435355032843534,0.22747208862146057
1584,0.24671842605155303,0.28551653147963335,0.24494252031088815,0.22282252215792553
1585,0.24991780735486605,0.23052533148517196,0.26600601904899385,0.2535508421109681
1586,0.24958380963190333,0.22459757429554866,0.24978141890645997,0.276037197166088
1587,0.2756358381517024,0.22254053817697775,0.2264994253397732,0.27532419833154664
1588,0.2756358381517024,0.22254053817697775,0.2264994253397732,0.27532419833154664
1589,0.22227151140003337,0.28670065013448653,0.2687563270654467,0.22227151140003337
1590,0.24976552497064355,0.24357272518764644,0.2747775886151622,0.23188416122654784
1591,0.2759827874654471,0.22282065518759078,0.2338162697601553,0.2673802875868069
1592,0.24958380963190333,0.22459757429554866,0.24978141890645997,0.276037197166088
1593,0.24958380963190333,0.22459757429554866,0.24978141890645997,0.276037197166088
1594,0.22227151140003337,0.28670065013448653,0.2687563270654467,0.22227151140003337
1595,0.22227151140003337,0.28670065013448653,0.2687563270654467,0.22227151140003337
1596,0.22227151140003337,0.28670065013448653,0.2687563270654467,0.22227151140003337
1597,0.24958380963190333,0.22459757429554866,0.24978141890645997,0.276037197166088
1598,0.2496954367227103,0.2478443453489495,0.27470048157743304,0.22775973635090707
1599,0.22227151140003337,0.28670065013448653,0.2687563270654467,0.22227151140003337
1600,0.2756358381517024,0.22254053817697775,0.2264994253397732,0.27532419833154664
1601,0.22227151140003337,0.28670065013448653,0.2687563270654467,0.22227151140003337
1602,0.24964839435044703,0.22465569333437121,0.25263047797959803,0.2730654343355838
1603,0.24958380963190333,0.22459757429554866,0.24978141890645997,0.276037197166088
1604,0.24958380963190333,0.22459757429554866,0.24978141890645997,0.276037197166088
1605,0.25491576985844167,0.22457320361743632,0.24450378165694137,0.27600724486718065
1606,0.22227151140003337,0.28670065013448653,0.2687563270654467,0.22227151140003337
1607,0.23133784794858225,0.26683651310152184,0.27435355032843534,0.22747208862146057
1608,0.24970239082789633,0.22470428413789129,0.2558981110668273,0.269695213967385
1609,0.22227151140003337,0.28670065013448653,0.2687563270654467,0.22227151140003337
1610,0.24958380963190333,0.22459757429554866,0.24978141890645997,0.276037197166088
1611,0.24958380963190333,0.22459757429554866,0.24978141890645997,0.276037197166088
1612,0.22227151140003337,0.28670065013448653,0.2687563270654467,0.22227151140003337
1613,0.2764223240926711,0.2461650096075887,0.24969487650034067,0.22771778979939955
1614,0.25662894851913526,0.2655761118425382,0.24989481190383026,0.22790012773449628
1615,0.22227151140003337,0.28670065013448653,0.2687563270654467,0.22227151140003337
1616,0.2496954367227103,0.2478443453489495,0.27470048157743304,0.22775973635090707
1617,0.2306621982024805,0.2852415355675873,0.2614883561030077,0.2226079101269245
1618,0.22227151140003337,0.28670065013448653,0.2687563270654467,0.22227151140003337
1619,0.2756358381517024,0.22254053817697775,0.2264994253397732,0.27532419833154664
1620,0.24989926473259494,0.23738924308673573,0.27174866328989533,0.24096282889077394
1621,0.22227151140003337,0.28670065013448653,0.2687563270654467,0.22227151140003337
1622,0.22227151140003337,0.28670065013448653,0.2687563270654467,0.22227151140003337
1623,0.22227151140003337,0.28670065013448653,0.2687563270654467,0.22227151140003337
1624,0.22227151140003337,0.28670065013448653,0.2687563270654467,0.22227151140003337
1625,0.22227151140003337,0.28670065013448653,0.2687563270654467,0.22227151140003337
1626,0.2764223240926711,0.2461650096075887,0.24969487650034067,0.22771778979939955
1627,0.22227151140003337,0.28670065013448653,0.2687563270654467,0.22227151140003337
1628,0.2764223240926711,0.2461650096075887,0.24969487650034067,0.22771778979939955
1629,0.24976552497064355,0.24357272518764644,0.2747775886151622,0.23188416122654784
1630,0.22227151140003337,0.28670065013448653,0.2687563270654467,0.22227151140003337
1631,0.23133784794858225,0.26683651310152184,0.27435355032843534,0.22747208862146057
1632,0.25850361612021977,0.22302150323001926,0.24255563874215877,0.27591924190760214
1633,0.2756358381517024,0.22254053817697775,0.2264994253397732,0.27532419833154664
1634,0.2517404759162937,0.2755795326412122,0.24959433244743506,0.22308565899505892
1635,0.24958380963190333,0.22459757429554866,0.24978141890645997,0.276037197166088
1636,0.22227151140003337,0.28670065013448653,0.2687563270654467,0.22227151140003337
1637,0.23124781475814604,0.2692362700512223,0.2742467760774314,0.2252691391132003
1638,0.2764223240926711,0.2461650096075887,0.24969487650034067,0.22771778979939955
1639,0.24958380963190333,0.22459757429554866,0.24978141890645997,0.276037197166088
1640,0.22227151140003337,0.28670065013448653,0.2687563270654467,0.22227151140003337
1641,0.22227151140003337,0.28670065013448653,0.2687563270654467,0.22227151140003337
1642,0.24671842605155303,0.28551653147963335,0.24494252031088815,0.22282252215792553
1643,0.24958380963190333,0.22459757429554866,0.24978141890645997,0.276037197166088
1644,0.2764223240926711,0.2461650096075887,0.24969487650034067,0.22771778979939955
1645,0.2496954367227103,0.2478443453489495,0.27470048157743304,0.22775973635090707
1646,0.22227151140003337,0.28670065013448653,0.2687563270654467,0.22227151140003337
1647,0.24958380963190333,0.22459757429554866,0.24978141890645997,0.276037197166088
1648,0.2496954367227103,0.2478443453489495,0.27470048157743304,0.22775973635090707
1649,0.2765487086363895,0.23569615097861057,0.24692313077228814,0.24083200961271184
1650,0.22227151140003337,0.28670065013448653,0.2687563270654467,0.22227151140003337
1651,0.22227151140003337,0.28670065013448653,0.2687563270654467,0.22227151140003337
1652,0.22227151140003337,0.28670065013448653,0.2687563270654467,0.22227151140003337
1653,0.27649198822892346,0.24191539794815328,0.2497578047676401,0.23183480905528323
1654,0.22227151140003337,0.28670065013448653,0.2687563270654467,0.22227151140003337
1655,0.2496954367227103,0.2478443453489495,0.27470048157743304,0.22775973635090707
1656,0.22227151140003337,0.28670065013448653,0.2687563270654467,0.22227151140003337
1657,0.2756358381517024,0.22254053817697775,0.2264994253397732,0.27532419833154664
1658,0.22227151140003337,0.28670065013448653,0.2687563270654467,0.22227151140003337
1659,0.25149189621562446,0.2436108477590481,0.2729768016527123,0.23192045437261521
1660,0.2496954367227103,0.2478443453489495,0.27470048157743304,0.22775973635090707
1661,0.25662894851913526,0.2655761118425382,0.24989481190383026,0.22790012773449628
1662,0.22227151140003337,0.28670065013448653,0.2687563270654467,0.22227151140003337
1663,0.2756358381517024,0.22254053817697775,0.2264994253397732,0.27532419833154664
1664,0.2759827874654471,0.22282065518759078,0.2338162697601553,0.2673802875868069
1665,0.22227151140003337,0.28670065013448653,0.2687563270654467,0.22227151140003337
1666,0.2764223240926711,0.2461650096075887,0.24969487650034067,0.22771778979939955
1667,0.24958380963190333,0.22459757429554866,0.24978141890645997,0.276037197166088
1668,0.2764223240926711,0.2461650096075887,0.24969487650034067,0.22771778979939955
1669,0.2306621982024805,0.2852415355675873,0.2614883561030077,0.2226079101269245
1670,0.2496954367227103,0.2478443453489495,0.27470048157743304,0.22775973635090707
1671,0.24958380963190333,0.22459757429554866,0.24978141890645997,0.276037197166088
1672,0.27649198822892346,0.24191539794815328,0.2497578047676401,0.23183480905528323
1673,0.24958380963190333,0.22459757429554866,0.24978141890645997,0.276037197166088
1674,0.22227151140003337,0.28670065013448653,0.2687563270654467,0.22227151140003337
1675,0.2306621982024805,0.2852415355675873,0.2614883561030077,0.2226079101269245
1676,0.2292504711286587,0.2714005244888186,0.2741551378540549,0.22519386652846785
1677,0.2496954367227103,0.2478443453489495,0.27470048157743304,0.22775973635090707
1678,0.2496954367227103,0.2478443453489495,0.27470048157743304,0.22775973635090707
1679,0.22227151140003337,0.28670065013448653,0.2687563270654467,0.22227151140003337
1680,0.24958380963190333,0.22459757429554866,0.24978141890645997,0.276037197166088
1681,0.24958380963190333,0.22459757429554866,0.24978141890645997,0.276037197166088
1682,0.2764223240926711,0.2461650096075887,0.24969487650034067,0.22771778979939955
1683,0.22227151140003337,0.28670065013448653,0.2687563270654467,0.22227151140003337
1684,0.24958380963190333,0.22459757429554866,0.24978141890645997,0.276037197166088
1685,0.2756358381517024,0.22254053817697775,0.2264994253397732,0.27532419833154664
1686,0.24958380963190333,0.22459757429554866,0.24978141890645997,0.276037197166088
1687,0.24973808021879731,0.2247364006066489,0.25959378019870055,0.26593173897585326
1688,0.22227151140003337,0.28670065013448653,0.2687563270654467,0.22227151140003337
1689,0.22227151140003337,0.28670065013448653,0.2687563270654467,0.22227151140003337
1690,0.2764223240926711,0.2461650096075887,0.24969487650034067,0.22771778979939955
1691,0.27649198822892346,0.24191539794815328,0.2497578047676401,0.23183480905528323
1692,0.24958380963190333,0.22459757429554866,0.24978141890645997,0.276037197166088
1693,0.25850361612021977,0.22302150323001926,0.24255563874215877,0.27591924190760214
1694,0.2496954367227103,0.2478443453489495,0.27470048157743304,0.22775973635090707
1695,0.24671842605155303,0.28551653147963335,0.24494252031088815,0.22282252215792553
1696,0.22227151140003337,0.28670065013448653,0.2687563270654467,0.22227151140003337
1697,0.22227151140003337,0.28670065013448653,0.2687563270654467,0.22227151140003337
1698,0.24972282926461628,0.2247226764499426,0.2576696548611619,0.2678848394242792
1699,0.2756358381517024,0.22254053817697775,0.2264994253397732,0.27532419833154664
1700,0.2686105331336013,0.22279506403807978,0.2329553084817064,0.27563909434661255
1701,0.2761068153594292,0.22292079178253005,0.23747585771932528,0.2634965351387154
1702,0.24958380963190333,0.22459757429554866,0.24978141890645997,0.276037197166088
1703,0.24958380963190333,0.22459757429554866,0.24978141890645997,0.276037197166088
1704,0.22227151140003337,0.28670065013448653,0.2687563270654467,0.22227151140003337
1705,0.24958380963190333,0.22459757429554866,0.24978141890645997,0.276037197166088
1706,0.2756358381517024,0.22254053817697775,0.2264994253397732,0.27532419833154664
1707,0.2517404759162937,0.2755795326412122,0.24959433244743506,0.22308565899505892
1708,0.22227151140003337,0.28670065013448653,0.2687563270654467,0.22227151140003337
1709,0.24958380963190333,0.22459757429554866,0.24978141890645997,0.276037197166088
1710,0.2764223240926711,0.2461650096075887,0.24969487650034067,0.22771778979939955
1711,0.2543734920802728,0.27018242540268733,0.24977312431298168,0.22567095820405808
1712,0.22227151140003337,0.28670065013448653,0.2687563270654467,0.22227151140003337
1713,0.24671842605155303,0.28551653147963335,0.24494252031088815,0.22282252215792553
1714,0.25850361612021977,0.22302150323001926,0.24255563874215877,0.27591924190760214
1715,0.22227151140003337,0.28670065013448653,0.2687563270654467,0.22227151140003337
1716,0.22227151140003337,0.28670065013448653,0.2687563270654467,0.22227151140003337
1717,0.24958380963190333,0.22459757429554866,0.24978141890645997,0.276037197166088
1718,0.24958380963190333,0.22459757429554866,0.24978141890645997,0.276037197166088
1719,0.24958380963190333,0.22459757429554866,0.24978141890645997,0.276037197166088
1720,0.22227151140003337,0.28670065013448653,0.2687563270654467,0.22227151140003337
1721,0.22227151140003337,0.28670065013448653,0.2687563270654467,0.22227151140003337
1722,0.2496954367227103,0.2478443453489495,0.27470048157743304,0.22775973635090707
1723,0.22227151140003337,0.28670065013448653,0.2687563270654467,0.22227151140003337
1724,0.2756358381517024,0.22254053817697775,0.2264994253397732,0.27532419833154664
1725,0.2496954367227103,0.2478443453489495,0.27470048157743304,0.22775973635090707
1726,0.2756358381517024,0.22254053817697775,0.2264994253397732,0.27532419833154664
1727,0.2764223240926711,0.2461650096075887,0.24969487650034067,0.22771778979939955
1728,0.22227151140003337,0.28670065013448653,0.2687563270654467,0.22227151140003337
1729,0.24958380963190333,0.22459757429554866,0.24978141890645997,0.276037197166088
1730,0.22227151140003337,0.28670065013448653,0.2687563270654467,0.22227151140003337
1731,0.24958380963190333,0.22459757429554866,0.24978141890645997,0.276037197166088
1732,0.2756358381517024,0.22254053817697775,0.2264994253397732,0.27532419833154664
1733,0.22227151140003337,0.28670065013448653,0.2687563270654467,0.22227151140003337
1734,0.2712425395935507,0.2288838560987548,0.24645746779857391,0.2534161365091206
1735,0.22384037587458464,0.2867872019292172,0.26703380945467803,0.22233861274152023
1736,0.24958380963190333,0.22459757429554866,0.24978141890645997,0.276037197166088
1737,0.24958380963190333,0.22459757429554866,0.24978141890645997,0.276037197166088
1738,0.22227151140003337,0.28670065013448653,0.2687563270654467,0.22227151140003337
1739,0.22227151140003337,0.28670065013448653,0.2687563270654467,0.22227151140003337
1740,0.2496954367227103,0.2478443453489495,0.27470048157743304,0.22775973635090707
1741,0.2765487086363895,0.23569615097861057,0.24692313077228814,0.24083200961271184
1742,0.24958380963190333,0.22459757429554866,0.24978141890645997,0.276037197166088
1743,0.24958380963190333,0.22459757429554866,0.24978141890645997,0.276037197166088
1744,0.27055697202169154,0.22273234434830128,0.2311491852506253,0.27556149837938193
1745,0.24958380963190333,0.22459757429554866,0.24978141890645997,0.276037197166088
1746,0.24958380963190333,0.22459757429554866,0.24978141890645997,0.276037197166088
1747,0.27240127288181515,0.22266736720773445,0.22945025038643385,0.2754811095240166
1748,0.24958380963190333,0.22459757429554866,0.24978141890645997,0.276037197166088
1749,0.22227151140003337,0.28670065013448653,0.2687563270654467,0.22227151140003337
1750,0.24958380963190333,0.22459757429554866,0.24978141890645997,0.276037197166088
1751,0.26921176827130733,0.24629541320679824,0.25665439736452395,0.2278384211573704
1752,0.24958380963190333,0.22459757429554866,0.24978141890645997,0.276037197166088
1753,0.23707778393390375,0.2607430610461055,0.274546821419828,0.2276323336001627
1754,0.2765487086363895,0.23569615097861057,0.24692313077228814,0.24083200961271184
1755,0.24976552497064355,0.24357272518764644,0.2747775886151622,0.23188416122654784
1756,0.24958380963190333,0.22459757429554866,0.24978141890645997,0.276037197166088
1757,0.27591644091312084,0.2227670888677687,0.23217190276671734,0.2691445674523932
1758,0.24958380963190333,0.22459757429554866,0.24978141890645997,0.276037197166088
1759,0.22227151140003337,0.28670065013448653,0.2687563270654467,0.22227151140003337
1760,0.2496954367227103,0.2478443453489495,0.27470048157743304,0.22775973635090707
1761,0.2764223240926711,0.2461650096075887,0.24969487650034067,0.22771778979939955
1762,0.2496954367227103,0.2478443453489495,0.27470048157743304,0.22775973635090707
1763,0.22227151140003337,0.28670065013448653,0.2687563270654467,0.22227151140003337
1764,0.2764223240926711,0.2461650096075887,0.24969487650034067,0.22771778979939955
1765,0.2756358381517024,0.22254053817697775,0.2264994253397732,0.27532419833154664
1766,0.22227151140003337,0.28670065013448653,0.2687563270654467,0.22227151140003337
1767,0.22367094972152926,0.2851186955091336,0.2688562244798326,0.22235413028950457
1768,0.24958380963190333,0.22459757429554866,0.24978141890645997,0.276037197166088
1769,0.258841675878463,0.2463168241130093,0.26698327244468323,0.22785822756384452
1770,0.24194968366543873,0.28549982092983456,0.24974101447714078,0.22280948092758585
1771,0.23133784794858225,0.26683651310152184,0.27435355032843534,0.22747208862146057
1772,0.2764223240926711,0.2461650096075887,0.24969487650034067,0.22771778979939955
1773,0.2496954367227103,0.2478443453489495,0.27470048157743304,0.22775973635090707
1774,0.25870467956616977,0.22319496878006992,0.2502708953131839,0.2678294563405764
1775,0.2764223240926711,0.2461650096075887,0.24969487650034067,0.22771778979939955
1776,0.22680395398311315,0.2793681010290941,0.27128607894139994,0.22254186604639276
1777,0.22680395398311315,0.2793681010290941,0.27128607894139994,0.22254186604639276
1778,0.22227151140003337,0.28670065013448653,0.2687563270654467,0.22227151140003337
1779,0.2496954367227103,0.2478443453489495,0.27470048157743304,0.22775973635090707
1780,0.22227151140003337,0.28670065013448653,0.2687563270654467,0.22227151140003337
1781,0.2496954367227103,0.2478443453489495,0.27470048157743304,0.22775973635090707
1782,0.22227151140003337,0.28670065013448653,0.2687563270654467,0.22227151140003337
1783,0.2756358381517024,0.22254053817697775,0.2264994253397732,0.27532419833154664
1784,0.22227151140003337,0.28670065013448653,0.2687563270654467,0.22227151140003337
1785,0.24976552497064355,0.24357272518764644,0.2747775886151622,0.23188416122654784
1786,0.24958380963190333,0.22459757429554866,0.24978141890645997,0.276037197166088
1787,0.24958380963190333,0.22459757429554866,0.24978141890645997,0.276037197166088
1788,0.2496954367227103,0.2478443453489495,0.27470048157743304,0.22775973635090707
1789,0.23707778393390375,0.2607430610461055,0.274546821419828,0.2276323336001627
1790,0.22227151140003337,0.28670065013448653,0.2687563270654467,0.22227151140003337
1791,0.2496954367227103,0.2478443453489495,0.27470048157743304,0.22775973635090707
1792,0.23133784794858225,0.26683651310152184,0.27435355032843534,0.22747208862146057
1793,0.2756358381517024,0.22254053817697775,0.2264994253397732,0.27532419833154664
1794,0.2764223240926711,0.2461650096075887,0.24969487650034067,0.22771778979939955
1795,0.24958380963190333,0.22459757429554866,0.24978141890645997,0.276037197166088
1796,0.2496954367227103,0.2478443453489495,0.27470048157743304,0.22775973635090707
1797,0.22227151140003337,0.28670065013448653,0.2687563270654467,0.22227151140003337
1798,0.24958380963190333,0.22459757429554866,0.24978141890645997,0.276037197166088
1799,0.24958380963190333,0.22459757429554866,0.24978141890645997,0.276037197166088
1800,0.26921176827130733,0.24629541320679824,0.25665439736452395,0.2278384211573704
1801,0.27649198822892346,0.24191539794815328,0.2497578047676401,0.23183480905528323
1802,0.2764223240926711,0.2461650096075887,0.24969487650034067,0.22771778979939955
1803,0.24958380963190333,0.22459757429554866,0.24978141890645997,0.276037197166088
1804,0.24671842605155303,0.28551653147963335,0.24494252031088815,0.22282252215792553
1805,0.2765487086363895,0.23569615097861057,0.24692313077228814,0.24083200961271184
1806,0.24958380963190333,0.22459757429554866,0.24978141890645997,0.276037197166088
1807,0.23133784794858225,0.26683651310152184,0.27435355032843534,0.22747208862146057
1808,0.22227151140003337,0.28670065013448653,0.2687563270654467,0.22227151140003337
1809,0.22227151140003337,0.28670065013448653,0.2687563270654467,0.22227151140003337
1810,0.22227151140003337,0.28670065013448653,0.2687563270654467,0.22227151140003337
1811,0.22227151140003337,0.28670065013448653,0.2687563270654467,0.22227151140003337
1812,0.2756358381517024,0.22254053817697775,0.2264994253397732,0.27532419833154664
1813,0.24958380963190333,0.22459757429554866,0.24978141890645997,0.276037197166088
1814,0.24976552497064355,0.24357272518764644,0.2747775886151622,0.23188416122654784
1815,0.24958380963190333,0.22459757429554866,0.24978141890645997,0.276037197166088
1816,0.24958380963190333,0.22459757429554866,0.24978141890645997,0.276037197166088
1817,0.22227151140003337,0.28670065013448653,0.2687563270654467,0.22227151140003337
1818,0.22227151140003337,0.28670065013448653,0.2687563270654467,0.22227151140003337
1819,0.2764223240926711,0.2461650096075887,0.24969487650034067,0.22771778979939955
1820,0.2764223240926711,0.2461650096075887,0.24969487650034067,0.22771778979939955
1821,0.24970239082789633,0.22470428413789129,0.2558981110668273,0.269695213967385
1822,0.2292504711286587,0.2714005244888186,0.2741551378540549,0.22519386652846785
1823,0.22227151140003337,0.28670065013448653,0.2687563270654467,0.22227151140003337
1824,0.2496954367227103,0.2478443453489495,0.27470048157743304,0.22775973635090707
1825,0.22227151140003337,0.28670065013448653,0.2687563270654467,0.22227151140003337
1826,0.2351215148741415,0.2628034726994304,0.2744898855280228,0.22758512689840524
1827,0.24958380963190333,0.22459757429554866,0.24978141890645997,0.276037197166088
1828,0.24958380963190333,0.22459757429554866,0.24978141890645997,0.276037197166088
1829,0.22227151140003337,0.28670065013448653,0.2687563270654467,0.22227151140003337
1830,0.27649198822892346,0.24191539794815328,0.2497578047676401,0.23183480905528323
1831,0.24972282926461628,0.2247226764499426,0.2576696548611619,0.2678848394242792
1832,0.22227151140003337,0.28670065013448653,0.2687563270654467,0.22227151140003337
1833,0.22227151140003337,0.28670065013448653,0.2687563270654467,0.22227151140003337
1834,0.2760473864467348,0.2228728105682476,0.23560302121672097,0.26547678176829653
1835,0.22227151140003337,0.28670065013448653,0.2687563270654467,0.22227151140003337
1836,0.24958380963190333,0.22459757429554866,0.24978141890645997,0.276037197166088
1837,0.22227151140003337,0.28670065013448653,0.2687563270654467,0.22227151140003337
1838,0.22227151140003337,0.28670065013448653,0.2687563270654467,0.22227151140003337
1839,0.27649198822892346,0.24191539794815328,0.2497578047676401,0.23183480905528323
1840,0.24671842605155303,0.28551653147963335,0.24494252031088815,0.22282252215792553
1841,0.2496954367227103,0.2478443453489495,0.27470048157743304,0.22775973635090707
1842,0.22227151140003337,0.28670065013448653,0.2687563270654467,0.22227151140003337
1843,0.22227151140003337,0.28670065013448653,0.2687563270654467,0.22227151140003337
1844,0.24970239082789633,0.22470428413789129,0.2558981110668273,0.269695213967385
1845,0.22227151140003337,0.28670065013448653,0.2687563270654467,0.22227151140003337
1846,0.22227151140003337,0.28670065013448653,0.2687563270654467,0.22227151140003337
1847,0.24958380963190333,0.22459757429554866,0.24978141890645997,0.276037197166088
1848,0.22227151140003337,0.28670065013448653,0.2687563270654467,0.22227151140003337
1849,0.22227151140003337,0.28670065013448653,0.2687563270654467,0.22227151140003337
1850,0.2543734920802728,0.27018242540268733,0.24977312431298168,0.22567095820405808
1851,0.2764223240926711,0.2461650096075887,0.24969487650034067,0.22771778979939955
1852,0.22227151140003337,0.28670065013448653,0.2687563270654467,0.22227151140003337
1853,0.24958380963190333,0.22459757429554866,0.24978141890645997,0.276037197166088
1854,0.22227151140003337,0.28670065013448653,0.2687563270654467,0.22227151140003337
1855,0.24958380963190333,0.22459757429554866,0.24978141890645997,0.276037197166088
1856,0.2496954367227103,0.2478443453489495,0.27470048157743304,0.22775973635090707
1857,0.24958380963190333,0.22459757429554866,0.24978141890645997,0.276037197166088
1858,0.24976552497064355,0.24357272518764644,0.2747775886151622,0.23188416122654784
1859,0.2496954367227103,0.2478443453489495,0.27470048157743304,0.22775973635090707
1860,0.22227151140003337,0.28670065013448653,0.2687563270654467,0.22227151140003337
1861,0.2756358381517024,0.22254053817697775,0.2264994253397732,0.27532419833154664
1862,0.24973808021879731,0.2247364006066489,0.25959378019870055,0.26593173897585326
1863,0.22227151140003337,0.28670065013448653,0.2687563270654467,0.22227151140003337
1864,0.2686105331336013,0.22279506403807978,0.2329553084817064,0.27563909434661255
1865,0.24958380963190333,0.22459757429554866,0.24978141890645997,0.276037197166088
1866,0.22681571995332445,0.2767465803792093,0.2738842887563536,0.22255341091111264
1867,0.2496954367227103,0.2478443453489495,0.27470048157743304,0.22775973635090707
1868,0.24958380963190333,0.22459757429554866,0.24978141890645997,0.276037197166088
1869,0.24958380963190333,0.22459757429554866,0.24978141890645997,0.276037197166088
1870,0.22227151140003337,0.28670065013448653,0.2687563270654467,0.22227151140003337
1871,0.2665502291945223,0.22285482973899404,0.2348819053884322,0.2757130356780515
1872,0.2764223240926711,0.2461650096075887,0.24969487650034067,0.22771778979939955
1873,0.22367094972152926,0.2851186955091336,0.2688562244798326,0.22235413028950457
1874,0.22227151140003337,0.28670065013448653,0.2687563270654467,0.22227151140003337
1875,0.22227151140003337,0.28670065013448653,0.2687563270654467,0.22227151140003337
1876,0.2496954367227103,0.2478443453489495,0.27470048157743304,0.22775973635090707
1877,0.2496954367227103,0.2478443453489495,0.27470048157743304,0.22775973635090707
1878,0.22227151140003337,0.28670065013448653,0.2687563270654467,0.22227151140003337
1879,0.22227151140003337,0.28670065013448653,0.2687563270654467,0.22227151140003337
1880,0.24958380963190333,0.22459757429554866,0.24978141890645997,0.276037197166088
1881,0.23133784794858225,0.26683651310152184,0.27435355032843534,0.22747208862146057
1882,0.22367094972152926,0.2851186955091336,0.2688562244798326,0.22235413028950457
1883,0.24976552497064355,0.24357272518764644,0.2747775886151622,0.23188416122654784
1884,0.22227151140003337,0.28670065013448653,0.2687563270654467,0.22227151140003337
1885,0.2764223240926711,0.2461650096075887,0.24969487650034067,0.22771778979939955
1886,0.22227151140003337,0.28670065013448653,0.2687563270654467,0.22227151140003337
1887,0.22227151140003337,0.28670065013448653,0.2687563270654467,0.22227151140003337
1888,0.22367094972152926,0.2851186955091336,0.2688562244798326,0.22235413028950457
1889,0.22227151140003337,0.28670065013448653,0.2687563270654467,0.22227151140003337
1890,0.2496954367227103,0.2478443453489495,0.27470048157743304,0.22775973635090707
1891,0.2496954367227103,0.2478443453489495,0.27470048157743304,0.22775973635090707
1892,0.24958380963190333,0.22459757429554866,0.24978141890645997,0.276037197166088
1893,0.22227151140003337,0.28670065013448653,0.2687563270654467,0.22227151140003337
1894,0.24958380963190333,0.22459757429554866,0.24978141890645997,0.276037197166088
1895,0.22227151140003337,0.28670065013448653,0.2687563270654467,0.22227151140003337
1896,0.22227151140003337,0.28670065013448653,0.2687563270654467,0.22227151140003337
1897,0.22227151140003337,0.28670065013448653,0.2687563270654467,0.22227151140003337
1898,0.2496954367227103,0.2478443453489495,0.27470048157743304,0.22775973635090707
1899,0.22227151140003337,0.28670065013448653,0.2687563270654467,0.22227151140003337
1900,0.23133784794858225,0.26683651310152184,0.27435355032843534,0.22747208862146057
1901,0.2712093593280849,0.246268569917037,0.25470848129322726,0.2278135894616509
1902,0.2756358381517024,0.22254053817697775,0.2264994253397732,0.27532419833154664
1903,0.22227151140003337,0.28670065013448653,0.2687563270654467,0.22227151140003337
1904,0.24958380963190333,0.22459757429554866,0.24978141890645997,0.276037197166088
1905,0.22227151140003337,0.28670065013448653,0.2687563270654467,0.22227151140003337
1906,0.24976552497064355,0.24357272518764644,0.2747775886151622,0.23188416122654784
1907,0.2496954367227103,0.2478443453489495,0.27470048157743304,0.22775973635090707
1908,0.22227151140003337,0.28670065013448653,0.2687563270654467,0.22227151140003337
1909,0.2306621982024805,0.2852415355675873,0.2614883561030077,0.2226079101269245
1910,0.22227151140003337,0.28670065013448653,0.2687563270654467,0.22227151140003337
1911,0.24976552497064355,0.24357272518764644,0.2747775886151622,0.23188416122654784
1912,0.24958380963190333,0.22459757429554866,0.24978141890645997,0.276037197166088
1913,0.24671842605155303,0.28551653147963335,0.24494252031088815,0.22282252215792553
1914,0.24671842605155303,0.28551653147963335,0.24494252031088815,0.22282252215792553
1915,0.2649762004114643,0.24632831788390322,0.26082662169506143,0.22786886000957104
1916,0.22227151140003337,0.28670065013448653,0.2687563270654467,0.22227151140003337
1917,0.22227151140003337,0.28670065013448653,0.2687563270654467,0.22227151140003337
1918,0.22384037587458464,0.2867872019292172,0.26703380945467803,0.22233861274152023
1919,0.22384037587458464,0.2867872019292172,0.26703380945467803,0.22233861274152023
1920,0.24958380963190333,0.22459757429554866,0.24978141890645997,0.276037197166088
1921,0.2764223240926711,0.2461650096075887,0.24969487650034067,0.22771778979939955
1922,0.24964839435044703,0.22465569333437121,0.25263047797959803,0.2730654343355838
1923,0.22227151140003337,0.28670065013448653,0.2687563270654467,0.22227151140003337
1924,0.22227151140003337,0.28670065013448653,0.2687563270654467,0.22227151140003337
1925,0.24671842605155303,0.28551653147963335,0.24494252031088815,0.22282252215792553
1926,0.24958380963190333,0.22459757429554866,0.24978141890645997,0.276037197166088
1927,0.24976552497064355,0.24357272518764644,0.2747775886151622,0.23188416122654784
1928,0.22227151140003337,0.28670065013448653,0.2687563270654467,0.22227151140003337
1929,0.2764223240926711,0.2461650096075887,0.24969487650034067,0.22771778979939955
1930,0.24976552497064355,0.24357272518764644,0.2747775886151622,0.23188416122654784
1931,0.24160861943995718,0.28387190448596084,0.251668459815477,0.22285101625860507
1932,0.24671842605155303,0.28551653147963335,0.24494252031088815,0.22282252215792553
1933,0.22227151140003337,0.28670065013448653,0.2687563270654467,0.22227151140003337
1934,0.22227151140003337,0.28670065013448653,0.2687563270654467,0.22227151140003337
1935,0.2306621982024805,0.2852415355675873,0.2614883561030077,0.2226079101269245
1936,0.22227151140003337,0.28670065013448653,0.2687563270654467,0.22227151140003337
1937,0.27577657016555096,0.22265416120332512,0.2291405938810971,0.2724286747500267
1938,0.2292504711286587,0.2714005244888186,0.2741551378540549,0.22519386652846785
1939,0.25662894851913526,0.2655761118425382,0.24989481190383026,0.22790012773449628
1940,0.22227151140003337,0.28670065013448653,0.2687563270654467,0.22227151140003337
1941,0.2670974752288366,0.24631594729841516,0.25872916101638715,0.22785741645636115
1942,0.2496954367227103,0.2478443453489495,0.27470048157743304,0.22775973635090707
1943,0.22227151140003337,0.28670065013448653,0.2687563270654467,0.22227151140003337
1944,0.2671648305950133,0.2420637673673664,0.25879440610103616,0.2319769959365841
1945,0.2496954367227103,0.2478443453489495,0.27470048157743304,0.22775973635090707
1946,0.22227151140003337,0.28670065013448653,0.2687563270654467,0.22227151140003337
1947,0.24958380963190333,0.22459757429554866,0.24978141890645997,0.276037197166088
1948,0.2272438935154232,0.286952277612164,0.26333723727375796,0.22246659159865487
1949,0.24958380963190333,0.22459757429554866,0.24978141890645997,0.276037197166088
1950,0.24194968366543873,0.28549982092983456,0.24974101447714078,0.22280948092758585
1951,0.22681571995332445,0.2767465803792093,0.2738842887563536,0.22255341091111264
1952,0.22227151140003337,0.28670065013448653,0.2687563270654467,0.22227151140003337
1953,0.27649198822892346,0.24191539794815328,0.2497578047676401,0.23183480905528323
1954,0.24958380963190333,0.22459757429554866,0.24978141890645997,0.276037197166088
1955,0.22227151140003337,0.28670065013448653,0.2687563270654467,0.22227151140003337
1956,0.24976552497064355,0.24357272518764644,0.2747775886151622,0.23188416122654784
1957,0.24973808021879731,0.2247364006066489,0.25959378019870055,0.26593173897585326
1958,0.24958380963190333,0.22459757429554866,0.24978141890645997,0.276037197166088
1959,0.24973808021879731,0.2247364006066489,0.25959378019870055,0.26593173897585326
1960,0.22227151140003337,0.28670065013448653,0.2687563270654467,0.22227151140003337
1961,0.24976552497064355,0.24357272518764644,0.2747775886151622,0.23188416122654784
1962,0.22680395398311315,0.2793681010290941,0.27128607894139994,0.22254186604639276
1963,0.24974637905356042,0.22474386863175846,0.2616096963255617,0.2639000559891193
1964,0.2756358381517024,0.22254053817697775,0.2264994253397732,0.27532419833154664
1965,0.22227151140003337,0.28670065013448653,0.2687563270654467,0.22227151140003337
1966,0.24958380963190333,0.22459757429554866,0.24978141890645997,0.276037197166088
1967,0.22227151140003337,0.28670065013448653,0.2687563270654467,0.22227151140003337
1968,0.24964839435044703,0.22465569333437121,0.25263047797959803,0.2730654343355838
1969,0.24958380963190333,0.22459757429554866,0.24978141890645997,0.276037197166088
1970,0.22227151140003337,0.28670065013448653,0.2687563270654467,0.22227151140003337
1971,0.22227151140003337,0.28670065013448653,0.2687563270654467,0.22227151140003337
1972,0.22227151140003337,0.28670065013448653,0.2687563270654467,0.22227151140003337
1973,0.2517404759162937,0.2755795326412122,0.24959433244743506,0.22308565899505892
1974,0.2764223240926711,0.2461650096075887,0.24969487650034067,0.22771778979939955
1975,0.2756358381517024,0.22254053817697775,0.2264994253397732,0.27532419833154664
1976,0.27317110150798385,0.241985701952141,0.2529410130409701,0.23190218349890507
1977,0.22227151140003337,0.28670065013448653,0.2687563270654467,0.22227151140003337
1978,0.22227151140003337,0.28670065013448653,0.2687563270654467,0.22227151140003337
1979,0.2516725393714356,0.27812935170325814,0.24717265347449,0.22302545545081615
1980,0.24958380963190333,0.22459757429554866,0.24978141890645997,0.276037197166088
1981,0.24958380963190333,0.22459757429554866,0.24978141890645997,0.276037197166088
1982,0.2496954367227103,0.2478443453489495,0.27470048157743304,0.22775973635090707
1983,0.2351215148741415,0.2628034726994304,0.2744898855280228,0.22758512689840524
1984,0.2496954367227103,0.2478443453489495,0.27470048157743304,0.22775973635090707
1985,0.24958380963190333,0.22459757429554866,0.24978141890645997,0.276037197166088
1986,0.22227151140003337,0.28670065013448653,0.2687563270654467,0.22227151140003337
1987,0.22227151140003337,0.28670065013448653,0.2687563270654467,0.22227151140003337
1988,0.24958380963190333,0.22459757429554866,0.24978141890645997,0.276037197166088
1989,0.2764223240926711,0.2461650096075887,0.24969487650034067,0.22771778979939955
1990,0.2272438935154232,0.286952277612164,0.26333723727375796,0.22246659159865487
1991,0.22227151140003337,0.28670065013448653,0.2687563270654467,0.22227151140003337
1992,0.22227151140003337,0.28670065013448653,0.2687563270654467,0.22227151140003337
1993,0.23133784794858225,0.26683651310152184,0.27435355032843534,0.22747208862146057
1994,0.22227151140003337,0.28670065013448653,0.2687563270654467,0.22227151140003337
1995,0.2496954367227103,0.2478443453489495,0.27470048157743304,0.22775973635090707
1996,0.22227151140003337,0.28670065013448653,0.2687563270654467,0.22227151140003337
1997,0.24958380963190333,0.22459757429554866,0.24978141890645997,0.276037197166088
1998,0.24974637905356042,0.22474386863175846,0.2616096963255617,0.2639000559891193
1999,0.22227151140003337,0.28670065013448653,0.2687563270654467,0.22227151140003337
2000,0.2496954367227103,0.2478443453489495,0.27470048157743304,0.22775973635090707
2001,0.22227151140003337,0.28670065013448653,0.2687563270654467,0.22227151140003337
2002,0.24958380963190333,0.22459757429554866,0.24978141890645997,0.276037197166088
2003,0.22680395398311315,0.2793681010290941,0.27128607894139994,0.22254186604639276
2004,0.24972282926461628,0.2247226764499426,0.2576696548611619,0.2678848394242792
2005,0.22227151140003337,0.28670065013448653,0.2687563270654467,0.22227151140003337
2006,0.22227151140003337,0.28670065013448653,0.2687563270654467,0.22227151140003337
2007,0.22227151140003337,0.28670065013448653,0.2687563270654467,0.22227151140003337
2008,0.251267088896921,0.2245953318658973,0.24810313808481183,0.2760344411523699
2009,0.2764223240926711,0.2461650096075887,0.24969487650034067,0.22771778979939955
2010,0.27055697202169154,0.22273234434830128,0.2311491852506253,0.27556149837938193
2011,0.24958380963190333,0.22459757429554866,0.24978141890645997,0.276037197166088
2012,0.2496954367227103,0.2478443453489495,0.27470048157743304,0.22775973635090707
2013,0.22227151140003337,0.28670065013448653,0.2687563270654467,0.22227151140003337
2014,0.22227151140003337,0.28670065013448653,0.2687563270654467,0.22227151140003337
2015,0.24671842605155303,0.28551653147963335,0.24494252031088815,0.22282252215792553
2016,0.2764223240926711,0.2461650096075887,0.24969487650034067,0.22771778979939955
2017,0.22227151140003337,0.28670065013448653,0.2687563270654467,0.22227151140003337
2018,0.2496954367227103,0.2478443453489495,0.27470048157743304,0.22775973635090707
2019,0.24958380963190333,0.22459757429554866,0.24978141890645997,0.276037197166088
2020,0.2644829580810333,0.22290787370111398,0.23683050725432914,0.2757786609635237
2021,0.2756358381517024,0.22254053817697775,0.2264994253397732,0.27532419833154664
2022,0.24958380963190333,0.22459757429554866,0.24978141890645997,0.276037197166088
2023,0.251267088896921,0.2245953318658973,0.24810313808481183,0.2760344411523699
2024,0.24958380963190333,0.22459757429554866,0.24978141890645997,0.276037197166088
2025,0.22227151140003337,0.28670065013448653,0.2687563270654467,0.22227151140003337
2026,0.22227151140003337,0.28670065013448653,0.2687563270654467,0.22227151140003337
2027,0.2496954367227103,0.2478443453489495,0.27470048157743304,0.22775973635090707
2028,0.22227151140003337,0.28670065013448653,0.2687563270654467,0.22227151140003337
2029,0.22227151140003337,0.28670065013448653,0.2687563270654467,0.22227151140003337
2030,0.23625634768559436,0.28540884275892364,0.2555963297198422,0.22273847983563985
2031,0.22227151140003337,0.28670065013448653,0.2687563270654467,0.22227151140003337
2032,0.24991780735486605,0.23052533148517196,0.26600601904899385,0.2535508421109681
2033,0.2517404759162937,0.2755795326412122,0.24959433244743506,0.22308565899505892
2034,0.2496954367227103,0.2478443453489495,0.27470048157743304,0.22775973635090707
2035,0.27649198822892346,0.24191539794815328,0.2497578047676401,0.23183480905528323
2036,0.24958380963190333,0.22459757429554866,0.24978141890645997,0.276037197166088
2037,0.22227151140003337,0.28670065013448653,0.2687563270654467,0.22227151140003337
2038,0.24976552497064355,0.24357272518764644,0.2747775886151622,0.23188416122654784
2039,0.24958380963190333,0.22459757429554866,0.24978141890645997,0.276037197166088
2040,0.22227151140003337,0.28670065013448653,0.2687563270654467,0.22227151140003337
2041,0.22227151140003337,0.28670065013448653,0.2687563270654467,0.22227151140003337
2042,0.2496954367227103,0.2478443453489495,0.27470048157743304,0.22775973635090707
2043,0.2756358381517024,0.22254053817697775,0.2264994253397732,0.27532419833154664
2044,0.22227151140003337,0.28670065013448653,0.2687563270654467,0.22227151140003337
2045,0.2496954367227103,0.2478443453489495,0.27470048157743304,0.22775973635090707
2046,0.22227151140003337,0.28670065013448653,0.2687563270654467,0.22227151140003337
2047,0.22681571995332445,0.2767465803792093,0.2738842887563536,0.22255341091111264
2048,0.22227151140003337,0.28670065013448653,0.2687563270654467,0.22227151140003337
2049,0.24958380963190333,0.22459757429554866,0.24978141890645997,0.276037197166088
2050,0.22227151140003337,0.28670065013448653,0.2687563270654467,0.22227151140003337
2051,0.22367094972152926,0.2851186955091336,0.2688562244798326,0.22235413028950457
2052,0.2764223240926711,0.2461650096075887,0.24969487650034067,0.22771778979939955
2053,0.23625634768559436,0.28540884275892364,0.2555963297198422,0.22273847983563985
2054,0.251267088896921,0.2245953318658973,0.24810313808481183,0.2760344411523699
2055,0.2756358381517024,0.22254053817697775,0.2264994253397732,0.27532419833154664
2056,0.24958380963190333,0.22459757429554866,0.24978141890645997,0.276037197166088
2057,0.22680395398311315,0.2793681010290941,0.27128607894139994,0.22254186604639276
2058,0.22227151140003337,0.28670065013448653,0.2687563270654467,0.22227151140003337
2059,0.2670974752288366,0.24631594729841516,0.25872916101638715,0.22785741645636115
2060,0.22681571995332445,0.2767465803792093,0.2738842887563536,0.22255341091111264
2061,0.24958380963190333,0.22459757429554866,0.24978141890645997,0.276037197166088
2062,0.24958380963190333,0.22459757429554866,0.24978141890645997,0.276037197166088
2063,0.24976552497064355,0.24357272518764644,0.2747775886151622,0.23188416122654784
2064,0.22227151140003337,0.28670065013448653,0.2687563270654467,0.22227151140003337
2065,0.2496954367227103,0.2478443453489495,0.27470048157743304,0.22775973635090707
2066,0.2727204556150796,0.22292827486841565,0.2368418404854958,0.2675094290310088
2067,0.22227151140003337,0.28670065013448653,0.2687563270654467,0.22227151140003337
2068,0.24958380963190333,0.22459757429554866,0.24978141890645997,0.276037197166088
2069,0.2693561755251043,0.23583967546139117,0.2538254874954765,0.24097866151802794
2070,0.2306621982024805,0.2852415355675873,0.2614883561030077,0.2226079101269245
2071,0.2516725393714356,0.27812935170325814,0.24717265347449,0.22302545545081615
2072,0.24958380963190333,0.22459757429554866,0.24978141890645997,0.276037197166088
2073,0.2756358381517024,0.22254053817697775,0.2264994253397732,0.27532419833154664
2074,0.24976552497064355,0.24357272518764644,0.2747775886151622,0.23188416122654784
2075,0.23133784794858225,0.26683651310152184,0.27435355032843534,0.22747208862146057
2076,0.22680395398311315,0.2793681010290941,0.27128607894139994,0.22254186604639276
2077,0.24964839435044703,0.22465569333437121,0.25263047797959803,0.2730654343355838
2078,0.22227151140003337,0.28670065013448653,0.2687563270654467,0.22227151140003337
2079,0.24368050777102804,0.2855120587271474,0.24798840196486135,0.2228190315369631
2080,0.22227151140003337,0.28670065013448653,0.2687563270654467,0.22227151140003337
2081,0.22227151140003337,0.28670065013448653,0.2687563270654467,0.22227151140003337
2082,0.24958380963190333,0.22459757429554866,0.24978141890645997,0.276037197166088
2083,0.24958380963190333,0.22459757429554866,0.24978141890645997,0.276037197166088
2084,0.24958380963190333,0.22459757429554866,0.24978141890645997,0.276037197166088
2085,0.2756358381517024,0.22254053817697775,0.2264994253397732,0.27532419833154664
2086,0.2390860761497665,0.25864514694776974,0.2745958186805001,0.22767295822196357
2087,0.2496954367227103,0.2478443453489495,0.27470048157743304,0.22775973635090707
2088,0.2496954367227103,0.2478443453489495,0.27470048157743304,0.22775973635090707
2089,0.27240127288181515,0.22266736720773445,0.22945025038643385,0.2754811095240166
2090,0.2496954367227103,0.2478443453489495,0.27470048157743304,0.22775973635090707
2091,0.2686105331336013,0.22279506403807978,0.2329553084817064,0.27563909434661255
2092,0.22227151140003337,0.28670065013448653,0.2687563270654467,0.22227151140003337
2093,0.24972282926461628,0.2247226764499426,0.2576696548611619,0.2678848394242792
2094,0.2764223240926711,0.2461650096075887,0.24969487650034067,0.22771778979939955
2095,0.24976552497064355,0.24357272518764644,0.2747775886151622,0.23188416122654784
2096,0.22227151140003337,0.28670065013448653,0.2687563270654467,0.22227151140003337
2097,0.22227151140003337,0.28670065013448653,0.2687563270654467,0.22227151140003337
2098,0.24671842605155303,0.28551653147963335,0.24494252031088815,0.22282252215792553
2099,0.2764120288420475,0.2287510994160474,0.24156772107180732,0.2532691506700977
2100,0.24958380963190333,0.22459757429554866,0.24978141890645997,0.276037197166088
2101,0.2496954367227103,0.2478443453489495,0.27470048157743304,0.22775973635090707
2102,0.25142131247746086,0.2478831256021084,0.2729001879590604,0.22779537396137045
2103,0.24958380963190333,0.22459757429554866,0.24978141890645997,0.276037197166088
2104,0.2496954367227103,0.2478443453489495,0.27470048157743304,0.22775973635090707
2105,0.2764223240926711,0.2461650096075887,0.24969487650034067,0.22771778979939955
2106,0.22227151140003337,0.28670065013448653,0.2687563270654467,0.22227151140003337
2107,0.2756358381517024,0.22254053817697775,0.2264994253397732,0.27532419833154664
2108,0.22227151140003337,0.28670065013448653,0.2687563270654467,0.22227151140003337
2109,0.22227151140003337,0.28670065013448653,0.2687563270654467,0.22227151140003337
2110,0.2496954367227103,0.2478443453489495,0.27470048157743304,0.22775973635090707
2111,0.23133784794858225,0.26683651310152184,0.27435355032843534,0.22747208862146057
2112,0.22227151140003337,0.28670065013448653,0.2687563270654467,0.22227151140003337
2113,0.22227151140003337,0.28670065013448653,0.2687563270654467,0.22227151140003337
2114,0.24194968366543873,0.28549982092983456,0.24974101447714078,0.22280948092758585
2115,0.22367094972152926,0.2851186955091336,0.2688562244798326,0.22235413028950457
2116,0.2496954367227103,0.2478443453489495,0.27470048157743304,0.22775973635090707
2117,0.25870467956616977,0.22319496878006992,0.2502708953131839,0.2678294563405764
2118,0.2496954367227103,0.2478443453489495,0.27470048157743304,0.22775973635090707
2119,0.2587345517722791,0.22322074073796855,0.25215348583755015,0.26589122165220214
2120,0.2496954367227103,0.2478443453489495,0.27470048157743304,0.22775973635090707
2121,0.2496954367227103,0.2478443453489495,0.27470048157743304,0.22775973635090707
2122,0.258841675878463,0.2463168241130093,0.26698327244468323,0.22785822756384452
2123,0.22227151140003337,0.28670065013448653,0.2687563270654467,0.22227151140003337
2124,0.2543734920802728,0.27018242540268733,0.24977312431298168,0.22567095820405808
2125,0.2496954367227103,0.2478443453489495,0.27470048157743304,0.22775973635090707
2126,0.2759827874654471,0.22282065518759078,0.2338162697601553,0.2673802875868069
2127,0.22227151140003337,0.28670065013448653,0.2687563270654467,0.22227151140003337
2128,0.25890694956898636,0.24206462926270614,0.2670505992514709,0.23197782191683675
2129,0.24194968366543873,0.28549982092983456,0.24974101447714078,0.22280948092758585
2130,0.2764223240926711,0.2461650096075887,0.24969487650034067,0.22771778979939955
2131,0.237857101133632,0.2699653533374872,0.2666878976409176,0.22548964788796316
2132,0.25142131247746086,0.2478831256021084,0.2729001879590604,0.22779537396137045
2133,0.22227151140003337,0.28670065013448653,0.2687563270654467,0.22227151140003337
2134,0.24958380963190333,0.22459757429554866,0.24978141890645997,0.276037197166088
2135,0.22227151140003337,0.28670065013448653,0.2687563270654467,0.22227151140003337
2136,0.24958380963190333,0.22459757429554866,0.24978141890645997,0.276037197166088
2137,0.24671842605155303,0.28551653147963335,0.24494252031088815,0.22282252215792553
2138,0.24958380963190333,0.22459757429554866,0.24978141890645997,0.276037197166088
2139,0.2517404759162937,0.2755795326412122,0.24959433244743506,0.22308565899505892
2140,0.22227151140003337,0.28670065013448653,0.2687563270654467,0.22227151140003337
2141,0.22227151140003337,0.28670065013448653,0.2687563270654467,0.22227151140003337
2142,0.22367094972152926,0.2851186955091336,0.2688562244798326,0.22235413028950457
2143,0.27577657016555096,0.22265416120332512,0.2291405938810971,0.2724286747500267
2144,0.2756358381517024,0.22254053817697775,0.2264994253397732,0.27532419833154664
2145,0.2306621982024805,0.2852415355675873,0.2614883561030077,0.2226079101269245
2146,0.24958380963190333,0.22459757429554866,0.24978141890645997,0.276037197166088
2147,0.27649198822892346,0.24191539794815328,0.2497578047676401,0.23183480905528323
2148,0.24958380963190333,0.22459757429554866,0.24978141890645997,0.276037197166088
2149,0.22227151140003337,0.28670065013448653,0.2687563270654467,0.22227151140003337
2150,0.27649198822892346,0.24191539794815328,0.2497578047676401,0.23183480905528323
2151,0.24958380963190333,0.22459757429554866,0.24978141890645997,0.276037197166088
2152,0.24989926473259494,0.23738924308673573,0.27174866328989533,0.24096282889077394
2153,0.22227151140003337,0.28670065013448653,0.2687563270654467,0.22227151140003337
2154,0.258841675878463,0.2463168241130093,0.26698327244468323,0.22785822756384452
2155,0.2496954367227103,0.2478443453489495,0.27470048157743304,0.22775973635090707
2156,0.27649198822892346,0.24191539794815328,0.2497578047676401,0.23183480905528323
2157,0.2765487086363895,0.23569615097861057,0.24692313077228814,0.24083200961271184
2158,0.258841675878463,0.2463168241130093,0.26698327244468323,0.22785822756384452
2159,0.22227151140003337,0.28670065013448653,0.2687563270654467,0.22227151140003337
2160,0.2764223240926711,0.2461650096075887,0.24969487650034067,0.22771778979939955
2161,0.2756358381517024,0.22254053817697775,0.2264994253397732,0.27532419833154664
2162,0.24958380963190333,0.22459757429554866,0.24978141890645997,0.276037197166088
2163,0.22227151140003337,0.28670065013448653,0.2687563270654467,0.22227151140003337
2164,0.2496954367227103,0.2478443453489495,0.27470048157743304,0.22775973635090707
2165,0.2764223240926711,0.2461650096075887,0.24969487650034067,0.22771778979939955
2166,0.24958380963190333,0.22459757429554866,0.24978141890645997,0.276037197166088
2167,0.22227151140003337,0.28670065013448653,0.2687563270654467,0.22227151140003337
2168,0.24292283574736154,0.25468507578998073,0.27466323445544255,0.22772885400721524
2169,0.25850361612021977,0.22302150323001926,0.24255563874215877,0.27591924190760214
2170,0.23707778393390375,0.2607430610461055,0.274546821419828,0.2276323336001627
2171,0.24958380963190333,0.22459757429554866,0.24978141890645997,0.276037197166088
2172,0.22227151140003337,0.28670065013448653,0.2687563270654467,0.22227151140003337
2173,0.22227151140003337,0.28670065013448653,0.2687563270654467,0.22227151140003337
2174,0.24976552497064355,0.24357272518764644,0.2747775886151622,0.23188416122654784
2175,0.2644829580810333,0.22290787370111398,0.23683050725432914,0.2757786609635237
2176,0.22227151140003337,0.28670065013448653,0.2687563270654467,0.22227151140003337
2177,0.2390860761497665,0.25864514694776974,0.2745958186805001,0.22767295822196357
2178,0.22227151140003337,0.28670065013448653,0.2687563270654467,0.22227151140003337
2179,0.2496954367227103,0.2478443453489495,0.27470048157743304,0.22775973635090707
2180,0.2665502291945223,0.22285482973899404,0.2348819053884322,0.2757130356780515
2181,0.24958380963190333,0.22459757429554866,0.24978141890645997,0.276037197166088
2182,0.22384037587458464,0.2867872019292172,0.26703380945467803,0.22233861274152023
2183,0.2760473864467348,0.2228728105682476,0.23560302121672097,0.26547678176829653
2184,0.22227151140003337,0.28670065013448653,0.2687563270654467,0.22227151140003337
2185,0.2496954367227103,0.2478443453489495,0.27470048157743304,0.22775973635090707
2186,0.22227151140003337,0.28670065013448653,0.2687563270654467,0.22227151140003337
2187,0.2496954367227103,0.2478443453489495,0.27470048157743304,0.22775973635090707
2188,0.24958380963190333,0.22459757429554866,0.24978141890645997,0.276037197166088
2189,0.24958380963190333,0.22459757429554866,0.24978141890645997,0.276037197166088
2190,0.24976552497064355,0.24357272518764644,0.2747775886151622,0.23188416122654784
2191,0.24958380963190333,0.22459757429554866,0.24978141890645997,0.276037197166088
2192,0.2496954367227103,0.2478443453489495,0.27470048157743304,0.22775973635090707
2193,0.24958380963190333,0.22459757429554866,0.24978141890645997,0.276037197166088
2194,0.2496954367227103,0.2478443453489495,0.27470048157743304,0.22775973635090707
2195,0.2756358381517024,0.22254053817697775,0.2264994253397732,0.27532419833154664
2196,0.22227151140003337,0.28670065013448653,0.2687563270654467,0.22227151140003337
2197,0.25850361612021977,0.22302150323001926,0.24255563874215877,0.27591924190760214
2198,0.22227151140003337,0.28670065013448653,0.2687563270654467,0.22227151140003337
2199,0.22227151140003337,0.28670065013448653,0.2687563270654467,0.22227151140003337
2200,0.22227151140003337,0.28670065013448653,0.2687563270654467,0.22227151140003337
2201,0.2756358381517024,0.22254053817697775,0.2264994253397732,0.27532419833154664
2202,0.23133784794858225,0.26683651310152184,0.27435355032843534,0.22747208862146057
2203,0.24958380963190333,0.22459757429554866,0.24978141890645997,0.276037197166088
2204,0.2496954367227103,0.2478443453489495,0.27470048157743304,0.22775973635090707
2205,0.2496954367227103,0.2478443453489495,0.27470048157743304,0.22775973635090707
2206,0.2496954367227103,0.2478443453489495,0.27470048157743304,0.22775973635090707
2207,0.2496954367227103,0.2478443453489495,0.27470048157743304,0.22775973635090707
2208,0.22227151140003337,0.28670065013448653,0.2687563270654467,0.22227151140003337
2209,0.2496954367227103,0.2478443453489495,0.27470048157743304,0.22775973635090707
2210,0.2351215148741415,0.2628034726994304,0.2744898855280228,0.22758512689840524
2211,0.22227151140003337,0.28670065013448653,0.2687563270654467,0.22227151140003337
2212,0.22227151140003337,0.28670065013448653,0.2687563270654467,0.22227151140003337
2213,0.25142131247746086,0.2478831256021084,0.2729001879590604,0.22779537396137045
2214,0.25653312679869816,0.2679687686679447,0.24980150461740327,0.22569659991595387
2215,0.2496954367227103,0.2478443453489495,0.27470048157743304,0.22775973635090707
2216,0.24958380963190333,0.22459757429554866,0.24978141890645997,0.276037197166088
2217,0.2496954367227103,0.2478443453489495,0.27470048157743304,0.22775973635090707
2218,0.2496954367227103,0.2478443453489495,0.27470048157743304,0.22775973635090707
2219,0.22227151140003337,0.28670065013448653,0.2687563270654467,0.22227151140003337
2220,0.26921176827130733,0.24629541320679824,0.25665439736452395,0.2278384211573704
2221,0.2306621982024805,0.2852415355675873,0.2614883561030077,0.2226079101269245
2222,0.22227151140003337,0.28670065013448653,0.2687563270654467,0.22227151140003337
2223,0.22227151140003337,0.28670065013448653,0.2687563270654467,0.22227151140003337
2224,0.2496954367227103,0.2478443453489495,0.27470048157743304,0.22775973635090707
2225,0.2496954367227103,0.2478443453489495,0.27470048157743304,0.22775973635090707
2226,0.24958380963190333,0.22459757429554866,0.24978141890645997,0.276037197166088
2227,0.24958380963190333,0.22459757429554866,0.24978141890645997,0.276037197166088
2228,0.22227151140003337,0.28670065013448653,0.2687563270654467,0.22227151140003337
2229,0.2496954367227103,0.2478443453489495,0.27470048157743304,0.22775973635090707
2230,0.2306621982024805,0.2852415355675873,0.2614883561030077,0.2226079101269245
2231,0.25424383883132545,0.27297867081129507,0.2496458158548476,0.22313167450253185
2232,0.22227151140003337,0.28670065013448653,0.2687563270654467,0.22227151140003337
2233,0.22227151140003337,0.28670065013448653,0.2687563270654467,0.22227151140003337
2234,0.2496954367227103,0.2478443453489495,0.27470048157743304,0.22775973635090707
2235,0.2496954367227103,0.2478443453489495,0.27470048157743304,0.22775973635090707
2236,0.2764223240926711,0.2461650096075887,0.24969487650034067,0.22771778979939955
2237,0.2496954367227103,0.2478443453489495,0.27470048157743304,0.22775973635090707
2238,0.22227151140003337,0.28670065013448653,0.2687563270654467,0.22227151140003337
2239,0.22680395398311315,0.2793681010290941,0.27128607894139994,0.22254186604639276
2240,0.2272438935154232,0.286952277612164,0.26333723727375796,0.22246659159865487
2241,0.27649198822892346,0.24191539794815328,0.2497578047676401,0.23183480905528323
2242,0.24958380963190333,0.22459757429554866,0.24978141890645997,0.276037197166088
2243,0.2496954367227103,0.2478443453489495,0.27470048157743304,0.22775973635090707
2244,0.24958380963190333,0.22459757429554866,0.24978141890645997,0.276037197166088
2245,0.24958380963190333,0.22459757429554866,0.24978141890645997,0.276037197166088
2246,0.2764120288420475,0.2287510994160474,0.24156772107180732,0.2532691506700977
2247,0.22227151140003337,0.28670065013448653,0.2687563270654467,0.22227151140003337
2248,0.22227151140003337,0.28670065013448653,0.2687563270654467,0.22227151140003337
2249,0.2756358381517024,0.22254053817697775,0.2264994253397732,0.27532419833154664
2250,0.24958380963190333,0.22459757429554866,0.24978141890645997,0.276037197166088
2251,0.24989926473259494,0.23738924308673573,0.27174866328989533,0.24096282889077394
2252,0.2764223240926711,0.2461650096075887,0.24969487650034067,0.22771778979939955
2253,0.24970239082789633,0.22470428413789129,0.2558981110668273,0.269695213967385
2254,0.27134880674701245,0.2358087303263046,0.2518954208434218,0.24094704208326115
2255,0.2649762004114643,0.24632831788390322,0.26082662169506143,0.22786886000957104
2256,0.2496954367227103,0.2478443453489495,0.27470048157743304,0.22775973635090707
2257,0.2496954367227103,0.2478443453489495,0.27470048157743304,0.22775973635090707
2258,0.22227151140003337,0.28670065013448653,0.2687563270654467,0.22227151140003337
2259,0.24958380963190333,0.22459757429554866,0.24978141890645997,0.276037197166088
2260,0.24958380963190333,0.22459757429554866,0.24978141890645997,0.276037197166088
2261,0.24958380963190333,0.22459757429554866,0.24978141890645997,0.276037197166088
2262,0.24958380963190333,0.22459757429554866,0.24978141890645997,0.276037197166088
2263,0.24976552497064355,0.24357272518764644,0.2747775886151622,0.23188416122654784
2264,0.2756358381517024,0.22254053817697775,0.2264994253397732,0.27532419833154664
2265,0.22227151140003337,0.28670065013448653,0.2687563270654467,0.22227151140003337
2266,0.22227151140003337,0.28670065013448653,0.2687563270654467,0.22227151140003337
2267,0.2306621982024805,0.2852415355675873,0.2614883561030077,0.2226079101269245
2268,0.22227151140003337,0.28670065013448653,0.2687563270654467,0.22227151140003337
2269,0.2765487086363895,0.23569615097861057,0.24692313077228814,0.24083200961271184
2270,0.2306621982024805,0.2852415355675873,0.2614883561030077,0.2226079101269245
2271,0.22227151140003337,0.28670065013448653,0.2687563270654467,0.22227151140003337
2272,0.25491576985844167,0.22457320361743632,0.24450378165694137,0.27600724486718065
2273,0.2756358381517024,0.22254053817697775,0.2264994253397732,0.27532419833154664
2274,0.22227151140003337,0.28670065013448653,0.2687563270654467,0.22227151140003337
2275,0.2756358381517024,0.22254053817697775,0.2264994253397732,0.27532419833154664
2276,0.27649198822892346,0.24191539794815328,0.2497578047676401,0.23183480905528323
2277,0.22227151140003337,0.28670065013448653,0.2687563270654467,0.22227151140003337
2278,0.24958380963190333,0.22459757429554866,0.24978141890645997,0.276037197166088
2279,0.22227151140003337,0.28670065013448653,0.2687563270654467,0.22227151140003337
2280,0.2551628273252194,0.24794673527046868,0.2690366085232833,0.22785382888102865
2281,0.24671842605155303,0.28551653147963335,0.24494252031088815,0.22282252215792553
2282,0.2351215148741415,0.2628034726994304,0.2744898855280228,0.22758512689840524
2283,0.22227151140003337,0.28670065013448653,0.2687563270654467,0.22227151140003337
2284,0.2686105331336013,0.22279506403807978,0.2329553084817064,0.27563909434661255
2285,0.27649198822892346,0.24191539794815328,0.2497578047676401,0.23183480905528323
2286,0.22227151140003337,0.28670065013448653,0.2687563270654467,0.22227151140003337
2287,0.24958380963190333,0.22459757429554866,0.24978141890645997,0.276037197166088
2288,0.24970239082789633,0.22470428413789129,0.2558981110668273,0.269695213967385
2289,0.2756358381517024,0.22254053817697775,0.2264994253397732,0.27532419833154664
2290,0.24976552497064355,0.24357272518764644,0.2747775886151622,0.23188416122654784
2291,0.25662894851913526,0.2655761118425382,0.24989481190383026,0.22790012773449628
2292,0.27649198822892346,0.24191539794815328,0.2497578047676401,0.23183480905528323
2293,0.24958380963190333,0.22459757429554866,0.24978141890645997,0.276037197166088
2294,0.24958380963190333,0.22459757429554866,0.24978141890645997,0.276037197166088
2295,0.23625634768559436,0.28540884275892364,0.2555963297198422,0.22273847983563985
2296,0.22680395398311315,0.2793681010290941,0.27128607894139994,0.22254186604639276
2297,0.22367094972152926,0.2851186955091336,0.2688562244798326,0.22235413028950457
2298,0.2496954367227103,0.2478443453489495,0.27470048157743304,0.22775973635090707
2299,0.22227151140003337,0.28670065013448653,0.2687563270654467,0.22227151140003337
2300,0.2496954367227103,0.2478443453489495,0.27470048157743304,0.22775973635090707
2301,0.2764223240926711,0.2461650096075887,0.24969487650034067,0.22771778979939955
2302,0.22227151140003337,0.28670065013448653,0.2687563270654467,0.22227151140003337
2303,0.22866824104351482,0.28536095121803384,0.2634277506675444,0.22254305707090694
2304,0.2496954367227103,0.2478443453489495,0.27470048157743304,0.22775973635090707
2305,0.2756358381517024,0.22254053817697775,0.2264994253397732,0.27532419833154664
2306,0.23133784794858225,0.26683651310152184,0.27435355032843534,0.22747208862146057
2307,0.22227151140003337,0.28670065013448653,0.2687563270654467,0.22227151140003337
2308,0.24974637905356042,0.22474386863175846,0.2616096963255617,0.2639000559891193
2309,0.24958380963190333,0.22459757429554866,0.24978141890645997,0.276037197166088
2310,0.22227151140003337,0.28670065013448653,0.2687563270654467,0.22227151140003337
2311,0.22680395398311315,0.2793681010290941,0.27128607894139994,0.22254186604639276
2312,0.24671842605155303,0.28551653147963335,0.24494252031088815,0.22282252215792553
2313,0.24958380963190333,0.22459757429554866,0.24978141890645997,0.276037197166088
2314,0.24671842605155303,0.28551653147963335,0.24494252031088815,0.22282252215792553
2315,0.2764223240926711,0.2461650096075887,0.24969487650034067,0.22771778979939955
2316,0.24958380963190333,0.22459757429554866,0.24978141890645997,0.276037197166088
2317,0.24958380963190333,0.22459757429554866,0.24978141890645997,0.276037197166088
2318,0.22227151140003337,0.28670065013448653,0.2687563270654467,0.22227151140003337
2319,0.24671842605155303,0.28551653147963335,0.24494252031088815,0.22282252215792553
2320,0.22227151140003337,0.28670065013448653,0.2687563270654467,0.22227151140003337
2321,0.24368050777102804,0.2855120587271474,0.24798840196486135,0.2228190315369631
2322,0.24958380963190333,0.22459757429554866,0.24978141890645997,0.276037197166088
2323,0.22227151140003337,0.28670065013448653,0.2687563270654467,0.22227151140003337
2324,0.2496954367227103,0.2478443453489495,0.27470048157743304,0.22775973635090707
2325,0.22227151140003337,0.28670065013448653,0.2687563270654467,0.22227151140003337
2326,0.22227151140003337,0.28670065013448653,0.2687563270654467,0.22227151140003337
2327,0.24976552497064355,0.24357272518764644,0.2747775886151622,0.23188416122654784
2328,0.25142131247746086,0.2478831256021084,0.2729001879590604,0.22779537396137045
2329,0.2306621982024805,0.2852415355675873,0.2614883561030077,0.2226079101269245
2330,0.24671842605155303,0.28551653147963335,0.24494252031088815,0.22282252215792553
2331,0.24958380963190333,0.22459757429554866,0.24978141890645997,0.276037197166088
2332,0.24958380963190333,0.22459757429554866,0.24978141890645997,0.276037197166088
2333,0.2756358381517024,0.22254053817697775,0.2264994253397732,0.27532419833154664
2334,0.2764223240926711,0.2461650096075887,0.24969487650034067,0.22771778979939955
2335,0.24958380963190333,0.22459757429554866,0.24978141890645997,0.276037197166088
2336,0.2765487086363895,0.23569615097861057,0.24692313077228814,0.24083200961271184
2337,0.24958380963190333,0.22459757429554866,0.24978141890645997,0.276037197166088
2338,0.2764223240926711,0.2461650096075887,0.24969487650034067,0.22771778979939955
2339,0.24958380963190333,0.22459757429554866,0.24978141890645997,0.276037197166088
2340,0.2585910019733351,0.22309689453252912,0.24534172202957538,0.27297038146456043
2341,0.22227151140003337,0.28670065013448653,0.2687563270654467,0.22227151140003337
2342,0.22227151140003337,0.28670065013448653,0.2687563270654467,0.22227151140003337
2343,0.22227151140003337,0.28670065013448653,0.2687563270654467,0.22227151140003337
2344,0.2765487086363895,0.23569615097861057,0.24692313077228814,0.24083200961271184
2345,0.24958380963190333,0.22459757429554866,0.24978141890645997,0.276037197166088
2346,0.24106712045194498,0.2754775146407479,0.26045229097451617,0.22300307393279098
2347,0.22227151140003337,0.28670065013448653,0.2687563270654467,0.22227151140003337
2348,0.2761068153594292,0.22292079178253005,0.23747585771932528,0.2634965351387154
2349,0.2496954367227103,0.2478443453489495,0.27470048157743304,0.22775973635090707
2350,0.22227151140003337,0.28670065013448653,0.2687563270654467,0.22227151140003337
2351,0.23133784794858225,0.26683651310152184,0.27435355032843534,0.22747208862146057
2352,0.24973808021879731,0.2247364006066489,0.25959378019870055,0.26593173897585326
2353,0.22227151140003337,0.28670065013448653,0.2687563270654467,0.22227151140003337
2354,0.24671842605155303,0.28551653147963335,0.24494252031088815,0.22282252215792553
2355,0.22227151140003337,0.28670065013448653,0.2687563270654467,0.22227151140003337
2356,0.2496954367227103,0.2478443453489495,0.27470048157743304,0.22775973635090707
2357,0.24958380963190333,0.22459757429554866,0.24978141890645997,0.276037197166088
2358,0.24671842605155303,0.28551653147963335,0.24494252031088815,0.22282252215792553
2359,0.24194968366543873,0.28549982092983456,0.24974101447714078,0.22280948092758585
2360,0.22227151140003337,0.28670065013448653,0.2687563270654467,0.22227151140003337
2361,0.22227151140003337,0.28670065013448653,0.2687563270654467,0.22227151140003337
2362,0.27055697202169154,0.22273234434830128,0.2311491852506253,0.27556149837938193
2363,0.2756358381517024,0.22254053817697775,0.2264994253397732,0.27532419833154664
2364,0.24958380963190333,0.22459757429554866,0.24978141890645997,0.276037197166088
2365,0.24958380963190333,0.22459757429554866,0.24978141890645997,0.276037197166088
2366,0.22227151140003337,0.28670065013448653,0.2687563270654467,0.22227151140003337
2367,0.2756358381517024,0.22254053817697775,0.2264994253397732,0.27532419833154664
2368,0.25850361612021977,0.22302150323001926,0.24255563874215877,0.27591924190760214
2369,0.23999882224517097,0.26539891328564735,0.26685419699895246,0.22774806747022922
2370,0.24958380963190333,0.22459757429554866,0.24978141890645997,0.276037197166088
2371,0.2496954367227103,0.2478443453489495,0.27470048157743304,0.22775973635090707
2372,0.2496954367227103,0.2478443453489495,0.27470048157743304,0.22775973635090707
2373,0.22227151140003337,0.28670065013448653,0.2687563270654467,0.22227151140003337
2374,0.2496954367227103,0.2478443453489495,0.27470048157743304,0.22775973635090707
2375,0.2390860761497665,0.25864514694776974,0.2745958186805001,0.22767295822196357
2376,0.2764223240926711,0.2461650096075887,0.24969487650034067,0.22771778979939955
2377,0.22227151140003337,0.28670065013448653,0.2687563270654467,0.22227151140003337
2378,0.23707778393390375,0.2607430610461055,0.274546821419828,0.2276323336001627
2379,0.22227151140003337,0.28670065013448653,0.2687563270654467,0.22227151140003337
2380,0.22227151140003337,0.28670065013448653,0.2687563270654467,0.22227151140003337
2381,0.22681571995332445,0.2767465803792093,0.2738842887563536,0.22255341091111264
2382,0.25424383883132545,0.27297867081129507,0.2496458158548476,0.22313167450253185
2383,0.2665502291945223,0.22285482973899404,0.2348819053884322,0.2757130356780515
2384,0.2756358381517024,0.22254053817697775,0.2264994253397732,0.27532419833154664
2385,0.2764223240926711,0.2461650096075887,0.24969487650034067,0.22771778979939955
2386,0.2686105331336013,0.22279506403807978,0.2329553084817064,0.27563909434661255
2387,0.24958380963190333,0.22459757429554866,0.24978141890645997,0.276037197166088
2388,0.24958380963190333,0.22459757429554866,0.24978141890645997,0.276037197166088
2389,0.24958380963190333,0.22459757429554866,0.24978141890645997,0.276037197166088
2390,0.23133784794858225,0.26683651310152184,0.27435355032843534,0.22747208862146057
2391,0.22227151140003337,0.28670065013448653,0.2687563270654467,0.22227151140003337
2392,0.24976552497064355,0.24357272518764644,0.2747775886151622,0.23188416122654784
2393,0.22227151140003337,0.28670065013448653,0.2687563270654467,0.22227151140003337
2394,0.2756358381517024,0.22254053817697775,0.2264994253397732,0.27532419833154664
2395,0.24958380963190333,0.22459757429554866,0.24978141890645997,0.276037197166088
2396,0.22227151140003337,0.28670065013448653,0.2687563270654467,0.22227151140003337
2397,0.2496954367227103,0.2478443453489495,0.27470048157743304,0.22775973635090707
2398,0.2759827874654471,0.22282065518759078,0.2338162697601553,0.2673802875868069
2399,0.2765487086363895,0.23569615097861057,0.24692313077228814,0.24083200961271184
2400,0.22227151140003337,0.28670065013448653,0.2687563270654467,0.22227151140003337
2401,0.22227151140003337,0.28670065013448653,0.2687563270654467,0.22227151140003337
2402,0.2764223240926711,0.2461650096075887,0.24969487650034067,0.22771778979939955
2403,0.24671842605155303,0.28551653147963335,0.24494252031088815,0.22282252215792553
2404,0.24958380963190333,0.22459757429554866,0.24978141890645997,0.276037197166088
2405,0.24958380963190333,0.22459757429554866,0.24978141890645997,0.276037197166088
2406,0.27310225409575006,0.24623653057826325,0.2528772642253028,0.2277839511006839
2407,0.22227151140003337,0.28670065013448653,0.2687563270654467,0.22227151140003337
2408,0.22227151140003337,0.28670065013448653,0.2687563270654467,0.22227151140003337
2409,0.22681571995332445,0.2767465803792093,0.2738842887563536,0.22255341091111264
2410,0.2712777384514055,0.24201719612816364,0.25477270010446706,0.23193236531596376
2411,0.22227151140003337,0.28670065013448653,0.2687563270654467,0.22227151140003337
2412,0.24958380963190333,0.22459757429554866,0.24978141890645997,0.276037197166088
2413,0.2756358381517024,0.22254053817697775,0.2264994253397732,0.27532419833154664
2414,0.22227151140003337,0.28670065013448653,0.2687563270654467,0.22227151140003337
2415,0.24958380963190333,0.22459757429554866,0.24978141890645997,0.276037197166088
2416,0.24958380963190333,0.22459757429554866,0.24978141890645997,0.276037197166088
2417,0.22227151140003337,0.28670065013448653,0.2687563270654467,0.22227151140003337
2418,0.22681571995332445,0.2767465803792093,0.2738842887563536,0.22255341091111264
2419,0.24958380963190333,0.22459757429554866,0.24978141890645997,0.276037197166088
2420,0.22227151140003337,0.28670065013448653,0.2687563270654467,0.22227151140003337
2421,0.22227151140003337,0.28670065013448653,0.2687563270654467,0.22227151140003337
2422,0.24958380963190333,0.22459757429554866,0.24978141890645997,0.276037197166088
2423,0.23999882224517097,0.26539891328564735,0.26685419699895246,0.22774806747022922
2424,0.2764223240926711,0.2461650096075887,0.24969487650034067,0.22771778979939955
2425,0.24976552497064355,0.24357272518764644,0.2747775886151622,0.23188416122654784
2426,0.2516725393714356,0.27812935170325814,0.24717265347449,0.22302545545081615
2427,0.22227151140003337,0.28670065013448653,0.2687563270654467,0.22227151140003337
2428,0.22227151140003337,0.28670065013448653,0.2687563270654467,0.22227151140003337
2429,0.24958380963190333,0.22459757429554866,0.24978141890645997,0.276037197166088
2430,0.24958380963190333,0.22459757429554866,0.24978141890645997,0.276037197166088
2431,0.26282835950317324,0.2593456232130386,0.24991106603656116,0.22791495124722694
2432,0.22227151140003337,0.28670065013448653,0.2687563270654467,0.22227151140003337
2433,0.2764120288420475,0.2287510994160474,0.24156772107180732,0.2532691506700977
2434,0.27055697202169154,0.22273234434830128,0.2311491852506253,0.27556149837938193
2435,0.24671842605155303,0.28551653147963335,0.24494252031088815,0.22282252215792553
2436,0.2306621982024805,0.2852415355675873,0.2614883561030077,0.2226079101269245
2437,0.2496954367227103,0.2478443453489495,0.27470048157743304,0.22775973635090707
2438,0.22227151140003337,0.28670065013448653,0.2687563270654467,0.22227151140003337
2439,0.22227151140003337,0.28670065013448653,0.2687563270654467,0.22227151140003337
2440,0.24989926473259494,0.23738924308673573,0.27174866328989533,0.24096282889077394
2441,0.22227151140003337,0.28670065013448653,0.2687563270654467,0.22227151140003337
2442,0.22227151140003337,0.28670065013448653,0.2687563270654467,0.22227151140003337
2443,0.2496954367227103,0.2478443453489495,0.27470048157743304,0.22775973635090707
2444,0.2496954367227103,0.2478443453489495,0.27470048157743304,0.22775973635090707
2445,0.22227151140003337,0.28670065013448653,0.2687563270654467,0.22227151140003337
2446,0.24233380083700484,0.2609206633413989,0.26895815293740577,0.2277873828841904
2447,0.25850361612021977,0.22302150323001926,0.24255563874215877,0.27591924190760214
2448,0.22227151140003337,0.28670065013448653,0.2687563270654467,0.22227151140003337
2449,0.22227151140003337,0.28670065013448653,0.2687563270654467,0.22227151140003337
2450,0.27591644091312084,0.2227670888677687,0.23217190276671734,0.2691445674523932
2451,0.27310225409575006,0.24623653057826325,0.2528772642253028,0.2277839511006839
2452,0.22367094972152926,0.2851186955091336,0.2688562244798326,0.22235413028950457
2453,0.2496954367227103,0.2478443453489495,0.27470048157743304,0.22775973635090707
2454,0.22227151140003337,0.28670065013448653,0.2687563270654467,0.22227151140003337
2455,0.22367094972152926,0.2851186955091336,0.2688562244798326,0.22235413028950457
2456,0.26913145853958803,0.25315378064233524,0.24985287702854642,0.22786188378953035
2457,0.23133784794858225,0.26683651310152184,0.27435355032843534,0.22747208862146057
2458,0.2496954367227103,0.2478443453489495,0.27470048157743304,0.22775973635090707
2459,0.2496954367227103,0.2478443453489495,0.27470048157743304,0.22775973635090707
2460,0.24958380963190333,0.22459757429554866,0.24978141890645997,0.276037197166088
2461,0.24958380963190333,0.22459757429554866,0.24978141890645997,0.276037197166088
2462,0.24958380963190333,0.22459757429554866,0.24978141890645997,0.276037197166088
2463,0.2756358381517024,0.22254053817697775,0.2264994253397732,0.27532419833154664
2464,0.24958380963190333,0.22459757429554866,0.24978141890645997,0.276037197166088
2465,0.22227151140003337,0.28670065013448653,0.2687563270654467,0.22227151140003337
2466,0.24958380963190333,0.22459757429554866,0.24978141890645997,0.276037197166088
2467,0.22227151140003337,0.28670065013448653,0.2687563270654467,0.22227151140003337
2468,0.2496954367227103,0.2478443453489495,0.27470048157743304,0.22775973635090707
2469,0.24671842605155303,0.28551653147963335,0.24494252031088815,0.22282252215792553
2470,0.2764223240926711,0.2461650096075887,0.24969487650034067,0.22771778979939955
2471,0.2644829580810333,0.22290787370111398,0.23683050725432914,0.2757786609635237
2472,0.2764223240926711,0.2461650096075887,0.24969487650034067,0.22771778979939955
2473,0.24671842605155303,0.28551653147963335,0.24494252031088815,0.22282252215792553
2474,0.23133784794858225,0.26683651310152184,0.27435355032843534,0.22747208862146057
2475,0.24671842605155303,0.28551653147963335,0.24494252031088815,0.22282252215792553
2476,0.24958380963190333,0.22459757429554866,0.24978141890645997,0.276037197166088
2477,0.2496954367227103,0.2478443453489495,0.27470048157743304,0.22775973635090707
2478,0.22227151140003337,0.28670065013448653,0.2687563270654467,0.22227151140003337
2479,0.22227151140003337,0.28670065013448653,0.2687563270654467,0.22227151140003337
2480,0.23133784794858225,0.26683651310152184,0.27435355032843534,0.22747208862146057
2481,0.2496954367227103,0.2478443453489495,0.27470048157743304,0.22775973635090707
2482,0.24958380963190333,0.22459757429554866,0.24978141890645997,0.276037197166088
2483,0.22227151140003337,0.28670065013448653,0.2687563270654467,0.22227151140003337
2484,0.25850361612021977,0.22302150323001926,0.24255563874215877,0.27591924190760214
2485,0.24958380963190333,0.22459757429554866,0.24978141890645997,0.276037197166088
2486,0.22227151140003337,0.28670065013448653,0.2687563270654467,0.22227151140003337
2487,0.2765487086363895,0.23569615097861057,0.24692313077228814,0.24083200961271184
2488,0.24958380963190333,0.22459757429554866,0.24978141890645997,0.276037197166088
2489,0.22227151140003337,0.28670065013448653,0.2687563270654467,0.22227151140003337
2490,0.2496954367227103,0.2478443453489495,0.27470048157743304,0.22775973635090707
2491,0.2306621982024805,0.2852415355675873,0.2614883561030077,0.2226079101269245
2492,0.24194968366543873,0.28549982092983456,0.24974101447714078,0.22280948092758585
2493,0.24976552497064355,0.24357272518764644,0.2747775886151622,0.23188416122654784
2494,0.24958380963190333,0.22459757429554866,0.24978141890645997,0.276037197166088
2495,0.24976552497064355,0.24357272518764644,0.2747775886151622,0.23188416122654784
2496,0.22227151140003337,0.28670065013448653,0.2687563270654467,0.22227151140003337
2497,0.2764223240926711,0.2461650096075887,0.24969487650034067,0.22771778979939955
2498,0.22227151140003337,0.28670065013448653,0.2687563270654467,0.22227151140003337
2499,0.24958380963190333,0.22459757429554866,0.24978141890645997,0.276037197166088
2500,0.22227151140003337,0.28670065013448653,0.2687563270654467,0.22227151140003337
2501,0.2496954367227103,0.2478443453489495,0.27470048157743304,0.22775973635090707
2502,0.22227151140003337,0.28670065013448653,0.2687563270654467,0.22227151140003337
2503,0.22227151140003337,0.28670065013448653,0.2687563270654467,0.22227151140003337
2504,0.22227151140003337,0.28670065013448653,0.2687563270654467,0.22227151140003337
2505,0.24292283574736154,0.25468507578998073,0.27466323445544255,0.22772885400721524
2506,0.2292504711286587,0.2714005244888186,0.2741551378540549,0.22519386652846785
2507,0.22227151140003337,0.28670065013448653,0.2687563270654467,0.22227151140003337
2508,0.22227151140003337,0.28670065013448653,0.2687563270654467,0.22227151140003337
2509,0.2496954367227103,0.2478443453489495,0.27470048157743304,0.22775973635090707
2510,0.2496954367227103,0.2478443453489495,0.27470048157743304,0.22775973635090707
2511,0.2496954367227103,0.2478443453489495,0.27470048157743304,0.22775973635090707
2512,0.22227151140003337,0.28670065013448653,0.2687563270654467,0.22227151140003337
2513,0.22227151140003337,0.28670065013448653,0.2687563270654467,0.22227151140003337
2514,0.2756358381517024,0.22254053817697775,0.2264994253397732,0.27532419833154664
2515,0.22227151140003337,0.28670065013448653,0.2687563270654467,0.22227151140003337
2516,0.24976552497064355,0.24357272518764644,0.2747775886151622,0.23188416122654784
2517,0.26282835950317324,0.2593456232130386,0.24991106603656116,0.22791495124722694
2518,0.22227151140003337,0.28670065013448653,0.2687563270654467,0.22227151140003337
2519,0.22227151140003337,0.28670065013448653,0.2687563270654467,0.22227151140003337
2520,0.24958380963190333,0.22459757429554866,0.24978141890645997,0.276037197166088
2521,0.2765487086363895,0.23569615097861057,0.24692313077228814,0.24083200961271184
2522,0.24958380963190333,0.22459757429554866,0.24978141890645997,0.276037197166088
2523,0.24958380963190333,0.22459757429554866,0.24978141890645997,0.276037197166088
2524,0.2686105331336013,0.22279506403807978,0.2329553084817064,0.27563909434661255
2525,0.23133784794858225,0.26683651310152184,0.27435355032843534,0.22747208862146057
2526,0.27649198822892346,0.24191539794815328,0.2497578047676401,0.23183480905528323
2527,0.24958380963190333,0.22459757429554866,0.24978141890645997,0.276037197166088
2528,0.2765487086363895,0.23569615097861057,0.24692313077228814,0.24083200961271184
2529,0.22681571995332445,0.2767465803792093,0.2738842887563536,0.22255341091111264
2530,0.258841675878463,0.2463168241130093,0.26698327244468323,0.22785822756384452
2531,0.2517404759162937,0.2755795326412122,0.24959433244743506,0.22308565899505892
2532,0.24958380963190333,0.22459757429554866,0.24978141890645997,0.276037197166088
2533,0.22227151140003337,0.28670065013448653,0.2687563270654467,0.22227151140003337
2534,0.27055697202169154,0.22273234434830128,0.2311491852506253,0.27556149837938193
2535,0.2496954367227103,0.2478443453489495,0.27470048157743304,0.22775973635090707
2536,0.24976552497064355,0.24357272518764644,0.2747775886151622,0.23188416122654784
2537,0.22227151140003337,0.28670065013448653,0.2687563270654467,0.22227151140003337
2538,0.22227151140003337,0.28670065013448653,0.2687563270654467,0.22227151140003337
2539,0.24958380963190333,0.22459757429554866,0.24978141890645997,0.276037197166088
2540,0.24958380963190333,0.22459757429554866,0.24978141890645997,0.276037197166088
2541,0.24958380963190333,0.22459757429554866,0.24978141890645997,0.276037197166088
2542,0.24958380963190333,0.22459757429554866,0.24978141890645997,0.276037197166088
2543,0.22227151140003337,0.28670065013448653,0.2687563270654467,0.22227151140003337
2544,0.24958380963190333,0.22459757429554866,0.24978141890645997,0.276037197166088
2545,0.2764223240926711,0.2461650096075887,0.24969487650034067,0.22771778979939955
2546,0.2496954367227103,0.2478443453489495,0.27470048157743304,0.22775973635090707
2547,0.24958380963190333,0.22459757429554866,0.24978141890645997,0.276037197166088
2548,0.24958380963190333,0.22459757429554866,0.24978141890645997,0.276037197166088
2549,0.24958380963190333,0.22459757429554866,0.24978141890645997,0.276037197166088
2550,0.24292283574736154,0.25468507578998073,0.27466323445544255,0.22772885400721524
2551,0.27649198822892346,0.24191539794815328,0.2497578047676401,0.23183480905528323
2552,0.26913145853958803,0.25315378064233524,0.24985287702854642,0.22786188378953035
2553,0.24958380963190333,0.22459757429554866,0.24978141890645997,0.276037197166088
2554,0.2764223240926711,0.2461650096075887,0.24969487650034067,0.22771778979939955
2555,0.23296518602783395,0.2669107443315963,0.27258870057540346,0.22753536906516633
2556,0.27649198822892346,0.24191539794815328,0.2497578047676401,0.23183480905528323
2557,0.24012407192037208,0.28547918522123267,0.25160336642960446,0.22279337642879077
2558,0.22227151140003337,0.28670065013448653,0.2687563270654467,0.22227151140003337
2559,0.2756358381517024,0.22254053817697775,0.2264994253397732,0.27532419833154664
2560,0.22681571995332445,0.2767465803792093,0.2738842887563536,0.22255341091111264
2561,0.24958380963190333,0.22459757429554866,0.24978141890645997,0.276037197166088
2562,0.22227151140003337,0.28670065013448653,0.2687563270654467,0.22227151140003337
2563,0.2496954367227103,0.2478443453489495,0.27470048157743304,0.22775973635090707
2564,0.24671842605155303,0.28551653147963335,0.24494252031088815,0.22282252215792553
2565,0.24958380963190333,0.22459757429554866,0.24978141890645997,0.276037197166088
2566,0.24958380963190333,0.22459757429554866,0.24978141890645997,0.276037197166088
2567,0.2764223240926711,0.2461650096075887,0.24969487650034067,0.22771778979939955
2568,0.24958380963190333,0.22459757429554866,0.24978141890645997,0.276037197166088
2569,0.2496954367227103,0.2478443453489495,0.27470048157743304,0.22775973635090707
2570,0.2496954367227103,0.2478443453489495,0.27470048157743304,0.22775973635090707
2571,0.258841675878463,0.2463168241130093,0.26698327244468323,0.22785822756384452
2572,0.22227151140003337,0.28670065013448653,0.2687563270654467,0.22227151140003337
2573,0.27649198822892346,0.24191539794815328,0.2497578047676401,0.23183480905528323
2574,0.2756358381517024,0.22254053817697775,0.2264994253397732,0.27532419833154664
2575,0.24958380963190333,0.22459757429554866,0.24978141890645997,0.276037197166088
2576,0.2756358381517024,0.22254053817697775,0.2264994253397732,0.27532419833154664
2577,0.22227151140003337,0.28670065013448653,0.2687563270654467,0.22227151140003337
2578,0.2764223240926711,0.2461650096075887,0.24969487650034067,0.22771778979939955
2579,0.22227151140003337,0.28670065013448653,0.2687563270654467,0.22227151140003337
2580,0.24958380963190333,0.22459757429554866,0.24978141890645997,0.276037197166088
2581,0.22227151140003337,0.28670065013448653,0.2687563270654467,0.22227151140003337
2582,0.2764223240926711,0.2461650096075887,0.24969487650034067,0.22771778979939955
2583,0.22227151140003337,0.28670065013448653,0.2687563270654467,0.22227151140003337
2584,0.25850361612021977,0.22302150323001926,0.24255563874215877,0.27591924190760214
2585,0.24958380963190333,0.22459757429554866,0.24978141890645997,0.276037197166088
2586,0.2764223240926711,0.2461650096075887,0.24969487650034067,0.22771778979939955
2587,0.24976552497064355,0.24357272518764644,0.2747775886151622,0.23188416122654784
2588,0.2496954367227103,0.2478443453489495,0.27470048157743304,0.22775973635090707
2589,0.2756358381517024,0.22254053817697775,0.2264994253397732,0.27532419833154664
2590,0.22227151140003337,0.28670065013448653,0.2687563270654467,0.22227151140003337
2591,0.23707778393390375,0.2607430610461055,0.274546821419828,0.2276323336001627
2592,0.2496954367227103,0.2478443453489495,0.27470048157743304,0.22775973635090707
2593,0.22227151140003337,0.28670065013448653,0.2687563270654467,0.22227151140003337
2594,0.22227151140003337,0.28670065013448653,0.2687563270654467,0.22227151140003337
2595,0.22227151140003337,0.28670065013448653,0.2687563270654467,0.22227151140003337
2596,0.22227151140003337,0.28670065013448653,0.2687563270654467,0.22227151140003337
2597,0.22227151140003337,0.28670065013448653,0.2687563270654467,0.22227151140003337
2598,0.24958380963190333,0.22459757429554866,0.24978141890645997,0.276037197166088
2599,0.2764223240926711,0.2461650096075887,0.24969487650034067,0.22771778979939955
2600,0.22227151140003337,0.28670065013448653,0.2687563270654467,0.22227151140003337
2601,0.24989926473259494,0.23738924308673573,0.27174866328989533,0.24096282889077394
2602,0.22227151140003337,0.28670065013448653,0.2687563270654467,0.22227151140003337
2603,0.24292283574736154,0.25468507578998073,0.27466323445544255,0.22772885400721524
2604,0.24958380963190333,0.22459757429554866,0.24978141890645997,0.276037197166088
2605,0.2351215148741415,0.2628034726994304,0.2744898855280228,0.22758512689840524
2606,0.22227151140003337,0.28670065013448653,0.2687563270654467,0.22227151140003337
2607,0.24958380963190333,0.22459757429554866,0.24978141890645997,0.276037197166088
2608,0.24958380963190333,0.22459757429554866,0.24978141890645997,0.276037197166088
2609,0.24958380963190333,0.22459757429554866,0.24978141890645997,0.276037197166088
2610,0.24958380963190333,0.22459757429554866,0.24978141890645997,0.276037197166088
2611,0.22227151140003337,0.28670065013448653,0.2687563270654467,0.22227151140003337
2612,0.22227151140003337,0.28670065013448653,0.2687563270654467,0.22227151140003337
2613,0.22227151140003337,0.28670065013448653,0.2687563270654467,0.22227151140003337
2614,0.24958380963190333,0.22459757429554866,0.24978141890645997,0.276037197166088
2615,0.24976552497064355,0.24357272518764644,0.2747775886151622,0.23188416122654784
2616,0.24671842605155303,0.28551653147963335,0.24494252031088815,0.22282252215792553
2617,0.24958380963190333,0.22459757429554866,0.24978141890645997,0.276037197166088
2618,0.258841675878463,0.2463168241130093,0.26698327244468323,0.22785822756384452
2619,0.24980174712701805,0.26557544099381936,0.2567232598233584,0.22789955205580417
2620,0.24958380963190333,0.22459757429554866,0.24978141890645997,0.276037197166088
2621,0.2496954367227103,0.2478443453489495,0.27470048157743304,0.22775973635090707
2622,0.2496954367227103,0.2478443453489495,0.27470048157743304,0.22775973635090707
2623,0.24958380963190333,0.22459757429554866,0.24978141890645997,0.276037197166088
2624,0.23133784794858225,0.26683651310152184,0.27435355032843534,0.22747208862146057
2625,0.2496954367227103,0.2478443453489495,0.27470048157743304,0.22775973635090707
2626,0.258841675878463,0.2463168241130093,0.26698327244468323,0.22785822756384452
2627,0.2292504711286587,0.2714005244888186,0.2741551378540549,0.22519386652846785
2628,0.2756358381517024,0.22254053817697775,0.2264994253397732,0.27532419833154664
2629,0.24671842605155303,0.28551653147963335,0.24494252031088815,0.22282252215792553
2630,0.24958380963190333,0.22459757429554866,0.24978141890645997,0.276037197166088
2631,0.22227151140003337,0.28670065013448653,0.2687563270654467,0.22227151140003337
2632,0.24823410045200106,0.28389801300795603,0.2449963740274313,0.22287151251261153
2633,0.22227151140003337,0.28670065013448653,0.2687563270654467,0.22227151140003337
2634,0.2496954367227103,0.2478443453489495,0.27470048157743304,0.22775973635090707
2635,0.22681571995332445,0.2767465803792093,0.2738842887563536,0.22255341091111264
2636,0.25850361612021977,0.22302150323001926,0.24255563874215877,0.27591924190760214
2637,0.24976552497064355,0.24357272518764644,0.2747775886151622,0.23188416122654784
2638,0.24964839435044703,0.22465569333437121,0.25263047797959803,0.2730654343355838
2639,0.24958380963190333,0.22459757429554866,0.24978141890645997,0.276037197166088
2640,0.27649198822892346,0.24191539794815328,0.2497578047676401,0.23183480905528323
2641,0.24012407192037208,0.28547918522123267,0.25160336642960446,0.22279337642879077
2642,0.24958380963190333,0.22459757429554866,0.24978141890645997,0.276037197166088
2643,0.24958380963190333,0.22459757429554866,0.24978141890645997,0.276037197166088
2644,0.2496954367227103,0.2478443453489495,0.27470048157743304,0.22775973635090707
2645,0.22227151140003337,0.28670065013448653,0.2687563270654467,0.22227151140003337
2646,0.22227151140003337,0.28670065013448653,0.2687563270654467,0.22227151140003337
2647,0.22227151140003337,0.28670065013448653,0.2687563270654467,0.22227151140003337
2648,0.22227151140003337,0.28670065013448653,0.2687563270654467,0.22227151140003337
2649,0.24958380963190333,0.22459757429554866,0.24978141890645997,0.276037197166088
2650,0.27591644091312084,0.2227670888677687,0.23217190276671734,0.2691445674523932
2651,0.24671842605155303,0.28551653147963335,0.24494252031088815,0.22282252215792553
2652,0.22227151140003337,0.28670065013448653,0.2687563270654467,0.22227151140003337
2653,0.22367094972152926,0.2851186955091336,0.2688562244798326,0.22235413028950457
2654,0.2587345517722791,0.22322074073796855,0.25215348583755015,0.26589122165220214
2655,0.2496954367227103,0.2478443453489495,0.27470048157743304,0.22775973635090707
2656,0.24976552497064355,0.24357272518764644,0.2747775886151622,0.23188416122654784
2657,0.24958380963190333,0.22459757429554866,0.24978141890645997,0.276037197166088
2658,0.2756358381517024,0.22254053817697775,0.2264994253397732,0.27532419833154664
2659,0.22227151140003337,0.28670065013448653,0.2687563270654467,0.22227151140003337
2660,0.24964839435044703,0.22465569333437121,0.25263047797959803,0.2730654343355838
2661,0.2764223240926711,0.2461650096075887,0.24969487650034067,0.22771778979939955
2662,0.24976552497064355,0.24357272518764644,0.2747775886151622,0.23188416122654784
2663,0.2292504711286587,0.2714005244888186,0.2741551378540549,0.22519386652846785
2664,0.22227151140003337,0.28670065013448653,0.2687563270654467,0.22227151140003337
2665,0.22227151140003337,0.28670065013448653,0.2687563270654467,0.22227151140003337
2666,0.2496954367227103,0.2478443453489495,0.27470048157743304,0.22775973635090707
2667,0.2765487086363895,0.23569615097861057,0.24692313077228814,0.24083200961271184
2668,0.24958380963190333,0.22459757429554866,0.24978141890645997,0.276037197166088
2669,0.24671842605155303,0.28551653147963335,0.24494252031088815,0.22282252215792553
2670,0.22227151140003337,0.28670065013448653,0.2687563270654467,0.22227151140003337
2671,0.24958380963190333,0.22459757429554866,0.24978141890645997,0.276037197166088
2672,0.2756358381517024,0.22254053817697775,0.2264994253397732,0.27532419833154664
2673,0.2381928573629116,0.2854486199762488,0.25358899992956463,0.22276952273127495
2674,0.24958380963190333,0.22459757429554866,0.24978141890645997,0.276037197166088
2675,0.2496954367227103,0.2478443453489495,0.27470048157743304,0.22775973635090707
2676,0.24958380963190333,0.22459757429554866,0.24978141890645997,0.276037197166088
2677,0.24958380963190333,0.22459757429554866,0.24978141890645997,0.276037197166088
2678,0.2764223240926711,0.2461650096075887,0.24969487650034067,0.22771778979939955
2679,0.2496954367227103,0.2478443453489495,0.27470048157743304,0.22775973635090707
2680,0.24958380963190333,0.22459757429554866,0.24978141890645997,0.276037197166088
2681,0.24976552497064355,0.24357272518764644,0.2747775886151622,0.23188416122654784
2682,0.2496954367227103,0.2478443453489495,0.27470048157743304,0.22775973635090707
2683,0.24671842605155303,0.28551653147963335,0.24494252031088815,0.22282252215792553
2684,0.2764223240926711,0.2461650096075887,0.24969487650034067,0.22771778979939955
2685,0.25662894851913526,0.2655761118425382,0.24989481190383026,0.22790012773449628
2686,0.22227151140003337,0.28670065013448653,0.2687563270654467,0.22227151140003337
2687,0.24991780735486605,0.23052533148517196,0.26600601904899385,0.2535508421109681
2688,0.2764223240926711,0.2461650096075887,0.24969487650034067,0.22771778979939955
2689,0.2764223240926711,0.2461650096075887,0.24969487650034067,0.22771778979939955
2690,0.22227151140003337,0.28670065013448653,0.2687563270654467,0.22227151140003337
2691,0.22227151140003337,0.28670065013448653,0.2687563270654467,0.22227151140003337
2692,0.22227151140003337,0.28670065013448653,0.2687563270654467,0.22227151140003337
2693,0.22384037587458464,0.2867872019292172,0.26703380945467803,0.22233861274152023
2694,0.22227151140003337,0.28670065013448653,0.2687563270654467,0.22227151140003337
2695,0.27649198822892346,0.24191539794815328,0.2497578047676401,0.23183480905528323
2696,0.22227151140003337,0.28670065013448653,0.2687563270654467,0.22227151140003337
2697,0.22681571995332445,0.2767465803792093,0.2738842887563536,0.22255341091111264
2698,0.22227151140003337,0.28670065013448653,0.2687563270654467,0.22227151140003337
2699,0.251267088896921,0.2245953318658973,0.24810313808481183,0.2760344411523699
2700,0.22227151140003337,0.28670065013448653,0.2687563270654467,0.22227151140003337
2701,0.22227151140003337,0.28670065013448653,0.2687563270654467,0.22227151140003337
2702,0.24292283574736154,0.25468507578998073,0.27466323445544255,0.22772885400721524
2703,0.24991780735486605,0.23052533148517196,0.26600601904899385,0.2535508421109681
2704,0.24958380963190333,0.22459757429554866,0.24978141890645997,0.276037197166088
2705,0.22227151140003337,0.28670065013448653,0.2687563270654467,0.22227151140003337
2706,0.22227151140003337,0.28670065013448653,0.2687563270654467,0.22227151140003337
2707,0.22227151140003337,0.28670065013448653,0.2687563270654467,0.22227151140003337
2708,0.2756358381517024,0.22254053817697775,0.2264994253397732,0.27532419833154664
2709,0.2496954367227103,0.2478443453489495,0.27470048157743304,0.22775973635090707
2710,0.22227151140003337,0.28670065013448653,0.2687563270654467,0.22227151140003337
2711,0.2756358381517024,0.22254053817697775,0.2264994253397732,0.27532419833154664
2712,0.2756358381517024,0.22254053817697775,0.2264994253397732,0.27532419833154664
2713,0.22680395398311315,0.2793681010290941,0.27128607894139994,0.22254186604639276
2714,0.24958380963190333,0.22459757429554866,0.24978141890645997,0.276037197166088
2715,0.27055697202169154,0.22273234434830128,0.2311491852506253,0.27556149837938193
2716,0.2686105331336013,0.22279506403807978,0.2329553084817064,0.27563909434661255
2717,0.24973808021879731,0.2247364006066489,0.25959378019870055,0.26593173897585326
2718,0.27310225409575006,0.24623653057826325,0.2528772642253028,0.2277839511006839
2719,0.22227151140003337,0.28670065013448653,0.2687563270654467,0.22227151140003337
2720,0.22227151140003337,0.28670065013448653,0.2687563270654467,0.22227151140003337
2721,0.25850361612021977,0.22302150323001926,0.24255563874215877,0.27591924190760214
2722,0.24989926473259494,0.23738924308673573,0.27174866328989533,0.24096282889077394
2723,0.24958380963190333,0.22459757429554866,0.24978141890645997,0.276037197166088
2724,0.27649198822892346,0.24191539794815328,0.2497578047676401,0.23183480905528323
2725,0.2756358381517024,0.22254053817697775,0.2264994253397732,0.27532419833154664
2726,0.24958380963190333,0.22459757429554866,0.24978141890645997,0.276037197166088
2727,0.22227151140003337,0.28670065013448653,0.2687563270654467,0.22227151140003337
2728,0.24958380963190333,0.22459757429554866,0.24978141890645997,0.276037197166088
2729,0.22227151140003337,0.28670065013448653,0.2687563270654467,0.22227151140003337
2730,0.22227151140003337,0.28670065013448653,0.2687563270654467,0.22227151140003337
2731,0.2496954367227103,0.2478443453489495,0.27470048157743304,0.22775973635090707
2732,0.24976552497064355,0.24357272518764644,0.2747775886151622,0.23188416122654784
2733,0.24958380963190333,0.22459757429554866,0.24978141890645997,0.276037197166088
2734,0.22227151140003337,0.28670065013448653,0.2687563270654467,0.22227151140003337
2735,0.22227151140003337,0.28670065013448653,0.2687563270654467,0.22227151140003337
2736,0.24958380963190333,0.22459757429554866,0.24978141890645997,0.276037197166088
2737,0.24368050777102804,0.2855120587271474,0.24798840196486135,0.2228190315369631
2738,0.25850361612021977,0.22302150323001926,0.24255563874215877,0.27591924190760214
2739,0.22227151140003337,0.28670065013448653,0.2687563270654467,0.22227151140003337
2740,0.2496954367227103,0.2478443453489495,0.27470048157743304,0.22775973635090707
2741,0.23133784794858225,0.26683651310152184,0.27435355032843534,0.22747208862146057
2742,0.22227151140003337,0.28670065013448653,0.2687563270654467,0.22227151140003337
2743,0.24958380963190333,0.22459757429554866,0.24978141890645997,0.276037197166088
2744,0.22681571995332445,0.2767465803792093,0.2738842887563536,0.22255341091111264
2745,0.2756358381517024,0.22254053817697775,0.2264994253397732,0.27532419833154664
2746,0.2756358381517024,0.22254053817697775,0.2264994253397732,0.27532419833154664
2747,0.22227151140003337,0.28670065013448653,0.2687563270654467,0.22227151140003337
2748,0.22227151140003337,0.28670065013448653,0.2687563270654467,0.22227151140003337
2749,0.25890694956898636,0.24206462926270614,0.2670505992514709,0.23197782191683675
2750,0.27649198822892346,0.24191539794815328,0.2497578047676401,0.23183480905528323
2751,0.2496954367227103,0.2478443453489495,0.27470048157743304,0.22775973635090707
2752,0.24958380963190333,0.22459757429554866,0.24978141890645997,0.276037197166088
2753,0.2764223240926711,0.2461650096075887,0.24969487650034067,0.22771778979939955
2754,0.2306621982024805,0.2852415355675873,0.2614883561030077,0.2226079101269245
2755,0.2496954367227103,0.2478443453489495,0.27470048157743304,0.22775973635090707
2756,0.2496954367227103,0.2478443453489495,0.27470048157743304,0.22775973635090707
2757,0.22227151140003337,0.28670065013448653,0.2687563270654467,0.22227151140003337
2758,0.22227151140003337,0.28670065013448653,0.2687563270654467,0.22227151140003337
2759,0.2496954367227103,0.2478443453489495,0.27470048157743304,0.22775973635090707
2760,0.251267088896921,0.2245953318658973,0.24810313808481183,0.2760344411523699
2761,0.2496954367227103,0.2478443453489495,0.27470048157743304,0.22775973635090707
2762,0.2756358381517024,0.22254053817697775,0.2264994253397732,0.27532419833154664
2763,0.27649198822892346,0.24191539794815328,0.2497578047676401,0.23183480905528323
2764,0.22680395398311315,0.2793681010290941,0.27128607894139994,0.22254186604639276
2765,0.2686105331336013,0.22279506403807978,0.2329553084817064,0.27563909434661255
2766,0.24958380963190333,0.22459757429554866,0.24978141890645997,0.276037197166088
2767,0.22680395398311315,0.2793681010290941,0.27128607894139994,0.22254186604639276
2768,0.22227151140003337,0.28670065013448653,0.2687563270654467,0.22227151140003337
2769,0.24958380963190333,0.22459757429554866,0.24978141890645997,0.276037197166088
2770,0.25424383883132545,0.27297867081129507,0.2496458158548476,0.22313167450253185
2771,0.2496954367227103,0.2478443453489495,0.27470048157743304,0.22775973635090707
2772,0.2756358381517024,0.22254053817697775,0.2264994253397732,0.27532419833154664
2773,0.24671842605155303,0.28551653147963335,0.24494252031088815,0.22282252215792553
2774,0.2496954367227103,0.2478443453489495,0.27470048157743304,0.22775973635090707
2775,0.24958380963190333,0.22459757429554866,0.24978141890645997,0.276037197166088
2776,0.24958380963190333,0.22459757429554866,0.24978141890645997,0.276037197166088
2777,0.24958380963190333,0.22459757429554866,0.24978141890645997,0.276037197166088
2778,0.24958380963190333,0.22459757429554866,0.24978141890645997,0.276037197166088
2779,0.22367094972152926,0.2851186955091336,0.2688562244798326,0.22235413028950457
2780,0.24958380963190333,0.22459757429554866,0.24978141890645997,0.276037197166088
2781,0.22227151140003337,0.28670065013448653,0.2687563270654467,0.22227151140003337
2782,0.24958380963190333,0.22459757429554866,0.24978141890645997,0.276037197166088
2783,0.2496954367227103,0.2478443453489495,0.27470048157743304,0.22775973635090707
2784,0.24958380963190333,0.22459757429554866,0.24978141890645997,0.276037197166088
2785,0.22227151140003337,0.28670065013448653,0.2687563270654467,0.22227151140003337
2786,0.22227151140003337,0.28670065013448653,0.2687563270654467,0.22227151140003337
2787,0.22227151140003337,0.28670065013448653,0.2687563270654467,0.22227151140003337
2788,0.2496954367227103,0.2478443453489495,0.27470048157743304,0.22775973635090707
2789,0.2672471031970974,0.2358649464441707,0.25588346719897415,0.24100448315975778
2790,0.2306621982024805,0.2852415355675873,0.2614883561030077,0.2226079101269245
2791,0.22227151140003337,0.28670065013448653,0.2687563270654467,0.22227151140003337
2792,0.22227151140003337,0.28670065013448653,0.2687563270654467,0.22227151140003337
2793,0.27055697202169154,0.22273234434830128,0.2311491852506253,0.27556149837938193
2794,0.2756358381517024,0.22254053817697775,0.2264994253397732,0.27532419833154664
2795,0.2756358381517024,0.22254053817697775,0.2264994253397732,0.27532419833154664
2796,0.25890694956898636,0.24206462926270614,0.2670505992514709,0.23197782191683675
2797,0.22227151140003337,0.28670065013448653,0.2687563270654467,0.22227151140003337
2798,0.24958380963190333,0.22459757429554866,0.24978141890645997,0.276037197166088
2799,0.22227151140003337,0.28670065013448653,0.2687563270654467,0.22227151140003337
2800,0.22227151140003337,0.28670065013448653,0.2687563270654467,0.22227151140003337
2801,0.22840169320237919,0.279448625928819,0.2695436694837609,0.22260601138504085
2802,0.24292283574736154,0.25468507578998073,0.27466323445544255,0.22772885400721524
2803,0.2306621982024805,0.2852415355675873,0.2614883561030077,0.2226079101269245
2804,0.24958380963190333,0.22459757429554866,0.24978141890645997,0.276037197166088
2805,0.22227151140003337,0.28670065013448653,0.2687563270654467,0.22227151140003337
2806,0.2496954367227103,0.2478443453489495,0.27470048157743304,0.22775973635090707
2807,0.22227151140003337,0.28670065013448653,0.2687563270654467,0.22227151140003337
2808,0.24958380963190333,0.22459757429554866,0.24978141890645997,0.276037197166088
2809,0.2765487086363895,0.23569615097861057,0.24692313077228814,0.24083200961271184
2810,0.24958380963190333,0.22459757429554866,0.24978141890645997,0.276037197166088
2811,0.258841675878463,0.2463168241130093,0.26698327244468323,0.22785822756384452
2812,0.24958380963190333,0.22459757429554866,0.24978141890645997,0.276037197166088
2813,0.24958380963190333,0.22459757429554866,0.24978141890645997,0.276037197166088
2814,0.22227151140003337,0.28670065013448653,0.2687563270654467,0.22227151140003337
2815,0.22227151140003337,0.28670065013448653,0.2687563270654467,0.22227151140003337
2816,0.2496954367227103,0.2478443453489495,0.27470048157743304,0.22775973635090707
2817,0.22227151140003337,0.28670065013448653,0.2687563270654467,0.22227151140003337
2818,0.24958380963190333,0.22459757429554866,0.24978141890645997,0.276037197166088
2819,0.22227151140003337,0.28670065013448653,0.2687563270654467,0.22227151140003337
2820,0.2496954367227103,0.2478443453489495,0.27470048157743304,0.22775973635090707
2821,0.2760473864467348,0.2228728105682476,0.23560302121672097,0.26547678176829653
2822,0.23707778393390375,0.2607430610461055,0.274546821419828,0.2276323336001627
2823,0.22227151140003337,0.28670065013448653,0.2687563270654467,0.22227151140003337
2824,0.22227151140003337,0.28670065013448653,0.2687563270654467,0.22227151140003337
2825,0.24671842605155303,0.28551653147963335,0.24494252031088815,0.22282252215792553
2826,0.22227151140003337,0.28670065013448653,0.2687563270654467,0.22227151140003337
2827,0.24958380963190333,0.22459757429554866,0.24978141890645997,0.276037197166088
2828,0.27055697202169154,0.22273234434830128,0.2311491852506253,0.27556149837938193
2829,0.24958380963190333,0.22459757429554866,0.24978141890645997,0.276037197166088
2830,0.22227151140003337,0.28670065013448653,0.2687563270654467,0.22227151140003337
2831,0.22227151140003337,0.28670065013448653,0.2687563270654467,0.22227151140003337
2832,0.24958380963190333,0.22459757429554866,0.24978141890645997,0.276037197166088
2833,0.23133784794858225,0.26683651310152184,0.27435355032843534,0.22747208862146057
2834,0.22227151140003337,0.28670065013448653,0.2687563270654467,0.22227151140003337
2835,0.22681571995332445,0.2767465803792093,0.2738842887563536,0.22255341091111264
2836,0.24958380963190333,0.22459757429554866,0.24978141890645997,0.276037197166088
2837,0.24958380963190333,0.22459757429554866,0.24978141890645997,0.276037197166088
2838,0.2496954367227103,0.2478443453489495,0.27470048157743304,0.22775973635090707
2839,0.22227151140003337,0.28670065013448653,0.2687563270654467,0.22227151140003337
2840,0.24958380963190333,0.22459757429554866,0.24978141890645997,0.276037197166088
2841,0.24958380963190333,0.22459757429554866,0.24978141890645997,0.276037197166088
2842,0.2764223240926711,0.2461650096075887,0.24969487650034067,0.22771778979939955
2843,0.24194968366543873,0.28549982092983456,0.24974101447714078,0.22280948092758585
2844,0.22912941785406846,0.2742043441954423,0.2740103731474893,0.22265586480299995
2845,0.24973808021879731,0.2247364006066489,0.25959378019870055,0.26593173897585326
2846,0.2764223240926711,0.2461650096075887,0.24969487650034067,0.22771778979939955
2847,0.25534215600570476,0.23057730225554712,0.26047253787245844,0.25360800386628973
2848,0.24958380963190333,0.22459757429554866,0.24978141890645997,0.276037197166088
2849,0.24671842605155303,0.28551653147963335,0.24494252031088815,0.22282252215792553
2850,0.24958380963190333,0.22459757429554866,0.24978141890645997,0.276037197166088
2851,0.22227151140003337,0.28670065013448653,0.2687563270654467,0.22227151140003337
2852,0.22227151140003337,0.28670065013448653,0.2687563270654467,0.22227151140003337
2853,0.2496954367227103,0.2478443453489495,0.27470048157743304,0.22775973635090707
2854,0.22227151140003337,0.28670065013448653,0.2687563270654467,0.22227151140003337
2855,0.22227151140003337,0.28670065013448653,0.2687563270654467,0.22227151140003337
2856,0.22227151140003337,0.28670065013448653,0.2687563270654467,0.22227151140003337
2857,0.22227151140003337,0.28670065013448653,0.2687563270654467,0.22227151140003337
2858,0.22227151140003337,0.28670065013448653,0.2687563270654467,0.22227151140003337
2859,0.24958380963190333,0.22459757429554866,0.24978141890645997,0.276037197166088
2860,0.22227151140003337,0.28670065013448653,0.2687563270654467,0.22227151140003337
2861,0.2756358381517024,0.22254053817697775,0.2264994253397732,0.27532419833154664
2862,0.22227151140003337,0.28670065013448653,0.2687563270654467,0.22227151140003337
2863,0.22227151140003337,0.28670065013448653,0.2687563270654467,0.22227151140003337
2864,0.2496954367227103,0.2478443453489495,0.27470048157743304,0.22775973635090707
2865,0.22227151140003337,0.28670065013448653,0.2687563270654467,0.22227151140003337
2866,0.27649198822892346,0.24191539794815328,0.2497578047676401,0.23183480905528323
2867,0.24958380963190333,0.22459757429554866,0.24978141890645997,0.276037197166088
2868,0.2496954367227103,0.2478443453489495,0.27470048157743304,0.22775973635090707
2869,0.2764223240926711,0.2461650096075887,0.24969487650034067,0.22771778979939955
2870,0.2649951533371467,0.2572010744864829,0.24989943147019641,0.22790434070617388
2871,0.24958380963190333,0.22459757429554866,0.24978141890645997,0.276037197166088
2872,0.2764223240926711,0.2461650096075887,0.24969487650034067,0.22771778979939955
2873,0.2756358381517024,0.22254053817697775,0.2264994253397732,0.27532419833154664
2874,0.2764223240926711,0.2461650096075887,0.24969487650034067,0.22771778979939955
2875,0.22227151140003337,0.28670065013448653,0.2687563270654467,0.22227151140003337
2876,0.22912941785406846,0.2742043441954423,0.2740103731474893,0.22265586480299995
2877,0.2516212189779256,0.23742135788534302,0.26996199600089343,0.24099542713583783
2878,0.24671842605155303,0.28551653147963335,0.24494252031088815,0.22282252215792553
2879,0.24958380963190333,0.22459757429554866,0.24978141890645997,0.276037197166088
2880,0.24958380963190333,0.22459757429554866,0.24978141890645997,0.276037197166088
2881,0.24958380963190333,0.22459757429554866,0.24978141890645997,0.276037197166088
2882,0.24292283574736154,0.25468507578998073,0.27466323445544255,0.22772885400721524
2883,0.2496954367227103,0.2478443453489495,0.27470048157743304,0.22775973635090707
2884,0.22227151140003337,0.28670065013448653,0.2687563270654467,0.22227151140003337
2885,0.24958380963190333,0.22459757429554866,0.24978141890645997,0.276037197166088
2886,0.27310225409575006,0.24623653057826325,0.2528772642253028,0.2277839511006839
2887,0.2496954367227103,0.2478443453489495,0.27470048157743304,0.22775973635090707
2888,0.22227151140003337,0.28670065013448653,0.2687563270654467,0.22227151140003337
2889,0.2756358381517024,0.22254053817697775,0.2264994253397732,0.27532419833154664
2890,0.2765487086363895,0.23569615097861057,0.24692313077228814,0.24083200961271184
2891,0.22227151140003337,0.28670065013448653,0.2687563270654467,0.22227151140003337
2892,0.2756358381517024,0.22254053817697775,0.2264994253397732,0.27532419833154664
2893,0.22681571995332445,0.2767465803792093,0.2738842887563536,0.22255341091111264
2894,0.22227151140003337,0.28670065013448653,0.2687563270654467,0.22227151140003337
2895,0.22227151140003337,0.28670065013448653,0.2687563270654467,0.22227151140003337
2896,0.2496954367227103,0.2478443453489495,0.27470048157743304,0.22775973635090707
2897,0.2496954367227103,0.2478443453489495,0.27470048157743304,0.22775973635090707
2898,0.22227151140003337,0.28670065013448653,0.2687563270654467,0.22227151140003337
2899,0.24958380963190333,0.22459757429554866,0.24978141890645997,0.276037197166088
2900,0.22227151140003337,0.28670065013448653,0.2687563270654467,0.22227151140003337
2901,0.2496954367227103,0.2478443453489495,0.27470048157743304,0.22775973635090707
2902,0.2496954367227103,0.2478443453489495,0.27470048157743304,0.22775973635090707
2903,0.22227151140003337,0.28670065013448653,0.2687563270654467,0.22227151140003337
2904,0.2496954367227103,0.2478443453489495,0.27470048157743304,0.22775973635090707
2905,0.27240127288181515,0.22266736720773445,0.22945025038643385,0.2754811095240166
2906,0.22227151140003337,0.28670065013448653,0.2687563270654467,0.22227151140003337
2907,0.24958380963190333,0.22459757429554866,0.24978141890645997,0.276037197166088
2908,0.24972282926461628,0.2247226764499426,0.2576696548611619,0.2678848394242792
2909,0.24958380963190333,0.22459757429554866,0.24978141890645997,0.276037197166088
2910,0.2306621982024805,0.2852415355675873,0.2614883561030077,0.2226079101269245
2911,0.22227151140003337,0.28670065013448653,0.2687563270654467,0.22227151140003337
2912,0.27577657016555096,0.22265416120332512,0.2291405938810971,0.2724286747500267
2913,0.2496954367227103,0.2478443453489495,0.27470048157743304,0.22775973635090707
2914,0.2756358381517024,0.22254053817697775,0.2264994253397732,0.27532419833154664
2915,0.24976552497064355,0.24357272518764644,0.2747775886151622,0.23188416122654784
2916,0.24958380963190333,0.22459757429554866,0.24978141890645997,0.276037197166088
2917,0.22227151140003337,0.28670065013448653,0.2687563270654467,0.22227151140003337
2918,0.22227151140003337,0.28670065013448653,0.2687563270654467,0.22227151140003337
2919,0.24958380963190333,0.22459757429554866,0.24978141890645997,0.276037197166088
2920,0.22227151140003337,0.28670065013448653,0.2687563270654467,0.22227151140003337
2921,0.24989926473259494,0.23738924308673573,0.27174866328989533,0.24096282889077394
2922,0.22681571995332445,0.2767465803792093,0.2738842887563536,0.22255341091111264
2923,0.24958380963190333,0.22459757429554866,0.24978141890645997,0.276037197166088
2924,0.22227151140003337,0.28670065013448653,0.2687563270654467,0.22227151140003337
2925,0.24671842605155303,0.28551653147963335,0.24494252031088815,0.22282252215792553
2926,0.2764223240926711,0.2461650096075887,0.24969487650034067,0.22771778979939955
2927,0.23133784794858225,0.26683651310152184,0.27435355032843534,0.22747208862146057
2928,0.22227151140003337,0.28670065013448653,0.2687563270654467,0.22227151140003337
2929,0.24958380963190333,0.22459757429554866,0.24978141890645997,0.276037197166088
2930,0.25850361612021977,0.22302150323001926,0.24255563874215877,0.27591924190760214
2931,0.23133784794858225,0.26683651310152184,0.27435355032843534,0.22747208862146057
2932,0.24671842605155303,0.28551653147963335,0.24494252031088815,0.22282252215792553
2933,0.27310225409575006,0.24623653057826325,0.2528772642253028,0.2277839511006839
2934,0.27649198822892346,0.24191539794815328,0.2497578047676401,0.23183480905528323
2935,0.2686105331336013,0.22279506403807978,0.2329553084817064,0.27563909434661255
2936,0.22227151140003337,0.28670065013448653,0.2687563270654467,0.22227151140003337
2937,0.22227151140003337,0.28670065013448653,0.2687563270654467,0.22227151140003337
2938,0.24958380963190333,0.22459757429554866,0.24978141890645997,0.276037197166088
2939,0.24671842605155303,0.28551653147963335,0.24494252031088815,0.22282252215792553
2940,0.24958380963190333,0.22459757429554866,0.24978141890645997,0.276037197166088
2941,0.2761068153594292,0.22292079178253005,0.23747585771932528,0.2634965351387154
2942,0.24958380963190333,0.22459757429554866,0.24978141890645997,0.276037197166088
2943,0.2686105331336013,0.22279506403807978,0.2329553084817064,0.27563909434661255
2944,0.22227151140003337,0.28670065013448653,0.2687563270654467,0.22227151140003337
2945,0.24991780735486605,0.23052533148517196,0.26600601904899385,0.2535508421109681
2946,0.22384037587458464,0.2867872019292172,0.26703380945467803,0.22233861274152023
2947,0.258841675878463,0.2463168241130093,0.26698327244468323,0.22785822756384452
2948,0.26913145853958803,0.25315378064233524,0.24985287702854642,0.22786188378953035
2949,0.24671842605155303,0.28551653147963335,0.24494252031088815,0.22282252215792553
2950,0.24671842605155303,0.28551653147963335,0.24494252031088815,0.22282252215792553
2951,0.24958380963190333,0.22459757429554866,0.24978141890645997,0.276037197166088
2952,0.22227151140003337,0.28670065013448653,0.2687563270654467,0.22227151140003337
2953,0.24958380963190333,0.22459757429554866,0.24978141890645997,0.276037197166088
2954,0.2496954367227103,0.2478443453489495,0.27470048157743304,0.22775973635090707
2955,0.25850361612021977,0.22302150323001926,0.24255563874215877,0.27591924190760214
2956,0.24976552497064355,0.24357272518764644,0.2747775886151622,0.23188416122654784
2957,0.2496954367227103,0.2478443453489495,0.27470048157743304,0.22775973635090707
2958,0.24958380963190333,0.22459757429554866,0.24978141890645997,0.276037197166088
2959,0.2756358381517024,0.22254053817697775,0.2264994253397732,0.27532419833154664
2960,0.22227151140003337,0.28670065013448653,0.2687563270654467,0.22227151140003337
2961,0.22227151140003337,0.28670065013448653,0.2687563270654467,0.22227151140003337
2962,0.24958380963190333,0.22459757429554866,0.24978141890645997,0.276037197166088
2963,0.22227151140003337,0.28670065013448653,0.2687563270654467,0.22227151140003337
2964,0.24292283574736154,0.25468507578998073,0.27466323445544255,0.22772885400721524
2965,0.22227151140003337,0.28670065013448653,0.2687563270654467,0.22227151140003337
2966,0.24976552497064355,0.24357272518764644,0.2747775886151622,0.23188416122654784
2967,0.22227151140003337,0.28670065013448653,0.2687563270654467,0.22227151140003337
2968,0.2496954367227103,0.2478443453489495,0.27470048157743304,0.22775973635090707
2969,0.24958380963190333,0.22459757429554866,0.24978141890645997,0.276037197166088
2970,0.22227151140003337,0.28670065013448653,0.2687563270654467,0.22227151140003337
2971,0.24958380963190333,0.22459757429554866,0.24978141890645997,0.276037197166088
2972,0.24989926473259494,0.23738924308673573,0.27174866328989533,0.24096282889077394
2973,0.2764223240926711,0.2461650096075887,0.24969487650034067,0.22771778979939955
2974,0.24958380963190333,0.22459757429554866,0.24978141890645997,0.276037197166088
2975,0.22227151140003337,0.28670065013448653,0.2687563270654467,0.22227151140003337
2976,0.2390860761497665,0.25864514694776974,0.2745958186805001,0.22767295822196357
2977,0.24976552497064355,0.24357272518764644,0.2747775886151622,0.23188416122654784
2978,0.24989926473259494,0.23738924308673573,0.27174866328989533,0.24096282889077394
2979,0.2496954367227103,0.2478443453489495,0.27470048157743304,0.22775973635090707
2980,0.24973808021879731,0.2247364006066489,0.25959378019870055,0.26593173897585326
2981,0.24958380963190333,0.22459757429554866,0.24978141890645997,0.276037197166088
2982,0.24958380963190333,0.22459757429554866,0.24978141890645997,0.276037197166088
2983,0.22227151140003337,0.28670065013448653,0.2687563270654467,0.22227151140003337
2984,0.24958380963190333,0.22459757429554866,0.24978141890645997,0.276037197166088
2985,0.22227151140003337,0.28670065013448653,0.2687563270654467,0.22227151140003337
2986,0.27055697202169154,0.22273234434830128,0.2311491852506253,0.27556149837938193
2987,0.2496954367227103,0.2478443453489495,0.27470048157743304,0.22775973635090707
2988,0.22227151140003337,0.28670065013448653,0.2687563270654467,0.22227151140003337
2989,0.24958380963190333,0.22459757429554866,0.24978141890645997,0.276037197166088
2990,0.24958380963190333,0.22459757429554866,0.24978141890645997,0.276037197166088
2991,0.24958380963190333,0.22459757429554866,0.24978141890645997,0.276037197166088
2992,0.2764223240926711,0.2461650096075887,0.24969487650034067,0.22771778979939955
2993,0.2760473864467348,0.2228728105682476,0.23560302121672097,0.26547678176829653
2994,0.24671842605155303,0.28551653147963335,0.24494252031088815,0.22282252215792553
2995,0.2756358381517024,0.22254053817697775,0.2264994253397732,0.27532419833154664
2996,0.24976552497064355,0.24357272518764644,0.2747775886151622,0.23188416122654784
2997,0.24827786095572504,0.25482716862400806,0.2690390628817235,0.22785590753854337
2998,0.24671842605155303,0.28551653147963335,0.24494252031088815,0.22282252215792553
2999,0.22227151140003337,0.28670065013448653,0.2687563270654467,0.22227151140003337
3000,0.24958380963190333,0.22459757429554866,0.24978141890645997,0.276037197166088
3001,0.24958380963190333,0.22459757429554866,0.24978141890645997,0.276037197166088
3002,0.2756358381517024,0.22254053817697775,0.2264994253397732,0.27532419833154664
3003,0.23133784794858225,0.26683651310152184,0.27435355032843534,0.22747208862146057
3004,0.22227151140003337,0.28670065013448653,0.2687563270654467,0.22227151140003337
3005,0.24958380963190333,0.22459757429554866,0.24978141890645997,0.276037197166088
3006,0.24958380963190333,0.22459757429554866,0.24978141890645997,0.276037197166088
3007,0.27649198822892346,0.24191539794815328,0.2497578047676401,0.23183480905528323
3008,0.22227151140003337,0.28670065013448653,0.2687563270654467,0.22227151140003337
3009,0.2496954367227103,0.2478443453489495,0.27470048157743304,0.22775973635090707
3010,0.22227151140003337,0.28670065013448653,0.2687563270654467,0.22227151140003337
3011,0.2551628273252194,0.24794673527046868,0.2690366085232833,0.22785382888102865
3012,0.24958380963190333,0.22459757429554866,0.24978141890645997,0.276037197166088
3013,0.2496954367227103,0.2478443453489495,0.27470048157743304,0.22775973635090707
3014,0.22912941785406846,0.2742043441954423,0.2740103731474893,0.22265586480299995
3015,0.2496954367227103,0.2478443453489495,0.27470048157743304,0.22775973635090707
3016,0.22227151140003337,0.28670065013448653,0.2687563270654467,0.22227151140003337
3017,0.22227151140003337,0.28670065013448653,0.2687563270654467,0.22227151140003337
3018,0.24671842605155303,0.28551653147963335,0.24494252031088815,0.22282252215792553
3019,0.24958380963190333,0.22459757429554866,0.24978141890645997,0.276037197166088
3020,0.2496954367227103,0.2478443453489495,0.27470048157743304,0.22775973635090707
3021,0.22227151140003337,0.28670065013448653,0.2687563270654467,0.22227151140003337
3022,0.258841675878463,0.2463168241130093,0.26698327244468323,0.22785822756384452
3023,0.24958380963190333,0.22459757429554866,0.24978141890645997,0.276037197166088
3024,0.2496954367227103,0.2478443453489495,0.27470048157743304,0.22775973635090707
3025,0.2649762004114643,0.24632831788390322,0.26082662169506143,0.22786886000957104
3026,0.22227151140003337,0.28670065013448653,0.2687563270654467,0.22227151140003337
3027,0.22227151140003337,0.28670065013448653,0.2687563270654467,0.22227151140003337
3028,0.22227151140003337,0.28670065013448653,0.2687563270654467,0.22227151140003337
3029,0.24958380963190333,0.22459757429554866,0.24978141890645997,0.276037197166088
3030,0.22227151140003337,0.28670065013448653,0.2687563270654467,0.22227151140003337
3031,0.23707778393390375,0.2607430610461055,0.274546821419828,0.2276323336001627
3032,0.2764223240926711,0.2461650096075887,0.24969487650034067,0.22771778979939955
3033,0.22227151140003337,0.28670065013448653,0.2687563270654467,0.22227151140003337
3034,0.2496954367227103,0.2478443453489495,0.27470048157743304,0.22775973635090707
3035,0.24958380963190333,0.22459757429554866,0.24978141890645997,0.276037197166088
3036,0.24958380963190333,0.22459757429554866,0.24978141890645997,0.276037197166088
3037,0.2764223240926711,0.2461650096075887,0.24969487650034067,0.22771778979939955
3038,0.22227151140003337,0.28670065013448653,0.2687563270654467,0.22227151140003337
3039,0.2496954367227103,0.2478443453489495,0.27470048157743304,0.22775973635090707
3040,0.24958380963190333,0.22459757429554866,0.24978141890645997,0.276037197166088
3041,0.22227151140003337,0.28670065013448653,0.2687563270654467,0.22227151140003337
3042,0.24972282926461628,0.2247226764499426,0.2576696548611619,0.2678848394242792
3043,0.2496954367227103,0.2478443453489495,0.27470048157743304,0.22775973635090707
3044,0.2764223240926711,0.2461650096075887,0.24969487650034067,0.22771778979939955
3045,0.22227151140003337,0.28670065013448653,0.2687563270654467,0.22227151140003337
3046,0.2496954367227103,0.2478443453489495,0.27470048157743304,0.22775973635090707
3047,0.2496954367227103,0.2478443453489495,0.27470048157743304,0.22775973635090707
3048,0.2381928573629116,0.2854486199762488,0.25358899992956463,0.22276952273127495
3049,0.24194968366543873,0.28549982092983456,0.24974101447714078,0.22280948092758585
3050,0.2306621982024805,0.2852415355675873,0.2614883561030077,0.2226079101269245
3051,0.27649198822892346,0.24191539794815328,0.2497578047676401,0.23183480905528323
3052,0.22227151140003337,0.28670065013448653,0.2687563270654467,0.22227151140003337
3053,0.22227151140003337,0.28670065013448653,0.2687563270654467,0.22227151140003337
3054,0.22227151140003337,0.28670065013448653,0.2687563270654467,0.22227151140003337
3055,0.24671842605155303,0.28551653147963335,0.24494252031088815,0.22282252215792553
3056,0.22227151140003337,0.28670065013448653,0.2687563270654467,0.22227151140003337
3057,0.24958380963190333,0.22459757429554866,0.24978141890645997,0.276037197166088
3058,0.24989926473259494,0.23738924308673573,0.27174866328989533,0.24096282889077394
3059,0.22227151140003337,0.28670065013448653,0.2687563270654467,0.22227151140003337
3060,0.2759827874654471,0.22282065518759078,0.2338162697601553,0.2673802875868069
3061,0.22227151140003337,0.28670065013448653,0.2687563270654467,0.22227151140003337
3062,0.27649198822892346,0.24191539794815328,0.2497578047676401,0.23183480905528323
3063,0.22227151140003337,0.28670065013448653,0.2687563270654467,0.22227151140003337
3064,0.27649198822892346,0.24191539794815328,0.2497578047676401,0.23183480905528323
3065,0.24958380963190333,0.22459757429554866,0.24978141890645997,0.276037197166088
3066,0.24671842605155303,0.28551653147963335,0.24494252031088815,0.22282252215792553
3067,0.22227151140003337,0.28670065013448653,0.2687563270654467,0.22227151140003337
3068,0.24958380963190333,0.22459757429554866,0.24978141890645997,0.276037197166088
3069,0.22227151140003337,0.28670065013448653,0.2687563270654467,0.22227151140003337
3070,0.24958380963190333,0.22459757429554866,0.24978141890645997,0.276037197166088
3071,0.2496954367227103,0.2478443453489495,0.27470048157743304,0.22775973635090707
3072,0.2300928033381623,0.27952674228719854,0.26771221627116304,0.22266823810347605
3073,0.2756358381517024,0.22254053817697775,0.2264994253397732,0.27532419833154664
3074,0.2496954367227103,0.2478443453489495,0.27470048157743304,0.22775973635090707
3075,0.24958380963190333,0.22459757429554866,0.24978141890645997,0.276037197166088
3076,0.22227151140003337,0.28670065013448653,0.2687563270654467,0.22227151140003337
3077,0.2496954367227103,0.2478443453489495,0.27470048157743304,0.22775973635090707
3078,0.22367094972152926,0.2851186955091336,0.2688562244798326,0.22235413028950457
3079,0.22227151140003337,0.28670065013448653,0.2687563270654467,0.22227151140003337
3080,0.24958380963190333,0.22459757429554866,0.24978141890645997,0.276037197166088
3081,0.24823410045200106,0.28389801300795603,0.2449963740274313,0.22287151251261153
3082,0.2496954367227103,0.2478443453489495,0.27470048157743304,0.22775973635090707
3083,0.2756358381517024,0.22254053817697775,0.2264994253397732,0.27532419833154664
3084,0.23707778393390375,0.2607430610461055,0.274546821419828,0.2276323336001627
3085,0.2756358381517024,0.22254053817697775,0.2264994253397732,0.27532419833154664
3086,0.24958380963190333,0.22459757429554866,0.24978141890645997,0.276037197166088
3087,0.2551628273252194,0.24794673527046868,0.2690366085232833,0.22785382888102865
3088,0.24958380963190333,0.22459757429554866,0.24978141890645997,0.276037197166088
3089,0.2306621982024805,0.2852415355675873,0.2614883561030077,0.2226079101269245
3090,0.22227151140003337,0.28670065013448653,0.2687563270654467,0.22227151140003337
3091,0.2764223240926711,0.2461650096075887,0.24969487650034067,0.22771778979939955
3092,0.22227151140003337,0.28670065013448653,0.2687563270654467,0.22227151140003337
3093,0.22227151140003337,0.28670065013448653,0.2687563270654467,0.22227151140003337
3094,0.24958380963190333,0.22459757429554866,0.24978141890645997,0.276037197166088
3095,0.24958380963190333,0.22459757429554866,0.24978141890645997,0.276037197166088
3096,0.23999882224517097,0.26539891328564735,0.26685419699895246,0.22774806747022922
3097,0.2496954367227103,0.2478443453489495,0.27470048157743304,0.22775973635090707
3098,0.24958380963190333,0.22459757429554866,0.24978141890645997,0.276037197166088
3099,0.24958380963190333,0.22459757429554866,0.24978141890645997,0.276037197166088
3100,0.22227151140003337,0.28670065013448653,0.2687563270654467,0.22227151140003337
3101,0.24958380963190333,0.22459757429554866,0.24978141890645997,0.276037197166088
3102,0.23133784794858225,0.26683651310152184,0.27435355032843534,0.22747208862146057
3103,0.2756358381517024,0.22254053817697775,0.2264994253397732,0.27532419833154664
3104,0.27649198822892346,0.24191539794815328,0.2497578047676401,0.23183480905528323
3105,0.24958380963190333,0.22459757429554866,0.24978141890645997,0.276037197166088
3106,0.2496954367227103,0.2478443453489495,0.27470048157743304,0.22775973635090707
3107,0.27649198822892346,0.24191539794815328,0.2497578047676401,0.23183480905528323
3108,0.2496954367227103,0.2478443453489495,0.27470048157743304,0.22775973635090707
3109,0.27649198822892346,0.24191539794815328,0.2497578047676401,0.23183480905528323
3110,0.24958380963190333,0.22459757429554866,0.24978141890645997,0.276037197166088
3111,0.22227151140003337,0.28670065013448653,0.2687563270654467,0.22227151140003337
3112,0.2764223240926711,0.2461650096075887,0.24969487650034067,0.22771778979939955
3113,0.2496954367227103,0.2478443453489495,0.27470048157743304,0.22775973635090707
3114,0.22227151140003337,0.28670065013448653,0.2687563270654467,0.22227151140003337
3115,0.22227151140003337,0.28670065013448653,0.2687563270654467,0.22227151140003337
3116,0.22227151140003337,0.28670065013448653,0.2687563270654467,0.22227151140003337
3117,0.22227151140003337,0.28670065013448653,0.2687563270654467,0.22227151140003337
3118,0.22227151140003337,0.28670065013448653,0.2687563270654467,0.22227151140003337
3119,0.22227151140003337,0.28670065013448653,0.2687563270654467,0.22227151140003337
3120,0.22227151140003337,0.28670065013448653,0.2687563270654467,0.22227151140003337
3121,0.27240127288181515,0.22266736720773445,0.22945025038643385,0.2754811095240166
3122,0.24958380963190333,0.22459757429554866,0.24978141890645997,0.276037197166088
3123,0.22681571995332445,0.2767465803792093,0.2738842887563536,0.22255341091111264
3124,0.24958380963190333,0.22459757429554866,0.24978141890645997,0.276037197166088
3125,0.22227151140003337,0.28670065013448653,0.2687563270654467,0.22227151140003337
3126,0.22227151140003337,0.28670065013448653,0.2687563270654467,0.22227151140003337
3127,0.24958380963190333,0.22459757429554866,0.24978141890645997,0.276037197166088
3128,0.22227151140003337,0.28670065013448653,0.2687563270654467,0.22227151140003337
3129,0.2756358381517024,0.22254053817697775,0.2264994253397732,0.27532419833154664
3130,0.22227151140003337,0.28670065013448653,0.2687563270654467,0.22227151140003337
3131,0.2764223240926711,0.2461650096075887,0.24969487650034067,0.22771778979939955
3132,0.22227151140003337,0.28670065013448653,0.2687563270654467,0.22227151140003337
3133,0.2765487086363895,0.23569615097861057,0.24692313077228814,0.24083200961271184
3134,0.24976552497064355,0.24357272518764644,0.2747775886151622,0.23188416122654784
3135,0.25897629437792313,0.22901974654896984,0.2584373670732894,0.2535665919998177
3136,0.2292504711286587,0.2714005244888186,0.2741551378540549,0.22519386652846785
3137,0.22227151140003337,0.28670065013448653,0.2687563270654467,0.22227151140003337
3138,0.22367094972152926,0.2851186955091336,0.2688562244798326,0.22235413028950457
3139,0.24958380963190333,0.22459757429554866,0.24978141890645997,0.276037197166088
3140,0.2496954367227103,0.2478443453489495,0.27470048157743304,0.22775973635090707
3141,0.22680395398311315,0.2793681010290941,0.27128607894139994,0.22254186604639276
3142,0.24671842605155303,0.28551653147963335,0.24494252031088815,0.22282252215792553
3143,0.22227151140003337,0.28670065013448653,0.2687563270654467,0.22227151140003337
3144,0.22227151140003337,0.28670065013448653,0.2687563270654467,0.22227151140003337
3145,0.27649198822892346,0.24191539794815328,0.2497578047676401,0.23183480905528323
3146,0.2496954367227103,0.2478443453489495,0.27470048157743304,0.22775973635090707
3147,0.24671842605155303,0.28551653147963335,0.24494252031088815,0.22282252215792553
3148,0.2756358381517024,0.22254053817697775,0.2264994253397732,0.27532419833154664
3149,0.22227151140003337,0.28670065013448653,0.2687563270654467,0.22227151140003337
3150,0.24958380963190333,0.22459757429554866,0.24978141890645997,0.276037197166088
3151,0.24958380963190333,0.22459757429554866,0.24978141890645997,0.276037197166088
3152,0.22227151140003337,0.28670065013448653,0.2687563270654467,0.22227151140003337
3153,0.22227151140003337,0.28670065013448653,0.2687563270654467,0.22227151140003337
3154,0.24671842605155303,0.28551653147963335,0.24494252031088815,0.22282252215792553
3155,0.22227151140003337,0.28670065013448653,0.2687563270654467,0.22227151140003337
3156,0.22227151140003337,0.28670065013448653,0.2687563270654467,0.22227151140003337
3157,0.27055697202169154,0.22273234434830128,0.2311491852506253,0.27556149837938193
3158,0.22227151140003337,0.28670065013448653,0.2687563270654467,0.22227151140003337
3159,0.22227151140003337,0.28670065013448653,0.2687563270654467,0.22227151140003337
3160,0.2496954367227103,0.2478443453489495,0.27470048157743304,0.22775973635090707
3161,0.2496954367227103,0.2478443453489495,0.27470048157743304,0.22775973635090707
3162,0.2496954367227103,0.2478443453489495,0.27470048157743304,0.22775973635090707
3163,0.24958380963190333,0.22459757429554866,0.24978141890645997,0.276037197166088
3164,0.2756358381517024,0.22254053817697775,0.2264994253397732,0.27532419833154664
3165,0.2756358381517024,0.22254053817697775,0.2264994253397732,0.27532419833154664
3166,0.24958380963190333,0.22459757429554866,0.24978141890645997,0.276037197166088
3167,0.24958380963190333,0.22459757429554866,0.24978141890645997,0.276037197166088
3168,0.2496954367227103,0.2478443453489495,0.27470048157743304,0.22775973635090707
3169,0.24958380963190333,0.22459757429554866,0.24978141890645997,0.276037197166088
3170,0.22227151140003337,0.28670065013448653,0.2687563270654467,0.22227151140003337
3171,0.24671842605155303,0.28551653147963335,0.24494252031088815,0.22282252215792553
3172,0.22227151140003337,0.28670065013448653,0.2687563270654467,0.22227151140003337
3173,0.23707778393390375,0.2607430610461055,0.274546821419828,0.2276323336001627
3174,0.24958380963190333,0.22459757429554866,0.24978141890645997,0.276037197166088
3175,0.27649198822892346,0.24191539794815328,0.2497578047676401,0.23183480905528323
3176,0.22227151140003337,0.28670065013448653,0.2687563270654467,0.22227151140003337
3177,0.2496954367227103,0.2478443453489495,0.27470048157743304,0.22775973635090707
3178,0.24958380963190333,0.22459757429554866,0.24978141890645997,0.276037197166088
3179,0.2496954367227103,0.2478443453489495,0.27470048157743304,0.22775973635090707
3180,0.22681571995332445,0.2767465803792093,0.2738842887563536,0.22255341091111264
3181,0.2640180586647538,0.25322390054922306,0.25483304257634043,0.22792499820968268
3182,0.22384037587458464,0.2867872019292172,0.26703380945467803,0.22233861274152023
3183,0.22227151140003337,0.28670065013448653,0.2687563270654467,0.22227151140003337
3184,0.2765487086363895,0.23569615097861057,0.24692313077228814,0.24083200961271184
3185,0.22227151140003337,0.28670065013448653,0.2687563270654467,0.22227151140003337
3186,0.2496954367227103,0.2478443453489495,0.27470048157743304,0.22775973635090707
3187,0.24973808021879731,0.2247364006066489,0.25959378019870055,0.26593173897585326
3188,0.22227151140003337,0.28670065013448653,0.2687563270654467,0.22227151140003337
3189,0.24958380963190333,0.22459757429554866,0.24978141890645997,0.276037197166088
3190,0.2496954367227103,0.2478443453489495,0.27470048157743304,0.22775973635090707
3191,0.22227151140003337,0.28670065013448653,0.2687563270654467,0.22227151140003337
3192,0.24958380963190333,0.22459757429554866,0.24978141890645997,0.276037197166088
3193,0.2496954367227103,0.2478443453489495,0.27470048157743304,0.22775973635090707
3194,0.2306621982024805,0.2852415355675873,0.2614883561030077,0.2226079101269245
3195,0.23873655069907015,0.26080582120947343,0.2727705039922206,0.22768712409923583
3196,0.24958380963190333,0.22459757429554866,0.24978141890645997,0.276037197166088
3197,0.22227151140003337,0.28670065013448653,0.2687563270654467,0.22227151140003337
3198,0.24976552497064355,0.24357272518764644,0.2747775886151622,0.23188416122654784
3199,0.2496954367227103,0.2478443453489495,0.27470048157743304,0.22775973635090707
3200,0.2756358381517024,0.22254053817697775,0.2264994253397732,0.27532419833154664
3201,0.24976552497064355,0.24357272518764644,0.2747775886151622,0.23188416122654784
3202,0.24958380963190333,0.22459757429554866,0.24978141890645997,0.276037197166088
3203,0.22680395398311315,0.2793681010290941,0.27128607894139994,0.22254186604639276
3204,0.22227151140003337,0.28670065013448653,0.2687563270654467,0.22227151140003337
3205,0.24958380963190333,0.22459757429554866,0.24978141890645997,0.276037197166088
3206,0.24989926473259494,0.23738924308673573,0.27174866328989533,0.24096282889077394
3207,0.2496954367227103,0.2478443453489495,0.27470048157743304,0.22775973635090707
3208,0.22680395398311315,0.2793681010290941,0.27128607894139994,0.22254186604639276
3209,0.2496954367227103,0.2478443453489495,0.27470048157743304,0.22775973635090707
3210,0.24958380963190333,0.22459757429554866,0.24978141890645997,0.276037197166088
3211,0.2756358381517024,0.22254053817697775,0.2264994253397732,0.27532419833154664
3212,0.24671842605155303,0.28551653147963335,0.24494252031088815,0.22282252215792553
3213,0.22227151140003337,0.28670065013448653,0.2687563270654467,0.22227151140003337
3214,0.22227151140003337,0.28670065013448653,0.2687563270654467,0.22227151140003337
3215,0.2756358381517024,0.22254053817697775,0.2264994253397732,0.27532419833154664
3216,0.22227151140003337,0.28670065013448653,0.2687563270654467,0.22227151140003337
3217,0.24958380963190333,0.22459757429554866,0.24978141890645997,0.276037197166088
3218,0.22227151140003337,0.28670065013448653,0.2687563270654467,0.22227151140003337
3219,0.24671842605155303,0.28551653147963335,0.24494252031088815,0.22282252215792553
3220,0.24823410045200106,0.28389801300795603,0.2449963740274313,0.22287151251261153
3221,0.24976552497064355,0.24357272518764644,0.2747775886151622,0.23188416122654784
3222,0.2496954367227103,0.2478443453489495,0.27470048157743304,0.22775973635090707
3223,0.2496954367227103,0.2478443453489495,0.27470048157743304,0.22775973635090707
3224,0.2759827874654471,0.22282065518759078,0.2338162697601553,0.2673802875868069
3225,0.24958380963190333,0.22459757429554866,0.24978141890645997,0.276037197166088
3226,0.24976552497064355,0.24357272518764644,0.2747775886151622,0.23188416122654784
3227,0.24958380963190333,0.22459757429554866,0.24978141890645997,0.276037197166088
3228,0.22227151140003337,0.28670065013448653,0.2687563270654467,0.22227151140003337
3229,0.24958380963190333,0.22459757429554866,0.24978141890645997,0.276037197166088
3230,0.22227151140003337,0.28670065013448653,0.2687563270654467,0.22227151140003337
3231,0.2764120288420475,0.2287510994160474,0.24156772107180732,0.2532691506700977
3232,0.24958380963190333,0.22459757429554866,0.24978141890645997,0.276037197166088
3233,0.2760473864467348,0.2228728105682476,0.23560302121672097,0.26547678176829653
3234,0.22227151140003337,0.28670065013448653,0.2687563270654467,0.22227151140003337
3235,0.24501347543943025,0.27554526789788186,0.25638333547810027,0.2230579211845877
3236,0.25491576985844167,0.22457320361743632,0.24450378165694137,0.27600724486718065
3237,0.24958380963190333,0.22459757429554866,0.24978141890645997,0.276037197166088
3238,0.22681571995332445,0.2767465803792093,0.2738842887563536,0.22255341091111264
3239,0.27649198822892346,0.24191539794815328,0.2497578047676401,0.23183480905528323
3240,0.24958380963190333,0.22459757429554866,0.24978141890645997,0.276037197166088
3241,0.22227151140003337,0.28670065013448653,0.2687563270654467,0.22227151140003337
3242,0.24671842605155303,0.28551653147963335,0.24494252031088815,0.22282252215792553
3243,0.24958380963190333,0.22459757429554866,0.24978141890645997,0.276037197166088
3244,0.24671842605155303,0.28551653147963335,0.24494252031088815,0.22282252215792553
3245,0.22227151140003337,0.28670065013448653,0.2687563270654467,0.22227151140003337
3246,0.22227151140003337,0.28670065013448653,0.2687563270654467,0.22227151140003337
3247,0.24958380963190333,0.22459757429554866,0.24978141890645997,0.276037197166088
3248,0.22227151140003337,0.28670065013448653,0.2687563270654467,0.22227151140003337
3249,0.22227151140003337,0.28670065013448653,0.2687563270654467,0.22227151140003337
3250,0.24964839435044703,0.22465569333437121,0.25263047797959803,0.2730654343355838
3251,0.22227151140003337,0.28670065013448653,0.2687563270654467,0.22227151140003337
3252,0.2496954367227103,0.2478443453489495,0.27470048157743304,0.22775973635090707
3253,0.24958380963190333,0.22459757429554866,0.24978141890645997,0.276037197166088
3254,0.22227151140003337,0.28670065013448653,0.2687563270654467,0.22227151140003337
3255,0.24958380963190333,0.22459757429554866,0.24978141890645997,0.276037197166088
3256,0.22227151140003337,0.28670065013448653,0.2687563270654467,0.22227151140003337
3257,0.24958380963190333,0.22459757429554866,0.24978141890645997,0.276037197166088
3258,0.24976552497064355,0.24357272518764644,0.2747775886151622,0.23188416122654784
3259,0.2756358381517024,0.22254053817697775,0.2264994253397732,0.27532419833154664
3260,0.22227151140003337,0.28670065013448653,0.2687563270654467,0.22227151140003337
3261,0.24958380963190333,0.22459757429554866,0.24978141890645997,0.276037197166088
3262,0.24958380963190333,0.22459757429554866,0.24978141890645997,0.276037197166088
3263,0.22227151140003337,0.28670065013448653,0.2687563270654467,0.22227151140003337
3264,0.22227151140003337,0.28670065013448653,0.2687563270654467,0.22227151140003337
3265,0.22227151140003337,0.28670065013448653,0.2687563270654467,0.22227151140003337
3266,0.22227151140003337,0.28670065013448653,0.2687563270654467,0.22227151140003337
3267,0.2756358381517024,0.22254053817697775,0.2264994253397732,0.27532419833154664
3268,0.22227151140003337,0.28670065013448653,0.2687563270654467,0.22227151140003337
3269,0.2496954367227103,0.2478443453489495,0.27470048157743304,0.22775973635090707
3270,0.22227151140003337,0.28670065013448653,0.2687563270654467,0.22227151140003337
3271,0.22227151140003337,0.28670065013448653,0.2687563270654467,0.22227151140003337
3272,0.22227151140003337,0.28670065013448653,0.2687563270654467,0.22227151140003337
3273,0.2756358381517024,0.22254053817697775,0.2264994253397732,0.27532419833154664
3274,0.22227151140003337,0.28670065013448653,0.2687563270654467,0.22227151140003337
3275,0.2665502291945223,0.22285482973899404,0.2348819053884322,0.2757130356780515
3276,0.24958380963190333,0.22459757429554866,0.24978141890645997,0.276037197166088
3277,0.2496954367227103,0.2478443453489495,0.27470048157743304,0.22775973635090707
3278,0.2292504711286587,0.2714005244888186,0.2741551378540549,0.22519386652846785
3279,0.24671842605155303,0.28551653147963335,0.24494252031088815,0.22282252215792553
3280,0.2496954367227103,0.2478443453489495,0.27470048157743304,0.22775973635090707
3281,0.2390860761497665,0.25864514694776974,0.2745958186805001,0.22767295822196357
3282,0.2756358381517024,0.22254053817697775,0.2264994253397732,0.27532419833154664
3283,0.24958380963190333,0.22459757429554866,0.24978141890645997,0.276037197166088
3284,0.22227151140003337,0.28670065013448653,0.2687563270654467,0.22227151140003337
3285,0.24976552497064355,0.24357272518764644,0.2747775886151622,0.23188416122654784
3286,0.24958380963190333,0.22459757429554866,0.24978141890645997,0.276037197166088
3287,0.22227151140003337,0.28670065013448653,0.2687563270654467,0.22227151140003337
3288,0.26894755388710295,0.22307460095527584,0.24226069910979028,0.2657171460478309
3289,0.22227151140003337,0.28670065013448653,0.2687563270654467,0.22227151140003337
3290,0.24671842605155303,0.28551653147963335,0.24494252031088815,0.22282252215792553
3291,0.27240127288181515,0.22266736720773445,0.22945025038643385,0.2754811095240166
3292,0.22227151140003337,0.28670065013448653,0.2687563270654467,0.22227151140003337
3293,0.2764223240926711,0.2461650096075887,0.24969487650034067,0.22771778979939955
3294,0.25850361612021977,0.22302150323001926,0.24255563874215877,0.27591924190760214
3295,0.2764223240926711,0.2461650096075887,0.24969487650034067,0.22771778979939955
3296,0.22227151140003337,0.28670065013448653,0.2687563270654467,0.22227151140003337
3297,0.22384037587458464,0.2867872019292172,0.26703380945467803,0.22233861274152023
3298,0.2756358381517024,0.22254053817697775,0.2264994253397732,0.27532419833154664
3299,0.22227151140003337,0.28670065013448653,0.2687563270654467,0.22227151140003337
3300,0.2496954367227103,0.2478443453489495,0.27470048157743304,0.22775973635090707
3301,0.2496954367227103,0.2478443453489495,0.27470048157743304,0.22775973635090707
3302,0.24958380963190333,0.22459757429554866,0.24978141890645997,0.276037197166088
3303,0.22227151140003337,0.28670065013448653,0.2687563270654467,0.22227151140003337
3304,0.24972282926461628,0.2247226764499426,0.2576696548611619,0.2678848394242792
3305,0.24976552497064355,0.24357272518764644,0.2747775886151622,0.23188416122654784
3306,0.24958380963190333,0.22459757429554866,0.24978141890645997,0.276037197166088
3307,0.2665502291945223,0.22285482973899404,0.2348819053884322,0.2757130356780515
3308,0.2496954367227103,0.2478443453489495,0.27470048157743304,0.22775973635090707
3309,0.22912941785406846,0.2742043441954423,0.2740103731474893,0.22265586480299995
3310,0.24958380963190333,0.22459757429554866,0.24978141890645997,0.276037197166088
3311,0.22227151140003337,0.28670065013448653,0.2687563270654467,0.22227151140003337
3312,0.2496954367227103,0.2478443453489495,0.27470048157743304,0.22775973635090707
3313,0.24958380963190333,0.22459757429554866,0.24978141890645997,0.276037197166088
3314,0.22227151140003337,0.28670065013448653,0.2687563270654467,0.22227151140003337
3315,0.22227151140003337,0.28670065013448653,0.2687563270654467,0.22227151140003337
3316,0.24976552497064355,0.24357272518764644,0.2747775886151622,0.23188416122654784
3317,0.24973808021879731,0.2247364006066489,0.25959378019870055,0.26593173897585326
3318,0.2756358381517024,0.22254053817697775,0.2264994253397732,0.27532419833154664
3319,0.24958380963190333,0.22459757429554866,0.24978141890645997,0.276037197166088
3320,0.22367094972152926,0.2851186955091336,0.2688562244798326,0.22235413028950457
3321,0.22227151140003337,0.28670065013448653,0.2687563270654467,0.22227151140003337
3322,0.22227151140003337,0.28670065013448653,0.2687563270654467,0.22227151140003337
3323,0.24976552497064355,0.24357272518764644,0.2747775886151622,0.23188416122654784
3324,0.22227151140003337,0.28670065013448653,0.2687563270654467,0.22227151140003337
3325,0.2496954367227103,0.2478443453489495,0.27470048157743304,0.22775973635090707
3326,0.2381928573629116,0.2854486199762488,0.25358899992956463,0.22276952273127495
3327,0.22227151140003337,0.28670065013448653,0.2687563270654467,0.22227151140003337
3328,0.2496954367227103,0.2478443453489495,0.27470048157743304,0.22775973635090707
3329,0.2686105331336013,0.22279506403807978,0.2329553084817064,0.27563909434661255
3330,0.2306621982024805,0.2852415355675873,0.2614883561030077,0.2226079101269245
3331,0.22227151140003337,0.28670065013448653,0.2687563270654467,0.22227151140003337
3332,0.22227151140003337,0.28670065013448653,0.2687563270654467,0.22227151140003337
3333,0.2496954367227103,0.2478443453489495,0.27470048157743304,0.22775973635090707
3334,0.24958380963190333,0.22459757429554866,0.24978141890645997,0.276037197166088
3335,0.24973808021879731,0.2247364006066489,0.25959378019870055,0.26593173897585326
3336,0.2292504711286587,0.2714005244888186,0.2741551378540549,0.22519386652846785
3337,0.24974637905356042,0.22474386863175846,0.2616096963255617,0.2639000559891193
3338,0.2756358381517024,0.22254053817697775,0.2264994253397732,0.27532419833154664
3339,0.2306621982024805,0.2852415355675873,0.2614883561030077,0.2226079101269245
3340,0.24671842605155303,0.28551653147963335,0.24494252031088815,0.22282252215792553
3341,0.27649198822892346,0.24191539794815328,0.2497578047676401,0.23183480905528323
3342,0.22227151140003337,0.28670065013448653,0.2687563270654467,0.22227151140003337
3343,0.24671842605155303,0.28551653147963335,0.24494252031088815,0.22282252215792553
3344,0.2764223240926711,0.2461650096075887,0.24969487650034067,0.22771778979939955
3345,0.22227151140003337,0.28670065013448653,0.2687563270654467,0.22227151140003337
3346,0.22227151140003337,0.28670065013448653,0.2687563270654467,0.22227151140003337
3347,0.24958380963190333,0.22459757429554866,0.24978141890645997,0.276037197166088
3348,0.22227151140003337,0.28670065013448653,0.2687563270654467,0.22227151140003337
3349,0.2756358381517024,0.22254053817697775,0.2264994253397732,0.27532419833154664
3350,0.2292504711286587,0.2714005244888186,0.2741551378540549,0.22519386652846785
3351,0.24958380963190333,0.22459757429554866,0.24978141890645997,0.276037197166088
3352,0.24958380963190333,0.22459757429554866,0.24978141890645997,0.276037197166088
3353,0.24958380963190333,0.22459757429554866,0.24978141890645997,0.276037197166088
3354,0.26513103562598356,0.23588248219521596,0.25796408116104314,0.24102240101775746
3355,0.24958380963190333,0.22459757429554866,0.24978141890645997,0.276037197166088
3356,0.23133784794858225,0.26683651310152184,0.27435355032843534,0.22747208862146057
3357,0.22227151140003337,0.28670065013448653,0.2687563270654467,0.22227151140003337
3358,0.22227151140003337,0.28670065013448653,0.2687563270654467,0.22227151140003337
3359,0.22227151140003337,0.28670065013448653,0.2687563270654467,0.22227151140003337
3360,0.22227151140003337,0.28670065013448653,0.2687563270654467,0.22227151140003337
3361,0.2756358381517024,0.22254053817697775,0.2264994253397732,0.27532419833154664
3362,0.25850361612021977,0.22302150323001926,0.24255563874215877,0.27591924190760214
3363,0.2496954367227103,0.2478443453489495,0.27470048157743304,0.22775973635090707
3364,0.2351215148741415,0.2628034726994304,0.2744898855280228,0.22758512689840524
3365,0.24976552497064355,0.24357272518764644,0.2747775886151622,0.23188416122654784
3366,0.24974637905356042,0.22474386863175846,0.2616096963255617,0.2639000559891193
3367,0.2496954367227103,0.2478443453489495,0.27470048157743304,0.22775973635090707
3368,0.24976552497064355,0.24357272518764644,0.2747775886151622,0.23188416122654784
3369,0.22227151140003337,0.28670065013448653,0.2687563270654467,0.22227151140003337
3370,0.2496954367227103,0.2478443453489495,0.27470048157743304,0.22775973635090707
3371,0.2764223240926711,0.2461650096075887,0.24969487650034067,0.22771778979939955
3372,0.26921176827130733,0.24629541320679824,0.25665439736452395,0.2278384211573704
3373,0.24958380963190333,0.22459757429554866,0.24978141890645997,0.276037197166088
3374,0.24958380963190333,0.22459757429554866,0.24978141890645997,0.276037197166088
3375,0.26921176827130733,0.24629541320679824,0.25665439736452395,0.2278384211573704
3376,0.24671842605155303,0.28551653147963335,0.24494252031088815,0.22282252215792553
3377,0.2764223240926711,0.2461650096075887,0.24969487650034067,0.22771778979939955
3378,0.2496954367227103,0.2478443453489495,0.27470048157743304,0.22775973635090707
3379,0.27055697202169154,0.22273234434830128,0.2311491852506253,0.27556149837938193
3380,0.25662894851913526,0.2655761118425382,0.24989481190383026,0.22790012773449628
3381,0.24958380963190333,0.22459757429554866,0.24978141890645997,0.276037197166088
3382,0.22680395398311315,0.2793681010290941,0.27128607894139994,0.22254186604639276
3383,0.22367094972152926,0.2851186955091336,0.2688562244798326,0.22235413028950457
3384,0.24958380963190333,0.22459757429554866,0.24978141890645997,0.276037197166088
3385,0.22367094972152926,0.2851186955091336,0.2688562244798326,0.22235413028950457
3386,0.24958380963190333,0.22459757429554866,0.24978141890645997,0.276037197166088
3387,0.24958380963190333,0.22459757429554866,0.24978141890645997,0.276037197166088
3388,0.2727204556150796,0.22292827486841565,0.2368418404854958,0.2675094290310088
3389,0.2760473864467348,0.2228728105682476,0.23560302121672097,0.26547678176829653
3390,0.24958380963190333,0.22459757429554866,0.24978141890645997,0.276037197166088
3391,0.2764223240926711,0.2461650096075887,0.24969487650034067,0.22771778979939955
3392,0.22227151140003337,0.28670065013448653,0.2687563270654467,0.22227151140003337
3393,0.22227151140003337,0.28670065013448653,0.2687563270654467,0.22227151140003337
3394,0.24958380963190333,0.22459757429554866,0.24978141890645997,0.276037197166088
3395,0.24671842605155303,0.28551653147963335,0.24494252031088815,0.22282252215792553
3396,0.24958380963190333,0.22459757429554866,0.24978141890645997,0.276037197166088
3397,0.2709145832056522,0.22302674288763125,0.2403985343898644,0.26566013951685236
3398,0.22681571995332445,0.2767465803792093,0.2738842887563536,0.22255341091111264
3399,0.24958380963190333,0.22459757429554866,0.24978141890645997,0.276037197166088
3400,0.2756358381517024,0.22254053817697775,0.2264994253397732,0.27532419833154664
3401,0.24958380963190333,0.22459757429554866,0.24978141890645997,0.276037197166088
3402,0.2756358381517024,0.22254053817697775,0.2264994253397732,0.27532419833154664
3403,0.24989926473259494,0.23738924308673573,0.27174866328989533,0.24096282889077394
3404,0.2596274495086298,0.25937690105074335,0.2530532109863005,0.2279424384543264
3405,0.23133784794858225,0.26683651310152184,0.27435355032843534,0.22747208862146057
3406,0.2496954367227103,0.2478443453489495,0.27470048157743304,0.22775973635090707
3407,0.22367094972152926,0.2851186955091336,0.2688562244798326,0.22235413028950457
3408,0.22227151140003337,0.28670065013448653,0.2687563270654467,0.22227151140003337
3409,0.24958380963190333,0.22459757429554866,0.24978141890645997,0.276037197166088
3410,0.22227151140003337,0.28670065013448653,0.2687563270654467,0.22227151140003337
3411,0.24671842605155303,0.28551653147963335,0.24494252031088815,0.22282252215792553
3412,0.24976552497064355,0.24357272518764644,0.2747775886151622,0.23188416122654784
3413,0.22367094972152926,0.2851186955091336,0.2688562244798326,0.22235413028950457
3414,0.2496954367227103,0.2478443453489495,0.27470048157743304,0.22775973635090707
3415,0.22227151140003337,0.28670065013448653,0.2687563270654467,0.22227151140003337
3416,0.24958380963190333,0.22459757429554866,0.24978141890645997,0.276037197166088
3417,0.2306621982024805,0.2852415355675873,0.2614883561030077,0.2226079101269245
3418,0.22227151140003337,0.28670065013448653,0.2687563270654467,0.22227151140003337
3419,0.24958380963190333,0.22459757429554866,0.24978141890645997,0.276037197166088
3420,0.24958380963190333,0.22459757429554866,0.24978141890645997,0.276037197166088
3421,0.2686105331336013,0.22279506403807978,0.2329553084817064,0.27563909434661255
3422,0.24958380963190333,0.22459757429554866,0.24978141890645997,0.276037197166088
3423,0.22227151140003337,0.28670065013448653,0.2687563270654467,0.22227151140003337
3424,0.2665502291945223,0.22285482973899404,0.2348819053884322,0.2757130356780515
3425,0.22227151140003337,0.28670065013448653,0.2687563270654467,0.22227151140003337
3426,0.23124781475814604,0.2692362700512223,0.2742467760774314,0.2252691391132003
3427,0.23133784794858225,0.26683651310152184,0.27435355032843534,0.22747208862146057
3428,0.22227151140003337,0.28670065013448653,0.2687563270654467,0.22227151140003337
3429,0.24958380963190333,0.22459757429554866,0.24978141890645997,0.276037197166088
3430,0.2756358381517024,0.22254053817697775,0.2264994253397732,0.27532419833154664
3431,0.2764223240926711,0.2461650096075887,0.24969487650034067,0.22771778979939955
3432,0.2496954367227103,0.2478443453489495,0.27470048157743304,0.22775973635090707
3433,0.27055697202169154,0.22273234434830128,0.2311491852506253,0.27556149837938193
3434,0.25850361612021977,0.22302150323001926,0.24255563874215877,0.27591924190760214
3435,0.24671842605155303,0.28551653147963335,0.24494252031088815,0.22282252215792553
3436,0.24958380963190333,0.22459757429554866,0.24978141890645997,0.276037197166088
3437,0.24958380963190333,0.22459757429554866,0.24978141890645997,0.276037197166088
3438,0.26913145853958803,0.25315378064233524,0.24985287702854642,0.22786188378953035
3439,0.24958380963190333,0.22459757429554866,0.24978141890645997,0.276037197166088
3440,0.22227151140003337,0.28670065013448653,0.2687563270654467,0.22227151140003337
3441,0.2764223240926711,0.2461650096075887,0.24969487650034067,0.22771778979939955
3442,0.2756358381517024,0.22254053817697775,0.2264994253397732,0.27532419833154664
3443,0.24958380963190333,0.22459757429554866,0.24978141890645997,0.276037197166088
3444,0.22227151140003337,0.28670065013448653,0.2687563270654467,0.22227151140003337
3445,0.2292504711286587,0.2714005244888186,0.2741551378540549,0.22519386652846785
3446,0.2756358381517024,0.22254053817697775,0.2264994253397732,0.27532419833154664
3447,0.22227151140003337,0.28670065013448653,0.2687563270654467,0.22227151140003337
3448,0.22227151140003337,0.28670065013448653,0.2687563270654467,0.22227151140003337
3449,0.2306621982024805,0.2852415355675873,0.2614883561030077,0.2226079101269245
3450,0.24958380963190333,0.22459757429554866,0.24978141890645997,0.276037197166088
3451,0.27649198822892346,0.24191539794815328,0.2497578047676401,0.23183480905528323
3452,0.22227151140003337,0.28670065013448653,0.2687563270654467,0.22227151140003337
3453,0.22227151140003337,0.28670065013448653,0.2687563270654467,0.22227151140003337
3454,0.24958380963190333,0.22459757429554866,0.24978141890645997,0.276037197166088
3455,0.24958380963190333,0.22459757429554866,0.24978141890645997,0.276037197166088
3456,0.2496954367227103,0.2478443453489495,0.27470048157743304,0.22775973635090707
3457,0.22227151140003337,0.28670065013448653,0.2687563270654467,0.22227151140003337
3458,0.24958380963190333,0.22459757429554866,0.24978141890645997,0.276037197166088
3459,0.22367094972152926,0.2851186955091336,0.2688562244798326,0.22235413028950457
3460,0.22227151140003337,0.28670065013448653,0.2687563270654467,0.22227151140003337
3461,0.2764223240926711,0.2461650096075887,0.24969487650034067,0.22771778979939955
3462,0.27055697202169154,0.22273234434830128,0.2311491852506253,0.27556149837938193
3463,0.22227151140003337,0.28670065013448653,0.2687563270654467,0.22227151140003337
3464,0.22227151140003337,0.28670065013448653,0.2687563270654467,0.22227151140003337
3465,0.22227151140003337,0.28670065013448653,0.2687563270654467,0.22227151140003337
3466,0.24958380963190333,0.22459757429554866,0.24978141890645997,0.276037197166088
3467,0.2351215148741415,0.2628034726994304,0.2744898855280228,0.22758512689840524
3468,0.2496954367227103,0.2478443453489495,0.27470048157743304,0.22775973635090707
3469,0.22227151140003337,0.28670065013448653,0.2687563270654467,0.22227151140003337
3470,0.22227151140003337,0.28670065013448653,0.2687563270654467,0.22227151140003337
3471,0.22680395398311315,0.2793681010290941,0.27128607894139994,0.22254186604639276
3472,0.22227151140003337,0.28670065013448653,0.2687563270654467,0.22227151140003337
3473,0.2292504711286587,0.2714005244888186,0.2741551378540549,0.22519386652846785
3474,0.24958380963190333,0.22459757429554866,0.24978141890645997,0.276037197166088
3475,0.24012407192037208,0.28547918522123267,0.25160336642960446,0.22279337642879077
3476,0.24989926473259494,0.23738924308673573,0.27174866328989533,0.24096282889077394
3477,0.22227151140003337,0.28670065013448653,0.2687563270654467,0.22227151140003337
3478,0.24991780735486605,0.23052533148517196,0.26600601904899385,0.2535508421109681
3479,0.22227151140003337,0.28670065013448653,0.2687563270654467,0.22227151140003337
3480,0.24958380963190333,0.22459757429554866,0.24978141890645997,0.276037197166088
3481,0.24958380963190333,0.22459757429554866,0.24978141890645997,0.276037197166088
3482,0.27240127288181515,0.22266736720773445,0.22945025038643385,0.2754811095240166
3483,0.2756358381517024,0.22254053817697775,0.2264994253397732,0.27532419833154664
3484,0.22384037587458464,0.2867872019292172,0.26703380945467803,0.22233861274152023
3485,0.22227151140003337,0.28670065013448653,0.2687563270654467,0.22227151140003337
3486,0.22227151140003337,0.28670065013448653,0.2687563270654467,0.22227151140003337
3487,0.24304307482644286,0.2755159219009826,0.2584068381013396,0.22303416517123503
3488,0.2516922249568515,0.26558544591802663,0.2548141914947756,0.22790813763034623
3489,0.22227151140003337,0.28670065013448653,0.2687563270654467,0.22227151140003337
3490,0.27577657016555096,0.22265416120332512,0.2291405938810971,0.2724286747500267
3491,0.2496954367227103,0.2478443453489495,0.27470048157743304,0.22775973635090707
3492,0.24958380963190333,0.22459757429554866,0.24978141890645997,0.276037197166088
3493,0.2390860761497665,0.25864514694776974,0.2745958186805001,0.22767295822196357
3494,0.24958380963190333,0.22459757429554866,0.24978141890645997,0.276037197166088
3495,0.22912941785406846,0.2742043441954423,0.2740103731474893,0.22265586480299995
3496,0.22227151140003337,0.28670065013448653,0.2687563270654467,0.22227151140003337
3497,0.24671842605155303,0.28551653147963335,0.24494252031088815,0.22282252215792553
3498,0.2306621982024805,0.2852415355675873,0.2614883561030077,0.2226079101269245
3499,0.22227151140003337,0.28670065013448653,0.2687563270654467,0.22227151140003337
3500,0.2665502291945223,0.22285482973899404,0.2348819053884322,0.2757130356780515
3501,0.2756358381517024,0.22254053817697775,0.2264994253397732,0.27532419833154664
3502,0.2764223240926711,0.2461650096075887,0.24969487650034067,0.22771778979939955
3503,0.22227151140003337,0.28670065013448653,0.2687563270654467,0.22227151140003337
3504,0.2496954367227103,0.2478443453489495,0.27470048157743304,0.22775973635090707
3505,0.2496954367227103,0.2478443453489495,0.27470048157743304,0.22775973635090707
3506,0.2496954367227103,0.2478443453489495,0.27470048157743304,0.22775973635090707
3507,0.2496954367227103,0.2478443453489495,0.27470048157743304,0.22775973635090707
3508,0.2496954367227103,0.2478443453489495,0.27470048157743304,0.22775973635090707
3509,0.22227151140003337,0.28670065013448653,0.2687563270654467,0.22227151140003337
3510,0.2496954367227103,0.2478443453489495,0.27470048157743304,0.22775973635090707
3511,0.24989926473259494,0.23738924308673573,0.27174866328989533,0.24096282889077394
3512,0.22227151140003337,0.28670065013448653,0.2687563270654467,0.22227151140003337
3513,0.2764223240926711,0.2461650096075887,0.24969487650034067,0.22771778979939955
3514,0.2533896111056457,0.26798070314096456,0.25292303403178795,0.2257066517216018
3515,0.27055697202169154,0.22273234434830128,0.2311491852506253,0.27556149837938193
3516,0.24958380963190333,0.22459757429554866,0.24978141890645997,0.276037197166088
3517,0.22367094972152926,0.2851186955091336,0.2688562244798326,0.22235413028950457
3518,0.22227151140003337,0.28670065013448653,0.2687563270654467,0.22227151140003337
3519,0.24958380963190333,0.22459757429554866,0.24978141890645997,0.276037197166088
3520,0.2764223240926711,0.2461650096075887,0.24969487650034067,0.22771778979939955
3521,0.24976552497064355,0.24357272518764644,0.2747775886151622,0.23188416122654784
3522,0.2496954367227103,0.2478443453489495,0.27470048157743304,0.22775973635090707
3523,0.2496954367227103,0.2478443453489495,0.27470048157743304,0.22775973635090707
3524,0.2496954367227103,0.2478443453489495,0.27470048157743304,0.22775973635090707
3525,0.22227151140003337,0.28670065013448653,0.2687563270654467,0.22227151140003337
3526,0.24671842605155303,0.28551653147963335,0.24494252031088815,0.22282252215792553
3527,0.24958380963190333,0.22459757429554866,0.24978141890645997,0.276037197166088
3528,0.27240127288181515,0.22266736720773445,0.22945025038643385,0.2754811095240166
3529,0.2306621982024805,0.2852415355675873,0.2614883561030077,0.2226079101269245
3530,0.2496954367227103,0.2478443453489495,0.27470048157743304,0.22775973635090707
3531,0.22227151140003337,0.28670065013448653,0.2687563270654467,0.22227151140003337
3532,0.2496954367227103,0.2478443453489495,0.27470048157743304,0.22775973635090707
3533,0.24958380963190333,0.22459757429554866,0.24978141890645997,0.276037197166088
3534,0.22912941785406846,0.2742043441954423,0.2740103731474893,0.22265586480299995
3535,0.22227151140003337,0.28670065013448653,0.2687563270654467,0.22227151140003337
3536,0.24012407192037208,0.28547918522123267,0.25160336642960446,0.22279337642879077
3537,0.25491576985844167,0.22457320361743632,0.24450378165694137,0.27600724486718065
3538,0.2756358381517024,0.22254053817697775,0.2264994253397732,0.27532419833154664
3539,0.24958380963190333,0.22459757429554866,0.24978141890645997,0.276037197166088
3540,0.22227151140003337,0.28670065013448653,0.2687563270654467,0.22227151140003337
3541,0.2496954367227103,0.2478443453489495,0.27470048157743304,0.22775973635090707
3542,0.24958380963190333,0.22459757429554866,0.24978141890645997,0.276037197166088
3543,0.2756358381517024,0.22254053817697775,0.2264994253397732,0.27532419833154664
3544,0.2764223240926711,0.2461650096075887,0.24969487650034067,0.22771778979939955
3545,0.22227151140003337,0.28670065013448653,0.2687563270654467,0.22227151140003337
3546,0.22227151140003337,0.28670065013448653,0.2687563270654467,0.22227151140003337
3547,0.2764223240926711,0.2461650096075887,0.24969487650034067,0.22771778979939955
3548,0.22227151140003337,0.28670065013448653,0.2687563270654467,0.22227151140003337
3549,0.24823410045200106,0.28389801300795603,0.2449963740274313,0.22287151251261153
3550,0.22367094972152926,0.2851186955091336,0.2688562244798326,0.22235413028950457
3551,0.24958380963190333,0.22459757429554866,0.24978141890645997,0.276037197166088
3552,0.24958380963190333,0.22459757429554866,0.24978141890645997,0.276037197166088
3553,0.24958380963190333,0.22459757429554866,0.24978141890645997,0.276037197166088
3554,0.24958380963190333,0.22459757429554866,0.24978141890645997,0.276037197166088
3555,0.22227151140003337,0.28670065013448653,0.2687563270654467,0.22227151140003337
3556,0.22227151140003337,0.28670065013448653,0.2687563270654467,0.22227151140003337
3557,0.24976552497064355,0.24357272518764644,0.2747775886151622,0.23188416122654784
3558,0.24958380963190333,0.22459757429554866,0.24978141890645997,0.276037197166088
3559,0.22681571995332445,0.2767465803792093,0.2738842887563536,0.22255341091111264
3560,0.2496954367227103,0.2478443453489495,0.27470048157743304,0.22775973635090707
3561,0.2686105331336013,0.22279506403807978,0.2329553084817064,0.27563909434661255
3562,0.22227151140003337,0.28670065013448653,0.2687563270654467,0.22227151140003337
3563,0.2756358381517024,0.22254053817697775,0.2264994253397732,0.27532419833154664
3564,0.22227151140003337,0.28670065013448653,0.2687563270654467,0.22227151140003337
3565,0.22227151140003337,0.28670065013448653,0.2687563270654467,0.22227151140003337
3566,0.22227151140003337,0.28670065013448653,0.2687563270654467,0.22227151140003337
3567,0.2496954367227103,0.2478443453489495,0.27470048157743304,0.22775973635090707
3568,0.2649951533371467,0.2572010744864829,0.24989943147019641,0.22790434070617388
3569,0.22227151140003337,0.28670065013448653,0.2687563270654467,0.22227151140003337
3570,0.2764223240926711,0.2461650096075887,0.24969487650034067,0.22771778979939955
3571,0.22227151140003337,0.28670065013448653,0.2687563270654467,0.22227151140003337
3572,0.24972282926461628,0.2247226764499426,0.2576696548611619,0.2678848394242792
3573,0.2496954367227103,0.2478443453489495,0.27470048157743304,0.22775973635090707
3574,0.2496954367227103,0.2478443453489495,0.27470048157743304,0.22775973635090707
3575,0.27649198822892346,0.24191539794815328,0.2497578047676401,0.23183480905528323
3576,0.24989926473259494,0.23738924308673573,0.27174866328989533,0.24096282889077394
3577,0.22227151140003337,0.28670065013448653,0.2687563270654467,0.22227151140003337
3578,0.22227151140003337,0.28670065013448653,0.2687563270654467,0.22227151140003337
3579,0.22227151140003337,0.28670065013448653,0.2687563270654467,0.22227151140003337
3580,0.26921176827130733,0.24629541320679824,0.25665439736452395,0.2278384211573704
3581,0.24958380963190333,0.22459757429554866,0.24978141890645997,0.276037197166088
3582,0.22227151140003337,0.28670065013448653,0.2687563270654467,0.22227151140003337
3583,0.24671842605155303,0.28551653147963335,0.24494252031088815,0.22282252215792553
3584,0.24991780735486605,0.23052533148517196,0.26600601904899385,0.2535508421109681
3585,0.2764223240926711,0.2461650096075887,0.24969487650034067,0.22771778979939955
3586,0.24958380963190333,0.22459757429554866,0.24978141890645997,0.276037197166088
3587,0.26894755388710295,0.22307460095527584,0.24226069910979028,0.2657171460478309
3588,0.2756358381517024,0.22254053817697775,0.2264994253397732,0.27532419833154664
3589,0.22227151140003337,0.28670065013448653,0.2687563270654467,0.22227151140003337
3590,0.22227151140003337,0.28670065013448653,0.2687563270654467,0.22227151140003337
3591,0.2496954367227103,0.2478443453489495,0.27470048157743304,0.22775973635090707
3592,0.24671842605155303,0.28551653147963335,0.24494252031088815,0.22282252215792553
3593,0.22227151140003337,0.28670065013448653,0.2687563270654467,0.22227151140003337
3594,0.2764223240926711,0.2461650096075887,0.24969487650034067,0.22771778979939955
3595,0.2764223240926711,0.2461650096075887,0.24969487650034067,0.22771778979939955
3596,0.24958380963190333,0.22459757429554866,0.24978141890645997,0.276037197166088
3597,0.2764223240926711,0.2461650096075887,0.24969487650034067,0.22771778979939955
3598,0.22227151140003337,0.28670065013448653,0.2687563270654467,0.22227151140003337
3599,0.23707778393390375,0.2607430610461055,0.274546821419828,0.2276323336001627
3600,0.24671842605155303,0.28551653147963335,0.24494252031088815,0.22282252215792553
3601,0.24958380963190333,0.22459757429554866,0.24978141890645997,0.276037197166088
3602,0.2496954367227103,0.2478443453489495,0.27470048157743304,0.22775973635090707
3603,0.24958380963190333,0.22459757429554866,0.24978141890645997,0.276037197166088
3604,0.22227151140003337,0.28670065013448653,0.2687563270654467,0.22227151140003337
3605,0.2764223240926711,0.2461650096075887,0.24969487650034067,0.22771778979939955
3606,0.24972282926461628,0.2247226764499426,0.2576696548611619,0.2678848394242792
3607,0.22227151140003337,0.28670065013448653,0.2687563270654467,0.22227151140003337
3608,0.24972282926461628,0.2247226764499426,0.2576696548611619,0.2678848394242792
3609,0.2764120288420475,0.2287510994160474,0.24156772107180732,0.2532691506700977
3610,0.24958380963190333,0.22459757429554866,0.24978141890645997,0.276037197166088
3611,0.27649198822892346,0.24191539794815328,0.2497578047676401,0.23183480905528323
3612,0.22227151140003337,0.28670065013448653,0.2687563270654467,0.22227151140003337
3613,0.22367094972152926,0.2851186955091336,0.2688562244798326,0.22235413028950457
3614,0.24958380963190333,0.22459757429554866,0.24978141890645997,0.276037197166088
3615,0.24958380963190333,0.22459757429554866,0.24978141890645997,0.276037197166088
3616,0.2496954367227103,0.2478443453489495,0.27470048157743304,0.22775973635090707
3617,0.2496954367227103,0.2478443453489495,0.27470048157743304,0.22775973635090707
3618,0.24958380963190333,0.22459757429554866,0.24978141890645997,0.276037197166088
3619,0.27649198822892346,0.24191539794815328,0.2497578047676401,0.23183480905528323
3620,0.24976552497064355,0.24357272518764644,0.2747775886151622,0.23188416122654784
3621,0.2496954367227103,0.2478443453489495,0.27470048157743304,0.22775973635090707
3622,0.22227151140003337,0.28670065013448653,0.2687563270654467,0.22227151140003337
3623,0.24958380963190333,0.22459757429554866,0.24978141890645997,0.276037197166088
3624,0.24976552497064355,0.24357272518764644,0.2747775886151622,0.23188416122654784
3625,0.22227151140003337,0.28670065013448653,0.2687563270654467,0.22227151140003337
3626,0.22367094972152926,0.2851186955091336,0.2688562244798326,0.22235413028950457
3627,0.24964839435044703,0.22465569333437121,0.25263047797959803,0.2730654343355838
3628,0.22227151140003337,0.28670065013448653,0.2687563270654467,0.22227151140003337
3629,0.2496954367227103,0.2478443453489495,0.27470048157743304,0.22775973635090707
3630,0.22227151140003337,0.28670065013448653,0.2687563270654467,0.22227151140003337
3631,0.22227151140003337,0.28670065013448653,0.2687563270654467,0.22227151140003337
3632,0.24958380963190333,0.22459757429554866,0.24978141890645997,0.276037197166088
3633,0.22227151140003337,0.28670065013448653,0.2687563270654467,0.22227151140003337
3634,0.24958380963190333,0.22459757429554866,0.24978141890645997,0.276037197166088
3635,0.22227151140003337,0.28670065013448653,0.2687563270654467,0.22227151140003337
3636,0.2764223240926711,0.2461650096075887,0.24969487650034067,0.22771778979939955
3637,0.2764223240926711,0.2461650096075887,0.24969487650034067,0.22771778979939955
3638,0.2686105331336013,0.22279506403807978,0.2329553084817064,0.27563909434661255
3639,0.2686105331336013,0.22279506403807978,0.2329553084817064,0.27563909434661255
3640,0.22227151140003337,0.28670065013448653,0.2687563270654467,0.22227151140003337
3641,0.24976552497064355,0.24357272518764644,0.2747775886151622,0.23188416122654784
3642,0.2496954367227103,0.2478443453489495,0.27470048157743304,0.22775973635090707
3643,0.2516922249568515,0.26558544591802663,0.2548141914947756,0.22790813763034623
3644,0.27240127288181515,0.22266736720773445,0.22945025038643385,0.2754811095240166
3645,0.22227151140003337,0.28670065013448653,0.2687563270654467,0.22227151140003337
3646,0.24671842605155303,0.28551653147963335,0.24494252031088815,0.22282252215792553
3647,0.22227151140003337,0.28670065013448653,0.2687563270654467,0.22227151140003337
3648,0.22227151140003337,0.28670065013448653,0.2687563270654467,0.22227151140003337
3649,0.2764223240926711,0.2461650096075887,0.24969487650034067,0.22771778979939955
3650,0.2381928573629116,0.2854486199762488,0.25358899992956463,0.22276952273127495
3651,0.24974637905356042,0.22474386863175846,0.2616096963255617,0.2639000559891193
3652,0.27649198822892346,0.24191539794815328,0.2497578047676401,0.23183480905528323
3653,0.2496954367227103,0.2478443453489495,0.27470048157743304,0.22775973635090707
3654,0.27649198822892346,0.24191539794815328,0.2497578047676401,0.23183480905528323
3655,0.2764223240926711,0.2461650096075887,0.24969487650034067,0.22771778979939955
3656,0.22227151140003337,0.28670065013448653,0.2687563270654467,0.22227151140003337
3657,0.24972282926461628,0.2247226764499426,0.2576696548611619,0.2678848394242792
3658,0.26927965114886504,0.24204358266971185,0.25671911384828994,0.23195765233313315
3659,0.22681571995332445,0.2767465803792093,0.2738842887563536,0.22255341091111264
3660,0.24958380963190333,0.22459757429554866,0.24978141890645997,0.276037197166088
3661,0.2496954367227103,0.2478443453489495,0.27470048157743304,0.22775973635090707
3662,0.24976552497064355,0.24357272518764644,0.2747775886151622,0.23188416122654784
3663,0.24958380963190333,0.22459757429554866,0.24978141890645997,0.276037197166088
3664,0.2764223240926711,0.2461650096075887,0.24969487650034067,0.22771778979939955
3665,0.2496954367227103,0.2478443453489495,0.27470048157743304,0.22775973635090707
3666,0.22227151140003337,0.28670065013448653,0.2687563270654467,0.22227151140003337
3667,0.2764223240926711,0.2461650096075887,0.24969487650034067,0.22771778979939955
3668,0.2496954367227103,0.2478443453489495,0.27470048157743304,0.22775973635090707
3669,0.2712093593280849,0.246268569917037,0.25470848129322726,0.2278135894616509
3670,0.22367094972152926,0.2851186955091336,0.2688562244798326,0.22235413028950457
3671,0.2272438935154232,0.286952277612164,0.26333723727375796,0.22246659159865487
3672,0.2496954367227103,0.2478443453489495,0.27470048157743304,0.22775973635090707
3673,0.24958380963190333,0.22459757429554866,0.24978141890645997,0.276037197166088
3674,0.24958380963190333,0.22459757429554866,0.24978141890645997,0.276037197166088
3675,0.2496954367227103,0.2478443453489495,0.27470048157743304,0.22775973635090707
3676,0.24958380963190333,0.22459757429554866,0.24978141890645997,0.276037197166088
3677,0.22227151140003337,0.28670065013448653,0.2687563270654467,0.22227151140003337
3678,0.24958380963190333,0.22459757429554866,0.24978141890645997,0.276037197166088
3679,0.24671842605155303,0.28551653147963335,0.24494252031088815,0.22282252215792553
3680,0.25662894851913526,0.2655761118425382,0.24989481190383026,0.22790012773449628
3681,0.24958380963190333,0.22459757429554866,0.24978141890645997,0.276037197166088
3682,0.22227151140003337,0.28670065013448653,0.2687563270654467,0.22227151140003337
3683,0.2760473864467348,0.2228728105682476,0.23560302121672097,0.26547678176829653
3684,0.22227151140003337,0.28670065013448653,0.2687563270654467,0.22227151140003337
3685,0.22227151140003337,0.28670065013448653,0.2687563270654467,0.22227151140003337
3686,0.2760473864467348,0.2228728105682476,0.23560302121672097,0.26547678176829653
3687,0.22681571995332445,0.2767465803792093,0.2738842887563536,0.22255341091111264
3688,0.251267088896921,0.2245953318658973,0.24810313808481183,0.2760344411523699
3689,0.22227151140003337,0.28670065013448653,0.2687563270654467,0.22227151140003337
3690,0.22680395398311315,0.2793681010290941,0.27128607894139994,0.22254186604639276
3691,0.22227151140003337,0.28670065013448653,0.2687563270654467,0.22227151140003337
3692,0.22367094972152926,0.2851186955091336,0.2688562244798326,0.22235413028950457
3693,0.2496954367227103,0.2478443453489495,0.27470048157743304,0.22775973635090707
3694,0.24958380963190333,0.22459757429554866,0.24978141890645997,0.276037197166088
3695,0.22227151140003337,0.28670065013448653,0.2687563270654467,0.22227151140003337
3696,0.22227151140003337,0.28670065013448653,0.2687563270654467,0.22227151140003337
3697,0.24958380963190333,0.22459757429554866,0.24978141890645997,0.276037197166088
3698,0.24368050777102804,0.2855120587271474,0.24798840196486135,0.2228190315369631
3699,0.2496954367227103,0.2478443453489495,0.27470048157743304,0.22775973635090707
3700,0.22681571995332445,0.2767465803792093,0.2738842887563536,0.22255341091111264
3701,0.22227151140003337,0.28670065013448653,0.2687563270654467,0.22227151140003337
3702,0.24958380963190333,0.22459757429554866,0.24978141890645997,0.276037197166088
3703,0.22227151140003337,0.28670065013448653,0.2687563270654467,0.22227151140003337
3704,0.27649198822892346,0.24191539794815328,0.2497578047676401,0.23183480905528323
3705,0.24958380963190333,0.22459757429554866,0.24978141890645997,0.276037197166088
3706,0.2731196931374617,0.228840695252627,0.24467126202233508,0.2533683495875762
3707,0.2496954367227103,0.2478443453489495,0.27470048157743304,0.22775973635090707
3708,0.24991780735486605,0.23052533148517196,0.26600601904899385,0.2535508421109681
3709,0.22227151140003337,0.28670065013448653,0.2687563270654467,0.22227151140003337
3710,0.22227151140003337,0.28670065013448653,0.2687563270654467,0.22227151140003337
3711,0.24958380963190333,0.22459757429554866,0.24978141890645997,0.276037197166088
3712,0.2496954367227103,0.2478443453489495,0.27470048157743304,0.22775973635090707
3713,0.2764223240926711,0.2461650096075887,0.24969487650034067,0.22771778979939955
3714,0.22227151140003337,0.28670065013448653,0.2687563270654467,0.22227151140003337
3715,0.23133784794858225,0.26683651310152184,0.27435355032843534,0.22747208862146057
3716,0.2496954367227103,0.2478443453489495,0.27470048157743304,0.22775973635090707
3717,0.22227151140003337,0.28670065013448653,0.2687563270654467,0.22227151140003337
3718,0.22227151140003337,0.28670065013448653,0.2687563270654467,0.22227151140003337
3719,0.24958380963190333,0.22459757429554866,0.24978141890645997,0.276037197166088
3720,0.24671842605155303,0.28551653147963335,0.24494252031088815,0.22282252215792553
3721,0.2496954367227103,0.2478443453489495,0.27470048157743304,0.22775973635090707
3722,0.24958380963190333,0.22459757429554866,0.24978141890645997,0.276037197166088
3723,0.24958380963190333,0.22459757429554866,0.24978141890645997,0.276037197166088
3724,0.22227151140003337,0.28670065013448653,0.2687563270654467,0.22227151140003337
3725,0.24991780735486605,0.23052533148517196,0.26600601904899385,0.2535508421109681
3726,0.24958380963190333,0.22459757429554866,0.24978141890645997,0.276037197166088
3727,0.22227151140003337,0.28670065013448653,0.2687563270654467,0.22227151140003337
3728,0.2756358381517024,0.22254053817697775,0.2264994253397732,0.27532419833154664
3729,0.27055697202169154,0.22273234434830128,0.2311491852506253,0.27556149837938193
3730,0.22227151140003337,0.28670065013448653,0.2687563270654467,0.22227151140003337
3731,0.22227151140003337,0.28670065013448653,0.2687563270654467,0.22227151140003337
3732,0.27649198822892346,0.24191539794815328,0.2497578047676401,0.23183480905528323
3733,0.2686105331336013,0.22279506403807978,0.2329553084817064,0.27563909434661255
3734,0.22227151140003337,0.28670065013448653,0.2687563270654467,0.22227151140003337
3735,0.22227151140003337,0.28670065013448653,0.2687563270654467,0.22227151140003337
3736,0.23133784794858225,0.26683651310152184,0.27435355032843534,0.22747208862146057
3737,0.22384037587458464,0.2867872019292172,0.26703380945467803,0.22233861274152023
3738,0.24194968366543873,0.28549982092983456,0.24974101447714078,0.22280948092758585
3739,0.24958380963190333,0.22459757429554866,0.24978141890645997,0.276037197166088
3740,0.22227151140003337,0.28670065013448653,0.2687563270654467,0.22227151140003337
3741,0.24976552497064355,0.24357272518764644,0.2747775886151622,0.23188416122654784
3742,0.24976552497064355,0.24357272518764644,0.2747775886151622,0.23188416122654784
3743,0.23707778393390375,0.2607430610461055,0.274546821419828,0.2276323336001627
3744,0.22227151140003337,0.28670065013448653,0.2687563270654467,0.22227151140003337
3745,0.22227151140003337,0.28670065013448653,0.2687563270654467,0.22227151140003337
3746,0.2306621982024805,0.2852415355675873,0.2614883561030077,0.2226079101269245
3747,0.24958380963190333,0.22459757429554866,0.24978141890645997,0.276037197166088
3748,0.2756358381517024,0.22254053817697775,0.2264994253397732,0.27532419833154664
3749,0.26282835950317324,0.2593456232130386,0.24991106603656116,0.22791495124722694
3750,0.25850361612021977,0.22302150323001926,0.24255563874215877,0.27591924190760214
3751,0.22227151140003337,0.28670065013448653,0.2687563270654467,0.22227151140003337
3752,0.22227151140003337,0.28670065013448653,0.2687563270654467,0.22227151140003337
3753,0.27649198822892346,0.24191539794815328,0.2497578047676401,0.23183480905528323
3754,0.24970239082789633,0.22470428413789129,0.2558981110668273,0.269695213967385
3755,0.22227151140003337,0.28670065013448653,0.2687563270654467,0.22227151140003337
3756,0.24958380963190333,0.22459757429554866,0.24978141890645997,0.276037197166088
3757,0.2670974752288366,0.24631594729841516,0.25872916101638715,0.22785741645636115
3758,0.24973808021879731,0.2247364006066489,0.25959378019870055,0.26593173897585326
3759,0.2496954367227103,0.2478443453489495,0.27470048157743304,0.22775973635090707
3760,0.27055697202169154,0.22273234434830128,0.2311491852506253,0.27556149837938193
3761,0.22227151140003337,0.28670065013448653,0.2687563270654467,0.22227151140003337
3762,0.24958380963190333,0.22459757429554866,0.24978141890645997,0.276037197166088
3763,0.22227151140003337,0.28670065013448653,0.2687563270654467,0.22227151140003337
3764,0.22227151140003337,0.28670065013448653,0.2687563270654467,0.22227151140003337
3765,0.24958380963190333,0.22459757429554866,0.24978141890645997,0.276037197166088
3766,0.22227151140003337,0.28670065013448653,0.2687563270654467,0.22227151140003337
3767,0.24958380963190333,0.22459757429554866,0.24978141890645997,0.276037197166088
3768,0.22227151140003337,0.28670065013448653,0.2687563270654467,0.22227151140003337
3769,0.24958380963190333,0.22459757429554866,0.24978141890645997,0.276037197166088
3770,0.2496954367227103,0.2478443453489495,0.27470048157743304,0.22775973635090707
3771,0.2756358381517024,0.22254053817697775,0.2264994253397732,0.27532419833154664
3772,0.22227151140003337,0.28670065013448653,0.2687563270654467,0.22227151140003337
3773,0.22227151140003337,0.28670065013448653,0.2687563270654467,0.22227151140003337
3774,0.25662894851913526,0.2655761118425382,0.24989481190383026,0.22790012773449628
3775,0.22227151140003337,0.28670065013448653,0.2687563270654467,0.22227151140003337
3776,0.22227151140003337,0.28670065013448653,0.2687563270654467,0.22227151140003337
3777,0.24958380963190333,0.22459757429554866,0.24978141890645997,0.276037197166088
3778,0.26913145853958803,0.25315378064233524,0.24985287702854642,0.22786188378953035
3779,0.2607165673939053,0.2614521130887857,0.24991383919411986,0.22791748032318912
3780,0.2306621982024805,0.2852415355675873,0.2614883561030077,0.2226079101269245
3781,0.22227151140003337,0.28670065013448653,0.2687563270654467,0.22227151140003337
3782,0.22227151140003337,0.28670065013448653,0.2687563270654467,0.22227151140003337
3783,0.22227151140003337,0.28670065013448653,0.2687563270654467,0.22227151140003337
3784,0.22227151140003337,0.28670065013448653,0.2687563270654467,0.22227151140003337
3785,0.24976552497064355,0.24357272518764644,0.2747775886151622,0.23188416122654784
3786,0.22912941785406846,0.2742043441954423,0.2740103731474893,0.22265586480299995
3787,0.24974637905356042,0.22474386863175846,0.2616096963255617,0.2639000559891193
3788,0.2671648305950133,0.2420637673673664,0.25879440610103616,0.2319769959365841
3789,0.22367094972152926,0.2851186955091336,0.2688562244798326,0.22235413028950457
3790,0.24958380963190333,0.22459757429554866,0.24978141890645997,0.276037197166088
3791,0.24976552497064355,0.24357272518764644,0.2747775886151622,0.23188416122654784
3792,0.22227151140003337,0.28670065013448653,0.2687563270654467,0.22227151140003337
3793,0.24972282926461628,0.2247226764499426,0.2576696548611619,0.2678848394242792
3794,0.24973808021879731,0.2247364006066489,0.25959378019870055,0.26593173897585326
3795,0.2496954367227103,0.2478443453489495,0.27470048157743304,0.22775973635090707
3796,0.22227151140003337,0.28670065013448653,0.2687563270654467,0.22227151140003337
3797,0.22680395398311315,0.2793681010290941,0.27128607894139994,0.22254186604639276
3798,0.2292504711286587,0.2714005244888186,0.2741551378540549,0.22519386652846785
3799,0.2764223240926711,0.2461650096075887,0.24969487650034067,0.22771778979939955
3800,0.24958380963190333,0.22459757429554866,0.24978141890645997,0.276037197166088
3801,0.2292504711286587,0.2714005244888186,0.2741551378540549,0.22519386652846785
3802,0.22227151140003337,0.28670065013448653,0.2687563270654467,0.22227151140003337
3803,0.24976552497064355,0.24357272518764644,0.2747775886151622,0.23188416122654784
3804,0.24958380963190333,0.22459757429554866,0.24978141890645997,0.276037197166088
3805,0.22384037587458464,0.2867872019292172,0.26703380945467803,0.22233861274152023
3806,0.22367094972152926,0.2851186955091336,0.2688562244798326,0.22235413028950457
3807,0.22227151140003337,0.28670065013448653,0.2687563270654467,0.22227151140003337
3808,0.2306621982024805,0.2852415355675873,0.2614883561030077,0.2226079101269245
3809,0.2764223240926711,0.2461650096075887,0.24969487650034067,0.22771778979939955
3810,0.24671842605155303,0.28551653147963335,0.24494252031088815,0.22282252215792553
3811,0.2764223240926711,0.2461650096075887,0.24969487650034067,0.22771778979939955
3812,0.24958380963190333,0.22459757429554866,0.24978141890645997,0.276037197166088
3813,0.24958380963190333,0.22459757429554866,0.24978141890645997,0.276037197166088
3814,0.22227151140003337,0.28670065013448653,0.2687563270654467,0.22227151140003337
3815,0.2764223240926711,0.2461650096075887,0.24969487650034067,0.22771778979939955
3816,0.2496954367227103,0.2478443453489495,0.27470048157743304,0.22775973635090707
3817,0.22227151140003337,0.28670065013448653,0.2687563270654467,0.22227151140003337
3818,0.24958380963190333,0.22459757429554866,0.24978141890645997,0.276037197166088
3819,0.24292283574736154,0.25468507578998073,0.27466323445544255,0.22772885400721524
3820,0.24958380963190333,0.22459757429554866,0.24978141890645997,0.276037197166088
3821,0.2292504711286587,0.2714005244888186,0.2741551378540549,0.22519386652846785
3822,0.24964839435044703,0.22465569333437121,0.25263047797959803,0.2730654343355838
3823,0.24671842605155303,0.28551653147963335,0.24494252031088815,0.22282252215792553
3824,0.22227151140003337,0.28670065013448653,0.2687563270654467,0.22227151140003337
3825,0.22227151140003337,0.28670065013448653,0.2687563270654467,0.22227151140003337
3826,0.22227151140003337,0.28670065013448653,0.2687563270654467,0.22227151140003337
3827,0.27649198822892346,0.24191539794815328,0.2497578047676401,0.23183480905528323
3828,0.27240127288181515,0.22266736720773445,0.22945025038643385,0.2754811095240166
3829,0.2496954367227103,0.2478443453489495,0.27470048157743304,0.22775973635090707
3830,0.22227151140003337,0.28670065013448653,0.2687563270654467,0.22227151140003337
3831,0.22227151140003337,0.28670065013448653,0.2687563270654467,0.22227151140003337
3832,0.22227151140003337,0.28670065013448653,0.2687563270654467,0.22227151140003337
3833,0.24958380963190333,0.22459757429554866,0.24978141890645997,0.276037197166088
3834,0.23133784794858225,0.26683651310152184,0.27435355032843534,0.22747208862146057
3835,0.24989926473259494,0.23738924308673573,0.27174866328989533,0.24096282889077394
3836,0.2765487086363895,0.23569615097861057,0.24692313077228814,0.24083200961271184
3837,0.24958380963190333,0.22459757429554866,0.24978141890645997,0.276037197166088
3838,0.24671842605155303,0.28551653147963335,0.24494252031088815,0.22282252215792553
3839,0.27649198822892346,0.24191539794815328,0.2497578047676401,0.23183480905528323
3840,0.24958380963190333,0.22459757429554866,0.24978141890645997,0.276037197166088
3841,0.24958380963190333,0.22459757429554866,0.24978141890645997,0.276037197166088
3842,0.24976552497064355,0.24357272518764644,0.2747775886151622,0.23188416122654784
3843,0.22227151140003337,0.28670065013448653,0.2687563270654467,0.22227151140003337
3844,0.24671842605155303,0.28551653147963335,0.24494252031088815,0.22282252215792553
3845,0.24972282926461628,0.2247226764499426,0.2576696548611619,0.2678848394242792
3846,0.2756358381517024,0.22254053817697775,0.2264994253397732,0.27532419833154664
3847,0.22227151140003337,0.28670065013448653,0.2687563270654467,0.22227151140003337
3848,0.2496954367227103,0.2478443453489495,0.27470048157743304,0.22775973635090707
3849,0.22227151140003337,0.28670065013448653,0.2687563270654467,0.22227151140003337
3850,0.22227151140003337,0.28670065013448653,0.2687563270654467,0.22227151140003337
3851,0.22227151140003337,0.28670065013448653,0.2687563270654467,0.22227151140003337
3852,0.22227151140003337,0.28670065013448653,0.2687563270654467,0.22227151140003337
3853,0.24976552497064355,0.24357272518764644,0.2747775886151622,0.23188416122654784
3854,0.2764223240926711,0.2461650096075887,0.24969487650034067,0.22771778979939955
3855,0.24958380963190333,0.22459757429554866,0.24978141890645997,0.276037197166088
3856,0.2764223240926711,0.2461650096075887,0.24969487650034067,0.22771778979939955
3857,0.22227151140003337,0.28670065013448653,0.2687563270654467,0.22227151140003337
3858,0.24958380963190333,0.22459757429554866,0.24978141890645997,0.276037197166088
3859,0.25850361612021977,0.22302150323001926,0.24255563874215877,0.27591924190760214
3860,0.24958380963190333,0.22459757429554866,0.24978141890645997,0.276037197166088
3861,0.22227151140003337,0.28670065013448653,0.2687563270654467,0.22227151140003337
3862,0.22227151140003337,0.28670065013448653,0.2687563270654467,0.22227151140003337
3863,0.22227151140003337,0.28670065013448653,0.2687563270654467,0.22227151140003337
3864,0.22227151140003337,0.28670065013448653,0.2687563270654467,0.22227151140003337
3865,0.2496954367227103,0.2478443453489495,0.27470048157743304,0.22775973635090707
3866,0.22227151140003337,0.28670065013448653,0.2687563270654467,0.22227151140003337
3867,0.24958380963190333,0.22459757429554866,0.24978141890645997,0.276037197166088
3868,0.22227151140003337,0.28670065013448653,0.2687563270654467,0.22227151140003337
3869,0.24958380963190333,0.22459757429554866,0.24978141890645997,0.276037197166088
3870,0.22227151140003337,0.28670065013448653,0.2687563270654467,0.22227151140003337
3871,0.22367094972152926,0.2851186955091336,0.2688562244798326,0.22235413028950457
3872,0.2496954367227103,0.2478443453489495,0.27470048157743304,0.22775973635090707
3873,0.24958380963190333,0.22459757429554866,0.24978141890645997,0.276037197166088
3874,0.22680395398311315,0.2793681010290941,0.27128607894139994,0.22254186604639276
3875,0.24292283574736154,0.25468507578998073,0.27466323445544255,0.22772885400721524
3876,0.22227151140003337,0.28670065013448653,0.2687563270654467,0.22227151140003337
3877,0.22227151140003337,0.28670065013448653,0.2687563270654467,0.22227151140003337
3878,0.24958380963190333,0.22459757429554866,0.24978141890645997,0.276037197166088
3879,0.2496954367227103,0.2478443453489495,0.27470048157743304,0.22775973635090707
3880,0.2496954367227103,0.2478443453489495,0.27470048157743304,0.22775973635090707
3881,0.2496954367227103,0.2478443453489495,0.27470048157743304,0.22775973635090707
3882,0.22227151140003337,0.28670065013448653,0.2687563270654467,0.22227151140003337
3883,0.2496954367227103,0.2478443453489495,0.27470048157743304,0.22775973635090707
3884,0.22227151140003337,0.28670065013448653,0.2687563270654467,0.22227151140003337
3885,0.24958380963190333,0.22459757429554866,0.24978141890645997,0.276037197166088
3886,0.2496954367227103,0.2478443453489495,0.27470048157743304,0.22775973635090707
3887,0.22227151140003337,0.28670065013448653,0.2687563270654467,0.22227151140003337
3888,0.22227151140003337,0.28670065013448653,0.2687563270654467,0.22227151140003337
3889,0.22227151140003337,0.28670065013448653,0.2687563270654467,0.22227151140003337
3890,0.22227151140003337,0.28670065013448653,0.2687563270654467,0.22227151140003337
3891,0.22227151140003337,0.28670065013448653,0.2687563270654467,0.22227151140003337
3892,0.23133784794858225,0.26683651310152184,0.27435355032843534,0.22747208862146057
3893,0.24958380963190333,0.22459757429554866,0.24978141890645997,0.276037197166088
3894,0.24958380963190333,0.22459757429554866,0.24978141890645997,0.276037197166088
3895,0.22227151140003337,0.28670065013448653,0.2687563270654467,0.22227151140003337
3896,0.22227151140003337,0.28670065013448653,0.2687563270654467,0.22227151140003337
3897,0.22227151140003337,0.28670065013448653,0.2687563270654467,0.22227151140003337
3898,0.22227151140003337,0.28670065013448653,0.2687563270654467,0.22227151140003337
3899,0.22227151140003337,0.28670065013448653,0.2687563270654467,0.22227151140003337
3900,0.2496954367227103,0.2478443453489495,0.27470048157743304,0.22775973635090707
3901,0.22227151140003337,0.28670065013448653,0.2687563270654467,0.22227151140003337
3902,0.24194968366543873,0.28549982092983456,0.24974101447714078,0.22280948092758585
3903,0.22227151140003337,0.28670065013448653,0.2687563270654467,0.22227151140003337
3904,0.22680395398311315,0.2793681010290941,0.27128607894139994,0.22254186604639276
3905,0.24958380963190333,0.22459757429554866,0.24978141890645997,0.276037197166088
3906,0.22227151140003337,0.28670065013448653,0.2687563270654467,0.22227151140003337
3907,0.2496954367227103,0.2478443453489495,0.27470048157743304,0.22775973635090707
3908,0.2644829580810333,0.22290787370111398,0.23683050725432914,0.2757786609635237
3909,0.24958380963190333,0.22459757429554866,0.24978141890645997,0.276037197166088
3910,0.27055697202169154,0.22273234434830128,0.2311491852506253,0.27556149837938193
3911,0.25850361612021977,0.22302150323001926,0.24255563874215877,0.27591924190760214
3912,0.25850361612021977,0.22302150323001926,0.24255563874215877,0.27591924190760214
3913,0.24958380963190333,0.22459757429554866,0.24978141890645997,0.276037197166088
3914,0.27649198822892346,0.24191539794815328,0.2497578047676401,0.23183480905528323
3915,0.2306621982024805,0.2852415355675873,0.2614883561030077,0.2226079101269245
3916,0.24958380963190333,0.22459757429554866,0.24978141890645997,0.276037197166088
3917,0.24958380963190333,0.22459757429554866,0.24978141890645997,0.276037197166088
3918,0.2764223240926711,0.2461650096075887,0.24969487650034067,0.22771778979939955
3919,0.2496954367227103,0.2478443453489495,0.27470048157743304,0.22775973635090707
3920,0.2686105331336013,0.22279506403807978,0.2329553084817064,0.27563909434661255
3921,0.24958380963190333,0.22459757429554866,0.24978141890645997,0.276037197166088
3922,0.24958380963190333,0.22459757429554866,0.24978141890645997,0.276037197166088
3923,0.2765487086363895,0.23569615097861057,0.24692313077228814,0.24083200961271184
3924,0.22227151140003337,0.28670065013448653,0.2687563270654467,0.22227151140003337
3925,0.24012407192037208,0.28547918522123267,0.25160336642960446,0.22279337642879077
3926,0.2764223240926711,0.2461650096075887,0.24969487650034067,0.22771778979939955
3927,0.2756358381517024,0.22254053817697775,0.2264994253397732,0.27532419833154664
3928,0.2764223240926711,0.2461650096075887,0.24969487650034067,0.22771778979939955
3929,0.22227151140003337,0.28670065013448653,0.2687563270654467,0.22227151140003337
3930,0.2381928573629116,0.2854486199762488,0.25358899992956463,0.22276952273127495
3931,0.22227151140003337,0.28670065013448653,0.2687563270654467,0.22227151140003337
3932,0.22227151140003337,0.28670065013448653,0.2687563270654467,0.22227151140003337
3933,0.24958380963190333,0.22459757429554866,0.24978141890645997,0.276037197166088
3934,0.24976552497064355,0.24357272518764644,0.2747775886151622,0.23188416122654784
3935,0.22227151140003337,0.28670065013448653,0.2687563270654467,0.22227151140003337
3936,0.23133784794858225,0.26683651310152184,0.27435355032843534,0.22747208862146057
3937,0.23625634768559436,0.28540884275892364,0.2555963297198422,0.22273847983563985
3938,0.27055697202169154,0.22273234434830128,0.2311491852506253,0.27556149837938193
3939,0.2496954367227103,0.2478443453489495,0.27470048157743304,0.22775973635090707
3940,0.2764120288420475,0.2287510994160474,0.24156772107180732,0.2532691506700977
3941,0.22227151140003337,0.28670065013448653,0.2687563270654467,0.22227151140003337
3942,0.2665502291945223,0.22285482973899404,0.2348819053884322,0.2757130356780515
3943,0.24958380963190333,0.22459757429554866,0.24978141890645997,0.276037197166088
3944,0.24976552497064355,0.24357272518764644,0.2747775886151622,0.23188416122654784
3945,0.25850361612021977,0.22302150323001926,0.24255563874215877,0.27591924190760214
3946,0.22227151140003337,0.28670065013448653,0.2687563270654467,0.22227151140003337
3947,0.2764223240926711,0.2461650096075887,0.24969487650034067,0.22771778979939955
3948,0.22227151140003337,0.28670065013448653,0.2687563270654467,0.22227151140003337
3949,0.2756358381517024,0.22254053817697775,0.2264994253397732,0.27532419833154664
3950,0.22227151140003337,0.28670065013448653,0.2687563270654467,0.22227151140003337
3951,0.24958380963190333,0.22459757429554866,0.24978141890645997,0.276037197166088
3952,0.22227151140003337,0.28670065013448653,0.2687563270654467,0.22227151140003337
3953,0.24671842605155303,0.28551653147963335,0.24494252031088815,0.22282252215792553
3954,0.24958380963190333,0.22459757429554866,0.24978141890645997,0.276037197166088
3955,0.24958380963190333,0.22459757429554866,0.24978141890645997,0.276037197166088
3956,0.24823410045200106,0.28389801300795603,0.2449963740274313,0.22287151251261153
3957,0.27055697202169154,0.22273234434830128,0.2311491852506253,0.27556149837938193
3958,0.22227151140003337,0.28670065013448653,0.2687563270654467,0.22227151140003337
3959,0.24958380963190333,0.22459757429554866,0.24978141890645997,0.276037197166088
3960,0.22227151140003337,0.28670065013448653,0.2687563270654467,0.22227151140003337
3961,0.22227151140003337,0.28670065013448653,0.2687563270654467,0.22227151140003337
3962,0.27649198822892346,0.24191539794815328,0.2497578047676401,0.23183480905528323
3963,0.24972282926461628,0.2247226764499426,0.2576696548611619,0.2678848394242792
3964,0.22227151140003337,0.28670065013448653,0.2687563270654467,0.22227151140003337
3965,0.24958380963190333,0.22459757429554866,0.24978141890645997,0.276037197166088
3966,0.22227151140003337,0.28670065013448653,0.2687563270654467,0.22227151140003337
3967,0.22384037587458464,0.2867872019292172,0.26703380945467803,0.22233861274152023
3968,0.22227151140003337,0.28670065013448653,0.2687563270654467,0.22227151140003337
3969,0.24970239082789633,0.22470428413789129,0.2558981110668273,0.269695213967385
3970,0.24671842605155303,0.28551653147963335,0.24494252031088815,0.22282252215792553
3971,0.2760473864467348,0.2228728105682476,0.23560302121672097,0.26547678176829653
3972,0.22227151140003337,0.28670065013448653,0.2687563270654467,0.22227151140003337
3973,0.2764223240926711,0.2461650096075887,0.24969487650034067,0.22771778979939955
3974,0.24989926473259494,0.23738924308673573,0.27174866328989533,0.24096282889077394
3975,0.22227151140003337,0.28670065013448653,0.2687563270654467,0.22227151140003337
3976,0.22227151140003337,0.28670065013448653,0.2687563270654467,0.22227151140003337
3977,0.22227151140003337,0.28670065013448653,0.2687563270654467,0.22227151140003337
3978,0.24958380963190333,0.22459757429554866,0.24978141890645997,0.276037197166088
3979,0.22227151140003337,0.28670065013448653,0.2687563270654467,0.22227151140003337
3980,0.2496954367227103,0.2478443453489495,0.27470048157743304,0.22775973635090707
3981,0.24958380963190333,0.22459757429554866,0.24978141890645997,0.276037197166088
3982,0.25491576985844167,0.22457320361743632,0.24450378165694137,0.27600724486718065
3983,0.24671842605155303,0.28551653147963335,0.24494252031088815,0.22282252215792553
3984,0.24671842605155303,0.28551653147963335,0.24494252031088815,0.22282252215792553
3985,0.22227151140003337,0.28670065013448653,0.2687563270654467,0.22227151140003337
3986,0.2292504711286587,0.2714005244888186,0.2741551378540549,0.22519386652846785
3987,0.26913145853958803,0.25315378064233524,0.24985287702854642,0.22786188378953035
3988,0.24671842605155303,0.28551653147963335,0.24494252031088815,0.22282252215792553
3989,0.2764223240926711,0.2461650096075887,0.24969487650034067,0.22771778979939955
3990,0.24958380963190333,0.22459757429554866,0.24978141890645997,0.276037197166088
3991,0.22227151140003337,0.28670065013448653,0.2687563270654467,0.22227151140003337
3992,0.22680395398311315,0.2793681010290941,0.27128607894139994,0.22254186604639276
3993,0.24973808021879731,0.2247364006066489,0.25959378019870055,0.26593173897585326
3994,0.22367094972152926,0.2851186955091336,0.2688562244798326,0.22235413028950457
3995,0.24958380963190333,0.22459757429554866,0.24978141890645997,0.276037197166088
3996,0.24958380963190333,0.22459757429554866,0.24978141890645997,0.276037197166088
3997,0.24671842605155303,0.28551653147963335,0.24494252031088815,0.22282252215792553
3998,0.22227151140003337,0.28670065013448653,0.2687563270654467,0.22227151140003337
3999,0.22227151140003337,0.28670065013448653,0.2687563270654467,0.22227151140003337
4000,0.23707778393390375,0.2607430610461055,0.274546821419828,0.2276323336001627
4001,0.22227151140003337,0.28670065013448653,0.2687563270654467,0.22227151140003337
4002,0.22227151140003337,0.28670065013448653,0.2687563270654467,0.22227151140003337
4003,0.22227151140003337,0.28670065013448653,0.2687563270654467,0.22227151140003337
4004,0.24958380963190333,0.22459757429554866,0.24978141890645997,0.276037197166088
4005,0.22227151140003337,0.28670065013448653,0.2687563270654467,0.22227151140003337
4006,0.22227151140003337,0.28670065013448653,0.2687563270654467,0.22227151140003337
4007,0.24671842605155303,0.28551653147963335,0.24494252031088815,0.22282252215792553
4008,0.24958380963190333,0.22459757429554866,0.24978141890645997,0.276037197166088
4009,0.22227151140003337,0.28670065013448653,0.2687563270654467,0.22227151140003337
4010,0.24958380963190333,0.22459757429554866,0.24978141890645997,0.276037197166088
4011,0.27310225409575006,0.24623653057826325,0.2528772642253028,0.2277839511006839
4012,0.22367094972152926,0.2851186955091336,0.2688562244798326,0.22235413028950457
4013,0.25850361612021977,0.22302150323001926,0.24255563874215877,0.27591924190760214
4014,0.24958380963190333,0.22459757429554866,0.24978141890645997,0.276037197166088
4015,0.24958380963190333,0.22459757429554866,0.24978141890645997,0.276037197166088
4016,0.22227151140003337,0.28670065013448653,0.2687563270654467,0.22227151140003337
4017,0.22227151140003337,0.28670065013448653,0.2687563270654467,0.22227151140003337
4018,0.22227151140003337,0.28670065013448653,0.2687563270654467,0.22227151140003337
4019,0.25662894851913526,0.2655761118425382,0.24989481190383026,0.22790012773449628
4020,0.2496954367227103,0.2478443453489495,0.27470048157743304,0.22775973635090707
4021,0.24958380963190333,0.22459757429554866,0.24978141890645997,0.276037197166088
4022,0.2517404759162937,0.2755795326412122,0.24959433244743506,0.22308565899505892
4023,0.24958380963190333,0.22459757429554866,0.24978141890645997,0.276037197166088
4024,0.2665502291945223,0.22285482973899404,0.2348819053884322,0.2757130356780515
4025,0.22227151140003337,0.28670065013448653,0.2687563270654467,0.22227151140003337
4026,0.24958380963190333,0.22459757429554866,0.24978141890645997,0.276037197166088
4027,0.22227151140003337,0.28670065013448653,0.2687563270654467,0.22227151140003337
4028,0.27649198822892346,0.24191539794815328,0.2497578047676401,0.23183480905528323
4029,0.24958380963190333,0.22459757429554866,0.24978141890645997,0.276037197166088
4030,0.23133784794858225,0.26683651310152184,0.27435355032843534,0.22747208862146057
4031,0.2666625416855345,0.22294873091903697,0.23759963163714773,0.2727890957582808
4032,0.27649198822892346,0.24191539794815328,0.2497578047676401,0.23183480905528323
4033,0.22227151140003337,0.28670065013448653,0.2687563270654467,0.22227151140003337
4034,0.2764223240926711,0.2461650096075887,0.24969487650034067,0.22771778979939955
4035,0.2764223240926711,0.2461650096075887,0.24969487650034067,0.22771778979939955
4036,0.22227151140003337,0.28670065013448653,0.2687563270654467,0.22227151140003337
4037,0.22384037587458464,0.2867872019292172,0.26703380945467803,0.22233861274152023
4038,0.2765487086363895,0.23569615097861057,0.24692313077228814,0.24083200961271184
4039,0.22227151140003337,0.28670065013448653,0.2687563270654467,0.22227151140003337
4040,0.2764223240926711,0.2461650096075887,0.24969487650034067,0.22771778979939955
4041,0.22227151140003337,0.28670065013448653,0.2687563270654467,0.22227151140003337
4042,0.24958380963190333,0.22459757429554866,0.24978141890645997,0.276037197166088
4043,0.24958380963190333,0.22459757429554866,0.24978141890645997,0.276037197166088
4044,0.2760473864467348,0.2228728105682476,0.23560302121672097,0.26547678176829653
4045,0.27649198822892346,0.24191539794815328,0.2497578047676401,0.23183480905528323
4046,0.2756358381517024,0.22254053817697775,0.2264994253397732,0.27532419833154664
4047,0.2764223240926711,0.2461650096075887,0.24969487650034067,0.22771778979939955
4048,0.24958380963190333,0.22459757429554866,0.24978141890645997,0.276037197166088
4049,0.2496954367227103,0.2478443453489495,0.27470048157743304,0.22775973635090707
4050,0.22680395398311315,0.2793681010290941,0.27128607894139994,0.22254186604639276
4051,0.22227151140003337,0.28670065013448653,0.2687563270654467,0.22227151140003337
4052,0.22227151140003337,0.28670065013448653,0.2687563270654467,0.22227151140003337
4053,0.22227151140003337,0.28670065013448653,0.2687563270654467,0.22227151140003337
4054,0.22227151140003337,0.28670065013448653,0.2687563270654467,0.22227151140003337
4055,0.2686105331336013,0.22279506403807978,0.2329553084817064,0.27563909434661255
4056,0.22227151140003337,0.28670065013448653,0.2687563270654467,0.22227151140003337
4057,0.24958380963190333,0.22459757429554866,0.24978141890645997,0.276037197166088
4058,0.2351215148741415,0.2628034726994304,0.2744898855280228,0.22758512689840524
4059,0.2665502291945223,0.22285482973899404,0.2348819053884322,0.2757130356780515
4060,0.27649198822892346,0.24191539794815328,0.2497578047676401,0.23183480905528323
4061,0.27649198822892346,0.24191539794815328,0.2497578047676401,0.23183480905528323
4062,0.27649198822892346,0.24191539794815328,0.2497578047676401,0.23183480905528323
4063,0.258841675878463,0.2463168241130093,0.26698327244468323,0.22785822756384452
4064,0.2760473864467348,0.2228728105682476,0.23560302121672097,0.26547678176829653
4065,0.25662894851913526,0.2655761118425382,0.24989481190383026,0.22790012773449628
4066,0.24958380963190333,0.22459757429554866,0.24978141890645997,0.276037197166088
4067,0.24976552497064355,0.24357272518764644,0.2747775886151622,0.23188416122654784
4068,0.22680395398311315,0.2793681010290941,0.27128607894139994,0.22254186604639276
4069,0.24958380963190333,0.22459757429554866,0.24978141890645997,0.276037197166088
4070,0.24958380963190333,0.22459757429554866,0.24978141890645997,0.276037197166088
4071,0.24958380963190333,0.22459757429554866,0.24978141890645997,0.276037197166088
4072,0.2496954367227103,0.2478443453489495,0.27470048157743304,0.22775973635090707
4073,0.22227151140003337,0.28670065013448653,0.2687563270654467,0.22227151140003337
4074,0.27649198822892346,0.24191539794815328,0.2497578047676401,0.23183480905528323
4075,0.2756358381517024,0.22254053817697775,0.2264994253397732,0.27532419833154664
4076,0.22227151140003337,0.28670065013448653,0.2687563270654467,0.22227151140003337
4077,0.27649198822892346,0.24191539794815328,0.2497578047676401,0.23183480905528323
4078,0.22227151140003337,0.28670065013448653,0.2687563270654467,0.22227151140003337
4079,0.2665502291945223,0.22285482973899404,0.2348819053884322,0.2757130356780515
4080,0.2292504711286587,0.2714005244888186,0.2741551378540549,0.22519386652846785
4081,0.22227151140003337,0.28670065013448653,0.2687563270654467,0.22227151140003337
4082,0.24973808021879731,0.2247364006066489,0.25959378019870055,0.26593173897585326
4083,0.24958380963190333,0.22459757429554866,0.24978141890645997,0.276037197166088
4084,0.2496954367227103,0.2478443453489495,0.27470048157743304,0.22775973635090707
4085,0.24671842605155303,0.28551653147963335,0.24494252031088815,0.22282252215792553
4086,0.25850361612021977,0.22302150323001926,0.24255563874215877,0.27591924190760214
4087,0.2756358381517024,0.22254053817697775,0.2264994253397732,0.27532419833154664
4088,0.2306621982024805,0.2852415355675873,0.2614883561030077,0.2226079101269245
4089,0.24958380963190333,0.22459757429554866,0.24978141890645997,0.276037197166088
4090,0.2764223240926711,0.2461650096075887,0.24969487650034067,0.22771778979939955
4091,0.27649198822892346,0.24191539794815328,0.2497578047676401,0.23183480905528323
4092,0.24958380963190333,0.22459757429554866,0.24978141890645997,0.276037197166088
4093,0.22227151140003337,0.28670065013448653,0.2687563270654467,0.22227151140003337
4094,0.24958380963190333,0.22459757429554866,0.24978141890645997,0.276037197166088
4095,0.2764223240926711,0.2461650096075887,0.24969487650034067,0.22771778979939955
4096,0.22227151140003337,0.28670065013448653,0.2687563270654467,0.22227151140003337
4097,0.2764223240926711,0.2461650096075887,0.24969487650034067,0.22771778979939955
4098,0.22227151140003337,0.28670065013448653,0.2687563270654467,0.22227151140003337
4099,0.27649198822892346,0.24191539794815328,0.2497578047676401,0.23183480905528323
4100,0.22227151140003337,0.28670065013448653,0.2687563270654467,0.22227151140003337
4101,0.24976552497064355,0.24357272518764644,0.2747775886151622,0.23188416122654784
4102,0.24012407192037208,0.28547918522123267,0.25160336642960446,0.22279337642879077
4103,0.27055697202169154,0.22273234434830128,0.2311491852506253,0.27556149837938193
4104,0.22680395398311315,0.2793681010290941,0.27128607894139994,0.22254186604639276
4105,0.24958380963190333,0.22459757429554866,0.24978141890645997,0.276037197166088
4106,0.22227151140003337,0.28670065013448653,0.2687563270654467,0.22227151140003337
4107,0.27055697202169154,0.22273234434830128,0.2311491852506253,0.27556149837938193
4108,0.22227151140003337,0.28670065013448653,0.2687563270654467,0.22227151140003337
4109,0.24958380963190333,0.22459757429554866,0.24978141890645997,0.276037197166088
4110,0.2496954367227103,0.2478443453489495,0.27470048157743304,0.22775973635090707
4111,0.2306621982024805,0.2852415355675873,0.2614883561030077,0.2226079101269245
4112,0.24958380963190333,0.22459757429554866,0.24978141890645997,0.276037197166088
4113,0.22227151140003337,0.28670065013448653,0.2687563270654467,0.22227151140003337
4114,0.2496954367227103,0.2478443453489495,0.27470048157743304,0.22775973635090707
4115,0.2756358381517024,0.22254053817697775,0.2264994253397732,0.27532419833154664
4116,0.24958380963190333,0.22459757429554866,0.24978141890645997,0.276037197166088
4117,0.2272438935154232,0.286952277612164,0.26333723727375796,0.22246659159865487
4118,0.22680395398311315,0.2793681010290941,0.27128607894139994,0.22254186604639276
4119,0.22227151140003337,0.28670065013448653,0.2687563270654467,0.22227151140003337
4120,0.2496954367227103,0.2478443453489495,0.27470048157743304,0.22775973635090707
4121,0.27649198822892346,0.24191539794815328,0.2497578047676401,0.23183480905528323
4122,0.22227151140003337,0.28670065013448653,0.2687563270654467,0.22227151140003337
4123,0.22227151140003337,0.28670065013448653,0.2687563270654467,0.22227151140003337
4124,0.22227151140003337,0.28670065013448653,0.2687563270654467,0.22227151140003337
4125,0.22227151140003337,0.28670065013448653,0.2687563270654467,0.22227151140003337
4126,0.2764223240926711,0.2461650096075887,0.24969487650034067,0.22771778979939955
4127,0.25850361612021977,0.22302150323001926,0.24255563874215877,0.27591924190760214
4128,0.2496954367227103,0.2478443453489495,0.27470048157743304,0.22775973635090707
4129,0.27055697202169154,0.22273234434830128,0.2311491852506253,0.27556149837938193
4130,0.24958380963190333,0.22459757429554866,0.24978141890645997,0.276037197166088
4131,0.22227151140003337,0.28670065013448653,0.2687563270654467,0.22227151140003337
4132,0.2644829580810333,0.22290787370111398,0.23683050725432914,0.2757786609635237
4133,0.24972282926461628,0.2247226764499426,0.2576696548611619,0.2678848394242792
4134,0.22227151140003337,0.28670065013448653,0.2687563270654467,0.22227151140003337
4135,0.24958380963190333,0.22459757429554866,0.24978141890645997,0.276037197166088
4136,0.22227151140003337,0.28670065013448653,0.2687563270654467,0.22227151140003337
4137,0.2764223240926711,0.2461650096075887,0.24969487650034067,0.22771778979939955
4138,0.24958380963190333,0.22459757429554866,0.24978141890645997,0.276037197166088
4139,0.27055697202169154,0.22273234434830128,0.2311491852506253,0.27556149837938193
4140,0.22227151140003337,0.28670065013448653,0.2687563270654467,0.22227151140003337
4141,0.22227151140003337,0.28670065013448653,0.2687563270654467,0.22227151140003337
4142,0.22227151140003337,0.28670065013448653,0.2687563270654467,0.22227151140003337
4143,0.24958380963190333,0.22459757429554866,0.24978141890645997,0.276037197166088
4144,0.24671842605155303,0.28551653147963335,0.24494252031088815,0.22282252215792553
4145,0.24976552497064355,0.24357272518764644,0.2747775886151622,0.23188416122654784
4146,0.27055697202169154,0.22273234434830128,0.2311491852506253,0.27556149837938193
4147,0.26921176827130733,0.24629541320679824,0.25665439736452395,0.2278384211573704
4148,0.24958380963190333,0.22459757429554866,0.24978141890645997,0.276037197166088
4149,0.2496954367227103,0.2478443453489495,0.27470048157743304,0.22775973635090707
4150,0.24671842605155303,0.28551653147963335,0.24494252031088815,0.22282252215792553
4151,0.24958380963190333,0.22459757429554866,0.24978141890645997,0.276037197166088
4152,0.24671842605155303,0.28551653147963335,0.24494252031088815,0.22282252215792553
4153,0.25850361612021977,0.22302150323001926,0.24255563874215877,0.27591924190760214
4154,0.24970239082789633,0.22470428413789129,0.2558981110668273,0.269695213967385
4155,0.2306621982024805,0.2852415355675873,0.2614883561030077,0.2226079101269245
4156,0.22227151140003337,0.28670065013448653,0.2687563270654467,0.22227151140003337
4157,0.22227151140003337,0.28670065013448653,0.2687563270654467,0.22227151140003337
4158,0.22227151140003337,0.28670065013448653,0.2687563270654467,0.22227151140003337
4159,0.22227151140003337,0.28670065013448653,0.2687563270654467,0.22227151140003337
4160,0.22367094972152926,0.2851186955091336,0.2688562244798326,0.22235413028950457
4161,0.22227151140003337,0.28670065013448653,0.2687563270654467,0.22227151140003337
4162,0.24989926473259494,0.23738924308673573,0.27174866328989533,0.24096282889077394
4163,0.22227151140003337,0.28670065013448653,0.2687563270654467,0.22227151140003337
4164,0.24958380963190333,0.22459757429554866,0.24978141890645997,0.276037197166088
4165,0.2496954367227103,0.2478443453489495,0.27470048157743304,0.22775973635090707
4166,0.2496954367227103,0.2478443453489495,0.27470048157743304,0.22775973635090707
4167,0.2496954367227103,0.2478443453489495,0.27470048157743304,0.22775973635090707
4168,0.2496954367227103,0.2478443453489495,0.27470048157743304,0.22775973635090707
4169,0.22227151140003337,0.28670065013448653,0.2687563270654467,0.22227151140003337
4170,0.24973808021879731,0.2247364006066489,0.25959378019870055,0.26593173897585326
4171,0.2496954367227103,0.2478443453489495,0.27470048157743304,0.22775973635090707
4172,0.24958380963190333,0.22459757429554866,0.24978141890645997,0.276037197166088
4173,0.24976552497064355,0.24357272518764644,0.2747775886151622,0.23188416122654784
4174,0.24958380963190333,0.22459757429554866,0.24978141890645997,0.276037197166088
4175,0.24958380963190333,0.22459757429554866,0.24978141890645997,0.276037197166088
4176,0.2496954367227103,0.2478443453489495,0.27470048157743304,0.22775973635090707
4177,0.27266025587741133,0.22287906615161568,0.23518082088590264,0.26927985708507035
4178,0.2650430242014154,0.24207592746390036,0.2608923990114949,0.23198864932318933
4179,0.24958380963190333,0.22459757429554866,0.24978141890645997,0.276037197166088
4180,0.2496954367227103,0.2478443453489495,0.27470048157743304,0.22775973635090707
4181,0.24958380963190333,0.22459757429554866,0.24978141890645997,0.276037197166088
4182,0.2496954367227103,0.2478443453489495,0.27470048157743304,0.22775973635090707
4183,0.24958380963190333,0.22459757429554866,0.24978141890645997,0.276037197166088
4184,0.22227151140003337,0.28670065013448653,0.2687563270654467,0.22227151140003337
4185,0.22227151140003337,0.28670065013448653,0.2687563270654467,0.22227151140003337
4186,0.22227151140003337,0.28670065013448653,0.2687563270654467,0.22227151140003337
4187,0.24671842605155303,0.28551653147963335,0.24494252031088815,0.22282252215792553
4188,0.22227151140003337,0.28670065013448653,0.2687563270654467,0.22227151140003337
4189,0.27649198822892346,0.24191539794815328,0.2497578047676401,0.23183480905528323
4190,0.2712425395935507,0.2288838560987548,0.24645746779857391,0.2534161365091206
4191,0.22227151140003337,0.28670065013448653,0.2687563270654467,0.22227151140003337
4192,0.2764223240926711,0.2461650096075887,0.24969487650034067,0.22771778979939955
4193,0.2496954367227103,0.2478443453489495,0.27470048157743304,0.22775973635090707
4194,0.22227151140003337,0.28670065013448653,0.2687563270654467,0.22227151140003337
4195,0.2756358381517024,0.22254053817697775,0.2264994253397732,0.27532419833154664
4196,0.24012407192037208,0.28547918522123267,0.25160336642960446,0.22279337642879077
4197,0.22227151140003337,0.28670065013448653,0.2687563270654467,0.22227151140003337
4198,0.2764223240926711,0.2461650096075887,0.24969487650034067,0.22771778979939955
4199,0.22227151140003337,0.28670065013448653,0.2687563270654467,0.22227151140003337
4200,0.24989926473259494,0.23738924308673573,0.27174866328989533,0.24096282889077394
4201,0.2764120288420475,0.2287510994160474,0.24156772107180732,0.2532691506700977
4202,0.24972282926461628,0.2247226764499426,0.2576696548611619,0.2678848394242792
4203,0.24958380963190333,0.22459757429554866,0.24978141890645997,0.276037197166088
4204,0.2587345517722791,0.22322074073796855,0.25215348583755015,0.26589122165220214
4205,0.22227151140003337,0.28670065013448653,0.2687563270654467,0.22227151140003337
4206,0.22227151140003337,0.28670065013448653,0.2687563270654467,0.22227151140003337
4207,0.22912941785406846,0.2742043441954423,0.2740103731474893,0.22265586480299995
4208,0.22227151140003337,0.28670065013448653,0.2687563270654467,0.22227151140003337
4209,0.25850361612021977,0.22302150323001926,0.24255563874215877,0.27591924190760214
4210,0.24958380963190333,0.22459757429554866,0.24978141890645997,0.276037197166088
4211,0.23133784794858225,0.26683651310152184,0.27435355032843534,0.22747208862146057
4212,0.2496954367227103,0.2478443453489495,0.27470048157743304,0.22775973635090707
4213,0.22227151140003337,0.28670065013448653,0.2687563270654467,0.22227151140003337
4214,0.27240127288181515,0.22266736720773445,0.22945025038643385,0.2754811095240166
4215,0.2756358381517024,0.22254053817697775,0.2264994253397732,0.27532419833154664
4216,0.2756358381517024,0.22254053817697775,0.2264994253397732,0.27532419833154664
4217,0.2665502291945223,0.22285482973899404,0.2348819053884322,0.2757130356780515
4218,0.24958380963190333,0.22459757429554866,0.24978141890645997,0.276037197166088
4219,0.22912941785406846,0.2742043441954423,0.2740103731474893,0.22265586480299995
4220,0.24958380963190333,0.22459757429554866,0.24978141890645997,0.276037197166088
4221,0.22227151140003337,0.28670065013448653,0.2687563270654467,0.22227151140003337
4222,0.22227151140003337,0.28670065013448653,0.2687563270654467,0.22227151140003337
4223,0.2756358381517024,0.22254053817697775,0.2264994253397732,0.27532419833154664
4224,0.22680395398311315,0.2793681010290941,0.27128607894139994,0.22254186604639276
4225,0.27134880674701245,0.2358087303263046,0.2518954208434218,0.24094704208326115
4226,0.27649198822892346,0.24191539794815328,0.2497578047676401,0.23183480905528323
4227,0.2390860761497665,0.25864514694776974,0.2745958186805001,0.22767295822196357
4228,0.24958380963190333,0.22459757429554866,0.24978141890645997,0.276037197166088
4229,0.2756358381517024,0.22254053817697775,0.2264994253397732,0.27532419833154664
4230,0.22227151140003337,0.28670065013448653,0.2687563270654467,0.22227151140003337
4231,0.22227151140003337,0.28670065013448653,0.2687563270654467,0.22227151140003337
4232,0.2496954367227103,0.2478443453489495,0.27470048157743304,0.22775973635090707
4233,0.24964839435044703,0.22465569333437121,0.25263047797959803,0.2730654343355838
4234,0.25662894851913526,0.2655761118425382,0.24989481190383026,0.22790012773449628
4235,0.2756358381517024,0.22254053817697775,0.2264994253397732,0.27532419833154664
4236,0.2764120288420475,0.2287510994160474,0.24156772107180732,0.2532691506700977
4237,0.24958380963190333,0.22459757429554866,0.24978141890645997,0.276037197166088
4238,0.24958380963190333,0.22459757429554866,0.24978141890645997,0.276037197166088
4239,0.22227151140003337,0.28670065013448653,0.2687563270654467,0.22227151140003337
4240,0.2496954367227103,0.2478443453489495,0.27470048157743304,0.22775973635090707
4241,0.24991780735486605,0.23052533148517196,0.26600601904899385,0.2535508421109681
4242,0.22227151140003337,0.28670065013448653,0.2687563270654467,0.22227151140003337
4243,0.2764223240926711,0.2461650096075887,0.24969487650034067,0.22771778979939955
4244,0.22384037587458464,0.2867872019292172,0.26703380945467803,0.22233861274152023
4245,0.22227151140003337,0.28670065013448653,0.2687563270654467,0.22227151140003337
4246,0.22227151140003337,0.28670065013448653,0.2687563270654467,0.22227151140003337
4247,0.22227151140003337,0.28670065013448653,0.2687563270654467,0.22227151140003337
4248,0.24958380963190333,0.22459757429554866,0.24978141890645997,0.276037197166088
4249,0.2764223240926711,0.2461650096075887,0.24969487650034067,0.22771778979939955
4250,0.27649198822892346,0.24191539794815328,0.2497578047676401,0.23183480905528323
4251,0.24958380963190333,0.22459757429554866,0.24978141890645997,0.276037197166088
4252,0.2496954367227103,0.2478443453489495,0.27470048157743304,0.22775973635090707
4253,0.2764223240926711,0.2461650096075887,0.24969487650034067,0.22771778979939955
4254,0.2764223240926711,0.2461650096075887,0.24969487650034067,0.22771778979939955
4255,0.24989926473259494,0.23738924308673573,0.27174866328989533,0.24096282889077394
4256,0.2756358381517024,0.22254053817697775,0.2264994253397732,0.27532419833154664
4257,0.2292504711286587,0.2714005244888186,0.2741551378540549,0.22519386652846785
4258,0.24671842605155303,0.28551653147963335,0.24494252031088815,0.22282252215792553
4259,0.24958380963190333,0.22459757429554866,0.24978141890645997,0.276037197166088
4260,0.22227151140003337,0.28670065013448653,0.2687563270654467,0.22227151140003337
4261,0.2496954367227103,0.2478443453489495,0.27470048157743304,0.22775973635090707
4262,0.22227151140003337,0.28670065013448653,0.2687563270654467,0.22227151140003337
4263,0.24976552497064355,0.24357272518764644,0.2747775886151622,0.23188416122654784
4264,0.2496954367227103,0.2478443453489495,0.27470048157743304,0.22775973635090707
4265,0.22680395398311315,0.2793681010290941,0.27128607894139994,0.22254186604639276
4266,0.24958380963190333,0.22459757429554866,0.24978141890645997,0.276037197166088
4267,0.24958380963190333,0.22459757429554866,0.24978141890645997,0.276037197166088
4268,0.22227151140003337,0.28670065013448653,0.2687563270654467,0.22227151140003337
4269,0.24671842605155303,0.28551653147963335,0.24494252031088815,0.22282252215792553
4270,0.22227151140003337,0.28670065013448653,0.2687563270654467,0.22227151140003337
4271,0.26282835950317324,0.2593456232130386,0.24991106603656116,0.22791495124722694
4272,0.2306621982024805,0.2852415355675873,0.2614883561030077,0.2226079101269245
4273,0.2756358381517024,0.22254053817697775,0.2264994253397732,0.27532419833154664
4274,0.2756358381517024,0.22254053817697775,0.2264994253397732,0.27532419833154664
4275,0.2644829580810333,0.22290787370111398,0.23683050725432914,0.2757786609635237
4276,0.22227151140003337,0.28670065013448653,0.2687563270654467,0.22227151140003337
4277,0.24958380963190333,0.22459757429554866,0.24978141890645997,0.276037197166088
4278,0.2306621982024805,0.2852415355675873,0.2614883561030077,0.2226079101269245
4279,0.27055697202169154,0.22273234434830128,0.2311491852506253,0.27556149837938193
4280,0.24958380963190333,0.22459757429554866,0.24978141890645997,0.276037197166088
4281,0.2764223240926711,0.2461650096075887,0.24969487650034067,0.22771778979939955
4282,0.24958380963190333,0.22459757429554866,0.24978141890645997,0.276037197166088
4283,0.24958380963190333,0.22459757429554866,0.24978141890645997,0.276037197166088
4284,0.22227151140003337,0.28670065013448653,0.2687563270654467,0.22227151140003337
4285,0.27649198822892346,0.24191539794815328,0.2497578047676401,0.23183480905528323
4286,0.2756358381517024,0.22254053817697775,0.2264994253397732,0.27532419833154664
4287,0.22227151140003337,0.28670065013448653,0.2687563270654467,0.22227151140003337
4288,0.22227151140003337,0.28670065013448653,0.2687563270654467,0.22227151140003337
4289,0.22227151140003337,0.28670065013448653,0.2687563270654467,0.22227151140003337
4290,0.2517404759162937,0.2755795326412122,0.24959433244743506,0.22308565899505892
4291,0.24958380963190333,0.22459757429554866,0.24978141890645997,0.276037197166088
4292,0.22227151140003337,0.28670065013448653,0.2687563270654467,0.22227151140003337
4293,0.2496954367227103,0.2478443453489495,0.27470048157743304,0.22775973635090707
4294,0.2272438935154232,0.286952277612164,0.26333723727375796,0.22246659159865487
4295,0.2756358381517024,0.22254053817697775,0.2264994253397732,0.27532419833154664
4296,0.24976552497064355,0.24357272518764644,0.2747775886151622,0.23188416122654784
4297,0.22227151140003337,0.28670065013448653,0.2687563270654467,0.22227151140003337
4298,0.22227151140003337,0.28670065013448653,0.2687563270654467,0.22227151140003337
4299,0.22227151140003337,0.28670065013448653,0.2687563270654467,0.22227151140003337
4300,0.24976552497064355,0.24357272518764644,0.2747775886151622,0.23188416122654784
4301,0.22227151140003337,0.28670065013448653,0.2687563270654467,0.22227151140003337
4302,0.22227151140003337,0.28670065013448653,0.2687563270654467,0.22227151140003337
4303,0.22367094972152926,0.2851186955091336,0.2688562244798326,0.22235413028950457
4304,0.22227151140003337,0.28670065013448653,0.2687563270654467,0.22227151140003337
4305,0.22227151140003337,0.28670065013448653,0.2687563270654467,0.22227151140003337
4306,0.2496954367227103,0.2478443453489495,0.27470048157743304,0.22775973635090707
4307,0.2686105331336013,0.22279506403807978,0.2329553084817064,0.27563909434661255
4308,0.22227151140003337,0.28670065013448653,0.2687563270654467,0.22227151140003337
4309,0.2764120288420475,0.2287510994160474,0.24156772107180732,0.2532691506700977
4310,0.25491576985844167,0.22457320361743632,0.24450378165694137,0.27600724486718065
4311,0.22227151140003337,0.28670065013448653,0.2687563270654467,0.22227151140003337
4312,0.22227151140003337,0.28670065013448653,0.2687563270654467,0.22227151140003337
4313,0.22227151140003337,0.28670065013448653,0.2687563270654467,0.22227151140003337
4314,0.24958380963190333,0.22459757429554866,0.24978141890645997,0.276037197166088
4315,0.24958380963190333,0.22459757429554866,0.24978141890645997,0.276037197166088
4316,0.22227151140003337,0.28670065013448653,0.2687563270654467,0.22227151140003337
4317,0.22227151140003337,0.28670065013448653,0.2687563270654467,0.22227151140003337
4318,0.2496954367227103,0.2478443453489495,0.27470048157743304,0.22775973635090707
4319,0.2496954367227103,0.2478443453489495,0.27470048157743304,0.22775973635090707
4320,0.22227151140003337,0.28670065013448653,0.2687563270654467,0.22227151140003337
4321,0.2496954367227103,0.2478443453489495,0.27470048157743304,0.22775973635090707
4322,0.22227151140003337,0.28670065013448653,0.2687563270654467,0.22227151140003337
4323,0.25850361612021977,0.22302150323001926,0.24255563874215877,0.27591924190760214
4324,0.258841675878463,0.2463168241130093,0.26698327244468323,0.22785822756384452
4325,0.24671842605155303,0.28551653147963335,0.24494252031088815,0.22282252215792553
4326,0.24671842605155303,0.28551653147963335,0.24494252031088815,0.22282252215792553
4327,0.24976552497064355,0.24357272518764644,0.2747775886151622,0.23188416122654784
4328,0.22227151140003337,0.28670065013448653,0.2687563270654467,0.22227151140003337
4329,0.2727204556150796,0.22292827486841565,0.2368418404854958,0.2675094290310088
4330,0.22227151140003337,0.28670065013448653,0.2687563270654467,0.22227151140003337
4331,0.2756358381517024,0.22254053817697775,0.2264994253397732,0.27532419833154664
4332,0.24958380963190333,0.22459757429554866,0.24978141890645997,0.276037197166088
4333,0.2496954367227103,0.2478443453489495,0.27470048157743304,0.22775973635090707
4334,0.23133784794858225,0.26683651310152184,0.27435355032843534,0.22747208862146057
4335,0.22227151140003337,0.28670065013448653,0.2687563270654467,0.22227151140003337
4336,0.24958380963190333,0.22459757429554866,0.24978141890645997,0.276037197166088
4337,0.2764223240926711,0.2461650096075887,0.24969487650034067,0.22771778979939955
4338,0.2516725393714356,0.27812935170325814,0.24717265347449,0.22302545545081615
4339,0.2764223240926711,0.2461650096075887,0.24969487650034067,0.22771778979939955
4340,0.24976552497064355,0.24357272518764644,0.2747775886151622,0.23188416122654784
4341,0.22227151140003337,0.28670065013448653,0.2687563270654467,0.22227151140003337
4342,0.2764223240926711,0.2461650096075887,0.24969487650034067,0.22771778979939955
4343,0.22227151140003337,0.28670065013448653,0.2687563270654467,0.22227151140003337
4344,0.2496954367227103,0.2478443453489495,0.27470048157743304,0.22775973635090707
4345,0.22367094972152926,0.2851186955091336,0.2688562244798326,0.22235413028950457
4346,0.22227151140003337,0.28670065013448653,0.2687563270654467,0.22227151140003337
4347,0.2756358381517024,0.22254053817697775,0.2264994253397732,0.27532419833154664
4348,0.24958380963190333,0.22459757429554866,0.24978141890645997,0.276037197166088
4349,0.24958380963190333,0.22459757429554866,0.24978141890645997,0.276037197166088
4350,0.22227151140003337,0.28670065013448653,0.2687563270654467,0.22227151140003337
4351,0.24958380963190333,0.22459757429554866,0.24978141890645997,0.276037197166088
4352,0.27649198822892346,0.24191539794815328,0.2497578047676401,0.23183480905528323
4353,0.24976552497064355,0.24357272518764644,0.2747775886151622,0.23188416122654784
4354,0.258841675878463,0.2463168241130093,0.26698327244468323,0.22785822756384452
4355,0.26913145853958803,0.25315378064233524,0.24985287702854642,0.22786188378953035
4356,0.22227151140003337,0.28670065013448653,0.2687563270654467,0.22227151140003337
4357,0.24958380963190333,0.22459757429554866,0.24978141890645997,0.276037197166088
4358,0.22227151140003337,0.28670065013448653,0.2687563270654467,0.22227151140003337
4359,0.22227151140003337,0.28670065013448653,0.2687563270654467,0.22227151140003337
4360,0.22227151140003337,0.28670065013448653,0.2687563270654467,0.22227151140003337
4361,0.2756358381517024,0.22254053817697775,0.2264994253397732,0.27532419833154664
4362,0.24958380963190333,0.22459757429554866,0.24978141890645997,0.276037197166088
4363,0.22227151140003337,0.28670065013448653,0.2687563270654467,0.22227151140003337
4364,0.24958380963190333,0.22459757429554866,0.24978141890645997,0.276037197166088
4365,0.2764223240926711,0.2461650096075887,0.24969487650034067,0.22771778979939955
4366,0.2496954367227103,0.2478443453489495,0.27470048157743304,0.22775973635090707
4367,0.22227151140003337,0.28670065013448653,0.2687563270654467,0.22227151140003337
4368,0.24958380963190333,0.22459757429554866,0.24978141890645997,0.276037197166088
4369,0.22227151140003337,0.28670065013448653,0.2687563270654467,0.22227151140003337
4370,0.27055697202169154,0.22273234434830128,0.2311491852506253,0.27556149837938193
4371,0.2764223240926711,0.2461650096075887,0.24969487650034067,0.22771778979939955
4372,0.22227151140003337,0.28670065013448653,0.2687563270654467,0.22227151140003337
4373,0.24958380963190333,0.22459757429554866,0.24978141890645997,0.276037197166088
4374,0.24958380963190333,0.22459757429554866,0.24978141890645997,0.276037197166088
4375,0.22227151140003337,0.28670065013448653,0.2687563270654467,0.22227151140003337
4376,0.2496954367227103,0.2478443453489495,0.27470048157743304,0.22775973635090707
4377,0.27649198822892346,0.24191539794815328,0.2497578047676401,0.23183480905528323
4378,0.26282835950317324,0.2593456232130386,0.24991106603656116,0.22791495124722694
4379,0.24958380963190333,0.22459757429554866,0.24978141890645997,0.276037197166088
4380,0.22680395398311315,0.2793681010290941,0.27128607894139994,0.22254186604639276
4381,0.22227151140003337,0.28670065013448653,0.2687563270654467,0.22227151140003337
4382,0.22367094972152926,0.2851186955091336,0.2688562244798326,0.22235413028950457
4383,0.22227151140003337,0.28670065013448653,0.2687563270654467,0.22227151140003337
4384,0.24958380963190333,0.22459757429554866,0.24978141890645997,0.276037197166088
4385,0.22227151140003337,0.28670065013448653,0.2687563270654467,0.22227151140003337
4386,0.24958380963190333,0.22459757429554866,0.24978141890645997,0.276037197166088
4387,0.2764223240926711,0.2461650096075887,0.24969487650034067,0.22771778979939955
4388,0.2351215148741415,0.2628034726994304,0.2744898855280228,0.22758512689840524
4389,0.2496954367227103,0.2478443453489495,0.27470048157743304,0.22775973635090707
4390,0.22227151140003337,0.28670065013448653,0.2687563270654467,0.22227151140003337
4391,0.22227151140003337,0.28670065013448653,0.2687563270654467,0.22227151140003337
4392,0.24976552497064355,0.24357272518764644,0.2747775886151622,0.23188416122654784
4393,0.24958380963190333,0.22459757429554866,0.24978141890645997,0.276037197166088
4394,0.22227151140003337,0.28670065013448653,0.2687563270654467,0.22227151140003337
4395,0.22227151140003337,0.28670065013448653,0.2687563270654467,0.22227151140003337
4396,0.27310225409575006,0.24623653057826325,0.2528772642253028,0.2277839511006839
4397,0.24964839435044703,0.22465569333437121,0.25263047797959803,0.2730654343355838
4398,0.2496954367227103,0.2478443453489495,0.27470048157743304,0.22775973635090707
4399,0.24958380963190333,0.22459757429554866,0.24978141890645997,0.276037197166088
4400,0.24958380963190333,0.22459757429554866,0.24978141890645997,0.276037197166088
4401,0.22912941785406846,0.2742043441954423,0.2740103731474893,0.22265586480299995
4402,0.2756358381517024,0.22254053817697775,0.2264994253397732,0.27532419833154664
4403,0.24976552497064355,0.24357272518764644,0.2747775886151622,0.23188416122654784
4404,0.22227151140003337,0.28670065013448653,0.2687563270654467,0.22227151140003337
4405,0.22227151140003337,0.28670065013448653,0.2687563270654467,0.22227151140003337
4406,0.22227151140003337,0.28670065013448653,0.2687563270654467,0.22227151140003337
4407,0.24976552497064355,0.24357272518764644,0.2747775886151622,0.23188416122654784
4408,0.22227151140003337,0.28670065013448653,0.2687563270654467,0.22227151140003337
4409,0.22912941785406846,0.2742043441954423,0.2740103731474893,0.22265586480299995
4410,0.23133784794858225,0.26683651310152184,0.27435355032843534,0.22747208862146057
4411,0.22227151140003337,0.28670065013448653,0.2687563270654467,0.22227151140003337
4412,0.24973808021879731,0.2247364006066489,0.25959378019870055,0.26593173897585326
4413,0.22227151140003337,0.28670065013448653,0.2687563270654467,0.22227151140003337
4414,0.22227151140003337,0.28670065013448653,0.2687563270654467,0.22227151140003337
4415,0.24958380963190333,0.22459757429554866,0.24978141890645997,0.276037197166088
4416,0.22367094972152926,0.2851186955091336,0.2688562244798326,0.22235413028950457
4417,0.24989926473259494,0.23738924308673573,0.27174866328989533,0.24096282889077394
4418,0.24194968366543873,0.28549982092983456,0.24974101447714078,0.22280948092758585
4419,0.22227151140003337,0.28670065013448653,0.2687563270654467,0.22227151140003337
4420,0.2381928573629116,0.2854486199762488,0.25358899992956463,0.22276952273127495
4421,0.22227151140003337,0.28670065013448653,0.2687563270654467,0.22227151140003337
4422,0.24958380963190333,0.22459757429554866,0.24978141890645997,0.276037197166088
4423,0.22227151140003337,0.28670065013448653,0.2687563270654467,0.22227151140003337
4424,0.2292504711286587,0.2714005244888186,0.2741551378540549,0.22519386652846785
4425,0.24974637905356042,0.22474386863175846,0.2616096963255617,0.2639000559891193
4426,0.2496954367227103,0.2478443453489495,0.27470048157743304,0.22775973635090707
4427,0.22227151140003337,0.28670065013448653,0.2687563270654467,0.22227151140003337
4428,0.24292283574736154,0.25468507578998073,0.27466323445544255,0.22772885400721524
4429,0.2764223240926711,0.2461650096075887,0.24969487650034067,0.22771778979939955
4430,0.22227151140003337,0.28670065013448653,0.2687563270654467,0.22227151140003337
4431,0.24292283574736154,0.25468507578998073,0.27466323445544255,0.22772885400721524
4432,0.24958380963190333,0.22459757429554866,0.24978141890645997,0.276037197166088
4433,0.22227151140003337,0.28670065013448653,0.2687563270654467,0.22227151140003337
4434,0.2756358381517024,0.22254053817697775,0.2264994253397732,0.27532419833154664
4435,0.2759827874654471,0.22282065518759078,0.2338162697601553,0.2673802875868069
4436,0.2496954367227103,0.2478443453489495,0.27470048157743304,0.22775973635090707
4437,0.22227151140003337,0.28670065013448653,0.2687563270654467,0.22227151140003337
4438,0.22227151140003337,0.28670065013448653,0.2687563270654467,0.22227151140003337
4439,0.27649198822892346,0.24191539794815328,0.2497578047676401,0.23183480905528323
4440,0.2516725393714356,0.27812935170325814,0.24717265347449,0.22302545545081615
4441,0.24958380963190333,0.22459757429554866,0.24978141890645997,0.276037197166088
4442,0.24958380963190333,0.22459757429554866,0.24978141890645997,0.276037197166088
4443,0.22227151140003337,0.28670065013448653,0.2687563270654467,0.22227151140003337
4444,0.22227151140003337,0.28670065013448653,0.2687563270654467,0.22227151140003337
4445,0.22227151140003337,0.28670065013448653,0.2687563270654467,0.22227151140003337
4446,0.2496954367227103,0.2478443453489495,0.27470048157743304,0.22775973635090707
4447,0.24989926473259494,0.23738924308673573,0.27174866328989533,0.24096282889077394
4448,0.2496954367227103,0.2478443453489495,0.27470048157743304,0.22775973635090707
4449,0.251267088896921,0.2245953318658973,0.24810313808481183,0.2760344411523699
4450,0.24671842605155303,0.28551653147963335,0.24494252031088815,0.22282252215792553
4451,0.2496954367227103,0.2478443453489495,0.27470048157743304,0.22775973635090707
4452,0.24958380963190333,0.22459757429554866,0.24978141890645997,0.276037197166088
4453,0.24958380963190333,0.22459757429554866,0.24978141890645997,0.276037197166088
4454,0.24958380963190333,0.22459757429554866,0.24978141890645997,0.276037197166088
4455,0.24958380963190333,0.22459757429554866,0.24978141890645997,0.276037197166088
4456,0.22227151140003337,0.28670065013448653,0.2687563270654467,0.22227151140003337
4457,0.2306621982024805,0.2852415355675873,0.2614883561030077,0.2226079101269245
4458,0.24958380963190333,0.22459757429554866,0.24978141890645997,0.276037197166088
4459,0.22367094972152926,0.2851186955091336,0.2688562244798326,0.22235413028950457
4460,0.2496954367227103,0.2478443453489495,0.27470048157743304,0.22775973635090707
4461,0.27649198822892346,0.24191539794815328,0.2497578047676401,0.23183480905528323
4462,0.22227151140003337,0.28670065013448653,0.2687563270654467,0.22227151140003337
4463,0.22680395398311315,0.2793681010290941,0.27128607894139994,0.22254186604639276
4464,0.22227151140003337,0.28670065013448653,0.2687563270654467,0.22227151140003337
4465,0.22227151140003337,0.28670065013448653,0.2687563270654467,0.22227151140003337
4466,0.25850361612021977,0.22302150323001926,0.24255563874215877,0.27591924190760214
4467,0.24976552497064355,0.24357272518764644,0.2747775886151622,0.23188416122654784
4468,0.24958380963190333,0.22459757429554866,0.24978141890645997,0.276037197166088
4469,0.2764223240926711,0.2461650096075887,0.24969487650034067,0.22771778979939955
4470,0.24671842605155303,0.28551653147963335,0.24494252031088815,0.22282252215792553
4471,0.23133784794858225,0.26683651310152184,0.27435355032843534,0.22747208862146057
4472,0.2764223240926711,0.2461650096075887,0.24969487650034067,0.22771778979939955
4473,0.2496954367227103,0.2478443453489495,0.27470048157743304,0.22775973635090707
4474,0.27649198822892346,0.24191539794815328,0.2497578047676401,0.23183480905528323
4475,0.24344291477900334,0.28388938842254313,0.24980295493694796,0.2228647418615055
4476,0.2764223240926711,0.2461650096075887,0.24969487650034067,0.22771778979939955
4477,0.22227151140003337,0.28670065013448653,0.2687563270654467,0.22227151140003337
4478,0.24976552497064355,0.24357272518764644,0.2747775886151622,0.23188416122654784
4479,0.2496954367227103,0.2478443453489495,0.27470048157743304,0.22775973635090707
4480,0.27649198822892346,0.24191539794815328,0.2497578047676401,0.23183480905528323
4481,0.2756358381517024,0.22254053817697775,0.2264994253397732,0.27532419833154664
4482,0.22227151140003337,0.28670065013448653,0.2687563270654467,0.22227151140003337
4483,0.2756358381517024,0.22254053817697775,0.2264994253397732,0.27532419833154664
4484,0.2590113886602907,0.23588828982155052,0.2640719863249156,0.24102833519324324
4485,0.2496954367227103,0.2478443453489495,0.27470048157743304,0.22775973635090707
4486,0.22680395398311315,0.2793681010290941,0.27128607894139994,0.22254186604639276
4487,0.2756358381517024,0.22254053817697775,0.2264994253397732,0.27532419833154664
4488,0.2496954367227103,0.2478443453489495,0.27470048157743304,0.22775973635090707
4489,0.24958380963190333,0.22459757429554866,0.24978141890645997,0.276037197166088
4490,0.24958380963190333,0.22459757429554866,0.24978141890645997,0.276037197166088
4491,0.22227151140003337,0.28670065013448653,0.2687563270654467,0.22227151140003337
4492,0.24958380963190333,0.22459757429554866,0.24978141890645997,0.276037197166088
4493,0.2756358381517024,0.22254053817697775,0.2264994253397732,0.27532419833154664
4494,0.2759827874654471,0.22282065518759078,0.2338162697601553,0.2673802875868069
4495,0.23133784794858225,0.26683651310152184,0.27435355032843534,0.22747208862146057
4496,0.2686105331336013,0.22279506403807978,0.2329553084817064,0.27563909434661255
4497,0.24964839435044703,0.22465569333437121,0.25263047797959803,0.2730654343355838
4498,0.22680395398311315,0.2793681010290941,0.27128607894139994,0.22254186604639276
4499,0.2764223240926711,0.2461650096075887,0.24969487650034067,0.22771778979939955
4500,0.24958380963190333,0.22459757429554866,0.24978141890645997,0.276037197166088
4501,0.22227151140003337,0.28670065013448653,0.2687563270654467,0.22227151140003337
4502,0.2764223240926711,0.2461650096075887,0.24969487650034067,0.22771778979939955
4503,0.24012407192037208,0.28547918522123267,0.25160336642960446,0.22279337642879077
4504,0.2765487086363895,0.23569615097861057,0.24692313077228814,0.24083200961271184
4505,0.24671842605155303,0.28551653147963335,0.24494252031088815,0.22282252215792553
4506,0.2351215148741415,0.2628034726994304,0.2744898855280228,0.22758512689840524
4507,0.2496954367227103,0.2478443453489495,0.27470048157743304,0.22775973635090707
4508,0.24958380963190333,0.22459757429554866,0.24978141890645997,0.276037197166088
4509,0.22227151140003337,0.28670065013448653,0.2687563270654467,0.22227151140003337
4510,0.2496954367227103,0.2478443453489495,0.27470048157743304,0.22775973635090707
4511,0.24958380963190333,0.22459757429554866,0.24978141890645997,0.276037197166088
4512,0.2764223240926711,0.2461650096075887,0.24969487650034067,0.22771778979939955
4513,0.22680395398311315,0.2793681010290941,0.27128607894139994,0.22254186604639276
4514,0.22227151140003337,0.28670065013448653,0.2687563270654467,0.22227151140003337
4515,0.24958380963190333,0.22459757429554866,0.24978141890645997,0.276037197166088
4516,0.22227151140003337,0.28670065013448653,0.2687563270654467,0.22227151140003337
4517,0.2496954367227103,0.2478443453489495,0.27470048157743304,0.22775973635090707
4518,0.2764223240926711,0.2461650096075887,0.24969487650034067,0.22771778979939955
4519,0.24958380963190333,0.22459757429554866,0.24978141890645997,0.276037197166088
4520,0.24958380963190333,0.22459757429554866,0.24978141890645997,0.276037197166088
4521,0.22227151140003337,0.28670065013448653,0.2687563270654467,0.22227151140003337
4522,0.24194968366543873,0.28549982092983456,0.24974101447714078,0.22280948092758585
4523,0.22227151140003337,0.28670065013448653,0.2687563270654467,0.22227151140003337
4524,0.27055697202169154,0.22273234434830128,0.2311491852506253,0.27556149837938193
4525,0.22227151140003337,0.28670065013448653,0.2687563270654467,0.22227151140003337
4526,0.24194968366543873,0.28549982092983456,0.24974101447714078,0.22280948092758585
4527,0.258841675878463,0.2463168241130093,0.26698327244468323,0.22785822756384452
4528,0.22227151140003337,0.28670065013448653,0.2687563270654467,0.22227151140003337
4529,0.24958380963190333,0.22459757429554866,0.24978141890645997,0.276037197166088
4530,0.22227151140003337,0.28670065013448653,0.2687563270654467,0.22227151140003337
4531,0.24958380963190333,0.22459757429554866,0.24978141890645997,0.276037197166088
4532,0.24292283574736154,0.25468507578998073,0.27466323445544255,0.22772885400721524
4533,0.25653312679869816,0.2679687686679447,0.24980150461740327,0.22569659991595387
4534,0.22227151140003337,0.28670065013448653,0.2687563270654467,0.22227151140003337
4535,0.22227151140003337,0.28670065013448653,0.2687563270654467,0.22227151140003337
4536,0.22367094972152926,0.2851186955091336,0.2688562244798326,0.22235413028950457
4537,0.24958380963190333,0.22459757429554866,0.24978141890645997,0.276037197166088
4538,0.24976552497064355,0.24357272518764644,0.2747775886151622,0.23188416122654784
4539,0.24958380963190333,0.22459757429554866,0.24978141890645997,0.276037197166088
4540,0.2759827874654471,0.22282065518759078,0.2338162697601553,0.2673802875868069
4541,0.2765487086363895,0.23569615097861057,0.24692313077228814,0.24083200961271184
4542,0.22227151140003337,0.28670065013448653,0.2687563270654467,0.22227151140003337
4543,0.24972282926461628,0.2247226764499426,0.2576696548611619,0.2678848394242792
4544,0.24671842605155303,0.28551653147963335,0.24494252031088815,0.22282252215792553
4545,0.24958380963190333,0.22459757429554866,0.24978141890645997,0.276037197166088
4546,0.22227151140003337,0.28670065013448653,0.2687563270654467,0.22227151140003337
4547,0.27134880674701245,0.2358087303263046,0.2518954208434218,0.24094704208326115
4548,0.25850361612021977,0.22302150323001926,0.24255563874215877,0.27591924190760214
4549,0.22227151140003337,0.28670065013448653,0.2687563270654467,0.22227151140003337
4550,0.2765487086363895,0.23569615097861057,0.24692313077228814,0.24083200961271184
4551,0.22227151140003337,0.28670065013448653,0.2687563270654467,0.22227151140003337
4552,0.24976552497064355,0.24357272518764644,0.2747775886151622,0.23188416122654784
4553,0.2496954367227103,0.2478443453489495,0.27470048157743304,0.22775973635090707
4554,0.2765487086363895,0.23569615097861057,0.24692313077228814,0.24083200961271184
4555,0.22681571995332445,0.2767465803792093,0.2738842887563536,0.22255341091111264
4556,0.24958380963190333,0.22459757429554866,0.24978141890645997,0.276037197166088
4557,0.2496954367227103,0.2478443453489495,0.27470048157743304,0.22775973635090707
4558,0.22227151140003337,0.28670065013448653,0.2687563270654467,0.22227151140003337
4559,0.22227151140003337,0.28670065013448653,0.2687563270654467,0.22227151140003337
4560,0.22680395398311315,0.2793681010290941,0.27128607894139994,0.22254186604639276
4561,0.24958380963190333,0.22459757429554866,0.24978141890645997,0.276037197166088
4562,0.24958380963190333,0.22459757429554866,0.24978141890645997,0.276037197166088
4563,0.24958380963190333,0.22459757429554866,0.24978141890645997,0.276037197166088
4564,0.24958380963190333,0.22459757429554866,0.24978141890645997,0.276037197166088
4565,0.2496954367227103,0.2478443453489495,0.27470048157743304,0.22775973635090707
4566,0.2496954367227103,0.2478443453489495,0.27470048157743304,0.22775973635090707
4567,0.24671842605155303,0.28551653147963335,0.24494252031088815,0.22282252215792553
4568,0.2712093593280849,0.246268569917037,0.25470848129322726,0.2278135894616509
4569,0.24976552497064355,0.24357272518764644,0.2747775886151622,0.23188416122654784
4570,0.2649951533371467,0.2572010744864829,0.24989943147019641,0.22790434070617388
4571,0.24958380963190333,0.22459757429554866,0.24978141890645997,0.276037197166088
4572,0.22227151140003337,0.28670065013448653,0.2687563270654467,0.22227151140003337
4573,0.22227151140003337,0.28670065013448653,0.2687563270654467,0.22227151140003337
4574,0.25850361612021977,0.22302150323001926,0.24255563874215877,0.27591924190760214
4575,0.24958380963190333,0.22459757429554866,0.24978141890645997,0.276037197166088
4576,0.2764223240926711,0.2461650096075887,0.24969487650034067,0.22771778979939955
4577,0.22227151140003337,0.28670065013448653,0.2687563270654467,0.22227151140003337
4578,0.2756358381517024,0.22254053817697775,0.2264994253397732,0.27532419833154664
4579,0.24958380963190333,0.22459757429554866,0.24978141890645997,0.276037197166088
4580,0.2496954367227103,0.2478443453489495,0.27470048157743304,0.22775973635090707
4581,0.22227151140003337,0.28670065013448653,0.2687563270654467,0.22227151140003337
4582,0.24958380963190333,0.22459757429554866,0.24978141890645997,0.276037197166088
4583,0.22227151140003337,0.28670065013448653,0.2687563270654467,0.22227151140003337
4584,0.24958380963190333,0.22459757429554866,0.24978141890645997,0.276037197166088
4585,0.2496954367227103,0.2478443453489495,0.27470048157743304,0.22775973635090707
4586,0.2764223240926711,0.2461650096075887,0.24969487650034067,0.22771778979939955
4587,0.22227151140003337,0.28670065013448653,0.2687563270654467,0.22227151140003337
4588,0.2496954367227103,0.2478443453489495,0.27470048157743304,0.22775973635090707
4589,0.22227151140003337,0.28670065013448653,0.2687563270654467,0.22227151140003337
4590,0.24671842605155303,0.28551653147963335,0.24494252031088815,0.22282252215792553
4591,0.2496954367227103,0.2478443453489495,0.27470048157743304,0.22775973635090707
4592,0.24958380963190333,0.22459757429554866,0.24978141890645997,0.276037197166088
4593,0.2764223240926711,0.2461650096075887,0.24969487650034067,0.22771778979939955
4594,0.2496954367227103,0.2478443453489495,0.27470048157743304,0.22775973635090707
4595,0.25662894851913526,0.2655761118425382,0.24989481190383026,0.22790012773449628
4596,0.25890694956898636,0.24206462926270614,0.2670505992514709,0.23197782191683675
4597,0.2764223240926711,0.2461650096075887,0.24969487650034067,0.22771778979939955
4598,0.23707778393390375,0.2607430610461055,0.274546821419828,0.2276323336001627
4599,0.26282835950317324,0.2593456232130386,0.24991106603656116,0.22791495124722694
4600,0.2496954367227103,0.2478443453489495,0.27470048157743304,0.22775973635090707
4601,0.2756358381517024,0.22254053817697775,0.2264994253397732,0.27532419833154664
4602,0.24972282926461628,0.2247226764499426,0.2576696548611619,0.2678848394242792
4603,0.22227151140003337,0.28670065013448653,0.2687563270654467,0.22227151140003337
4604,0.24976552497064355,0.24357272518764644,0.2747775886151622,0.23188416122654784
4605,0.22227151140003337,0.28670065013448653,0.2687563270654467,0.22227151140003337
4606,0.24292283574736154,0.25468507578998073,0.27466323445544255,0.22772885400721524
4607,0.2496954367227103,0.2478443453489495,0.27470048157743304,0.22775973635090707
4608,0.22227151140003337,0.28670065013448653,0.2687563270654467,0.22227151140003337
4609,0.2756358381517024,0.22254053817697775,0.2264994253397732,0.27532419833154664
4610,0.2765487086363895,0.23569615097861057,0.24692313077228814,0.24083200961271184
4611,0.24958380963190333,0.22459757429554866,0.24978141890645997,0.276037197166088
4612,0.24958380963190333,0.22459757429554866,0.24978141890645997,0.276037197166088
4613,0.2496954367227103,0.2478443453489495,0.27470048157743304,0.22775973635090707
4614,0.22227151140003337,0.28670065013448653,0.2687563270654467,0.22227151140003337
4615,0.24368050777102804,0.2855120587271474,0.24798840196486135,0.2228190315369631
4616,0.22227151140003337,0.28670065013448653,0.2687563270654467,0.22227151140003337
4617,0.24991780735486605,0.23052533148517196,0.26600601904899385,0.2535508421109681
4618,0.24958380963190333,0.22459757429554866,0.24978141890645997,0.276037197166088
4619,0.2306621982024805,0.2852415355675873,0.2614883561030077,0.2226079101269245
4620,0.22367094972152926,0.2851186955091336,0.2688562244798326,0.22235413028950457
4621,0.27055697202169154,0.22273234434830128,0.2311491852506253,0.27556149837938193
4622,0.22227151140003337,0.28670065013448653,0.2687563270654467,0.22227151140003337
4623,0.2764223240926711,0.2461650096075887,0.24969487650034067,0.22771778979939955
4624,0.22227151140003337,0.28670065013448653,0.2687563270654467,0.22227151140003337
4625,0.2496954367227103,0.2478443453489495,0.27470048157743304,0.22775973635090707
4626,0.2590113886602907,0.23588828982155052,0.2640719863249156,0.24102833519324324
4627,0.2759827874654471,0.22282065518759078,0.2338162697601553,0.2673802875868069
4628,0.22227151140003337,0.28670065013448653,0.2687563270654467,0.22227151140003337
4629,0.2686105331336013,0.22279506403807978,0.2329553084817064,0.27563909434661255
4630,0.2764223240926711,0.2461650096075887,0.24969487650034067,0.22771778979939955
4631,0.24958380963190333,0.22459757429554866,0.24978141890645997,0.276037197166088
4632,0.2496954367227103,0.2478443453489495,0.27470048157743304,0.22775973635090707
4633,0.24958380963190333,0.22459757429554866,0.24978141890645997,0.276037197166088
4634,0.22227151140003337,0.28670065013448653,0.2687563270654467,0.22227151140003337
4635,0.22227151140003337,0.28670065013448653,0.2687563270654467,0.22227151140003337
4636,0.2496954367227103,0.2478443453489495,0.27470048157743304,0.22775973635090707
4637,0.27055697202169154,0.22273234434830128,0.2311491852506253,0.27556149837938193
4638,0.24976552497064355,0.24357272518764644,0.2747775886151622,0.23188416122654784
4639,0.24976552497064355,0.24357272518764644,0.2747775886151622,0.23188416122654784
4640,0.22227151140003337,0.28670065013448653,0.2687563270654467,0.22227151140003337
4641,0.22227151140003337,0.28670065013448653,0.2687563270654467,0.22227151140003337
4642,0.22227151140003337,0.28670065013448653,0.2687563270654467,0.22227151140003337
4643,0.22227151140003337,0.28670065013448653,0.2687563270654467,0.22227151140003337
4644,0.24958380963190333,0.22459757429554866,0.24978141890645997,0.276037197166088
4645,0.24958380963190333,0.22459757429554866,0.24978141890645997,0.276037197166088
4646,0.2686105331336013,0.22279506403807978,0.2329553084817064,0.27563909434661255
4647,0.24958380963190333,0.22459757429554866,0.24978141890645997,0.276037197166088
4648,0.2496954367227103,0.2478443453489495,0.27470048157743304,0.22775973635090707
4649,0.2496954367227103,0.2478443453489495,0.27470048157743304,0.22775973635090707
4650,0.24976552497064355,0.24357272518764644,0.2747775886151622,0.23188416122654784
4651,0.2756358381517024,0.22254053817697775,0.2264994253397732,0.27532419833154664
4652,0.24958380963190333,0.22459757429554866,0.24978141890645997,0.276037197166088
4653,0.22227151140003337,0.28670065013448653,0.2687563270654467,0.22227151140003337
4654,0.22227151140003337,0.28670065013448653,0.2687563270654467,0.22227151140003337
4655,0.27649198822892346,0.24191539794815328,0.2497578047676401,0.23183480905528323
4656,0.24976552497064355,0.24357272518764644,0.2747775886151622,0.23188416122654784
4657,0.23133784794858225,0.26683651310152184,0.27435355032843534,0.22747208862146057
4658,0.2756358381517024,0.22254053817697775,0.2264994253397732,0.27532419833154664
4659,0.24958380963190333,0.22459757429554866,0.24978141890645997,0.276037197166088
4660,0.22227151140003337,0.28670065013448653,0.2687563270654467,0.22227151140003337
4661,0.22227151140003337,0.28670065013448653,0.2687563270654467,0.22227151140003337
4662,0.25850361612021977,0.22302150323001926,0.24255563874215877,0.27591924190760214
4663,0.24958380963190333,0.22459757429554866,0.24978141890645997,0.276037197166088
4664,0.24958380963190333,0.22459757429554866,0.24978141890645997,0.276037197166088
4665,0.22227151140003337,0.28670065013448653,0.2687563270654467,0.22227151140003337
4666,0.22227151140003337,0.28670065013448653,0.2687563270654467,0.22227151140003337
4667,0.2759827874654471,0.22282065518759078,0.2338162697601553,0.2673802875868069
4668,0.2496954367227103,0.2478443453489495,0.27470048157743304,0.22775973635090707
4669,0.2351215148741415,0.2628034726994304,0.2744898855280228,0.22758512689840524
4670,0.22227151140003337,0.28670065013448653,0.2687563270654467,0.22227151140003337
4671,0.2756358381517024,0.22254053817697775,0.2264994253397732,0.27532419833154664
4672,0.22227151140003337,0.28670065013448653,0.2687563270654467,0.22227151140003337
4673,0.22227151140003337,0.28670065013448653,0.2687563270654467,0.22227151140003337
4674,0.2764223240926711,0.2461650096075887,0.24969487650034067,0.22771778979939955
4675,0.2496954367227103,0.2478443453489495,0.27470048157743304,0.22775973635090707
4676,0.24958380963190333,0.22459757429554866,0.24978141890645997,0.276037197166088
4677,0.2575346783068071,0.26147684445375413,0.25304943767038257,0.22793903956905623
4678,0.22227151140003337,0.28670065013448653,0.2687563270654467,0.22227151140003337
4679,0.2496954367227103,0.2478443453489495,0.27470048157743304,0.22775973635090707
4680,0.22227151140003337,0.28670065013448653,0.2687563270654467,0.22227151140003337
4681,0.2496954367227103,0.2478443453489495,0.27470048157743304,0.22775973635090707
4682,0.24958380963190333,0.22459757429554866,0.24978141890645997,0.276037197166088
4683,0.27649198822892346,0.24191539794815328,0.2497578047676401,0.23183480905528323
4684,0.22227151140003337,0.28670065013448653,0.2687563270654467,0.22227151140003337
4685,0.2756358381517024,0.22254053817697775,0.2264994253397732,0.27532419833154664
4686,0.22227151140003337,0.28670065013448653,0.2687563270654467,0.22227151140003337
4687,0.2764223240926711,0.2461650096075887,0.24969487650034067,0.22771778979939955
4688,0.22227151140003337,0.28670065013448653,0.2687563270654467,0.22227151140003337
4689,0.2686105331336013,0.22279506403807978,0.2329553084817064,0.27563909434661255
4690,0.24958380963190333,0.22459757429554866,0.24978141890645997,0.276037197166088
4691,0.2764223240926711,0.2461650096075887,0.24969487650034067,0.22771778979939955
4692,0.22227151140003337,0.28670065013448653,0.2687563270654467,0.22227151140003337
4693,0.22227151140003337,0.28670065013448653,0.2687563270654467,0.22227151140003337
4694,0.22227151140003337,0.28670065013448653,0.2687563270654467,0.22227151140003337
4695,0.2764223240926711,0.2461650096075887,0.24969487650034067,0.22771778979939955
4696,0.24964839435044703,0.22465569333437121,0.25263047797959803,0.2730654343355838
4697,0.22227151140003337,0.28670065013448653,0.2687563270654467,0.22227151140003337
4698,0.24958380963190333,0.22459757429554866,0.24978141890645997,0.276037197166088
4699,0.22227151140003337,0.28670065013448653,0.2687563270654467,0.22227151140003337
4700,0.22227151140003337,0.28670065013448653,0.2687563270654467,0.22227151140003337
4701,0.24958380963190333,0.22459757429554866,0.24978141890645997,0.276037197166088
4702,0.24958380963190333,0.22459757429554866,0.24978141890645997,0.276037197166088
4703,0.24972282926461628,0.2247226764499426,0.2576696548611619,0.2678848394242792
4704,0.22227151140003337,0.28670065013448653,0.2687563270654467,0.22227151140003337
4705,0.2764223240926711,0.2461650096075887,0.24969487650034067,0.22771778979939955
4706,0.2496954367227103,0.2478443453489495,0.27470048157743304,0.22775973635090707
4707,0.22227151140003337,0.28670065013448653,0.2687563270654467,0.22227151140003337
4708,0.24989926473259494,0.23738924308673573,0.27174866328989533,0.24096282889077394
4709,0.2712093593280849,0.246268569917037,0.25470848129322726,0.2278135894616509
4710,0.2496954367227103,0.2478443453489495,0.27470048157743304,0.22775973635090707
4711,0.258841675878463,0.2463168241130093,0.26698327244468323,0.22785822756384452
4712,0.27649198822892346,0.24191539794815328,0.2497578047676401,0.23183480905528323
4713,0.25142131247746086,0.2478831256021084,0.2729001879590604,0.22779537396137045
4714,0.2496954367227103,0.2478443453489495,0.27470048157743304,0.22775973635090707
4715,0.24958380963190333,0.22459757429554866,0.24978141890645997,0.276037197166088
4716,0.24292283574736154,0.25468507578998073,0.27466323445544255,0.22772885400721524
4717,0.24958380963190333,0.22459757429554866,0.24978141890645997,0.276037197166088
4718,0.27649198822892346,0.24191539794815328,0.2497578047676401,0.23183480905528323
4719,0.2760473864467348,0.2228728105682476,0.23560302121672097,0.26547678176829653
4720,0.2756358381517024,0.22254053817697775,0.2264994253397732,0.27532419833154664
4721,0.2496954367227103,0.2478443453489495,0.27470048157743304,0.22775973635090707
4722,0.2496954367227103,0.2478443453489495,0.27470048157743304,0.22775973635090707
4723,0.24958380963190333,0.22459757429554866,0.24978141890645997,0.276037197166088
4724,0.24958380963190333,0.22459757429554866,0.24978141890645997,0.276037197166088
4725,0.2764223240926711,0.2461650096075887,0.24969487650034067,0.22771778979939955
4726,0.2670974752288366,0.24631594729841516,0.25872916101638715,0.22785741645636115
4727,0.24958380963190333,0.22459757429554866,0.24978141890645997,0.276037197166088
4728,0.22227151140003337,0.28670065013448653,0.2687563270654467,0.22227151140003337
4729,0.23707778393390375,0.2607430610461055,0.274546821419828,0.2276323336001627
4730,0.251267088896921,0.2245953318658973,0.24810313808481183,0.2760344411523699
4731,0.2756358381517024,0.22254053817697775,0.2264994253397732,0.27532419833154664
4732,0.22227151140003337,0.28670065013448653,0.2687563270654467,0.22227151140003337
4733,0.2764223240926711,0.2461650096075887,0.24969487650034067,0.22771778979939955
4734,0.24958380963190333,0.22459757429554866,0.24978141890645997,0.276037197166088
4735,0.2496954367227103,0.2478443453489495,0.27470048157743304,0.22775973635090707
4736,0.22367094972152926,0.2851186955091336,0.2688562244798326,0.22235413028950457
4737,0.22227151140003337,0.28670065013448653,0.2687563270654467,0.22227151140003337
4738,0.24958380963190333,0.22459757429554866,0.24978141890645997,0.276037197166088
4739,0.2496954367227103,0.2478443453489495,0.27470048157743304,0.22775973635090707
4740,0.2496954367227103,0.2478443453489495,0.27470048157743304,0.22775973635090707
4741,0.2686105331336013,0.22279506403807978,0.2329553084817064,0.27563909434661255
4742,0.24958380963190333,0.22459757429554866,0.24978141890645997,0.276037197166088
4743,0.22227151140003337,0.28670065013448653,0.2687563270654467,0.22227151140003337
4744,0.2765487086363895,0.23569615097861057,0.24692313077228814,0.24083200961271184
4745,0.22227151140003337,0.28670065013448653,0.2687563270654467,0.22227151140003337
4746,0.22227151140003337,0.28670065013448653,0.2687563270654467,0.22227151140003337
4747,0.2760473864467348,0.2228728105682476,0.23560302121672097,0.26547678176829653
4748,0.2496954367227103,0.2478443453489495,0.27470048157743304,0.22775973635090707
4749,0.24671842605155303,0.28551653147963335,0.24494252031088815,0.22282252215792553
4750,0.22227151140003337,0.28670065013448653,0.2687563270654467,0.22227151140003337
4751,0.22227151140003337,0.28670065013448653,0.2687563270654467,0.22227151140003337
4752,0.22680395398311315,0.2793681010290941,0.27128607894139994,0.22254186604639276
4753,0.2496954367227103,0.2478443453489495,0.27470048157743304,0.22775973635090707
4754,0.24958380963190333,0.22459757429554866,0.24978141890645997,0.276037197166088
4755,0.27649198822892346,0.24191539794815328,0.2497578047676401,0.23183480905528323
4756,0.27240127288181515,0.22266736720773445,0.22945025038643385,0.2754811095240166
4757,0.2764223240926711,0.2461650096075887,0.24969487650034067,0.22771778979939955
4758,0.27649198822892346,0.24191539794815328,0.2497578047676401,0.23183480905528323
4759,0.24958380963190333,0.22459757429554866,0.24978141890645997,0.276037197166088
4760,0.22367094972152926,0.2851186955091336,0.2688562244798326,0.22235413028950457
4761,0.24958380963190333,0.22459757429554866,0.24978141890645997,0.276037197166088
4762,0.22227151140003337,0.28670065013448653,0.2687563270654467,0.22227151140003337
4763,0.2764223240926711,0.2461650096075887,0.24969487650034067,0.22771778979939955
4764,0.24958380963190333,0.22459757429554866,0.24978141890645997,0.276037197166088
4765,0.22227151140003337,0.28670065013448653,0.2687563270654467,0.22227151140003337
4766,0.24958380963190333,0.22459757429554866,0.24978141890645997,0.276037197166088
4767,0.22227151140003337,0.28670065013448653,0.2687563270654467,0.22227151140003337
4768,0.2756358381517024,0.22254053817697775,0.2264994253397732,0.27532419833154664
4769,0.22227151140003337,0.28670065013448653,0.2687563270654467,0.22227151140003337
4770,0.2756358381517024,0.22254053817697775,0.2264994253397732,0.27532419833154664
4771,0.22227151140003337,0.28670065013448653,0.2687563270654467,0.22227151140003337
4772,0.2496954367227103,0.2478443453489495,0.27470048157743304,0.22775973635090707
4773,0.24958380963190333,0.22459757429554866,0.24978141890645997,0.276037197166088
4774,0.25850361612021977,0.22302150323001926,0.24255563874215877,0.27591924190760214
4775,0.24972282926461628,0.2247226764499426,0.2576696548611619,0.2678848394242792
4776,0.2756358381517024,0.22254053817697775,0.2264994253397732,0.27532419833154664
4777,0.2764223240926711,0.2461650096075887,0.24969487650034067,0.22771778979939955
4778,0.24292283574736154,0.25468507578998073,0.27466323445544255,0.22772885400721524
4779,0.22227151140003337,0.28670065013448653,0.2687563270654467,0.22227151140003337
4780,0.22227151140003337,0.28670065013448653,0.2687563270654467,0.22227151140003337
4781,0.2764223240926711,0.2461650096075887,0.24969487650034067,0.22771778979939955
4782,0.27649198822892346,0.24191539794815328,0.2497578047676401,0.23183480905528323
4783,0.22227151140003337,0.28670065013448653,0.2687563270654467,0.22227151140003337
4784,0.2756358381517024,0.22254053817697775,0.2264994253397732,0.27532419833154664
4785,0.22227151140003337,0.28670065013448653,0.2687563270654467,0.22227151140003337
4786,0.2496954367227103,0.2478443453489495,0.27470048157743304,0.22775973635090707
4787,0.2292504711286587,0.2714005244888186,0.2741551378540549,0.22519386652846785
4788,0.22227151140003337,0.28670065013448653,0.2687563270654467,0.22227151140003337
4789,0.22227151140003337,0.28670065013448653,0.2687563270654467,0.22227151140003337
4790,0.24958380963190333,0.22459757429554866,0.24978141890645997,0.276037197166088
4791,0.22227151140003337,0.28670065013448653,0.2687563270654467,0.22227151140003337
4792,0.22227151140003337,0.28670065013448653,0.2687563270654467,0.22227151140003337
4793,0.2764223240926711,0.2461650096075887,0.24969487650034067,0.22771778979939955
4794,0.27649198822892346,0.24191539794815328,0.2497578047676401,0.23183480905528323
4795,0.24974637905356042,0.22474386863175846,0.2616096963255617,0.2639000559891193
4796,0.24958380963190333,0.22459757429554866,0.24978141890645997,0.276037197166088
4797,0.24958380963190333,0.22459757429554866,0.24978141890645997,0.276037197166088
4798,0.23625634768559436,0.28540884275892364,0.2555963297198422,0.22273847983563985
4799,0.27649198822892346,0.24191539794815328,0.2497578047676401,0.23183480905528323
4800,0.24671842605155303,0.28551653147963335,0.24494252031088815,0.22282252215792553
4801,0.22367094972152926,0.2851186955091336,0.2688562244798326,0.22235413028950457
4802,0.2686105331336013,0.22279506403807978,0.2329553084817064,0.27563909434661255
4803,0.2390860761497665,0.25864514694776974,0.2745958186805001,0.22767295822196357
4804,0.24958380963190333,0.22459757429554866,0.24978141890645997,0.276037197166088
4805,0.2306621982024805,0.2852415355675873,0.2614883561030077,0.2226079101269245
4806,0.24976552497064355,0.24357272518764644,0.2747775886151622,0.23188416122654784
4807,0.22227151140003337,0.28670065013448653,0.2687563270654467,0.22227151140003337
4808,0.24671842605155303,0.28551653147963335,0.24494252031088815,0.22282252215792553
4809,0.24671842605155303,0.28551653147963335,0.24494252031088815,0.22282252215792553
4810,0.22227151140003337,0.28670065013448653,0.2687563270654467,0.22227151140003337
4811,0.2764223240926711,0.2461650096075887,0.24969487650034067,0.22771778979939955
4812,0.2756358381517024,0.22254053817697775,0.2264994253397732,0.27532419833154664
4813,0.22227151140003337,0.28670065013448653,0.2687563270654467,0.22227151140003337
4814,0.24958380963190333,0.22459757429554866,0.24978141890645997,0.276037197166088
4815,0.2764223240926711,0.2461650096075887,0.24969487650034067,0.22771778979939955
4816,0.22227151140003337,0.28670065013448653,0.2687563270654467,0.22227151140003337
4817,0.26921176827130733,0.24629541320679824,0.25665439736452395,0.2278384211573704
4818,0.24958380963190333,0.22459757429554866,0.24978141890645997,0.276037197166088
4819,0.24958380963190333,0.22459757429554866,0.24978141890645997,0.276037197166088
4820,0.22227151140003337,0.28670065013448653,0.2687563270654467,0.22227151140003337
4821,0.22227151140003337,0.28670065013448653,0.2687563270654467,0.22227151140003337
4822,0.24292283574736154,0.25468507578998073,0.27466323445544255,0.22772885400721524
4823,0.24964839435044703,0.22465569333437121,0.25263047797959803,0.2730654343355838
4824,0.2764223240926711,0.2461650096075887,0.24969487650034067,0.22771778979939955
4825,0.22681571995332445,0.2767465803792093,0.2738842887563536,0.22255341091111264
4826,0.2764223240926711,0.2461650096075887,0.24969487650034067,0.22771778979939955
4827,0.22227151140003337,0.28670065013448653,0.2687563270654467,0.22227151140003337
4828,0.2756358381517024,0.22254053817697775,0.2264994253397732,0.27532419833154664
4829,0.2756358381517024,0.22254053817697775,0.2264994253397732,0.27532419833154664
4830,0.22227151140003337,0.28670065013448653,0.2687563270654467,0.22227151140003337
4831,0.22227151140003337,0.28670065013448653,0.2687563270654467,0.22227151140003337
4832,0.24958380963190333,0.22459757429554866,0.24978141890645997,0.276037197166088
4833,0.24671842605155303,0.28551653147963335,0.24494252031088815,0.22282252215792553
4834,0.22681571995332445,0.2767465803792093,0.2738842887563536,0.22255341091111264
4835,0.24958380963190333,0.22459757429554866,0.24978141890645997,0.276037197166088
4836,0.2496954367227103,0.2478443453489495,0.27470048157743304,0.22775973635090707
4837,0.24671842605155303,0.28551653147963335,0.24494252031088815,0.22282252215792553
4838,0.2764223240926711,0.2461650096075887,0.24969487650034067,0.22771778979939955
4839,0.24958380963190333,0.22459757429554866,0.24978141890645997,0.276037197166088
4840,0.24958380963190333,0.22459757429554866,0.24978141890645997,0.276037197166088
4841,0.24958380963190333,0.22459757429554866,0.24978141890645997,0.276037197166088
4842,0.24958380963190333,0.22459757429554866,0.24978141890645997,0.276037197166088
4843,0.24958380963190333,0.22459757429554866,0.24978141890645997,0.276037197166088
4844,0.22227151140003337,0.28670065013448653,0.2687563270654467,0.22227151140003337
4845,0.22227151140003337,0.28670065013448653,0.2687563270654467,0.22227151140003337
4846,0.24958380963190333,0.22459757429554866,0.24978141890645997,0.276037197166088
4847,0.2496954367227103,0.2478443453489495,0.27470048157743304,0.22775973635090707
4848,0.2764223240926711,0.2461650096075887,0.24969487650034067,0.22771778979939955
4849,0.22227151140003337,0.28670065013448653,0.2687563270654467,0.22227151140003337
4850,0.2496954367227103,0.2478443453489495,0.27470048157743304,0.22775973635090707
4851,0.2496954367227103,0.2478443453489495,0.27470048157743304,0.22775973635090707
4852,0.24958380963190333,0.22459757429554866,0.24978141890645997,0.276037197166088
4853,0.22367094972152926,0.2851186955091336,0.2688562244798326,0.22235413028950457
4854,0.2759827874654471,0.22282065518759078,0.2338162697601553,0.2673802875868069
4855,0.2496954367227103,0.2478443453489495,0.27470048157743304,0.22775973635090707
4856,0.22227151140003337,0.28670065013448653,0.2687563270654467,0.22227151140003337
4857,0.2496954367227103,0.2478443453489495,0.27470048157743304,0.22775973635090707
4858,0.22912941785406846,0.2742043441954423,0.2740103731474893,0.22265586480299995
4859,0.2381928573629116,0.2854486199762488,0.25358899992956463,0.22276952273127495
4860,0.2496954367227103,0.2478443453489495,0.27470048157743304,0.22775973635090707
4861,0.26921176827130733,0.24629541320679824,0.25665439736452395,0.2278384211573704
4862,0.24958380963190333,0.22459757429554866,0.24978141890645997,0.276037197166088
4863,0.24958380963190333,0.22459757429554866,0.24978141890645997,0.276037197166088
4864,0.24671842605155303,0.28551653147963335,0.24494252031088815,0.22282252215792553
4865,0.22227151140003337,0.28670065013448653,0.2687563270654467,0.22227151140003337
4866,0.2496954367227103,0.2478443453489495,0.27470048157743304,0.22775973635090707
4867,0.27055697202169154,0.22273234434830128,0.2311491852506253,0.27556149837938193
4868,0.22227151140003337,0.28670065013448653,0.2687563270654467,0.22227151140003337
4869,0.2496954367227103,0.2478443453489495,0.27470048157743304,0.22775973635090707
4870,0.22227151140003337,0.28670065013448653,0.2687563270654467,0.22227151140003337
4871,0.24958380963190333,0.22459757429554866,0.24978141890645997,0.276037197166088
4872,0.22227151140003337,0.28670065013448653,0.2687563270654467,0.22227151140003337
4873,0.22227151140003337,0.28670065013448653,0.2687563270654467,0.22227151140003337
4874,0.22227151140003337,0.28670065013448653,0.2687563270654467,0.22227151140003337
4875,0.25850361612021977,0.22302150323001926,0.24255563874215877,0.27591924190760214
4876,0.22227151140003337,0.28670065013448653,0.2687563270654467,0.22227151140003337
4877,0.2764223240926711,0.2461650096075887,0.24969487650034067,0.22771778979939955
4878,0.24958380963190333,0.22459757429554866,0.24978141890645997,0.276037197166088
4879,0.2607165673939053,0.2614521130887857,0.24991383919411986,0.22791748032318912
4880,0.2390860761497665,0.25864514694776974,0.2745958186805001,0.22767295822196357
4881,0.2496954367227103,0.2478443453489495,0.27470048157743304,0.22775973635090707
4882,0.2764223240926711,0.2461650096075887,0.24969487650034067,0.22771778979939955
4883,0.24958380963190333,0.22459757429554866,0.24978141890645997,0.276037197166088
4884,0.22227151140003337,0.28670065013448653,0.2687563270654467,0.22227151140003337
4885,0.2306621982024805,0.2852415355675873,0.2614883561030077,0.2226079101269245
4886,0.24989926473259494,0.23738924308673573,0.27174866328989533,0.24096282889077394
4887,0.24958380963190333,0.22459757429554866,0.24978141890645997,0.276037197166088
4888,0.22227151140003337,0.28670065013448653,0.2687563270654467,0.22227151140003337
4889,0.27055697202169154,0.22273234434830128,0.2311491852506253,0.27556149837938193
4890,0.24976552497064355,0.24357272518764644,0.2747775886151622,0.23188416122654784
4891,0.24976552497064355,0.24357272518764644,0.2747775886151622,0.23188416122654784
4892,0.2756358381517024,0.22254053817697775,0.2264994253397732,0.27532419833154664
4893,0.258841675878463,0.2463168241130093,0.26698327244468323,0.22785822756384452
4894,0.2765487086363895,0.23569615097861057,0.24692313077228814,0.24083200961271184
4895,0.22681571995332445,0.2767465803792093,0.2738842887563536,0.22255341091111264
4896,0.22227151140003337,0.28670065013448653,0.2687563270654467,0.22227151140003337
4897,0.2764223240926711,0.2461650096075887,0.24969487650034067,0.22771778979939955
4898,0.24958380963190333,0.22459757429554866,0.24978141890645997,0.276037197166088
4899,0.27134880674701245,0.2358087303263046,0.2518954208434218,0.24094704208326115
4900,0.2496954367227103,0.2478443453489495,0.27470048157743304,0.22775973635090707
4901,0.22227151140003337,0.28670065013448653,0.2687563270654467,0.22227151140003337
4902,0.2496954367227103,0.2478443453489495,0.27470048157743304,0.22775973635090707
4903,0.22681571995332445,0.2767465803792093,0.2738842887563536,0.22255341091111264
4904,0.22367094972152926,0.2851186955091336,0.2688562244798326,0.22235413028950457
4905,0.2764223240926711,0.2461650096075887,0.24969487650034067,0.22771778979939955
4906,0.22227151140003337,0.28670065013448653,0.2687563270654467,0.22227151140003337
4907,0.24958380963190333,0.22459757429554866,0.24978141890645997,0.276037197166088
4908,0.22227151140003337,0.28670065013448653,0.2687563270654467,0.22227151140003337
4909,0.24958380963190333,0.22459757429554866,0.24978141890645997,0.276037197166088
4910,0.24958380963190333,0.22459757429554866,0.24978141890645997,0.276037197166088
4911,0.22227151140003337,0.28670065013448653,0.2687563270654467,0.22227151140003337
4912,0.2764223240926711,0.2461650096075887,0.24969487650034067,0.22771778979939955
4913,0.23707778393390375,0.2607430610461055,0.274546821419828,0.2276323336001627
4914,0.2496954367227103,0.2478443453489495,0.27470048157743304,0.22775973635090707
4915,0.27649198822892346,0.24191539794815328,0.2497578047676401,0.23183480905528323
4916,0.25850361612021977,0.22302150323001926,0.24255563874215877,0.27591924190760214
4917,0.24976552497064355,0.24357272518764644,0.2747775886151622,0.23188416122654784
4918,0.2686105331336013,0.22279506403807978,0.2329553084817064,0.27563909434661255
4919,0.24958380963190333,0.22459757429554866,0.24978141890645997,0.276037197166088
4920,0.22227151140003337,0.28670065013448653,0.2687563270654467,0.22227151140003337
4921,0.24958380963190333,0.22459757429554866,0.24978141890645997,0.276037197166088
4922,0.22227151140003337,0.28670065013448653,0.2687563270654467,0.22227151140003337
4923,0.22227151140003337,0.28670065013448653,0.2687563270654467,0.22227151140003337
4924,0.23133784794858225,0.26683651310152184,0.27435355032843534,0.22747208862146057
4925,0.22227151140003337,0.28670065013448653,0.2687563270654467,0.22227151140003337
4926,0.2756358381517024,0.22254053817697775,0.2264994253397732,0.27532419833154664
4927,0.24958380963190333,0.22459757429554866,0.24978141890645997,0.276037197166088
4928,0.2712777384514055,0.24201719612816364,0.25477270010446706,0.23193236531596376
4929,0.2496954367227103,0.2478443453489495,0.27470048157743304,0.22775973635090707
4930,0.23133784794858225,0.26683651310152184,0.27435355032843534,0.22747208862146057
4931,0.22227151140003337,0.28670065013448653,0.2687563270654467,0.22227151140003337
4932,0.24671842605155303,0.28551653147963335,0.24494252031088815,0.22282252215792553
4933,0.22912941785406846,0.2742043441954423,0.2740103731474893,0.22265586480299995
4934,0.27649198822892346,0.24191539794815328,0.2497578047676401,0.23183480905528323
4935,0.22227151140003337,0.28670065013448653,0.2687563270654467,0.22227151140003337
4936,0.22227151140003337,0.28670065013448653,0.2687563270654467,0.22227151140003337
4937,0.24958380963190333,0.22459757429554866,0.24978141890645997,0.276037197166088
4938,0.22227151140003337,0.28670065013448653,0.2687563270654467,0.22227151140003337
4939,0.24958380963190333,0.22459757429554866,0.24978141890645997,0.276037197166088
4940,0.22227151140003337,0.28670065013448653,0.2687563270654467,0.22227151140003337
4941,0.22681571995332445,0.2767465803792093,0.2738842887563536,0.22255341091111264
4942,0.22227151140003337,0.28670065013448653,0.2687563270654467,0.22227151140003337
4943,0.22227151140003337,0.28670065013448653,0.2687563270654467,0.22227151140003337
4944,0.2764223240926711,0.2461650096075887,0.24969487650034067,0.22771778979939955
4945,0.24823410045200106,0.28389801300795603,0.2449963740274313,0.22287151251261153
4946,0.24958380963190333,0.22459757429554866,0.24978141890645997,0.276037197166088
4947,0.24989926473259494,0.23738924308673573,0.27174866328989533,0.24096282889077394
4948,0.2756358381517024,0.22254053817697775,0.2264994253397732,0.27532419833154664
4949,0.2496954367227103,0.2478443453489495,0.27470048157743304,0.22775973635090707
4950,0.24012407192037208,0.28547918522123267,0.25160336642960446,0.22279337642879077
4951,0.22227151140003337,0.28670065013448653,0.2687563270654467,0.22227151140003337
4952,0.24958380963190333,0.22459757429554866,0.24978141890645997,0.276037197166088
4953,0.22227151140003337,0.28670065013448653,0.2687563270654467,0.22227151140003337
4954,0.2649762004114643,0.24632831788390322,0.26082662169506143,0.22786886000957104
4955,0.22227151140003337,0.28670065013448653,0.2687563270654467,0.22227151140003337
4956,0.24958380963190333,0.22459757429554866,0.24978141890645997,0.276037197166088
4957,0.22227151140003337,0.28670065013448653,0.2687563270654467,0.22227151140003337
4958,0.24976552497064355,0.24357272518764644,0.2747775886151622,0.23188416122654784
4959,0.27240127288181515,0.22266736720773445,0.22945025038643385,0.2754811095240166
4960,0.23133784794858225,0.26683651310152184,0.27435355032843534,0.22747208862146057
4961,0.24958380963190333,0.22459757429554866,0.24978141890645997,0.276037197166088
4962,0.2496954367227103,0.2478443453489495,0.27470048157743304,0.22775973635090707
4963,0.2496954367227103,0.2478443453489495,0.27470048157743304,0.22775973635090707
4964,0.22227151140003337,0.28670065013448653,0.2687563270654467,0.22227151140003337
4965,0.24989926473259494,0.23738924308673573,0.27174866328989533,0.24096282889077394
4966,0.23133784794858225,0.26683651310152184,0.27435355032843534,0.22747208862146057
4967,0.2764223240926711,0.2461650096075887,0.24969487650034067,0.22771778979939955
4968,0.24958380963190333,0.22459757429554866,0.24978141890645997,0.276037197166088
4969,0.24976552497064355,0.24357272518764644,0.2747775886151622,0.23188416122654784
4970,0.2496954367227103,0.2478443453489495,0.27470048157743304,0.22775973635090707
4971,0.26922229715615204,0.22888975428262873,0.24438329476626539,0.2575046537949539
4972,0.24671842605155303,0.28551653147963335,0.24494252031088815,0.22282252215792553
4973,0.27240127288181515,0.22266736720773445,0.22945025038643385,0.2754811095240166
4974,0.24958380963190333,0.22459757429554866,0.24978141890645997,0.276037197166088
4975,0.2306621982024805,0.2852415355675873,0.2614883561030077,0.2226079101269245
4976,0.2496954367227103,0.2478443453489495,0.27470048157743304,0.22775973635090707
4977,0.2756358381517024,0.22254053817697775,0.2264994253397732,0.27532419833154664
4978,0.2496954367227103,0.2478443453489495,0.27470048157743304,0.22775973635090707
4979,0.2496954367227103,0.2478443453489495,0.27470048157743304,0.22775973635090707
4980,0.22227151140003337,0.28670065013448653,0.2687563270654467,0.22227151140003337
4981,0.24958380963190333,0.22459757429554866,0.24978141890645997,0.276037197166088
4982,0.2760473864467348,0.2228728105682476,0.23560302121672097,0.26547678176829653
4983,0.24958380963190333,0.22459757429554866,0.24978141890645997,0.276037197166088
4984,0.22227151140003337,0.28670065013448653,0.2687563270654467,0.22227151140003337
4985,0.24671842605155303,0.28551653147963335,0.24494252031088815,0.22282252215792553
4986,0.27240127288181515,0.22266736720773445,0.22945025038643385,0.2754811095240166
4987,0.22227151140003337,0.28670065013448653,0.2687563270654467,0.22227151140003337
4988,0.2756358381517024,0.22254053817697775,0.2264994253397732,0.27532419833154664
4989,0.24976552497064355,0.24357272518764644,0.2747775886151622,0.23188416122654784
4990,0.22227151140003337,0.28670065013448653,0.2687563270654467,0.22227151140003337
4991,0.2517404759162937,0.2755795326412122,0.24959433244743506,0.22308565899505892
4992,0.22227151140003337,0.28670065013448653,0.2687563270654467,0.22227151140003337
4993,0.2756358381517024,0.22254053817697775,0.2264994253397732,0.27532419833154664
4994,0.22227151140003337,0.28670065013448653,0.2687563270654467,0.22227151140003337
4995,0.22227151140003337,0.28670065013448653,0.2687563270654467,0.22227151140003337
4996,0.27649198822892346,0.24191539794815328,0.2497578047676401,0.23183480905528323
4997,0.22227151140003337,0.28670065013448653,0.2687563270654467,0.22227151140003337
4998,0.2756358381517024,0.22254053817697775,0.2264994253397732,0.27532419833154664
4999,0.2756358381517024,0.22254053817697775,0.2264994253397732,0.27532419833154664
5000,0.2496954367227103,0.2478443453489495,0.27470048157743304,0.22775973635090707
5001,0.24958380963190333,0.22459757429554866,0.24978141890645997,0.276037197166088
5002,0.2764223240926711,0.2461650096075887,0.24969487650034067,0.22771778979939955
5003,0.24976552497064355,0.24357272518764644,0.2747775886151622,0.23188416122654784
5004,0.22227151140003337,0.28670065013448653,0.2687563270654467,0.22227151140003337
5005,0.22227151140003337,0.28670065013448653,0.2687563270654467,0.22227151140003337
5006,0.22227151140003337,0.28670065013448653,0.2687563270654467,0.22227151140003337
5007,0.24958380963190333,0.22459757429554866,0.24978141890645997,0.276037197166088
5008,0.22227151140003337,0.28670065013448653,0.2687563270654467,0.22227151140003337
5009,0.22384037587458464,0.2867872019292172,0.26703380945467803,0.22233861274152023
5010,0.22227151140003337,0.28670065013448653,0.2687563270654467,0.22227151140003337
5011,0.27134880674701245,0.2358087303263046,0.2518954208434218,0.24094704208326115
5012,0.2764223240926711,0.2461650096075887,0.24969487650034067,0.22771778979939955
5013,0.2496954367227103,0.2478443453489495,0.27470048157743304,0.22775973635090707
5014,0.22227151140003337,0.28670065013448653,0.2687563270654467,0.22227151140003337
5015,0.24958380963190333,0.22459757429554866,0.24978141890645997,0.276037197166088
5016,0.25850361612021977,0.22302150323001926,0.24255563874215877,0.27591924190760214
5017,0.24958380963190333,0.22459757429554866,0.24978141890645997,0.276037197166088
5018,0.22227151140003337,0.28670065013448653,0.2687563270654467,0.22227151140003337
5019,0.22227151140003337,0.28670065013448653,0.2687563270654467,0.22227151140003337
5020,0.25850361612021977,0.22302150323001926,0.24255563874215877,0.27591924190760214
5021,0.24958380963190333,0.22459757429554866,0.24978141890645997,0.276037197166088
5022,0.22227151140003337,0.28670065013448653,0.2687563270654467,0.22227151140003337
5023,0.22227151140003337,0.28670065013448653,0.2687563270654467,0.22227151140003337
5024,0.22227151140003337,0.28670065013448653,0.2687563270654467,0.22227151140003337
5025,0.22227151140003337,0.28670065013448653,0.2687563270654467,0.22227151140003337
5026,0.22227151140003337,0.28670065013448653,0.2687563270654467,0.22227151140003337
5027,0.24976552497064355,0.24357272518764644,0.2747775886151622,0.23188416122654784
5028,0.2764223240926711,0.2461650096075887,0.24969487650034067,0.22771778979939955
5029,0.22227151140003337,0.28670065013448653,0.2687563270654467,0.22227151140003337
5030,0.24958380963190333,0.22459757429554866,0.24978141890645997,0.276037197166088
5031,0.2693561755251043,0.23583967546139117,0.2538254874954765,0.24097866151802794
5032,0.2764223240926711,0.2461650096075887,0.24969487650034067,0.22771778979939955
5033,0.24964839435044703,0.22465569333437121,0.25263047797959803,0.2730654343355838
5034,0.24976552497064355,0.24357272518764644,0.2747775886151622,0.23188416122654784
5035,0.2496954367227103,0.2478443453489495,0.27470048157743304,0.22775973635090707
5036,0.22227151140003337,0.28670065013448653,0.2687563270654467,0.22227151140003337
5037,0.2764223240926711,0.2461650096075887,0.24969487650034067,0.22771778979939955
5038,0.22227151140003337,0.28670065013448653,0.2687563270654467,0.22227151140003337
5039,0.2686105331336013,0.22279506403807978,0.2329553084817064,0.27563909434661255
5040,0.24976552497064355,0.24357272518764644,0.2747775886151622,0.23188416122654784
5041,0.24012407192037208,0.28547918522123267,0.25160336642960446,0.22279337642879077
5042,0.2764223240926711,0.2461650096075887,0.24969487650034067,0.22771778979939955
5043,0.2764223240926711,0.2461650096075887,0.24969487650034067,0.22771778979939955
5044,0.22227151140003337,0.28670065013448653,0.2687563270654467,0.22227151140003337
5045,0.24671842605155303,0.28551653147963335,0.24494252031088815,0.22282252215792553
5046,0.22227151140003337,0.28670065013448653,0.2687563270654467,0.22227151140003337
5047,0.24976552497064355,0.24357272518764644,0.2747775886151622,0.23188416122654784
5048,0.22227151140003337,0.28670065013448653,0.2687563270654467,0.22227151140003337
5049,0.22227151140003337,0.28670065013448653,0.2687563270654467,0.22227151140003337
5050,0.24958380963190333,0.22459757429554866,0.24978141890645997,0.276037197166088
5051,0.24970239082789633,0.22470428413789129,0.2558981110668273,0.269695213967385
5052,0.22227151140003337,0.28670065013448653,0.2687563270654467,0.22227151140003337
5053,0.24671842605155303,0.28551653147963335,0.24494252031088815,0.22282252215792553
5054,0.2759827874654471,0.22282065518759078,0.2338162697601553,0.2673802875868069
5055,0.22227151140003337,0.28670065013448653,0.2687563270654467,0.22227151140003337
5056,0.22227151140003337,0.28670065013448653,0.2687563270654467,0.22227151140003337
5057,0.2496954367227103,0.2478443453489495,0.27470048157743304,0.22775973635090707
5058,0.2496954367227103,0.2478443453489495,0.27470048157743304,0.22775973635090707
5059,0.22227151140003337,0.28670065013448653,0.2687563270654467,0.22227151140003337
5060,0.2496954367227103,0.2478443453489495,0.27470048157743304,0.22775973635090707
5061,0.22227151140003337,0.28670065013448653,0.2687563270654467,0.22227151140003337
5062,0.24958380963190333,0.22459757429554866,0.24978141890645997,0.276037197166088
5063,0.2670974752288366,0.24631594729841516,0.25872916101638715,0.22785741645636115
5064,0.2756358381517024,0.22254053817697775,0.2264994253397732,0.27532419833154664
5065,0.22227151140003337,0.28670065013448653,0.2687563270654467,0.22227151140003337
5066,0.24958380963190333,0.22459757429554866,0.24978141890645997,0.276037197166088
5067,0.22227151140003337,0.28670065013448653,0.2687563270654467,0.22227151140003337
5068,0.2756358381517024,0.22254053817697775,0.2264994253397732,0.27532419833154664
5069,0.258841675878463,0.2463168241130093,0.26698327244468323,0.22785822756384452
5070,0.2272438935154232,0.286952277612164,0.26333723727375796,0.22246659159865487
5071,0.27277843642878913,0.2229756697832803,0.23864659041947803,0.26559930336845256
5072,0.22227151140003337,0.28670065013448653,0.2687563270654467,0.22227151140003337
5073,0.2496954367227103,0.2478443453489495,0.27470048157743304,0.22775973635090707
5074,0.2496954367227103,0.2478443453489495,0.27470048157743304,0.22775973635090707
5075,0.22227151140003337,0.28670065013448653,0.2687563270654467,0.22227151140003337
5076,0.22227151140003337,0.28670065013448653,0.2687563270654467,0.22227151140003337
5077,0.24958380963190333,0.22459757429554866,0.24978141890645997,0.276037197166088
5078,0.2764223240926711,0.2461650096075887,0.24969487650034067,0.22771778979939955
5079,0.22227151140003337,0.28670065013448653,0.2687563270654467,0.22227151140003337
5080,0.2496954367227103,0.2478443453489495,0.27470048157743304,0.22775973635090707
5081,0.22227151140003337,0.28670065013448653,0.2687563270654467,0.22227151140003337
5082,0.24958380963190333,0.22459757429554866,0.24978141890645997,0.276037197166088
5083,0.24958380963190333,0.22459757429554866,0.24978141890645997,0.276037197166088
5084,0.22227151140003337,0.28670065013448653,0.2687563270654467,0.22227151140003337
5085,0.2551628273252194,0.24794673527046868,0.2690366085232833,0.22785382888102865
5086,0.22367094972152926,0.2851186955091336,0.2688562244798326,0.22235413028950457
5087,0.27055697202169154,0.22273234434830128,0.2311491852506253,0.27556149837938193
5088,0.2496954367227103,0.2478443453489495,0.27470048157743304,0.22775973635090707
5089,0.2496954367227103,0.2478443453489495,0.27470048157743304,0.22775973635090707
5090,0.2756358381517024,0.22254053817697775,0.2264994253397732,0.27532419833154664
5091,0.22227151140003337,0.28670065013448653,0.2687563270654467,0.22227151140003337
5092,0.22367094972152926,0.2851186955091336,0.2688562244798326,0.22235413028950457
5093,0.24958380963190333,0.22459757429554866,0.24978141890645997,0.276037197166088
5094,0.27649198822892346,0.24191539794815328,0.2497578047676401,0.23183480905528323
5095,0.24958380963190333,0.22459757429554866,0.24978141890645997,0.276037197166088
5096,0.22227151140003337,0.28670065013448653,0.2687563270654467,0.22227151140003337
5097,0.2496954367227103,0.2478443453489495,0.27470048157743304,0.22775973635090707
5098,0.22227151140003337,0.28670065013448653,0.2687563270654467,0.22227151140003337
5099,0.24958380963190333,0.22459757429554866,0.24978141890645997,0.276037197166088
5100,0.24958380963190333,0.22459757429554866,0.24978141890645997,0.276037197166088
5101,0.22227151140003337,0.28670065013448653,0.2687563270654467,0.22227151140003337
5102,0.2756358381517024,0.22254053817697775,0.2264994253397732,0.27532419833154664
5103,0.2496954367227103,0.2478443453489495,0.27470048157743304,0.22775973635090707
5104,0.2764223240926711,0.2461650096075887,0.24969487650034067,0.22771778979939955
5105,0.27649198822892346,0.24191539794815328,0.2497578047676401,0.23183480905528323
5106,0.24671842605155303,0.28551653147963335,0.24494252031088815,0.22282252215792553
5107,0.22227151140003337,0.28670065013448653,0.2687563270654467,0.22227151140003337
5108,0.24958380963190333,0.22459757429554866,0.24978141890645997,0.276037197166088
5109,0.22227151140003337,0.28670065013448653,0.2687563270654467,0.22227151140003337
5110,0.24964839435044703,0.22465569333437121,0.25263047797959803,0.2730654343355838
5111,0.24989926473259494,0.23738924308673573,0.27174866328989533,0.24096282889077394
5112,0.2756358381517024,0.22254053817697775,0.2264994253397732,0.27532419833154664
5113,0.2764223240926711,0.2461650096075887,0.24969487650034067,0.22771778979939955
5114,0.22227151140003337,0.28670065013448653,0.2687563270654467,0.22227151140003337
5115,0.22367094972152926,0.2851186955091336,0.2688562244798326,0.22235413028950457
5116,0.23124781475814604,0.2692362700512223,0.2742467760774314,0.2252691391132003
5117,0.2496954367227103,0.2478443453489495,0.27470048157743304,0.22775973635090707
5118,0.2764223240926711,0.2461650096075887,0.24969487650034067,0.22771778979939955
5119,0.2756358381517024,0.22254053817697775,0.2264994253397732,0.27532419833154664
5120,0.2756358381517024,0.22254053817697775,0.2264994253397732,0.27532419833154664
5121,0.24958380963190333,0.22459757429554866,0.24978141890645997,0.276037197166088
5122,0.22367094972152926,0.2851186955091336,0.2688562244798326,0.22235413028950457
5123,0.24671842605155303,0.28551653147963335,0.24494252031088815,0.22282252215792553
5124,0.24976552497064355,0.24357272518764644,0.2747775886151622,0.23188416122654784
5125,0.22227151140003337,0.28670065013448653,0.2687563270654467,0.22227151140003337
5126,0.2644829580810333,0.22290787370111398,0.23683050725432914,0.2757786609635237
5127,0.22227151140003337,0.28670065013448653,0.2687563270654467,0.22227151140003337
5128,0.2764223240926711,0.2461650096075887,0.24969487650034067,0.22771778979939955
5129,0.2306621982024805,0.2852415355675873,0.2614883561030077,0.2226079101269245
5130,0.2292504711286587,0.2714005244888186,0.2741551378540549,0.22519386652846785
5131,0.22227151140003337,0.28670065013448653,0.2687563270654467,0.22227151140003337
5132,0.22227151140003337,0.28670065013448653,0.2687563270654467,0.22227151140003337
5133,0.22227151140003337,0.28670065013448653,0.2687563270654467,0.22227151140003337
5134,0.2756358381517024,0.22254053817697775,0.2264994253397732,0.27532419833154664
5135,0.22227151140003337,0.28670065013448653,0.2687563270654467,0.22227151140003337
5136,0.24976552497064355,0.24357272518764644,0.2747775886151622,0.23188416122654784
5137,0.22227151140003337,0.28670065013448653,0.2687563270654467,0.22227151140003337
5138,0.22227151140003337,0.28670065013448653,0.2687563270654467,0.22227151140003337
5139,0.24958380963190333,0.22459757429554866,0.24978141890645997,0.276037197166088
5140,0.2756358381517024,0.22254053817697775,0.2264994253397732,0.27532419833154664
5141,0.24671842605155303,0.28551653147963335,0.24494252031088815,0.22282252215792553
5142,0.22227151140003337,0.28670065013448653,0.2687563270654467,0.22227151140003337
5143,0.2756358381517024,0.22254053817697775,0.2264994253397732,0.27532419833154664
5144,0.22384037587458464,0.2867872019292172,0.26703380945467803,0.22233861274152023
5145,0.22227151140003337,0.28670065013448653,0.2687563270654467,0.22227151140003337
5146,0.22227151140003337,0.28670065013448653,0.2687563270654467,0.22227151140003337
5147,0.24958380963190333,0.22459757429554866,0.24978141890645997,0.276037197166088
5148,0.23133784794858225,0.26683651310152184,0.27435355032843534,0.22747208862146057
5149,0.22227151140003337,0.28670065013448653,0.2687563270654467,0.22227151140003337
5150,0.24958380963190333,0.22459757429554866,0.24978141890645997,0.276037197166088
5151,0.24989926473259494,0.23738924308673573,0.27174866328989533,0.24096282889077394
5152,0.2764223240926711,0.2461650096075887,0.24969487650034067,0.22771778979939955
5153,0.2496954367227103,0.2478443453489495,0.27470048157743304,0.22775973635090707
5154,0.2760473864467348,0.2228728105682476,0.23560302121672097,0.26547678176829653
5155,0.25850361612021977,0.22302150323001926,0.24255563874215877,0.27591924190760214
5156,0.22227151140003337,0.28670065013448653,0.2687563270654467,0.22227151140003337
5157,0.23133784794858225,0.26683651310152184,0.27435355032843534,0.22747208862146057
5158,0.24671842605155303,0.28551653147963335,0.24494252031088815,0.22282252215792553
5159,0.2764223240926711,0.2461650096075887,0.24969487650034067,0.22771778979939955
5160,0.2306621982024805,0.2852415355675873,0.2614883561030077,0.2226079101269245
5161,0.22227151140003337,0.28670065013448653,0.2687563270654467,0.22227151140003337
5162,0.2764223240926711,0.2461650096075887,0.24969487650034067,0.22771778979939955
5163,0.24964839435044703,0.22465569333437121,0.25263047797959803,0.2730654343355838
5164,0.24958380963190333,0.22459757429554866,0.24978141890645997,0.276037197166088
5165,0.2496954367227103,0.2478443453489495,0.27470048157743304,0.22775973635090707
5166,0.24671842605155303,0.28551653147963335,0.24494252031088815,0.22282252215792553
5167,0.27649198822892346,0.24191539794815328,0.2497578047676401,0.23183480905528323
5168,0.22227151140003337,0.28670065013448653,0.2687563270654467,0.22227151140003337
5169,0.24958380963190333,0.22459757429554866,0.24978141890645997,0.276037197166088
5170,0.22227151140003337,0.28670065013448653,0.2687563270654467,0.22227151140003337
5171,0.22227151140003337,0.28670065013448653,0.2687563270654467,0.22227151140003337
5172,0.22227151140003337,0.28670065013448653,0.2687563270654467,0.22227151140003337
5173,0.22227151140003337,0.28670065013448653,0.2687563270654467,0.22227151140003337
5174,0.24958380963190333,0.22459757429554866,0.24978141890645997,0.276037197166088
5175,0.23133784794858225,0.26683651310152184,0.27435355032843534,0.22747208862146057
5176,0.22227151140003337,0.28670065013448653,0.2687563270654467,0.22227151140003337
5177,0.22680395398311315,0.2793681010290941,0.27128607894139994,0.22254186604639276
5178,0.22227151140003337,0.28670065013448653,0.2687563270654467,0.22227151140003337
5179,0.24958380963190333,0.22459757429554866,0.24978141890645997,0.276037197166088
5180,0.24976552497064355,0.24357272518764644,0.2747775886151622,0.23188416122654784
5181,0.22227151140003337,0.28670065013448653,0.2687563270654467,0.22227151140003337
5182,0.24958380963190333,0.22459757429554866,0.24978141890645997,0.276037197166088
5183,0.2496954367227103,0.2478443453489495,0.27470048157743304,0.22775973635090707
5184,0.2292504711286587,0.2714005244888186,0.2741551378540549,0.22519386652846785
5185,0.23124781475814604,0.2692362700512223,0.2742467760774314,0.2252691391132003
5186,0.24972282926461628,0.2247226764499426,0.2576696548611619,0.2678848394242792
5187,0.2496954367227103,0.2478443453489495,0.27470048157743304,0.22775973635090707
5188,0.2496954367227103,0.2478443453489495,0.27470048157743304,0.22775973635090707
5189,0.2496954367227103,0.2478443453489495,0.27470048157743304,0.22775973635090707
5190,0.24958380963190333,0.22459757429554866,0.24978141890645997,0.276037197166088
5191,0.2272438935154232,0.286952277612164,0.26333723727375796,0.22246659159865487
5192,0.22227151140003337,0.28670065013448653,0.2687563270654467,0.22227151140003337
5193,0.2764223240926711,0.2461650096075887,0.24969487650034067,0.22771778979939955
5194,0.22227151140003337,0.28670065013448653,0.2687563270654467,0.22227151140003337
5195,0.22227151140003337,0.28670065013448653,0.2687563270654467,0.22227151140003337
5196,0.24958380963190333,0.22459757429554866,0.24978141890645997,0.276037197166088
5197,0.2756358381517024,0.22254053817697775,0.2264994253397732,0.27532419833154664
5198,0.24671842605155303,0.28551653147963335,0.24494252031088815,0.22282252215792553
5199,0.27649198822892346,0.24191539794815328,0.2497578047676401,0.23183480905528323
5200,0.22227151140003337,0.28670065013448653,0.2687563270654467,0.22227151140003337
5201,0.2292504711286587,0.2714005244888186,0.2741551378540549,0.22519386652846785
5202,0.22227151140003337,0.28670065013448653,0.2687563270654467,0.22227151140003337
5203,0.24671842605155303,0.28551653147963335,0.24494252031088815,0.22282252215792553
5204,0.22227151140003337,0.28670065013448653,0.2687563270654467,0.22227151140003337
5205,0.24292283574736154,0.25468507578998073,0.27466323445544255,0.22772885400721524
5206,0.24958380963190333,0.22459757429554866,0.24978141890645997,0.276037197166088
5207,0.27240127288181515,0.22266736720773445,0.22945025038643385,0.2754811095240166
5208,0.2496954367227103,0.2478443453489495,0.27470048157743304,0.22775973635090707
5209,0.22681571995332445,0.2767465803792093,0.2738842887563536,0.22255341091111264
5210,0.2764223240926711,0.2461650096075887,0.24969487650034067,0.22771778979939955
5211,0.24958380963190333,0.22459757429554866,0.24978141890645997,0.276037197166088
5212,0.22227151140003337,0.28670065013448653,0.2687563270654467,0.22227151140003337
5213,0.24958380963190333,0.22459757429554866,0.24978141890645997,0.276037197166088
5214,0.2496954367227103,0.2478443453489495,0.27470048157743304,0.22775973635090707
5215,0.24958380963190333,0.22459757429554866,0.24978141890645997,0.276037197166088
5216,0.24958380963190333,0.22459757429554866,0.24978141890645997,0.276037197166088
5217,0.2756358381517024,0.22254053817697775,0.2264994253397732,0.27532419833154664
5218,0.24012407192037208,0.28547918522123267,0.25160336642960446,0.22279337642879077
5219,0.22227151140003337,0.28670065013448653,0.2687563270654467,0.22227151140003337
5220,0.2496954367227103,0.2478443453489495,0.27470048157743304,0.22775973635090707
5221,0.24958380963190333,0.22459757429554866,0.24978141890645997,0.276037197166088
5222,0.24292283574736154,0.25468507578998073,0.27466323445544255,0.22772885400721524
5223,0.24958380963190333,0.22459757429554866,0.24978141890645997,0.276037197166088
5224,0.24958380963190333,0.22459757429554866,0.24978141890645997,0.276037197166088
5225,0.24976552497064355,0.24357272518764644,0.2747775886151622,0.23188416122654784
5226,0.24958380963190333,0.22459757429554866,0.24978141890645997,0.276037197166088
5227,0.2496954367227103,0.2478443453489495,0.27470048157743304,0.22775973635090707
5228,0.22227151140003337,0.28670065013448653,0.2687563270654467,0.22227151140003337
5229,0.24958380963190333,0.22459757429554866,0.24978141890645997,0.276037197166088
5230,0.2686105331336013,0.22279506403807978,0.2329553084817064,0.27563909434661255
5231,0.22681571995332445,0.2767465803792093,0.2738842887563536,0.22255341091111264
5232,0.22227151140003337,0.28670065013448653,0.2687563270654467,0.22227151140003337
5233,0.2756358381517024,0.22254053817697775,0.2264994253397732,0.27532419833154664
5234,0.22227151140003337,0.28670065013448653,0.2687563270654467,0.22227151140003337
5235,0.2496954367227103,0.2478443453489495,0.27470048157743304,0.22775973635090707
5236,0.2496954367227103,0.2478443453489495,0.27470048157743304,0.22775973635090707
5237,0.2756358381517024,0.22254053817697775,0.2264994253397732,0.27532419833154664
5238,0.22227151140003337,0.28670065013448653,0.2687563270654467,0.22227151140003337
5239,0.2764223240926711,0.2461650096075887,0.24969487650034067,0.22771778979939955
5240,0.2496954367227103,0.2478443453489495,0.27470048157743304,0.22775973635090707
5241,0.2496954367227103,0.2478443453489495,0.27470048157743304,0.22775973635090707
5242,0.2551628273252194,0.24794673527046868,0.2690366085232833,0.22785382888102865
5243,0.2764223240926711,0.2461650096075887,0.24969487650034067,0.22771778979939955
5244,0.22680395398311315,0.2793681010290941,0.27128607894139994,0.22254186604639276
5245,0.22227151140003337,0.28670065013448653,0.2687563270654467,0.22227151140003337
5246,0.22227151140003337,0.28670065013448653,0.2687563270654467,0.22227151140003337
5247,0.2496954367227103,0.2478443453489495,0.27470048157743304,0.22775973635090707
5248,0.22227151140003337,0.28670065013448653,0.2687563270654467,0.22227151140003337
5249,0.24958380963190333,0.22459757429554866,0.24978141890645997,0.276037197166088
5250,0.24671842605155303,0.28551653147963335,0.24494252031088815,0.22282252215792553
5251,0.22227151140003337,0.28670065013448653,0.2687563270654467,0.22227151140003337
5252,0.22227151140003337,0.28670065013448653,0.2687563270654467,0.22227151140003337
5253,0.2496954367227103,0.2478443453489495,0.27470048157743304,0.22775973635090707
5254,0.22227151140003337,0.28670065013448653,0.2687563270654467,0.22227151140003337
5255,0.22227151140003337,0.28670065013448653,0.2687563270654467,0.22227151140003337
5256,0.24958380963190333,0.22459757429554866,0.24978141890645997,0.276037197166088
5257,0.2756358381517024,0.22254053817697775,0.2264994253397732,0.27532419833154664
5258,0.27055697202169154,0.22273234434830128,0.2311491852506253,0.27556149837938193
5259,0.24958380963190333,0.22459757429554866,0.24978141890645997,0.276037197166088
5260,0.2756358381517024,0.22254053817697775,0.2264994253397732,0.27532419833154664
5261,0.22227151140003337,0.28670065013448653,0.2687563270654467,0.22227151140003337
5262,0.2306621982024805,0.2852415355675873,0.2614883561030077,0.2226079101269245
5263,0.2496954367227103,0.2478443453489495,0.27470048157743304,0.22775973635090707
5264,0.22227151140003337,0.28670065013448653,0.2687563270654467,0.22227151140003337
5265,0.22227151140003337,0.28670065013448653,0.2687563270654467,0.22227151140003337
5266,0.23707778393390375,0.2607430610461055,0.274546821419828,0.2276323336001627
5267,0.24958380963190333,0.22459757429554866,0.24978141890645997,0.276037197166088
5268,0.22227151140003337,0.28670065013448653,0.2687563270654467,0.22227151140003337
5269,0.22227151140003337,0.28670065013448653,0.2687563270654467,0.22227151140003337
5270,0.24958380963190333,0.22459757429554866,0.24978141890645997,0.276037197166088
5271,0.24958380963190333,0.22459757429554866,0.24978141890645997,0.276037197166088
5272,0.22227151140003337,0.28670065013448653,0.2687563270654467,0.22227151140003337
5273,0.22227151140003337,0.28670065013448653,0.2687563270654467,0.22227151140003337
5274,0.22227151140003337,0.28670065013448653,0.2687563270654467,0.22227151140003337
5275,0.24958380963190333,0.22459757429554866,0.24978141890645997,0.276037197166088
5276,0.2756358381517024,0.22254053817697775,0.2264994253397732,0.27532419833154664
5277,0.22227151140003337,0.28670065013448653,0.2687563270654467,0.22227151140003337
5278,0.22227151140003337,0.28670065013448653,0.2687563270654467,0.22227151140003337
5279,0.22227151140003337,0.28670065013448653,0.2687563270654467,0.22227151140003337
5280,0.2756358381517024,0.22254053817697775,0.2264994253397732,0.27532419833154664
5281,0.24976552497064355,0.24357272518764644,0.2747775886151622,0.23188416122654784
5282,0.2764223240926711,0.2461650096075887,0.24969487650034067,0.22771778979939955
5283,0.22227151140003337,0.28670065013448653,0.2687563270654467,0.22227151140003337
5284,0.2496954367227103,0.2478443453489495,0.27470048157743304,0.22775973635090707
5285,0.24958380963190333,0.22459757429554866,0.24978141890645997,0.276037197166088
5286,0.23999882224517097,0.26539891328564735,0.26685419699895246,0.22774806747022922
5287,0.22227151140003337,0.28670065013448653,0.2687563270654467,0.22227151140003337
5288,0.24958380963190333,0.22459757429554866,0.24978141890645997,0.276037197166088
5289,0.2665502291945223,0.22285482973899404,0.2348819053884322,0.2757130356780515
5290,0.24958380963190333,0.22459757429554866,0.24978141890645997,0.276037197166088
5291,0.25850361612021977,0.22302150323001926,0.24255563874215877,0.27591924190760214
5292,0.24958380963190333,0.22459757429554866,0.24978141890645997,0.276037197166088
5293,0.22227151140003337,0.28670065013448653,0.2687563270654467,0.22227151140003337
5294,0.27055697202169154,0.22273234434830128,0.2311491852506253,0.27556149837938193
5295,0.24958380963190333,0.22459757429554866,0.24978141890645997,0.276037197166088
5296,0.24958380963190333,0.22459757429554866,0.24978141890645997,0.276037197166088
5297,0.22227151140003337,0.28670065013448653,0.2687563270654467,0.22227151140003337
5298,0.22227151140003337,0.28670065013448653,0.2687563270654467,0.22227151140003337
5299,0.237857101133632,0.2699653533374872,0.2666878976409176,0.22548964788796316
5300,0.26716466150861734,0.22895746292280264,0.25038024289241284,0.25349763267616726
5301,0.25850361612021977,0.22302150323001926,0.24255563874215877,0.27591924190760214
5302,0.22227151140003337,0.28670065013448653,0.2687563270654467,0.22227151140003337
5303,0.24958380963190333,0.22459757429554866,0.24978141890645997,0.276037197166088
5304,0.23133784794858225,0.26683651310152184,0.27435355032843534,0.22747208862146057
5305,0.22680395398311315,0.2793681010290941,0.27128607894139994,0.22254186604639276
5306,0.2764223240926711,0.2461650096075887,0.24969487650034067,0.22771778979939955
5307,0.22227151140003337,0.28670065013448653,0.2687563270654467,0.22227151140003337
5308,0.24973808021879731,0.2247364006066489,0.25959378019870055,0.26593173897585326
5309,0.24989926473259494,0.23738924308673573,0.27174866328989533,0.24096282889077394
5310,0.22680395398311315,0.2793681010290941,0.27128607894139994,0.22254186604639276
5311,0.24958380963190333,0.22459757429554866,0.24978141890645997,0.276037197166088
5312,0.2381928573629116,0.2854486199762488,0.25358899992956463,0.22276952273127495
5313,0.24958380963190333,0.22459757429554866,0.24978141890645997,0.276037197166088
5314,0.27649198822892346,0.24191539794815328,0.2497578047676401,0.23183480905528323
5315,0.24958380963190333,0.22459757429554866,0.24978141890645997,0.276037197166088
5316,0.24958380963190333,0.22459757429554866,0.24978141890645997,0.276037197166088
5317,0.24976552497064355,0.24357272518764644,0.2747775886151622,0.23188416122654784
5318,0.2496954367227103,0.2478443453489495,0.27470048157743304,0.22775973635090707
5319,0.2496954367227103,0.2478443453489495,0.27470048157743304,0.22775973635090707
5320,0.24989926473259494,0.23738924308673573,0.27174866328989533,0.24096282889077394
5321,0.22227151140003337,0.28670065013448653,0.2687563270654467,0.22227151140003337
5322,0.2496954367227103,0.2478443453489495,0.27470048157743304,0.22775973635090707
5323,0.24958380963190333,0.22459757429554866,0.24978141890645997,0.276037197166088
5324,0.22227151140003337,0.28670065013448653,0.2687563270654467,0.22227151140003337
5325,0.24194968366543873,0.28549982092983456,0.24974101447714078,0.22280948092758585
5326,0.23124781475814604,0.2692362700512223,0.2742467760774314,0.2252691391132003
5327,0.27055697202169154,0.22273234434830128,0.2311491852506253,0.27556149837938193
5328,0.24976552497064355,0.24357272518764644,0.2747775886151622,0.23188416122654784
5329,0.22227151140003337,0.28670065013448653,0.2687563270654467,0.22227151140003337
5330,0.2496954367227103,0.2478443453489495,0.27470048157743304,0.22775973635090707
5331,0.24958380963190333,0.22459757429554866,0.24978141890645997,0.276037197166088
5332,0.24958380963190333,0.22459757429554866,0.24978141890645997,0.276037197166088
5333,0.24958380963190333,0.22459757429554866,0.24978141890645997,0.276037197166088
5334,0.2306621982024805,0.2852415355675873,0.2614883561030077,0.2226079101269245
5335,0.25324734176676883,0.24791764523878473,0.27100791677071306,0.2278270962237334
5336,0.2760473864467348,0.2228728105682476,0.23560302121672097,0.26547678176829653
5337,0.24958380963190333,0.22459757429554866,0.24978141890645997,0.276037197166088
5338,0.2764223240926711,0.2461650096075887,0.24969487650034067,0.22771778979939955
5339,0.22227151140003337,0.28670065013448653,0.2687563270654467,0.22227151140003337
5340,0.24671842605155303,0.28551653147963335,0.24494252031088815,0.22282252215792553
5341,0.22227151140003337,0.28670065013448653,0.2687563270654467,0.22227151140003337
5342,0.24958380963190333,0.22459757429554866,0.24978141890645997,0.276037197166088
5343,0.2764120288420475,0.2287510994160474,0.24156772107180732,0.2532691506700977
5344,0.2496954367227103,0.2478443453489495,0.27470048157743304,0.22775973635090707
5345,0.24958380963190333,0.22459757429554866,0.24978141890645997,0.276037197166088
5346,0.24958380963190333,0.22459757429554866,0.24978141890645997,0.276037197166088
5347,0.24958380963190333,0.22459757429554866,0.24978141890645997,0.276037197166088
5348,0.24958380963190333,0.22459757429554866,0.24978141890645997,0.276037197166088
5349,0.24958380963190333,0.22459757429554866,0.24978141890645997,0.276037197166088
5350,0.24958380963190333,0.22459757429554866,0.24978141890645997,0.276037197166088
5351,0.22227151140003337,0.28670065013448653,0.2687563270654467,0.22227151140003337
5352,0.2650430242014154,0.24207592746390036,0.2608923990114949,0.23198864932318933
5353,0.24958380963190333,0.22459757429554866,0.24978141890645997,0.276037197166088
5354,0.24958380963190333,0.22459757429554866,0.24978141890645997,0.276037197166088
5355,0.22227151140003337,0.28670065013448653,0.2687563270654467,0.22227151140003337
5356,0.22227151140003337,0.28670065013448653,0.2687563270654467,0.22227151140003337
5357,0.22227151140003337,0.28670065013448653,0.2687563270654467,0.22227151140003337
5358,0.22227151140003337,0.28670065013448653,0.2687563270654467,0.22227151140003337
5359,0.22227151140003337,0.28670065013448653,0.2687563270654467,0.22227151140003337
5360,0.22227151140003337,0.28670065013448653,0.2687563270654467,0.22227151140003337
5361,0.22367094972152926,0.2851186955091336,0.2688562244798326,0.22235413028950457
5362,0.22227151140003337,0.28670065013448653,0.2687563270654467,0.22227151140003337
5363,0.22227151140003337,0.28670065013448653,0.2687563270654467,0.22227151140003337
5364,0.22227151140003337,0.28670065013448653,0.2687563270654467,0.22227151140003337
5365,0.22227151140003337,0.28670065013448653,0.2687563270654467,0.22227151140003337
5366,0.2306621982024805,0.2852415355675873,0.2614883561030077,0.2226079101269245
5367,0.24976552497064355,0.24357272518764644,0.2747775886151622,0.23188416122654784
5368,0.27055697202169154,0.22273234434830128,0.2311491852506253,0.27556149837938193
5369,0.22227151140003337,0.28670065013448653,0.2687563270654467,0.22227151140003337
5370,0.22227151140003337,0.28670065013448653,0.2687563270654467,0.22227151140003337
5371,0.24958380963190333,0.22459757429554866,0.24978141890645997,0.276037197166088
5372,0.24958380963190333,0.22459757429554866,0.24978141890645997,0.276037197166088
5373,0.22227151140003337,0.28670065013448653,0.2687563270654467,0.22227151140003337
5374,0.22227151140003337,0.28670065013448653,0.2687563270654467,0.22227151140003337
5375,0.2756358381517024,0.22254053817697775,0.2264994253397732,0.27532419833154664
5376,0.24976552497064355,0.24357272518764644,0.2747775886151622,0.23188416122654784
5377,0.24964839435044703,0.22465569333437121,0.25263047797959803,0.2730654343355838
5378,0.2496954367227103,0.2478443453489495,0.27470048157743304,0.22775973635090707
5379,0.24958380963190333,0.22459757429554866,0.24978141890645997,0.276037197166088
5380,0.2756358381517024,0.22254053817697775,0.2264994253397732,0.27532419833154664
5381,0.24958380963190333,0.22459757429554866,0.24978141890645997,0.276037197166088
5382,0.2756358381517024,0.22254053817697775,0.2264994253397732,0.27532419833154664
5383,0.2496954367227103,0.2478443453489495,0.27470048157743304,0.22775973635090707
5384,0.2516725393714356,0.27812935170325814,0.24717265347449,0.22302545545081615
5385,0.24958380963190333,0.22459757429554866,0.24978141890645997,0.276037197166088
5386,0.23186748472837004,0.2796009382298747,0.26580423518421636,0.22272734185753887
5387,0.24976552497064355,0.24357272518764644,0.2747775886151622,0.23188416122654784
5388,0.2686105331336013,0.22279506403807978,0.2329553084817064,0.27563909434661255
5389,0.2765487086363895,0.23569615097861057,0.24692313077228814,0.24083200961271184
5390,0.2756358381517024,0.22254053817697775,0.2264994253397732,0.27532419833154664
5391,0.22227151140003337,0.28670065013448653,0.2687563270654467,0.22227151140003337
5392,0.22227151140003337,0.28670065013448653,0.2687563270654467,0.22227151140003337
5393,0.22227151140003337,0.28670065013448653,0.2687563270654467,0.22227151140003337
5394,0.2759827874654471,0.22282065518759078,0.2338162697601553,0.2673802875868069
5395,0.22227151140003337,0.28670065013448653,0.2687563270654467,0.22227151140003337
5396,0.23133784794858225,0.26683651310152184,0.27435355032843534,0.22747208862146057
5397,0.2496954367227103,0.2478443453489495,0.27470048157743304,0.22775973635090707
5398,0.22227151140003337,0.28670065013448653,0.2687563270654467,0.22227151140003337
5399,0.2756358381517024,0.22254053817697775,0.2264994253397732,0.27532419833154664
5400,0.27240127288181515,0.22266736720773445,0.22945025038643385,0.2754811095240166
5401,0.22227151140003337,0.28670065013448653,0.2687563270654467,0.22227151140003337
5402,0.24292283574736154,0.25468507578998073,0.27466323445544255,0.22772885400721524
5403,0.22227151140003337,0.28670065013448653,0.2687563270654467,0.22227151140003337
5404,0.24976552497064355,0.24357272518764644,0.2747775886151622,0.23188416122654784
5405,0.24976552497064355,0.24357272518764644,0.2747775886151622,0.23188416122654784
5406,0.22227151140003337,0.28670065013448653,0.2687563270654467,0.22227151140003337
5407,0.2765487086363895,0.23569615097861057,0.24692313077228814,0.24083200961271184
5408,0.22227151140003337,0.28670065013448653,0.2687563270654467,0.22227151140003337
5409,0.24976552497064355,0.24357272518764644,0.2747775886151622,0.23188416122654784
5410,0.2496954367227103,0.2478443453489495,0.27470048157743304,0.22775973635090707
5411,0.24958380963190333,0.22459757429554866,0.24978141890645997,0.276037197166088
5412,0.24958380963190333,0.22459757429554866,0.24978141890645997,0.276037197166088
5413,0.2760473864467348,0.2228728105682476,0.23560302121672097,0.26547678176829653
5414,0.24958380963190333,0.22459757429554866,0.24978141890645997,0.276037197166088
5415,0.22227151140003337,0.28670065013448653,0.2687563270654467,0.22227151140003337
5416,0.2496954367227103,0.2478443453489495,0.27470048157743304,0.22775973635090707
5417,0.27649198822892346,0.24191539794815328,0.2497578047676401,0.23183480905528323
5418,0.2764223240926711,0.2461650096075887,0.24969487650034067,0.22771778979939955
5419,0.22227151140003337,0.28670065013448653,0.2687563270654467,0.22227151140003337
5420,0.22681571995332445,0.2767465803792093,0.2738842887563536,0.22255341091111264
5421,0.24991780735486605,0.23052533148517196,0.26600601904899385,0.2535508421109681
5422,0.22227151140003337,0.28670065013448653,0.2687563270654467,0.22227151140003337
5423,0.2756358381517024,0.22254053817697775,0.2264994253397732,0.27532419833154664
5424,0.22227151140003337,0.28670065013448653,0.2687563270654467,0.22227151140003337
5425,0.2764223240926711,0.2461650096075887,0.24969487650034067,0.22771778979939955
5426,0.27649198822892346,0.24191539794815328,0.2497578047676401,0.23183480905528323
5427,0.24671842605155303,0.28551653147963335,0.24494252031088815,0.22282252215792553
5428,0.2649951533371467,0.2572010744864829,0.24989943147019641,0.22790434070617388
5429,0.24958380963190333,0.22459757429554866,0.24978141890645997,0.276037197166088
5430,0.22367094972152926,0.2851186955091336,0.2688562244798326,0.22235413028950457
5431,0.2764223240926711,0.2461650096075887,0.24969487650034067,0.22771778979939955
5432,0.27317110150798385,0.241985701952141,0.2529410130409701,0.23190218349890507
5433,0.2765487086363895,0.23569615097861057,0.24692313077228814,0.24083200961271184
5434,0.2764223240926711,0.2461650096075887,0.24969487650034067,0.22771778979939955
5435,0.24368050777102804,0.2855120587271474,0.24798840196486135,0.2228190315369631
5436,0.23124781475814604,0.2692362700512223,0.2742467760774314,0.2252691391132003
5437,0.22227151140003337,0.28670065013448653,0.2687563270654467,0.22227151140003337
5438,0.27577657016555096,0.22265416120332512,0.2291405938810971,0.2724286747500267
5439,0.24958380963190333,0.22459757429554866,0.24978141890645997,0.276037197166088
5440,0.2756358381517024,0.22254053817697775,0.2264994253397732,0.27532419833154664
5441,0.2759827874654471,0.22282065518759078,0.2338162697601553,0.2673802875868069
5442,0.22227151140003337,0.28670065013448653,0.2687563270654467,0.22227151140003337
5443,0.22227151140003337,0.28670065013448653,0.2687563270654467,0.22227151140003337
5444,0.24974637905356042,0.22474386863175846,0.2616096963255617,0.2639000559891193
5445,0.2765487086363895,0.23569615097861057,0.24692313077228814,0.24083200961271184
5446,0.24958380963190333,0.22459757429554866,0.24978141890645997,0.276037197166088
5447,0.22680395398311315,0.2793681010290941,0.27128607894139994,0.22254186604639276
5448,0.24958380963190333,0.22459757429554866,0.24978141890645997,0.276037197166088
5449,0.24976552497064355,0.24357272518764644,0.2747775886151622,0.23188416122654784
5450,0.24991780735486605,0.23052533148517196,0.26600601904899385,0.2535508421109681
5451,0.2496954367227103,0.2478443453489495,0.27470048157743304,0.22775973635090707
5452,0.2764223240926711,0.2461650096075887,0.24969487650034067,0.22771778979939955
5453,0.22681571995332445,0.2767465803792093,0.2738842887563536,0.22255341091111264
5454,0.22227151140003337,0.28670065013448653,0.2687563270654467,0.22227151140003337
5455,0.24958380963190333,0.22459757429554866,0.24978141890645997,0.276037197166088
5456,0.2693561755251043,0.23583967546139117,0.2538254874954765,0.24097866151802794
5457,0.22227151140003337,0.28670065013448653,0.2687563270654467,0.22227151140003337
5458,0.24973808021879731,0.2247364006066489,0.25959378019870055,0.26593173897585326
5459,0.23133784794858225,0.26683651310152184,0.27435355032843534,0.22747208862146057
5460,0.22227151140003337,0.28670065013448653,0.2687563270654467,0.22227151140003337
5461,0.251267088896921,0.2245953318658973,0.24810313808481183,0.2760344411523699
5462,0.22227151140003337,0.28670065013448653,0.2687563270654467,0.22227151140003337
5463,0.2756358381517024,0.22254053817697775,0.2264994253397732,0.27532419833154664
5464,0.22227151140003337,0.28670065013448653,0.2687563270654467,0.22227151140003337
5465,0.22227151140003337,0.28670065013448653,0.2687563270654467,0.22227151140003337
5466,0.24958380963190333,0.22459757429554866,0.24978141890645997,0.276037197166088
5467,0.24958380963190333,0.22459757429554866,0.24978141890645997,0.276037197166088
5468,0.24958380963190333,0.22459757429554866,0.24978141890645997,0.276037197166088
5469,0.24368050777102804,0.2855120587271474,0.24798840196486135,0.2228190315369631
5470,0.2761068153594292,0.22292079178253005,0.23747585771932528,0.2634965351387154
5471,0.24958380963190333,0.22459757429554866,0.24978141890645997,0.276037197166088
5472,0.22227151140003337,0.28670065013448653,0.2687563270654467,0.22227151140003337
5473,0.24671842605155303,0.28551653147963335,0.24494252031088815,0.22282252215792553
5474,0.2764223240926711,0.2461650096075887,0.24969487650034067,0.22771778979939955
5475,0.24958380963190333,0.22459757429554866,0.24978141890645997,0.276037197166088
5476,0.24958380963190333,0.22459757429554866,0.24978141890645997,0.276037197166088
5477,0.24958380963190333,0.22459757429554866,0.24978141890645997,0.276037197166088
5478,0.23133784794858225,0.26683651310152184,0.27435355032843534,0.22747208862146057
5479,0.2764223240926711,0.2461650096075887,0.24969487650034067,0.22771778979939955
5480,0.24823410045200106,0.28389801300795603,0.2449963740274313,0.22287151251261153
5481,0.22227151140003337,0.28670065013448653,0.2687563270654467,0.22227151140003337
5482,0.2496954367227103,0.2478443453489495,0.27470048157743304,0.22775973635090707
5483,0.2764223240926711,0.2461650096075887,0.24969487650034067,0.22771778979939955
5484,0.22227151140003337,0.28670065013448653,0.2687563270654467,0.22227151140003337
5485,0.22227151140003337,0.28670065013448653,0.2687563270654467,0.22227151140003337
5486,0.22227151140003337,0.28670065013448653,0.2687563270654467,0.22227151140003337
5487,0.22227151140003337,0.28670065013448653,0.2687563270654467,0.22227151140003337
5488,0.22227151140003337,0.28670065013448653,0.2687563270654467,0.22227151140003337
5489,0.22227151140003337,0.28670065013448653,0.2687563270654467,0.22227151140003337
5490,0.251267088896921,0.2245953318658973,0.24810313808481183,0.2760344411523699
5491,0.2764223240926711,0.2461650096075887,0.24969487650034067,0.22771778979939955
5492,0.24958380963190333,0.22459757429554866,0.24978141890645997,0.276037197166088
5493,0.22227151140003337,0.28670065013448653,0.2687563270654467,0.22227151140003337
5494,0.22227151140003337,0.28670065013448653,0.2687563270654467,0.22227151140003337
5495,0.22227151140003337,0.28670065013448653,0.2687563270654467,0.22227151140003337
5496,0.22227151140003337,0.28670065013448653,0.2687563270654467,0.22227151140003337
5497,0.2496954367227103,0.2478443453489495,0.27470048157743304,0.22775973635090707
5498,0.2764223240926711,0.2461650096075887,0.24969487650034067,0.22771778979939955
5499,0.24671842605155303,0.28551653147963335,0.24494252031088815,0.22282252215792553
5500,0.22227151140003337,0.28670065013448653,0.2687563270654467,0.22227151140003337
5501,0.2590113886602907,0.23588828982155052,0.2640719863249156,0.24102833519324324
5502,0.22227151140003337,0.28670065013448653,0.2687563270654467,0.22227151140003337
5503,0.2686105331336013,0.22279506403807978,0.2329553084817064,0.27563909434661255
5504,0.2496954367227103,0.2478443453489495,0.27470048157743304,0.22775973635090707
5505,0.24958380963190333,0.22459757429554866,0.24978141890645997,0.276037197166088
5506,0.24958380963190333,0.22459757429554866,0.24978141890645997,0.276037197166088
5507,0.2518938464499768,0.2531886171076681,0.2670242966027781,0.227893239839577
5508,0.22227151140003337,0.28670065013448653,0.2687563270654467,0.22227151140003337
5509,0.22227151140003337,0.28670065013448653,0.2687563270654467,0.22227151140003337
5510,0.2496954367227103,0.2478443453489495,0.27470048157743304,0.22775973635090707
5511,0.24973808021879731,0.2247364006066489,0.25959378019870055,0.26593173897585326
5512,0.2496954367227103,0.2478443453489495,0.27470048157743304,0.22775973635090707
5513,0.22227151140003337,0.28670065013448653,0.2687563270654467,0.22227151140003337
5514,0.22227151140003337,0.28670065013448653,0.2687563270654467,0.22227151140003337
5515,0.24958380963190333,0.22459757429554866,0.24978141890645997,0.276037197166088
5516,0.22227151140003337,0.28670065013448653,0.2687563270654467,0.22227151140003337
5517,0.22227151140003337,0.28670065013448653,0.2687563270654467,0.22227151140003337
5518,0.2665502291945223,0.22285482973899404,0.2348819053884322,0.2757130356780515
5519,0.2496954367227103,0.2478443453489495,0.27470048157743304,0.22775973635090707
5520,0.22227151140003337,0.28670065013448653,0.2687563270654467,0.22227151140003337
5521,0.2496954367227103,0.2478443453489495,0.27470048157743304,0.22775973635090707
5522,0.24976552497064355,0.24357272518764644,0.2747775886151622,0.23188416122654784
5523,0.22227151140003337,0.28670065013448653,0.2687563270654467,0.22227151140003337
5524,0.24958380963190333,0.22459757429554866,0.24978141890645997,0.276037197166088
5525,0.22227151140003337,0.28670065013448653,0.2687563270654467,0.22227151140003337
5526,0.26913145853958803,0.25315378064233524,0.24985287702854642,0.22786188378953035
5527,0.2496954367227103,0.2478443453489495,0.27470048157743304,0.22775973635090707
5528,0.27055697202169154,0.22273234434830128,0.2311491852506253,0.27556149837938193
5529,0.22227151140003337,0.28670065013448653,0.2687563270654467,0.22227151140003337
5530,0.25850361612021977,0.22302150323001926,0.24255563874215877,0.27591924190760214
5531,0.22227151140003337,0.28670065013448653,0.2687563270654467,0.22227151140003337
5532,0.24958380963190333,0.22459757429554866,0.24978141890645997,0.276037197166088
5533,0.2764223240926711,0.2461650096075887,0.24969487650034067,0.22771778979939955
5534,0.22227151140003337,0.28670065013448653,0.2687563270654467,0.22227151140003337
5535,0.24958380963190333,0.22459757429554866,0.24978141890645997,0.276037197166088
5536,0.22227151140003337,0.28670065013448653,0.2687563270654467,0.22227151140003337
5537,0.22227151140003337,0.28670065013448653,0.2687563270654467,0.22227151140003337
5538,0.22227151140003337,0.28670065013448653,0.2687563270654467,0.22227151140003337
5539,0.22227151140003337,0.28670065013448653,0.2687563270654467,0.22227151140003337
5540,0.2496954367227103,0.2478443453489495,0.27470048157743304,0.22775973635090707
5541,0.24976552497064355,0.24357272518764644,0.2747775886151622,0.23188416122654784
5542,0.22227151140003337,0.28670065013448653,0.2687563270654467,0.22227151140003337
5543,0.2756358381517024,0.22254053817697775,0.2264994253397732,0.27532419833154664
5544,0.2351215148741415,0.2628034726994304,0.2744898855280228,0.22758512689840524
5545,0.2764223240926711,0.2461650096075887,0.24969487650034067,0.22771778979939955
5546,0.258841675878463,0.2463168241130093,0.26698327244468323,0.22785822756384452
5547,0.2665502291945223,0.22285482973899404,0.2348819053884322,0.2757130356780515
5548,0.2764223240926711,0.2461650096075887,0.24969487650034067,0.22771778979939955
5549,0.22227151140003337,0.28670065013448653,0.2687563270654467,0.22227151140003337
5550,0.23133784794858225,0.26683651310152184,0.27435355032843534,0.22747208862146057
5551,0.22227151140003337,0.28670065013448653,0.2687563270654467,0.22227151140003337
5552,0.27310225409575006,0.24623653057826325,0.2528772642253028,0.2277839511006839
5553,0.24958380963190333,0.22459757429554866,0.24978141890645997,0.276037197166088
5554,0.2765487086363895,0.23569615097861057,0.24692313077228814,0.24083200961271184
5555,0.24368050777102804,0.2855120587271474,0.24798840196486135,0.2228190315369631
5556,0.24976552497064355,0.24357272518764644,0.2747775886151622,0.23188416122654784
5557,0.2756358381517024,0.22254053817697775,0.2264994253397732,0.27532419833154664
5558,0.27055697202169154,0.22273234434830128,0.2311491852506253,0.27556149837938193
5559,0.2496954367227103,0.2478443453489495,0.27470048157743304,0.22775973635090707
5560,0.24976552497064355,0.24357272518764644,0.2747775886151622,0.23188416122654784
5561,0.22227151140003337,0.28670065013448653,0.2687563270654467,0.22227151140003337
5562,0.22227151140003337,0.28670065013448653,0.2687563270654467,0.22227151140003337
5563,0.2756358381517024,0.22254053817697775,0.2264994253397732,0.27532419833154664
5564,0.24194968366543873,0.28549982092983456,0.24974101447714078,0.22280948092758585
5565,0.24958380963190333,0.22459757429554866,0.24978141890645997,0.276037197166088
5566,0.2292504711286587,0.2714005244888186,0.2741551378540549,0.22519386652846785
5567,0.2496954367227103,0.2478443453489495,0.27470048157743304,0.22775973635090707
5568,0.22227151140003337,0.28670065013448653,0.2687563270654467,0.22227151140003337
5569,0.2692615019054042,0.2289230857173495,0.2483558415318189,0.2534595708454274
5570,0.2496954367227103,0.2478443453489495,0.27470048157743304,0.22775973635090707
5571,0.2764223240926711,0.2461650096075887,0.24969487650034067,0.22771778979939955
5572,0.2496954367227103,0.2478443453489495,0.27470048157743304,0.22775973635090707
5573,0.24972282926461628,0.2247226764499426,0.2576696548611619,0.2678848394242792
5574,0.22227151140003337,0.28670065013448653,0.2687563270654467,0.22227151140003337
5575,0.2587579558556702,0.2232409323853348,0.2541261644545873,0.26387494730440775
5576,0.2756358381517024,0.22254053817697775,0.2264994253397732,0.27532419833154664
5577,0.2712093593280849,0.246268569917037,0.25470848129322726,0.2278135894616509
5578,0.2607165673939053,0.2614521130887857,0.24991383919411986,0.22791748032318912
5579,0.24958380963190333,0.22459757429554866,0.24978141890645997,0.276037197166088
5580,0.2496954367227103,0.2478443453489495,0.27470048157743304,0.22775973635090707
5581,0.22681571995332445,0.2767465803792093,0.2738842887563536,0.22255341091111264
5582,0.2496954367227103,0.2478443453489495,0.27470048157743304,0.22775973635090707
5583,0.24671842605155303,0.28551653147963335,0.24494252031088815,0.22282252215792553
5584,0.2764223240926711,0.2461650096075887,0.24969487650034067,0.22771778979939955
5585,0.24976552497064355,0.24357272518764644,0.2747775886151622,0.23188416122654784
5586,0.2756358381517024,0.22254053817697775,0.2264994253397732,0.27532419833154664
5587,0.24958380963190333,0.22459757429554866,0.24978141890645997,0.276037197166088
5588,0.2756358381517024,0.22254053817697775,0.2264994253397732,0.27532419833154664
5589,0.2292504711286587,0.2714005244888186,0.2741551378540549,0.22519386652846785
5590,0.2292504711286587,0.2714005244888186,0.2741551378540549,0.22519386652846785
5591,0.2496954367227103,0.2478443453489495,0.27470048157743304,0.22775973635090707
5592,0.24958380963190333,0.22459757429554866,0.24978141890645997,0.276037197166088
5593,0.24958380963190333,0.22459757429554866,0.24978141890645997,0.276037197166088
5594,0.23707778393390375,0.2607430610461055,0.274546821419828,0.2276323336001627
5595,0.27055697202169154,0.22273234434830128,0.2311491852506253,0.27556149837938193
5596,0.23133784794858225,0.26683651310152184,0.27435355032843534,0.22747208862146057
5597,0.24958380963190333,0.22459757429554866,0.24978141890645997,0.276037197166088
5598,0.22227151140003337,0.28670065013448653,0.2687563270654467,0.22227151140003337
5599,0.23124781475814604,0.2692362700512223,0.2742467760774314,0.2252691391132003
5600,0.2496954367227103,0.2478443453489495,0.27470048157743304,0.22775973635090707
5601,0.2712777384514055,0.24201719612816364,0.25477270010446706,0.23193236531596376
5602,0.2764223240926711,0.2461650096075887,0.24969487650034067,0.22771778979939955
5603,0.22367094972152926,0.2851186955091336,0.2688562244798326,0.22235413028950457
5604,0.24958380963190333,0.22459757429554866,0.24978141890645997,0.276037197166088
5605,0.27310225409575006,0.24623653057826325,0.2528772642253028,0.2277839511006839
5606,0.22227151140003337,0.28670065013448653,0.2687563270654467,0.22227151140003337
5607,0.27649198822892346,0.24191539794815328,0.2497578047676401,0.23183480905528323
5608,0.24671842605155303,0.28551653147963335,0.24494252031088815,0.22282252215792553
5609,0.22227151140003337,0.28670065013448653,0.2687563270654467,0.22227151140003337
5610,0.2764223240926711,0.2461650096075887,0.24969487650034067,0.22771778979939955
5611,0.24976552497064355,0.24357272518764644,0.2747775886151622,0.23188416122654784
5612,0.22227151140003337,0.28670065013448653,0.2687563270654467,0.22227151140003337
5613,0.2764223240926711,0.2461650096075887,0.24969487650034067,0.22771778979939955
5614,0.258841675878463,0.2463168241130093,0.26698327244468323,0.22785822756384452
5615,0.2764223240926711,0.2461650096075887,0.24969487650034067,0.22771778979939955
5616,0.22227151140003337,0.28670065013448653,0.2687563270654467,0.22227151140003337
5617,0.24671842605155303,0.28551653147963335,0.24494252031088815,0.22282252215792553
5618,0.258841675878463,0.2463168241130093,0.26698327244468323,0.22785822756384452
5619,0.2764223240926711,0.2461650096075887,0.24969487650034067,0.22771778979939955
5620,0.27055697202169154,0.22273234434830128,0.2311491852506253,0.27556149837938193
5621,0.24958380963190333,0.22459757429554866,0.24978141890645997,0.276037197166088
5622,0.2496954367227103,0.2478443453489495,0.27470048157743304,0.22775973635090707
5623,0.2764223240926711,0.2461650096075887,0.24969487650034067,0.22771778979939955
5624,0.24958380963190333,0.22459757429554866,0.24978141890645997,0.276037197166088
5625,0.24671842605155303,0.28551653147963335,0.24494252031088815,0.22282252215792553
5626,0.23124781475814604,0.2692362700512223,0.2742467760774314,0.2252691391132003
5627,0.2496954367227103,0.2478443453489495,0.27470048157743304,0.22775973635090707
5628,0.24976552497064355,0.24357272518764644,0.2747775886151622,0.23188416122654784
5629,0.2765487086363895,0.23569615097861057,0.24692313077228814,0.24083200961271184
5630,0.24958380963190333,0.22459757429554866,0.24978141890645997,0.276037197166088
5631,0.22227151140003337,0.28670065013448653,0.2687563270654467,0.22227151140003337
5632,0.22227151140003337,0.28670065013448653,0.2687563270654467,0.22227151140003337
5633,0.2496954367227103,0.2478443453489495,0.27470048157743304,0.22775973635090707
5634,0.22227151140003337,0.28670065013448653,0.2687563270654467,0.22227151140003337
5635,0.22227151140003337,0.28670065013448653,0.2687563270654467,0.22227151140003337
5636,0.24958380963190333,0.22459757429554866,0.24978141890645997,0.276037197166088
5637,0.22227151140003337,0.28670065013448653,0.2687563270654467,0.22227151140003337
5638,0.22227151140003337,0.28670065013448653,0.2687563270654467,0.22227151140003337
5639,0.24958380963190333,0.22459757429554866,0.24978141890645997,0.276037197166088
5640,0.23707778393390375,0.2607430610461055,0.274546821419828,0.2276323336001627
5641,0.22227151140003337,0.28670065013448653,0.2687563270654467,0.22227151140003337
5642,0.25142011577287793,0.2247321150878498,0.255951678211406,0.26789609092786626
5643,0.22227151140003337,0.28670065013448653,0.2687563270654467,0.22227151140003337
5644,0.22227151140003337,0.28670065013448653,0.2687563270654467,0.22227151140003337
5645,0.2764223240926711,0.2461650096075887,0.24969487650034067,0.22771778979939955
5646,0.24958380963190333,0.22459757429554866,0.24978141890645997,0.276037197166088
5647,0.2496954367227103,0.2478443453489495,0.27470048157743304,0.22775973635090707
5648,0.2496954367227103,0.2478443453489495,0.27470048157743304,0.22775973635090707
5649,0.22227151140003337,0.28670065013448653,0.2687563270654467,0.22227151140003337
5650,0.2496954367227103,0.2478443453489495,0.27470048157743304,0.22775973635090707
5651,0.2306621982024805,0.2852415355675873,0.2614883561030077,0.2226079101269245
5652,0.22227151140003337,0.28670065013448653,0.2687563270654467,0.22227151140003337
5653,0.24958380963190333,0.22459757429554866,0.24978141890645997,0.276037197166088
5654,0.2516922249568515,0.26558544591802663,0.2548141914947756,0.22790813763034623
5655,0.23133784794858225,0.26683651310152184,0.27435355032843534,0.22747208862146057
5656,0.24958380963190333,0.22459757429554866,0.24978141890645997,0.276037197166088
5657,0.24958380963190333,0.22459757429554866,0.24978141890645997,0.276037197166088
5658,0.22227151140003337,0.28670065013448653,0.2687563270654467,0.22227151140003337
5659,0.22227151140003337,0.28670065013448653,0.2687563270654467,0.22227151140003337
5660,0.2756358381517024,0.22254053817697775,0.2264994253397732,0.27532419833154664
5661,0.2665502291945223,0.22285482973899404,0.2348819053884322,0.2757130356780515
5662,0.2764223240926711,0.2461650096075887,0.24969487650034067,0.22771778979939955
5663,0.2351215148741415,0.2628034726994304,0.2744898855280228,0.22758512689840524
5664,0.24958380963190333,0.22459757429554866,0.24978141890645997,0.276037197166088
5665,0.24671842605155303,0.28551653147963335,0.24494252031088815,0.22282252215792553
5666,0.2756358381517024,0.22254053817697775,0.2264994253397732,0.27532419833154664
5667,0.24958380963190333,0.22459757429554866,0.24978141890645997,0.276037197166088
5668,0.2496954367227103,0.2478443453489495,0.27470048157743304,0.22775973635090707
5669,0.22681571995332445,0.2767465803792093,0.2738842887563536,0.22255341091111264
5670,0.2496954367227103,0.2478443453489495,0.27470048157743304,0.22775973635090707
5671,0.24958380963190333,0.22459757429554866,0.24978141890645997,0.276037197166088
5672,0.24671842605155303,0.28551653147963335,0.24494252031088815,0.22282252215792553
5673,0.27055697202169154,0.22273234434830128,0.2311491852506253,0.27556149837938193
5674,0.2496954367227103,0.2478443453489495,0.27470048157743304,0.22775973635090707
5675,0.22227151140003337,0.28670065013448653,0.2687563270654467,0.22227151140003337
5676,0.2496954367227103,0.2478443453489495,0.27470048157743304,0.22775973635090707
5677,0.22227151140003337,0.28670065013448653,0.2687563270654467,0.22227151140003337
5678,0.24958380963190333,0.22459757429554866,0.24978141890645997,0.276037197166088
5679,0.2756358381517024,0.22254053817697775,0.2264994253397732,0.27532419833154664
5680,0.22227151140003337,0.28670065013448653,0.2687563270654467,0.22227151140003337
5681,0.24970239082789633,0.22470428413789129,0.2558981110668273,0.269695213967385
5682,0.2496954367227103,0.2478443453489495,0.27470048157743304,0.22775973635090707
5683,0.2496954367227103,0.2478443453489495,0.27470048157743304,0.22775973635090707
5684,0.22227151140003337,0.28670065013448653,0.2687563270654467,0.22227151140003337
5685,0.2496954367227103,0.2478443453489495,0.27470048157743304,0.22775973635090707
5686,0.24671842605155303,0.28551653147963335,0.24494252031088815,0.22282252215792553
5687,0.25662894851913526,0.2655761118425382,0.24989481190383026,0.22790012773449628
5688,0.22227151140003337,0.28670065013448653,0.2687563270654467,0.22227151140003337
5689,0.2665502291945223,0.22285482973899404,0.2348819053884322,0.2757130356780515
5690,0.2756358381517024,0.22254053817697775,0.2264994253397732,0.27532419833154664
5691,0.2764223240926711,0.2461650096075887,0.24969487650034067,0.22771778979939955
5692,0.22227151140003337,0.28670065013448653,0.2687563270654467,0.22227151140003337
5693,0.24958380963190333,0.22459757429554866,0.24978141890645997,0.276037197166088
5694,0.2496954367227103,0.2478443453489495,0.27470048157743304,0.22775973635090707
5695,0.24976552497064355,0.24357272518764644,0.2747775886151622,0.23188416122654784
5696,0.24671842605155303,0.28551653147963335,0.24494252031088815,0.22282252215792553
5697,0.24671842605155303,0.28551653147963335,0.24494252031088815,0.22282252215792553
5698,0.2292504711286587,0.2714005244888186,0.2741551378540549,0.22519386652846785
5699,0.24958380963190333,0.22459757429554866,0.24978141890645997,0.276037197166088
5700,0.24958380963190333,0.22459757429554866,0.24978141890645997,0.276037197166088
5701,0.2764223240926711,0.2461650096075887,0.24969487650034067,0.22771778979939955
5702,0.2496954367227103,0.2478443453489495,0.27470048157743304,0.22775973635090707
5703,0.24958380963190333,0.22459757429554866,0.24978141890645997,0.276037197166088
5704,0.22227151140003337,0.28670065013448653,0.2687563270654467,0.22227151140003337
5705,0.24958380963190333,0.22459757429554866,0.24978141890645997,0.276037197166088
5706,0.24292283574736154,0.25468507578998073,0.27466323445544255,0.22772885400721524
5707,0.2764223240926711,0.2461650096075887,0.24969487650034067,0.22771778979939955
5708,0.25850361612021977,0.22302150323001926,0.24255563874215877,0.27591924190760214
5709,0.22912941785406846,0.2742043441954423,0.2740103731474893,0.22265586480299995
5710,0.22227151140003337,0.28670065013448653,0.2687563270654467,0.22227151140003337
5711,0.26282835950317324,0.2593456232130386,0.24991106603656116,0.22791495124722694
5712,0.24958380963190333,0.22459757429554866,0.24978141890645997,0.276037197166088
5713,0.24958380963190333,0.22459757429554866,0.24978141890645997,0.276037197166088
5714,0.22227151140003337,0.28670065013448653,0.2687563270654467,0.22227151140003337
5715,0.2496954367227103,0.2478443453489495,0.27470048157743304,0.22775973635090707
5716,0.24958380963190333,0.22459757429554866,0.24978141890645997,0.276037197166088
5717,0.24958380963190333,0.22459757429554866,0.24978141890645997,0.276037197166088
5718,0.22227151140003337,0.28670065013448653,0.2687563270654467,0.22227151140003337
5719,0.24958380963190333,0.22459757429554866,0.24978141890645997,0.276037197166088
5720,0.22227151140003337,0.28670065013448653,0.2687563270654467,0.22227151140003337
5721,0.2381928573629116,0.2854486199762488,0.25358899992956463,0.22276952273127495
5722,0.24958380963190333,0.22459757429554866,0.24978141890645997,0.276037197166088
5723,0.24958380963190333,0.22459757429554866,0.24978141890645997,0.276037197166088
5724,0.2764223240926711,0.2461650096075887,0.24969487650034067,0.22771778979939955
5725,0.24292283574736154,0.25468507578998073,0.27466323445544255,0.22772885400721524
5726,0.24958380963190333,0.22459757429554866,0.24978141890645997,0.276037197166088
5727,0.22227151140003337,0.28670065013448653,0.2687563270654467,0.22227151140003337
5728,0.27649198822892346,0.24191539794815328,0.2497578047676401,0.23183480905528323
5729,0.22367094972152926,0.2851186955091336,0.2688562244798326,0.22235413028950457
5730,0.2756358381517024,0.22254053817697775,0.2264994253397732,0.27532419833154664
5731,0.2756358381517024,0.22254053817697775,0.2264994253397732,0.27532419833154664
5732,0.24958380963190333,0.22459757429554866,0.24978141890645997,0.276037197166088
5733,0.22227151140003337,0.28670065013448653,0.2687563270654467,0.22227151140003337
5734,0.24671842605155303,0.28551653147963335,0.24494252031088815,0.22282252215792553
5735,0.22227151140003337,0.28670065013448653,0.2687563270654467,0.22227151140003337
5736,0.22227151140003337,0.28670065013448653,0.2687563270654467,0.22227151140003337
5737,0.22227151140003337,0.28670065013448653,0.2687563270654467,0.22227151140003337
5738,0.255234479839383,0.24367337866608385,0.2691121569470284,0.2319799845475047
5739,0.24989926473259494,0.23738924308673573,0.27174866328989533,0.24096282889077394
5740,0.22227151140003337,0.28670065013448653,0.2687563270654467,0.22227151140003337
5741,0.24958380963190333,0.22459757429554866,0.24978141890645997,0.276037197166088
5742,0.22227151140003337,0.28670065013448653,0.2687563270654467,0.22227151140003337
5743,0.2496954367227103,0.2478443453489495,0.27470048157743304,0.22775973635090707
5744,0.22227151140003337,0.28670065013448653,0.2687563270654467,0.22227151140003337
5745,0.2496954367227103,0.2478443453489495,0.27470048157743304,0.22775973635090707
5746,0.24958380963190333,0.22459757429554866,0.24978141890645997,0.276037197166088
5747,0.22227151140003337,0.28670065013448653,0.2687563270654467,0.22227151140003337
5748,0.2496954367227103,0.2478443453489495,0.27470048157743304,0.22775973635090707
5749,0.24964839435044703,0.22465569333437121,0.25263047797959803,0.2730654343355838
5750,0.24958380963190333,0.22459757429554866,0.24978141890645997,0.276037197166088
5751,0.24671842605155303,0.28551653147963335,0.24494252031088815,0.22282252215792553
5752,0.22227151140003337,0.28670065013448653,0.2687563270654467,0.22227151140003337
5753,0.22227151140003337,0.28670065013448653,0.2687563270654467,0.22227151140003337
5754,0.2496954367227103,0.2478443453489495,0.27470048157743304,0.22775973635090707
5755,0.24989926473259494,0.23738924308673573,0.27174866328989533,0.24096282889077394
5756,0.27055697202169154,0.22273234434830128,0.2311491852506253,0.27556149837938193
5757,0.22227151140003337,0.28670065013448653,0.2687563270654467,0.22227151140003337
5758,0.25850361612021977,0.22302150323001926,0.24255563874215877,0.27591924190760214
5759,0.22227151140003337,0.28670065013448653,0.2687563270654467,0.22227151140003337
5760,0.24958380963190333,0.22459757429554866,0.24978141890645997,0.276037197166088
5761,0.2765487086363895,0.23569615097861057,0.24692313077228814,0.24083200961271184
5762,0.22227151140003337,0.28670065013448653,0.2687563270654467,0.22227151140003337
5763,0.23124781475814604,0.2692362700512223,0.2742467760774314,0.2252691391132003
5764,0.22227151140003337,0.28670065013448653,0.2687563270654467,0.22227151140003337
5765,0.2764223240926711,0.2461650096075887,0.24969487650034067,0.22771778979939955
5766,0.2496954367227103,0.2478443453489495,0.27470048157743304,0.22775973635090707
5767,0.2496954367227103,0.2478443453489495,0.27470048157743304,0.22775973635090707
5768,0.25850361612021977,0.22302150323001926,0.24255563874215877,0.27591924190760214
5769,0.22227151140003337,0.28670065013448653,0.2687563270654467,0.22227151140003337
5770,0.24012407192037208,0.28547918522123267,0.25160336642960446,0.22279337642879077
5771,0.24958380963190333,0.22459757429554866,0.24978141890645997,0.276037197166088
5772,0.24958380963190333,0.22459757429554866,0.24978141890645997,0.276037197166088
5773,0.2686105331336013,0.22279506403807978,0.2329553084817064,0.27563909434661255
5774,0.2756358381517024,0.22254053817697775,0.2264994253397732,0.27532419833154664
5775,0.24958380963190333,0.22459757429554866,0.24978141890645997,0.276037197166088
5776,0.24102698411540976,0.27805513793844594,0.25795193278648076,0.2229659451596635
5777,0.22227151140003337,0.28670065013448653,0.2687563270654467,0.22227151140003337
5778,0.23625634768559436,0.28540884275892364,0.2555963297198422,0.22273847983563985
5779,0.258841675878463,0.2463168241130093,0.26698327244468323,0.22785822756384452
5780,0.25142131247746086,0.2478831256021084,0.2729001879590604,0.22779537396137045
5781,0.2496954367227103,0.2478443453489495,0.27470048157743304,0.22775973635090707
5782,0.24976552497064355,0.24357272518764644,0.2747775886151622,0.23188416122654784
5783,0.24958380963190333,0.22459757429554866,0.24978141890645997,0.276037197166088
5784,0.2496954367227103,0.2478443453489495,0.27470048157743304,0.22775973635090707
5785,0.2292504711286587,0.2714005244888186,0.2741551378540549,0.22519386652846785
5786,0.23707778393390375,0.2607430610461055,0.274546821419828,0.2276323336001627
5787,0.2496954367227103,0.2478443453489495,0.27470048157743304,0.22775973635090707
5788,0.22227151140003337,0.28670065013448653,0.2687563270654467,0.22227151140003337
5789,0.22227151140003337,0.28670065013448653,0.2687563270654467,0.22227151140003337
5790,0.2712093593280849,0.246268569917037,0.25470848129322726,0.2278135894616509
5791,0.24958380963190333,0.22459757429554866,0.24978141890645997,0.276037197166088
5792,0.2756358381517024,0.22254053817697775,0.2264994253397732,0.27532419833154664
5793,0.24958380963190333,0.22459757429554866,0.24978141890645997,0.276037197166088
5794,0.22227151140003337,0.28670065013448653,0.2687563270654467,0.22227151140003337
5795,0.22681571995332445,0.2767465803792093,0.2738842887563536,0.22255341091111264
5796,0.22227151140003337,0.28670065013448653,0.2687563270654467,0.22227151140003337
5797,0.25142131247746086,0.2478831256021084,0.2729001879590604,0.22779537396137045
5798,0.2496954367227103,0.2478443453489495,0.27470048157743304,0.22775973635090707
5799,0.22227151140003337,0.28670065013448653,0.2687563270654467,0.22227151140003337
5800,0.24958380963190333,0.22459757429554866,0.24978141890645997,0.276037197166088
5801,0.22227151140003337,0.28670065013448653,0.2687563270654467,0.22227151140003337
5802,0.24976552497064355,0.24357272518764644,0.2747775886151622,0.23188416122654784
5803,0.24958380963190333,0.22459757429554866,0.24978141890645997,0.276037197166088
5804,0.22227151140003337,0.28670065013448653,0.2687563270654467,0.22227151140003337
5805,0.24958380963190333,0.22459757429554866,0.24978141890645997,0.276037197166088
5806,0.24958380963190333,0.22459757429554866,0.24978141890645997,0.276037197166088
5807,0.2765487086363895,0.23569615097861057,0.24692313077228814,0.24083200961271184
5808,0.24958380963190333,0.22459757429554866,0.24978141890645997,0.276037197166088
5809,0.24958380963190333,0.22459757429554866,0.24978141890645997,0.276037197166088
5810,0.22227151140003337,0.28670065013448653,0.2687563270654467,0.22227151140003337
5811,0.22227151140003337,0.28670065013448653,0.2687563270654467,0.22227151140003337
5812,0.22227151140003337,0.28670065013448653,0.2687563270654467,0.22227151140003337
5813,0.23999882224517097,0.26539891328564735,0.26685419699895246,0.22774806747022922
5814,0.2764223240926711,0.2461650096075887,0.24969487650034067,0.22771778979939955
5815,0.2496954367227103,0.2478443453489495,0.27470048157743304,0.22775973635090707
5816,0.22227151140003337,0.28670065013448653,0.2687563270654467,0.22227151140003337
5817,0.24972282926461628,0.2247226764499426,0.2576696548611619,0.2678848394242792
5818,0.22227151140003337,0.28670065013448653,0.2687563270654467,0.22227151140003337
5819,0.2764223240926711,0.2461650096075887,0.24969487650034067,0.22771778979939955
5820,0.25850361612021977,0.22302150323001926,0.24255563874215877,0.27591924190760214
5821,0.24958380963190333,0.22459757429554866,0.24978141890645997,0.276037197166088
5822,0.24958380963190333,0.22459757429554866,0.24978141890645997,0.276037197166088
5823,0.22227151140003337,0.28670065013448653,0.2687563270654467,0.22227151140003337
5824,0.2496954367227103,0.2478443453489495,0.27470048157743304,0.22775973635090707
5825,0.2496954367227103,0.2478443453489495,0.27470048157743304,0.22775973635090707
5826,0.22227151140003337,0.28670065013448653,0.2687563270654467,0.22227151140003337
5827,0.24958380963190333,0.22459757429554866,0.24978141890645997,0.276037197166088
5828,0.24964839435044703,0.22465569333437121,0.25263047797959803,0.2730654343355838
5829,0.27055697202169154,0.22273234434830128,0.2311491852506253,0.27556149837938193
5830,0.24958380963190333,0.22459757429554866,0.24978141890645997,0.276037197166088
5831,0.22227151140003337,0.28670065013448653,0.2687563270654467,0.22227151140003337
5832,0.24958380963190333,0.22459757429554866,0.24978141890645997,0.276037197166088
5833,0.24958380963190333,0.22459757429554866,0.24978141890645997,0.276037197166088
5834,0.22227151140003337,0.28670065013448653,0.2687563270654467,0.22227151140003337
5835,0.2496954367227103,0.2478443453489495,0.27470048157743304,0.22775973635090707
5836,0.24958380963190333,0.22459757429554866,0.24978141890645997,0.276037197166088
5837,0.24989926473259494,0.23738924308673573,0.27174866328989533,0.24096282889077394
5838,0.22227151140003337,0.28670065013448653,0.2687563270654467,0.22227151140003337
5839,0.2756358381517024,0.22254053817697775,0.2264994253397732,0.27532419833154664
5840,0.22227151140003337,0.28670065013448653,0.2687563270654467,0.22227151140003337
5841,0.2686105331336013,0.22279506403807978,0.2329553084817064,0.27563909434661255
5842,0.22227151140003337,0.28670065013448653,0.2687563270654467,0.22227151140003337
5843,0.25142131247746086,0.2478831256021084,0.2729001879590604,0.22779537396137045
5844,0.2496954367227103,0.2478443453489495,0.27470048157743304,0.22775973635090707
5845,0.2496954367227103,0.2478443453489495,0.27470048157743304,0.22775973635090707
5846,0.2306621982024805,0.2852415355675873,0.2614883561030077,0.2226079101269245
5847,0.22227151140003337,0.28670065013448653,0.2687563270654467,0.22227151140003337
5848,0.2496954367227103,0.2478443453489495,0.27470048157743304,0.22775973635090707
5849,0.24989926473259494,0.23738924308673573,0.27174866328989533,0.24096282889077394
5850,0.24958380963190333,0.22459757429554866,0.24978141890645997,0.276037197166088
5851,0.22227151140003337,0.28670065013448653,0.2687563270654467,0.22227151140003337
5852,0.251267088896921,0.2245953318658973,0.24810313808481183,0.2760344411523699
5853,0.24958380963190333,0.22459757429554866,0.24978141890645997,0.276037197166088
5854,0.22227151140003337,0.28670065013448653,0.2687563270654467,0.22227151140003337
5855,0.22227151140003337,0.28670065013448653,0.2687563270654467,0.22227151140003337
5856,0.24958380963190333,0.22459757429554866,0.24978141890645997,0.276037197166088
5857,0.2306621982024805,0.2852415355675873,0.2614883561030077,0.2226079101269245
5858,0.22227151140003337,0.28670065013448653,0.2687563270654467,0.22227151140003337
5859,0.22227151140003337,0.28670065013448653,0.2687563270654467,0.22227151140003337
5860,0.24958380963190333,0.22459757429554866,0.24978141890645997,0.276037197166088
5861,0.27649198822892346,0.24191539794815328,0.2497578047676401,0.23183480905528323
5862,0.22227151140003337,0.28670065013448653,0.2687563270654467,0.22227151140003337
5863,0.2764223240926711,0.2461650096075887,0.24969487650034067,0.22771778979939955
5864,0.2551628273252194,0.24794673527046868,0.2690366085232833,0.22785382888102865
5865,0.22227151140003337,0.28670065013448653,0.2687563270654467,0.22227151140003337
5866,0.2756358381517024,0.22254053817697775,0.2264994253397732,0.27532419833154664
5867,0.2292504711286587,0.2714005244888186,0.2741551378540549,0.22519386652846785
5868,0.2496954367227103,0.2478443453489495,0.27470048157743304,0.22775973635090707
5869,0.22912941785406846,0.2742043441954423,0.2740103731474893,0.22265586480299995
5870,0.22227151140003337,0.28670065013448653,0.2687563270654467,0.22227151140003337
5871,0.22227151140003337,0.28670065013448653,0.2687563270654467,0.22227151140003337
5872,0.24958380963190333,0.22459757429554866,0.24978141890645997,0.276037197166088
5873,0.24958380963190333,0.22459757429554866,0.24978141890645997,0.276037197166088
5874,0.24958380963190333,0.22459757429554866,0.24978141890645997,0.276037197166088
5875,0.22384037587458464,0.2867872019292172,0.26703380945467803,0.22233861274152023
5876,0.22227151140003337,0.28670065013448653,0.2687563270654467,0.22227151140003337
5877,0.24958380963190333,0.22459757429554866,0.24978141890645997,0.276037197166088
5878,0.24958380963190333,0.22459757429554866,0.24978141890645997,0.276037197166088
5879,0.24958380963190333,0.22459757429554866,0.24978141890645997,0.276037197166088
5880,0.2764223240926711,0.2461650096075887,0.24969487650034067,0.22771778979939955
5881,0.2551628273252194,0.24794673527046868,0.2690366085232833,0.22785382888102865
5882,0.24958380963190333,0.22459757429554866,0.24978141890645997,0.276037197166088
5883,0.22227151140003337,0.28670065013448653,0.2687563270654467,0.22227151140003337
5884,0.24958380963190333,0.22459757429554866,0.24978141890645997,0.276037197166088
5885,0.27323697783904977,0.23577313597537763,0.2500792140601109,0.24091067212546166
5886,0.22227151140003337,0.28670065013448653,0.2687563270654467,0.22227151140003337
5887,0.22227151140003337,0.28670065013448653,0.2687563270654467,0.22227151140003337
5888,0.2765487086363895,0.23569615097861057,0.24692313077228814,0.24083200961271184
5889,0.22227151140003337,0.28670065013448653,0.2687563270654467,0.22227151140003337
5890,0.27055697202169154,0.22273234434830128,0.2311491852506253,0.27556149837938193
5891,0.2496954367227103,0.2478443453489495,0.27470048157743304,0.22775973635090707
5892,0.2496954367227103,0.2478443453489495,0.27470048157743304,0.22775973635090707
5893,0.2756358381517024,0.22254053817697775,0.2264994253397732,0.27532419833154664
5894,0.22227151140003337,0.28670065013448653,0.2687563270654467,0.22227151140003337
5895,0.24958380963190333,0.22459757429554866,0.24978141890645997,0.276037197166088
5896,0.251267088896921,0.2245953318658973,0.24810313808481183,0.2760344411523699
5897,0.2756358381517024,0.22254053817697775,0.2264994253397732,0.27532419833154664
5898,0.2496954367227103,0.2478443453489495,0.27470048157743304,0.22775973635090707
5899,0.22227151140003337,0.28670065013448653,0.2687563270654467,0.22227151140003337
5900,0.24958380963190333,0.22459757429554866,0.24978141890645997,0.276037197166088
5901,0.24292283574736154,0.25468507578998073,0.27466323445544255,0.22772885400721524
5902,0.258841675878463,0.2463168241130093,0.26698327244468323,0.22785822756384452
5903,0.22227151140003337,0.28670065013448653,0.2687563270654467,0.22227151140003337
5904,0.2496954367227103,0.2478443453489495,0.27470048157743304,0.22775973635090707
5905,0.24970239082789633,0.22470428413789129,0.2558981110668273,0.269695213967385
5906,0.22227151140003337,0.28670065013448653,0.2687563270654467,0.22227151140003337
5907,0.24976552497064355,0.24357272518764644,0.2747775886151622,0.23188416122654784
5908,0.24976552497064355,0.24357272518764644,0.2747775886151622,0.23188416122654784
5909,0.2496954367227103,0.2478443453489495,0.27470048157743304,0.22775973635090707
5910,0.22227151140003337,0.28670065013448653,0.2687563270654467,0.22227151140003337
5911,0.2496954367227103,0.2478443453489495,0.27470048157743304,0.22775973635090707
5912,0.24958380963190333,0.22459757429554866,0.24978141890645997,0.276037197166088
5913,0.2756358381517024,0.22254053817697775,0.2264994253397732,0.27532419833154664
5914,0.2496954367227103,0.2478443453489495,0.27470048157743304,0.22775973635090707
5915,0.2764223240926711,0.2461650096075887,0.24969487650034067,0.22771778979939955
5916,0.22227151140003337,0.28670065013448653,0.2687563270654467,0.22227151140003337
5917,0.24958380963190333,0.22459757429554866,0.24978141890645997,0.276037197166088
5918,0.2760473864467348,0.2228728105682476,0.23560302121672097,0.26547678176829653
5919,0.2756358381517024,0.22254053817697775,0.2264994253397732,0.27532419833154664
5920,0.24958380963190333,0.22459757429554866,0.24978141890645997,0.276037197166088
5921,0.23133784794858225,0.26683651310152184,0.27435355032843534,0.22747208862146057
5922,0.2756358381517024,0.22254053817697775,0.2264994253397732,0.27532419833154664
5923,0.258841675878463,0.2463168241130093,0.26698327244468323,0.22785822756384452
5924,0.2306621982024805,0.2852415355675873,0.2614883561030077,0.2226079101269245
5925,0.2644829580810333,0.22290787370111398,0.23683050725432914,0.2757786609635237
5926,0.23707778393390375,0.2607430610461055,0.274546821419828,0.2276323336001627
5927,0.24958380963190333,0.22459757429554866,0.24978141890645997,0.276037197166088
5928,0.22227151140003337,0.28670065013448653,0.2687563270654467,0.22227151140003337
5929,0.2764223240926711,0.2461650096075887,0.24969487650034067,0.22771778979939955
5930,0.22227151140003337,0.28670065013448653,0.2687563270654467,0.22227151140003337
5931,0.22227151140003337,0.28670065013448653,0.2687563270654467,0.22227151140003337
5932,0.24958380963190333,0.22459757429554866,0.24978141890645997,0.276037197166088
5933,0.24958380963190333,0.22459757429554866,0.24978141890645997,0.276037197166088
5934,0.2764120288420475,0.2287510994160474,0.24156772107180732,0.2532691506700977
5935,0.22367094972152926,0.2851186955091336,0.2688562244798326,0.22235413028950457
5936,0.22227151140003337,0.28670065013448653,0.2687563270654467,0.22227151140003337
5937,0.2764223240926711,0.2461650096075887,0.24969487650034067,0.22771778979939955
5938,0.24958380963190333,0.22459757429554866,0.24978141890645997,0.276037197166088
5939,0.22227151140003337,0.28670065013448653,0.2687563270654467,0.22227151140003337
5940,0.25662894851913526,0.2655761118425382,0.24989481190383026,0.22790012773449628
5941,0.24958380963190333,0.22459757429554866,0.24978141890645997,0.276037197166088
5942,0.2764223240926711,0.2461650096075887,0.24969487650034067,0.22771778979939955
5943,0.22227151140003337,0.28670065013448653,0.2687563270654467,0.22227151140003337
5944,0.2712093593280849,0.246268569917037,0.25470848129322726,0.2278135894616509
5945,0.27649198822892346,0.24191539794815328,0.2497578047676401,0.23183480905528323
5946,0.22227151140003337,0.28670065013448653,0.2687563270654467,0.22227151140003337
5947,0.22227151140003337,0.28670065013448653,0.2687563270654467,0.22227151140003337
5948,0.2765487086363895,0.23569615097861057,0.24692313077228814,0.24083200961271184
5949,0.24671842605155303,0.28551653147963335,0.24494252031088815,0.22282252215792553
5950,0.24671842605155303,0.28551653147963335,0.24494252031088815,0.22282252215792553
5951,0.2496954367227103,0.2478443453489495,0.27470048157743304,0.22775973635090707
5952,0.2686105331336013,0.22279506403807978,0.2329553084817064,0.27563909434661255
5953,0.22227151140003337,0.28670065013448653,0.2687563270654467,0.22227151140003337
5954,0.24958380963190333,0.22459757429554866,0.24978141890645997,0.276037197166088
5955,0.2496954367227103,0.2478443453489495,0.27470048157743304,0.22775973635090707
5956,0.24958380963190333,0.22459757429554866,0.24978141890645997,0.276037197166088
5957,0.27240127288181515,0.22266736720773445,0.22945025038643385,0.2754811095240166
5958,0.25850361612021977,0.22302150323001926,0.24255563874215877,0.27591924190760214
5959,0.24972282926461628,0.2247226764499426,0.2576696548611619,0.2678848394242792
5960,0.24958380963190333,0.22459757429554866,0.24978141890645997,0.276037197166088
5961,0.24958380963190333,0.22459757429554866,0.24978141890645997,0.276037197166088
5962,0.22227151140003337,0.28670065013448653,0.2687563270654467,0.22227151140003337
5963,0.22680395398311315,0.2793681010290941,0.27128607894139994,0.22254186604639276
5964,0.2760473864467348,0.2228728105682476,0.23560302121672097,0.26547678176829653
5965,0.22227151140003337,0.28670065013448653,0.2687563270654467,0.22227151140003337
5966,0.22227151140003337,0.28670065013448653,0.2687563270654467,0.22227151140003337
5967,0.24958380963190333,0.22459757429554866,0.24978141890645997,0.276037197166088
5968,0.258841675878463,0.2463168241130093,0.26698327244468323,0.22785822756384452
5969,0.24958380963190333,0.22459757429554866,0.24978141890645997,0.276037197166088
5970,0.2756358381517024,0.22254053817697775,0.2264994253397732,0.27532419833154664
5971,0.2712093593280849,0.246268569917037,0.25470848129322726,0.2278135894616509
5972,0.22227151140003337,0.28670065013448653,0.2687563270654467,0.22227151140003337
5973,0.22227151140003337,0.28670065013448653,0.2687563270654467,0.22227151140003337
5974,0.24958380963190333,0.22459757429554866,0.24978141890645997,0.276037197166088
5975,0.24964839435044703,0.22465569333437121,0.25263047797959803,0.2730654343355838
5976,0.24958380963190333,0.22459757429554866,0.24978141890645997,0.276037197166088
5977,0.24976552497064355,0.24357272518764644,0.2747775886151622,0.23188416122654784
5978,0.24958380963190333,0.22459757429554866,0.24978141890645997,0.276037197166088
5979,0.2496954367227103,0.2478443453489495,0.27470048157743304,0.22775973635090707
5980,0.2587345517722791,0.22322074073796855,0.25215348583755015,0.26589122165220214
5981,0.26913145853958803,0.25315378064233524,0.24985287702854642,0.22786188378953035
5982,0.258841675878463,0.2463168241130093,0.26698327244468323,0.22785822756384452
5983,0.22227151140003337,0.28670065013448653,0.2687563270654467,0.22227151140003337
5984,0.22227151140003337,0.28670065013448653,0.2687563270654467,0.22227151140003337
5985,0.24671842605155303,0.28551653147963335,0.24494252031088815,0.22282252215792553
5986,0.22227151140003337,0.28670065013448653,0.2687563270654467,0.22227151140003337
5987,0.22227151140003337,0.28670065013448653,0.2687563270654467,0.22227151140003337
5988,0.2496954367227103,0.2478443453489495,0.27470048157743304,0.22775973635090707
5989,0.27577657016555096,0.22265416120332512,0.2291405938810971,0.2724286747500267
5990,0.2764223240926711,0.2461650096075887,0.24969487650034067,0.22771778979939955
5991,0.22227151140003337,0.28670065013448653,0.2687563270654467,0.22227151140003337
5992,0.22227151140003337,0.28670065013448653,0.2687563270654467,0.22227151140003337
5993,0.2292504711286587,0.2714005244888186,0.2741551378540549,0.22519386652846785
5994,0.27649198822892346,0.24191539794815328,0.2497578047676401,0.23183480905528323
5995,0.2764223240926711,0.2461650096075887,0.24969487650034067,0.22771778979939955
5996,0.24958380963190333,0.22459757429554866,0.24978141890645997,0.276037197166088
5997,0.24958380963190333,0.22459757429554866,0.24978141890645997,0.276037197166088
5998,0.24194968366543873,0.28549982092983456,0.24974101447714078,0.22280948092758585
5999,0.22227151140003337,0.28670065013448653,0.2687563270654467,0.22227151140003337
6000,0.24958380963190333,0.22459757429554866,0.24978141890645997,0.276037197166088
6001,0.2496954367227103,0.2478443453489495,0.27470048157743304,0.22775973635090707
6002,0.27649198822892346,0.24191539794815328,0.2497578047676401,0.23183480905528323
6003,0.2765487086363895,0.23569615097861057,0.24692313077228814,0.24083200961271184
6004,0.24958380963190333,0.22459757429554866,0.24978141890645997,0.276037197166088
6005,0.24958380963190333,0.22459757429554866,0.24978141890645997,0.276037197166088
6006,0.25850361612021977,0.22302150323001926,0.24255563874215877,0.27591924190760214
6007,0.22227151140003337,0.28670065013448653,0.2687563270654467,0.22227151140003337
6008,0.22227151140003337,0.28670065013448653,0.2687563270654467,0.22227151140003337
6009,0.22227151140003337,0.28670065013448653,0.2687563270654467,0.22227151140003337
6010,0.2764223240926711,0.2461650096075887,0.24969487650034067,0.22771778979939955
6011,0.22227151140003337,0.28670065013448653,0.2687563270654467,0.22227151140003337
6012,0.22227151140003337,0.28670065013448653,0.2687563270654467,0.22227151140003337
6013,0.2756358381517024,0.22254053817697775,0.2264994253397732,0.27532419833154664
6014,0.2712777384514055,0.24201719612816364,0.25477270010446706,0.23193236531596376
6015,0.23133784794858225,0.26683651310152184,0.27435355032843534,0.22747208862146057
6016,0.24958380963190333,0.22459757429554866,0.24978141890645997,0.276037197166088
6017,0.23133784794858225,0.26683651310152184,0.27435355032843534,0.22747208862146057
6018,0.24989926473259494,0.23738924308673573,0.27174866328989533,0.24096282889077394
6019,0.2496954367227103,0.2478443453489495,0.27470048157743304,0.22775973635090707
6020,0.24972282926461628,0.2247226764499426,0.2576696548611619,0.2678848394242792
6021,0.22681571995332445,0.2767465803792093,0.2738842887563536,0.22255341091111264
6022,0.23124781475814604,0.2692362700512223,0.2742467760774314,0.2252691391132003
6023,0.2686105331336013,0.22279506403807978,0.2329553084817064,0.27563909434661255
6024,0.2496954367227103,0.2478443453489495,0.27470048157743304,0.22775973635090707
6025,0.27283099610433253,0.22301863332912106,0.2405381848942347,0.26361218567231165
6026,0.24958380963190333,0.22459757429554866,0.24978141890645997,0.276037197166088
6027,0.24958380963190333,0.22459757429554866,0.24978141890645997,0.276037197166088
6028,0.24194968366543873,0.28549982092983456,0.24974101447714078,0.22280948092758585
6029,0.22227151140003337,0.28670065013448653,0.2687563270654467,0.22227151140003337
6030,0.2496954367227103,0.2478443453489495,0.27470048157743304,0.22775973635090707
6031,0.23707778393390375,0.2607430610461055,0.274546821419828,0.2276323336001627
6032,0.2496954367227103,0.2478443453489495,0.27470048157743304,0.22775973635090707
6033,0.22227151140003337,0.28670065013448653,0.2687563270654467,0.22227151140003337
6034,0.27649198822892346,0.24191539794815328,0.2497578047676401,0.23183480905528323
6035,0.22227151140003337,0.28670065013448653,0.2687563270654467,0.22227151140003337
6036,0.24964839435044703,0.22465569333437121,0.25263047797959803,0.2730654343355838
6037,0.27577657016555096,0.22265416120332512,0.2291405938810971,0.2724286747500267
6038,0.2665502291945223,0.22285482973899404,0.2348819053884322,0.2757130356780515
6039,0.2517404759162937,0.2755795326412122,0.24959433244743506,0.22308565899505892
6040,0.24958380963190333,0.22459757429554866,0.24978141890645997,0.276037197166088
6041,0.22227151140003337,0.28670065013448653,0.2687563270654467,0.22227151140003337
6042,0.2496954367227103,0.2478443453489495,0.27470048157743304,0.22775973635090707
6043,0.2496954367227103,0.2478443453489495,0.27470048157743304,0.22775973635090707
6044,0.27649198822892346,0.24191539794815328,0.2497578047676401,0.23183480905528323
6045,0.22227151140003337,0.28670065013448653,0.2687563270654467,0.22227151140003337
6046,0.22227151140003337,0.28670065013448653,0.2687563270654467,0.22227151140003337
6047,0.2543734920802728,0.27018242540268733,0.24977312431298168,0.22567095820405808
6048,0.2764223240926711,0.2461650096075887,0.24969487650034067,0.22771778979939955
6049,0.22227151140003337,0.28670065013448653,0.2687563270654467,0.22227151140003337
6050,0.22227151140003337,0.28670065013448653,0.2687563270654467,0.22227151140003337
6051,0.24671842605155303,0.28551653147963335,0.24494252031088815,0.22282252215792553
6052,0.24976552497064355,0.24357272518764644,0.2747775886151622,0.23188416122654784
6053,0.22227151140003337,0.28670065013448653,0.2687563270654467,0.22227151140003337
6054,0.2756358381517024,0.22254053817697775,0.2264994253397732,0.27532419833154664
6055,0.24989926473259494,0.23738924308673573,0.27174866328989533,0.24096282889077394
6056,0.22227151140003337,0.28670065013448653,0.2687563270654467,0.22227151140003337
6057,0.22227151140003337,0.28670065013448653,0.2687563270654467,0.22227151140003337
6058,0.25850361612021977,0.22302150323001926,0.24255563874215877,0.27591924190760214
6059,0.22227151140003337,0.28670065013448653,0.2687563270654467,0.22227151140003337
6060,0.22227151140003337,0.28670065013448653,0.2687563270654467,0.22227151140003337
6061,0.22227151140003337,0.28670065013448653,0.2687563270654467,0.22227151140003337
6062,0.22681571995332445,0.2767465803792093,0.2738842887563536,0.22255341091111264
6063,0.22227151140003337,0.28670065013448653,0.2687563270654467,0.22227151140003337
6064,0.2496954367227103,0.2478443453489495,0.27470048157743304,0.22775973635090707
6065,0.24671842605155303,0.28551653147963335,0.24494252031088815,0.22282252215792553
6066,0.26921176827130733,0.24629541320679824,0.25665439736452395,0.2278384211573704
6067,0.2712093593280849,0.246268569917037,0.25470848129322726,0.2278135894616509
6068,0.2306621982024805,0.2852415355675873,0.2614883561030077,0.2226079101269245
6069,0.22227151140003337,0.28670065013448653,0.2687563270654467,0.22227151140003337
6070,0.2764223240926711,0.2461650096075887,0.24969487650034067,0.22771778979939955
6071,0.22227151140003337,0.28670065013448653,0.2687563270654467,0.22227151140003337
6072,0.2496954367227103,0.2478443453489495,0.27470048157743304,0.22775973635090707
6073,0.2496954367227103,0.2478443453489495,0.27470048157743304,0.22775973635090707
6074,0.2496954367227103,0.2478443453489495,0.27470048157743304,0.22775973635090707
6075,0.2306621982024805,0.2852415355675873,0.2614883561030077,0.2226079101269245
6076,0.2756358381517024,0.22254053817697775,0.2264994253397732,0.27532419833154664
6077,0.24958380963190333,0.22459757429554866,0.24978141890645997,0.276037197166088
6078,0.24958380963190333,0.22459757429554866,0.24978141890645997,0.276037197166088
6079,0.2764223240926711,0.2461650096075887,0.24969487650034067,0.22771778979939955
6080,0.22227151140003337,0.28670065013448653,0.2687563270654467,0.22227151140003337
6081,0.24958380963190333,0.22459757429554866,0.24978141890645997,0.276037197166088
6082,0.22227151140003337,0.28670065013448653,0.2687563270654467,0.22227151140003337
6083,0.22227151140003337,0.28670065013448653,0.2687563270654467,0.22227151140003337
6084,0.27649198822892346,0.24191539794815328,0.2497578047676401,0.23183480905528323
6085,0.24964839435044703,0.22465569333437121,0.25263047797959803,0.2730654343355838
6086,0.22227151140003337,0.28670065013448653,0.2687563270654467,0.22227151140003337
6087,0.2712093593280849,0.246268569917037,0.25470848129322726,0.2278135894616509
6088,0.2496954367227103,0.2478443453489495,0.27470048157743304,0.22775973635090707
6089,0.22227151140003337,0.28670065013448653,0.2687563270654467,0.22227151140003337
6090,0.24964839435044703,0.22465569333437121,0.25263047797959803,0.2730654343355838
6091,0.27649198822892346,0.24191539794815328,0.2497578047676401,0.23183480905528323
6092,0.22227151140003337,0.28670065013448653,0.2687563270654467,0.22227151140003337
6093,0.24671842605155303,0.28551653147963335,0.24494252031088815,0.22282252215792553
6094,0.2496954367227103,0.2478443453489495,0.27470048157743304,0.22775973635090707
6095,0.22227151140003337,0.28670065013448653,0.2687563270654467,0.22227151140003337
6096,0.22227151140003337,0.28670065013448653,0.2687563270654467,0.22227151140003337
6097,0.2765487086363895,0.23569615097861057,0.24692313077228814,0.24083200961271184
6098,0.2765487086363895,0.23569615097861057,0.24692313077228814,0.24083200961271184
6099,0.24958380963190333,0.22459757429554866,0.24978141890645997,0.276037197166088
6100,0.24958380963190333,0.22459757429554866,0.24978141890645997,0.276037197166088
6101,0.2756358381517024,0.22254053817697775,0.2264994253397732,0.27532419833154664
6102,0.2496954367227103,0.2478443453489495,0.27470048157743304,0.22775973635090707
6103,0.2764223240926711,0.2461650096075887,0.24969487650034067,0.22771778979939955
6104,0.24958380963190333,0.22459757429554866,0.24978141890645997,0.276037197166088
6105,0.2496954367227103,0.2478443453489495,0.27470048157743304,0.22775973635090707
6106,0.23625634768559436,0.28540884275892364,0.2555963297198422,0.22273847983563985
6107,0.22681571995332445,0.2767465803792093,0.2738842887563536,0.22255341091111264
6108,0.24958380963190333,0.22459757429554866,0.24978141890645997,0.276037197166088
6109,0.25653312679869816,0.2679687686679447,0.24980150461740327,0.22569659991595387
6110,0.2764223240926711,0.2461650096075887,0.24969487650034067,0.22771778979939955
6111,0.24958380963190333,0.22459757429554866,0.24978141890645997,0.276037197166088
6112,0.22227151140003337,0.28670065013448653,0.2687563270654467,0.22227151140003337
6113,0.2671648305950133,0.2420637673673664,0.25879440610103616,0.2319769959365841
6114,0.22227151140003337,0.28670065013448653,0.2687563270654467,0.22227151140003337
6115,0.22367094972152926,0.2851186955091336,0.2688562244798326,0.22235413028950457
6116,0.24958380963190333,0.22459757429554866,0.24978141890645997,0.276037197166088
6117,0.2756358381517024,0.22254053817697775,0.2264994253397732,0.27532419833154664
6118,0.24958380963190333,0.22459757429554866,0.24978141890645997,0.276037197166088
6119,0.22227151140003337,0.28670065013448653,0.2687563270654467,0.22227151140003337
6120,0.22680395398311315,0.2793681010290941,0.27128607894139994,0.22254186604639276
6121,0.2496954367227103,0.2478443453489495,0.27470048157743304,0.22775973635090707
6122,0.22227151140003337,0.28670065013448653,0.2687563270654467,0.22227151140003337
6123,0.24958380963190333,0.22459757429554866,0.24978141890645997,0.276037197166088
6124,0.24976552497064355,0.24357272518764644,0.2747775886151622,0.23188416122654784
6125,0.24671842605155303,0.28551653147963335,0.24494252031088815,0.22282252215792553
6126,0.2764223240926711,0.2461650096075887,0.24969487650034067,0.22771778979939955
6127,0.22227151140003337,0.28670065013448653,0.2687563270654467,0.22227151140003337
6128,0.24958380963190333,0.22459757429554866,0.24978141890645997,0.276037197166088
6129,0.22227151140003337,0.28670065013448653,0.2687563270654467,0.22227151140003337
6130,0.2764223240926711,0.2461650096075887,0.24969487650034067,0.22771778979939955
6131,0.24671842605155303,0.28551653147963335,0.24494252031088815,0.22282252215792553
6132,0.24958380963190333,0.22459757429554866,0.24978141890645997,0.276037197166088
6133,0.24958380963190333,0.22459757429554866,0.24978141890645997,0.276037197166088
6134,0.22227151140003337,0.28670065013448653,0.2687563270654467,0.22227151140003337
6135,0.22227151140003337,0.28670065013448653,0.2687563270654467,0.22227151140003337
6136,0.24671842605155303,0.28551653147963335,0.24494252031088815,0.22282252215792553
6137,0.24958380963190333,0.22459757429554866,0.24978141890645997,0.276037197166088
6138,0.22227151140003337,0.28670065013448653,0.2687563270654467,0.22227151140003337
6139,0.24958380963190333,0.22459757429554866,0.24978141890645997,0.276037197166088
6140,0.24958380963190333,0.22459757429554866,0.24978141890645997,0.276037197166088
6141,0.2496954367227103,0.2478443453489495,0.27470048157743304,0.22775973635090707
6142,0.2496954367227103,0.2478443453489495,0.27470048157743304,0.22775973635090707
6143,0.22227151140003337,0.28670065013448653,0.2687563270654467,0.22227151140003337
6144,0.24958380963190333,0.22459757429554866,0.24978141890645997,0.276037197166088
6145,0.2496954367227103,0.2478443453489495,0.27470048157743304,0.22775973635090707
6146,0.25424383883132545,0.27297867081129507,0.2496458158548476,0.22313167450253185
6147,0.24976552497064355,0.24357272518764644,0.2747775886151622,0.23188416122654784
6148,0.22227151140003337,0.28670065013448653,0.2687563270654467,0.22227151140003337
6149,0.24958380963190333,0.22459757429554866,0.24978141890645997,0.276037197166088
6150,0.24958380963190333,0.22459757429554866,0.24978141890645997,0.276037197166088
6151,0.22227151140003337,0.28670065013448653,0.2687563270654467,0.22227151140003337
6152,0.2756358381517024,0.22254053817697775,0.2264994253397732,0.27532419833154664
6153,0.22227151140003337,0.28670065013448653,0.2687563270654467,0.22227151140003337
6154,0.24958380963190333,0.22459757429554866,0.24978141890645997,0.276037197166088
6155,0.2496954367227103,0.2478443453489495,0.27470048157743304,0.22775973635090707
6156,0.22227151140003337,0.28670065013448653,0.2687563270654467,0.22227151140003337
6157,0.25850361612021977,0.22302150323001926,0.24255563874215877,0.27591924190760214
6158,0.22227151140003337,0.28670065013448653,0.2687563270654467,0.22227151140003337
6159,0.22227151140003337,0.28670065013448653,0.2687563270654467,0.22227151140003337
6160,0.2589795231252008,0.22902260181757644,0.2543437656494502,0.25765410940777256
6161,0.2764223240926711,0.2461650096075887,0.24969487650034067,0.22771778979939955
6162,0.24958380963190333,0.22459757429554866,0.24978141890645997,0.276037197166088
6163,0.22227151140003337,0.28670065013448653,0.2687563270654467,0.22227151140003337
6164,0.2725318580235126,0.22277411065056277,0.2321185923350172,0.27257543899090747
6165,0.24958380963190333,0.22459757429554866,0.24978141890645997,0.276037197166088
6166,0.24958380963190333,0.22459757429554866,0.24978141890645997,0.276037197166088
6167,0.2712093593280849,0.246268569917037,0.25470848129322726,0.2278135894616509
6168,0.2760473864467348,0.2228728105682476,0.23560302121672097,0.26547678176829653
6169,0.24991780735486605,0.23052533148517196,0.26600601904899385,0.2535508421109681
6170,0.2496954367227103,0.2478443453489495,0.27470048157743304,0.22775973635090707
6171,0.2516725393714356,0.27812935170325814,0.24717265347449,0.22302545545081615
6172,0.22227151140003337,0.28670065013448653,0.2687563270654467,0.22227151140003337
6173,0.24958380963190333,0.22459757429554866,0.24978141890645997,0.276037197166088
6174,0.27649198822892346,0.24191539794815328,0.2497578047676401,0.23183480905528323
6175,0.22227151140003337,0.28670065013448653,0.2687563270654467,0.22227151140003337
6176,0.22227151140003337,0.28670065013448653,0.2687563270654467,0.22227151140003337
6177,0.24958380963190333,0.22459757429554866,0.24978141890645997,0.276037197166088
6178,0.22227151140003337,0.28670065013448653,0.2687563270654467,0.22227151140003337
6179,0.22227151140003337,0.28670065013448653,0.2687563270654467,0.22227151140003337
6180,0.22227151140003337,0.28670065013448653,0.2687563270654467,0.22227151140003337
6181,0.24964839435044703,0.22465569333437121,0.25263047797959803,0.2730654343355838
6182,0.27649198822892346,0.24191539794815328,0.2497578047676401,0.23183480905528323
6183,0.22227151140003337,0.28670065013448653,0.2687563270654467,0.22227151140003337
6184,0.22227151140003337,0.28670065013448653,0.2687563270654467,0.22227151140003337
6185,0.22227151140003337,0.28670065013448653,0.2687563270654467,0.22227151140003337
6186,0.2756358381517024,0.22254053817697775,0.2264994253397732,0.27532419833154664
6187,0.22227151140003337,0.28670065013448653,0.2687563270654467,0.22227151140003337
6188,0.2765487086363895,0.23569615097861057,0.24692313077228814,0.24083200961271184
6189,0.24958380963190333,0.22459757429554866,0.24978141890645997,0.276037197166088
6190,0.24958380963190333,0.22459757429554866,0.24978141890645997,0.276037197166088
6191,0.22227151140003337,0.28670065013448653,0.2687563270654467,0.22227151140003337
6192,0.24958380963190333,0.22459757429554866,0.24978141890645997,0.276037197166088
6193,0.22227151140003337,0.28670065013448653,0.2687563270654467,0.22227151140003337
6194,0.2517404759162937,0.2755795326412122,0.24959433244743506,0.22308565899505892
6195,0.25850361612021977,0.22302150323001926,0.24255563874215877,0.27591924190760214
6196,0.24958380963190333,0.22459757429554866,0.24978141890645997,0.276037197166088
6197,0.2496954367227103,0.2478443453489495,0.27470048157743304,0.22775973635090707
6198,0.2756358381517024,0.22254053817697775,0.2264994253397732,0.27532419833154664
6199,0.24958380963190333,0.22459757429554866,0.24978141890645997,0.276037197166088
6200,0.23133784794858225,0.26683651310152184,0.27435355032843534,0.22747208862146057
6201,0.24972282926461628,0.2247226764499426,0.2576696548611619,0.2678848394242792
6202,0.2292504711286587,0.2714005244888186,0.2741551378540549,0.22519386652846785
6203,0.2764223240926711,0.2461650096075887,0.24969487650034067,0.22771778979939955
6204,0.24671842605155303,0.28551653147963335,0.24494252031088815,0.22282252215792553
6205,0.24958380963190333,0.22459757429554866,0.24978141890645997,0.276037197166088
6206,0.258841675878463,0.2463168241130093,0.26698327244468323,0.22785822756384452
6207,0.2496954367227103,0.2478443453489495,0.27470048157743304,0.22775973635090707
6208,0.2765487086363895,0.23569615097861057,0.24692313077228814,0.24083200961271184
6209,0.2760473864467348,0.2228728105682476,0.23560302121672097,0.26547678176829653
6210,0.2517404759162937,0.2755795326412122,0.24959433244743506,0.22308565899505892
6211,0.22681571995332445,0.2767465803792093,0.2738842887563536,0.22255341091111264
6212,0.24671842605155303,0.28551653147963335,0.24494252031088815,0.22282252215792553
6213,0.2764223240926711,0.2461650096075887,0.24969487650034067,0.22771778979939955
6214,0.2496954367227103,0.2478443453489495,0.27470048157743304,0.22775973635090707
6215,0.22227151140003337,0.28670065013448653,0.2687563270654467,0.22227151140003337
6216,0.22227151140003337,0.28670065013448653,0.2687563270654467,0.22227151140003337
6217,0.22227151140003337,0.28670065013448653,0.2687563270654467,0.22227151140003337
6218,0.24958380963190333,0.22459757429554866,0.24978141890645997,0.276037197166088
6219,0.2756358381517024,0.22254053817697775,0.2264994253397732,0.27532419833154664
6220,0.2756358381517024,0.22254053817697775,0.2264994253397732,0.27532419833154664
6221,0.24958380963190333,0.22459757429554866,0.24978141890645997,0.276037197166088
6222,0.2759827874654471,0.22282065518759078,0.2338162697601553,0.2673802875868069
6223,0.24958380963190333,0.22459757429554866,0.24978141890645997,0.276037197166088
6224,0.2756358381517024,0.22254053817697775,0.2264994253397732,0.27532419833154664
6225,0.22227151140003337,0.28670065013448653,0.2687563270654467,0.22227151140003337
6226,0.22681571995332445,0.2767465803792093,0.2738842887563536,0.22255341091111264
6227,0.22227151140003337,0.28670065013448653,0.2687563270654467,0.22227151140003337
6228,0.24974637905356042,0.22474386863175846,0.2616096963255617,0.2639000559891193
6229,0.27055697202169154,0.22273234434830128,0.2311491852506253,0.27556149837938193
6230,0.24958380963190333,0.22459757429554866,0.24978141890645997,0.276037197166088
6231,0.22227151140003337,0.28670065013448653,0.2687563270654467,0.22227151140003337
6232,0.24958380963190333,0.22459757429554866,0.24978141890645997,0.276037197166088
6233,0.22227151140003337,0.28670065013448653,0.2687563270654467,0.22227151140003337
6234,0.2764223240926711,0.2461650096075887,0.24969487650034067,0.22771778979939955
6235,0.22227151140003337,0.28670065013448653,0.2687563270654467,0.22227151140003337
6236,0.24671842605155303,0.28551653147963335,0.24494252031088815,0.22282252215792553
6237,0.24958380963190333,0.22459757429554866,0.24978141890645997,0.276037197166088
6238,0.2756358381517024,0.22254053817697775,0.2264994253397732,0.27532419833154664
6239,0.24958380963190333,0.22459757429554866,0.24978141890645997,0.276037197166088
6240,0.2764223240926711,0.2461650096075887,0.24969487650034067,0.22771778979939955
6241,0.22227151140003337,0.28670065013448653,0.2687563270654467,0.22227151140003337
6242,0.22227151140003337,0.28670065013448653,0.2687563270654467,0.22227151140003337
6243,0.258841675878463,0.2463168241130093,0.26698327244468323,0.22785822756384452
6244,0.24958380963190333,0.22459757429554866,0.24978141890645997,0.276037197166088
6245,0.22227151140003337,0.28670065013448653,0.2687563270654467,0.22227151140003337
6246,0.24958380963190333,0.22459757429554866,0.24978141890645997,0.276037197166088
6247,0.24958380963190333,0.22459757429554866,0.24978141890645997,0.276037197166088
6248,0.2292504711286587,0.2714005244888186,0.2741551378540549,0.22519386652846785
6249,0.22227151140003337,0.28670065013448653,0.2687563270654467,0.22227151140003337
6250,0.22227151140003337,0.28670065013448653,0.2687563270654467,0.22227151140003337
6251,0.24989926473259494,0.23738924308673573,0.27174866328989533,0.24096282889077394
6252,0.2665502291945223,0.22285482973899404,0.2348819053884322,0.2757130356780515
6253,0.22227151140003337,0.28670065013448653,0.2687563270654467,0.22227151140003337
6254,0.24958380963190333,0.22459757429554866,0.24978141890645997,0.276037197166088
6255,0.24671842605155303,0.28551653147963335,0.24494252031088815,0.22282252215792553
6256,0.2496954367227103,0.2478443453489495,0.27470048157743304,0.22775973635090707
6257,0.2496954367227103,0.2478443453489495,0.27470048157743304,0.22775973635090707
6258,0.27649198822892346,0.24191539794815328,0.2497578047676401,0.23183480905528323
6259,0.22227151140003337,0.28670065013448653,0.2687563270654467,0.22227151140003337
6260,0.26927965114886504,0.24204358266971185,0.25671911384828994,0.23195765233313315
6261,0.22227151140003337,0.28670065013448653,0.2687563270654467,0.22227151140003337
6262,0.24958380963190333,0.22459757429554866,0.24978141890645997,0.276037197166088
6263,0.22227151140003337,0.28670065013448653,0.2687563270654467,0.22227151140003337
6264,0.22227151140003337,0.28670065013448653,0.2687563270654467,0.22227151140003337
6265,0.24958380963190333,0.22459757429554866,0.24978141890645997,0.276037197166088
6266,0.22227151140003337,0.28670065013448653,0.2687563270654467,0.22227151140003337
6267,0.24671842605155303,0.28551653147963335,0.24494252031088815,0.22282252215792553
6268,0.22227151140003337,0.28670065013448653,0.2687563270654467,0.22227151140003337
6269,0.22227151140003337,0.28670065013448653,0.2687563270654467,0.22227151140003337
6270,0.24958380963190333,0.22459757429554866,0.24978141890645997,0.276037197166088
6271,0.2496954367227103,0.2478443453489495,0.27470048157743304,0.22775973635090707
6272,0.2756358381517024,0.22254053817697775,0.2264994253397732,0.27532419833154664
6273,0.22681571995332445,0.2767465803792093,0.2738842887563536,0.22255341091111264
6274,0.22227151140003337,0.28670065013448653,0.2687563270654467,0.22227151140003337
6275,0.2306621982024805,0.2852415355675873,0.2614883561030077,0.2226079101269245
6276,0.25850361612021977,0.22302150323001926,0.24255563874215877,0.27591924190760214
6277,0.2764223240926711,0.2461650096075887,0.24969487650034067,0.22771778979939955
6278,0.24958380963190333,0.22459757429554866,0.24978141890645997,0.276037197166088
6279,0.2496954367227103,0.2478443453489495,0.27470048157743304,0.22775973635090707
6280,0.2765487086363895,0.23569615097861057,0.24692313077228814,0.24083200961271184
6281,0.2496954367227103,0.2478443453489495,0.27470048157743304,0.22775973635090707
6282,0.2496954367227103,0.2478443453489495,0.27470048157743304,0.22775973635090707
6283,0.2496954367227103,0.2478443453489495,0.27470048157743304,0.22775973635090707
6284,0.27055697202169154,0.22273234434830128,0.2311491852506253,0.27556149837938193
6285,0.2686105331336013,0.22279506403807978,0.2329553084817064,0.27563909434661255
6286,0.2764223240926711,0.2461650096075887,0.24969487650034067,0.22771778979939955
6287,0.2756358381517024,0.22254053817697775,0.2264994253397732,0.27532419833154664
6288,0.27134880674701245,0.2358087303263046,0.2518954208434218,0.24094704208326115
6289,0.24958380963190333,0.22459757429554866,0.24978141890645997,0.276037197166088
6290,0.22227151140003337,0.28670065013448653,0.2687563270654467,0.22227151140003337
6291,0.251267088896921,0.2245953318658973,0.24810313808481183,0.2760344411523699
6292,0.22227151140003337,0.28670065013448653,0.2687563270654467,0.22227151140003337
6293,0.22227151140003337,0.28670065013448653,0.2687563270654467,0.22227151140003337
6294,0.24973808021879731,0.2247364006066489,0.25959378019870055,0.26593173897585326
6295,0.22227151140003337,0.28670065013448653,0.2687563270654467,0.22227151140003337
6296,0.24958380963190333,0.22459757429554866,0.24978141890645997,0.276037197166088
6297,0.22227151140003337,0.28670065013448653,0.2687563270654467,0.22227151140003337
6298,0.22227151140003337,0.28670065013448653,0.2687563270654467,0.22227151140003337
6299,0.2764223240926711,0.2461650096075887,0.24969487650034067,0.22771778979939955
6300,0.27649198822892346,0.24191539794815328,0.2497578047676401,0.23183480905528323
6301,0.2712093593280849,0.246268569917037,0.25470848129322726,0.2278135894616509
6302,0.2306621982024805,0.2852415355675873,0.2614883561030077,0.2226079101269245
6303,0.24958380963190333,0.22459757429554866,0.24978141890645997,0.276037197166088
6304,0.2496954367227103,0.2478443453489495,0.27470048157743304,0.22775973635090707
6305,0.2353326953614133,0.27790728234081064,0.2639126391014638,0.22284738319631214
6306,0.22227151140003337,0.28670065013448653,0.2687563270654467,0.22227151140003337
6307,0.27649198822892346,0.24191539794815328,0.2497578047676401,0.23183480905528323
6308,0.24989926473259494,0.23738924308673573,0.27174866328989533,0.24096282889077394
6309,0.25491576985844167,0.22457320361743632,0.24450378165694137,0.27600724486718065
6310,0.2496954367227103,0.2478443453489495,0.27470048157743304,0.22775973635090707
6311,0.24958380963190333,0.22459757429554866,0.24978141890645997,0.276037197166088
6312,0.22227151140003337,0.28670065013448653,0.2687563270654467,0.22227151140003337
6313,0.24958380963190333,0.22459757429554866,0.24978141890645997,0.276037197166088
6314,0.25491576985844167,0.22457320361743632,0.24450378165694137,0.27600724486718065
6315,0.25491576985844167,0.22457320361743632,0.24450378165694137,0.27600724486718065
6316,0.27649198822892346,0.24191539794815328,0.2497578047676401,0.23183480905528323
6317,0.24958380963190333,0.22459757429554866,0.24978141890645997,0.276037197166088
6318,0.2756358381517024,0.22254053817697775,0.2264994253397732,0.27532419833154664
6319,0.24958380963190333,0.22459757429554866,0.24978141890645997,0.276037197166088
6320,0.22227151140003337,0.28670065013448653,0.2687563270654467,0.22227151140003337
6321,0.22227151140003337,0.28670065013448653,0.2687563270654467,0.22227151140003337
6322,0.22912941785406846,0.2742043441954423,0.2740103731474893,0.22265586480299995
6323,0.2756358381517024,0.22254053817697775,0.2264994253397732,0.27532419833154664
6324,0.22227151140003337,0.28670065013448653,0.2687563270654467,0.22227151140003337
6325,0.22227151140003337,0.28670065013448653,0.2687563270654467,0.22227151140003337
6326,0.22227151140003337,0.28670065013448653,0.2687563270654467,0.22227151140003337
6327,0.22227151140003337,0.28670065013448653,0.2687563270654467,0.22227151140003337
6328,0.24671842605155303,0.28551653147963335,0.24494252031088815,0.22282252215792553
6329,0.2756358381517024,0.22254053817697775,0.2264994253397732,0.27532419833154664
6330,0.22227151140003337,0.28670065013448653,0.2687563270654467,0.22227151140003337
6331,0.2764223240926711,0.2461650096075887,0.24969487650034067,0.22771778979939955
6332,0.2496954367227103,0.2478443453489495,0.27470048157743304,0.22775973635090707
6333,0.2764223240926711,0.2461650096075887,0.24969487650034067,0.22771778979939955
6334,0.22227151140003337,0.28670065013448653,0.2687563270654467,0.22227151140003337
6335,0.2756358381517024,0.22254053817697775,0.2264994253397732,0.27532419833154664
6336,0.2764223240926711,0.2461650096075887,0.24969487650034067,0.22771778979939955
6337,0.25149189621562446,0.2436108477590481,0.2729768016527123,0.23192045437261521
6338,0.2496954367227103,0.2478443453489495,0.27470048157743304,0.22775973635090707
6339,0.24958380963190333,0.22459757429554866,0.24978141890645997,0.276037197166088
6340,0.2756358381517024,0.22254053817697775,0.2264994253397732,0.27532419833154664
6341,0.24958380963190333,0.22459757429554866,0.24978141890645997,0.276037197166088
6342,0.22227151140003337,0.28670065013448653,0.2687563270654467,0.22227151140003337
6343,0.22227151140003337,0.28670065013448653,0.2687563270654467,0.22227151140003337
6344,0.2764223240926711,0.2461650096075887,0.24969487650034067,0.22771778979939955
6345,0.24976552497064355,0.24357272518764644,0.2747775886151622,0.23188416122654784
6346,0.24989926473259494,0.23738924308673573,0.27174866328989533,0.24096282889077394
6347,0.22227151140003337,0.28670065013448653,0.2687563270654467,0.22227151140003337
6348,0.2764223240926711,0.2461650096075887,0.24969487650034067,0.22771778979939955
6349,0.22227151140003337,0.28670065013448653,0.2687563270654467,0.22227151140003337
6350,0.22227151140003337,0.28670065013448653,0.2687563270654467,0.22227151140003337
6351,0.22367094972152926,0.2851186955091336,0.2688562244798326,0.22235413028950457
6352,0.22227151140003337,0.28670065013448653,0.2687563270654467,0.22227151140003337
6353,0.2496954367227103,0.2478443453489495,0.27470048157743304,0.22775973635090707
6354,0.2306621982024805,0.2852415355675873,0.2614883561030077,0.2226079101269245
6355,0.24958380963190333,0.22459757429554866,0.24978141890645997,0.276037197166088
6356,0.2496954367227103,0.2478443453489495,0.27470048157743304,0.22775973635090707
6357,0.22227151140003337,0.28670065013448653,0.2687563270654467,0.22227151140003337
6358,0.2765487086363895,0.23569615097861057,0.24692313077228814,0.24083200961271184
6359,0.24989926473259494,0.23738924308673573,0.27174866328989533,0.24096282889077394
6360,0.22227151140003337,0.28670065013448653,0.2687563270654467,0.22227151140003337
6361,0.2496954367227103,0.2478443453489495,0.27470048157743304,0.22775973635090707
6362,0.22681571995332445,0.2767465803792093,0.2738842887563536,0.22255341091111264
6363,0.24958380963190333,0.22459757429554866,0.24978141890645997,0.276037197166088
6364,0.22227151140003337,0.28670065013448653,0.2687563270654467,0.22227151140003337
6365,0.25149189621562446,0.2436108477590481,0.2729768016527123,0.23192045437261521
6366,0.2351215148741415,0.2628034726994304,0.2744898855280228,0.22758512689840524
6367,0.24973808021879731,0.2247364006066489,0.25959378019870055,0.26593173897585326
6368,0.2686105331336013,0.22279506403807978,0.2329553084817064,0.27563909434661255
6369,0.24958380963190333,0.22459757429554866,0.24978141890645997,0.276037197166088
6370,0.22227151140003337,0.28670065013448653,0.2687563270654467,0.22227151140003337
6371,0.22227151140003337,0.28670065013448653,0.2687563270654467,0.22227151140003337
6372,0.24958380963190333,0.22459757429554866,0.24978141890645997,0.276037197166088
6373,0.22227151140003337,0.28670065013448653,0.2687563270654467,0.22227151140003337
6374,0.2496954367227103,0.2478443453489495,0.27470048157743304,0.22775973635090707
6375,0.22227151140003337,0.28670065013448653,0.2687563270654467,0.22227151140003337
6376,0.22227151140003337,0.28670065013448653,0.2687563270654467,0.22227151140003337
6377,0.22227151140003337,0.28670065013448653,0.2687563270654467,0.22227151140003337
6378,0.2761068153594292,0.22292079178253005,0.23747585771932528,0.2634965351387154
6379,0.22367094972152926,0.2851186955091336,0.2688562244798326,0.22235413028950457
6380,0.2553541475727482,0.23747153142601057,0.26612796502744296,0.24104635597379825
6381,0.22227151140003337,0.28670065013448653,0.2687563270654467,0.22227151140003337
6382,0.22227151140003337,0.28670065013448653,0.2687563270654467,0.22227151140003337
6383,0.24989926473259494,0.23738924308673573,0.27174866328989533,0.24096282889077394
6384,0.22227151140003337,0.28670065013448653,0.2687563270654467,0.22227151140003337
6385,0.2756358381517024,0.22254053817697775,0.2264994253397732,0.27532419833154664
6386,0.23133784794858225,0.26683651310152184,0.27435355032843534,0.22747208862146057
6387,0.24970239082789633,0.22470428413789129,0.2558981110668273,0.269695213967385
6388,0.2764223240926711,0.2461650096075887,0.24969487650034067,0.22771778979939955
6389,0.25890694956898636,0.24206462926270614,0.2670505992514709,0.23197782191683675
6390,0.24958380963190333,0.22459757429554866,0.24978141890645997,0.276037197166088
6391,0.2496954367227103,0.2478443453489495,0.27470048157743304,0.22775973635090707
6392,0.22680395398311315,0.2793681010290941,0.27128607894139994,0.22254186604639276
6393,0.22227151140003337,0.28670065013448653,0.2687563270654467,0.22227151140003337
6394,0.22227151140003337,0.28670065013448653,0.2687563270654467,0.22227151140003337
6395,0.2670974752288366,0.24631594729841516,0.25872916101638715,0.22785741645636115
6396,0.2496954367227103,0.2478443453489495,0.27470048157743304,0.22775973635090707
6397,0.2496954367227103,0.2478443453489495,0.27470048157743304,0.22775973635090707
6398,0.24958380963190333,0.22459757429554866,0.24978141890645997,0.276037197166088
6399,0.24958380963190333,0.22459757429554866,0.24978141890645997,0.276037197166088
6400,0.22227151140003337,0.28670065013448653,0.2687563270654467,0.22227151140003337
6401,0.22227151140003337,0.28670065013448653,0.2687563270654467,0.22227151140003337
6402,0.2764223240926711,0.2461650096075887,0.24969487650034067,0.22771778979939955
6403,0.2764223240926711,0.2461650096075887,0.24969487650034067,0.22771778979939955
6404,0.24958380963190333,0.22459757429554866,0.24978141890645997,0.276037197166088
6405,0.24958380963190333,0.22459757429554866,0.24978141890645997,0.276037197166088
6406,0.22227151140003337,0.28670065013448653,0.2687563270654467,0.22227151140003337
6407,0.24292283574736154,0.25468507578998073,0.27466323445544255,0.22772885400721524
6408,0.22227151140003337,0.28670065013448653,0.2687563270654467,0.22227151140003337
6409,0.22227151140003337,0.28670065013448653,0.2687563270654467,0.22227151140003337
6410,0.24958380963190333,0.22459757429554866,0.24978141890645997,0.276037197166088
6411,0.22227151140003337,0.28670065013448653,0.2687563270654467,0.22227151140003337
6412,0.22227151140003337,0.28670065013448653,0.2687563270654467,0.22227151140003337
6413,0.2496954367227103,0.2478443453489495,0.27470048157743304,0.22775973635090707
6414,0.22227151140003337,0.28670065013448653,0.2687563270654467,0.22227151140003337
6415,0.23133784794858225,0.26683651310152184,0.27435355032843534,0.22747208862146057
6416,0.24970239082789633,0.22470428413789129,0.2558981110668273,0.269695213967385
6417,0.22227151140003337,0.28670065013448653,0.2687563270654467,0.22227151140003337
6418,0.24958380963190333,0.22459757429554866,0.24978141890645997,0.276037197166088
6419,0.22227151140003337,0.28670065013448653,0.2687563270654467,0.22227151140003337
6420,0.24958380963190333,0.22459757429554866,0.24978141890645997,0.276037197166088
6421,0.24671842605155303,0.28551653147963335,0.24494252031088815,0.22282252215792553
6422,0.22227151140003337,0.28670065013448653,0.2687563270654467,0.22227151140003337
6423,0.2390860761497665,0.25864514694776974,0.2745958186805001,0.22767295822196357
6424,0.2496954367227103,0.2478443453489495,0.27470048157743304,0.22775973635090707
6425,0.2765487086363895,0.23569615097861057,0.24692313077228814,0.24083200961271184
6426,0.24958380963190333,0.22459757429554866,0.24978141890645997,0.276037197166088
6427,0.23133784794858225,0.26683651310152184,0.27435355032843534,0.22747208862146057
6428,0.24958380963190333,0.22459757429554866,0.24978141890645997,0.276037197166088
6429,0.22227151140003337,0.28670065013448653,0.2687563270654467,0.22227151140003337
6430,0.24958380963190333,0.22459757429554866,0.24978141890645997,0.276037197166088
6431,0.22227151140003337,0.28670065013448653,0.2687563270654467,0.22227151140003337
6432,0.24958380963190333,0.22459757429554866,0.24978141890645997,0.276037197166088
6433,0.2496954367227103,0.2478443453489495,0.27470048157743304,0.22775973635090707
6434,0.22227151140003337,0.28670065013448653,0.2687563270654467,0.22227151140003337
6435,0.25850361612021977,0.22302150323001926,0.24255563874215877,0.27591924190760214
6436,0.24958380963190333,0.22459757429554866,0.24978141890645997,0.276037197166088
6437,0.2761068153594292,0.22292079178253005,0.23747585771932528,0.2634965351387154
6438,0.24970239082789633,0.22470428413789129,0.2558981110668273,0.269695213967385
6439,0.22227151140003337,0.28670065013448653,0.2687563270654467,0.22227151140003337
6440,0.2764223240926711,0.2461650096075887,0.24969487650034067,0.22771778979939955
6441,0.2764223240926711,0.2461650096075887,0.24969487650034067,0.22771778979939955
6442,0.2607165673939053,0.2614521130887857,0.24991383919411986,0.22791748032318912
6443,0.22227151140003337,0.28670065013448653,0.2687563270654467,0.22227151140003337
6444,0.27055697202169154,0.22273234434830128,0.2311491852506253,0.27556149837938193
6445,0.2764223240926711,0.2461650096075887,0.24969487650034067,0.22771778979939955
6446,0.24958380963190333,0.22459757429554866,0.24978141890645997,0.276037197166088
6447,0.27649198822892346,0.24191539794815328,0.2497578047676401,0.23183480905528323
6448,0.22227151140003337,0.28670065013448653,0.2687563270654467,0.22227151140003337
6449,0.22227151140003337,0.28670065013448653,0.2687563270654467,0.22227151140003337
6450,0.2756358381517024,0.22254053817697775,0.2264994253397732,0.27532419833154664
6451,0.24958380963190333,0.22459757429554866,0.24978141890645997,0.276037197166088
6452,0.24958380963190333,0.22459757429554866,0.24978141890645997,0.276037197166088
6453,0.22227151140003337,0.28670065013448653,0.2687563270654467,0.22227151140003337
6454,0.22227151140003337,0.28670065013448653,0.2687563270654467,0.22227151140003337
6455,0.22681571995332445,0.2767465803792093,0.2738842887563536,0.22255341091111264
6456,0.23133784794858225,0.26683651310152184,0.27435355032843534,0.22747208862146057
6457,0.24671842605155303,0.28551653147963335,0.24494252031088815,0.22282252215792553
6458,0.2765487086363895,0.23569615097861057,0.24692313077228814,0.24083200961271184
6459,0.24958380963190333,0.22459757429554866,0.24978141890645997,0.276037197166088
6460,0.2514386904674599,0.22474871809667304,0.2578662771107018,0.2659463143251652
6461,0.24671842605155303,0.28551653147963335,0.24494252031088815,0.22282252215792553
6462,0.24958380963190333,0.22459757429554866,0.24978141890645997,0.276037197166088
6463,0.22367094972152926,0.2851186955091336,0.2688562244798326,0.22235413028950457
6464,0.24958380963190333,0.22459757429554866,0.24978141890645997,0.276037197166088
6465,0.22227151140003337,0.28670065013448653,0.2687563270654467,0.22227151140003337
6466,0.24671842605155303,0.28551653147963335,0.24494252031088815,0.22282252215792553
6467,0.2496954367227103,0.2478443453489495,0.27470048157743304,0.22775973635090707
6468,0.2756358381517024,0.22254053817697775,0.2264994253397732,0.27532419833154664
6469,0.258841675878463,0.2463168241130093,0.26698327244468323,0.22785822756384452
6470,0.24958380963190333,0.22459757429554866,0.24978141890645997,0.276037197166088
6471,0.22227151140003337,0.28670065013448653,0.2687563270654467,0.22227151140003337
6472,0.2306621982024805,0.2852415355675873,0.2614883561030077,0.2226079101269245
6473,0.2496954367227103,0.2478443453489495,0.27470048157743304,0.22775973635090707
6474,0.2496954367227103,0.2478443453489495,0.27470048157743304,0.22775973635090707
6475,0.24958380963190333,0.22459757429554866,0.24978141890645997,0.276037197166088
6476,0.22227151140003337,0.28670065013448653,0.2687563270654467,0.22227151140003337
6477,0.2686105331336013,0.22279506403807978,0.2329553084817064,0.27563909434661255
6478,0.2764223240926711,0.2461650096075887,0.24969487650034067,0.22771778979939955
6479,0.2496954367227103,0.2478443453489495,0.27470048157743304,0.22775973635090707
6480,0.22227151140003337,0.28670065013448653,0.2687563270654467,0.22227151140003337
6481,0.2496954367227103,0.2478443453489495,0.27470048157743304,0.22775973635090707
6482,0.22227151140003337,0.28670065013448653,0.2687563270654467,0.22227151140003337
6483,0.2496954367227103,0.2478443453489495,0.27470048157743304,0.22775973635090707
6484,0.22227151140003337,0.28670065013448653,0.2687563270654467,0.22227151140003337
6485,0.22681571995332445,0.2767465803792093,0.2738842887563536,0.22255341091111264
6486,0.22227151140003337,0.28670065013448653,0.2687563270654467,0.22227151140003337
6487,0.2496954367227103,0.2478443453489495,0.27470048157743304,0.22775973635090707
6488,0.24958380963190333,0.22459757429554866,0.24978141890645997,0.276037197166088
6489,0.24671842605155303,0.28551653147963335,0.24494252031088815,0.22282252215792553
6490,0.27055697202169154,0.22273234434830128,0.2311491852506253,0.27556149837938193
6491,0.24964839435044703,0.22465569333437121,0.25263047797959803,0.2730654343355838
6492,0.25424383883132545,0.27297867081129507,0.2496458158548476,0.22313167450253185
6493,0.24958380963190333,0.22459757429554866,0.24978141890645997,0.276037197166088
6494,0.22227151140003337,0.28670065013448653,0.2687563270654467,0.22227151140003337
6495,0.22367094972152926,0.2851186955091336,0.2688562244798326,0.22235413028950457
6496,0.2756358381517024,0.22254053817697775,0.2264994253397732,0.27532419833154664
6497,0.22367094972152926,0.2851186955091336,0.2688562244798326,0.22235413028950457
6498,0.22227151140003337,0.28670065013448653,0.2687563270654467,0.22227151140003337
6499,0.24958380963190333,0.22459757429554866,0.24978141890645997,0.276037197166088
6500,0.258841675878463,0.2463168241130093,0.26698327244468323,0.22785822756384452
6501,0.22680395398311315,0.2793681010290941,0.27128607894139994,0.22254186604639276
6502,0.24976552497064355,0.24357272518764644,0.2747775886151622,0.23188416122654784
6503,0.22227151140003337,0.28670065013448653,0.2687563270654467,0.22227151140003337
6504,0.2390860761497665,0.25864514694776974,0.2745958186805001,0.22767295822196357
6505,0.22227151140003337,0.28670065013448653,0.2687563270654467,0.22227151140003337
6506,0.22227151140003337,0.28670065013448653,0.2687563270654467,0.22227151140003337
6507,0.24958380963190333,0.22459757429554866,0.24978141890645997,0.276037197166088
6508,0.2764223240926711,0.2461650096075887,0.24969487650034067,0.22771778979939955
6509,0.2496954367227103,0.2478443453489495,0.27470048157743304,0.22775973635090707
6510,0.2496954367227103,0.2478443453489495,0.27470048157743304,0.22775973635090707
6511,0.22227151140003337,0.28670065013448653,0.2687563270654467,0.22227151140003337
6512,0.22227151140003337,0.28670065013448653,0.2687563270654467,0.22227151140003337
6513,0.27649198822892346,0.24191539794815328,0.2497578047676401,0.23183480905528323
6514,0.2496954367227103,0.2478443453489495,0.27470048157743304,0.22775973635090707
6515,0.2496954367227103,0.2478443453489495,0.27470048157743304,0.22775973635090707
6516,0.22227151140003337,0.28670065013448653,0.2687563270654467,0.22227151140003337
6517,0.22227151140003337,0.28670065013448653,0.2687563270654467,0.22227151140003337
6518,0.2496954367227103,0.2478443453489495,0.27470048157743304,0.22775973635090707
6519,0.2764223240926711,0.2461650096075887,0.24969487650034067,0.22771778979939955
6520,0.2764223240926711,0.2461650096075887,0.24969487650034067,0.22771778979939955
6521,0.22227151140003337,0.28670065013448653,0.2687563270654467,0.22227151140003337
6522,0.24958380963190333,0.22459757429554866,0.24978141890645997,0.276037197166088
6523,0.2381928573629116,0.2854486199762488,0.25358899992956463,0.22276952273127495
6524,0.2496954367227103,0.2478443453489495,0.27470048157743304,0.22775973635090707
6525,0.22227151140003337,0.28670065013448653,0.2687563270654467,0.22227151140003337
6526,0.24958380963190333,0.22459757429554866,0.24978141890645997,0.276037197166088
6527,0.2759827874654471,0.22282065518759078,0.2338162697601553,0.2673802875868069
6528,0.22227151140003337,0.28670065013448653,0.2687563270654467,0.22227151140003337
6529,0.24958380963190333,0.22459757429554866,0.24978141890645997,0.276037197166088
6530,0.24958380963190333,0.22459757429554866,0.24978141890645997,0.276037197166088
6531,0.24958380963190333,0.22459757429554866,0.24978141890645997,0.276037197166088
6532,0.24671842605155303,0.28551653147963335,0.24494252031088815,0.22282252215792553
6533,0.22227151140003337,0.28670065013448653,0.2687563270654467,0.22227151140003337
6534,0.24823410045200106,0.28389801300795603,0.2449963740274313,0.22287151251261153
6535,0.2756358381517024,0.22254053817697775,0.2264994253397732,0.27532419833154664
6536,0.22227151140003337,0.28670065013448653,0.2687563270654467,0.22227151140003337
6537,0.24989926473259494,0.23738924308673573,0.27174866328989533,0.24096282889077394
6538,0.22367094972152926,0.2851186955091336,0.2688562244798326,0.22235413028950457
6539,0.22912941785406846,0.2742043441954423,0.2740103731474893,0.22265586480299995
6540,0.2496954367227103,0.2478443453489495,0.27470048157743304,0.22775973635090707
6541,0.22680395398311315,0.2793681010290941,0.27128607894139994,0.22254186604639276
6542,0.2644829580810333,0.22290787370111398,0.23683050725432914,0.2757786609635237
6543,0.24991780735486605,0.23052533148517196,0.26600601904899385,0.2535508421109681
6544,0.2760473864467348,0.2228728105682476,0.23560302121672097,0.26547678176829653
6545,0.22227151140003337,0.28670065013448653,0.2687563270654467,0.22227151140003337
6546,0.24958380963190333,0.22459757429554866,0.24978141890645997,0.276037197166088
6547,0.24989926473259494,0.23738924308673573,0.27174866328989533,0.24096282889077394
6548,0.22912941785406846,0.2742043441954423,0.2740103731474893,0.22265586480299995
6549,0.22227151140003337,0.28670065013448653,0.2687563270654467,0.22227151140003337
6550,0.24958380963190333,0.22459757429554866,0.24978141890645997,0.276037197166088
6551,0.24671842605155303,0.28551653147963335,0.24494252031088815,0.22282252215792553
6552,0.27577657016555096,0.22265416120332512,0.2291405938810971,0.2724286747500267
6553,0.22227151140003337,0.28670065013448653,0.2687563270654467,0.22227151140003337
6554,0.22227151140003337,0.28670065013448653,0.2687563270654467,0.22227151140003337
6555,0.2390860761497665,0.25864514694776974,0.2745958186805001,0.22767295822196357
6556,0.24671842605155303,0.28551653147963335,0.24494252031088815,0.22282252215792553
6557,0.24976552497064355,0.24357272518764644,0.2747775886151622,0.23188416122654784
6558,0.22227151140003337,0.28670065013448653,0.2687563270654467,0.22227151140003337
6559,0.2496954367227103,0.2478443453489495,0.27470048157743304,0.22775973635090707
6560,0.22227151140003337,0.28670065013448653,0.2687563270654467,0.22227151140003337
6561,0.2607165673939053,0.2614521130887857,0.24991383919411986,0.22791748032318912
6562,0.2496954367227103,0.2478443453489495,0.27470048157743304,0.22775973635090707
6563,0.22227151140003337,0.28670065013448653,0.2687563270654467,0.22227151140003337
6564,0.2764223240926711,0.2461650096075887,0.24969487650034067,0.22771778979939955
6565,0.22227151140003337,0.28670065013448653,0.2687563270654467,0.22227151140003337
6566,0.22227151140003337,0.28670065013448653,0.2687563270654467,0.22227151140003337
6567,0.24958380963190333,0.22459757429554866,0.24978141890645997,0.276037197166088
6568,0.22227151140003337,0.28670065013448653,0.2687563270654467,0.22227151140003337
6569,0.25662894851913526,0.2655761118425382,0.24989481190383026,0.22790012773449628
6570,0.2587345517722791,0.22322074073796855,0.25215348583755015,0.26589122165220214
6571,0.2709632389911999,0.22306679810077237,0.24230084557696677,0.2636691173310609
6572,0.27649198822892346,0.24191539794815328,0.2497578047676401,0.23183480905528323
6573,0.2496954367227103,0.2478443453489495,0.27470048157743304,0.22775973635090707
6574,0.24991780735486605,0.23052533148517196,0.26600601904899385,0.2535508421109681
6575,0.22227151140003337,0.28670065013448653,0.2687563270654467,0.22227151140003337
6576,0.22227151140003337,0.28670065013448653,0.2687563270654467,0.22227151140003337
6577,0.24958380963190333,0.22459757429554866,0.24978141890645997,0.276037197166088
6578,0.2306621982024805,0.2852415355675873,0.2614883561030077,0.2226079101269245
6579,0.24958380963190333,0.22459757429554866,0.24978141890645997,0.276037197166088
6580,0.2765487086363895,0.23569615097861057,0.24692313077228814,0.24083200961271184
6581,0.2756358381517024,0.22254053817697775,0.2264994253397732,0.27532419833154664
6582,0.2496954367227103,0.2478443453489495,0.27470048157743304,0.22775973635090707
6583,0.24958380963190333,0.22459757429554866,0.24978141890645997,0.276037197166088
6584,0.23133784794858225,0.26683651310152184,0.27435355032843534,0.22747208862146057
6585,0.22681571995332445,0.2767465803792093,0.2738842887563536,0.22255341091111264
6586,0.22227151140003337,0.28670065013448653,0.2687563270654467,0.22227151140003337
6587,0.22227151140003337,0.28670065013448653,0.2687563270654467,0.22227151140003337
6588,0.24989926473259494,0.23738924308673573,0.27174866328989533,0.24096282889077394
6589,0.2764223240926711,0.2461650096075887,0.24969487650034067,0.22771778979939955
6590,0.2496954367227103,0.2478443453489495,0.27470048157743304,0.22775973635090707
6591,0.25850361612021977,0.22302150323001926,0.24255563874215877,0.27591924190760214
6592,0.22227151140003337,0.28670065013448653,0.2687563270654467,0.22227151140003337
6593,0.2665502291945223,0.22285482973899404,0.2348819053884322,0.2757130356780515
6594,0.2496954367227103,0.2478443453489495,0.27470048157743304,0.22775973635090707
6595,0.22227151140003337,0.28670065013448653,0.2687563270654467,0.22227151140003337
6596,0.22680395398311315,0.2793681010290941,0.27128607894139994,0.22254186604639276
6597,0.22227151140003337,0.28670065013448653,0.2687563270654467,0.22227151140003337
6598,0.24958380963190333,0.22459757429554866,0.24978141890645997,0.276037197166088
6599,0.22227151140003337,0.28670065013448653,0.2687563270654467,0.22227151140003337
6600,0.22227151140003337,0.28670065013448653,0.2687563270654467,0.22227151140003337
6601,0.24958380963190333,0.22459757429554866,0.24978141890645997,0.276037197166088
6602,0.22227151140003337,0.28670065013448653,0.2687563270654467,0.22227151140003337
6603,0.24972282926461628,0.2247226764499426,0.2576696548611619,0.2678848394242792
6604,0.2756358381517024,0.22254053817697775,0.2264994253397732,0.27532419833154664
6605,0.22227151140003337,0.28670065013448653,0.2687563270654467,0.22227151140003337
6606,0.24958380963190333,0.22459757429554866,0.24978141890645997,0.276037197166088
6607,0.22227151140003337,0.28670065013448653,0.2687563270654467,0.22227151140003337
6608,0.24958380963190333,0.22459757429554866,0.24978141890645997,0.276037197166088
6609,0.22227151140003337,0.28670065013448653,0.2687563270654467,0.22227151140003337
6610,0.22227151140003337,0.28670065013448653,0.2687563270654467,0.22227151140003337
6611,0.24958380963190333,0.22459757429554866,0.24978141890645997,0.276037197166088
6612,0.2756358381517024,0.22254053817697775,0.2264994253397732,0.27532419833154664
6613,0.24958380963190333,0.22459757429554866,0.24978141890645997,0.276037197166088
6614,0.22227151140003337,0.28670065013448653,0.2687563270654467,0.22227151140003337
6615,0.22227151140003337,0.28670065013448653,0.2687563270654467,0.22227151140003337
6616,0.24958380963190333,0.22459757429554866,0.24978141890645997,0.276037197166088
6617,0.24964839435044703,0.22465569333437121,0.25263047797959803,0.2730654343355838
6618,0.22227151140003337,0.28670065013448653,0.2687563270654467,0.22227151140003337
6619,0.24976552497064355,0.24357272518764644,0.2747775886151622,0.23188416122654784
6620,0.22227151140003337,0.28670065013448653,0.2687563270654467,0.22227151140003337
6621,0.27649198822892346,0.24191539794815328,0.2497578047676401,0.23183480905528323
6622,0.2496954367227103,0.2478443453489495,0.27470048157743304,0.22775973635090707
6623,0.2764223240926711,0.2461650096075887,0.24969487650034067,0.22771778979939955
6624,0.24671842605155303,0.28551653147963335,0.24494252031088815,0.22282252215792553
6625,0.2496954367227103,0.2478443453489495,0.27470048157743304,0.22775973635090707
6626,0.22227151140003337,0.28670065013448653,0.2687563270654467,0.22227151140003337
6627,0.2496954367227103,0.2478443453489495,0.27470048157743304,0.22775973635090707
6628,0.2764223240926711,0.2461650096075887,0.24969487650034067,0.22771778979939955
6629,0.24958380963190333,0.22459757429554866,0.24978141890645997,0.276037197166088
6630,0.22227151140003337,0.28670065013448653,0.2687563270654467,0.22227151140003337
6631,0.22680395398311315,0.2793681010290941,0.27128607894139994,0.22254186604639276
6632,0.24958380963190333,0.22459757429554866,0.24978141890645997,0.276037197166088
6633,0.2764223240926711,0.2461650096075887,0.24969487650034067,0.22771778979939955
6634,0.22227151140003337,0.28670065013448653,0.2687563270654467,0.22227151140003337
6635,0.24989926473259494,0.23738924308673573,0.27174866328989533,0.24096282889077394
6636,0.22227151140003337,0.28670065013448653,0.2687563270654467,0.22227151140003337
6637,0.27240127288181515,0.22266736720773445,0.22945025038643385,0.2754811095240166
6638,0.22367094972152926,0.2851186955091336,0.2688562244798326,0.22235413028950457
6639,0.22227151140003337,0.28670065013448653,0.2687563270654467,0.22227151140003337
6640,0.22227151140003337,0.28670065013448653,0.2687563270654467,0.22227151140003337
6641,0.24958380963190333,0.22459757429554866,0.24978141890645997,0.276037197166088
6642,0.22227151140003337,0.28670065013448653,0.2687563270654467,0.22227151140003337
6643,0.24958380963190333,0.22459757429554866,0.24978141890645997,0.276037197166088
6644,0.2756358381517024,0.22254053817697775,0.2264994253397732,0.27532419833154664
6645,0.27649198822892346,0.24191539794815328,0.2497578047676401,0.23183480905528323
6646,0.24989926473259494,0.23738924308673573,0.27174866328989533,0.24096282889077394
6647,0.2496954367227103,0.2478443453489495,0.27470048157743304,0.22775973635090707
6648,0.24958380963190333,0.22459757429554866,0.24978141890645997,0.276037197166088
6649,0.2496954367227103,0.2478443453489495,0.27470048157743304,0.22775973635090707
6650,0.2650430242014154,0.24207592746390036,0.2608923990114949,0.23198864932318933
6651,0.25142131247746086,0.2478831256021084,0.2729001879590604,0.22779537396137045
6652,0.23124781475814604,0.2692362700512223,0.2742467760774314,0.2252691391132003
6653,0.22227151140003337,0.28670065013448653,0.2687563270654467,0.22227151140003337
6654,0.22227151140003337,0.28670065013448653,0.2687563270654467,0.22227151140003337
6655,0.2764223240926711,0.2461650096075887,0.24969487650034067,0.22771778979939955
6656,0.24958380963190333,0.22459757429554866,0.24978141890645997,0.276037197166088
6657,0.22227151140003337,0.28670065013448653,0.2687563270654467,0.22227151140003337
6658,0.22227151140003337,0.28670065013448653,0.2687563270654467,0.22227151140003337
6659,0.22227151140003337,0.28670065013448653,0.2687563270654467,0.22227151140003337
6660,0.22227151140003337,0.28670065013448653,0.2687563270654467,0.22227151140003337
6661,0.24958380963190333,0.22459757429554866,0.24978141890645997,0.276037197166088
6662,0.23133784794858225,0.26683651310152184,0.27435355032843534,0.22747208862146057
6663,0.24958380963190333,0.22459757429554866,0.24978141890645997,0.276037197166088
6664,0.2764223240926711,0.2461650096075887,0.24969487650034067,0.22771778979939955
6665,0.2381928573629116,0.2854486199762488,0.25358899992956463,0.22276952273127495
6666,0.26282835950317324,0.2593456232130386,0.24991106603656116,0.22791495124722694
6667,0.22227151140003337,0.28670065013448653,0.2687563270654467,0.22227151140003337
6668,0.24958380963190333,0.22459757429554866,0.24978141890645997,0.276037197166088
6669,0.24671842605155303,0.28551653147963335,0.24494252031088815,0.22282252215792553
6670,0.22227151140003337,0.28670065013448653,0.2687563270654467,0.22227151140003337
6671,0.258841675878463,0.2463168241130093,0.26698327244468323,0.22785822756384452
6672,0.24958380963190333,0.22459757429554866,0.24978141890645997,0.276037197166088
6673,0.24671842605155303,0.28551653147963335,0.24494252031088815,0.22282252215792553
6674,0.27277843642878913,0.2229756697832803,0.23864659041947803,0.26559930336845256
6675,0.2496954367227103,0.2478443453489495,0.27470048157743304,0.22775973635090707
6676,0.22227151140003337,0.28670065013448653,0.2687563270654467,0.22227151140003337
6677,0.25491576985844167,0.22457320361743632,0.24450378165694137,0.27600724486718065
6678,0.22227151140003337,0.28670065013448653,0.2687563270654467,0.22227151140003337
6679,0.2496954367227103,0.2478443453489495,0.27470048157743304,0.22775973635090707
6680,0.22227151140003337,0.28670065013448653,0.2687563270654467,0.22227151140003337
6681,0.25850361612021977,0.22302150323001926,0.24255563874215877,0.27591924190760214
6682,0.22227151140003337,0.28670065013448653,0.2687563270654467,0.22227151140003337
6683,0.22227151140003337,0.28670065013448653,0.2687563270654467,0.22227151140003337
6684,0.2496954367227103,0.2478443453489495,0.27470048157743304,0.22775973635090707
6685,0.23124781475814604,0.2692362700512223,0.2742467760774314,0.2252691391132003
6686,0.24958380963190333,0.22459757429554866,0.24978141890645997,0.276037197166088
6687,0.24671842605155303,0.28551653147963335,0.24494252031088815,0.22282252215792553
6688,0.2764223240926711,0.2461650096075887,0.24969487650034067,0.22771778979939955
6689,0.22227151140003337,0.28670065013448653,0.2687563270654467,0.22227151140003337
6690,0.27649198822892346,0.24191539794815328,0.2497578047676401,0.23183480905528323
6691,0.2534430720862732,0.23744914774111162,0.26808414484093246,0.24102363533168275
6692,0.22227151140003337,0.28670065013448653,0.2687563270654467,0.22227151140003337
6693,0.2496954367227103,0.2478443453489495,0.27470048157743304,0.22775973635090707
6694,0.22227151140003337,0.28670065013448653,0.2687563270654467,0.22227151140003337
6695,0.24671842605155303,0.28551653147963335,0.24494252031088815,0.22282252215792553
6696,0.22227151140003337,0.28670065013448653,0.2687563270654467,0.22227151140003337
6697,0.24958380963190333,0.22459757429554866,0.24978141890645997,0.276037197166088
6698,0.2649762004114643,0.24632831788390322,0.26082662169506143,0.22786886000957104
6699,0.2764223240926711,0.2461650096075887,0.24969487650034067,0.22771778979939955
6700,0.22227151140003337,0.28670065013448653,0.2687563270654467,0.22227151140003337
6701,0.24976552497064355,0.24357272518764644,0.2747775886151622,0.23188416122654784
6702,0.22227151140003337,0.28670065013448653,0.2687563270654467,0.22227151140003337
6703,0.23124781475814604,0.2692362700512223,0.2742467760774314,0.2252691391132003
6704,0.25890694956898636,0.24206462926270614,0.2670505992514709,0.23197782191683675
6705,0.24958380963190333,0.22459757429554866,0.24978141890645997,0.276037197166088
6706,0.22227151140003337,0.28670065013448653,0.2687563270654467,0.22227151140003337
6707,0.2496954367227103,0.2478443453489495,0.27470048157743304,0.22775973635090707
6708,0.24958380963190333,0.22459757429554866,0.24978141890645997,0.276037197166088
6709,0.24958380963190333,0.22459757429554866,0.24978141890645997,0.276037197166088
6710,0.24958380963190333,0.22459757429554866,0.24978141890645997,0.276037197166088
6711,0.22227151140003337,0.28670065013448653,0.2687563270654467,0.22227151140003337
6712,0.2764223240926711,0.2461650096075887,0.24969487650034067,0.22771778979939955
6713,0.26913145853958803,0.25315378064233524,0.24985287702854642,0.22786188378953035
6714,0.24976552497064355,0.24357272518764644,0.2747775886151622,0.23188416122654784
6715,0.23124781475814604,0.2692362700512223,0.2742467760774314,0.2252691391132003
6716,0.2346875097969,0.2669824266015887,0.2707335870234235,0.22759647657808793
6717,0.24671842605155303,0.28551653147963335,0.24494252031088815,0.22282252215792553
6718,0.22227151140003337,0.28670065013448653,0.2687563270654467,0.22227151140003337
6719,0.2646893293730242,0.22308180470303718,0.24270406251396173,0.2695248034099768
6720,0.22680395398311315,0.2793681010290941,0.27128607894139994,0.22254186604639276
6721,0.24958380963190333,0.22459757429554866,0.24978141890645997,0.276037197166088
6722,0.2764223240926711,0.2461650096075887,0.24969487650034067,0.22771778979939955
6723,0.24958380963190333,0.22459757429554866,0.24978141890645997,0.276037197166088
6724,0.24012407192037208,0.28547918522123267,0.25160336642960446,0.22279337642879077
6725,0.22680395398311315,0.2793681010290941,0.27128607894139994,0.22254186604639276
6726,0.27649198822892346,0.24191539794815328,0.2497578047676401,0.23183480905528323
6727,0.22367094972152926,0.2851186955091336,0.2688562244798326,0.22235413028950457
6728,0.24958380963190333,0.22459757429554866,0.24978141890645997,0.276037197166088
6729,0.2496954367227103,0.2478443453489495,0.27470048157743304,0.22775973635090707
6730,0.22367094972152926,0.2851186955091336,0.2688562244798326,0.22235413028950457
6731,0.22912941785406846,0.2742043441954423,0.2740103731474893,0.22265586480299995
6732,0.22227151140003337,0.28670065013448653,0.2687563270654467,0.22227151140003337
6733,0.2764223240926711,0.2461650096075887,0.24969487650034067,0.22771778979939955
6734,0.2496954367227103,0.2478443453489495,0.27470048157743304,0.22775973635090707
6735,0.24958380963190333,0.22459757429554866,0.24978141890645997,0.276037197166088
6736,0.2306621982024805,0.2852415355675873,0.2614883561030077,0.2226079101269245
6737,0.22227151140003337,0.28670065013448653,0.2687563270654467,0.22227151140003337
6738,0.24958380963190333,0.22459757429554866,0.24978141890645997,0.276037197166088
6739,0.2765487086363895,0.23569615097861057,0.24692313077228814,0.24083200961271184
6740,0.2686105331336013,0.22279506403807978,0.2329553084817064,0.27563909434661255
6741,0.22227151140003337,0.28670065013448653,0.2687563270654467,0.22227151140003337
6742,0.22227151140003337,0.28670065013448653,0.2687563270654467,0.22227151140003337
6743,0.24964839435044703,0.22465569333437121,0.25263047797959803,0.2730654343355838
6744,0.2764223240926711,0.2461650096075887,0.24969487650034067,0.22771778979939955
6745,0.24958380963190333,0.22459757429554866,0.24978141890645997,0.276037197166088
6746,0.2644829580810333,0.22290787370111398,0.23683050725432914,0.2757786609635237
6747,0.24958380963190333,0.22459757429554866,0.24978141890645997,0.276037197166088
6748,0.2764223240926711,0.2461650096075887,0.24969487650034067,0.22771778979939955
6749,0.24292283574736154,0.25468507578998073,0.27466323445544255,0.22772885400721524
6750,0.24958380963190333,0.22459757429554866,0.24978141890645997,0.276037197166088
6751,0.22227151140003337,0.28670065013448653,0.2687563270654467,0.22227151140003337
6752,0.24958380963190333,0.22459757429554866,0.24978141890645997,0.276037197166088
6753,0.22227151140003337,0.28670065013448653,0.2687563270654467,0.22227151140003337
6754,0.24958380963190333,0.22459757429554866,0.24978141890645997,0.276037197166088
6755,0.22227151140003337,0.28670065013448653,0.2687563270654467,0.22227151140003337
6756,0.24958380963190333,0.22459757429554866,0.24978141890645997,0.276037197166088
6757,0.27055697202169154,0.22273234434830128,0.2311491852506253,0.27556149837938193
6758,0.22227151140003337,0.28670065013448653,0.2687563270654467,0.22227151140003337
6759,0.22227151140003337,0.28670065013448653,0.2687563270654467,0.22227151140003337
6760,0.22227151140003337,0.28670065013448653,0.2687563270654467,0.22227151140003337
6761,0.22227151140003337,0.28670065013448653,0.2687563270654467,0.22227151140003337
6762,0.2496954367227103,0.2478443453489495,0.27470048157743304,0.22775973635090707
6763,0.22227151140003337,0.28670065013448653,0.2687563270654467,0.22227151140003337
6764,0.2351215148741415,0.2628034726994304,0.2744898855280228,0.22758512689840524
6765,0.27649198822892346,0.24191539794815328,0.2497578047676401,0.23183480905528323
6766,0.22227151140003337,0.28670065013448653,0.2687563270654467,0.22227151140003337
6767,0.24958380963190333,0.22459757429554866,0.24978141890645997,0.276037197166088
6768,0.22227151140003337,0.28670065013448653,0.2687563270654467,0.22227151140003337
6769,0.2292504711286587,0.2714005244888186,0.2741551378540549,0.22519386652846785
6770,0.2496954367227103,0.2478443453489495,0.27470048157743304,0.22775973635090707
6771,0.22367094972152926,0.2851186955091336,0.2688562244798326,0.22235413028950457
6772,0.2496954367227103,0.2478443453489495,0.27470048157743304,0.22775973635090707
6773,0.24973808021879731,0.2247364006066489,0.25959378019870055,0.26593173897585326
6774,0.22227151140003337,0.28670065013448653,0.2687563270654467,0.22227151140003337
6775,0.2496954367227103,0.2478443453489495,0.27470048157743304,0.22775973635090707
6776,0.27649198822892346,0.24191539794815328,0.2497578047676401,0.23183480905528323
6777,0.2686105331336013,0.22279506403807978,0.2329553084817064,0.27563909434661255
6778,0.22227151140003337,0.28670065013448653,0.2687563270654467,0.22227151140003337
6779,0.23133784794858225,0.26683651310152184,0.27435355032843534,0.22747208862146057
6780,0.25491576985844167,0.22457320361743632,0.24450378165694137,0.27600724486718065
6781,0.27055697202169154,0.22273234434830128,0.2311491852506253,0.27556149837938193
6782,0.24958380963190333,0.22459757429554866,0.24978141890645997,0.276037197166088
6783,0.22227151140003337,0.28670065013448653,0.2687563270654467,0.22227151140003337
6784,0.24671842605155303,0.28551653147963335,0.24494252031088815,0.22282252215792553
6785,0.2496954367227103,0.2478443453489495,0.27470048157743304,0.22775973635090707
6786,0.2496954367227103,0.2478443453489495,0.27470048157743304,0.22775973635090707
6787,0.24958380963190333,0.22459757429554866,0.24978141890645997,0.276037197166088
6788,0.24958380963190333,0.22459757429554866,0.24978141890645997,0.276037197166088
6789,0.22227151140003337,0.28670065013448653,0.2687563270654467,0.22227151140003337
6790,0.22227151140003337,0.28670065013448653,0.2687563270654467,0.22227151140003337
6791,0.27240127288181515,0.22266736720773445,0.22945025038643385,0.2754811095240166
6792,0.22227151140003337,0.28670065013448653,0.2687563270654467,0.22227151140003337
6793,0.24958380963190333,0.22459757429554866,0.24978141890645997,0.276037197166088
6794,0.24958380963190333,0.22459757429554866,0.24978141890645997,0.276037197166088
6795,0.22227151140003337,0.28670065013448653,0.2687563270654467,0.22227151140003337
6796,0.22227151140003337,0.28670065013448653,0.2687563270654467,0.22227151140003337
6797,0.2756358381517024,0.22254053817697775,0.2264994253397732,0.27532419833154664
6798,0.24958380963190333,0.22459757429554866,0.24978141890645997,0.276037197166088
6799,0.25850361612021977,0.22302150323001926,0.24255563874215877,0.27591924190760214
6800,0.22681571995332445,0.2767465803792093,0.2738842887563536,0.22255341091111264
6801,0.22227151140003337,0.28670065013448653,0.2687563270654467,0.22227151140003337
6802,0.24958380963190333,0.22459757429554866,0.24978141890645997,0.276037197166088
6803,0.2764223240926711,0.2461650096075887,0.24969487650034067,0.22771778979939955
6804,0.24958380963190333,0.22459757429554866,0.24978141890645997,0.276037197166088
6805,0.24958380963190333,0.22459757429554866,0.24978141890645997,0.276037197166088
6806,0.25850361612021977,0.22302150323001926,0.24255563874215877,0.27591924190760214
6807,0.2764120288420475,0.2287510994160474,0.24156772107180732,0.2532691506700977
6808,0.22227151140003337,0.28670065013448653,0.2687563270654467,0.22227151140003337
6809,0.22227151140003337,0.28670065013448653,0.2687563270654467,0.22227151140003337
6810,0.22227151140003337,0.28670065013448653,0.2687563270654467,0.22227151140003337
6811,0.2496954367227103,0.2478443453489495,0.27470048157743304,0.22775973635090707
6812,0.22227151140003337,0.28670065013448653,0.2687563270654467,0.22227151140003337
6813,0.27649198822892346,0.24191539794815328,0.2497578047676401,0.23183480905528323
6814,0.24958380963190333,0.22459757429554866,0.24978141890645997,0.276037197166088
6815,0.22227151140003337,0.28670065013448653,0.2687563270654467,0.22227151140003337
6816,0.24989926473259494,0.23738924308673573,0.27174866328989533,0.24096282889077394
6817,0.24976552497064355,0.24357272518764644,0.2747775886151622,0.23188416122654784
6818,0.24671842605155303,0.28551653147963335,0.24494252031088815,0.22282252215792553
6819,0.24958380963190333,0.22459757429554866,0.24978141890645997,0.276037197166088
6820,0.24958380963190333,0.22459757429554866,0.24978141890645997,0.276037197166088
6821,0.2272438935154232,0.286952277612164,0.26333723727375796,0.22246659159865487
6822,0.25662894851913526,0.2655761118425382,0.24989481190383026,0.22790012773449628
6823,0.24958380963190333,0.22459757429554866,0.24978141890645997,0.276037197166088
6824,0.2756358381517024,0.22254053817697775,0.2264994253397732,0.27532419833154664
6825,0.24671842605155303,0.28551653147963335,0.24494252031088815,0.22282252215792553
6826,0.24958380963190333,0.22459757429554866,0.24978141890645997,0.276037197166088
6827,0.27323697783904977,0.23577313597537763,0.2500792140601109,0.24091067212546166
6828,0.2496954367227103,0.2478443453489495,0.27470048157743304,0.22775973635090707
6829,0.2764223240926711,0.2461650096075887,0.24969487650034067,0.22771778979939955
6830,0.24976552497064355,0.24357272518764644,0.2747775886151622,0.23188416122654784
6831,0.24972282926461628,0.2247226764499426,0.2576696548611619,0.2678848394242792
6832,0.23133784794858225,0.26683651310152184,0.27435355032843534,0.22747208862146057
6833,0.24964839435044703,0.22465569333437121,0.25263047797959803,0.2730654343355838
6834,0.2764120288420475,0.2287510994160474,0.24156772107180732,0.2532691506700977
6835,0.22227151140003337,0.28670065013448653,0.2687563270654467,0.22227151140003337
6836,0.2756358381517024,0.22254053817697775,0.2264994253397732,0.27532419833154664
6837,0.22227151140003337,0.28670065013448653,0.2687563270654467,0.22227151140003337
6838,0.24964839435044703,0.22465569333437121,0.25263047797959803,0.2730654343355838
6839,0.22227151140003337,0.28670065013448653,0.2687563270654467,0.22227151140003337
6840,0.2756358381517024,0.22254053817697775,0.2264994253397732,0.27532419833154664
6841,0.24671842605155303,0.28551653147963335,0.24494252031088815,0.22282252215792553
6842,0.2496954367227103,0.2478443453489495,0.27470048157743304,0.22775973635090707
6843,0.24671842605155303,0.28551653147963335,0.24494252031088815,0.22282252215792553
6844,0.22227151140003337,0.28670065013448653,0.2687563270654467,0.22227151140003337
6845,0.2306621982024805,0.2852415355675873,0.2614883561030077,0.2226079101269245
6846,0.22227151140003337,0.28670065013448653,0.2687563270654467,0.22227151140003337
6847,0.22384037587458464,0.2867872019292172,0.26703380945467803,0.22233861274152023
6848,0.24958380963190333,0.22459757429554866,0.24978141890645997,0.276037197166088
6849,0.22227151140003337,0.28670065013448653,0.2687563270654467,0.22227151140003337
6850,0.2756358381517024,0.22254053817697775,0.2264994253397732,0.27532419833154664
6851,0.22227151140003337,0.28670065013448653,0.2687563270654467,0.22227151140003337
6852,0.24958380963190333,0.22459757429554866,0.24978141890645997,0.276037197166088
6853,0.2759827874654471,0.22282065518759078,0.2338162697601553,0.2673802875868069
6854,0.2496954367227103,0.2478443453489495,0.27470048157743304,0.22775973635090707
6855,0.2496954367227103,0.2478443453489495,0.27470048157743304,0.22775973635090707
6856,0.24671842605155303,0.28551653147963335,0.24494252031088815,0.22282252215792553
6857,0.22681571995332445,0.2767465803792093,0.2738842887563536,0.22255341091111264
6858,0.22227151140003337,0.28670065013448653,0.2687563270654467,0.22227151140003337
6859,0.24958380963190333,0.22459757429554866,0.24978141890645997,0.276037197166088
6860,0.24823410045200106,0.28389801300795603,0.2449963740274313,0.22287151251261153
6861,0.2496954367227103,0.2478443453489495,0.27470048157743304,0.22775973635090707
6862,0.24958380963190333,0.22459757429554866,0.24978141890645997,0.276037197166088
6863,0.22227151140003337,0.28670065013448653,0.2687563270654467,0.22227151140003337
6864,0.22227151140003337,0.28670065013448653,0.2687563270654467,0.22227151140003337
6865,0.22227151140003337,0.28670065013448653,0.2687563270654467,0.22227151140003337
6866,0.22227151140003337,0.28670065013448653,0.2687563270654467,0.22227151140003337
6867,0.22227151140003337,0.28670065013448653,0.2687563270654467,0.22227151140003337
6868,0.22227151140003337,0.28670065013448653,0.2687563270654467,0.22227151140003337
6869,0.22227151140003337,0.28670065013448653,0.2687563270654467,0.22227151140003337
6870,0.22227151140003337,0.28670065013448653,0.2687563270654467,0.22227151140003337
6871,0.2756358381517024,0.22254053817697775,0.2264994253397732,0.27532419833154664
6872,0.24958380963190333,0.22459757429554866,0.24978141890645997,0.276037197166088
6873,0.22227151140003337,0.28670065013448653,0.2687563270654467,0.22227151140003337
6874,0.22681571995332445,0.2767465803792093,0.2738842887563536,0.22255341091111264
6875,0.2764223240926711,0.2461650096075887,0.24969487650034067,0.22771778979939955
6876,0.22227151140003337,0.28670065013448653,0.2687563270654467,0.22227151140003337
6877,0.2756358381517024,0.22254053817697775,0.2264994253397732,0.27532419833154664
6878,0.22227151140003337,0.28670065013448653,0.2687563270654467,0.22227151140003337
6879,0.2686105331336013,0.22279506403807978,0.2329553084817064,0.27563909434661255
6880,0.22227151140003337,0.28670065013448653,0.2687563270654467,0.22227151140003337
6881,0.24958380963190333,0.22459757429554866,0.24978141890645997,0.276037197166088
6882,0.24958380963190333,0.22459757429554866,0.24978141890645997,0.276037197166088
6883,0.24958380963190333,0.22459757429554866,0.24978141890645997,0.276037197166088
6884,0.22227151140003337,0.28670065013448653,0.2687563270654467,0.22227151140003337
6885,0.24976552497064355,0.24357272518764644,0.2747775886151622,0.23188416122654784
6886,0.2351215148741415,0.2628034726994304,0.2744898855280228,0.22758512689840524
6887,0.27310225409575006,0.24623653057826325,0.2528772642253028,0.2277839511006839
6888,0.22227151140003337,0.28670065013448653,0.2687563270654467,0.22227151140003337
6889,0.2496954367227103,0.2478443453489495,0.27470048157743304,0.22775973635090707
6890,0.25850361612021977,0.22302150323001926,0.24255563874215877,0.27591924190760214
6891,0.2756358381517024,0.22254053817697775,0.2264994253397732,0.27532419833154664
6892,0.22227151140003337,0.28670065013448653,0.2687563270654467,0.22227151140003337
6893,0.24958380963190333,0.22459757429554866,0.24978141890645997,0.276037197166088
6894,0.2764223240926711,0.2461650096075887,0.24969487650034067,0.22771778979939955
6895,0.22227151140003337,0.28670065013448653,0.2687563270654467,0.22227151140003337
6896,0.25491576985844167,0.22457320361743632,0.24450378165694137,0.27600724486718065
6897,0.22367094972152926,0.2851186955091336,0.2688562244798326,0.22235413028950457
6898,0.24194968366543873,0.28549982092983456,0.24974101447714078,0.22280948092758585
6899,0.22227151140003337,0.28670065013448653,0.2687563270654467,0.22227151140003337
6900,0.24671842605155303,0.28551653147963335,0.24494252031088815,0.22282252215792553
6901,0.2496954367227103,0.2478443453489495,0.27470048157743304,0.22775973635090707
6902,0.24989926473259494,0.23738924308673573,0.27174866328989533,0.24096282889077394
6903,0.24958380963190333,0.22459757429554866,0.24978141890645997,0.276037197166088
6904,0.24976552497064355,0.24357272518764644,0.2747775886151622,0.23188416122654784
6905,0.24958380963190333,0.22459757429554866,0.24978141890645997,0.276037197166088
6906,0.24958380963190333,0.22459757429554866,0.24978141890645997,0.276037197166088
6907,0.2292504711286587,0.2714005244888186,0.2741551378540549,0.22519386652846785
6908,0.23707778393390375,0.2607430610461055,0.274546821419828,0.2276323336001627
6909,0.2764223240926711,0.2461650096075887,0.24969487650034067,0.22771778979939955
6910,0.24958380963190333,0.22459757429554866,0.24978141890645997,0.276037197166088
6911,0.25870467956616977,0.22319496878006992,0.2502708953131839,0.2678294563405764
6912,0.24958380963190333,0.22459757429554866,0.24978141890645997,0.276037197166088
6913,0.24989926473259494,0.23738924308673573,0.27174866328989533,0.24096282889077394
6914,0.2496954367227103,0.2478443453489495,0.27470048157743304,0.22775973635090707
6915,0.24958380963190333,0.22459757429554866,0.24978141890645997,0.276037197166088
6916,0.27240127288181515,0.22266736720773445,0.22945025038643385,0.2754811095240166
6917,0.2496954367227103,0.2478443453489495,0.27470048157743304,0.22775973635090707
6918,0.24671842605155303,0.28551653147963335,0.24494252031088815,0.22282252215792553
6919,0.22227151140003337,0.28670065013448653,0.2687563270654467,0.22227151140003337
6920,0.24958380963190333,0.22459757429554866,0.24978141890645997,0.276037197166088
6921,0.24671842605155303,0.28551653147963335,0.24494252031088815,0.22282252215792553
6922,0.2765487086363895,0.23569615097861057,0.24692313077228814,0.24083200961271184
6923,0.22227151140003337,0.28670065013448653,0.2687563270654467,0.22227151140003337
6924,0.22227151140003337,0.28670065013448653,0.2687563270654467,0.22227151140003337
6925,0.22227151140003337,0.28670065013448653,0.2687563270654467,0.22227151140003337
6926,0.2764223240926711,0.2461650096075887,0.24969487650034067,0.22771778979939955
6927,0.25662894851913526,0.2655761118425382,0.24989481190383026,0.22790012773449628
6928,0.2518938464499768,0.2531886171076681,0.2670242966027781,0.227893239839577
6929,0.23133784794858225,0.26683651310152184,0.27435355032843534,0.22747208862146057
6930,0.2756358381517024,0.22254053817697775,0.2264994253397732,0.27532419833154664
6931,0.2712093593280849,0.246268569917037,0.25470848129322726,0.2278135894616509
6932,0.22227151140003337,0.28670065013448653,0.2687563270654467,0.22227151140003337
6933,0.24958380963190333,0.22459757429554866,0.24978141890645997,0.276037197166088
6934,0.24958380963190333,0.22459757429554866,0.24978141890645997,0.276037197166088
6935,0.25850361612021977,0.22302150323001926,0.24255563874215877,0.27591924190760214
6936,0.25850361612021977,0.22302150323001926,0.24255563874215877,0.27591924190760214
6937,0.22227151140003337,0.28670065013448653,0.2687563270654467,0.22227151140003337
6938,0.22227151140003337,0.28670065013448653,0.2687563270654467,0.22227151140003337
6939,0.24976552497064355,0.24357272518764644,0.2747775886151622,0.23188416122654784
6940,0.2761068153594292,0.22292079178253005,0.23747585771932528,0.2634965351387154
6941,0.24964839435044703,0.22465569333437121,0.25263047797959803,0.2730654343355838
6942,0.2756358381517024,0.22254053817697775,0.2264994253397732,0.27532419833154664
6943,0.2764223240926711,0.2461650096075887,0.24969487650034067,0.22771778979939955
6944,0.24958380963190333,0.22459757429554866,0.24978141890645997,0.276037197166088
6945,0.22227151140003337,0.28670065013448653,0.2687563270654467,0.22227151140003337
6946,0.22227151140003337,0.28670065013448653,0.2687563270654467,0.22227151140003337
6947,0.24964839435044703,0.22465569333437121,0.25263047797959803,0.2730654343355838
6948,0.22227151140003337,0.28670065013448653,0.2687563270654467,0.22227151140003337
6949,0.24958380963190333,0.22459757429554866,0.24978141890645997,0.276037197166088
6950,0.24989926473259494,0.23738924308673573,0.27174866328989533,0.24096282889077394
6951,0.22227151140003337,0.28670065013448653,0.2687563270654467,0.22227151140003337
6952,0.2764120288420475,0.2287510994160474,0.24156772107180732,0.2532691506700977
6953,0.24671842605155303,0.28551653147963335,0.24494252031088815,0.22282252215792553
6954,0.22227151140003337,0.28670065013448653,0.2687563270654467,0.22227151140003337
6955,0.22227151140003337,0.28670065013448653,0.2687563270654467,0.22227151140003337
6956,0.24958380963190333,0.22459757429554866,0.24978141890645997,0.276037197166088
6957,0.22227151140003337,0.28670065013448653,0.2687563270654467,0.22227151140003337
6958,0.24958380963190333,0.22459757429554866,0.24978141890645997,0.276037197166088
6959,0.2272438935154232,0.286952277612164,0.26333723727375796,0.22246659159865487
6960,0.2496954367227103,0.2478443453489495,0.27470048157743304,0.22775973635090707
6961,0.2496954367227103,0.2478443453489495,0.27470048157743304,0.22775973635090707
6962,0.24958380963190333,0.22459757429554866,0.24978141890645997,0.276037197166088
6963,0.22227151140003337,0.28670065013448653,0.2687563270654467,0.22227151140003337
6964,0.2496954367227103,0.2478443453489495,0.27470048157743304,0.22775973635090707
6965,0.22367094972152926,0.2851186955091336,0.2688562244798326,0.22235413028950457
6966,0.251267088896921,0.2245953318658973,0.24810313808481183,0.2760344411523699
6967,0.22227151140003337,0.28670065013448653,0.2687563270654467,0.22227151140003337
6968,0.2496954367227103,0.2478443453489495,0.27470048157743304,0.22775973635090707
6969,0.22227151140003337,0.28670065013448653,0.2687563270654467,0.22227151140003337
6970,0.24989926473259494,0.23738924308673573,0.27174866328989533,0.24096282889077394
6971,0.24976552497064355,0.24357272518764644,0.2747775886151622,0.23188416122654784
6972,0.2496954367227103,0.2478443453489495,0.27470048157743304,0.22775973635090707
6973,0.2756358381517024,0.22254053817697775,0.2264994253397732,0.27532419833154664
6974,0.22227151140003337,0.28670065013448653,0.2687563270654467,0.22227151140003337
6975,0.22227151140003337,0.28670065013448653,0.2687563270654467,0.22227151140003337
6976,0.2496954367227103,0.2478443453489495,0.27470048157743304,0.22775973635090707
6977,0.27055697202169154,0.22273234434830128,0.2311491852506253,0.27556149837938193
6978,0.22227151140003337,0.28670065013448653,0.2687563270654467,0.22227151140003337
6979,0.24958380963190333,0.22459757429554866,0.24978141890645997,0.276037197166088
6980,0.24958380963190333,0.22459757429554866,0.24978141890645997,0.276037197166088
6981,0.22227151140003337,0.28670065013448653,0.2687563270654467,0.22227151140003337
6982,0.22227151140003337,0.28670065013448653,0.2687563270654467,0.22227151140003337
6983,0.2764223240926711,0.2461650096075887,0.24969487650034067,0.22771778979939955
6984,0.2496954367227103,0.2478443453489495,0.27470048157743304,0.22775973635090707
6985,0.2496954367227103,0.2478443453489495,0.27470048157743304,0.22775973635090707
6986,0.2496954367227103,0.2478443453489495,0.27470048157743304,0.22775973635090707
6987,0.27055697202169154,0.22273234434830128,0.2311491852506253,0.27556149837938193
6988,0.24958380963190333,0.22459757429554866,0.24978141890645997,0.276037197166088
6989,0.22227151140003337,0.28670065013448653,0.2687563270654467,0.22227151140003337
6990,0.2760473864467348,0.2228728105682476,0.23560302121672097,0.26547678176829653
6991,0.24958380963190333,0.22459757429554866,0.24978141890645997,0.276037197166088
6992,0.24958380963190333,0.22459757429554866,0.24978141890645997,0.276037197166088
6993,0.2496954367227103,0.2478443453489495,0.27470048157743304,0.22775973635090707
6994,0.22227151140003337,0.28670065013448653,0.2687563270654467,0.22227151140003337
6995,0.2496954367227103,0.2478443453489495,0.27470048157743304,0.22775973635090707
6996,0.23133784794858225,0.26683651310152184,0.27435355032843534,0.22747208862146057
6997,0.22227151140003337,0.28670065013448653,0.2687563270654467,0.22227151140003337
6998,0.24958380963190333,0.22459757429554866,0.24978141890645997,0.276037197166088
6999,0.24976552497064355,0.24357272518764644,0.2747775886151622,0.23188416122654784
7000,0.27240127288181515,0.22266736720773445,0.22945025038643385,0.2754811095240166
7001,0.22681571995332445,0.2767465803792093,0.2738842887563536,0.22255341091111264
7002,0.24976552497064355,0.24357272518764644,0.2747775886151622,0.23188416122654784
7003,0.22227151140003337,0.28670065013448653,0.2687563270654467,0.22227151140003337
7004,0.27649198822892346,0.24191539794815328,0.2497578047676401,0.23183480905528323
7005,0.27055697202169154,0.22273234434830128,0.2311491852506253,0.27556149837938193
7006,0.2759827874654471,0.22282065518759078,0.2338162697601553,0.2673802875868069
7007,0.24958380963190333,0.22459757429554866,0.24978141890645997,0.276037197166088
7008,0.25380808711021513,0.26147974849001326,0.2567705932748632,0.22794157112490843
7009,0.2764120288420475,0.2287510994160474,0.24156772107180732,0.2532691506700977
7010,0.25491576985844167,0.22457320361743632,0.24450378165694137,0.27600724486718065
7011,0.2764223240926711,0.2461650096075887,0.24969487650034067,0.22771778979939955
7012,0.24958380963190333,0.22459757429554866,0.24978141890645997,0.276037197166088
7013,0.2381928573629116,0.2854486199762488,0.25358899992956463,0.22276952273127495
7014,0.22227151140003337,0.28670065013448653,0.2687563270654467,0.22227151140003337
7015,0.24958380963190333,0.22459757429554866,0.24978141890645997,0.276037197166088
7016,0.24958380963190333,0.22459757429554866,0.24978141890645997,0.276037197166088
7017,0.24958380963190333,0.22459757429554866,0.24978141890645997,0.276037197166088
7018,0.24958380963190333,0.22459757429554866,0.24978141890645997,0.276037197166088
7019,0.24958380963190333,0.22459757429554866,0.24978141890645997,0.276037197166088
7020,0.22227151140003337,0.28670065013448653,0.2687563270654467,0.22227151140003337
7021,0.25662894851913526,0.2655761118425382,0.24989481190383026,0.22790012773449628
7022,0.22227151140003337,0.28670065013448653,0.2687563270654467,0.22227151140003337
7023,0.2760473864467348,0.2228728105682476,0.23560302121672097,0.26547678176829653
7024,0.24958380963190333,0.22459757429554866,0.24978141890645997,0.276037197166088
7025,0.2756358381517024,0.22254053817697775,0.2264994253397732,0.27532419833154664
7026,0.25850361612021977,0.22302150323001926,0.24255563874215877,0.27591924190760214
7027,0.22367094972152926,0.2851186955091336,0.2688562244798326,0.22235413028950457
7028,0.2496954367227103,0.2478443453489495,0.27470048157743304,0.22775973635090707
7029,0.22367094972152926,0.2851186955091336,0.2688562244798326,0.22235413028950457
7030,0.24958380963190333,0.22459757429554866,0.24978141890645997,0.276037197166088
7031,0.24958380963190333,0.22459757429554866,0.24978141890645997,0.276037197166088
7032,0.24958380963190333,0.22459757429554866,0.24978141890645997,0.276037197166088
7033,0.24958380963190333,0.22459757429554866,0.24978141890645997,0.276037197166088
7034,0.24292283574736154,0.25468507578998073,0.27466323445544255,0.22772885400721524
7035,0.24958380963190333,0.22459757429554866,0.24978141890645997,0.276037197166088
7036,0.2764223240926711,0.2461650096075887,0.24969487650034067,0.22771778979939955
7037,0.22227151140003337,0.28670065013448653,0.2687563270654467,0.22227151140003337
7038,0.22227151140003337,0.28670065013448653,0.2687563270654467,0.22227151140003337
7039,0.22227151140003337,0.28670065013448653,0.2687563270654467,0.22227151140003337
7040,0.2496954367227103,0.2478443453489495,0.27470048157743304,0.22775973635090707
7041,0.27649198822892346,0.24191539794815328,0.2497578047676401,0.23183480905528323
7042,0.2649762004114643,0.24632831788390322,0.26082662169506143,0.22786886000957104
7043,0.255234479839383,0.24367337866608385,0.2691121569470284,0.2319799845475047
7044,0.25491576985844167,0.22457320361743632,0.24450378165694137,0.27600724486718065
7045,0.22227151140003337,0.28670065013448653,0.2687563270654467,0.22227151140003337
7046,0.24958380963190333,0.22459757429554866,0.24978141890645997,0.276037197166088
7047,0.24292283574736154,0.25468507578998073,0.27466323445544255,0.22772885400721524
7048,0.22227151140003337,0.28670065013448653,0.2687563270654467,0.22227151140003337
7049,0.22227151140003337,0.28670065013448653,0.2687563270654467,0.22227151140003337
7050,0.2665502291945223,0.22285482973899404,0.2348819053884322,0.2757130356780515
7051,0.22227151140003337,0.28670065013448653,0.2687563270654467,0.22227151140003337
7052,0.2306621982024805,0.2852415355675873,0.2614883561030077,0.2226079101269245
7053,0.22367094972152926,0.2851186955091336,0.2688562244798326,0.22235413028950457
7054,0.24958380963190333,0.22459757429554866,0.24978141890645997,0.276037197166088
7055,0.2756358381517024,0.22254053817697775,0.2264994253397732,0.27532419833154664
7056,0.24671842605155303,0.28551653147963335,0.24494252031088815,0.22282252215792553
7057,0.22227151140003337,0.28670065013448653,0.2687563270654467,0.22227151140003337
7058,0.24671842605155303,0.28551653147963335,0.24494252031088815,0.22282252215792553
7059,0.24958380963190333,0.22459757429554866,0.24978141890645997,0.276037197166088
7060,0.2496954367227103,0.2478443453489495,0.27470048157743304,0.22775973635090707
7061,0.22227151140003337,0.28670065013448653,0.2687563270654467,0.22227151140003337
7062,0.25662894851913526,0.2655761118425382,0.24989481190383026,0.22790012773449628
7063,0.24989926473259494,0.23738924308673573,0.27174866328989533,0.24096282889077394
7064,0.2496954367227103,0.2478443453489495,0.27470048157743304,0.22775973635090707
7065,0.22227151140003337,0.28670065013448653,0.2687563270654467,0.22227151140003337
7066,0.24958380963190333,0.22459757429554866,0.24978141890645997,0.276037197166088
7067,0.2351215148741415,0.2628034726994304,0.2744898855280228,0.22758512689840524
7068,0.2764223240926711,0.2461650096075887,0.24969487650034067,0.22771778979939955
7069,0.22227151140003337,0.28670065013448653,0.2687563270654467,0.22227151140003337
7070,0.22227151140003337,0.28670065013448653,0.2687563270654467,0.22227151140003337
7071,0.22367094972152926,0.2851186955091336,0.2688562244798326,0.22235413028950457
7072,0.22227151140003337,0.28670065013448653,0.2687563270654467,0.22227151140003337
7073,0.22227151140003337,0.28670065013448653,0.2687563270654467,0.22227151140003337
7074,0.2686105331336013,0.22279506403807978,0.2329553084817064,0.27563909434661255
7075,0.22227151140003337,0.28670065013448653,0.2687563270654467,0.22227151140003337
7076,0.2764223240926711,0.2461650096075887,0.24969487650034067,0.22771778979939955
7077,0.24972282926461628,0.2247226764499426,0.2576696548611619,0.2678848394242792
7078,0.2590113886602907,0.23588828982155052,0.2640719863249156,0.24102833519324324
7079,0.2688442699783645,0.2229889336331756,0.23875419870893358,0.2694125976795263
7080,0.2756358381517024,0.22254053817697775,0.2264994253397732,0.27532419833154664
7081,0.2712425395935507,0.2288838560987548,0.24645746779857391,0.2534161365091206
7082,0.22227151140003337,0.28670065013448653,0.2687563270654467,0.22227151140003337
7083,0.22227151140003337,0.28670065013448653,0.2687563270654467,0.22227151140003337
7084,0.2292504711286587,0.2714005244888186,0.2741551378540549,0.22519386652846785
7085,0.22227151140003337,0.28670065013448653,0.2687563270654467,0.22227151140003337
7086,0.22227151140003337,0.28670065013448653,0.2687563270654467,0.22227151140003337
7087,0.22227151140003337,0.28670065013448653,0.2687563270654467,0.22227151140003337
7088,0.2649762004114643,0.24632831788390322,0.26082662169506143,0.22786886000957104
7089,0.24989926473259494,0.23738924308673573,0.27174866328989533,0.24096282889077394
7090,0.22227151140003337,0.28670065013448653,0.2687563270654467,0.22227151140003337
7091,0.2496954367227103,0.2478443453489495,0.27470048157743304,0.22775973635090707
7092,0.2760473864467348,0.2228728105682476,0.23560302121672097,0.26547678176829653
7093,0.22227151140003337,0.28670065013448653,0.2687563270654467,0.22227151140003337
7094,0.2665502291945223,0.22285482973899404,0.2348819053884322,0.2757130356780515
7095,0.2670974752288366,0.24631594729841516,0.25872916101638715,0.22785741645636115
7096,0.22227151140003337,0.28670065013448653,0.2687563270654467,0.22227151140003337
7097,0.22227151140003337,0.28670065013448653,0.2687563270654467,0.22227151140003337
7098,0.24958380963190333,0.22459757429554866,0.24978141890645997,0.276037197166088
7099,0.24958380963190333,0.22459757429554866,0.24978141890645997,0.276037197166088
7100,0.24973808021879731,0.2247364006066489,0.25959378019870055,0.26593173897585326
7101,0.22227151140003337,0.28670065013448653,0.2687563270654467,0.22227151140003337
7102,0.2496954367227103,0.2478443453489495,0.27470048157743304,0.22775973635090707
7103,0.24958380963190333,0.22459757429554866,0.24978141890645997,0.276037197166088
7104,0.2496954367227103,0.2478443453489495,0.27470048157743304,0.22775973635090707
7105,0.24671842605155303,0.28551653147963335,0.24494252031088815,0.22282252215792553
7106,0.24958380963190333,0.22459757429554866,0.24978141890645997,0.276037197166088
7107,0.22227151140003337,0.28670065013448653,0.2687563270654467,0.22227151140003337
7108,0.24671842605155303,0.28551653147963335,0.24494252031088815,0.22282252215792553
7109,0.24671842605155303,0.28551653147963335,0.24494252031088815,0.22282252215792553
7110,0.24012407192037208,0.28547918522123267,0.25160336642960446,0.22279337642879077
7111,0.22227151140003337,0.28670065013448653,0.2687563270654467,0.22227151140003337
7112,0.22227151140003337,0.28670065013448653,0.2687563270654467,0.22227151140003337
7113,0.22227151140003337,0.28670065013448653,0.2687563270654467,0.22227151140003337
7114,0.24958380963190333,0.22459757429554866,0.24978141890645997,0.276037197166088
7115,0.22227151140003337,0.28670065013448653,0.2687563270654467,0.22227151140003337
7116,0.22681571995332445,0.2767465803792093,0.2738842887563536,0.22255341091111264
7117,0.2764223240926711,0.2461650096075887,0.24969487650034067,0.22771778979939955
7118,0.2496954367227103,0.2478443453489495,0.27470048157743304,0.22775973635090707
7119,0.22227151140003337,0.28670065013448653,0.2687563270654467,0.22227151140003337
7120,0.2765487086363895,0.23569615097861057,0.24692313077228814,0.24083200961271184
7121,0.2496954367227103,0.2478443453489495,0.27470048157743304,0.22775973635090707
7122,0.22227151140003337,0.28670065013448653,0.2687563270654467,0.22227151140003337
7123,0.22227151140003337,0.28670065013448653,0.2687563270654467,0.22227151140003337
7124,0.24989926473259494,0.23738924308673573,0.27174866328989533,0.24096282889077394
7125,0.2764223240926711,0.2461650096075887,0.24969487650034067,0.22771778979939955
7126,0.2756358381517024,0.22254053817697775,0.2264994253397732,0.27532419833154664
7127,0.22227151140003337,0.28670065013448653,0.2687563270654467,0.22227151140003337
7128,0.24958380963190333,0.22459757429554866,0.24978141890645997,0.276037197166088
7129,0.24958380963190333,0.22459757429554866,0.24978141890645997,0.276037197166088
7130,0.24958380963190333,0.22459757429554866,0.24978141890645997,0.276037197166088
7131,0.2686105331336013,0.22279506403807978,0.2329553084817064,0.27563909434661255
7132,0.2351215148741415,0.2628034726994304,0.2744898855280228,0.22758512689840524
7133,0.22227151140003337,0.28670065013448653,0.2687563270654467,0.22227151140003337
7134,0.2496954367227103,0.2478443453489495,0.27470048157743304,0.22775973635090707
7135,0.22227151140003337,0.28670065013448653,0.2687563270654467,0.22227151140003337
7136,0.26921176827130733,0.24629541320679824,0.25665439736452395,0.2278384211573704
7137,0.2496954367227103,0.2478443453489495,0.27470048157743304,0.22775973635090707
7138,0.2756358381517024,0.22254053817697775,0.2264994253397732,0.27532419833154664
7139,0.2765487086363895,0.23569615097861057,0.24692313077228814,0.24083200961271184
7140,0.2496954367227103,0.2478443453489495,0.27470048157743304,0.22775973635090707
7141,0.22227151140003337,0.28670065013448653,0.2687563270654467,0.22227151140003337
7142,0.2496954367227103,0.2478443453489495,0.27470048157743304,0.22775973635090707
7143,0.22227151140003337,0.28670065013448653,0.2687563270654467,0.22227151140003337
7144,0.22367094972152926,0.2851186955091336,0.2688562244798326,0.22235413028950457
7145,0.24671842605155303,0.28551653147963335,0.24494252031088815,0.22282252215792553
7146,0.22227151140003337,0.28670065013448653,0.2687563270654467,0.22227151140003337
7147,0.2756358381517024,0.22254053817697775,0.2264994253397732,0.27532419833154664
7148,0.22227151140003337,0.28670065013448653,0.2687563270654467,0.22227151140003337
7149,0.24958380963190333,0.22459757429554866,0.24978141890645997,0.276037197166088
7150,0.24958380963190333,0.22459757429554866,0.24978141890645997,0.276037197166088
7151,0.2496954367227103,0.2478443453489495,0.27470048157743304,0.22775973635090707
7152,0.2292504711286587,0.2714005244888186,0.2741551378540549,0.22519386652846785
7153,0.2496954367227103,0.2478443453489495,0.27470048157743304,0.22775973635090707
7154,0.2496954367227103,0.2478443453489495,0.27470048157743304,0.22775973635090707
7155,0.2712777384514055,0.24201719612816364,0.25477270010446706,0.23193236531596376
7156,0.2756358381517024,0.22254053817697775,0.2264994253397732,0.27532419833154664
7157,0.25890694956898636,0.24206462926270614,0.2670505992514709,0.23197782191683675
7158,0.2306621982024805,0.2852415355675873,0.2614883561030077,0.2226079101269245
7159,0.2496954367227103,0.2478443453489495,0.27470048157743304,0.22775973635090707
7160,0.22227151140003337,0.28670065013448653,0.2687563270654467,0.22227151140003337
7161,0.24958380963190333,0.22459757429554866,0.24978141890645997,0.276037197166088
7162,0.24958380963190333,0.22459757429554866,0.24978141890645997,0.276037197166088
7163,0.22227151140003337,0.28670065013448653,0.2687563270654467,0.22227151140003337
7164,0.24972282926461628,0.2247226764499426,0.2576696548611619,0.2678848394242792
7165,0.24671842605155303,0.28551653147963335,0.24494252031088815,0.22282252215792553
7166,0.22367094972152926,0.2851186955091336,0.2688562244798326,0.22235413028950457
7167,0.25662894851913526,0.2655761118425382,0.24989481190383026,0.22790012773449628
7168,0.22227151140003337,0.28670065013448653,0.2687563270654467,0.22227151140003337
7169,0.22227151140003337,0.28670065013448653,0.2687563270654467,0.22227151140003337
7170,0.22550103792103304,0.2868715988155518,0.265223319824496,0.22240404343891923
7171,0.22227151140003337,0.28670065013448653,0.2687563270654467,0.22227151140003337
7172,0.24671842605155303,0.28551653147963335,0.24494252031088815,0.22282252215792553
7173,0.2764223240926711,0.2461650096075887,0.24969487650034067,0.22771778979939955
7174,0.2496954367227103,0.2478443453489495,0.27470048157743304,0.22775973635090707
7175,0.22227151140003337,0.28670065013448653,0.2687563270654467,0.22227151140003337
7176,0.24958380963190333,0.22459757429554866,0.24978141890645997,0.276037197166088
7177,0.24671842605155303,0.28551653147963335,0.24494252031088815,0.22282252215792553
7178,0.22227151140003337,0.28670065013448653,0.2687563270654467,0.22227151140003337
7179,0.22227151140003337,0.28670065013448653,0.2687563270654467,0.22227151140003337
7180,0.2306621982024805,0.2852415355675873,0.2614883561030077,0.2226079101269245
7181,0.22227151140003337,0.28670065013448653,0.2687563270654467,0.22227151140003337
7182,0.24958380963190333,0.22459757429554866,0.24978141890645997,0.276037197166088
7183,0.24958380963190333,0.22459757429554866,0.24978141890645997,0.276037197166088
7184,0.23133784794858225,0.26683651310152184,0.27435355032843534,0.22747208862146057
7185,0.27055697202169154,0.22273234434830128,0.2311491852506253,0.27556149837938193
7186,0.24958380963190333,0.22459757429554866,0.24978141890645997,0.276037197166088
7187,0.27649198822892346,0.24191539794815328,0.2497578047676401,0.23183480905528323
7188,0.2496954367227103,0.2478443453489495,0.27470048157743304,0.22775973635090707
7189,0.24958380963190333,0.22459757429554866,0.24978141890645997,0.276037197166088
7190,0.27649198822892346,0.24191539794815328,0.2497578047676401,0.23183480905528323
7191,0.22227151140003337,0.28670065013448653,0.2687563270654467,0.22227151140003337
7192,0.22227151140003337,0.28670065013448653,0.2687563270654467,0.22227151140003337
7193,0.2756358381517024,0.22254053817697775,0.2264994253397732,0.27532419833154664
7194,0.22227151140003337,0.28670065013448653,0.2687563270654467,0.22227151140003337
7195,0.22227151140003337,0.28670065013448653,0.2687563270654467,0.22227151140003337
7196,0.25850361612021977,0.22302150323001926,0.24255563874215877,0.27591924190760214
7197,0.2756358381517024,0.22254053817697775,0.2264994253397732,0.27532419833154664
7198,0.22227151140003337,0.28670065013448653,0.2687563270654467,0.22227151140003337
7199,0.24671842605155303,0.28551653147963335,0.24494252031088815,0.22282252215792553
7200,0.24958380963190333,0.22459757429554866,0.24978141890645997,0.276037197166088
7201,0.24958380963190333,0.22459757429554866,0.24978141890645997,0.276037197166088
7202,0.2496954367227103,0.2478443453489495,0.27470048157743304,0.22775973635090707
7203,0.23124781475814604,0.2692362700512223,0.2742467760774314,0.2252691391132003
7204,0.2292504711286587,0.2714005244888186,0.2741551378540549,0.22519386652846785
7205,0.23124781475814604,0.2692362700512223,0.2742467760774314,0.2252691391132003
7206,0.24976552497064355,0.24357272518764644,0.2747775886151622,0.23188416122654784
7207,0.22227151140003337,0.28670065013448653,0.2687563270654467,0.22227151140003337
7208,0.22227151140003337,0.28670065013448653,0.2687563270654467,0.22227151140003337
7209,0.2496954367227103,0.2478443453489495,0.27470048157743304,0.22775973635090707
7210,0.22227151140003337,0.28670065013448653,0.2687563270654467,0.22227151140003337
7211,0.22227151140003337,0.28670065013448653,0.2687563270654467,0.22227151140003337
7212,0.22227151140003337,0.28670065013448653,0.2687563270654467,0.22227151140003337
7213,0.24989926473259494,0.23738924308673573,0.27174866328989533,0.24096282889077394
7214,0.24964839435044703,0.22465569333437121,0.25263047797959803,0.2730654343355838
7215,0.22227151140003337,0.28670065013448653,0.2687563270654467,0.22227151140003337
7216,0.25662894851913526,0.2655761118425382,0.24989481190383026,0.22790012773449628
7217,0.24976552497064355,0.24357272518764644,0.2747775886151622,0.23188416122654784
7218,0.2764223240926711,0.2461650096075887,0.24969487650034067,0.22771778979939955
7219,0.22227151140003337,0.28670065013448653,0.2687563270654467,0.22227151140003337
7220,0.27649198822892346,0.24191539794815328,0.2497578047676401,0.23183480905528323
7221,0.23535819021483978,0.2753150117265014,0.2664552726097696,0.22287152544888925
7222,0.24972282926461628,0.2247226764499426,0.2576696548611619,0.2678848394242792
7223,0.24958380963190333,0.22459757429554866,0.24978141890645997,0.276037197166088
7224,0.2496954367227103,0.2478443453489495,0.27470048157743304,0.22775973635090707
7225,0.24958380963190333,0.22459757429554866,0.24978141890645997,0.276037197166088
7226,0.22227151140003337,0.28670065013448653,0.2687563270654467,0.22227151140003337
7227,0.22227151140003337,0.28670065013448653,0.2687563270654467,0.22227151140003337
7228,0.22227151140003337,0.28670065013448653,0.2687563270654467,0.22227151140003337
7229,0.24958380963190333,0.22459757429554866,0.24978141890645997,0.276037197166088
7230,0.2496954367227103,0.2478443453489495,0.27470048157743304,0.22775973635090707
7231,0.24671842605155303,0.28551653147963335,0.24494252031088815,0.22282252215792553
7232,0.22227151140003337,0.28670065013448653,0.2687563270654467,0.22227151140003337
7233,0.24976552497064355,0.24357272518764644,0.2747775886151622,0.23188416122654784
7234,0.2665502291945223,0.22285482973899404,0.2348819053884322,0.2757130356780515
7235,0.2496954367227103,0.2478443453489495,0.27470048157743304,0.22775973635090707
7236,0.24958380963190333,0.22459757429554866,0.24978141890645997,0.276037197166088
7237,0.24958380963190333,0.22459757429554866,0.24978141890645997,0.276037197166088
7238,0.24958380963190333,0.22459757429554866,0.24978141890645997,0.276037197166088
7239,0.22227151140003337,0.28670065013448653,0.2687563270654467,0.22227151140003337
7240,0.24973808021879731,0.2247364006066489,0.25959378019870055,0.26593173897585326
7241,0.22227151140003337,0.28670065013448653,0.2687563270654467,0.22227151140003337
7242,0.24671842605155303,0.28551653147963335,0.24494252031088815,0.22282252215792553
7243,0.22227151140003337,0.28670065013448653,0.2687563270654467,0.22227151140003337
7244,0.25850361612021977,0.22302150323001926,0.24255563874215877,0.27591924190760214
7245,0.2496954367227103,0.2478443453489495,0.27470048157743304,0.22775973635090707
7246,0.24958380963190333,0.22459757429554866,0.24978141890645997,0.276037197166088
7247,0.22227151140003337,0.28670065013448653,0.2687563270654467,0.22227151140003337
7248,0.24292283574736154,0.25468507578998073,0.27466323445544255,0.22772885400721524
7249,0.2496954367227103,0.2478443453489495,0.27470048157743304,0.22775973635090707
7250,0.22227151140003337,0.28670065013448653,0.2687563270654467,0.22227151140003337
7251,0.24958380963190333,0.22459757429554866,0.24978141890645997,0.276037197166088
7252,0.24972282926461628,0.2247226764499426,0.2576696548611619,0.2678848394242792
7253,0.24958380963190333,0.22459757429554866,0.24978141890645997,0.276037197166088
7254,0.24958380963190333,0.22459757429554866,0.24978141890645997,0.276037197166088
7255,0.22227151140003337,0.28670065013448653,0.2687563270654467,0.22227151140003337
7256,0.22227151140003337,0.28670065013448653,0.2687563270654467,0.22227151140003337
7257,0.22384037587458464,0.2867872019292172,0.26703380945467803,0.22233861274152023
7258,0.22227151140003337,0.28670065013448653,0.2687563270654467,0.22227151140003337
7259,0.25662894851913526,0.2655761118425382,0.24989481190383026,0.22790012773449628
7260,0.22227151140003337,0.28670065013448653,0.2687563270654467,0.22227151140003337
7261,0.2517404759162937,0.2755795326412122,0.24959433244743506,0.22308565899505892
7262,0.23133784794858225,0.26683651310152184,0.27435355032843534,0.22747208862146057
7263,0.2496954367227103,0.2478443453489495,0.27470048157743304,0.22775973635090707
7264,0.22227151140003337,0.28670065013448653,0.2687563270654467,0.22227151140003337
7265,0.22227151140003337,0.28670065013448653,0.2687563270654467,0.22227151140003337
7266,0.22227151140003337,0.28670065013448653,0.2687563270654467,0.22227151140003337
7267,0.24823410045200106,0.28389801300795603,0.2449963740274313,0.22287151251261153
7268,0.2496954367227103,0.2478443453489495,0.27470048157743304,0.22775973635090707
7269,0.24958380963190333,0.22459757429554866,0.24978141890645997,0.276037197166088
7270,0.22227151140003337,0.28670065013448653,0.2687563270654467,0.22227151140003337
7271,0.2496954367227103,0.2478443453489495,0.27470048157743304,0.22775973635090707
7272,0.22227151140003337,0.28670065013448653,0.2687563270654467,0.22227151140003337
7273,0.24958380963190333,0.22459757429554866,0.24978141890645997,0.276037197166088
7274,0.24991780735486605,0.23052533148517196,0.26600601904899385,0.2535508421109681
7275,0.22227151140003337,0.28670065013448653,0.2687563270654467,0.22227151140003337
7276,0.27649198822892346,0.24191539794815328,0.2497578047676401,0.23183480905528323
7277,0.2381928573629116,0.2854486199762488,0.25358899992956463,0.22276952273127495
7278,0.24976552497064355,0.24357272518764644,0.2747775886151622,0.23188416122654784
7279,0.2764223240926711,0.2461650096075887,0.24969487650034067,0.22771778979939955
7280,0.27055697202169154,0.22273234434830128,0.2311491852506253,0.27556149837938193
7281,0.22227151140003337,0.28670065013448653,0.2687563270654467,0.22227151140003337
7282,0.22227151140003337,0.28670065013448653,0.2687563270654467,0.22227151140003337
7283,0.22227151140003337,0.28670065013448653,0.2687563270654467,0.22227151140003337
7284,0.27649198822892346,0.24191539794815328,0.2497578047676401,0.23183480905528323
7285,0.24958380963190333,0.22459757429554866,0.24978141890645997,0.276037197166088
7286,0.2516212189779256,0.23742135788534302,0.26996199600089343,0.24099542713583783
7287,0.2381928573629116,0.2854486199762488,0.25358899992956463,0.22276952273127495
7288,0.22227151140003337,0.28670065013448653,0.2687563270654467,0.22227151140003337
7289,0.22227151140003337,0.28670065013448653,0.2687563270654467,0.22227151140003337
7290,0.22227151140003337,0.28670065013448653,0.2687563270654467,0.22227151140003337
7291,0.2764223240926711,0.2461650096075887,0.24969487650034067,0.22771778979939955
7292,0.26913145853958803,0.25315378064233524,0.24985287702854642,0.22786188378953035
7293,0.27240127288181515,0.22266736720773445,0.22945025038643385,0.2754811095240166
7294,0.24958380963190333,0.22459757429554866,0.24978141890645997,0.276037197166088
7295,0.22227151140003337,0.28670065013448653,0.2687563270654467,0.22227151140003337
7296,0.22227151140003337,0.28670065013448653,0.2687563270654467,0.22227151140003337
7297,0.24958380963190333,0.22459757429554866,0.24978141890645997,0.276037197166088
7298,0.2756358381517024,0.22254053817697775,0.2264994253397732,0.27532419833154664
7299,0.24958380963190333,0.22459757429554866,0.24978141890645997,0.276037197166088
7300,0.2292504711286587,0.2714005244888186,0.2741551378540549,0.22519386652846785
7301,0.22227151140003337,0.28670065013448653,0.2687563270654467,0.22227151140003337
7302,0.23625634768559436,0.28540884275892364,0.2555963297198422,0.22273847983563985
7303,0.24958380963190333,0.22459757429554866,0.24978141890645997,0.276037197166088
7304,0.2756358381517024,0.22254053817697775,0.2264994253397732,0.27532419833154664
7305,0.22227151140003337,0.28670065013448653,0.2687563270654467,0.22227151140003337
7306,0.237857101133632,0.2699653533374872,0.2666878976409176,0.22548964788796316
7307,0.25850361612021977,0.22302150323001926,0.24255563874215877,0.27591924190760214
7308,0.24671842605155303,0.28551653147963335,0.24494252031088815,0.22282252215792553
7309,0.24958380963190333,0.22459757429554866,0.24978141890645997,0.276037197166088
7310,0.22227151140003337,0.28670065013448653,0.2687563270654467,0.22227151140003337
7311,0.2764223240926711,0.2461650096075887,0.24969487650034067,0.22771778979939955
7312,0.24958380963190333,0.22459757429554866,0.24978141890645997,0.276037197166088
7313,0.24671842605155303,0.28551653147963335,0.24494252031088815,0.22282252215792553
7314,0.27086036431203836,0.22298210792150067,0.23858350015861282,0.26757402760784826
7315,0.27055697202169154,0.22273234434830128,0.2311491852506253,0.27556149837938193
7316,0.24958380963190333,0.22459757429554866,0.24978141890645997,0.276037197166088
7317,0.2306621982024805,0.2852415355675873,0.2614883561030077,0.2226079101269245
7318,0.22227151140003337,0.28670065013448653,0.2687563270654467,0.22227151140003337
7319,0.2292504711286587,0.2714005244888186,0.2741551378540549,0.22519386652846785
7320,0.22227151140003337,0.28670065013448653,0.2687563270654467,0.22227151140003337
7321,0.22227151140003337,0.28670065013448653,0.2687563270654467,0.22227151140003337
7322,0.24194968366543873,0.28549982092983456,0.24974101447714078,0.22280948092758585
7323,0.22227151140003337,0.28670065013448653,0.2687563270654467,0.22227151140003337
7324,0.2496954367227103,0.2478443453489495,0.27470048157743304,0.22775973635090707
7325,0.22227151140003337,0.28670065013448653,0.2687563270654467,0.22227151140003337
7326,0.2496954367227103,0.2478443453489495,0.27470048157743304,0.22775973635090707
7327,0.2496954367227103,0.2478443453489495,0.27470048157743304,0.22775973635090707
7328,0.2496954367227103,0.2478443453489495,0.27470048157743304,0.22775973635090707
7329,0.2496954367227103,0.2478443453489495,0.27470048157743304,0.22775973635090707
7330,0.2292504711286587,0.2714005244888186,0.2741551378540549,0.22519386652846785
7331,0.24958380963190333,0.22459757429554866,0.24978141890645997,0.276037197166088
7332,0.24958380963190333,0.22459757429554866,0.24978141890645997,0.276037197166088
7333,0.22227151140003337,0.28670065013448653,0.2687563270654467,0.22227151140003337
7334,0.22227151140003337,0.28670065013448653,0.2687563270654467,0.22227151140003337
7335,0.2496954367227103,0.2478443453489495,0.27470048157743304,0.22775973635090707
7336,0.2644829580810333,0.22290787370111398,0.23683050725432914,0.2757786609635237
7337,0.2765487086363895,0.23569615097861057,0.24692313077228814,0.24083200961271184
7338,0.24958380963190333,0.22459757429554866,0.24978141890645997,0.276037197166088
7339,0.2306621982024805,0.2852415355675873,0.2614883561030077,0.2226079101269245
7340,0.24976552497064355,0.24357272518764644,0.2747775886151622,0.23188416122654784
7341,0.22227151140003337,0.28670065013448653,0.2687563270654467,0.22227151140003337
7342,0.2551628273252194,0.24794673527046868,0.2690366085232833,0.22785382888102865
7343,0.2551628273252194,0.24794673527046868,0.2690366085232833,0.22785382888102865
7344,0.25890694956898636,0.24206462926270614,0.2670505992514709,0.23197782191683675
7345,0.2764223240926711,0.2461650096075887,0.24969487650034067,0.22771778979939955
7346,0.2496954367227103,0.2478443453489495,0.27470048157743304,0.22775973635090707
7347,0.22227151140003337,0.28670065013448653,0.2687563270654467,0.22227151140003337
7348,0.2756358381517024,0.22254053817697775,0.2264994253397732,0.27532419833154664
7349,0.24958380963190333,0.22459757429554866,0.24978141890645997,0.276037197166088
7350,0.22680395398311315,0.2793681010290941,0.27128607894139994,0.22254186604639276
7351,0.22227151140003337,0.28670065013448653,0.2687563270654467,0.22227151140003337
7352,0.24958380963190333,0.22459757429554866,0.24978141890645997,0.276037197166088
7353,0.2318921316245492,0.27699230503107186,0.26836454616350847,0.22275101718087045
7354,0.2496954367227103,0.2478443453489495,0.27470048157743304,0.22775973635090707
7355,0.2756358381517024,0.22254053817697775,0.2264994253397732,0.27532419833154664
7356,0.22227151140003337,0.28670065013448653,0.2687563270654467,0.22227151140003337
7357,0.24958380963190333,0.22459757429554866,0.24978141890645997,0.276037197166088
7358,0.22227151140003337,0.28670065013448653,0.2687563270654467,0.22227151140003337
7359,0.2496954367227103,0.2478443453489495,0.27470048157743304,0.22775973635090707
7360,0.24958380963190333,0.22459757429554866,0.24978141890645997,0.276037197166088
7361,0.2756358381517024,0.22254053817697775,0.2264994253397732,0.27532419833154664
7362,0.22227151140003337,0.28670065013448653,0.2687563270654467,0.22227151140003337
7363,0.25662894851913526,0.2655761118425382,0.24989481190383026,0.22790012773449628
7364,0.22227151140003337,0.28670065013448653,0.2687563270654467,0.22227151140003337
7365,0.2292504711286587,0.2714005244888186,0.2741551378540549,0.22519386652846785
7366,0.24671842605155303,0.28551653147963335,0.24494252031088815,0.22282252215792553
7367,0.22227151140003337,0.28670065013448653,0.2687563270654467,0.22227151140003337
7368,0.22227151140003337,0.28670065013448653,0.2687563270654467,0.22227151140003337
7369,0.22227151140003337,0.28670065013448653,0.2687563270654467,0.22227151140003337
7370,0.22227151140003337,0.28670065013448653,0.2687563270654467,0.22227151140003337
7371,0.2764223240926711,0.2461650096075887,0.24969487650034067,0.22771778979939955
7372,0.24958380963190333,0.22459757429554866,0.24978141890645997,0.276037197166088
7373,0.22227151140003337,0.28670065013448653,0.2687563270654467,0.22227151140003337
7374,0.22227151140003337,0.28670065013448653,0.2687563270654467,0.22227151140003337
7375,0.22227151140003337,0.28670065013448653,0.2687563270654467,0.22227151140003337
7376,0.2496954367227103,0.2478443453489495,0.27470048157743304,0.22775973635090707
7377,0.22227151140003337,0.28670065013448653,0.2687563270654467,0.22227151140003337
7378,0.22227151140003337,0.28670065013448653,0.2687563270654467,0.22227151140003337
7379,0.24671842605155303,0.28551653147963335,0.24494252031088815,0.22282252215792553
7380,0.24958380963190333,0.22459757429554866,0.24978141890645997,0.276037197166088
7381,0.22227151140003337,0.28670065013448653,0.2687563270654467,0.22227151140003337
7382,0.22227151140003337,0.28670065013448653,0.2687563270654467,0.22227151140003337
7383,0.2496954367227103,0.2478443453489495,0.27470048157743304,0.22775973635090707
7384,0.24958380963190333,0.22459757429554866,0.24978141890645997,0.276037197166088
7385,0.23133784794858225,0.26683651310152184,0.27435355032843534,0.22747208862146057
7386,0.22227151140003337,0.28670065013448653,0.2687563270654467,0.22227151140003337
7387,0.2761068153594292,0.22292079178253005,0.23747585771932528,0.2634965351387154
7388,0.2496954367227103,0.2478443453489495,0.27470048157743304,0.22775973635090707
7389,0.22227151140003337,0.28670065013448653,0.2687563270654467,0.22227151140003337
7390,0.2496954367227103,0.2478443453489495,0.27470048157743304,0.22775973635090707
7391,0.25491576985844167,0.22457320361743632,0.24450378165694137,0.27600724486718065
7392,0.22681571995332445,0.2767465803792093,0.2738842887563536,0.22255341091111264
7393,0.24958380963190333,0.22459757429554866,0.24978141890645997,0.276037197166088
7394,0.2764223240926711,0.2461650096075887,0.24969487650034067,0.22771778979939955
7395,0.2496954367227103,0.2478443453489495,0.27470048157743304,0.22775973635090707
7396,0.26282835950317324,0.2593456232130386,0.24991106603656116,0.22791495124722694
7397,0.2496954367227103,0.2478443453489495,0.27470048157743304,0.22775973635090707
7398,0.22227151140003337,0.28670065013448653,0.2687563270654467,0.22227151140003337
7399,0.24671842605155303,0.28551653147963335,0.24494252031088815,0.22282252215792553
7400,0.27055697202169154,0.22273234434830128,0.2311491852506253,0.27556149837938193
7401,0.22227151140003337,0.28670065013448653,0.2687563270654467,0.22227151140003337
7402,0.2756358381517024,0.22254053817697775,0.2264994253397732,0.27532419833154664
7403,0.2764223240926711,0.2461650096075887,0.24969487650034067,0.22771778979939955
7404,0.2765487086363895,0.23569615097861057,0.24692313077228814,0.24083200961271184
7405,0.22227151140003337,0.28670065013448653,0.2687563270654467,0.22227151140003337
7406,0.24671842605155303,0.28551653147963335,0.24494252031088815,0.22282252215792553
7407,0.2496954367227103,0.2478443453489495,0.27470048157743304,0.22775973635090707
7408,0.2693561755251043,0.23583967546139117,0.2538254874954765,0.24097866151802794
7409,0.22227151140003337,0.28670065013448653,0.2687563270654467,0.22227151140003337
7410,0.24823410045200106,0.28389801300795603,0.2449963740274313,0.22287151251261153
7411,0.22227151140003337,0.28670065013448653,0.2687563270654467,0.22227151140003337
7412,0.24958380963190333,0.22459757429554866,0.24978141890645997,0.276037197166088
7413,0.24958380963190333,0.22459757429554866,0.24978141890645997,0.276037197166088
7414,0.24958380963190333,0.22459757429554866,0.24978141890645997,0.276037197166088
7415,0.22227151140003337,0.28670065013448653,0.2687563270654467,0.22227151140003337
7416,0.2765487086363895,0.23569615097861057,0.24692313077228814,0.24083200961271184
7417,0.22227151140003337,0.28670065013448653,0.2687563270654467,0.22227151140003337
7418,0.24958380963190333,0.22459757429554866,0.24978141890645997,0.276037197166088
7419,0.2306621982024805,0.2852415355675873,0.2614883561030077,0.2226079101269245
7420,0.2765487086363895,0.23569615097861057,0.24692313077228814,0.24083200961271184
7421,0.24958380963190333,0.22459757429554866,0.24978141890645997,0.276037197166088
7422,0.24974637905356042,0.22474386863175846,0.2616096963255617,0.2639000559891193
7423,0.24973808021879731,0.2247364006066489,0.25959378019870055,0.26593173897585326
7424,0.2496954367227103,0.2478443453489495,0.27470048157743304,0.22775973635090707
7425,0.24958380963190333,0.22459757429554866,0.24978141890645997,0.276037197166088
7426,0.22227151140003337,0.28670065013448653,0.2687563270654467,0.22227151140003337
7427,0.22227151140003337,0.28670065013448653,0.2687563270654467,0.22227151140003337
7428,0.2764223240926711,0.2461650096075887,0.24969487650034067,0.22771778979939955
7429,0.22227151140003337,0.28670065013448653,0.2687563270654467,0.22227151140003337
7430,0.22912941785406846,0.2742043441954423,0.2740103731474893,0.22265586480299995
7431,0.2496954367227103,0.2478443453489495,0.27470048157743304,0.22775973635090707
7432,0.22227151140003337,0.28670065013448653,0.2687563270654467,0.22227151140003337
7433,0.22227151140003337,0.28670065013448653,0.2687563270654467,0.22227151140003337
7434,0.27323697783904977,0.23577313597537763,0.2500792140601109,0.24091067212546166
7435,0.25850361612021977,0.22302150323001926,0.24255563874215877,0.27591924190760214
7436,0.22680395398311315,0.2793681010290941,0.27128607894139994,0.22254186604639276
7437,0.23873655069907015,0.26080582120947343,0.2727705039922206,0.22768712409923583
7438,0.2496954367227103,0.2478443453489495,0.27470048157743304,0.22775973635090707
7439,0.25850361612021977,0.22302150323001926,0.24255563874215877,0.27591924190760214
7440,0.2496954367227103,0.2478443453489495,0.27470048157743304,0.22775973635090707
7441,0.22227151140003337,0.28670065013448653,0.2687563270654467,0.22227151140003337
7442,0.2764223240926711,0.2461650096075887,0.24969487650034067,0.22771778979939955
7443,0.24958380963190333,0.22459757429554866,0.24978141890645997,0.276037197166088
7444,0.2756358381517024,0.22254053817697775,0.2264994253397732,0.27532419833154664
7445,0.23133784794858225,0.26683651310152184,0.27435355032843534,0.22747208862146057
7446,0.22227151140003337,0.28670065013448653,0.2687563270654467,0.22227151140003337
7447,0.22227151140003337,0.28670065013448653,0.2687563270654467,0.22227151140003337
7448,0.22227151140003337,0.28670065013448653,0.2687563270654467,0.22227151140003337
7449,0.25850361612021977,0.22302150323001926,0.24255563874215877,0.27591924190760214
7450,0.24958380963190333,0.22459757429554866,0.24978141890645997,0.276037197166088
7451,0.22227151140003337,0.28670065013448653,0.2687563270654467,0.22227151140003337
7452,0.2496954367227103,0.2478443453489495,0.27470048157743304,0.22775973635090707
7453,0.22227151140003337,0.28670065013448653,0.2687563270654467,0.22227151140003337
7454,0.2756358381517024,0.22254053817697775,0.2264994253397732,0.27532419833154664
7455,0.24671842605155303,0.28551653147963335,0.24494252031088815,0.22282252215792553
7456,0.24958380963190333,0.22459757429554866,0.24978141890645997,0.276037197166088
7457,0.22227151140003337,0.28670065013448653,0.2687563270654467,0.22227151140003337
7458,0.2756358381517024,0.22254053817697775,0.2264994253397732,0.27532419833154664
7459,0.24958380963190333,0.22459757429554866,0.24978141890645997,0.276037197166088
7460,0.22227151140003337,0.28670065013448653,0.2687563270654467,0.22227151140003337
7461,0.22227151140003337,0.28670065013448653,0.2687563270654467,0.22227151140003337
7462,0.22227151140003337,0.28670065013448653,0.2687563270654467,0.22227151140003337
7463,0.24976552497064355,0.24357272518764644,0.2747775886151622,0.23188416122654784
7464,0.27649198822892346,0.24191539794815328,0.2497578047676401,0.23183480905528323
7465,0.24958380963190333,0.22459757429554866,0.24978141890645997,0.276037197166088
7466,0.2756358381517024,0.22254053817697775,0.2264994253397732,0.27532419833154664
7467,0.24946990913265896,0.2701808234728931,0.25467964720869785,0.22566962018575024
7468,0.22227151140003337,0.28670065013448653,0.2687563270654467,0.22227151140003337
7469,0.22227151140003337,0.28670065013448653,0.2687563270654467,0.22227151140003337
7470,0.2765487086363895,0.23569615097861057,0.24692313077228814,0.24083200961271184
7471,0.22227151140003337,0.28670065013448653,0.2687563270654467,0.22227151140003337
7472,0.23999882224517097,0.26539891328564735,0.26685419699895246,0.22774806747022922
7473,0.22227151140003337,0.28670065013448653,0.2687563270654467,0.22227151140003337
7474,0.24671842605155303,0.28551653147963335,0.24494252031088815,0.22282252215792553
7475,0.22680395398311315,0.2793681010290941,0.27128607894139994,0.22254186604639276
7476,0.22227151140003337,0.28670065013448653,0.2687563270654467,0.22227151140003337
7477,0.2712777384514055,0.24201719612816364,0.25477270010446706,0.23193236531596376
7478,0.24958380963190333,0.22459757429554866,0.24978141890645997,0.276037197166088
7479,0.2686105331336013,0.22279506403807978,0.2329553084817064,0.27563909434661255
7480,0.22227151140003337,0.28670065013448653,0.2687563270654467,0.22227151140003337
7481,0.22227151140003337,0.28670065013448653,0.2687563270654467,0.22227151140003337
7482,0.2496954367227103,0.2478443453489495,0.27470048157743304,0.22775973635090707
7483,0.258841675878463,0.2463168241130093,0.26698327244468323,0.22785822756384452
7484,0.23707778393390375,0.2607430610461055,0.274546821419828,0.2276323336001627
7485,0.2390860761497665,0.25864514694776974,0.2745958186805001,0.22767295822196357
7486,0.22227151140003337,0.28670065013448653,0.2687563270654467,0.22227151140003337
7487,0.2496954367227103,0.2478443453489495,0.27470048157743304,0.22775973635090707
7488,0.2692615019054042,0.2289230857173495,0.2483558415318189,0.2534595708454274
7489,0.24958380963190333,0.22459757429554866,0.24978141890645997,0.276037197166088
7490,0.23625634768559436,0.28540884275892364,0.2555963297198422,0.22273847983563985
7491,0.2765487086363895,0.23569615097861057,0.24692313077228814,0.24083200961271184
7492,0.22227151140003337,0.28670065013448653,0.2687563270654467,0.22227151140003337
7493,0.22384037587458464,0.2867872019292172,0.26703380945467803,0.22233861274152023
7494,0.2764223240926711,0.2461650096075887,0.24969487650034067,0.22771778979939955
7495,0.24671842605155303,0.28551653147963335,0.24494252031088815,0.22282252215792553
7496,0.24958380963190333,0.22459757429554866,0.24978141890645997,0.276037197166088
7497,0.23133784794858225,0.26683651310152184,0.27435355032843534,0.22747208862146057
7498,0.24958380963190333,0.22459757429554866,0.24978141890645997,0.276037197166088
7499,0.24958380963190333,0.22459757429554866,0.24978141890645997,0.276037197166088
7500,0.22227151140003337,0.28670065013448653,0.2687563270654467,0.22227151140003337
7501,0.22227151140003337,0.28670065013448653,0.2687563270654467,0.22227151140003337
7502,0.22227151140003337,0.28670065013448653,0.2687563270654467,0.22227151140003337
7503,0.2764223240926711,0.2461650096075887,0.24969487650034067,0.22771778979939955
7504,0.2764223240926711,0.2461650096075887,0.24969487650034067,0.22771778979939955
7505,0.2760473864467348,0.2228728105682476,0.23560302121672097,0.26547678176829653
7506,0.22227151140003337,0.28670065013448653,0.2687563270654467,0.22227151140003337
7507,0.24671842605155303,0.28551653147963335,0.24494252031088815,0.22282252215792553
7508,0.24970239082789633,0.22470428413789129,0.2558981110668273,0.269695213967385
7509,0.2306621982024805,0.2852415355675873,0.2614883561030077,0.2226079101269245
7510,0.24958380963190333,0.22459757429554866,0.24978141890645997,0.276037197166088
7511,0.22227151140003337,0.28670065013448653,0.2687563270654467,0.22227151140003337
7512,0.22227151140003337,0.28670065013448653,0.2687563270654467,0.22227151140003337
7513,0.25653312679869816,0.2679687686679447,0.24980150461740327,0.22569659991595387
7514,0.24958380963190333,0.22459757429554866,0.24978141890645997,0.276037197166088
7515,0.22227151140003337,0.28670065013448653,0.2687563270654467,0.22227151140003337
7516,0.24501347543943025,0.27554526789788186,0.25638333547810027,0.2230579211845877
7517,0.24671842605155303,0.28551653147963335,0.24494252031088815,0.22282252215792553
7518,0.2496954367227103,0.2478443453489495,0.27470048157743304,0.22775973635090707
7519,0.2760473864467348,0.2228728105682476,0.23560302121672097,0.26547678176829653
7520,0.24958380963190333,0.22459757429554866,0.24978141890645997,0.276037197166088
7521,0.22227151140003337,0.28670065013448653,0.2687563270654467,0.22227151140003337
7522,0.25850361612021977,0.22302150323001926,0.24255563874215877,0.27591924190760214
7523,0.22227151140003337,0.28670065013448653,0.2687563270654467,0.22227151140003337
7524,0.2764223240926711,0.2461650096075887,0.24969487650034067,0.22771778979939955
7525,0.2686105331336013,0.22279506403807978,0.2329553084817064,0.27563909434661255
7526,0.2496954367227103,0.2478443453489495,0.27470048157743304,0.22775973635090707
7527,0.24958380963190333,0.22459757429554866,0.24978141890645997,0.276037197166088
7528,0.24958380963190333,0.22459757429554866,0.24978141890645997,0.276037197166088
7529,0.24958380963190333,0.22459757429554866,0.24978141890645997,0.276037197166088
7530,0.22227151140003337,0.28670065013448653,0.2687563270654467,0.22227151140003337
7531,0.22227151140003337,0.28670065013448653,0.2687563270654467,0.22227151140003337
7532,0.2756358381517024,0.22254053817697775,0.2264994253397732,0.27532419833154664
7533,0.24958380963190333,0.22459757429554866,0.24978141890645997,0.276037197166088
7534,0.2292504711286587,0.2714005244888186,0.2741551378540549,0.22519386652846785
7535,0.24958380963190333,0.22459757429554866,0.24978141890645997,0.276037197166088
7536,0.24671842605155303,0.28551653147963335,0.24494252031088815,0.22282252215792553
7537,0.24958380963190333,0.22459757429554866,0.24978141890645997,0.276037197166088
7538,0.22227151140003337,0.28670065013448653,0.2687563270654467,0.22227151140003337
7539,0.24958380963190333,0.22459757429554866,0.24978141890645997,0.276037197166088
7540,0.22367094972152926,0.2851186955091336,0.2688562244798326,0.22235413028950457
7541,0.24973808021879731,0.2247364006066489,0.25959378019870055,0.26593173897585326
7542,0.24958380963190333,0.22459757429554866,0.24978141890645997,0.276037197166088
7543,0.2756358381517024,0.22254053817697775,0.2264994253397732,0.27532419833154664
7544,0.2756358381517024,0.22254053817697775,0.2264994253397732,0.27532419833154664
7545,0.27086036431203836,0.22298210792150067,0.23858350015861282,0.26757402760784826
7546,0.2306621982024805,0.2852415355675873,0.2614883561030077,0.2226079101269245
7547,0.2756358381517024,0.22254053817697775,0.2264994253397732,0.27532419833154664
7548,0.2764223240926711,0.2461650096075887,0.24969487650034067,0.22771778979939955
7549,0.22227151140003337,0.28670065013448653,0.2687563270654467,0.22227151140003337
7550,0.24958380963190333,0.22459757429554866,0.24978141890645997,0.276037197166088
7551,0.22227151140003337,0.28670065013448653,0.2687563270654467,0.22227151140003337
7552,0.24958380963190333,0.22459757429554866,0.24978141890645997,0.276037197166088
7553,0.22227151140003337,0.28670065013448653,0.2687563270654467,0.22227151140003337
7554,0.24976552497064355,0.24357272518764644,0.2747775886151622,0.23188416122654784
7555,0.22367094972152926,0.2851186955091336,0.2688562244798326,0.22235413028950457
7556,0.2686105331336013,0.22279506403807978,0.2329553084817064,0.27563909434661255
7557,0.24958380963190333,0.22459757429554866,0.24978141890645997,0.276037197166088
7558,0.24958380963190333,0.22459757429554866,0.24978141890645997,0.276037197166088
7559,0.22227151140003337,0.28670065013448653,0.2687563270654467,0.22227151140003337
7560,0.2756358381517024,0.22254053817697775,0.2264994253397732,0.27532419833154664
7561,0.22227151140003337,0.28670065013448653,0.2687563270654467,0.22227151140003337
7562,0.24958380963190333,0.22459757429554866,0.24978141890645997,0.276037197166088
7563,0.2607165673939053,0.2614521130887857,0.24991383919411986,0.22791748032318912
7564,0.24964839435044703,0.22465569333437121,0.25263047797959803,0.2730654343355838
7565,0.2764223240926711,0.2461650096075887,0.24969487650034067,0.22771778979939955
7566,0.27591644091312084,0.2227670888677687,0.23217190276671734,0.2691445674523932
7567,0.22227151140003337,0.28670065013448653,0.2687563270654467,0.22227151140003337
7568,0.24958380963190333,0.22459757429554866,0.24978141890645997,0.276037197166088
7569,0.23133784794858225,0.26683651310152184,0.27435355032843534,0.22747208862146057
7570,0.25850361612021977,0.22302150323001926,0.24255563874215877,0.27591924190760214
7571,0.22227151140003337,0.28670065013448653,0.2687563270654467,0.22227151140003337
7572,0.24958380963190333,0.22459757429554866,0.24978141890645997,0.276037197166088
7573,0.22227151140003337,0.28670065013448653,0.2687563270654467,0.22227151140003337
7574,0.24958380963190333,0.22459757429554866,0.24978141890645997,0.276037197166088
7575,0.24976552497064355,0.24357272518764644,0.2747775886151622,0.23188416122654784
7576,0.24958380963190333,0.22459757429554866,0.24978141890645997,0.276037197166088
7577,0.25491576985844167,0.22457320361743632,0.24450378165694137,0.27600724486718065
7578,0.2496954367227103,0.2478443453489495,0.27470048157743304,0.22775973635090707
7579,0.24671842605155303,0.28551653147963335,0.24494252031088815,0.22282252215792553
7580,0.2670974752288366,0.24631594729841516,0.25872916101638715,0.22785741645636115
7581,0.24958380963190333,0.22459757429554866,0.24978141890645997,0.276037197166088
7582,0.27649198822892346,0.24191539794815328,0.2497578047676401,0.23183480905528323
7583,0.24958380963190333,0.22459757429554866,0.24978141890645997,0.276037197166088
7584,0.24958380963190333,0.22459757429554866,0.24978141890645997,0.276037197166088
7585,0.2712777384514055,0.24201719612816364,0.25477270010446706,0.23193236531596376
7586,0.24976552497064355,0.24357272518764644,0.2747775886151622,0.23188416122654784
7587,0.22227151140003337,0.28670065013448653,0.2687563270654467,0.22227151140003337
7588,0.24976552497064355,0.24357272518764644,0.2747775886151622,0.23188416122654784
7589,0.22227151140003337,0.28670065013448653,0.2687563270654467,0.22227151140003337
7590,0.24958380963190333,0.22459757429554866,0.24978141890645997,0.276037197166088
7591,0.27649198822892346,0.24191539794815328,0.2497578047676401,0.23183480905528323
7592,0.24958380963190333,0.22459757429554866,0.24978141890645997,0.276037197166088
7593,0.22227151140003337,0.28670065013448653,0.2687563270654467,0.22227151140003337
7594,0.24958380963190333,0.22459757429554866,0.24978141890645997,0.276037197166088
7595,0.2686105331336013,0.22279506403807978,0.2329553084817064,0.27563909434661255
7596,0.22227151140003337,0.28670065013448653,0.2687563270654467,0.22227151140003337
7597,0.24976552497064355,0.24357272518764644,0.2747775886151622,0.23188416122654784
7598,0.24012407192037208,0.28547918522123267,0.25160336642960446,0.22279337642879077
7599,0.22227151140003337,0.28670065013448653,0.2687563270654467,0.22227151140003337
7600,0.22227151140003337,0.28670065013448653,0.2687563270654467,0.22227151140003337
7601,0.2496954367227103,0.2478443453489495,0.27470048157743304,0.22775973635090707
7602,0.22227151140003337,0.28670065013448653,0.2687563270654467,0.22227151140003337
7603,0.22227151140003337,0.28670065013448653,0.2687563270654467,0.22227151140003337
7604,0.27240127288181515,0.22266736720773445,0.22945025038643385,0.2754811095240166
7605,0.23133784794858225,0.26683651310152184,0.27435355032843534,0.22747208862146057
7606,0.24974637905356042,0.22474386863175846,0.2616096963255617,0.2639000559891193
7607,0.2496954367227103,0.2478443453489495,0.27470048157743304,0.22775973635090707
7608,0.24974637905356042,0.22474386863175846,0.2616096963255617,0.2639000559891193
7609,0.24958380963190333,0.22459757429554866,0.24978141890645997,0.276037197166088
7610,0.24958380963190333,0.22459757429554866,0.24978141890645997,0.276037197166088
7611,0.2764120288420475,0.2287510994160474,0.24156772107180732,0.2532691506700977
7612,0.22227151140003337,0.28670065013448653,0.2687563270654467,0.22227151140003337
7613,0.23133784794858225,0.26683651310152184,0.27435355032843534,0.22747208862146057
7614,0.24958380963190333,0.22459757429554866,0.24978141890645997,0.276037197166088
7615,0.22367094972152926,0.2851186955091336,0.2688562244798326,0.22235413028950457
7616,0.24671842605155303,0.28551653147963335,0.24494252031088815,0.22282252215792553
7617,0.22227151140003337,0.28670065013448653,0.2687563270654467,0.22227151140003337
7618,0.2756358381517024,0.22254053817697775,0.2264994253397732,0.27532419833154664
7619,0.2765487086363895,0.23569615097861057,0.24692313077228814,0.24083200961271184
7620,0.2649762004114643,0.24632831788390322,0.26082662169506143,0.22786886000957104
7621,0.2764223240926711,0.2461650096075887,0.24969487650034067,0.22771778979939955
7622,0.2306621982024805,0.2852415355675873,0.2614883561030077,0.2226079101269245
7623,0.22227151140003337,0.28670065013448653,0.2687563270654467,0.22227151140003337
7624,0.22227151140003337,0.28670065013448653,0.2687563270654467,0.22227151140003337
7625,0.24958380963190333,0.22459757429554866,0.24978141890645997,0.276037197166088
7626,0.22227151140003337,0.28670065013448653,0.2687563270654467,0.22227151140003337
7627,0.24958380963190333,0.22459757429554866,0.24978141890645997,0.276037197166088
7628,0.2764223240926711,0.2461650096075887,0.24969487650034067,0.22771778979939955
7629,0.24976552497064355,0.24357272518764644,0.2747775886151622,0.23188416122654784
7630,0.24958380963190333,0.22459757429554866,0.24978141890645997,0.276037197166088
7631,0.22227151140003337,0.28670065013448653,0.2687563270654467,0.22227151140003337
7632,0.22227151140003337,0.28670065013448653,0.2687563270654467,0.22227151140003337
7633,0.2756358381517024,0.22254053817697775,0.2264994253397732,0.27532419833154664
7634,0.24976552497064355,0.24357272518764644,0.2747775886151622,0.23188416122654784
7635,0.22227151140003337,0.28670065013448653,0.2687563270654467,0.22227151140003337
7636,0.24194968366543873,0.28549982092983456,0.24974101447714078,0.22280948092758585
7637,0.24958380963190333,0.22459757429554866,0.24978141890645997,0.276037197166088
7638,0.2496954367227103,0.2478443453489495,0.27470048157743304,0.22775973635090707
7639,0.22227151140003337,0.28670065013448653,0.2687563270654467,0.22227151140003337
7640,0.22681571995332445,0.2767465803792093,0.2738842887563536,0.22255341091111264
7641,0.24671842605155303,0.28551653147963335,0.24494252031088815,0.22282252215792553
7642,0.2764223240926711,0.2461650096075887,0.24969487650034067,0.22771778979939955
7643,0.24958380963190333,0.22459757429554866,0.24978141890645997,0.276037197166088
7644,0.22227151140003337,0.28670065013448653,0.2687563270654467,0.22227151140003337
7645,0.2761068153594292,0.22292079178253005,0.23747585771932528,0.2634965351387154
7646,0.27649198822892346,0.24191539794815328,0.2497578047676401,0.23183480905528323
7647,0.24671842605155303,0.28551653147963335,0.24494252031088815,0.22282252215792553
7648,0.26921176827130733,0.24629541320679824,0.25665439736452395,0.2278384211573704
7649,0.2292504711286587,0.2714005244888186,0.2741551378540549,0.22519386652846785
7650,0.25850361612021977,0.22302150323001926,0.24255563874215877,0.27591924190760214
7651,0.22227151140003337,0.28670065013448653,0.2687563270654467,0.22227151140003337
7652,0.27649198822892346,0.24191539794815328,0.2497578047676401,0.23183480905528323
7653,0.22227151140003337,0.28670065013448653,0.2687563270654467,0.22227151140003337
7654,0.27055697202169154,0.22273234434830128,0.2311491852506253,0.27556149837938193
7655,0.22227151140003337,0.28670065013448653,0.2687563270654467,0.22227151140003337
7656,0.24958380963190333,0.22459757429554866,0.24978141890645997,0.276037197166088
7657,0.251267088896921,0.2245953318658973,0.24810313808481183,0.2760344411523699
7658,0.2496954367227103,0.2478443453489495,0.27470048157743304,0.22775973635090707
7659,0.2756358381517024,0.22254053817697775,0.2264994253397732,0.27532419833154664
7660,0.24976552497064355,0.24357272518764644,0.2747775886151622,0.23188416122654784
7661,0.24958380963190333,0.22459757429554866,0.24978141890645997,0.276037197166088
7662,0.22227151140003337,0.28670065013448653,0.2687563270654467,0.22227151140003337
7663,0.22227151140003337,0.28670065013448653,0.2687563270654467,0.22227151140003337
7664,0.24958380963190333,0.22459757429554866,0.24978141890645997,0.276037197166088
7665,0.26889729551862807,0.2230329148892375,0.24043479464876943,0.26763499494336507
7666,0.22227151140003337,0.28670065013448653,0.2687563270654467,0.22227151140003337
7667,0.22227151140003337,0.28670065013448653,0.2687563270654467,0.22227151140003337
7668,0.22680395398311315,0.2793681010290941,0.27128607894139994,0.22254186604639276
7669,0.22227151140003337,0.28670065013448653,0.2687563270654467,0.22227151140003337
7670,0.24976552497064355,0.24357272518764644,0.2747775886151622,0.23188416122654784
7671,0.2756358381517024,0.22254053817697775,0.2264994253397732,0.27532419833154664
7672,0.2764223240926711,0.2461650096075887,0.24969487650034067,0.22771778979939955
7673,0.24194968366543873,0.28549982092983456,0.24974101447714078,0.22280948092758585
7674,0.27649198822892346,0.24191539794815328,0.2497578047676401,0.23183480905528323
7675,0.24964839435044703,0.22465569333437121,0.25263047797959803,0.2730654343355838
7676,0.22227151140003337,0.28670065013448653,0.2687563270654467,0.22227151140003337
7677,0.2496954367227103,0.2478443453489495,0.27470048157743304,0.22775973635090707
7678,0.24974637905356042,0.22474386863175846,0.2616096963255617,0.2639000559891193
7679,0.22227151140003337,0.28670065013448653,0.2687563270654467,0.22227151140003337
7680,0.22227151140003337,0.28670065013448653,0.2687563270654467,0.22227151140003337
7681,0.22227151140003337,0.28670065013448653,0.2687563270654467,0.22227151140003337
7682,0.22227151140003337,0.28670065013448653,0.2687563270654467,0.22227151140003337
7683,0.2765487086363895,0.23569615097861057,0.24692313077228814,0.24083200961271184
7684,0.24976552497064355,0.24357272518764644,0.2747775886151622,0.23188416122654784
7685,0.2496954367227103,0.2478443453489495,0.27470048157743304,0.22775973635090707
7686,0.22227151140003337,0.28670065013448653,0.2687563270654467,0.22227151140003337
7687,0.22227151140003337,0.28670065013448653,0.2687563270654467,0.22227151140003337
7688,0.23707778393390375,0.2607430610461055,0.274546821419828,0.2276323336001627
7689,0.24958380963190333,0.22459757429554866,0.24978141890645997,0.276037197166088
7690,0.22227151140003337,0.28670065013448653,0.2687563270654467,0.22227151140003337
7691,0.2764223240926711,0.2461650096075887,0.24969487650034067,0.22771778979939955
7692,0.24958380963190333,0.22459757429554866,0.24978141890645997,0.276037197166088
7693,0.22227151140003337,0.28670065013448653,0.2687563270654467,0.22227151140003337
7694,0.251267088896921,0.2245953318658973,0.24810313808481183,0.2760344411523699
7695,0.2496954367227103,0.2478443453489495,0.27470048157743304,0.22775973635090707
7696,0.26927965114886504,0.24204358266971185,0.25671911384828994,0.23195765233313315
7697,0.24964839435044703,0.22465569333437121,0.25263047797959803,0.2730654343355838
7698,0.22227151140003337,0.28670065013448653,0.2687563270654467,0.22227151140003337
7699,0.24973808021879731,0.2247364006066489,0.25959378019870055,0.26593173897585326
7700,0.24958380963190333,0.22459757429554866,0.24978141890645997,0.276037197166088
7701,0.2665502291945223,0.22285482973899404,0.2348819053884322,0.2757130356780515
7702,0.27591644091312084,0.2227670888677687,0.23217190276671734,0.2691445674523932
7703,0.2496954367227103,0.2478443453489495,0.27470048157743304,0.22775973635090707
7704,0.23133784794858225,0.26683651310152184,0.27435355032843534,0.22747208862146057
7705,0.22227151140003337,0.28670065013448653,0.2687563270654467,0.22227151140003337
7706,0.22227151140003337,0.28670065013448653,0.2687563270654467,0.22227151140003337
7707,0.23133784794858225,0.26683651310152184,0.27435355032843534,0.22747208862146057
7708,0.2764223240926711,0.2461650096075887,0.24969487650034067,0.22771778979939955
7709,0.24958380963190333,0.22459757429554866,0.24978141890645997,0.276037197166088
7710,0.22227151140003337,0.28670065013448653,0.2687563270654467,0.22227151140003337
7711,0.24958380963190333,0.22459757429554866,0.24978141890645997,0.276037197166088
7712,0.24958380963190333,0.22459757429554866,0.24978141890645997,0.276037197166088
7713,0.22367094972152926,0.2851186955091336,0.2688562244798326,0.22235413028950457
7714,0.22227151140003337,0.28670065013448653,0.2687563270654467,0.22227151140003337
7715,0.24958380963190333,0.22459757429554866,0.24978141890645997,0.276037197166088
7716,0.2496954367227103,0.2478443453489495,0.27470048157743304,0.22775973635090707
7717,0.22227151140003337,0.28670065013448653,0.2687563270654467,0.22227151140003337
7718,0.24194968366543873,0.28549982092983456,0.24974101447714078,0.22280948092758585
7719,0.24958380963190333,0.22459757429554866,0.24978141890645997,0.276037197166088
7720,0.2496954367227103,0.2478443453489495,0.27470048157743304,0.22775973635090707
7721,0.24958380963190333,0.22459757429554866,0.24978141890645997,0.276037197166088
7722,0.24958380963190333,0.22459757429554866,0.24978141890645997,0.276037197166088
7723,0.2761068153594292,0.22292079178253005,0.23747585771932528,0.2634965351387154
7724,0.2644829580810333,0.22290787370111398,0.23683050725432914,0.2757786609635237
7725,0.24671842605155303,0.28551653147963335,0.24494252031088815,0.22282252215792553
7726,0.22227151140003337,0.28670065013448653,0.2687563270654467,0.22227151140003337
7727,0.22227151140003337,0.28670065013448653,0.2687563270654467,0.22227151140003337
7728,0.2496954367227103,0.2478443453489495,0.27470048157743304,0.22775973635090707
7729,0.2671648305950133,0.2420637673673664,0.25879440610103616,0.2319769959365841
7730,0.2665502291945223,0.22285482973899404,0.2348819053884322,0.2757130356780515
7731,0.22227151140003337,0.28670065013448653,0.2687563270654467,0.22227151140003337
7732,0.2496954367227103,0.2478443453489495,0.27470048157743304,0.22775973635090707
7733,0.24671842605155303,0.28551653147963335,0.24494252031088815,0.22282252215792553
7734,0.24958380963190333,0.22459757429554866,0.24978141890645997,0.276037197166088
7735,0.27134880674701245,0.2358087303263046,0.2518954208434218,0.24094704208326115
7736,0.23133784794858225,0.26683651310152184,0.27435355032843534,0.22747208862146057
7737,0.24958380963190333,0.22459757429554866,0.24978141890645997,0.276037197166088
7738,0.24671842605155303,0.28551653147963335,0.24494252031088815,0.22282252215792553
7739,0.22227151140003337,0.28670065013448653,0.2687563270654467,0.22227151140003337
7740,0.22227151140003337,0.28670065013448653,0.2687563270654467,0.22227151140003337
7741,0.22227151140003337,0.28670065013448653,0.2687563270654467,0.22227151140003337
7742,0.22227151140003337,0.28670065013448653,0.2687563270654467,0.22227151140003337
7743,0.23124781475814604,0.2692362700512223,0.2742467760774314,0.2252691391132003
7744,0.23676963299739742,0.2628701026094208,0.2727174366723154,0.22764282772086641
7745,0.2496954367227103,0.2478443453489495,0.27470048157743304,0.22775973635090707
7746,0.2756358381517024,0.22254053817697775,0.2264994253397732,0.27532419833154664
7747,0.27055697202169154,0.22273234434830128,0.2311491852506253,0.27556149837938193
7748,0.22227151140003337,0.28670065013448653,0.2687563270654467,0.22227151140003337
7749,0.22840169320237919,0.279448625928819,0.2695436694837609,0.22260601138504085
7750,0.24958380963190333,0.22459757429554866,0.24978141890645997,0.276037197166088
7751,0.22227151140003337,0.28670065013448653,0.2687563270654467,0.22227151140003337
7752,0.24958380963190333,0.22459757429554866,0.24978141890645997,0.276037197166088
7753,0.2692615019054042,0.2289230857173495,0.2483558415318189,0.2534595708454274
7754,0.2764223240926711,0.2461650096075887,0.24969487650034067,0.22771778979939955
7755,0.2692615019054042,0.2289230857173495,0.2483558415318189,0.2534595708454274
7756,0.27649198822892346,0.24191539794815328,0.2497578047676401,0.23183480905528323
7757,0.2761068153594292,0.22292079178253005,0.23747585771932528,0.2634965351387154
7758,0.2496954367227103,0.2478443453489495,0.27470048157743304,0.22775973635090707
7759,0.24958380963190333,0.22459757429554866,0.24978141890645997,0.276037197166088
7760,0.24292283574736154,0.25468507578998073,0.27466323445544255,0.22772885400721524
7761,0.22227151140003337,0.28670065013448653,0.2687563270654467,0.22227151140003337
7762,0.2496954367227103,0.2478443453489495,0.27470048157743304,0.22775973635090707
7763,0.24671842605155303,0.28551653147963335,0.24494252031088815,0.22282252215792553
7764,0.22681571995332445,0.2767465803792093,0.2738842887563536,0.22255341091111264
7765,0.22227151140003337,0.28670065013448653,0.2687563270654467,0.22227151140003337
7766,0.2686105331336013,0.22279506403807978,0.2329553084817064,0.27563909434661255
7767,0.2496954367227103,0.2478443453489495,0.27470048157743304,0.22775973635090707
7768,0.2756358381517024,0.22254053817697775,0.2264994253397732,0.27532419833154664
7769,0.22227151140003337,0.28670065013448653,0.2687563270654467,0.22227151140003337
7770,0.27134880674701245,0.2358087303263046,0.2518954208434218,0.24094704208326115
7771,0.22681571995332445,0.2767465803792093,0.2738842887563536,0.22255341091111264
7772,0.22227151140003337,0.28670065013448653,0.2687563270654467,0.22227151140003337
7773,0.2665502291945223,0.22285482973899404,0.2348819053884322,0.2757130356780515
7774,0.22227151140003337,0.28670065013448653,0.2687563270654467,0.22227151140003337
7775,0.22227151140003337,0.28670065013448653,0.2687563270654467,0.22227151140003337
7776,0.22227151140003337,0.28670065013448653,0.2687563270654467,0.22227151140003337
7777,0.2693561755251043,0.23583967546139117,0.2538254874954765,0.24097866151802794
7778,0.2496954367227103,0.2478443453489495,0.27470048157743304,0.22775973635090707
7779,0.2496954367227103,0.2478443453489495,0.27470048157743304,0.22775973635090707
7780,0.22227151140003337,0.28670065013448653,0.2687563270654467,0.22227151140003337
7781,0.22227151140003337,0.28670065013448653,0.2687563270654467,0.22227151140003337
7782,0.2761068153594292,0.22292079178253005,0.23747585771932528,0.2634965351387154
7783,0.2496954367227103,0.2478443453489495,0.27470048157743304,0.22775973635090707
7784,0.24991780735486605,0.23052533148517196,0.26600601904899385,0.2535508421109681
7785,0.24958380963190333,0.22459757429554866,0.24978141890645997,0.276037197166088
7786,0.2496954367227103,0.2478443453489495,0.27470048157743304,0.22775973635090707
7787,0.22227151140003337,0.28670065013448653,0.2687563270654467,0.22227151140003337
7788,0.2306621982024805,0.2852415355675873,0.2614883561030077,0.2226079101269245
7789,0.24958380963190333,0.22459757429554866,0.24978141890645997,0.276037197166088
7790,0.2306621982024805,0.2852415355675873,0.2614883561030077,0.2226079101269245
7791,0.2764223240926711,0.2461650096075887,0.24969487650034067,0.22771778979939955
7792,0.22227151140003337,0.28670065013448653,0.2687563270654467,0.22227151140003337
7793,0.22227151140003337,0.28670065013448653,0.2687563270654467,0.22227151140003337
7794,0.24012407192037208,0.28547918522123267,0.25160336642960446,0.22279337642879077
7795,0.22227151140003337,0.28670065013448653,0.2687563270654467,0.22227151140003337
7796,0.2496954367227103,0.2478443453489495,0.27470048157743304,0.22775973635090707
7797,0.22227151140003337,0.28670065013448653,0.2687563270654467,0.22227151140003337
7798,0.24671842605155303,0.28551653147963335,0.24494252031088815,0.22282252215792553
7799,0.22227151140003337,0.28670065013448653,0.2687563270654467,0.22227151140003337
7800,0.22227151140003337,0.28670065013448653,0.2687563270654467,0.22227151140003337
7801,0.2764223240926711,0.2461650096075887,0.24969487650034067,0.22771778979939955
7802,0.24958380963190333,0.22459757429554866,0.24978141890645997,0.276037197166088
7803,0.27649198822892346,0.24191539794815328,0.2497578047676401,0.23183480905528323
7804,0.2756358381517024,0.22254053817697775,0.2264994253397732,0.27532419833154664
7805,0.22227151140003337,0.28670065013448653,0.2687563270654467,0.22227151140003337
7806,0.24958380963190333,0.22459757429554866,0.24978141890645997,0.276037197166088
7807,0.2756358381517024,0.22254053817697775,0.2264994253397732,0.27532419833154664
7808,0.24958380963190333,0.22459757429554866,0.24978141890645997,0.276037197166088
7809,0.22227151140003337,0.28670065013448653,0.2687563270654467,0.22227151140003337
7810,0.2496954367227103,0.2478443453489495,0.27470048157743304,0.22775973635090707
7811,0.22227151140003337,0.28670065013448653,0.2687563270654467,0.22227151140003337
7812,0.22227151140003337,0.28670065013448653,0.2687563270654467,0.22227151140003337
7813,0.24958380963190333,0.22459757429554866,0.24978141890645997,0.276037197166088
7814,0.22227151140003337,0.28670065013448653,0.2687563270654467,0.22227151140003337
7815,0.2756358381517024,0.22254053817697775,0.2264994253397732,0.27532419833154664
7816,0.2764223240926711,0.2461650096075887,0.24969487650034067,0.22771778979939955
7817,0.22227151140003337,0.28670065013448653,0.2687563270654467,0.22227151140003337
7818,0.2712777384514055,0.24201719612816364,0.25477270010446706,0.23193236531596376
7819,0.22227151140003337,0.28670065013448653,0.2687563270654467,0.22227151140003337
7820,0.27055697202169154,0.22273234434830128,0.2311491852506253,0.27556149837938193
7821,0.27055697202169154,0.22273234434830128,0.2311491852506253,0.27556149837938193
7822,0.24671842605155303,0.28551653147963335,0.24494252031088815,0.22282252215792553
7823,0.24958380963190333,0.22459757429554866,0.24978141890645997,0.276037197166088
7824,0.22227151140003337,0.28670065013448653,0.2687563270654467,0.22227151140003337
7825,0.27055697202169154,0.22273234434830128,0.2311491852506253,0.27556149837938193
7826,0.23707778393390375,0.2607430610461055,0.274546821419828,0.2276323336001627
7827,0.22227151140003337,0.28670065013448653,0.2687563270654467,0.22227151140003337
7828,0.2496954367227103,0.2478443453489495,0.27470048157743304,0.22775973635090707
7829,0.24964839435044703,0.22465569333437121,0.25263047797959803,0.2730654343355838
7830,0.22227151140003337,0.28670065013448653,0.2687563270654467,0.22227151140003337
7831,0.258841675878463,0.2463168241130093,0.26698327244468323,0.22785822756384452
7832,0.22227151140003337,0.28670065013448653,0.2687563270654467,0.22227151140003337
7833,0.24958380963190333,0.22459757429554866,0.24978141890645997,0.276037197166088
7834,0.24958380963190333,0.22459757429554866,0.24978141890645997,0.276037197166088
7835,0.2756358381517024,0.22254053817697775,0.2264994253397732,0.27532419833154664
7836,0.22227151140003337,0.28670065013448653,0.2687563270654467,0.22227151140003337
7837,0.27310225409575006,0.24623653057826325,0.2528772642253028,0.2277839511006839
7838,0.2756358381517024,0.22254053817697775,0.2264994253397732,0.27532419833154664
7839,0.22227151140003337,0.28670065013448653,0.2687563270654467,0.22227151140003337
7840,0.24958380963190333,0.22459757429554866,0.24978141890645997,0.276037197166088
7841,0.24958380963190333,0.22459757429554866,0.24978141890645997,0.276037197166088
7842,0.2496954367227103,0.2478443453489495,0.27470048157743304,0.22775973635090707
7843,0.2496954367227103,0.2478443453489495,0.27470048157743304,0.22775973635090707
7844,0.22367094972152926,0.2851186955091336,0.2688562244798326,0.22235413028950457
7845,0.22680395398311315,0.2793681010290941,0.27128607894139994,0.22254186604639276
7846,0.22367094972152926,0.2851186955091336,0.2688562244798326,0.22235413028950457
7847,0.2496954367227103,0.2478443453489495,0.27470048157743304,0.22775973635090707
7848,0.27649198822892346,0.24191539794815328,0.2497578047676401,0.23183480905528323
7849,0.24958380963190333,0.22459757429554866,0.24978141890645997,0.276037197166088
7850,0.24958380963190333,0.22459757429554866,0.24978141890645997,0.276037197166088
7851,0.24958380963190333,0.22459757429554866,0.24978141890645997,0.276037197166088
7852,0.2292504711286587,0.2714005244888186,0.2741551378540549,0.22519386652846785
7853,0.2306621982024805,0.2852415355675873,0.2614883561030077,0.2226079101269245
7854,0.22227151140003337,0.28670065013448653,0.2687563270654467,0.22227151140003337
7855,0.2306621982024805,0.2852415355675873,0.2614883561030077,0.2226079101269245
7856,0.2496954367227103,0.2478443453489495,0.27470048157743304,0.22775973635090707
7857,0.2764223240926711,0.2461650096075887,0.24969487650034067,0.22771778979939955
7858,0.24989926473259494,0.23738924308673573,0.27174866328989533,0.24096282889077394
7859,0.27086036431203836,0.22298210792150067,0.23858350015861282,0.26757402760784826
7860,0.2756358381517024,0.22254053817697775,0.2264994253397732,0.27532419833154664
7861,0.27649198822892346,0.24191539794815328,0.2497578047676401,0.23183480905528323
7862,0.22227151140003337,0.28670065013448653,0.2687563270654467,0.22227151140003337
7863,0.22227151140003337,0.28670065013448653,0.2687563270654467,0.22227151140003337
7864,0.22227151140003337,0.28670065013448653,0.2687563270654467,0.22227151140003337
7865,0.22227151140003337,0.28670065013448653,0.2687563270654467,0.22227151140003337
7866,0.22227151140003337,0.28670065013448653,0.2687563270654467,0.22227151140003337
7867,0.22227151140003337,0.28670065013448653,0.2687563270654467,0.22227151140003337
7868,0.24958380963190333,0.22459757429554866,0.24978141890645997,0.276037197166088
7869,0.22227151140003337,0.28670065013448653,0.2687563270654467,0.22227151140003337
7870,0.27649198822892346,0.24191539794815328,0.2497578047676401,0.23183480905528323
7871,0.22912941785406846,0.2742043441954423,0.2740103731474893,0.22265586480299995
7872,0.2496954367227103,0.2478443453489495,0.27470048157743304,0.22775973635090707
7873,0.2381928573629116,0.2854486199762488,0.25358899992956463,0.22276952273127495
7874,0.27649198822892346,0.24191539794815328,0.2497578047676401,0.23183480905528323
7875,0.24958380963190333,0.22459757429554866,0.24978141890645997,0.276037197166088
7876,0.24958380963190333,0.22459757429554866,0.24978141890645997,0.276037197166088
7877,0.2496954367227103,0.2478443453489495,0.27470048157743304,0.22775973635090707
7878,0.22227151140003337,0.28670065013448653,0.2687563270654467,0.22227151140003337
7879,0.2765487086363895,0.23569615097861057,0.24692313077228814,0.24083200961271184
7880,0.27240127288181515,0.22266736720773445,0.22945025038643385,0.2754811095240166
7881,0.22227151140003337,0.28670065013448653,0.2687563270654467,0.22227151140003337
7882,0.2756358381517024,0.22254053817697775,0.2264994253397732,0.27532419833154664
7883,0.22227151140003337,0.28670065013448653,0.2687563270654467,0.22227151140003337
7884,0.24823410045200106,0.28389801300795603,0.2449963740274313,0.22287151251261153
7885,0.22227151140003337,0.28670065013448653,0.2687563270654467,0.22227151140003337
7886,0.2496954367227103,0.2478443453489495,0.27470048157743304,0.22775973635090707
7887,0.24958380963190333,0.22459757429554866,0.24978141890645997,0.276037197166088
7888,0.24958380963190333,0.22459757429554866,0.24978141890645997,0.276037197166088
7889,0.26894755388710295,0.22307460095527584,0.24226069910979028,0.2657171460478309
7890,0.22681571995332445,0.2767465803792093,0.2738842887563536,0.22255341091111264
7891,0.2764223240926711,0.2461650096075887,0.24969487650034067,0.22771778979939955
7892,0.24973808021879731,0.2247364006066489,0.25959378019870055,0.26593173897585326
7893,0.22227151140003337,0.28670065013448653,0.2687563270654467,0.22227151140003337
7894,0.2496954367227103,0.2478443453489495,0.27470048157743304,0.22775973635090707
7895,0.22227151140003337,0.28670065013448653,0.2687563270654467,0.22227151140003337
7896,0.24958380963190333,0.22459757429554866,0.24978141890645997,0.276037197166088
7897,0.22680395398311315,0.2793681010290941,0.27128607894139994,0.22254186604639276
7898,0.24958380963190333,0.22459757429554866,0.24978141890645997,0.276037197166088
7899,0.2496954367227103,0.2478443453489495,0.27470048157743304,0.22775973635090707
7900,0.24958380963190333,0.22459757429554866,0.24978141890645997,0.276037197166088
7901,0.24671842605155303,0.28551653147963335,0.24494252031088815,0.22282252215792553
7902,0.25491576985844167,0.22457320361743632,0.24450378165694137,0.27600724486718065
7903,0.2756358381517024,0.22254053817697775,0.2264994253397732,0.27532419833154664
7904,0.2292504711286587,0.2714005244888186,0.2741551378540549,0.22519386652846785
7905,0.2292504711286587,0.2714005244888186,0.2741551378540549,0.22519386652846785
7906,0.22227151140003337,0.28670065013448653,0.2687563270654467,0.22227151140003337
7907,0.25662894851913526,0.2655761118425382,0.24989481190383026,0.22790012773449628
7908,0.22367094972152926,0.2851186955091336,0.2688562244798326,0.22235413028950457
7909,0.2306621982024805,0.2852415355675873,0.2614883561030077,0.2226079101269245
7910,0.258841675878463,0.2463168241130093,0.26698327244468323,0.22785822756384452
7911,0.25850361612021977,0.22302150323001926,0.24255563874215877,0.27591924190760214
7912,0.24958380963190333,0.22459757429554866,0.24978141890645997,0.276037197166088
7913,0.2764223240926711,0.2461650096075887,0.24969487650034067,0.22771778979939955
7914,0.2551628273252194,0.24794673527046868,0.2690366085232833,0.22785382888102865
7915,0.22227151140003337,0.28670065013448653,0.2687563270654467,0.22227151140003337
7916,0.2756358381517024,0.22254053817697775,0.2264994253397732,0.27532419833154664
7917,0.2496954367227103,0.2478443453489495,0.27470048157743304,0.22775973635090707
7918,0.2306621982024805,0.2852415355675873,0.2614883561030077,0.2226079101269245
7919,0.22227151140003337,0.28670065013448653,0.2687563270654467,0.22227151140003337
7920,0.24958380963190333,0.22459757429554866,0.24978141890645997,0.276037197166088
7921,0.27055697202169154,0.22273234434830128,0.2311491852506253,0.27556149837938193
7922,0.2390860761497665,0.25864514694776974,0.2745958186805001,0.22767295822196357
7923,0.2764223240926711,0.2461650096075887,0.24969487650034067,0.22771778979939955
7924,0.22227151140003337,0.28670065013448653,0.2687563270654467,0.22227151140003337
7925,0.2764223240926711,0.2461650096075887,0.24969487650034067,0.22771778979939955
7926,0.2756358381517024,0.22254053817697775,0.2264994253397732,0.27532419833154664
7927,0.24958380963190333,0.22459757429554866,0.24978141890645997,0.276037197166088
7928,0.2764223240926711,0.2461650096075887,0.24969487650034067,0.22771778979939955
7929,0.24958380963190333,0.22459757429554866,0.24978141890645997,0.276037197166088
7930,0.2496954367227103,0.2478443453489495,0.27470048157743304,0.22775973635090707
7931,0.22227151140003337,0.28670065013448653,0.2687563270654467,0.22227151140003337
7932,0.22227151140003337,0.28670065013448653,0.2687563270654467,0.22227151140003337
7933,0.22227151140003337,0.28670065013448653,0.2687563270654467,0.22227151140003337
7934,0.22227151140003337,0.28670065013448653,0.2687563270654467,0.22227151140003337
7935,0.22227151140003337,0.28670065013448653,0.2687563270654467,0.22227151140003337
7936,0.22227151140003337,0.28670065013448653,0.2687563270654467,0.22227151140003337
7937,0.22227151140003337,0.28670065013448653,0.2687563270654467,0.22227151140003337
7938,0.24368050777102804,0.2855120587271474,0.24798840196486135,0.2228190315369631
7939,0.22367094972152926,0.2851186955091336,0.2688562244798326,0.22235413028950457
7940,0.22227151140003337,0.28670065013448653,0.2687563270654467,0.22227151140003337
7941,0.22227151140003337,0.28670065013448653,0.2687563270654467,0.22227151140003337
7942,0.2607165673939053,0.2614521130887857,0.24991383919411986,0.22791748032318912
7943,0.2686105331336013,0.22279506403807978,0.2329553084817064,0.27563909434661255
7944,0.2764223240926711,0.2461650096075887,0.24969487650034067,0.22771778979939955
7945,0.24671842605155303,0.28551653147963335,0.24494252031088815,0.22282252215792553
7946,0.27055697202169154,0.22273234434830128,0.2311491852506253,0.27556149837938193
7947,0.25850361612021977,0.22302150323001926,0.24255563874215877,0.27591924190760214
7948,0.27649198822892346,0.24191539794815328,0.2497578047676401,0.23183480905528323
7949,0.24671842605155303,0.28551653147963335,0.24494252031088815,0.22282252215792553
7950,0.22227151140003337,0.28670065013448653,0.2687563270654467,0.22227151140003337
7951,0.24671842605155303,0.28551653147963335,0.24494252031088815,0.22282252215792553
7952,0.22227151140003337,0.28670065013448653,0.2687563270654467,0.22227151140003337
7953,0.2764223240926711,0.2461650096075887,0.24969487650034067,0.22771778979939955
7954,0.2712777384514055,0.24201719612816364,0.25477270010446706,0.23193236531596376
7955,0.2496954367227103,0.2478443453489495,0.27470048157743304,0.22775973635090707
7956,0.22227151140003337,0.28670065013448653,0.2687563270654467,0.22227151140003337
7957,0.22227151140003337,0.28670065013448653,0.2687563270654467,0.22227151140003337
7958,0.22227151140003337,0.28670065013448653,0.2687563270654467,0.22227151140003337
7959,0.27317110150798385,0.241985701952141,0.2529410130409701,0.23190218349890507
7960,0.22227151140003337,0.28670065013448653,0.2687563270654467,0.22227151140003337
7961,0.22227151140003337,0.28670065013448653,0.2687563270654467,0.22227151140003337
7962,0.22227151140003337,0.28670065013448653,0.2687563270654467,0.22227151140003337
7963,0.2764120288420475,0.2287510994160474,0.24156772107180732,0.2532691506700977
7964,0.24958380963190333,0.22459757429554866,0.24978141890645997,0.276037197166088
7965,0.24958380963190333,0.22459757429554866,0.24978141890645997,0.276037197166088
7966,0.2765487086363895,0.23569615097861057,0.24692313077228814,0.24083200961271184
7967,0.2644829580810333,0.22290787370111398,0.23683050725432914,0.2757786609635237
7968,0.22227151140003337,0.28670065013448653,0.2687563270654467,0.22227151140003337
7969,0.22227151140003337,0.28670065013448653,0.2687563270654467,0.22227151140003337
7970,0.2764223240926711,0.2461650096075887,0.24969487650034067,0.22771778979939955
7971,0.24958380963190333,0.22459757429554866,0.24978141890645997,0.276037197166088
7972,0.24958380963190333,0.22459757429554866,0.24978141890645997,0.276037197166088
7973,0.2496954367227103,0.2478443453489495,0.27470048157743304,0.22775973635090707
7974,0.24958380963190333,0.22459757429554866,0.24978141890645997,0.276037197166088
7975,0.2496954367227103,0.2478443453489495,0.27470048157743304,0.22775973635090707
7976,0.22227151140003337,0.28670065013448653,0.2687563270654467,0.22227151140003337
7977,0.22227151140003337,0.28670065013448653,0.2687563270654467,0.22227151140003337
7978,0.24671842605155303,0.28551653147963335,0.24494252031088815,0.22282252215792553
7979,0.24976552497064355,0.24357272518764644,0.2747775886151622,0.23188416122654784
7980,0.24958380963190333,0.22459757429554866,0.24978141890645997,0.276037197166088
7981,0.22227151140003337,0.28670065013448653,0.2687563270654467,0.22227151140003337
7982,0.22227151140003337,0.28670065013448653,0.2687563270654467,0.22227151140003337
7983,0.22227151140003337,0.28670065013448653,0.2687563270654467,0.22227151140003337
7984,0.2764223240926711,0.2461650096075887,0.24969487650034067,0.22771778979939955
7985,0.24958380963190333,0.22459757429554866,0.24978141890645997,0.276037197166088
7986,0.24958380963190333,0.22459757429554866,0.24978141890645997,0.276037197166088
7987,0.24958380963190333,0.22459757429554866,0.24978141890645997,0.276037197166088
7988,0.251267088896921,0.2245953318658973,0.24810313808481183,0.2760344411523699
7989,0.22227151140003337,0.28670065013448653,0.2687563270654467,0.22227151140003337
7990,0.22227151140003337,0.28670065013448653,0.2687563270654467,0.22227151140003337
7991,0.27577657016555096,0.22265416120332512,0.2291405938810971,0.2724286747500267
7992,0.24958380963190333,0.22459757429554866,0.24978141890645997,0.276037197166088
7993,0.22227151140003337,0.28670065013448653,0.2687563270654467,0.22227151140003337
7994,0.24958380963190333,0.22459757429554866,0.24978141890645997,0.276037197166088
7995,0.2516725393714356,0.27812935170325814,0.24717265347449,0.22302545545081615
7996,0.2496954367227103,0.2478443453489495,0.27470048157743304,0.22775973635090707
7997,0.2756358381517024,0.22254053817697775,0.2264994253397732,0.27532419833154664
7998,0.24958380963190333,0.22459757429554866,0.24978141890645997,0.276037197166088
7999,0.24958380963190333,0.22459757429554866,0.24978141890645997,0.276037197166088
8000,0.2496954367227103,0.2478443453489495,0.27470048157743304,0.22775973635090707
8001,0.2496954367227103,0.2478443453489495,0.27470048157743304,0.22775973635090707
8002,0.24958380963190333,0.22459757429554866,0.24978141890645997,0.276037197166088
8003,0.22227151140003337,0.28670065013448653,0.2687563270654467,0.22227151140003337
8004,0.2764223240926711,0.2461650096075887,0.24969487650034067,0.22771778979939955
8005,0.24958380963190333,0.22459757429554866,0.24978141890645997,0.276037197166088
8006,0.22227151140003337,0.28670065013448653,0.2687563270654467,0.22227151140003337
8007,0.2496954367227103,0.2478443453489495,0.27470048157743304,0.22775973635090707
8008,0.22227151140003337,0.28670065013448653,0.2687563270654467,0.22227151140003337
8009,0.2496954367227103,0.2478443453489495,0.27470048157743304,0.22775973635090707
8010,0.22227151140003337,0.28670065013448653,0.2687563270654467,0.22227151140003337
8011,0.27649198822892346,0.24191539794815328,0.2497578047676401,0.23183480905528323
8012,0.24958380963190333,0.22459757429554866,0.24978141890645997,0.276037197166088
8013,0.22227151140003337,0.28670065013448653,0.2687563270654467,0.22227151140003337
8014,0.24958380963190333,0.22459757429554866,0.24978141890645997,0.276037197166088
8015,0.27649198822892346,0.24191539794815328,0.2497578047676401,0.23183480905528323
8016,0.2764223240926711,0.2461650096075887,0.24969487650034067,0.22771778979939955
8017,0.24972282926461628,0.2247226764499426,0.2576696548611619,0.2678848394242792
8018,0.2496954367227103,0.2478443453489495,0.27470048157743304,0.22775973635090707
8019,0.2496954367227103,0.2478443453489495,0.27470048157743304,0.22775973635090707
8020,0.2759827874654471,0.22282065518759078,0.2338162697601553,0.2673802875868069
8021,0.22680395398311315,0.2793681010290941,0.27128607894139994,0.22254186604639276
8022,0.24976552497064355,0.24357272518764644,0.2747775886151622,0.23188416122654784
8023,0.24388517310322452,0.26134583964137853,0.26694414942827394,0.22782483782712304
8024,0.2496954367227103,0.2478443453489495,0.27470048157743304,0.22775973635090707
8025,0.2496954367227103,0.2478443453489495,0.27470048157743304,0.22775973635090707
8026,0.258841675878463,0.2463168241130093,0.26698327244468323,0.22785822756384452
8027,0.22227151140003337,0.28670065013448653,0.2687563270654467,0.22227151140003337
8028,0.24958380963190333,0.22459757429554866,0.24978141890645997,0.276037197166088
8029,0.22680395398311315,0.2793681010290941,0.27128607894139994,0.22254186604639276
8030,0.24958380963190333,0.22459757429554866,0.24978141890645997,0.276037197166088
8031,0.22227151140003337,0.28670065013448653,0.2687563270654467,0.22227151140003337
8032,0.2686105331336013,0.22279506403807978,0.2329553084817064,0.27563909434661255
8033,0.2761068153594292,0.22292079178253005,0.23747585771932528,0.2634965351387154
8034,0.22227151140003337,0.28670065013448653,0.2687563270654467,0.22227151140003337
8035,0.2496954367227103,0.2478443453489495,0.27470048157743304,0.22775973635090707
8036,0.2712093593280849,0.246268569917037,0.25470848129322726,0.2278135894616509
8037,0.2590113886602907,0.23588828982155052,0.2640719863249156,0.24102833519324324
8038,0.2496954367227103,0.2478443453489495,0.27470048157743304,0.22775973635090707
8039,0.22680395398311315,0.2793681010290941,0.27128607894139994,0.22254186604639276
8040,0.24958380963190333,0.22459757429554866,0.24978141890645997,0.276037197166088
8041,0.22227151140003337,0.28670065013448653,0.2687563270654467,0.22227151140003337
8042,0.24958380963190333,0.22459757429554866,0.24978141890645997,0.276037197166088
8043,0.2496954367227103,0.2478443453489495,0.27470048157743304,0.22775973635090707
8044,0.24974637905356042,0.22474386863175846,0.2616096963255617,0.2639000559891193
8045,0.2756358381517024,0.22254053817697775,0.2264994253397732,0.27532419833154664
8046,0.22227151140003337,0.28670065013448653,0.2687563270654467,0.22227151140003337
8047,0.24671842605155303,0.28551653147963335,0.24494252031088815,0.22282252215792553
8048,0.258841675878463,0.2463168241130093,0.26698327244468323,0.22785822756384452
8049,0.22227151140003337,0.28670065013448653,0.2687563270654467,0.22227151140003337
8050,0.25850361612021977,0.22302150323001926,0.24255563874215877,0.27591924190760214
8051,0.2765487086363895,0.23569615097861057,0.24692313077228814,0.24083200961271184
8052,0.26921176827130733,0.24629541320679824,0.25665439736452395,0.2278384211573704
8053,0.27055697202169154,0.22273234434830128,0.2311491852506253,0.27556149837938193
8054,0.24958380963190333,0.22459757429554866,0.24978141890645997,0.276037197166088
8055,0.24958380963190333,0.22459757429554866,0.24978141890645997,0.276037197166088
8056,0.24958380963190333,0.22459757429554866,0.24978141890645997,0.276037197166088
8057,0.2686105331336013,0.22279506403807978,0.2329553084817064,0.27563909434661255
8058,0.23133784794858225,0.26683651310152184,0.27435355032843534,0.22747208862146057
8059,0.22227151140003337,0.28670065013448653,0.2687563270654467,0.22227151140003337
8060,0.22227151140003337,0.28670065013448653,0.2687563270654467,0.22227151140003337
8061,0.22681571995332445,0.2767465803792093,0.2738842887563536,0.22255341091111264
8062,0.24671842605155303,0.28551653147963335,0.24494252031088815,0.22282252215792553
8063,0.24671842605155303,0.28551653147963335,0.24494252031088815,0.22282252215792553
8064,0.27649198822892346,0.24191539794815328,0.2497578047676401,0.23183480905528323
8065,0.22227151140003337,0.28670065013448653,0.2687563270654467,0.22227151140003337
8066,0.22227151140003337,0.28670065013448653,0.2687563270654467,0.22227151140003337
8067,0.2496954367227103,0.2478443453489495,0.27470048157743304,0.22775973635090707
8068,0.24958380963190333,0.22459757429554866,0.24978141890645997,0.276037197166088
8069,0.22227151140003337,0.28670065013448653,0.2687563270654467,0.22227151140003337
8070,0.24958380963190333,0.22459757429554866,0.24978141890645997,0.276037197166088
8071,0.22227151140003337,0.28670065013448653,0.2687563270654467,0.22227151140003337
8072,0.22227151140003337,0.28670065013448653,0.2687563270654467,0.22227151140003337
8073,0.24958380963190333,0.22459757429554866,0.24978141890645997,0.276037197166088
8074,0.26913145853958803,0.25315378064233524,0.24985287702854642,0.22786188378953035
8075,0.2759827874654471,0.22282065518759078,0.2338162697601553,0.2673802875868069
8076,0.22227151140003337,0.28670065013448653,0.2687563270654467,0.22227151140003337
8077,0.27649198822892346,0.24191539794815328,0.2497578047676401,0.23183480905528323
8078,0.22227151140003337,0.28670065013448653,0.2687563270654467,0.22227151140003337
8079,0.24958380963190333,0.22459757429554866,0.24978141890645997,0.276037197166088
8080,0.22227151140003337,0.28670065013448653,0.2687563270654467,0.22227151140003337
8081,0.2764223240926711,0.2461650096075887,0.24969487650034067,0.22771778979939955
8082,0.22227151140003337,0.28670065013448653,0.2687563270654467,0.22227151140003337
8083,0.2756358381517024,0.22254053817697775,0.2264994253397732,0.27532419833154664
8084,0.22227151140003337,0.28670065013448653,0.2687563270654467,0.22227151140003337
8085,0.2756358381517024,0.22254053817697775,0.2264994253397732,0.27532419833154664
8086,0.24958380963190333,0.22459757429554866,0.24978141890645997,0.276037197166088
8087,0.24671842605155303,0.28551653147963335,0.24494252031088815,0.22282252215792553
8088,0.2496954367227103,0.2478443453489495,0.27470048157743304,0.22775973635090707
8089,0.22227151140003337,0.28670065013448653,0.2687563270654467,0.22227151140003337
8090,0.24958380963190333,0.22459757429554866,0.24978141890645997,0.276037197166088
8091,0.2756358381517024,0.22254053817697775,0.2264994253397732,0.27532419833154664
8092,0.22227151140003337,0.28670065013448653,0.2687563270654467,0.22227151140003337
8093,0.2306621982024805,0.2852415355675873,0.2614883561030077,0.2226079101269245
8094,0.22227151140003337,0.28670065013448653,0.2687563270654467,0.22227151140003337
8095,0.22227151140003337,0.28670065013448653,0.2687563270654467,0.22227151140003337
8096,0.22227151140003337,0.28670065013448653,0.2687563270654467,0.22227151140003337
8097,0.22227151140003337,0.28670065013448653,0.2687563270654467,0.22227151140003337
8098,0.22227151140003337,0.28670065013448653,0.2687563270654467,0.22227151140003337
8099,0.24958380963190333,0.22459757429554866,0.24978141890645997,0.276037197166088
8100,0.22227151140003337,0.28670065013448653,0.2687563270654467,0.22227151140003337
8101,0.24958380963190333,0.22459757429554866,0.24978141890645997,0.276037197166088
8102,0.24958380963190333,0.22459757429554866,0.24978141890645997,0.276037197166088
8103,0.2496954367227103,0.2478443453489495,0.27470048157743304,0.22775973635090707
8104,0.27055697202169154,0.22273234434830128,0.2311491852506253,0.27556149837938193
8105,0.2496954367227103,0.2478443453489495,0.27470048157743304,0.22775973635090707
8106,0.2760473864467348,0.2228728105682476,0.23560302121672097,0.26547678176829653
8107,0.2756358381517024,0.22254053817697775,0.2264994253397732,0.27532419833154664
8108,0.26921176827130733,0.24629541320679824,0.25665439736452395,0.2278384211573704
8109,0.22227151140003337,0.28670065013448653,0.2687563270654467,0.22227151140003337
8110,0.22227151140003337,0.28670065013448653,0.2687563270654467,0.22227151140003337
8111,0.23535819021483978,0.2753150117265014,0.2664552726097696,0.22287152544888925
8112,0.2764223240926711,0.2461650096075887,0.24969487650034067,0.22771778979939955
8113,0.24958380963190333,0.22459757429554866,0.24978141890645997,0.276037197166088
8114,0.22384037587458464,0.2867872019292172,0.26703380945467803,0.22233861274152023
8115,0.2381928573629116,0.2854486199762488,0.25358899992956463,0.22276952273127495
8116,0.22227151140003337,0.28670065013448653,0.2687563270654467,0.22227151140003337
8117,0.22227151140003337,0.28670065013448653,0.2687563270654467,0.22227151140003337
8118,0.24958380963190333,0.22459757429554866,0.24978141890645997,0.276037197166088
8119,0.24194968366543873,0.28549982092983456,0.24974101447714078,0.22280948092758585
8120,0.22227151140003337,0.28670065013448653,0.2687563270654467,0.22227151140003337
8121,0.2712093593280849,0.246268569917037,0.25470848129322726,0.2278135894616509
8122,0.2496954367227103,0.2478443453489495,0.27470048157743304,0.22775973635090707
8123,0.24976552497064355,0.24357272518764644,0.2747775886151622,0.23188416122654784
8124,0.24964839435044703,0.22465569333437121,0.25263047797959803,0.2730654343355838
8125,0.22227151140003337,0.28670065013448653,0.2687563270654467,0.22227151140003337
8126,0.24976552497064355,0.24357272518764644,0.2747775886151622,0.23188416122654784
8127,0.2764223240926711,0.2461650096075887,0.24969487650034067,0.22771778979939955
8128,0.2764223240926711,0.2461650096075887,0.24969487650034067,0.22771778979939955
8129,0.24976552497064355,0.24357272518764644,0.2747775886151622,0.23188416122654784
8130,0.22227151140003337,0.28670065013448653,0.2687563270654467,0.22227151140003337
8131,0.2292504711286587,0.2714005244888186,0.2741551378540549,0.22519386652846785
8132,0.27649198822892346,0.24191539794815328,0.2497578047676401,0.23183480905528323
8133,0.24976552497064355,0.24357272518764644,0.2747775886151622,0.23188416122654784
8134,0.22227151140003337,0.28670065013448653,0.2687563270654467,0.22227151140003337
8135,0.24958380963190333,0.22459757429554866,0.24978141890645997,0.276037197166088
8136,0.22227151140003337,0.28670065013448653,0.2687563270654467,0.22227151140003337
8137,0.24958380963190333,0.22459757429554866,0.24978141890645997,0.276037197166088
8138,0.2764223240926711,0.2461650096075887,0.24969487650034067,0.22771778979939955
8139,0.2496954367227103,0.2478443453489495,0.27470048157743304,0.22775973635090707
8140,0.22227151140003337,0.28670065013448653,0.2687563270654467,0.22227151140003337
8141,0.251267088896921,0.2245953318658973,0.24810313808481183,0.2760344411523699
8142,0.22367094972152926,0.2851186955091336,0.2688562244798326,0.22235413028950457
8143,0.2496954367227103,0.2478443453489495,0.27470048157743304,0.22775973635090707
8144,0.22227151140003337,0.28670065013448653,0.2687563270654467,0.22227151140003337
8145,0.2759827874654471,0.22282065518759078,0.2338162697601553,0.2673802875868069
8146,0.251267088896921,0.2245953318658973,0.24810313808481183,0.2760344411523699
8147,0.2306621982024805,0.2852415355675873,0.2614883561030077,0.2226079101269245
8148,0.24958380963190333,0.22459757429554866,0.24978141890645997,0.276037197166088
8149,0.22227151140003337,0.28670065013448653,0.2687563270654467,0.22227151140003337
8150,0.22227151140003337,0.28670065013448653,0.2687563270654467,0.22227151140003337
8151,0.2764223240926711,0.2461650096075887,0.24969487650034067,0.22771778979939955
8152,0.22227151140003337,0.28670065013448653,0.2687563270654467,0.22227151140003337
8153,0.22227151140003337,0.28670065013448653,0.2687563270654467,0.22227151140003337
8154,0.24958380963190333,0.22459757429554866,0.24978141890645997,0.276037197166088
8155,0.2496954367227103,0.2478443453489495,0.27470048157743304,0.22775973635090707
8156,0.22680395398311315,0.2793681010290941,0.27128607894139994,0.22254186604639276
8157,0.22227151140003337,0.28670065013448653,0.2687563270654467,0.22227151140003337
8158,0.2496954367227103,0.2478443453489495,0.27470048157743304,0.22775973635090707
8159,0.2272438935154232,0.286952277612164,0.26333723727375796,0.22246659159865487
8160,0.2292504711286587,0.2714005244888186,0.2741551378540549,0.22519386652846785
8161,0.22227151140003337,0.28670065013448653,0.2687563270654467,0.22227151140003337
8162,0.24958380963190333,0.22459757429554866,0.24978141890645997,0.276037197166088
8163,0.24958380963190333,0.22459757429554866,0.24978141890645997,0.276037197166088
8164,0.22681571995332445,0.2767465803792093,0.2738842887563536,0.22255341091111264
8165,0.2756358381517024,0.22254053817697775,0.2264994253397732,0.27532419833154664
8166,0.22227151140003337,0.28670065013448653,0.2687563270654467,0.22227151140003337
8167,0.24958380963190333,0.22459757429554866,0.24978141890645997,0.276037197166088
8168,0.24958380963190333,0.22459757429554866,0.24978141890645997,0.276037197166088
8169,0.2764223240926711,0.2461650096075887,0.24969487650034067,0.22771778979939955
8170,0.22227151140003337,0.28670065013448653,0.2687563270654467,0.22227151140003337
8171,0.2765487086363895,0.23569615097861057,0.24692313077228814,0.24083200961271184
8172,0.24194968366543873,0.28549982092983456,0.24974101447714078,0.22280948092758585
8173,0.251267088896921,0.2245953318658973,0.24810313808481183,0.2760344411523699
8174,0.24958380963190333,0.22459757429554866,0.24978141890645997,0.276037197166088
8175,0.22227151140003337,0.28670065013448653,0.2687563270654467,0.22227151140003337
8176,0.2496954367227103,0.2478443453489495,0.27470048157743304,0.22775973635090707
8177,0.22367094972152926,0.2851186955091336,0.2688562244798326,0.22235413028950457
8178,0.2764223240926711,0.2461650096075887,0.24969487650034067,0.22771778979939955
8179,0.2686105331336013,0.22279506403807978,0.2329553084817064,0.27563909434661255
8180,0.2764223240926711,0.2461650096075887,0.24969487650034067,0.22771778979939955
8181,0.22227151140003337,0.28670065013448653,0.2687563270654467,0.22227151140003337
8182,0.27055697202169154,0.22273234434830128,0.2311491852506253,0.27556149837938193
8183,0.24958380963190333,0.22459757429554866,0.24978141890645997,0.276037197166088
8184,0.2756358381517024,0.22254053817697775,0.2264994253397732,0.27532419833154664
8185,0.22367094972152926,0.2851186955091336,0.2688562244798326,0.22235413028950457
8186,0.22227151140003337,0.28670065013448653,0.2687563270654467,0.22227151140003337
8187,0.22367094972152926,0.2851186955091336,0.2688562244798326,0.22235413028950457
8188,0.24958380963190333,0.22459757429554866,0.24978141890645997,0.276037197166088
8189,0.22227151140003337,0.28670065013448653,0.2687563270654467,0.22227151140003337
8190,0.22227151140003337,0.28670065013448653,0.2687563270654467,0.22227151140003337
8191,0.22227151140003337,0.28670065013448653,0.2687563270654467,0.22227151140003337
8192,0.2756358381517024,0.22254053817697775,0.2264994253397732,0.27532419833154664
8193,0.2765487086363895,0.23569615097861057,0.24692313077228814,0.24083200961271184
8194,0.24958380963190333,0.22459757429554866,0.24978141890645997,0.276037197166088
8195,0.22681571995332445,0.2767465803792093,0.2738842887563536,0.22255341091111264
8196,0.22227151140003337,0.28670065013448653,0.2687563270654467,0.22227151140003337
8197,0.2496954367227103,0.2478443453489495,0.27470048157743304,0.22775973635090707
8198,0.2496954367227103,0.2478443453489495,0.27470048157743304,0.22775973635090707
8199,0.24958380963190333,0.22459757429554866,0.24978141890645997,0.276037197166088
8200,0.22227151140003337,0.28670065013448653,0.2687563270654467,0.22227151140003337
8201,0.22227151140003337,0.28670065013448653,0.2687563270654467,0.22227151140003337
8202,0.2756358381517024,0.22254053817697775,0.2264994253397732,0.27532419833154664
8203,0.24958380963190333,0.22459757429554866,0.24978141890645997,0.276037197166088
8204,0.24976552497064355,0.24357272518764644,0.2747775886151622,0.23188416122654784
8205,0.22227151140003337,0.28670065013448653,0.2687563270654467,0.22227151140003337
8206,0.27649198822892346,0.24191539794815328,0.2497578047676401,0.23183480905528323
8207,0.24958380963190333,0.22459757429554866,0.24978141890645997,0.276037197166088
8208,0.22227151140003337,0.28670065013448653,0.2687563270654467,0.22227151140003337
8209,0.2764223240926711,0.2461650096075887,0.24969487650034067,0.22771778979939955
8210,0.24958380963190333,0.22459757429554866,0.24978141890645997,0.276037197166088
8211,0.22227151140003337,0.28670065013448653,0.2687563270654467,0.22227151140003337
8212,0.24958380963190333,0.22459757429554866,0.24978141890645997,0.276037197166088
8213,0.2756358381517024,0.22254053817697775,0.2264994253397732,0.27532419833154664
8214,0.22227151140003337,0.28670065013448653,0.2687563270654467,0.22227151140003337
8215,0.2306621982024805,0.2852415355675873,0.2614883561030077,0.2226079101269245
8216,0.2496954367227103,0.2478443453489495,0.27470048157743304,0.22775973635090707
8217,0.24958380963190333,0.22459757429554866,0.24978141890645997,0.276037197166088
8218,0.24958380963190333,0.22459757429554866,0.24978141890645997,0.276037197166088
8219,0.2496954367227103,0.2478443453489495,0.27470048157743304,0.22775973635090707
8220,0.2665502291945223,0.22285482973899404,0.2348819053884322,0.2757130356780515
8221,0.24976552497064355,0.24357272518764644,0.2747775886151622,0.23188416122654784
8222,0.22384037587458464,0.2867872019292172,0.26703380945467803,0.22233861274152023
8223,0.2756358381517024,0.22254053817697775,0.2264994253397732,0.27532419833154664
8224,0.2496954367227103,0.2478443453489495,0.27470048157743304,0.22775973635090707
8225,0.23133784794858225,0.26683651310152184,0.27435355032843534,0.22747208862146057
8226,0.27649198822892346,0.24191539794815328,0.2497578047676401,0.23183480905528323
8227,0.24958380963190333,0.22459757429554866,0.24978141890645997,0.276037197166088
8228,0.22227151140003337,0.28670065013448653,0.2687563270654467,0.22227151140003337
8229,0.24958380963190333,0.22459757429554866,0.24978141890645997,0.276037197166088
8230,0.23707778393390375,0.2607430610461055,0.274546821419828,0.2276323336001627
8231,0.25850361612021977,0.22302150323001926,0.24255563874215877,0.27591924190760214
8232,0.2306621982024805,0.2852415355675873,0.2614883561030077,0.2226079101269245
8233,0.24976552497064355,0.24357272518764644,0.2747775886151622,0.23188416122654784
8234,0.22227151140003337,0.28670065013448653,0.2687563270654467,0.22227151140003337
8235,0.24958380963190333,0.22459757429554866,0.24978141890645997,0.276037197166088
8236,0.24671842605155303,0.28551653147963335,0.24494252031088815,0.22282252215792553
8237,0.2496954367227103,0.2478443453489495,0.27470048157743304,0.22775973635090707
8238,0.24958380963190333,0.22459757429554866,0.24978141890645997,0.276037197166088
8239,0.24958380963190333,0.22459757429554866,0.24978141890645997,0.276037197166088
8240,0.24976552497064355,0.24357272518764644,0.2747775886151622,0.23188416122654784
8241,0.22681571995332445,0.2767465803792093,0.2738842887563536,0.22255341091111264
8242,0.24958380963190333,0.22459757429554866,0.24978141890645997,0.276037197166088
8243,0.2496954367227103,0.2478443453489495,0.27470048157743304,0.22775973635090707
8244,0.24958380963190333,0.22459757429554866,0.24978141890645997,0.276037197166088
8245,0.2756358381517024,0.22254053817697775,0.2264994253397732,0.27532419833154664
8246,0.22227151140003337,0.28670065013448653,0.2687563270654467,0.22227151140003337
8247,0.22227151140003337,0.28670065013448653,0.2687563270654467,0.22227151140003337
8248,0.24958380963190333,0.22459757429554866,0.24978141890645997,0.276037197166088
8249,0.24989926473259494,0.23738924308673573,0.27174866328989533,0.24096282889077394
8250,0.24976552497064355,0.24357272518764644,0.2747775886151622,0.23188416122654784
8251,0.22227151140003337,0.28670065013448653,0.2687563270654467,0.22227151140003337
8252,0.2756358381517024,0.22254053817697775,0.2264994253397732,0.27532419833154664
8253,0.24958380963190333,0.22459757429554866,0.24978141890645997,0.276037197166088
8254,0.24958380963190333,0.22459757429554866,0.24978141890645997,0.276037197166088
8255,0.2292504711286587,0.2714005244888186,0.2741551378540549,0.22519386652846785
8256,0.2496954367227103,0.2478443453489495,0.27470048157743304,0.22775973635090707
8257,0.22227151140003337,0.28670065013448653,0.2687563270654467,0.22227151140003337
8258,0.24958380963190333,0.22459757429554866,0.24978141890645997,0.276037197166088
8259,0.24976552497064355,0.24357272518764644,0.2747775886151622,0.23188416122654784
8260,0.22227151140003337,0.28670065013448653,0.2687563270654467,0.22227151140003337
8261,0.22227151140003337,0.28670065013448653,0.2687563270654467,0.22227151140003337
8262,0.2764223240926711,0.2461650096075887,0.24969487650034067,0.22771778979939955
8263,0.24958380963190333,0.22459757429554866,0.24978141890645997,0.276037197166088
8264,0.22227151140003337,0.28670065013448653,0.2687563270654467,0.22227151140003337
8265,0.2764223240926711,0.2461650096075887,0.24969487650034067,0.22771778979939955
8266,0.22681571995332445,0.2767465803792093,0.2738842887563536,0.22255341091111264
8267,0.22227151140003337,0.28670065013448653,0.2687563270654467,0.22227151140003337
8268,0.2496954367227103,0.2478443453489495,0.27470048157743304,0.22775973635090707
8269,0.22227151140003337,0.28670065013448653,0.2687563270654467,0.22227151140003337
8270,0.24012407192037208,0.28547918522123267,0.25160336642960446,0.22279337642879077
8271,0.22227151140003337,0.28670065013448653,0.2687563270654467,0.22227151140003337
8272,0.2765487086363895,0.23569615097861057,0.24692313077228814,0.24083200961271184
8273,0.2765487086363895,0.23569615097861057,0.24692313077228814,0.24083200961271184
8274,0.22227151140003337,0.28670065013448653,0.2687563270654467,0.22227151140003337
8275,0.22227151140003337,0.28670065013448653,0.2687563270654467,0.22227151140003337
8276,0.2390860761497665,0.25864514694776974,0.2745958186805001,0.22767295822196357
8277,0.2647764780022292,0.2231552541070101,0.24625505117774954,0.26581321671301117
8278,0.2496954367227103,0.2478443453489495,0.27470048157743304,0.22775973635090707
8279,0.258841675878463,0.2463168241130093,0.26698327244468323,0.22785822756384452
8280,0.2351215148741415,0.2628034726994304,0.2744898855280228,0.22758512689840524
8281,0.22227151140003337,0.28670065013448653,0.2687563270654467,0.22227151140003337
8282,0.2756358381517024,0.22254053817697775,0.2264994253397732,0.27532419833154664
8283,0.22227151140003337,0.28670065013448653,0.2687563270654467,0.22227151140003337
8284,0.24958380963190333,0.22459757429554866,0.24978141890645997,0.276037197166088
8285,0.24958380963190333,0.22459757429554866,0.24978141890645997,0.276037197166088
8286,0.2496954367227103,0.2478443453489495,0.27470048157743304,0.22775973635090707
8287,0.24973808021879731,0.2247364006066489,0.25959378019870055,0.26593173897585326
8288,0.24958380963190333,0.22459757429554866,0.24978141890645997,0.276037197166088
8289,0.27055697202169154,0.22273234434830128,0.2311491852506253,0.27556149837938193
8290,0.22227151140003337,0.28670065013448653,0.2687563270654467,0.22227151140003337
8291,0.27240127288181515,0.22266736720773445,0.22945025038643385,0.2754811095240166
8292,0.23124781475814604,0.2692362700512223,0.2742467760774314,0.2252691391132003
8293,0.22227151140003337,0.28670065013448653,0.2687563270654467,0.22227151140003337
8294,0.27649198822892346,0.24191539794815328,0.2497578047676401,0.23183480905528323
8295,0.2764223240926711,0.2461650096075887,0.24969487650034067,0.22771778979939955
8296,0.2496954367227103,0.2478443453489495,0.27470048157743304,0.22775973635090707
8297,0.24958380963190333,0.22459757429554866,0.24978141890645997,0.276037197166088
8298,0.27323697783904977,0.23577313597537763,0.2500792140601109,0.24091067212546166
8299,0.24958380963190333,0.22459757429554866,0.24978141890645997,0.276037197166088
8300,0.24958380963190333,0.22459757429554866,0.24978141890645997,0.276037197166088
8301,0.2496954367227103,0.2478443453489495,0.27470048157743304,0.22775973635090707
8302,0.24958380963190333,0.22459757429554866,0.24978141890645997,0.276037197166088
8303,0.22227151140003337,0.28670065013448653,0.2687563270654467,0.22227151140003337
8304,0.2496954367227103,0.2478443453489495,0.27470048157743304,0.22775973635090707
8305,0.22384037587458464,0.2867872019292172,0.26703380945467803,0.22233861274152023
8306,0.2764223240926711,0.2461650096075887,0.24969487650034067,0.22771778979939955
8307,0.22227151140003337,0.28670065013448653,0.2687563270654467,0.22227151140003337
8308,0.2712093593280849,0.246268569917037,0.25470848129322726,0.2278135894616509
8309,0.24958380963190333,0.22459757429554866,0.24978141890645997,0.276037197166088
8310,0.258841675878463,0.2463168241130093,0.26698327244468323,0.22785822756384452
8311,0.22227151140003337,0.28670065013448653,0.2687563270654467,0.22227151140003337
8312,0.27649198822892346,0.24191539794815328,0.2497578047676401,0.23183480905528323
8313,0.22227151140003337,0.28670065013448653,0.2687563270654467,0.22227151140003337
8314,0.22227151140003337,0.28670065013448653,0.2687563270654467,0.22227151140003337
8315,0.24958380963190333,0.22459757429554866,0.24978141890645997,0.276037197166088
8316,0.2644829580810333,0.22290787370111398,0.23683050725432914,0.2757786609635237
8317,0.24958380963190333,0.22459757429554866,0.24978141890645997,0.276037197166088
8318,0.24958380963190333,0.22459757429554866,0.24978141890645997,0.276037197166088
8319,0.2381928573629116,0.2854486199762488,0.25358899992956463,0.22276952273127495
8320,0.251267088896921,0.2245953318658973,0.24810313808481183,0.2760344411523699
8321,0.2756358381517024,0.22254053817697775,0.2264994253397732,0.27532419833154664
8322,0.22227151140003337,0.28670065013448653,0.2687563270654467,0.22227151140003337
8323,0.24958380963190333,0.22459757429554866,0.24978141890645997,0.276037197166088
8324,0.22227151140003337,0.28670065013448653,0.2687563270654467,0.22227151140003337
8325,0.2665502291945223,0.22285482973899404,0.2348819053884322,0.2757130356780515
8326,0.22227151140003337,0.28670065013448653,0.2687563270654467,0.22227151140003337
8327,0.22227151140003337,0.28670065013448653,0.2687563270654467,0.22227151140003337
8328,0.24958380963190333,0.22459757429554866,0.24978141890645997,0.276037197166088
8329,0.24671842605155303,0.28551653147963335,0.24494252031088815,0.22282252215792553
8330,0.24958380963190333,0.22459757429554866,0.24978141890645997,0.276037197166088
8331,0.24976552497064355,0.24357272518764644,0.2747775886151622,0.23188416122654784
8332,0.22227151140003337,0.28670065013448653,0.2687563270654467,0.22227151140003337
8333,0.24958380963190333,0.22459757429554866,0.24978141890645997,0.276037197166088
8334,0.2756358381517024,0.22254053817697775,0.2264994253397732,0.27532419833154664
8335,0.24958380963190333,0.22459757429554866,0.24978141890645997,0.276037197166088
8336,0.24958380963190333,0.22459757429554866,0.24978141890645997,0.276037197166088
8337,0.2496954367227103,0.2478443453489495,0.27470048157743304,0.22775973635090707
8338,0.2765487086363895,0.23569615097861057,0.24692313077228814,0.24083200961271184
8339,0.22227151140003337,0.28670065013448653,0.2687563270654467,0.22227151140003337
8340,0.2496954367227103,0.2478443453489495,0.27470048157743304,0.22775973635090707
8341,0.24292283574736154,0.25468507578998073,0.27466323445544255,0.22772885400721524
8342,0.2764223240926711,0.2461650096075887,0.24969487650034067,0.22771778979939955
8343,0.24958380963190333,0.22459757429554866,0.24978141890645997,0.276037197166088
8344,0.23133784794858225,0.26683651310152184,0.27435355032843534,0.22747208862146057
8345,0.2756358381517024,0.22254053817697775,0.2264994253397732,0.27532419833154664
8346,0.24012407192037208,0.28547918522123267,0.25160336642960446,0.22279337642879077
8347,0.27240127288181515,0.22266736720773445,0.22945025038643385,0.2754811095240166
8348,0.22680395398311315,0.2793681010290941,0.27128607894139994,0.22254186604639276
8349,0.22227151140003337,0.28670065013448653,0.2687563270654467,0.22227151140003337
8350,0.2644829580810333,0.22290787370111398,0.23683050725432914,0.2757786609635237
8351,0.24976552497064355,0.24357272518764644,0.2747775886151622,0.23188416122654784
8352,0.2272438935154232,0.286952277612164,0.26333723727375796,0.22246659159865487
8353,0.2496954367227103,0.2478443453489495,0.27470048157743304,0.22775973635090707
8354,0.24958380963190333,0.22459757429554866,0.24978141890645997,0.276037197166088
8355,0.25662894851913526,0.2655761118425382,0.24989481190383026,0.22790012773449628
8356,0.24958380963190333,0.22459757429554866,0.24978141890645997,0.276037197166088
8357,0.2496954367227103,0.2478443453489495,0.27470048157743304,0.22775973635090707
8358,0.2764223240926711,0.2461650096075887,0.24969487650034067,0.22771778979939955
8359,0.25850361612021977,0.22302150323001926,0.24255563874215877,0.27591924190760214
8360,0.237857101133632,0.2699653533374872,0.2666878976409176,0.22548964788796316
8361,0.22227151140003337,0.28670065013448653,0.2687563270654467,0.22227151140003337
8362,0.24671842605155303,0.28551653147963335,0.24494252031088815,0.22282252215792553
8363,0.22227151140003337,0.28670065013448653,0.2687563270654467,0.22227151140003337
8364,0.22227151140003337,0.28670065013448653,0.2687563270654467,0.22227151140003337
8365,0.27055697202169154,0.22273234434830128,0.2311491852506253,0.27556149837938193
8366,0.24958380963190333,0.22459757429554866,0.24978141890645997,0.276037197166088
8367,0.24292283574736154,0.25468507578998073,0.27466323445544255,0.22772885400721524
8368,0.24958380963190333,0.22459757429554866,0.24978141890645997,0.276037197166088
8369,0.24958380963190333,0.22459757429554866,0.24978141890645997,0.276037197166088
8370,0.25850361612021977,0.22302150323001926,0.24255563874215877,0.27591924190760214
8371,0.22227151140003337,0.28670065013448653,0.2687563270654467,0.22227151140003337
8372,0.24989926473259494,0.23738924308673573,0.27174866328989533,0.24096282889077394
8373,0.24958380963190333,0.22459757429554866,0.24978141890645997,0.276037197166088
8374,0.22227151140003337,0.28670065013448653,0.2687563270654467,0.22227151140003337
8375,0.22227151140003337,0.28670065013448653,0.2687563270654467,0.22227151140003337
8376,0.22227151140003337,0.28670065013448653,0.2687563270654467,0.22227151140003337
8377,0.22227151140003337,0.28670065013448653,0.2687563270654467,0.22227151140003337
8378,0.24958380963190333,0.22459757429554866,0.24978141890645997,0.276037197166088
8379,0.22227151140003337,0.28670065013448653,0.2687563270654467,0.22227151140003337
8380,0.25662894851913526,0.2655761118425382,0.24989481190383026,0.22790012773449628
8381,0.2756358381517024,0.22254053817697775,0.2264994253397732,0.27532419833154664
8382,0.2496954367227103,0.2478443453489495,0.27470048157743304,0.22775973635090707
8383,0.24976552497064355,0.24357272518764644,0.2747775886151622,0.23188416122654784
8384,0.24671842605155303,0.28551653147963335,0.24494252031088815,0.22282252215792553
8385,0.22227151140003337,0.28670065013448653,0.2687563270654467,0.22227151140003337
8386,0.22227151140003337,0.28670065013448653,0.2687563270654467,0.22227151140003337
8387,0.22227151140003337,0.28670065013448653,0.2687563270654467,0.22227151140003337
8388,0.2496954367227103,0.2478443453489495,0.27470048157743304,0.22775973635090707
8389,0.22227151140003337,0.28670065013448653,0.2687563270654467,0.22227151140003337
8390,0.24958380963190333,0.22459757429554866,0.24978141890645997,0.276037197166088
8391,0.24958380963190333,0.22459757429554866,0.24978141890645997,0.276037197166088
8392,0.22227151140003337,0.28670065013448653,0.2687563270654467,0.22227151140003337
8393,0.27649198822892346,0.24191539794815328,0.2497578047676401,0.23183480905528323
8394,0.22227151140003337,0.28670065013448653,0.2687563270654467,0.22227151140003337
8395,0.22227151140003337,0.28670065013448653,0.2687563270654467,0.22227151140003337
8396,0.2764120288420475,0.2287510994160474,0.24156772107180732,0.2532691506700977
8397,0.24671842605155303,0.28551653147963335,0.24494252031088815,0.22282252215792553
8398,0.24671842605155303,0.28551653147963335,0.24494252031088815,0.22282252215792553
8399,0.22227151140003337,0.28670065013448653,0.2687563270654467,0.22227151140003337
8400,0.24958380963190333,0.22459757429554866,0.24978141890645997,0.276037197166088
8401,0.24976552497064355,0.24357272518764644,0.2747775886151622,0.23188416122654784
8402,0.24958380963190333,0.22459757429554866,0.24978141890645997,0.276037197166088
8403,0.24958380963190333,0.22459757429554866,0.24978141890645997,0.276037197166088
8404,0.24976552497064355,0.24357272518764644,0.2747775886151622,0.23188416122654784
8405,0.22227151140003337,0.28670065013448653,0.2687563270654467,0.22227151140003337
8406,0.24958380963190333,0.22459757429554866,0.24978141890645997,0.276037197166088
8407,0.2543734920802728,0.27018242540268733,0.24977312431298168,0.22567095820405808
8408,0.24976552497064355,0.24357272518764644,0.2747775886151622,0.23188416122654784
8409,0.2764223240926711,0.2461650096075887,0.24969487650034067,0.22771778979939955
8410,0.2496954367227103,0.2478443453489495,0.27470048157743304,0.22775973635090707
8411,0.22912941785406846,0.2742043441954423,0.2740103731474893,0.22265586480299995
8412,0.2760473864467348,0.2228728105682476,0.23560302121672097,0.26547678176829653
8413,0.25850361612021977,0.22302150323001926,0.24255563874215877,0.27591924190760214
8414,0.2351215148741415,0.2628034726994304,0.2744898855280228,0.22758512689840524
8415,0.2496954367227103,0.2478443453489495,0.27470048157743304,0.22775973635090707
8416,0.24958380963190333,0.22459757429554866,0.24978141890645997,0.276037197166088
8417,0.24958380963190333,0.22459757429554866,0.24978141890645997,0.276037197166088
8418,0.22227151140003337,0.28670065013448653,0.2687563270654467,0.22227151140003337
8419,0.22227151140003337,0.28670065013448653,0.2687563270654467,0.22227151140003337
8420,0.22227151140003337,0.28670065013448653,0.2687563270654467,0.22227151140003337
8421,0.24958380963190333,0.22459757429554866,0.24978141890645997,0.276037197166088
8422,0.22227151140003337,0.28670065013448653,0.2687563270654467,0.22227151140003337
8423,0.22681571995332445,0.2767465803792093,0.2738842887563536,0.22255341091111264
8424,0.2496954367227103,0.2478443453489495,0.27470048157743304,0.22775973635090707
8425,0.22227151140003337,0.28670065013448653,0.2687563270654467,0.22227151140003337
8426,0.22227151140003337,0.28670065013448653,0.2687563270654467,0.22227151140003337
8427,0.24976552497064355,0.24357272518764644,0.2747775886151622,0.23188416122654784
8428,0.24958380963190333,0.22459757429554866,0.24978141890645997,0.276037197166088
8429,0.24958380963190333,0.22459757429554866,0.24978141890645997,0.276037197166088
8430,0.22681571995332445,0.2767465803792093,0.2738842887563536,0.22255341091111264
8431,0.24974637905356042,0.22474386863175846,0.2616096963255617,0.2639000559891193
8432,0.2496954367227103,0.2478443453489495,0.27470048157743304,0.22775973635090707
8433,0.22680395398311315,0.2793681010290941,0.27128607894139994,0.22254186604639276
8434,0.24958380963190333,0.22459757429554866,0.24978141890645997,0.276037197166088
8435,0.26921176827130733,0.24629541320679824,0.25665439736452395,0.2278384211573704
8436,0.2496954367227103,0.2478443453489495,0.27470048157743304,0.22775973635090707
8437,0.22227151140003337,0.28670065013448653,0.2687563270654467,0.22227151140003337
8438,0.24958380963190333,0.22459757429554866,0.24978141890645997,0.276037197166088
8439,0.2496954367227103,0.2478443453489495,0.27470048157743304,0.22775973635090707
8440,0.24958380963190333,0.22459757429554866,0.24978141890645997,0.276037197166088
8441,0.24976552497064355,0.24357272518764644,0.2747775886151622,0.23188416122654784
8442,0.22367094972152926,0.2851186955091336,0.2688562244798326,0.22235413028950457
8443,0.2496954367227103,0.2478443453489495,0.27470048157743304,0.22775973635090707
8444,0.24958380963190333,0.22459757429554866,0.24978141890645997,0.276037197166088
8445,0.22227151140003337,0.28670065013448653,0.2687563270654467,0.22227151140003337
8446,0.24958380963190333,0.22459757429554866,0.24978141890645997,0.276037197166088
8447,0.2756358381517024,0.22254053817697775,0.2264994253397732,0.27532419833154664
8448,0.24958380963190333,0.22459757429554866,0.24978141890645997,0.276037197166088
8449,0.24958380963190333,0.22459757429554866,0.24978141890645997,0.276037197166088
8450,0.27649198822892346,0.24191539794815328,0.2497578047676401,0.23183480905528323
8451,0.24958380963190333,0.22459757429554866,0.24978141890645997,0.276037197166088
8452,0.22227151140003337,0.28670065013448653,0.2687563270654467,0.22227151140003337
8453,0.2756358381517024,0.22254053817697775,0.2264994253397732,0.27532419833154664
8454,0.22227151140003337,0.28670065013448653,0.2687563270654467,0.22227151140003337
8455,0.2760473864467348,0.2228728105682476,0.23560302121672097,0.26547678176829653
8456,0.2706817854666288,0.22283509531786355,0.2338330623867702,0.2726500568287374
8457,0.24958380963190333,0.22459757429554866,0.24978141890645997,0.276037197166088
8458,0.27649198822892346,0.24191539794815328,0.2497578047676401,0.23183480905528323
8459,0.22227151140003337,0.28670065013448653,0.2687563270654467,0.22227151140003337
8460,0.2496954367227103,0.2478443453489495,0.27470048157743304,0.22775973635090707
8461,0.2306621982024805,0.2852415355675873,0.2614883561030077,0.2226079101269245
8462,0.2351215148741415,0.2628034726994304,0.2744898855280228,0.22758512689840524
8463,0.2496954367227103,0.2478443453489495,0.27470048157743304,0.22775973635090707
8464,0.2496954367227103,0.2478443453489495,0.27470048157743304,0.22775973635090707
8465,0.24958380963190333,0.22459757429554866,0.24978141890645997,0.276037197166088
8466,0.2381928573629116,0.2854486199762488,0.25358899992956463,0.22276952273127495
8467,0.22227151140003337,0.28670065013448653,0.2687563270654467,0.22227151140003337
8468,0.24958380963190333,0.22459757429554866,0.24978141890645997,0.276037197166088
8469,0.22227151140003337,0.28670065013448653,0.2687563270654467,0.22227151140003337
8470,0.24958380963190333,0.22459757429554866,0.24978141890645997,0.276037197166088
8471,0.22227151140003337,0.28670065013448653,0.2687563270654467,0.22227151140003337
8472,0.22227151140003337,0.28670065013448653,0.2687563270654467,0.22227151140003337
8473,0.22367094972152926,0.2851186955091336,0.2688562244798326,0.22235413028950457
8474,0.27055697202169154,0.22273234434830128,0.2311491852506253,0.27556149837938193
8475,0.2496954367227103,0.2478443453489495,0.27470048157743304,0.22775973635090707
8476,0.25850361612021977,0.22302150323001926,0.24255563874215877,0.27591924190760214
8477,0.24958380963190333,0.22459757429554866,0.24978141890645997,0.276037197166088
8478,0.22227151140003337,0.28670065013448653,0.2687563270654467,0.22227151140003337
8479,0.22681571995332445,0.2767465803792093,0.2738842887563536,0.22255341091111264
8480,0.22227151140003337,0.28670065013448653,0.2687563270654467,0.22227151140003337
8481,0.24958380963190333,0.22459757429554866,0.24978141890645997,0.276037197166088
8482,0.2764223240926711,0.2461650096075887,0.24969487650034067,0.22771778979939955
8483,0.22227151140003337,0.28670065013448653,0.2687563270654467,0.22227151140003337
8484,0.24976552497064355,0.24357272518764644,0.2747775886151622,0.23188416122654784
8485,0.22227151140003337,0.28670065013448653,0.2687563270654467,0.22227151140003337
8486,0.22680395398311315,0.2793681010290941,0.27128607894139994,0.22254186604639276
8487,0.27649198822892346,0.24191539794815328,0.2497578047676401,0.23183480905528323
8488,0.22227151140003337,0.28670065013448653,0.2687563270654467,0.22227151140003337
8489,0.22681571995332445,0.2767465803792093,0.2738842887563536,0.22255341091111264
8490,0.22367094972152926,0.2851186955091336,0.2688562244798326,0.22235413028950457
8491,0.22227151140003337,0.28670065013448653,0.2687563270654467,0.22227151140003337
8492,0.25850361612021977,0.22302150323001926,0.24255563874215877,0.27591924190760214
8493,0.22227151140003337,0.28670065013448653,0.2687563270654467,0.22227151140003337
8494,0.24991780735486605,0.23052533148517196,0.26600601904899385,0.2535508421109681
8495,0.2764223240926711,0.2461650096075887,0.24969487650034067,0.22771778979939955
8496,0.2496954367227103,0.2478443453489495,0.27470048157743304,0.22775973635090707
8497,0.22227151140003337,0.28670065013448653,0.2687563270654467,0.22227151140003337
8498,0.2272438935154232,0.286952277612164,0.26333723727375796,0.22246659159865487
8499,0.22227151140003337,0.28670065013448653,0.2687563270654467,0.22227151140003337
8500,0.24958380963190333,0.22459757429554866,0.24978141890645997,0.276037197166088
8501,0.2672471031970974,0.2358649464441707,0.25588346719897415,0.24100448315975778
8502,0.258841675878463,0.2463168241130093,0.26698327244468323,0.22785822756384452
8503,0.22227151140003337,0.28670065013448653,0.2687563270654467,0.22227151140003337
8504,0.24958380963190333,0.22459757429554866,0.24978141890645997,0.276037197166088
8505,0.22227151140003337,0.28670065013448653,0.2687563270654467,0.22227151140003337
8506,0.22227151140003337,0.28670065013448653,0.2687563270654467,0.22227151140003337
8507,0.22227151140003337,0.28670065013448653,0.2687563270654467,0.22227151140003337
8508,0.24823410045200106,0.28389801300795603,0.2449963740274313,0.22287151251261153
8509,0.24958380963190333,0.22459757429554866,0.24978141890645997,0.276037197166088
8510,0.24958380963190333,0.22459757429554866,0.24978141890645997,0.276037197166088
8511,0.2514386904674599,0.22474871809667304,0.2578662771107018,0.2659463143251652
8512,0.22227151140003337,0.28670065013448653,0.2687563270654467,0.22227151140003337
8513,0.2590113886602907,0.23588828982155052,0.2640719863249156,0.24102833519324324
8514,0.22227151140003337,0.28670065013448653,0.2687563270654467,0.22227151140003337
8515,0.22227151140003337,0.28670065013448653,0.2687563270654467,0.22227151140003337
