,0,1,2,3
0,0.9776019473356664,0.017793788399125102,0.00458406018199929,2.0204083209378666e-05
1,0.878032906239424,2.7384178577593855e-05,0.020086872028997584,0.10185283755300077
2,0.0800634542301569,4.919150381144293e-05,0.2636031502382215,0.6562842040278101
3,0.07407929411978546,1.9386172752610874e-06,0.00011576716704657994,0.9258030000958927
4,0.000760499826394193,0.9303094784440854,0.06874730351348853,0.00018271821603192792
5,0.02938516616510168,2.1315929708046212e-07,0.02451717413683621,0.9460974465387649
6,0.021588700464005996,0.008826077329369585,0.8865635345578399,0.08302168764878455
7,0.015254906991870015,1.6627923166504357e-07,0.02184845750163066,0.9628964692272676
8,0.0010721199651460645,0.8496718693926752,0.14893249862519647,0.00032351201698222875
9,0.00041350297821817454,0.9578366983070552,0.04171996330309703,2.9835411629684197e-05
10,0.7553263694457086,5.562051808527715e-05,0.09103290650328716,0.153585103532919
11,0.15576299681750894,0.6808538468248505,0.16258001156352347,0.0008031447941171133
12,0.9620361521364101,0.00439148599646259,0.02652916900763301,0.007043192859494262
13,0.33403079049246837,0.0003023353018487631,0.24516244545210003,0.42050442875358296
14,0.43185224230563535,1.1156997499089566e-08,4.870456600834668e-07,0.568147259491707
15,0.973637893735617,0.013945439980979397,0.012229963211083775,0.0001867030723199601
16,0.5903331885298032,1.1446924628858613e-07,4.358097369864833e-05,0.40962311602725177
17,1.7704820925901305e-05,0.9895246621959094,0.01045283041812688,4.8025650379156025e-06
18,0.06441513915492927,6.512216952485739e-05,0.025090490747737105,0.9104292479278087
19,0.011363578559791948,0.8263354145071775,0.16201607518210528,0.0002849317509251854
20,0.2981615093899957,0.0009197461555610379,0.5394650959045871,0.16145364854985605
21,0.929309997936634,0.06169630288704646,0.00889746629800058,9.6232878319021e-05
22,0.09788958339118066,1.2753907523311894e-05,0.218286121115113,0.6838115415861831
23,0.832666930289225,1.0875525735992017e-08,1.1811629940373347e-05,0.167321247205309
24,0.04236043105126976,9.337718861818182e-07,0.014920614102650947,0.942718021074193
25,0.0008314306131508124,0.8735502567508161,0.12515245026467825,0.00046586237135487046
26,0.005560154620567079,0.8493807812656002,0.14418690346696245,0.0008721606468701105
27,0.030788440975595435,0.00659302596379211,0.9276918062445875,0.03492672681602508
28,0.07741903776590119,0.001340669390209322,0.8002926379500752,0.12094765489381434
29,0.9624314496739164,0.03612568546348243,0.0014400046019903336,2.860260611024742e-06
30,0.025380598853832953,0.03034329703997466,0.9045195574054818,0.03975654670071059
31,0.0005750193741746204,0.8007238908691465,0.1978733132097195,0.0008277765469593395
32,0.00582794806397638,0.2719189079241986,0.718886213594124,0.0033669304177010237
33,0.021773669634195886,0.0018206928512979228,0.7662592237114926,0.21014641380301374
34,0.01887064957986527,0.029338371851005216,0.8832858135614877,0.06850516500764169
35,0.0010209957106103974,0.9362469101099818,0.06255088599897418,0.00018120818043358932
36,0.0001660494001641796,0.8657851205732834,0.13391970734907602,0.00012912267747641244
37,0.00015683244007354383,0.9199082879428008,0.07974277436557005,0.00019210525155557664
38,0.7802464550866739,9.029948742220668e-05,0.03788851994994885,0.18177472547595508
39,0.2107398904881281,3.72930255817483e-06,2.817607587539985e-05,0.7892282041334382
40,1.818124751159256e-05,0.9976065559457357,0.002374166564506967,1.0962422456974095e-06
41,0.0005945088501078432,0.9971651817439127,0.002239477041727794,8.323642518578683e-07
42,0.10322500096351082,0.0013636370333035585,0.78181996693819,0.11359139506499562
43,0.0008676578325541483,0.8785578083867935,0.12030985285764485,0.0002646809230076095
44,0.006921511322655281,0.1703184494222227,0.8025630284439982,0.020197010811123833
45,0.9558710946056215,8.991181815443796e-05,0.03807477352540248,0.00596422005082177
46,0.9508964252953571,6.211180408580629e-06,0.0018242729687587625,0.04727309055547561
47,0.00964822141252304,0.4416056957677182,0.5466964897013784,0.0020495931183803244
48,5.893704080407373e-05,0.9470678042607197,0.052518634430308186,0.00035462426816823284
49,0.04600046397555309,0.2898904144063107,0.6605241297074287,0.003584991910707587
50,0.0019407737818340181,0.9824110408775762,0.015644449405575238,3.7359350144762793e-06
51,0.04670630415890414,1.8620159260315542e-05,0.011137257477244006,0.9421378182045916
52,0.027335175729131495,1.0007474638923058e-05,0.1991866300533375,0.7734681867428921
53,1.529835369246353e-05,0.987241707526016,0.01272881925193366,1.4174868357926677e-05
54,0.03206325368256604,0.012200769556076276,0.8029537884184927,0.152782188342865
55,0.02867804693568367,1.2600126674782122e-05,0.1516828598223386,0.8196264931153029
56,0.00011157715249381057,0.9449174090438067,0.054855923407649235,0.00011509039605008561
57,0.47045864450378844,0.02942602386898926,0.3784536483916631,0.12166168323555909
58,0.6412299517851859,0.0006945780115758481,0.273294576837489,0.08478089336574914
59,0.9709007399900146,0.002715850469210126,0.025203301901807407,0.0011801076389676014
60,0.6571330151879073,0.0001633172528551629,0.03463733316891396,0.30806633439032344
61,0.0001551563303958624,0.9943584545351116,0.0054832472331235406,3.141901368888563e-06
62,0.8729368772118531,4.3836542523544393e-10,3.108943267942411e-08,0.1270630912603486
63,0.01713605603635797,0.42261539990435576,0.5578820957608771,0.0023664482984091903
64,0.9239915210506696,9.469661430922414e-05,0.03827381886861047,0.037639963466410624
65,0.0020336649642568477,0.9365034024982037,0.061348384113121074,0.00011454842441831549
66,0.08282608438577667,0.0001744028965496066,0.574564104102142,0.34243540861553173
67,0.00102276026302012,0.9657671097254522,0.03314926340620965,6.0866605317974506e-05
68,0.0019739429192691046,0.826120879178816,0.1714003844194322,0.0005047934824827595
69,0.9917327462857289,0.004574222577493509,0.0036670991352632833,2.593200151448849e-05
70,0.0015080888790589724,0.9755638602984074,0.022905192310112153,2.2858512421679504e-05
71,5.121736134915813e-05,0.9425487408669179,0.057261186438696765,0.00013885533303607586
72,0.0019681035185246092,0.834788600046392,0.16209924865401257,0.001144047781070805
73,0.05001699456759902,5.3662860710622575e-05,0.1695726181062336,0.7803567244654567
74,0.026276684520577142,5.405593174070432e-08,0.014091293673689236,0.959631967749802
75,0.9837833755489445,0.013180096168248839,0.0030097204790693385,2.680780373705127e-05
76,0.0009131980185193298,0.8577922771903959,0.14073628216787035,0.0005582426232145203
77,0.883437540253311,3.434753608400166e-08,0.0003765135108927886,0.11618591188825991
78,0.023450642721855063,0.38723527103173094,0.5735616154676634,0.015752470778750614
79,0.03005381282191729,0.0025177789853303065,0.07569448843049252,0.8917339197622599
80,0.19487297055296995,3.972875975969507e-07,0.0025351733111061655,0.8025914588483263
81,0.9155696786559959,0.002154494794037026,0.07337347843587207,0.008902348114094936
82,0.968041175249194,0.0003918464258904046,0.02432795708242092,0.007239021242494687
83,0.0023678595058160474,0.8996419662494293,0.09739495860171847,0.0005952156430362754
84,0.06155236268936025,2.7276347798218357e-05,0.3217274338883053,0.6166929270745362
85,0.00013810892696092456,0.9948661559724828,0.004964080838061526,3.165426249470722e-05
86,0.41535250228187875,0.00012588592224547447,0.08157571553578367,0.5029458962600921
87,9.788967587934306e-05,0.9833579107068066,0.01652945570242657,1.4743914887433483e-05
88,0.00046742649603417956,0.8709845396719751,0.12782542021173823,0.0007226136202525332
89,0.009363020247848675,0.973481546229639,0.01714337601925666,1.20575032557894e-05
90,0.0002245794972022108,0.9829325759906423,0.016768946958423323,7.389755373221721e-05
91,0.48888297742516607,6.093499566128717e-09,0.0006640471465579538,0.5104529693347764
92,0.9601178889787888,0.011640724057432925,0.027334545720815773,0.0009068412429625077
93,0.8445508072082776,1.7928272843623686e-05,0.049328953718696035,0.10610231080018276
94,0.049823596408139,2.4210137614852012e-08,1.1848523200734499e-07,0.9501762608964914
95,0.005657107537859156,0.9784001895577226,0.015865588465556395,7.711443886192387e-05
96,0.0008696228493587014,0.8095889976799984,0.18930760423539555,0.00023377523524751779
97,0.7638955030134478,0.0010636305566147756,0.14528609722811292,0.08975476920182449
98,1.1306994015505798e-06,0.9996600352503262,0.00033879579230832574,3.825796392377207e-08
99,0.058913573876388924,0.015827621343422006,0.8959166901117668,0.02934211466842226
100,0.798408351506308,0.00014101781991882298,0.09794709676913078,0.10350353390464231
101,0.8399457953816565,0.029448701397512288,0.12233825769132325,0.008267245529507906
102,0.011882099020724872,0.3491922097830645,0.6303507402165078,0.008574950979702792
103,0.5796534468360858,6.236440814316895e-08,5.5919591896780196e-05,0.42029057120760926
104,0.10023689123152847,0.001222612640723901,0.8089302478189703,0.08961024830877737
105,0.00043425931490324133,0.9581777459164375,0.040734730863766534,0.0006532639048928129
106,0.6721861199699695,0.0686847269434835,0.25143521497543114,0.007693938111115803
107,6.17148044799823e-05,0.9844238059387185,0.015502122467078206,1.2356789723394375e-05
108,0.026972753897765545,0.4599029121145282,0.5058447908190798,0.0072795431686263875
109,1.1885586923743895e-05,0.9850686479747092,0.014911694931240558,7.77150712659537e-06
110,0.6574796571990578,7.262599912963114e-06,0.03215399797781697,0.31035908222321235
111,0.9674716608818925,0.00026115182240123917,0.02012969003964823,0.012137497256058137
112,0.252230848856265,0.0006259028828004531,0.08554311196412016,0.6616001362968144
113,9.994502772251419e-05,0.9250035670390884,0.07464749744257393,0.0002489904906151895
114,0.0002980202866904678,0.8457331547457447,0.15369327943980388,0.00027554552776087437
115,0.003756041604555766,0.5067751750761647,0.483244446442683,0.0062243368765966525
116,0.7209419328037022,3.387751642679637e-10,4.923266800424971e-05,0.2790088341895182
117,0.003949501067306302,0.33672636027406977,0.6518020402006303,0.007522098457993597
118,0.7923704716036651,1.363282925280925e-05,0.001496790959210363,0.2061191046078716
119,0.10583792539399896,0.09160584670487468,0.7887842528289808,0.013771975072145557
120,0.08479205603854455,0.0002761839676237568,0.6241978226691436,0.2907339373246882
121,0.0005040901373895938,0.9264000579622665,0.0728492052785687,0.0002466466217752447
122,0.03381562356472525,0.027699698412595918,0.9070150233435935,0.0314696546790854
123,0.0011525577259983845,0.901446430418035,0.09667058375122312,0.0007304281047434385
124,0.021288021401689613,2.0424093663766217e-07,3.6315113862169174e-06,0.9787081428459875
125,0.8406964712275644,1.8974812029412844e-08,0.0005768071085533075,0.15872670268907038
126,0.011207928343809376,5.2736981267047745e-05,0.08981596868517407,0.8989233659897495
127,0.9356497328908223,0.0011035337609032914,0.04627915397634229,0.01696757937193202
128,0.002648098675102278,0.9902081246461316,0.007126713747635907,1.706293113030443e-05
129,0.847474156836747,8.53704068518368e-05,0.04391534945801348,0.10852512329838766
130,1.4748080286008842e-05,0.9940429415357407,0.005941364663849637,9.457201235541766e-07
131,0.02269338229432702,0.0010621698747720558,0.7539403856333768,0.22230406219752402
132,0.00037040945985008936,0.8836810042779172,0.11559912593485928,0.0003494603273735583
133,0.9095435490401994,0.0003462998618852584,0.06262514108080128,0.027485010017113953
134,6.333333334914196e-05,0.9811939350618605,0.018726287447900034,1.6444156890389918e-05
135,4.889876931268146e-05,0.9643195143081781,0.03557592076087522,5.5666161633932955e-05
136,0.9517007735372235,0.0006975902506052382,0.039186447865348,0.008415188346823352
137,0.008599300631699149,0.028138937582567785,0.9338490857174996,0.029412676068233393
138,0.1335667271968366,1.193194719641474e-05,0.20619399134108618,0.6602273495148808
139,0.003487098286734985,0.00299062122638008,0.8678728204166692,0.12564946007021574
140,0.8999189280431104,9.4040979783481e-05,0.015439546736606668,0.08454748424049946
141,3.203733271154033e-06,0.9955699120089844,0.004425005725842181,1.8785319022648494e-06
142,0.0031311901631470886,0.481427448881716,0.5129623357792461,0.0024790251758908927
143,3.1087607272608856e-05,0.9980040467875391,0.0019633857283003716,1.479876887725464e-06
144,0.04868094220355765,7.831667885107598e-05,0.043553231621426144,0.9076875094961652
145,0.0029153409166194477,0.7516498406374279,0.2447397680416634,0.0006950504042892323
146,0.13676223010444402,0.00022128117822385054,0.07828118066585014,0.784735308051482
147,0.002163469808044271,0.902974049360412,0.09460019739628038,0.00026228343526337594
148,0.008479078271322875,0.7319578900954988,0.2579569857271041,0.0016060459060742358
149,0.8059350577475756,0.05059884789874532,0.14231954116384804,0.0011465531898311961
150,0.3530413969707997,0.00014098493027025368,0.4873121714365262,0.15950544666240374
151,0.0021499151771041582,0.7003367122296734,0.29578831060391475,0.0017250619893077084
152,0.04358226013542768,0.003058597732603767,0.8492783285356897,0.10408081359627887
153,9.763660944404714e-07,0.9998031396161556,0.0001956265581983609,2.5745955144177696e-07
154,0.0069477466033448804,0.209468223244435,0.7706568547135875,0.012927175438632794
155,0.06398895099161543,0.0006378340830049522,0.7845340710778366,0.15083914384754324
156,0.05683259240107111,0.01871269362023806,0.02926175893185432,0.8951929550468365
157,0.04676040610722793,1.2858421332774227e-06,0.012685771617587736,0.9405525364330511
158,0.00030687729931311937,0.9216251859177306,0.07790967424169012,0.00015826254126604682
159,0.000280495622761308,0.9244739565163894,0.07492437880850959,0.0003211690523396024
160,3.112734796225958e-06,0.9960999433105422,0.00389533322803649,1.6107266252123774e-06
161,3.572664710883597e-05,0.9987422494864088,0.001221718806305993,3.050601763952554e-07
162,0.0030840336279883123,0.7387069439466468,0.25724120466318706,0.0009678177621777778
163,0.04339486597706423,8.291800474342707e-06,0.07984394542515338,0.8767528967973081
164,0.0001215831335181977,0.8770173106780191,0.12250078834282015,0.00036031784564248385
165,0.30045700699476985,5.7439733303406665e-06,0.1182839886343998,0.5812532603975
166,0.9418183786812108,0.00350522875486933,0.05166375308688298,0.003012639477037035
167,0.9386418666318943,5.535219849654381e-05,0.03241567632561813,0.028887104843990884
168,0.7894844564797346,2.9884619593441723e-07,0.003931904756242921,0.20658333991782668
169,0.12833378742190896,2.818951357842182e-08,1.9873755818111667e-06,0.8716641970129957
170,0.7026188413036719,6.996459931681679e-06,0.001489296490142062,0.29588486574625433
171,0.00020724088899500638,0.9269964659793745,0.07247334913480105,0.00032294399682960867
172,0.06354518680037254,0.0009970295796382477,0.795996061762612,0.13946172185737732
173,0.8831275618966343,0.006566597015191467,0.09872437875050476,0.011581462337669431
174,0.010746134214621212,0.8659692759498128,0.12155302000551846,0.0017315698300474857
175,0.05651559172531414,0.011226458341930382,0.8851526348936243,0.04710531503913117
176,0.0002495610262277824,0.9202690943197649,0.07936084961272086,0.00012049504128654919
177,0.0005079047754833211,0.9746054735413476,0.024797762762960727,8.885892020830183e-05
178,0.0020618490770778902,0.8165554705014592,0.179478222235042,0.0019044581864209509
179,0.8161515827927326,1.8702355656545278e-07,0.00043644522044659266,0.18341178496326432
180,0.007192808532670574,0.05462566348025812,0.9161939482975155,0.021987579689555815
181,0.09308269774677685,0.0004754355256640478,0.012248538726430799,0.8941933280011284
182,0.02954762307464678,0.002441158685406595,0.8837012060437391,0.08431001219620747
183,0.30415889531042634,0.6849313445173684,0.01082742246783879,8.233770436639054e-05
184,0.05117068028279347,1.4104166919564408e-06,0.0021504121309932423,0.9466774971695213
185,0.00037804071750514276,0.8799691045970844,0.1185220585177662,0.0011307961676442042
186,0.8550560214931284,0.00014953472631686645,0.098280923811624,0.04651351996893081
187,0.06794353820294433,3.536981647793583e-10,8.676262419718064e-07,0.9320555938171154
188,0.0003047439069154466,0.9941314821148597,0.005561785429105948,1.9885491189166144e-06
189,0.7633218889984736,3.021241686394759e-07,0.0003946221856412168,0.23628318669171644
190,3.817497149395451e-05,0.9930111340582455,0.006947850193109826,2.8407771508903492e-06
191,0.3082282254587488,2.5046892311758035e-07,1.9019099047120015e-05,0.691752504973281
192,0.028660092170638165,2.9647515219269926e-07,0.02011507096096909,0.9512245403932404
193,0.00074194572780578,0.9880563165639438,0.011120992443948286,8.074526430206952e-05
194,4.6465638469164585e-05,0.9861402442072844,0.013800905548134242,1.2384606112124563e-05
195,0.03240118043219108,6.043501017634868e-06,0.051037679647383816,0.9165550964194075
196,0.014885129330398874,0.11025680685257931,0.8554355435523826,0.019422520264639233
197,0.03517530711998972,0.10745195238676843,0.8511638931161144,0.006208847377127377
198,0.07435752522247373,4.44395738676864e-05,0.2756760192158536,0.649922015987805
199,0.0002521513498285458,0.9990699660794149,0.0006774993814178417,3.8318933843221986e-07
200,0.00011181726186622002,0.9895295484839606,0.01026371896884305,9.491528533024333e-05
201,0.0006790270534334632,0.9047380619732435,0.09375746033044348,0.0008254506428794472
202,0.9088913207375275,0.0002835970132587676,0.07179185390843536,0.019033228340778467
203,0.006002752839246246,0.20988005323649694,0.77276763567892,0.011349558245336787
204,0.007110178575939675,0.5513937551232414,0.43165827385918876,0.009837792441630069
205,0.8686627719897495,0.0009303001779561307,0.11314158783704915,0.017265339995245127
206,0.0064100781593626095,0.8013263594288673,0.1912240696064306,0.0010394928053394127
207,0.0003492028597691246,0.9782042039553333,0.021423073859243674,2.3519325653890352e-05
208,0.6587854793027377,0.34115861258600955,5.58630553028467e-05,4.5055949862093296e-08
209,0.02489286559597304,4.233913398348429e-05,0.040288258515191556,0.934776536754852
210,0.6342937616356166,2.958764075061904e-07,0.003107128932434404,0.36259881355554147
211,0.023530163812469623,3.426478015441201e-06,0.029471047725582268,0.9469953619839326
212,1.9529064364620983e-05,0.9941083511991773,0.005859228477605639,1.289125885264235e-05
213,0.007865634539849562,0.014429256987986446,0.9370911730469871,0.040613935425176995
214,0.7603394281158159,7.727836473319269e-07,0.004421988923518773,0.2352378101770179
215,0.9690357020207029,5.065150437500138e-05,0.004885410806144316,0.026028235668778026
216,0.00021064218430606648,0.984188129279778,0.015571519021405944,2.9709514509957642e-05
217,0.23258734016532748,0.001886993626055642,0.6497474771099114,0.11577818909870552
218,0.003257293150202707,0.22778984928493107,0.7644050640017533,0.004547793563112907
219,0.023760208727433656,0.008502398256907562,0.9167415570284508,0.050995835987208055
220,0.2158708375217253,0.001743870887741042,0.6976443739915322,0.08474091759900144
221,0.07960213404743804,1.974713741561489e-05,0.019221281104586437,0.90115683771056
222,0.03767337174613415,0.005922222262262242,0.9172909249971285,0.03911348099447504
223,0.16298248084053907,8.16769333036461e-06,0.04684698349611921,0.7901623679700113
224,0.8502499991506465,1.8524565058074435e-05,0.06502665852522586,0.08470481775906959
225,0.22528216831926157,0.00029127081340676175,0.08442383228007384,0.6900027285872579
226,0.051184245620852095,0.007947023316960466,0.8785358269871848,0.062332904075002575
227,0.12810147696860352,0.21176652015730446,0.6417862770236007,0.018345725850491403
228,0.0036402280487129617,5.366634500185299e-05,0.0084709059234569,0.9878351996828284
229,0.0004784041988278353,0.7901317311855018,0.2085974963784374,0.0007923682372329093
230,0.025238524380131917,8.634605063820406e-06,0.21634811669684842,0.7584047243179558
231,0.0716894426924027,6.89336008761992e-08,0.03293754486876958,0.8953729435052269
232,0.667876656793048,2.5013376574896036e-08,3.580333503118225e-05,0.3320875148585444
233,0.00025492238306678525,0.9202505249985726,0.07938337202598747,0.00011118059237331573
234,0.00437002858846223,0.856257630567857,0.13913922266601245,0.00023311817766836343
235,0.3933540844267679,0.0005033627754157938,0.33695339399687274,0.26918915880094363
236,0.007655621166707308,0.8444069919010018,0.14773822217998772,0.00019916475230311384
237,0.0005305396617359878,0.923900694182191,0.07535582674745495,0.00021293940861799717
238,0.00012648777214679493,0.9399443703696998,0.059684174443610176,0.000244967414543261
239,0.7780770370205047,1.2047044074783554e-08,0.00040535250640928597,0.2215175984260418
240,4.36485411904389e-05,0.9921853097564928,0.007757395683396484,1.3646018920428581e-05
241,0.020049558575630334,1.0727930076225332e-05,0.03685104069987405,0.9430886727944193
242,0.8153475286765189,1.908325800653884e-06,0.002416936875614395,0.18223362612206612
243,0.2807082271859755,5.888335687376032e-07,0.009601180471071459,0.7096900035093843
244,0.03421184682104477,0.8281252905784577,0.1369984657384973,0.0006643968620001271
245,0.1143018977142434,8.916402430393843e-06,0.12066979035546889,0.7650193955278574
246,0.06732005928833124,0.0004528706710658701,0.5584463099199239,0.3737807601206789
247,0.12672864894728933,6.488986702770279e-06,0.024280795955050144,0.8489840661109577
248,0.36690852756998227,0.0001229043785398173,0.26097180306326656,0.3719967649882113
249,0.004838384636947628,0.8562566267619744,0.1375357975631797,0.001369191037898171
250,0.9777299008147042,7.737388980778475e-05,0.017158916337473604,0.005033808958014548
251,0.11098024955274026,2.426188295744488e-05,0.39854481640215317,0.49045067216214916
252,0.8357369575095704,0.014528305673597721,0.14727528329855555,0.002459453518276559
253,0.06094043498957926,0.00019218389026994157,0.28655471459454174,0.652312666525609
254,2.0300244624553966e-05,0.9937939864885778,0.0061836092644945335,2.104002303213404e-06
255,0.03328635786816183,0.013206768164204628,0.9257476018644019,0.02775927210323153
256,0.031122163781218647,0.012310537084211235,0.8642572387025577,0.09231006043201234
257,0.07981856557542047,9.142986077190816e-06,0.14986856647619543,0.7703037249623069
258,0.7499153530297827,1.1525069253534686e-09,2.4935971145661753e-05,0.2500597098465646
259,0.00024742924600969056,0.8716289390042643,0.12788647656757882,0.00023715518214705437
260,0.01268822306454466,0.9090513344194395,0.07685850315900798,0.0014019393570079573
261,0.015327588185275052,0.8831880969279426,0.10136736122081381,0.00011695366596854794
262,6.427008086710105e-05,0.9907829248067603,0.009146700473579806,6.1046387929983995e-06
263,0.6004010491163665,3.2040207980602914e-06,0.0029307037231749503,0.39666504313966056
264,0.5434016038169891,2.6609382930818234e-07,7.442938545659296e-05,0.456523700703725
265,3.221026852227003e-06,0.9980554615109565,0.0019408403925110893,4.770696802662518e-07
266,0.0009088447710987634,0.8401323555514113,0.15813469856574874,0.0008241011117412794
267,0.02948045635576781,2.6080678803722413e-08,0.01158490868326424,0.9589346088802891
268,0.01437061651887395,0.04635005651059814,0.9281634825831901,0.011115844387337719
269,3.410652704513482e-06,0.9998575321176856,0.00013896135448408022,9.587512592132726e-08
270,0.14431832240696554,0.3240130547204278,0.5281631754146184,0.003505447457988261
271,0.017992528438922965,0.0411487185011509,0.916692559842386,0.024166193217540235
272,0.06193535877510287,0.9302326829864962,0.007831207413650024,7.508247507440612e-07
273,0.8258657960574035,0.10368295863688655,0.0699537565691153,0.0004974887365946915
274,1.7023553844305263e-05,0.9969487922295941,0.003026942026071791,7.242190489760645e-06
275,0.004328453390535234,0.453483598991216,0.5398294638688865,0.002358483749362252
276,0.9195350455361407,0.02746202775619329,0.05250586867512335,0.00049705803254258
277,0.02576098796677414,1.0896305686250572e-06,0.008438750411220736,0.9657991719914364
278,0.016155223076030914,0.8179300745476416,0.16547428693303748,0.0004404154432900749
279,0.007631693718971486,0.12207204922489266,0.8620195907940067,0.0082766662621291
280,0.21845854030468678,0.0029074576359646334,0.6095041087091583,0.16912989335019038
281,0.009337276859714198,0.0006764417055771329,0.7814706581856129,0.2085156232490958
282,0.8388396471000787,0.0526706275034089,0.10131846233030722,0.007171263066205081
283,0.8935002315166148,4.356286095932276e-07,0.004678729890082229,0.10182060296469331
284,0.8577585577139739,0.00024104085952934032,0.09175607666795796,0.050244324758538926
285,0.5270459834771617,1.6763249143561124e-07,1.9842364995326888e-05,0.4729340065253516
286,0.00011264066968120846,0.9635964193511576,0.036253849871229434,3.7090107931816844e-05
287,1.0041076702794546e-05,0.9989250873725942,0.0010641099109938868,7.616397091175467e-07
288,0.03248448458405489,0.05749517886151682,0.8842025185345809,0.025817818019847494
289,2.2183992684374308e-05,0.9841451362854414,0.015782390372475037,5.0289349399167e-05
290,0.0017710513557219203,0.9907033676204495,0.007522469336140014,3.111687688522294e-06
291,4.093876955821044e-05,0.9856466789834066,0.014302763341498187,9.618905537091765e-06
292,0.08901243601738323,7.434153347855484e-07,0.02857627003329868,0.8824105505339832
293,0.039340530956496346,2.6497157628364986e-07,0.008681904548206823,0.9519772995237206
294,0.31809398513013826,1.6025298479699955e-07,8.482223134211608e-06,0.6818973723937428
295,0.8046078879850349,0.17241143576125825,0.02293289935847937,4.777689522751211e-05
296,0.0007602076087077691,0.918804835945803,0.07983207824196294,0.0006028782035262901
297,0.0002650760889676577,0.9913975442643187,0.00833150703326893,5.872613444749452e-06
298,0.04204983979796378,1.2560025405548017e-05,0.3111366390867791,0.6468009610898516
299,0.0011221154927658762,0.9394945441825066,0.059294736895114115,8.860342961340504e-05
300,0.7386317792025009,1.1666318121768698e-06,0.014960377346861802,0.24640667681882508
301,0.9587122181093024,0.000622763653119637,0.0286176602984331,0.012047357939144913
302,0.001521250897201064,0.9323568697250881,0.06554629453372603,0.0005755848439848764
303,0.030432341736061096,7.73534911018808e-05,0.06253149984405387,0.9069588049287831
304,0.13736545210455947,0.00010370194245495743,0.47507665920360664,0.3874541867493788
305,0.9839170206557404,0.0002757867385068001,0.011908395223102403,0.0038987973826503323
306,0.1442729469134733,0.8489322283590894,0.006775780934543867,1.9043792893264257e-05
307,0.6275450684663288,2.3699760315154933e-09,5.155940505447789e-05,0.37240336975864063
308,0.9755747060889461,5.981568075097306e-05,0.017353483209422163,0.007011995020880808
309,0.2808924249135416,2.886807669842594e-07,1.1830156932435382e-05,0.719095456248759
310,0.8094377325466579,2.1976828364493883e-07,0.0012833703151159542,0.1892786773699426
311,0.01661920690819804,3.438067235001728e-06,0.041071322946490456,0.9423060320780766
312,0.03921733018285765,6.784894166493128e-08,0.0010509100382318111,0.959731691929969
313,0.14721970071477186,8.261367554564668e-09,4.002026340427834e-07,0.8527798908212264
314,0.030931200448229446,0.006422156109624407,0.9295221240083972,0.03312451943374901
315,0.8453538403830462,0.14768734897009067,0.006840198484175049,0.00011861216268811871
316,0.8662066968098732,0.0022261939002980787,0.12689344684172138,0.004673662448107437
317,0.06438752754740927,0.026412297098961375,0.07205433199207233,0.837145843361557
318,0.0001594120328829774,0.9495775541226601,0.049972859298567235,0.0002901745458898354
319,0.13859615645080844,0.01350375136253214,0.7700643193185118,0.0778357728681476
320,6.122415837288666e-05,0.9863160518055224,0.013594851666211733,2.787236989293825e-05
321,0.03172677596758693,0.0024916634536832896,0.8506825294757663,0.1150990311029635
322,0.06747802017151708,5.32231921923841e-06,0.18416196730828202,0.7483546902009818
323,0.9405905798713344,0.0006607900867727246,0.0507648134586688,0.007983816583224054
324,0.0009768856348616834,0.8728370850115413,0.1258547945611925,0.000331234792404462
325,0.6132705668830503,0.00014465953138004446,0.2643334683151867,0.1222513052703829
326,0.0014844145581278155,0.8185445617262095,0.1797513944740732,0.000219629241589596
327,0.04477560058812346,3.07099682593384e-08,0.0014085304187329965,0.9538158382831754
328,0.3477552421983212,0.6460309381078344,0.0061998679711721995,1.3951722672022377e-05
329,0.1229939364109379,0.0001597197033052065,0.6417773988967772,0.23506894498897965
330,6.440905504340722e-05,0.9980827702137693,0.0018494091054099032,3.4116257773840764e-06
331,0.00017641076171927647,0.9695953165097128,0.03020413218453007,2.414054403785771e-05
332,0.0007213956351491194,0.8899749790426964,0.10902578059962609,0.00027784472252839385
333,0.881391497011918,0.05672073903026422,0.06130543130896864,0.0005823326488489874
334,0.0005931701669383521,0.9341640674205566,0.0646266057023417,0.0006161567101635181
335,0.008842215108489202,0.9885511614419769,0.0026053662589535886,1.2571905802615838e-06
336,0.875914404789478,0.008071986055227385,0.11346117098615491,0.0025524381691396036
337,0.43679689436764857,1.245687194371581e-05,0.0010725902145679515,0.5621180585458398
338,7.582566049156827e-05,0.9195620171427247,0.08018101909307136,0.0001811381037122389
339,0.9176738137263659,0.020238983014423676,0.0612543404121884,0.0008328628470220916
340,0.028737279933417542,4.035957527854494e-09,0.0011795474997446293,0.9700831685308804
341,0.7695970951297478,1.5164507304935855e-07,0.0034950981515623402,0.22690765507361677
342,0.04290021651306626,5.4187090091663935e-05,0.04489957571635351,0.9121460206804886
343,8.562257291402957e-05,0.9744066394278738,0.025468501475476114,3.923652373602882e-05
344,0.007076831735533245,0.8930288579193009,0.09895705162663808,0.0009372587185277907
345,0.5040480194825023,4.721254131882139e-08,0.0004858386734269951,0.49546609463152935
346,0.06283701491806286,0.205838703601518,0.7210664273809875,0.010257854099431685
347,0.3226417698321694,1.1759555042593504e-07,0.010848620314418547,0.6665094922578615
348,6.855310354143373e-05,0.9260047607117713,0.07382894225663665,9.77439280506783e-05
349,0.03303076650721912,0.011928123378294546,0.89605388646378,0.05898722365070624
350,0.03098204149581031,0.0005423299324598517,0.7683362648747747,0.20013936369695526
351,0.0007458770882999051,0.9899260901347744,0.009319299731102824,8.733045822914193e-06
352,0.00022750699483319194,0.8705604044996302,0.128920696484633,0.00029139202090347596
353,3.03635297571641e-05,0.9977037354764278,0.0022646009112973426,1.3000825178152132e-06
354,1.803414471325156e-06,0.9991441097344309,0.0008538660058831169,2.2084521464863705e-07
355,0.01173616186703699,0.2045219928239602,0.7715911034580446,0.012150741850958316
356,0.057617919743815034,0.001431320362127407,0.7291216049812713,0.21182915491278612
357,0.8640343268211799,4.3257710118898866e-07,0.002217075169117387,0.1337481654326015
358,0.010790509941329834,0.02140390860717198,0.9272512463072798,0.04055433514421825
359,0.00015791369940103373,0.9909765309445763,0.008830535399000264,3.501995702249132e-05
360,0.5203654774850823,0.01989128809781674,0.43933804204882215,0.020405192368278827
361,0.0004357376419314334,0.9330934409401741,0.06635513043991308,0.00011569097798139475
362,0.0022877670322811847,8.497420717894351e-07,0.0004742608376575999,0.9972371223879894
363,0.006232961835893621,0.9927112665301822,0.0010556003641475123,1.7126977660148615e-07
364,0.002004000095618172,0.2506928393692934,0.7433218286511508,0.00398133188393753
365,0.0774799282820667,0.0007815379387752894,0.7937584391360252,0.12798009464313287
366,2.0126609546367733e-05,0.9936910386836447,0.006284758165089159,4.076541719822791e-06
367,0.04529122389336523,3.0227616389589117e-05,0.23306072049663512,0.7216178279936102
368,0.8559564559249806,4.180077040078619e-05,0.06346775076840014,0.08053399253621837
369,0.00013960930736945718,0.9962263726787711,0.0036326268326473173,1.3911812119958846e-06
370,0.8337521218687391,1.2047247663673416e-06,0.00218933088198318,0.1640573425245113
371,0.11189400316477723,5.331063841961911e-05,0.30886255346209396,0.5791901327347092
372,2.4918642421952174e-05,0.9866035600123425,0.01335977383397069,1.1747511264660236e-05
373,0.013692009414731114,0.02363054496931035,0.8833595919528034,0.07931785366315493
374,0.9285120213180356,0.0003597832248783599,0.050945142809308654,0.02018305264777724
375,0.039599193891649,0.01950903516731689,0.9227667940750036,0.018124976866030398
376,0.0011998995928231312,0.9700149464645339,0.028728529250437784,5.662469220529257e-05
377,0.698416050165631,0.19965992434369714,0.10152233669534362,0.000401688795328206
378,0.8246308201644295,1.2507531177180854e-05,0.006184893381764199,0.16917177892262916
379,0.04104635019823843,0.009996205629819835,0.9035193594145223,0.04543808475741939
380,0.00014996792043565349,0.9758801978687976,0.023960336272763092,9.497938003758895e-06
381,0.2391632557630091,4.2623518283723395e-05,0.0001808244904182495,0.760613296228289
382,0.7476774584174904,3.3195823633807155e-06,0.038287854626812355,0.21403136737333384
383,0.01707281649515939,0.0018322448418733952,0.7512431525561293,0.22985178610683796
384,0.05249960609843238,0.0004087617991839899,0.7250419948422394,0.22204963726014415
385,0.005479636810971053,0.11480289821568755,0.8557054476521019,0.024012017321239382
386,3.0261748848187267e-05,0.9772582333496099,0.022635358506804433,7.614639473752514e-05
387,0.0007435100412475278,0.9974612479347053,0.0017947785720149377,4.6345203234005964e-07
388,0.9240872584172982,0.0005812337920828646,0.06639027534233069,0.008941232448288107
389,0.0024045118441955245,0.9877937139808863,0.009786899153261188,1.487502165705753e-05
390,0.010901794255837132,0.050487023733017576,0.9167397648859902,0.021871417125154963
391,0.05100126867843247,0.04262579838871321,0.8926819669741173,0.013690965958737067
392,0.0010278997569854694,0.8622741429959234,0.13599967997394732,0.0006982772731437742
393,0.023596795777740723,0.9701978920730112,0.006182292442403142,2.3019706844770064e-05
394,0.0045606256384106165,0.28117233719949186,0.710413184278543,0.0038538528835545057
395,0.8637643669634498,6.540927974637322e-07,0.0013438807305316636,0.134891098213221
396,0.003852832761863548,1.2830391441594556e-09,2.497887008333318e-05,0.996122187085014
397,0.018881239585491497,1.6010340440673777e-05,0.09643236624294838,0.8846703838311195
398,7.01872710242448e-06,0.9990681612008733,0.000924695851154661,1.2422086955040078e-07
399,0.0424553161747062,0.40294422637928823,0.5440298880800272,0.01057056936597837
400,0.0008200209989690642,0.7578526844503459,0.23966884826637733,0.0016584462843076543
401,0.0003224384569528166,0.8886899249044915,0.11072820138209433,0.00025943525646143474
402,0.6029317315669285,1.198115299124597e-05,0.01442253475543776,0.38263375252464243
403,0.05280857016999745,0.0010018148531298738,0.6793975727879955,0.2667920421888772
404,0.8989811882120838,0.08828961093329854,0.012694019488137542,3.518136648000479e-05
405,0.9256554142779786,0.0007488313733603653,0.02282801850605596,0.050767735842605244
406,0.9148569148013531,3.0608198829875086e-05,0.049014578015856104,0.03609789898396109
407,0.8323143804969294,0.000146010620106559,0.0007909613657688029,0.16674864751719531
408,0.0007758471433528804,0.8671984732045745,0.13183394033762147,0.00019173931445110094
409,0.869513200124552,0.0014413574781425229,0.11565908372011784,0.013386358677187645
410,0.9130248194835077,0.00016018624895395515,0.05975979349990315,0.027055200767635255
411,0.770582241940806,2.4530488746949263e-07,0.004439822237371855,0.22497769051693453
412,0.03855883702556894,0.0006196723063350672,0.8424011209238987,0.11842036974419734
413,0.001099836607797608,0.8395600311101459,0.1587022366970281,0.0006378955850283762
414,0.9543499347012945,5.742676815174625e-05,0.024793286721533064,0.020799351809020657
415,0.0014390037011705599,0.7148415599038901,0.28192364050384694,0.0017957958910922223
416,0.9107041187183136,0.00010248283929114488,0.04870641084526598,0.04048698759712911
417,0.0016833852004138347,0.9250089380315699,0.07320221944804738,0.00010545731996902375
418,0.005140117715918832,0.35938952729328577,0.6315789231820947,0.003891431808700691
419,4.112439405781978e-05,0.9638992869785051,0.036035173459840766,2.4415167596149872e-05
420,0.0010173557651787192,0.7424000713688134,0.2555534976891554,0.0010290751768524534
421,0.004324028757102795,0.9257172831826627,0.06910010969020752,0.0008585783700270432
422,0.9320295163643328,8.623811006569513e-07,0.00045836520418878987,0.06751125605037774
423,0.061030006787379826,7.752561570308634e-06,0.16161573424060555,0.7773465064104443
424,0.023755729682486734,0.0650977027139117,0.893988284957647,0.017158282645954526
425,7.97067609827227e-05,0.9174071162722583,0.08230190666954633,0.00021127029721270445
426,0.0023146960040464513,0.9682685709954726,0.0289634042953245,0.00045332870515651333
427,0.003233901418761978,0.8648048381336275,0.13156998134599304,0.00039127910161748485
428,0.00014530511175878255,0.9846261341270257,0.015217252219384619,1.1308541830669207e-05
429,0.0005664546369909496,0.916312788886304,0.08286397912294442,0.0002567773537608623
430,0.0005979619488593439,0.943089975183222,0.05589673955339852,0.0004153233145201213
431,0.08348828165646337,3.5099245468469595e-08,0.02408326200410387,0.8924284212401873
432,2.1720955415989394e-05,0.9645868177944766,0.03532855327917865,6.290797092872763e-05
433,0.03625590973578966,0.04361885844395906,0.8899246146253017,0.03020061719494947
434,0.04773821984874345,3.1044586183536325e-05,0.40607433285159006,0.5461564027134829
435,0.01706906879134897,6.785106204313777e-06,0.04877686690338872,0.934147279199058
436,0.026621150277153394,0.002376552011205358,0.8143841852659676,0.15661811244567367
437,0.0036000293371406,0.9793854371629215,0.016977259680019428,3.727381991854003e-05
438,0.012966276487096043,0.03855870664877436,0.9217481665315113,0.02672685033261846
439,0.012207948854946839,0.0004914789407747832,0.5078318513865756,0.47946872081770275
440,0.000779815871828237,0.9867268348500567,0.012458310324881936,3.503895323297522e-05
441,0.015739550419406903,0.050991849633166435,0.9159102409633958,0.017358358984030896
442,0.00020279005903411156,0.9212271451448005,0.07841228682852137,0.00015777796764408644
443,0.9640961939873434,2.258314967396338e-05,0.02188975924182455,0.013991463621158325
444,0.006606959522971809,0.48953371032151616,0.5011644599907339,0.0026948701647781506
445,0.0584304079410023,1.296745709073922e-09,0.0011187537107999912,0.9404508370514519
446,0.07690159921742062,8.311297239131358e-09,1.7630438595954352e-06,0.9230966294274225
447,0.0012555025580762542,0.9430383561934692,0.05520950692302898,0.0004966343254253415
448,0.5203710149944905,5.313738141258869e-06,0.07448436925754516,0.4051393020098232
449,0.8804923026352511,4.1834441584183794e-07,6.117418915274763e-05,0.1194461048311803
450,0.02835272454444019,0.8180622208583148,0.15313123351796948,0.00045382107927545375
451,0.008261319178895974,9.511191223659533e-08,0.0043961887616991505,0.9873423969474925
452,0.00036173453526169337,0.9928694294645056,0.006756895199689488,1.1940800543331653e-05
453,0.0063056142966307896,0.987979373684976,0.005698166786160413,1.6845232232929917e-05
454,0.0006541201207963493,0.9953225885178868,0.004016608387230435,6.68297408660633e-06
455,0.0004876278534307584,0.9277984677547662,0.0710376430857724,0.0006762613060307828
456,0.0029984970128254093,0.8826745615469401,0.11388030222280263,0.00044663921743187196
457,7.022949103934061e-05,0.9763350492707499,0.023548677861524054,4.604337668662118e-05
458,0.0003080158029727007,0.9452450199704823,0.05415476898514286,0.00029219524140205815
459,0.004997559257237243,0.8640634808768586,0.12871459198884821,0.0022243678770557996
460,0.1533369581057074,3.0398610239716665e-08,0.0009624536225038755,0.8457005578731785
461,0.7432875668815553,1.7284327631760954e-05,0.0034859162427390423,0.25320923254807404
462,0.9836104379517139,0.016336593150288608,5.2898403955010596e-05,7.049404246281243e-08
463,0.17265985205040696,0.0001292139555195542,0.4792726328104553,0.3479383011836183
464,0.9352487465089782,0.0035134907817509537,0.05228825211986556,0.008949510589405244
465,0.016201047466433527,0.8260139169131837,0.15727486648249286,0.0005101691378898263
466,0.7378196810131015,0.00013699167247441878,0.07628874157878812,0.185754585735636
467,0.0639883408879675,1.59999023263516e-06,0.005627864189560915,0.9303821949322388
468,0.5525568397823369,0.001446729180778209,0.3771836406479798,0.06881279038890514
469,1.2716492218498021e-05,0.9912068583165231,0.008760387343376377,2.0037847881900467e-05
470,0.835294207251636,6.10418474863269e-06,0.017931376493399622,0.1467683120702156
471,0.01636797234368266,0.016673120794483014,0.9276506529795925,0.039308253882241996
472,0.07202728232498737,0.1432684989285555,0.7345501993341137,0.050154019412343376
473,0.0007426777255559484,0.8703891102081097,0.12849176376619906,0.00037644830013507986
474,0.30419472077662757,0.03421927425853455,0.6534550085857778,0.008130996379060172
475,0.6324791763789955,1.096414104643327e-06,5.901757165457208e-05,0.36746070963524535
476,0.054558285277235635,0.006568733684360068,0.8745243219915771,0.06434865904682713
477,2.999571772270748e-05,0.9901912700030862,0.009765891398678637,1.2842880512522623e-05
478,0.0013043923484619612,0.8815640039474538,0.11669919620596811,0.0004324074981159491
479,0.6563769181357573,0.01113712878465147,0.27492915943570745,0.05755679364388394
480,0.03416778054051365,7.3462535460772165e-06,0.09758787325961914,0.8682369999463211
481,0.8497036448565043,2.9258625410583845e-06,0.014728234475560972,0.13556519480539372
482,0.026790058922652082,9.40686961889484e-07,0.006810058698907756,0.9663989416914783
483,0.0001254483613689443,0.9505148921505373,0.04933905618195132,2.0603306142303866e-05
484,0.9462899923287944,4.394091336054614e-05,0.014686419339070972,0.0389796474187741
485,0.028709166120222087,0.0884181234581521,0.8530685312530194,0.029804179168606518
486,0.2539271191549173,1.5590791938839978e-11,4.500543450699327e-06,0.7460683802860413
487,0.716285333739956,9.002986833880455e-06,0.023537126023246455,0.2601685372499635
488,0.05731169440106682,5.229730635445054e-05,0.28251918472164106,0.6601168235709377
489,0.023450076066608327,6.840610405330878e-08,0.01781866152547286,0.9587311940018148
490,0.0988136401489978,0.008196877263939957,0.011883651226825448,0.8811058313602368
491,0.015133576364856651,0.3808027288110255,0.5999242458250625,0.004139448999055389
492,0.8530799826866292,2.2220964380189198e-05,0.06124799944257629,0.08564979690641446
493,0.0076711286081912215,0.0029921054720702398,0.8749169183390189,0.1144198475807197
494,0.8955905298873819,5.563699233519437e-06,0.017308672974285167,0.0870952334390993
495,0.00011555196711354678,0.9722530804503314,0.027506787790186976,0.0001245797923679875
496,0.41466319675691565,8.238489881560163e-10,4.8758737318614735e-05,0.5852880436819168
497,0.00018753755835171669,0.954629757132483,0.04515093630344658,3.176900571877507e-05
498,6.125451366577636e-05,0.9604907295646786,0.03939185879546918,5.6157126186286996e-05
499,0.06724171169432265,6.380265125173787e-07,0.00012588686252626896,0.9326317634166387
500,0.00010527930360763647,0.9651174598427352,0.0347363607593171,4.09000943400265e-05
501,0.004863572729745439,1.9533097120156133e-05,0.0009575302097329378,0.9941593639634013
502,1.0132157357181125e-06,0.9997608916200245,0.00023770646148925636,3.887027504965265e-07
503,0.8451455249828705,3.709762773207519e-08,7.100527099718043e-06,0.1548473373924019
504,0.021869955810840374,1.8622368333148468e-07,0.02034647249579418,0.9577833854696821
505,0.007481233305961316,4.844686461781067e-08,3.535776779185985e-05,0.9924833604793822
506,0.02782484063965053,0.0064455210153157964,0.9036494660263009,0.06208017231873273
507,0.9617942999835685,0.002456505442430264,0.033455547532705535,0.0022936470412958615
508,0.7965349808655382,8.181962763949637e-08,0.0005154440763651358,0.20294949323846903
509,0.004322005578667225,0.9372967581581583,0.058064212543893795,0.0003170237192807858
510,0.010747963358846318,0.9693640748720881,0.01977176853839239,0.00011619323067321801
511,0.0003607567624111252,0.9393367867030418,0.060077777048434165,0.00022467948611289886
512,0.590379286228082,6.760269163926757e-08,0.0001549400366374767,0.40946570613258876
513,0.0011253595281338828,0.784520235120376,0.2131222868290377,0.0012321185224524038
514,0.6276533538564165,0.0006132292260552809,0.2952433384955796,0.07649007842194842
515,0.11239996577322317,0.010866661240207798,0.844116328105757,0.03261704488081202
516,9.248588211962894e-05,0.8928488361275658,0.10668749151934152,0.000371186470973116
517,0.023350079721156703,0.22624477983144556,0.7357005741904541,0.014704566256943653
518,0.06868843727687457,7.527046680195401e-06,0.012426842668650028,0.9188771930077952
519,0.7707722031586783,2.391739364892122e-06,0.011991123523404942,0.2172342815785519
520,0.05615333293331451,1.7547301402238626e-07,0.01700353127131209,0.9268429603223594
521,6.974491226755337e-05,0.9861317178253207,0.01378608190602257,1.2455356389103177e-05
522,0.283300939611975,6.231233292261971e-05,0.29807037987064516,0.4185663681844572
523,0.7782869206063034,0.005883041167561003,0.2024054649364238,0.013424573289711755
524,0.002875225149357119,0.35709903504569573,0.6366596925116433,0.0033660472933038387
525,0.03118355032340191,4.78180968803155e-09,3.2421216418951105e-07,0.9688161206826242
526,0.00025330363916831216,0.9684751692343426,0.03122752619166618,4.4000934822895e-05
527,0.03209091175521905,0.003414257592558449,0.8547158552586045,0.10977897539361801
528,0.8976594813431471,0.08156790665115694,0.02025790040501238,0.0005147116006834378
529,0.5344669056232589,1.5260041005145063e-05,0.0226651043555809,0.44285272998015507
530,1.045330879477322e-05,0.99494253925917,0.005041472298746036,5.535133289277818e-06
531,0.9494735561819346,4.2836003505057573e-07,0.0009026147808640678,0.049623400677166175
532,0.017411540080387162,0.00033923229417558414,0.6989258410962789,0.2833233865291584
533,0.9546705023936142,1.8122917505644008e-06,5.261148534720728e-05,0.045275073829288005
534,1.4144766828255434e-05,0.9924887512720332,0.007491906238990768,5.197722147761124e-06
535,0.028248449209066617,0.039526880919423225,0.9169544168933171,0.015270252978192927
536,0.0015772710929538836,0.9844633172734076,0.013942396786608338,1.7014847030235458e-05
537,0.00026033648085079214,0.9985807546779033,0.0011585810918551698,3.2774939078657334e-07
538,0.04885408376667568,0.0001487119548994644,0.41918421069239975,0.5318129935860251
539,0.0002381046212616369,0.8912725150036589,0.10818009533858977,0.00030928503648971025
540,0.7618984629549878,0.00035695183057715706,0.1915317021725055,0.04621288304192951
541,0.002174396977007767,0.946245366848161,0.05135713483421682,0.00022310134061452586
542,0.7772962200426741,3.562343656800005e-05,0.0034912742720829724,0.21917688224867507
543,0.000683154944833877,0.8609839068023017,0.13689649236257667,0.0014364458902877345
544,0.8569714714311655,0.00024548671494260544,0.10653371011471054,0.03624933173918142
545,0.49530815473241346,0.0054734223278196685,0.11365045868231886,0.38556796425744805
546,0.12008660829546126,1.9680481963082895e-05,0.37098984447396804,0.5089038667486077
547,0.029982621522506494,0.0002601026170633104,0.5771884679744957,0.39256880788593446
548,5.305190818237177e-05,0.9996176940779375,0.0003290480598652983,2.059540148248271e-07
549,0.00018925345746087342,0.9887158278741065,0.011081367365370298,1.355130306243869e-05
550,0.1341200946531307,6.892431467382705e-09,0.015007539025241955,0.8508723594291958
551,0.6123568803371372,2.9274910260259776e-07,0.00036724251440785387,0.3872755843993523
552,0.27246073649134384,3.688109013582504e-06,0.13819295674348103,0.5893426186561616
553,0.6986647087999196,3.114384773613305e-05,0.08897180984759763,0.21233233750474662
554,7.491698793090439e-05,0.9317479811995574,0.06802542887518638,0.0001516729373253399
555,0.00023797056367943174,0.9920188676214822,0.00774041051982574,2.7512950128609373e-06
556,0.054585919251969824,0.053024895724591445,0.8550546684264771,0.037334516596961666
557,0.04521268617313347,0.015227391563662344,0.9080842620055938,0.03147566025761057
558,0.0067660904938427,0.14454775980561013,0.8439169388426114,0.004769210857935852
559,0.8804576318859204,0.00015783041517240676,0.08888780806009766,0.030496729638809603
560,0.9961664130360417,0.00038991532930800394,0.00035456090071289264,0.003089110733937381
561,0.8839903886496663,0.00011160639805089711,0.006930079870955605,0.10896792508132723
562,0.07916970937234387,0.0003621105549255098,0.7138874839047917,0.20658069616793887
563,0.3295600738872288,6.160311336653364e-06,0.0001549939993323606,0.6702787718021022
564,0.262869221130114,0.011692687254455086,0.7016525306030408,0.023785561012390263
565,0.5267603050051017,0.451152491036784,0.021973520722347997,0.00011368323576613337
566,6.870088071473135e-07,0.9996105434218776,0.00038874317157876426,2.6397736309966513e-08
567,0.3013395528850932,1.202108388300349e-09,5.8245047025540616e-05,0.6986022008657728
568,8.247433831207963e-06,0.9976520628121986,0.0023337835701848168,5.906183785542265e-06
569,0.8988105194141252,0.02635285287718971,0.07297301341820817,0.001863614290477008
570,0.000156208084012636,0.9903809799622764,0.009457049558830673,5.762394880259543e-06
571,0.0002460321163309061,0.9754048542489456,0.02430400369693474,4.510993778868087e-05
572,0.9858289248405795,9.473922171123053e-05,0.011353356464162637,0.002722979473546702
573,0.05280514822587048,0.0001718419021032624,0.003036888508628286,0.9439861213633981
574,0.5845755228853224,0.38919835678229775,0.026186766539024787,3.9353793355111255e-05
575,0.0004099239606662326,0.956334624325319,0.04318016293669118,7.52887773237656e-05
576,0.028735884790486152,1.1013596152513163e-05,0.04963711840047388,0.9216159832128874
577,0.0014776086939722723,0.932116374985397,0.06631139257671266,9.462374391789359e-05
578,0.007851473719846753,0.8863889583749642,0.10545427778259635,0.0003052901225928988
579,0.1682936843436919,0.03829216945200169,0.777379724530181,0.016034421674125308
580,0.770681983787769,0.00041270231665715154,0.10650993039807251,0.12239538349750147
581,0.004594355603685297,0.9905309774703914,0.004870607806128591,4.059119794740229e-06
582,0.00038539933513013374,0.9466771180767495,0.05233772031839974,0.000599762269720681
583,0.001654782328648919,0.9041714386148393,0.09320543632608037,0.000968342730431328
584,0.000814998912669906,0.8951771156614878,0.10379558351502069,0.00021230191082156392
585,1.9784369085737073e-05,0.9992980084501611,0.0006815565924419235,6.505883113603653e-07
586,3.0076885141029714e-05,0.9917133610448403,0.008253329913866602,3.232156152149998e-06
587,0.0025201932395132473,0.902377747364364,0.09462360099420025,0.00047845840192249693
588,0.002927310986724528,0.8724099445673112,0.1234127045052356,0.0012500399407285323
589,0.015230274985457655,0.004256166969190471,0.9153526581662924,0.06516089987905944
590,0.014322870715771686,4.470189724719976e-06,0.1581245392537603,0.8275481198407434
591,0.073147835660063,1.38178299858778e-05,0.13667352555516352,0.7901648209547877
592,0.0055262341691808235,6.235388254019992e-06,0.0032176870680523115,0.9912498433745128
593,0.0026121907622345796,0.9728184424719915,0.02448900532491544,8.036144085856012e-05
594,0.025971776605985934,0.0023066263331907497,0.8380601358897406,0.13366146117108255
595,0.0026832219658144436,0.9576284289579501,0.03958893532288313,9.941375335242538e-05
596,0.00015562548199790342,0.9629384372479162,0.03679528529706756,0.0001106519730184072
597,0.046302207175068465,2.1612639175662896e-06,0.08050496483919078,0.8731906667218232
598,0.9636250362090044,0.034405914359735335,0.0019460695751752043,2.2979856085216813e-05
599,0.94662343611545,0.001886103750539058,0.03945036736837977,0.01204009276563118
600,0.03813537322868463,3.2387432987193944e-05,0.18663307467179135,0.7751991646665368
601,0.00024111720217877137,0.9323112623785061,0.06725002245436279,0.00019759796495237252
602,0.009783853179144207,0.030612817511980025,0.9114915715698014,0.048111757739074355
603,0.036212533946821876,0.0018398490965004194,0.7708039171118751,0.19114369984480264
604,0.16377972552794734,4.2914997155678364e-05,0.38570238875682566,0.4504749707180714
605,0.04500110438144071,8.386926091917566e-06,0.1847804168632394,0.770210091829228
606,2.6363894008667838e-05,0.9819441025798175,0.01793326427509358,9.626925108033149e-05
607,8.592524994725043e-05,0.921038364832753,0.07856741147446222,0.0003082984428376422
608,0.0816428379816817,0.021054906420958107,0.782497029680627,0.11480522591673317
609,0.29322384466966195,7.927040925056167e-07,0.015571134941519418,0.6912042276847261
610,0.022701947967967307,1.4037266298237001e-05,0.0567170794357943,0.9205669353299402
611,0.10031737305513917,0.32300997894165323,0.5629574460204658,0.013715201982741728
612,0.04961188851298608,1.0865174785399141e-05,0.07181834370583752,0.8785589026063909
613,0.0940060328710067,2.7708792415024976e-07,0.001456472185885005,0.9045372178551842
614,6.575368540141035e-06,0.9935265479694331,0.006464919227097178,1.9574349293703597e-06
615,0.8543296650123073,1.2157280681014512e-05,0.033010802011138166,0.11264737569587353
616,0.004210196167512914,1.4549296409458245e-09,3.641761473391067e-05,0.9957533847628235
617,0.0012752543025217288,0.9894891896520409,0.008942141491710591,0.000293414553726858
618,5.979462019265039e-05,0.9906580472478029,0.0091093485758044,0.00017280955619980245
619,0.0006988774295372399,0.9406621234751239,0.05811800810694311,0.0005209909883958392
620,0.0011249433940308453,0.9454252488158824,0.05313288205136488,0.0003169257387219858
621,0.0004045500608153829,0.9418031679724445,0.05766542037040853,0.00012686159633167426
622,0.2631769491711329,0.2474363519841174,0.4853644852825007,0.004022213562248971
623,0.00021990005889364653,0.926822699106459,0.0727666049975556,0.00019079583709187916
624,0.0001090815332188831,0.9306775392211935,0.06911107223166477,0.00010230701392294912
625,0.0057869319229238644,0.985794915147365,0.008395709943193708,2.2442986517462162e-05
626,0.013125682464994239,0.02211883343360363,0.9325568825076023,0.03219860159379979
627,0.04053820788107924,0.018663156792629365,0.858265577143877,0.08253305818241441
628,0.07946956931531902,1.634327310926555e-07,0.0014230556174949132,0.919107211634455
629,0.9664042500136666,2.981635442324261e-06,0.00478393014893301,0.028808838201958186
630,0.0415213761944163,1.0322514810153755e-06,1.7215708065278922e-05,0.9584603758460374
631,0.00016946040907809117,0.9891855394026683,0.010623719298857621,2.1280889396097504e-05
632,0.03680320092239798,7.259060894329327e-05,0.44403450804038186,0.5190897004282768
633,0.2445666987348564,0.00045153583887035093,0.4805383300723901,0.27444343535388316
634,0.359314819217295,0.015214949265605116,0.6072778335140284,0.018192398003071403
635,0.008008922108853789,0.04804464880781283,0.9258285156783087,0.01811791340502462
636,0.0004340468943403032,0.9665663185566871,0.032388846409528674,0.0006107881394439576
637,0.9361497544053052,0.0031634366663166433,0.005303148798408019,0.055383660129970175
638,0.2057607078154261,0.008781001029899552,0.658859668621888,0.12659862253278623
639,6.13927521097069e-05,0.9834605350719625,0.01645498651026126,2.3085665666398373e-05
640,0.06475837498808305,0.6084092202095205,0.32487137522628595,0.001961029576110552
641,0.005609829451208923,0.4043527913351846,0.5831549401962359,0.006882439017370651
642,0.7537171066439302,1.5290982652747266e-07,0.0005822459459637611,0.2457004945002795
643,0.7861911214358136,8.437481903583147e-09,0.00044673012210066584,0.21336214000460385
644,0.0009392175380803211,0.9357275882348793,0.0630224677702735,0.00031072645676674736
645,0.03380359942942919,1.0080811337874361e-06,5.768905270503196e-06,0.9661896235841665
646,0.00022839544235875938,0.9930278610150817,0.006716036149180358,2.7707393379250226e-05
647,0.09916662661887053,8.132246242485303e-06,0.15116658244513173,0.7496586586897551
648,0.0009443665672286728,0.9761101860019213,0.022929070414254234,1.6377016595851005e-05
649,0.00010732422327815591,0.9415548241788216,0.05824701926709926,9.083233080095424e-05
650,0.6977098895505729,6.47178170108314e-08,0.00016594520344798618,0.3021241005281621
651,0.00019208603176259264,0.9638877689066621,0.03581492209105351,0.00010522297052197303
652,0.8686560855500446,0.05678383669967765,0.07421182529176437,0.0003482524585134176
653,0.0010770230811402313,0.8674444555219364,0.13122663149892022,0.0002518898980029795
654,0.08216872261081376,6.621684609233822e-07,0.008203509056271312,0.909627106164454
655,0.4837579455445447,6.59393048514632e-08,0.00032113195546897174,0.5159208565606814
656,0.0003986415546261386,0.9860996030049705,0.013480411061643853,2.1344378759627606e-05
657,0.00010180132519480611,0.9905569799543943,0.00933272544441413,8.493275996757507e-06
658,0.00016848215079848862,0.9276371173915504,0.07208967177316475,0.0001047286844863032
659,2.855751879459998e-05,0.9700257506931349,0.029914093003254566,3.159878481604334e-05
660,0.034430316165677,8.185184055346681e-07,0.03999606917931599,0.9255727961366014
661,0.0008178551720642604,0.9245570647146485,0.07426720200842203,0.0003578781048653231
662,0.016891227999076337,0.6561594304609527,0.31872730598683086,0.008222035553140113
663,0.003123747213602551,0.8749464774013328,0.12148920069525487,0.0004405746898098836
664,0.002700345596035248,0.9219335859367905,0.07508099830234419,0.00028507016483005364
665,0.0007784654251015237,0.942311652399484,0.05683883583112545,7.104634428888016e-05
666,0.03901262953709964,0.021997530923984883,0.1510894255458844,0.7879004139930311
667,0.0007380898224932219,0.9471426595992904,0.05116229318082294,0.0009569573973934243
668,0.00032044428090711834,0.744265000555741,0.25450490557559097,0.0009096495877609991
669,2.646640355794512e-06,0.9997364723961814,0.0002608410087850129,3.99546778052276e-08
670,0.0012085652117281417,0.8789078842692444,0.1184585358183092,0.0014250147007180997
671,0.0007641550655211025,0.90686324341307,0.09200634258057416,0.00036625894083469526
672,0.0007541614724875161,0.9890746332681267,0.010090539465963083,8.066579342261883e-05
673,0.12623777919451734,1.7014119322469972e-05,0.04762597299501027,0.8261192336911498
674,0.000791240466111072,0.8485437478857099,0.14960700681392058,0.001058004834258528
675,0.01848988806192359,4.6984839054689256e-08,3.2271206201651014e-06,0.9815068378326173
676,0.9109669874405887,0.0006630243465314231,0.07812944719160098,0.010240541021278951
677,0.43767662690632486,3.307721178818229e-09,0.0001010778418116156,0.5622222919441423
678,1.3120698708035533e-05,0.9785007009428783,0.021473328319855302,1.2850038558233226e-05
679,0.9156424377179426,0.016584939961079393,0.06678651051302283,0.0009861118079549566
680,0.024912628514453635,2.1819083564389822e-05,0.08232593580058613,0.8927396166013959
681,0.027741714680165643,1.1530723823448395e-05,0.18105089383159287,0.7911958607644181
682,0.054932606562085304,1.9016455485818742e-05,1.3720336428027974e-05,0.9450346566460008
683,0.049492827122873166,9.814424800602993e-05,0.10072447309207481,0.8496845555370459
684,0.02268655831144686,0.9060224339832809,0.07114864884100205,0.0001423588642703544
685,0.002083163020050009,0.30017825426465755,0.6946861784261303,0.0030524042891620583
686,0.7670764025395642,3.505965643288165e-09,0.00035091770175543573,0.23257267625271463
687,3.026456195197054e-06,0.9994815939338965,0.0005140412035454612,1.3384063627924558e-06
688,0.8920707303035973,0.014359747502107618,0.09152495937591092,0.0020445628183842503
689,0.00013154883218980477,0.8994032889336816,0.10032782044073105,0.00013734179339753536
690,0.0003803736499398471,0.7831344538963422,0.2157072849769043,0.0007778874768136894
691,0.9250667854428812,0.0005099285428232684,0.03780223387011523,0.03662105214418024
692,0.6574131684721094,3.240367394542163e-09,8.407784689414072e-06,0.34257842050283377
693,0.015165419093851733,2.8964434828168554e-05,0.273363966533199,0.7114416499381211
694,0.3630437665978881,5.012800741638742e-09,0.00028847859446790714,0.6366677497948433
695,0.05689759472202407,8.861179966220986e-05,0.27988171866798595,0.6631320748103279
696,0.003291177838418094,0.8933036928706498,0.10285795560441247,0.0005471736865194659
697,0.003906940243988509,0.9848399753619654,0.011222025335272471,3.1059058773622635e-05
698,0.042816462894382235,1.693754848841514e-05,0.1699016935227331,0.7872649060343961
699,0.07697732041890203,0.1394861615850448,0.7730228408873236,0.010513677108729443
700,0.0013940671070101528,0.9253355250315102,0.07253761480188495,0.0007327930595945176
701,0.03025848337380931,6.292423521248375e-09,5.599844990326928e-06,0.9697359104887768
702,0.9555511214022361,2.8602898391584918e-06,0.0055339504690283346,0.038912067838896496
703,0.06495188473310452,0.0017781296407482106,0.844935451189935,0.08833453443621246
704,0.9114732888662382,3.675701312032973e-05,0.036723136994954636,0.051766817125686676
705,0.19532570631972523,2.424953256737402e-05,0.16462969943779732,0.64002034470991
706,0.9829852871051039,0.0013777993919259917,0.014986704763394525,0.0006502087395756999
707,0.07603038329180103,3.4604963457844195e-05,0.3381912571767342,0.5857437545680069
708,4.6596894489246045e-05,0.9762000566265512,0.023671872200983376,8.147427797599609e-05
709,0.9793959104299423,0.007087703870187899,0.012361665420419053,0.0011547202794507923
710,0.1345016916049249,0.4312154004639772,0.4225436237704051,0.01173928416069276
711,0.005961963007651948,0.9631565770517188,0.030763331959816502,0.00011812798081289323
712,0.5988316745267122,7.265877871275439e-07,0.014375437366550134,0.3867921615189505
713,0.0002912715173939013,0.9715746948251852,0.028108307907211662,2.5725750209269285e-05
714,0.09589741365295998,0.00010590533242745766,0.24569534259597897,0.6583013384186336
715,0.00015186350180825824,0.9079989819342767,0.0916047488672071,0.0002444056967078621
716,0.13529889994057478,2.714754271433302e-08,3.7462777071601766e-06,0.8646973266341753
717,0.0003771507666605888,0.9728077513676087,0.026758913425443474,5.618444028734202e-05
718,0.00024000862337048443,0.8458035633723497,0.15357102039137338,0.0003854076129062922
719,0.01033550734447709,0.0003812141098207226,0.39026525355269337,0.5990180249930088
720,0.0031843319392429854,0.8856747029409966,0.11102104288353128,0.00011992223622933767
721,0.05032923832369063,2.5585175039421593e-05,0.13142607073883456,0.8182191057624354
722,0.0104881226080697,0.956159881359314,0.03303381963087,0.0003181764017464702
723,2.312538372229487e-06,0.999207202170432,0.0007901990125531934,2.8627864261834707e-07
724,0.0005133678554686031,0.9455452120388035,0.05369465448186177,0.0002467656238662021
725,0.0010183365680405095,0.9247782733571105,0.0739696302347327,0.00023375984011647256
726,0.00022406287582221596,0.8451977131118806,0.15426414572374433,0.0003140782885528531
727,0.051523310732627434,0.00673221330099685,0.8375993468711602,0.10414512909521545
728,0.026586705842945663,1.2715050312550014e-05,0.1839024839085512,0.7894980951981906
729,7.62252452460222e-06,0.9993961630379129,0.000593289368317734,2.9250692444460768e-06
730,0.0016272622992194886,0.8499377838581333,0.1474306205702491,0.001004333272398019
731,0.05884092982732943,0.0007695978490534964,0.7846589813035214,0.15573049102009556
732,0.16526900342516684,0.4710050361608124,0.11116924658133433,0.2525567138326863
733,0.1471339764681166,2.244258250735318e-05,9.812102314764688e-05,0.8527454599262284
734,0.05983938847102952,0.010172026474509342,0.8882154900179352,0.041773095036526
735,0.9823549489677171,0.0010892448611069705,0.013893573794629304,0.0026622323765467235
736,0.9413230848238648,0.0001507083127164333,0.039421131162540014,0.01910507570087872
737,0.033957723564505576,0.3595918065050062,0.6041591040234217,0.002291365907066639
738,0.03207598665300614,0.020462088335626384,0.9207292606281969,0.026732664383170575
739,0.8770105667664888,0.00010774103442406699,0.012616704247098294,0.11026498795198876
740,0.12976069703372123,1.5227301831177244e-06,0.11301081713383279,0.7572269631022628
741,4.9499823268253924e-05,0.9941371267371164,0.005798245822533695,1.5127617081699862e-05
742,0.14358913817234714,1.3718587785529388e-06,1.261631831900816e-05,0.8563968736505554
743,0.9453247837373796,0.0059476619187796235,0.047900706098833956,0.0008268482450067156
744,0.06834878333244351,0.008854843814890098,0.8371704756014134,0.08562589725125297
745,0.0019741189539316554,0.9896550359771947,0.008365370391142945,5.474677730591056e-06
746,0.0001862580338316611,0.9603315466850664,0.03938094207085114,0.00010125321025078949
747,0.9525294575392537,9.776197027474448e-07,0.005537126551339127,0.04193243828970447
748,0.06280652233931225,0.0646394110581446,0.8453058982576815,0.027248168344861618
749,0.0008806961363092717,0.9247735191598554,0.0741017822499019,0.0002440024539332791
750,0.0007578001098321294,0.8855841534479224,0.11349579464199609,0.00016225180024931357
751,0.07168396243231571,2.78226457770218e-07,0.000849235069376201,0.9274665242718504
752,0.11954324261579742,1.4203960578117415e-06,0.03175085445135374,0.848704482536791
753,0.9806423624022311,4.0549979890376705e-06,0.0009636063724764132,0.018389976227303387
754,0.0007956260536269751,0.940810127123461,0.058223852038870066,0.00017039478404199028
755,0.0017526676054153607,0.9825459518648403,0.01566868677445985,3.2693755284485935e-05
756,0.7365676546134806,0.22681302914064488,0.036441576481168116,0.00017773976470638757
757,0.002823465390777014,0.8844477769884819,0.11197703349893388,0.0007517241218070359
758,0.9856799010265875,3.1674639519415226e-08,0.00014322068014357986,0.014176846618629215
759,0.4640245820169506,9.625832381189301e-08,2.3105560398015773e-05,0.5359522161643275
760,0.8815251058766369,0.006306825935213984,0.10267193223937289,0.009496135948776185
761,0.0003572406897269954,0.8754844642857554,0.12386438335980164,0.0002939116647158994
762,0.7386512143979741,0.017371362875831485,0.23834658658388252,0.005630836142311813
763,0.02283538988623186,5.501596754056865e-05,0.025903085078673997,0.9512065090675536
764,0.005448974503253589,0.9300637395804706,0.06337928203473163,0.0011080038815440255
765,8.10386476211404e-06,0.9976216573492427,0.0023691298585529715,1.108927442356521e-06
766,0.33752742698803484,1.07955949947058e-06,4.287636107429545e-06,0.6624672058163583
767,0.863605184601398,0.0023413634174559656,0.12334645538522425,0.010706996595921848
768,0.06960274744235084,0.0008200350708607936,0.08043501545742328,0.849142202029365
769,0.00023884925467866012,0.8943272464157985,0.10516190055098554,0.000272003778537244
770,0.034748687816564774,0.021600811808990098,0.8190327393774052,0.12461776099703985
771,0.13911010327929435,3.773091181948591e-05,0.16390735212866664,0.6969448136802195
772,0.7621883622731327,0.0006839957267793422,0.20812000248427728,0.0290076395158108
773,0.916766061813434,0.0115616767577296,0.06836969407820832,0.003302567350627951
774,0.0001481458010747257,0.9678098126492596,0.03201193173739925,3.0109812266438476e-05
775,0.9279380907711166,0.002308857198810409,0.056085993902042504,0.013667058128030568
776,0.015679860957877937,0.019215432219355996,0.9208180558100111,0.04428665101275497
777,0.011681287438081826,0.04318762559842065,0.9228288904567594,0.022302196506738068
778,0.7788364436233054,1.1382087432501008e-05,0.029707850679722966,0.19144432360953922
779,0.0002006322938997469,0.9725495113087668,0.02719524342271327,5.461297462025957e-05
780,0.00261722558255331,0.35597801990161093,0.6393060643070337,0.002098690208801922
781,0.0001155924731467062,0.9555936290804926,0.04422496997245595,6.580847390473276e-05
782,0.021260818724620364,0.9487852786506173,0.029853890316609295,0.00010001230815309397
783,0.000364919050907228,0.9704852645590993,0.029091298818887227,5.851757110620234e-05
784,0.054574951082751934,0.02449511648901156,0.8980030028122821,0.02292692961595448
785,0.03462497883620059,8.361836809319579e-05,0.09431818679306297,0.8709732160026432
786,0.0001348962040414274,0.9981042621326308,0.0017520650534436993,8.77660988396939e-06
787,0.90984573022661,0.0002163880442438976,0.0739791396499469,0.01595874207919917
788,0.5759216774728533,8.605115566420258e-05,0.006390383937460794,0.4176018874340217
789,0.003270567450030665,0.971791577839042,0.02489509492885789,4.275978206936626e-05
790,0.0007461784710217941,0.9913858864341587,0.007855868364968255,1.206672985130815e-05
791,0.016432032776544796,5.591524357247174e-07,0.0016094457167331849,0.9819579623542862
792,0.03476669154262864,0.00046296272424122345,0.7762818449167277,0.18848850081640242
793,0.0142477911267365,0.10776422137573796,0.8680402920294962,0.00994769546802938
794,0.07327346390575808,0.003549585302757562,0.568245471079245,0.3549314797122395
795,0.37681367193186044,0.008986622291900465,0.5792045111276121,0.03499519464862701
796,0.0004782797229046286,0.8930126423725004,0.10589945067923344,0.0006096272253614881
797,0.0282920788407631,0.016173786771338593,0.9177713527919714,0.03776278159592682
798,6.7825204733582e-05,0.92995817891468,0.06984494350739374,0.00012905237319269425
799,0.0003382953851662448,0.9908582744775365,0.008797034341442442,6.395795855028312e-06
800,0.00037212659494999234,0.9470582164304269,0.05240863152613846,0.00016102544848494062
801,0.8976890833829861,0.0005716064965507166,0.0669304104216402,0.03480889969882307
802,0.012558928990036222,3.160648234972473e-06,0.01204990167923271,0.9753880086824961
803,0.8569068462916082,6.859051897215296e-05,0.05464737515248532,0.0883771880369344
804,0.0636030271891476,1.7976302577414884e-08,0.00010038433745471687,0.9362965704970951
805,0.02352415158300337,0.00713996295727924,0.9198984441102022,0.04943744134951511
806,0.22076702014482188,0.7326330503056812,0.04584886768678509,0.0007510618627118919
807,9.483718267285456e-05,0.9185138595107208,0.08119703160431188,0.00019427170229451528
808,0.11470386187436941,3.5046030808649515e-06,0.13591489057653752,0.7493777429460122
809,0.9876104657912236,0.00019356074025490643,0.009626931212277853,0.0025690422562437798
810,0.39872268734825755,5.315079428161568e-06,0.008704799246980217,0.5925671983253341
811,0.00012326089679739045,0.9856509285633239,0.014218926728068754,6.883811810114727e-06
812,0.004488999085307453,0.9168301083530187,0.07822470736716763,0.0004561851945062958
813,0.9197547817081849,0.0009185777101209283,0.07003092570934297,0.009295714872350973
814,0.8111621266649567,4.958208315376385e-07,9.587519584262042e-06,0.18882778999462754
815,0.0009604613679780252,0.9564216708399486,0.042351277549636315,0.0002665902424369408
816,0.14209427383479473,4.298860215466493e-08,1.0829224606662946e-05,0.8578948539519966
817,0.904925729817228,0.01064345607337006,0.08314925490625175,0.0012815592031501263
818,0.043796240570537964,6.087151148835995e-06,0.022658931148149798,0.9335387411301633
819,0.06033918501459261,0.00034407940554768426,0.16484955859268322,0.7744671769871765
820,0.0009798900322664178,0.9322064944144087,0.06664256993866993,0.00017104561465479333
821,0.07989177349677434,0.05549975962825321,0.85829514558381,0.00631332129116254
822,0.0001250924418941541,0.9864500455424765,0.013415717731772237,9.144283857108616e-06
823,2.7503903437547718e-05,0.9872835402469713,0.01268470850379599,4.247345794976604e-06
824,0.004549667241948886,0.5600526387318515,0.43325702319626497,0.00214067082993466
825,0.0001726537413734173,0.9265580570988092,0.07312540933502207,0.00014387982479527176
826,0.06823329729417242,0.00014596694589651032,0.6178087574360847,0.3138119783238464
827,0.053694415860945775,2.393407865002658e-05,0.3097156412444506,0.6365660088159536
828,0.019112916882091418,0.20187608941918983,0.7700373672431458,0.00897362645557294
829,0.009161552588816426,0.03938832279535516,0.9221523076436604,0.029297816972168038
830,0.0014873182743597416,0.9229652959171115,0.07448926812004493,0.0010581176884837554
831,0.009815832392549632,0.4400285774493205,0.5484581249801883,0.0016974651779415161
832,0.9072143732654109,0.000542255619653673,0.05942373046023467,0.03281964065470072
833,5.8961727177008916e-05,0.8579355693705284,0.1417684831162297,0.000236985786064933
834,0.7594451167089954,0.0013575134983258089,0.024841298355328962,0.21435607143734983
835,0.2238842523486037,0.005782117284758984,0.7222813343080018,0.04805229605863564
836,0.058749543094067706,0.0006917595859420128,0.8646442474828658,0.07591444983712455
837,0.47972572777333833,0.014941711453468091,0.18606425483755654,0.319268305935637
838,0.01925963642614563,0.04127816365456517,0.9028475104288286,0.03661468949046063
839,0.0004919142962935374,0.9503748806602914,0.04905953915427826,7.366588913663379e-05
840,0.33013379253311403,0.00027076928838965555,0.000274793014764432,0.6693206451637319
841,0.7780065579667742,0.0005946802526617434,0.06980394262290088,0.1515948191576632
842,0.7130138026956993,0.00723446426912427,0.22228567933429297,0.05746605370088361
843,0.6879268377533679,1.295502458954897e-07,9.480160516323065e-05,0.31197823109122297
844,0.01346396978264976,9.00881851422555e-06,0.0683827012012565,0.9181443201975796
845,0.018483336605278088,7.319413862819311e-06,0.04864878407088946,0.9328605599099696
846,2.921289718482249e-05,0.9849019590453825,0.015057354010338218,1.1474047094605534e-05
847,0.016036775820373106,0.8981241414013291,0.08557127899888287,0.0002678037794149512
848,0.4935327902761678,1.3685669672630931e-07,0.0034817088840891513,0.5029853639830463
849,0.21847331378412083,1.1833265648515075e-08,0.0006242479259149494,0.7809024264566985
850,0.953981170334245,0.0011833557749072428,0.024303935478595978,0.0205315384122517
851,0.005731711789054811,0.9805333654880992,0.013641112906973188,9.380981587278304e-05
852,0.11114583028809691,0.00012784058751209547,0.021489424608444302,0.8672369045159468
853,0.0003334027851368309,0.8188500506217677,0.18064397956100212,0.00017256703209342657
854,0.006681678657189394,0.013996700465593303,0.9179206834728671,0.06140093740435029
855,0.9425773071451758,0.0008543343655012984,0.01889476676546017,0.03767359172386277
856,0.0006982426059110691,0.9309055172058084,0.06819543566484261,0.00020080452343777168
857,0.9631774157197079,2.3347794503944752e-07,9.159521158059643e-05,0.036730755590766294
858,0.0009995181968450047,0.8880333716521065,0.11069807164481191,0.00026903850623661755
859,0.7500310932021181,4.664597006919825e-06,0.006448296566987346,0.2435159456338875
860,0.093159362497262,6.073666427799549e-05,0.375316396165501,0.5314635046729589
861,0.053813042657986886,0.003887278631191707,0.8653878569348327,0.0769118217759888
862,0.00077157573352535,0.8994200835066587,0.0995747423410687,0.0002335984187473338
863,0.13906735673238924,0.00011634675454319614,0.6063314646641299,0.25448483184893766
864,0.3398140344110682,4.071417258125083e-08,9.953374368679572e-06,0.6601759715003905
865,0.5106678182080773,0.48497081538617626,0.0043594073228007246,1.959082945692662e-06
866,0.07733632436534706,7.44616964179283e-06,0.1711134404941736,0.7515427889708375
867,0.3076805677367493,2.165409607325549e-06,0.05478184174932289,0.6375354251043205
868,0.5189286827874021,1.189917716954099e-06,0.0006253376624503944,0.48044478963243054
869,0.0001343683561554423,0.9996629687838452,0.0002026348388696696,2.802112975344008e-08
870,0.15169415429966185,0.002973836986042375,0.7061487330993789,0.13918327561491692
871,0.0003283542552805817,0.8590042878961255,0.14025544160319078,0.0004119162454030535
872,0.11762199351951413,1.4569448689481718e-05,0.3755182759855381,0.5068451610462583
873,0.0011656895791315822,0.8297527103872984,0.16855524094690003,0.0005263590866700258
874,0.01960255228440569,0.01053826510426202,0.8768063179980707,0.09305286461326151
875,0.4939416215647505,0.0028862721934186197,0.0015192786641230855,0.5016528275777077
876,0.6490469427494119,0.0224813362007798,0.27004445098221724,0.058427270067591165
877,0.004115585795877056,0.974883329432233,0.020895419006046648,0.000105665765843416
878,0.09446999454706205,0.006847414349973312,0.8126979724349328,0.08598461866803188
879,0.07115659779995771,0.0011266447160098987,0.002800737792327044,0.9249160196917054
880,0.5650627013836752,7.40496836825751e-07,0.0024640551197856794,0.43247250299970247
881,0.0008729748510126457,0.9698719710075462,0.029220353477933017,3.470066350806451e-05
882,0.0001883226093289613,0.9419323086719811,0.057750219007370374,0.00012914971131953388
883,0.03746408806580333,0.0003321699382859551,0.0428646510118045,0.9193390909841063
884,0.02209868092510229,3.972692171534608e-06,0.023022112305210073,0.954875234077516
885,0.0051454179204753515,0.8881426826475437,0.1062875808119482,0.0004243186200326303
886,0.009376503498772448,7.146893502834877e-09,0.0019789997827758103,0.9886444895715583
887,0.000887188970104537,0.9452158307522095,0.0535543081223618,0.00034267215532416014
888,6.357296575313406e-05,0.959648666714553,0.04021676835015597,7.099196953795793e-05
889,0.030224366894505576,8.003035770843064e-06,0.05560995423594057,0.914157675833783
890,0.00428822056666321,0.2706769409237999,0.7176246062748053,0.007410232234731573
891,0.9218738366987416,6.240824592679263e-05,0.026329458495840407,0.05173429655949124
892,0.005745318744909482,0.89324859359234,0.10060174980506022,0.0004043378576902847
893,0.0036751254854535133,1.9096834054340473e-07,0.0013704446382083785,0.9949542389079976
894,0.008469052698923467,0.0016151468995898722,0.8089263039425054,0.18098949645898119
895,0.006007797268346614,0.019172020455865243,0.9518838204809194,0.02293636179486887
896,0.03399577397987195,0.00014690614024849262,0.5004846397422472,0.4653726801376323
897,0.2261813179677641,1.611706508373779e-08,1.30259532021178e-06,0.7738173633198507
898,0.19008733758911253,1.957190074865599e-05,0.14600340708782827,0.6638896834223105
899,0.00017315068805235802,0.9758683168704301,0.02391740956757651,4.1122873940927354e-05
900,0.013182178619450603,6.133366430062283e-06,0.006064862430579821,0.9807468255835394
901,0.009866727011028508,0.2577809152169562,0.7276528135581587,0.004699544213856673
902,0.9712002276931069,0.00029207917565184885,0.02241774689711826,0.006089946234122941
903,7.164829897425661e-05,0.9778052295573083,0.02208494680588247,3.817533783489003e-05
904,0.7444328736457877,0.020008276523615632,0.2076547963624799,0.02790405346811694
905,0.00035671918312097295,0.9088935688852794,0.09038923095203207,0.00036048097956747
906,0.0483314468079343,2.6773911603520077e-05,0.03431650334921702,0.9173252759312451
907,0.0065628597978595665,0.9741231177525813,0.019262830267553398,5.119218200561226e-05
908,0.8430212935824156,1.1269903308597683e-05,0.005052375758101753,0.15191506075617406
909,0.4917548789404793,8.188928458849946e-05,0.05321452469272056,0.45494870708221147
910,2.5037186813948904e-05,0.9784054264444387,0.02155602837811136,1.3507990635843767e-05
911,0.909102285722432,0.0015379764158927076,0.08199484384222204,0.007364894019453382
912,0.00016849115360281764,0.9850937113135283,0.014724312852939667,1.3484679929269102e-05
913,0.0012919410768403854,0.9342118675029493,0.06388686434153687,0.0006093270786735753
914,0.015084044751780596,1.0735345591693893e-05,0.17480971872415194,0.8100955011784757
915,0.0005117091931220471,0.9801380965495609,0.01932482249932597,2.537175799122734e-05
916,0.7037665550573641,0.0023120975428600095,0.24203962295482345,0.05188172444495245
917,0.620783872640123,1.0701405393022212e-08,9.947135404832204e-07,0.3792151219449312
918,0.0160432174448128,7.45368395377508e-09,1.0636098898757515e-05,0.9839461390026044
919,0.07615774769906859,0.9223450301055154,0.001492802708021074,4.419487395018027e-06
920,0.2549008319329458,4.725818855957196e-05,0.1849361117115654,0.5601157981669292
921,0.1876636056354468,8.92550570886412e-07,1.5750884566502985e-06,0.8123339267255256
922,0.006735155910908644,1.4567468695995051e-05,0.005185506107303029,0.9880647705130923
923,0.0047494929610639265,0.8858987992020242,0.10899089263440612,0.0003608152025056447
924,0.006264351732225266,0.8728978585769004,0.1201104088245601,0.0007273808663142317
925,0.0002959468051087133,0.9722830043564286,0.02734755770666197,7.349113180093878e-05
926,0.6156636157016927,0.005510976697115481,0.3328652353223587,0.04596017227883319
927,7.270637145799815e-06,0.9970288869325099,0.002961271527069358,2.5709032748229133e-06
928,0.020489079264778227,0.0012062983184270215,0.7844708741351649,0.19383374828162991
929,0.8811701368605142,0.000696490800876928,0.07485475068654734,0.043278621652061804
930,0.002790880998603854,3.105121243386327e-08,6.0322107563272135e-05,0.9971487658426205
931,0.008044353949775969,1.6721510743596997e-05,0.04839157103489471,0.9435473535045856
932,0.6871315376995679,5.342343691505977e-08,0.00044183145291978924,0.31242657742407537
933,0.056678294190650604,1.6461266139168094e-05,0.18207327462403206,0.7612319699191783
934,0.43828587330751595,3.619550557303972e-06,0.023239378057453904,0.5384711290844729
935,0.029882296236862713,0.005086181839685734,0.8013096639662302,0.16372185795722144
936,0.6704150998861492,1.0383490155937286e-05,0.021289836180133016,0.308284680443562
937,0.0007924053635786814,0.8786792745053397,0.11987256768191312,0.0006557524491686759
938,0.019616363106908414,2.459560662412082e-07,0.010503074904462296,0.9698803160325631
939,0.17257135322756167,6.72209036065853e-05,0.31201716903840765,0.5153442568304242
940,0.009012530866478014,0.8922305162576107,0.09805551919479048,0.0007014336811209335
941,0.41992470832349266,9.389488562632899e-05,0.03555484881390582,0.5444265479769752
942,0.025126037786297822,0.0034743303449130147,0.8334904528859791,0.13790917898280994
943,0.9228491345417446,0.00040638832406543826,0.054721906050455446,0.022022571083734618
944,0.04229171824507319,6.3107333427129164e-09,1.2147451524704622e-07,0.9577081539696782
945,0.06526795246624459,0.014274020504257013,0.8128986564817944,0.10755937054770391
946,0.0018654568634789035,0.769424730561178,0.2274117056558104,0.0012981069195327688
947,3.033863167811628e-05,0.9850829815923091,0.014865319336298626,2.1360439713999243e-05
948,0.05882376044433741,1.4202473074364832e-05,0.20039979123508078,0.7407622458475075
949,0.00035248489777251873,0.9219768649541389,0.07746357598842858,0.00020707415965996406
950,0.46813751988244046,0.0002186034622711068,0.01798632803066764,0.5136575486246209
951,0.0005144496699396476,0.984997993546267,0.01443382915766509,5.372762612802318e-05
952,0.0007608733612077676,0.8077701613588716,0.1906894149540455,0.0007795503258751985
953,0.0001812259532768132,0.8922768471687402,0.10734395749850512,0.00019796937947796645
954,0.06326978204638264,0.018358971806168075,0.8486687277154689,0.06970251843198047
955,0.07823076551509942,1.8391950083830637e-05,0.24550294257864388,0.676247899956173
956,0.010036766448160355,8.18459470459799e-08,0.004290355383706965,0.9856727963221855
957,0.004714123152372046,0.978866635828998,0.016381665903439202,3.7575115190779656e-05
958,0.014355515604307442,0.00810790347838452,0.8991482969943084,0.07838828392299968
959,0.8954190931266457,0.006426689146302958,0.09107821818413728,0.007075999542914016
960,0.039175008756447735,0.00013560981102152584,0.5880648688133683,0.37262451261916246
961,0.7758656055096032,0.014453791608997936,0.19719317193864033,0.012487430942758669
962,0.058736791342518704,6.524597366291135e-06,0.21287676580999124,0.7283799182501238
963,0.9232409444317565,0.0023370649330876543,0.07144969394227815,0.0029722966928774916
964,0.00015439135545965816,0.9367697143088742,0.06295731353813303,0.00011858079753312043
965,0.4457851790148588,2.8663792097546337e-08,4.9271278296107896e-08,0.5542147430500708
966,0.016597965340953754,4.3996283344701065e-06,0.022641715371471666,0.9607559196592401
967,0.015207011320012691,0.020863752967712746,0.9179860092680966,0.04594322644417798
968,0.021244229814370883,0.8149201349235767,0.16082542030105287,0.003010214960999681
969,0.000356405413214527,0.8652665346041275,0.13418247526167723,0.00019458472098062354
970,0.288007962431554,8.11868670148209e-05,0.008676084905792188,0.703234765795639
971,0.09866483048849997,2.3304106815539682e-08,0.015580202339661722,0.8857549438677315
972,0.0003793809501906867,0.9351942270350004,0.0642839067236366,0.00014248529117254344
973,0.048854833600920355,1.3120918411861986e-05,0.22852253102641554,0.7226095144542523
974,0.026214686366488417,2.2017559677016282e-07,0.00011744483370005797,0.9736676486242148
975,0.0001459416694213469,0.9568646181300069,0.042901965674148765,8.747452642293898e-05
976,0.6961784835090465,0.00023471767852118773,0.02048784387773697,0.2830989549346953
977,0.009291056396896839,0.028091467626583173,0.9216718629440951,0.040945613032424756
978,0.754040739167858,2.0478236210376714e-05,0.008440354630660622,0.23749842796527104
979,0.012986439946328554,0.023352703483431773,0.9322634285541371,0.031397428016102465
980,0.05323760545057577,0.8788200228865618,0.0674591297497585,0.00048324191310381866
981,0.37367002396004056,0.5868854370397899,0.03932900175831838,0.0001155372418511405
982,6.277264892326391e-05,0.9932861346694453,0.00663710741327765,1.3985268353804948e-05
983,0.5172989249541876,1.7577183528023648e-08,0.00013869543351760009,0.4825623620351114
984,0.00046709901763529536,0.9154401552372244,0.08391479268130386,0.000177953063836433
985,0.00010219131629813587,0.932885122273136,0.06694350988915541,6.917652141064028e-05
986,0.002445109422898318,0.8655856862459904,0.131168356306395,0.0008008480247161621
987,0.25037813972454326,0.04020302249761385,0.6991528188360129,0.010266018941830003
988,0.9273920057340658,3.286188998097083e-08,0.00020585215495896235,0.07240210924908541
989,0.00012472383974767722,0.941435529590387,0.058175776005716676,0.0002639705641486494
990,2.8700302965187663e-05,0.9799243615505957,0.020031020891507517,1.5917254931379175e-05
991,0.06207890937215176,1.0894856822494673e-05,0.09745146436234328,0.8404587314086824
992,5.615260616421361e-05,0.9572334791163469,0.042600305749009644,0.00011006252847915039
993,9.475447379966222e-05,0.9956885385056854,0.004204881614400178,1.1825406114922406e-05
994,0.0013754249036418951,0.9061780253119311,0.09218379612345805,0.00026275366096892045
995,0.31376633537784504,0.10142610656068797,0.5720792707102156,0.012728287351251444
996,0.0652504523003816,9.283933641652807e-06,0.047304769381556235,0.8874354943844206
997,3.404313437020885e-05,0.96993921047253,0.029999033135305764,2.7713257794138298e-05
998,0.00038051302515091853,0.9025234224995422,0.09689795382264565,0.000198110652661339
999,0.23868546868703278,0.7588532462215634,0.0024371304825057108,2.4154608898126994e-05
1000,0.00966997820845018,0.027188963377654616,0.9344341774745708,0.028706880939324487
1001,0.1930737725842604,0.08845707218873668,0.7022197987931453,0.016249356433857786
1002,0.016938900410073246,6.831821739435411e-07,0.011435254012944224,0.9716251623948086
1003,0.6068834084151458,0.0024812757153445594,0.3056222951394371,0.08501302073007257
1004,0.4847853689976271,4.134045537641866e-08,0.0003212314784354753,0.514893358183482
1005,5.159360891735769e-06,0.9986430793233436,0.0013480313115461595,3.730004218603147e-06
1006,4.83225556794251e-05,0.9590906584072155,0.04080230702641071,5.871201069440811e-05
1007,0.00032147490630068275,0.8060606730864093,0.19322909606779914,0.00038875593949097364
1008,0.8857057515281673,9.935875250974417e-05,0.05471751035656589,0.05947737936275712
1009,0.07009667905795774,0.006494215852390211,0.8209716611871284,0.10243744390252378
1010,0.00010147422138223475,0.8466197533405858,0.1529468980920317,0.0003318743460000891
1011,0.9225668656812754,0.005728620309963784,0.06910196264045083,0.002602551368309765
1012,0.1448964733325222,8.102336447610989e-06,0.08464279487075126,0.7704526294602789
1013,0.03013484822688097,1.7868465261720364e-05,0.3057678452938878,0.6640794380139695
1014,0.000810669357314683,0.836504540944651,0.16199319936064246,0.0006915903373918609
1015,0.13492468362478016,8.318385005298858e-05,0.146077585661488,0.7189145468636787
1016,0.9514732486112398,0.013100781890499725,0.03361761830953296,0.001808351188727489
1017,0.0033031012488421384,0.5226214209801142,0.4734316937294944,0.0006437840415491852
1018,1.4092253759952631e-05,0.9927794169785217,0.007203278724411052,3.2120433073974507e-06
1019,0.04324833962700285,6.821109667167312e-06,0.023060783006007123,0.933684056257323
1020,0.04682347938828787,0.05177117931000389,0.871960840758971,0.029444500542737312
1021,0.03253179058811204,0.2281751048807358,0.724177523640818,0.015115580890334109
1022,0.07915064440803486,1.788575310651551e-05,0.16543850127782436,0.7553929685610342
1023,0.002277394890643569,0.8204102161238325,0.17630098223909169,0.001011406746432197
1024,0.7717319761006133,0.00011575254203309092,0.00532512598455101,0.22282714537280257
1025,5.591608345264257e-06,0.997698647647346,0.0022950462552122934,7.144890964973556e-07
1026,0.0004986342517065217,0.9399653745396441,0.05886303461057915,0.0006729565980703499
1027,0.5130063622017267,8.089078703767171e-05,0.175125988972371,0.31178675803886474
1028,0.00012508914302561565,0.9664188130617412,0.03328469033886939,0.00017140745636386965
1029,0.00019360452733209037,0.9592298193527072,0.04051339666706655,6.317945289426392e-05
1030,0.0011338047235274098,0.9312855714483054,0.06737478797814678,0.0002058358500205058
1031,0.01532493765985246,0.4005956765600493,0.5793408493439158,0.004738536436182422
1032,0.035151356048721875,0.9630833884175232,0.001764882880258459,3.72653496463997e-07
1033,0.8572267788714776,0.0436727226734411,0.09702295971510559,0.002077538739975847
1034,0.04729316451747007,0.001575903859361855,0.8113924475097974,0.13973848411337073
1035,0.00035819397143488975,0.9025108193467631,0.09661034553317292,0.0005206411486288698
1036,0.002484378278452241,0.381993010088775,0.6133281146049889,0.0021944970277838027
1037,0.8398323817929148,2.60731427613113e-08,8.972802192820466e-05,0.16007786411201422
1038,0.03567006813902164,0.023714140785718506,0.09413821119730306,0.8464775798779567
1039,0.0008094324760540394,0.9656653574460345,0.03344645977533311,7.87503025782019e-05
1040,0.5602972068569078,1.662339322812125e-06,0.007751465285335114,0.43194966551843433
1041,0.009344565392830694,0.036084607664834956,0.924923892817727,0.02964693412460722
1042,0.0001544527172901747,0.8865545242836973,0.11214749918139137,0.0011435238176211965
1043,0.652452147142204,0.0008965608088684946,0.261216568024397,0.08543472402453045
1044,0.8670529201538961,1.509510642649854e-08,8.551553554050151e-05,0.13286154921545684
1045,0.07600276828736141,0.00012837529319401566,0.5188354849046123,0.4050333715148324
1046,0.12260696580756432,4.27571854080269e-09,0.002819287717473258,0.8745737421992438
1047,0.003135235855077729,0.39904243090655944,0.5948713292352538,0.0029510040031091697
1048,0.039790470043593255,0.0007224635536127817,0.7595553643937616,0.19993170200903224
1049,0.39292908319951303,0.0879561412782912,0.0636077466700306,0.4555070288521652
1050,0.011116401718278813,0.09196483139179695,0.8752378105144275,0.021680956375496732
1051,0.8583133205882223,0.0004049739160578635,0.03905166175544958,0.1022300437402703
1052,0.025095483160038578,0.0007385293016786028,0.7411179144228939,0.23304807311538892
1053,0.0004215160730875826,0.988662418118906,0.010876553291250169,3.9512516756237726e-05
1054,0.8317096871563427,0.0016103547019481516,0.14827526314494446,0.018404694996764556
1055,0.19365533328367118,0.7943523395824554,0.011982281301306132,1.0045832567367937e-05
1056,0.012847085511373956,1.7791005665173857e-08,8.940453767239232e-07,0.9871520026522437
1057,0.14027291114001475,1.4551501027235947e-08,3.3276589081336416e-05,0.8596937977194028
1058,0.015797554152967876,0.010643879033040766,0.9007522754488926,0.07280629136509865
1059,4.785592693070363e-05,0.9695545271785393,0.03034134715338251,5.626974114748573e-05
1060,0.651951559854982,0.003681607140548827,0.11198165835446004,0.2323851746500093
1061,0.0017207266126399773,0.988205316791214,0.010043916258305393,3.0040337840584098e-05
1062,0.7336754440857685,7.850481771727918e-08,0.0034681786081126077,0.2628562988013013
1063,0.0023978646344880138,0.8871157785518077,0.10981284199534319,0.0006735148183611466
1064,0.005540535058252809,4.405723257512165e-09,6.886086519740513e-06,0.9944525744495043
1065,0.37906512704738626,0.2813324131018375,0.33457593178169254,0.00502652806908367
1066,0.8160533076124066,6.367838156438447e-08,0.0003724033021229729,0.1835742254070889
1067,0.13006774894518056,0.0009337019749539559,0.08307782258259777,0.7859207264972676
1068,0.0009511488693239375,0.8491452016212071,0.14942223424731485,0.00048141526215401747
1069,0.5575856788516121,6.4404975094531225e-09,1.7554380819612798e-06,0.4424125592698083
1070,0.050978512973524695,5.92769726027016e-06,0.14615870896034863,0.8028568503688664
1071,0.04596143543602804,0.000938672880818811,0.8226296838264869,0.13047020785666627
1072,0.41675696182365135,5.896205425432302e-05,0.00429655796577039,0.5788875181563239
1073,0.07237067263391184,0.00036688042103991635,0.6009123993051516,0.32635004763989667
1074,0.0007725869389097707,0.9710643202435397,0.02812121631202866,4.187650552197741e-05
1075,0.01048592961957918,3.636728408807162e-05,0.0023815041042875625,0.9870961989920453
1076,0.47947038014065363,2.8279302252438382e-08,0.002431495070144309,0.5180980965098998
1077,0.0012331231516669338,0.9716084042146551,0.027148925972170605,9.546661507415605e-06
1078,0.04988273970402391,6.027014622304282e-06,0.17066380460128577,0.7794474286800679
1079,0.0017145403883512176,0.8515573118491383,0.14574425378495334,0.0009838939775570204
1080,0.831258151760947,7.146182875642931e-07,0.0015121109898510693,0.16722902263091433
1081,0.49349202546749654,2.725035826573866e-08,0.00010305697574827743,0.5064048903063969
1082,0.0003842552001084858,0.8209143317249706,0.17834966741232797,0.00035174566259288197
1083,0.000377443724455818,0.8985754977434419,0.10093794497529186,0.00010911355681047189
1084,0.832268985511268,2.99460196526093e-06,0.008823650453099212,0.1589043694336675
1085,0.16720776016380784,2.3766392748946646e-08,3.503776256164753e-06,0.8327887122935433
1086,0.9839320301005553,3.4577993308564795e-06,0.0003513691133909533,0.01571314298672278
1087,0.03770688035417576,1.6938842068929234e-09,0.0002724775610571847,0.9620206403908829
1088,0.2885966479171624,1.5981666205912578e-05,0.052878742046768644,0.6585086283698631
1089,0.0006079482748780197,0.7434867062199705,0.2534979098835741,0.002407435621577299
1090,0.027817979224938148,4.505597880867266e-08,0.004984820439865301,0.9671971552792177
1091,0.7807918270023159,7.221125790167655e-05,0.00858366729827318,0.21055229444150939
1092,0.04691004882745728,0.8392189919401261,0.11374785132637293,0.00012310790604379895
1093,0.015086670003856698,0.020447030990243045,0.9076151738005651,0.05685112520533506
1094,0.12293742737588077,8.285589106003201e-06,0.00030809446687413947,0.8767461925681391
1095,0.13376811163923452,0.011531623357037508,0.8082565613970638,0.04644370360666408
1096,0.0009402028129584554,0.5995841287701107,0.3977900639394616,0.0016856044774693846
1097,0.023104466857896116,2.9525959929552064e-06,0.05642033143540202,0.9204722491107088
1098,0.0005052761660576573,0.9109188542794674,0.08826591351577937,0.00030995603869566013
1099,0.7478865969536543,3.3402133381873172e-06,0.010910451813450928,0.24119961101955661
1100,0.0005171496664686164,0.8597837111364238,0.13934197057969266,0.0003571686174151077
1101,0.030429717168215308,3.985706610346752e-07,0.039187360094231447,0.9303825241668923
1102,0.032243554458024175,0.02946182371019005,0.9106958412354682,0.02759878059631757
1103,0.36505560749143257,1.3726287565670245e-07,1.6225148275643508e-05,0.6349280300974162
1104,0.08567813955731328,0.15942869829741688,0.7338139117309279,0.021079250414341943
1105,0.023439742039561014,0.003263116941548646,0.863333562230835,0.1099635787880553
1106,0.7595526133231639,0.00770159725455823,0.15817935627352914,0.07456643314874871
1107,0.051018427799833836,3.9434730984609156e-05,0.14037832650292514,0.8085638109662564
1108,0.04178200651104394,0.012117891268263141,0.9070238383418557,0.03907626387883719
1109,0.8163063792756091,0.002152732256046534,0.16488817821921797,0.016652710249126342
1110,0.8633722937066484,0.0012110189518783464,0.11821625795557959,0.01720042938589357
1111,0.005659414388217118,1.3176545421632933e-06,9.166232670700767e-05,0.9942476056305337
1112,0.8688223914455339,7.846591569489855e-09,5.390374907442901e-05,0.13112369695880027
1113,0.6379772247432572,9.236365571944368e-08,2.9842248115395837e-05,0.36199284064497156
1114,0.007061088140944859,0.5564534781671334,0.4327479403015384,0.0037374933903834566
1115,0.00012577428593093498,0.9933605678207719,0.00650769845975337,5.9594335438828365e-06
1116,0.056083782203762256,1.545712888319538e-06,3.374234726516369e-05,0.9438809297360842
1117,0.008134710015661463,0.9008347147457539,0.09029957990371205,0.000730995334872669
1118,8.59874867250068e-05,0.9922266692682522,0.007671123549428185,1.6219695594792424e-05
1119,0.9764234236594032,0.017278767316225775,0.006264104873513506,3.3704150857562805e-05
1120,0.06340116874060053,3.892962496721976e-06,0.06542444348159593,0.8711704948153067
1121,9.498491451427266e-05,0.9468640990221818,0.05281474005036346,0.00022617601294036956
1122,7.419694404185335e-05,0.992461332874835,0.0074534084537045955,1.106172741844149e-05
1123,0.022631470141769725,0.9298586568253356,0.047313053317650455,0.00019681971524415783
1124,5.187071683490389e-05,0.9661534978005762,0.03375841244597784,3.6219036611082343e-05
1125,0.026892066026449356,5.0057352248438675e-05,0.2768328542988862,0.696225022322416
1126,0.0005399360232920744,0.9313925308951188,0.06789296689312198,0.00017456618846703134
1127,0.0001054307574718416,0.99798963565412,0.0019042632384466877,6.703499614083146e-07
1128,0.00034518549627901405,0.75304108881234,0.24584713977904732,0.0007665859123337888
1129,0.00015272991191308042,0.8656241228161499,0.13400271261874827,0.00022043465318856935
1130,0.0006064784738214665,0.7737384842371904,0.224757129467916,0.0008979078210721481
1131,0.11552815863580891,1.313666530472886e-07,2.2807126435506566e-05,0.8844489028711024
1132,0.19872068298985374,0.0024425440317194357,0.6381225023094074,0.1607142706690194
1133,0.13961073046662206,0.0005012544081879484,0.5772816319720672,0.2826063831531227
1134,0.001676398848964183,0.9228405377675527,0.07470017094749339,0.0007828924359897916
1135,0.025564728798766152,0.6564092739502602,0.3166707392305776,0.0013552580203961494
1136,0.009742339346847415,0.7767238602703296,0.21144006828725756,0.0020937320955655564
1137,0.00038273233135832874,0.9996169400179609,3.276310641966873e-07,1.9616671183563837e-11
1138,0.01862601669086542,0.029082884503366067,0.9262244333124252,0.026066665493343404
1139,0.6695267989720537,0.00013055382157398088,0.1632768643427837,0.1670657828635886
1140,0.00359782675797203,6.581787711391134e-05,0.3521774677254845,0.6441588876394296
1141,0.87025125403711,8.503215656523018e-06,0.006341751622752958,0.12339849112448067
1142,0.051994930291379464,0.003082956631340827,0.8386806984660069,0.1062414146112729
1143,0.8985011552613972,2.9867682186841024e-05,0.0012458492776385199,0.10022312777877761
1144,0.0026357489474315467,0.16800481199439446,0.8196586122828471,0.009700826775326814
1145,0.002320521140673333,0.4011824818085539,0.5903530275340727,0.0061439695167001445
1146,0.0030150210235305166,0.013924964643365532,0.9588093747569769,0.024250639576127015
1147,0.28423325156421,2.06444753113698e-08,0.00035297786766392566,0.7154137499236508
1148,0.02057637084543403,1.1123246471300988e-06,0.021037938760779536,0.9583845780691392
1149,0.00035383238742969737,0.9676710875443387,0.03188037080797812,9.470926025350052e-05
1150,0.45526675570284825,6.705901754803193e-08,6.756202980236312e-06,0.544726421035154
1151,0.6538463124466796,7.411923457703199e-08,0.00011138095696998842,0.3460422324771158
1152,0.8007590764758865,2.971414811030216e-05,0.04757268459910596,0.15163852477689715
1153,0.04628822171966591,0.004471109058339355,0.8746963786890932,0.07454429053290162
1154,2.840729905888229e-06,0.9982837718419653,0.0017099447966456146,3.442631483377946e-06
1155,0.00010397444243241966,0.9624056152601723,0.03738089305834143,0.0001095172390537256
1156,0.9476373459583428,0.012443808310749907,0.039286149288626955,0.0006326964422802165
1157,0.08925171535945087,5.160587237831282e-05,0.349903825959425,0.5607928528087458
1158,0.00012446000388251257,0.9724382002786456,0.027369058619112333,6.828109835932775e-05
1159,0.09507134365760055,2.1643299532636783e-06,0.11904640475232549,0.7858800872601206
1160,0.07959182910167427,5.521528629509478e-09,0.00014993303059149455,0.9202582323462055
1161,0.0003405896244906146,0.9992421578898109,0.0004171801381831384,7.23475154527583e-08
1162,0.00018060248129001593,0.907381444026432,0.09206381869056969,0.0003741348017083887
1163,0.24323798640623068,0.7133689951280541,0.04335051234259512,4.2506123120268025e-05
1164,0.0012109423641290657,0.9215876315193005,0.076655086124993,0.0005463399915774174
1165,3.444787329823547e-07,0.9997270719493815,0.0002725485706706114,3.5001214894883584e-08
1166,0.012157622124317582,0.04183593761139516,0.8946699628622041,0.05133647740208333
1167,0.0009493268460738538,0.9503596982514401,0.04847803162970224,0.00021294327278394322
1168,0.8849821225344655,1.5958579473075354e-05,0.008498908258629088,0.10650301062743252
1169,0.0807352634743126,6.139800287329344e-05,0.18376245475498448,0.7354408837678296
1170,0.7633953812517977,2.177435580728397e-05,0.06785301077551056,0.1687298336168845
1171,0.4230175005040851,1.352988062753895e-05,1.7240225020081243e-05,0.5769517293902673
1172,0.04204901662487755,3.757465457265703e-07,0.0005818485194484206,0.9573687591091284
1173,0.9483434872938966,0.006243333655908241,0.044237984207830476,0.0011751948423645772
1174,0.7353377939305376,8.066472504325728e-07,0.00042319582259359823,0.2642382035996184
1175,0.06510748350003256,0.35957953119216174,0.5733818458129186,0.0019311394948870926
1176,0.005286777824997769,0.8919921646142711,0.10258621693120697,0.00013484062952425174
1177,0.8544594456737771,1.349988475377582e-06,0.0034198673292597298,0.14211933700848786
1178,0.0272538741599475,2.4545378428667956e-08,0.0008551017231998734,0.9718909995714742
1179,0.05091669742922965,2.3954877067955285e-08,0.01014878562634858,0.9389344929895446
1180,0.6301449349661801,0.016564888064602042,0.33405737433983784,0.019232802629380118
1181,0.7812216173459327,0.004378875889011317,0.20572189438626812,0.008677612378787806
1182,0.045820915591776736,0.007971056446604155,0.8811640169084035,0.06504401105321571
1183,0.15026967854430687,3.063215361742705e-05,0.3545334842734429,0.49516620502863273
1184,0.24364620557792943,0.00022223112334239886,0.07733883113527597,0.6787927321634522
1185,0.8131282973868554,0.000894087956496942,0.15987141799282148,0.02610619666382604
1186,0.006824407915447851,0.9916660586218337,0.0015093822791687403,1.5118354956669584e-07
1187,0.10449757179479136,0.21894880089050398,0.6703200951066197,0.006233532208084776
1188,0.00040985196245179315,0.9494304962876758,0.05012213965435578,3.751209551643396e-05
1189,1.752843727894162e-05,0.9994341053887468,0.0005482941859840514,7.198799038420207e-08
1190,0.9721105032405026,9.78315875075518e-06,0.0003900948061250016,0.02748961879462158
1191,0.00025287562214835476,0.9761262743083354,0.023599967315831877,2.0882753684281473e-05
1192,0.021536123207187133,0.12096715926078257,0.848518054190557,0.008978663341473384
1193,0.0032272367315226277,0.3795925766659429,0.6134831158070317,0.0036970707955028327
1194,0.0038135829088638278,0.017263126606725326,0.9558613444124542,0.023061946071956645
1195,0.00021178666155853288,0.9753126521473429,0.024435453876330865,4.010731476755379e-05
1196,0.07143443868561661,7.415684714106068e-05,0.06815963414116216,0.8603317703260801
1197,0.00042469969802570663,0.9532432749480635,0.046271274875326354,6.0750478584544796e-05
1198,0.539988833220781,0.010252860198465942,0.25017713337198494,0.19958117320876817
1199,0.3192345861053993,0.10640462848369579,0.5713182138322085,0.0030425715786963573
1200,0.0022527791131144847,0.9018386288118547,0.09559354179427208,0.0003150502807586547
1201,0.00013413858920407259,0.9361867442613729,0.06354840450384133,0.00013071264558171065
1202,0.0029243000346921245,0.8903377720711153,0.10666204959114216,7.587830305035065e-05
1203,0.00030891433743926536,0.9896617310161743,0.010017149883138997,1.2204763247507026e-05
1204,0.0015983842914752285,0.927086829293406,0.07111277575319788,0.00020201066192087865
1205,0.9258223495164799,0.00031892014319975174,0.0546543552192585,0.01920437512106205
1206,0.05140080603774735,0.0005528372950845737,0.7987569379798763,0.1492894186872918
1207,0.0002495826717103863,0.8209212000933689,0.17761625406671114,0.0012129631682095308
1208,0.5003382710848315,9.587104832184694e-08,9.055645322204666e-05,0.49957107659089817
1209,0.1681300633160467,1.628984074774988e-05,0.3396164791877223,0.49223716765548325
1210,0.9516899532321682,0.004186300712139844,0.03774617492679917,0.006377571128892818
1211,0.9533090962698454,0.00040940449642555413,0.023040595954271183,0.02324090327945797
1212,0.028824448843821862,0.00026812876794966417,0.05753096177764678,0.9133764606105818
1213,0.0005852815405189145,0.9192603988343148,0.0798983527983869,0.0002559668267794679
1214,0.31751409703469674,3.487931838032463e-08,3.805183589812054e-05,0.6824478162500867
1215,0.9278674466694954,0.0002699335099582715,0.06411889817697697,0.007743721643569544
1216,0.012101992983689776,0.07565889122176746,0.8950272978290503,0.017211817965492433
1217,0.43114676271078217,2.72402132313242e-07,0.0003545369680529894,0.5684984279190326
1218,0.1615931456605185,0.004291303059621269,0.7776136907828511,0.056501860497009004
1219,8.897788360085118e-05,0.8362649107492732,0.1631628198232922,0.0004832915438337752
1220,0.2095750434559884,5.46592922410895e-06,0.0614893034804241,0.7289301871343633
1221,0.43775906355009414,3.964959127813918e-09,0.0001954114077604002,0.5620455210771863
1222,0.0425615542564612,0.09027309207729817,0.8511609083922963,0.016004445273944134
1223,5.981993781582819e-05,0.9722810881798751,0.02763917198756808,1.9919894740987654e-05
1224,5.7252360993845825e-05,0.9876470052735531,0.01226831730262214,2.7425062830836497e-05
1225,0.000694491752552597,0.8105350817388797,0.18763385596128196,0.0011365705472859476
1226,0.5756403365438352,3.5172107701208054e-06,0.0033601236718819685,0.42099602257351276
1227,8.631880855170158e-05,0.9959291647449244,0.003972731634233609,1.1784812290310323e-05
1228,0.019844533910085244,9.987226069604404e-05,0.06239513873447117,0.9176604550947476
1229,8.498888238855825e-05,0.8969452654982903,0.10275645371151798,0.00021329190780321623
1230,0.00013189337647500404,0.9339275014372701,0.06579899170252261,0.00014161348373214336
1231,0.005449688371519628,6.370071655019098e-07,0.010498256069583593,0.9840514185517313
1232,0.0002475344747423293,0.9289119595724437,0.07079084129851809,4.966465429610107e-05
1233,0.0002908143933454609,0.8373247952473869,0.16185387814085672,0.000530512218411005
1234,0.004452342025042947,6.584116482236921e-06,0.002475695642790256,0.9930653782156846
1235,0.00029682347783425896,0.8886916553637885,0.11059804520861616,0.0004134759497611432
1236,0.000258753646613136,0.8895445502530869,0.1099862408794038,0.0002104552208960507
1237,0.008104546561133397,0.001055559490520525,0.7724056804287988,0.21843421351954723
1238,0.21730156878111118,0.002597193669951722,0.665369165053469,0.11473207249546824
1239,0.0260192256972187,0.0012267721334815955,0.8405190431292336,0.132234959040066
1240,0.09703421038026536,4.546749722372149e-06,0.02189872931655349,0.8810625135534589
1241,0.11880738247874784,0.00018847223298357695,0.016832591317250022,0.8641715539710186
1242,0.0005705350989449477,0.9457732159500274,0.053521953982371064,0.00013429496865650803
1243,0.08726647462789343,0.22586702575836484,0.6730768557312075,0.013789643882534203
1244,0.3750955578402879,2.450715764893976e-05,0.05998644644427088,0.5648934885577923
1245,0.003459201978486826,0.9756622652697022,0.020805579296516122,7.295345529472185e-05
1246,0.0006503092242496631,0.8335214545159457,0.1650313016980478,0.0007969345617569188
1247,0.9173082306379045,0.0011070709140006878,0.06497453808004551,0.0166101603680494
1248,7.745433854020079e-05,0.9356982385361458,0.06410883797110463,0.00011546915420936127
1249,0.022785810816686725,6.388961560434887e-09,0.003145129917309053,0.9740690528770427
1250,0.7361815114127452,7.54957588638439e-05,0.06942399315462476,0.19431899967376615
1251,0.8035973293946872,0.04134595762946583,0.12481011539104785,0.03024659758479895
1252,0.634971388873826,4.0703247853752374e-08,0.000598667347165004,0.36442990307576123
1253,0.06070031028301293,5.1539261130124396e-05,0.35099787968877105,0.5882502707670859
1254,0.0015626949807262987,0.5926455156282681,0.40426930595495336,0.001522483436052411
1255,0.005284970494071758,0.8715296877727388,0.12161711585883797,0.0015682258743515804
1256,0.005787152654218279,0.9916271142084018,0.002571826097087477,1.3907040292479994e-05
1257,8.214016208250056e-05,0.9661695885905635,0.033665874954796164,8.239629255767202e-05
1258,0.6457803568865285,0.0010533157073612913,0.2900471739918633,0.06311915341424691
1259,0.0758512517624023,1.759344263032493e-07,1.268494274887083e-07,0.9241484454537439
1260,0.03784333124494014,0.016305016284307382,0.9140627709376845,0.03178888153306803
1261,0.004639838207482089,0.9489071298124415,0.04630335935062903,0.0001496726294471835
1262,0.0001592600105199873,0.9903199097867684,0.009506103699012858,1.4726503698826432e-05
1263,0.12221721264670947,5.066934237834383e-05,0.08911662320087944,0.7886154948100328
1264,0.004894270473506185,0.2393913656786537,0.7423118753484829,0.013402488499357382
1265,2.3128228726067145e-05,0.9894725007704136,0.010500458787495308,3.912213365098703e-06
1266,0.061519925527475136,0.006912655034113881,0.8403492950209945,0.09121812441741628
1267,0.7824155444445786,0.0512073365543009,0.16285734560896178,0.003519773392158663
1268,0.004915714016854111,0.5346009190039609,0.457196029988215,0.0032873369909698774
1269,0.00016175305910340917,0.9319957927900541,0.06768942399982249,0.00015303015102003796
1270,0.9271325131231313,0.016586905141899408,0.05231266871201963,0.003967913022949806
1271,0.09145315456677429,1.0662373813794087e-08,0.0023664052760200157,0.9061804294948318
1272,0.004944019606971282,0.9582629305101956,0.0365446799888941,0.0002483698939389112
1273,0.008066091321483072,0.04812932460825218,0.9293019169342602,0.014502667136004533
1274,0.0658386284578429,9.79512531260357e-06,0.0892174299795036,0.8449341464373409
1275,0.2341992404818702,1.4965397748447414e-05,0.003941895380810657,0.7618438987395707
1276,0.05518997354130241,0.12714946781247238,0.8056513060633655,0.012009252582859616
1277,0.0002990347991043609,0.9139183223397198,0.08553149049484388,0.0002511523663319856
1278,0.14344683128272637,0.8216485585466434,0.034569415567259204,0.00033519460337106435
1279,0.03565656129031441,0.908695355281003,0.055499354167636676,0.0001487292610460238
1280,0.8384981744008372,0.00030953703723372075,0.12105129442450523,0.0401409941374239
1281,0.009344741361349239,0.2618482445991572,0.7199494677659836,0.008857546273510068
1282,0.012813560228375844,0.3572996896797845,0.6227581485708981,0.0071286015209416935
1283,0.04539051763585432,2.3228623758323744e-06,0.04541815825516991,0.9091890012465998
1284,0.0794966257953297,2.0605198591464386e-05,0.20843719061694627,0.7120455783891326
1285,0.30343502726484856,2.992199209535522e-07,0.0009459161772841519,0.6956187573379463
1286,0.8139368374873653,0.1721085711180029,0.013849652586261052,0.00010493880837075773
1287,0.011023341527926913,0.15517824116069595,0.8245366089892348,0.00926180832214233
1288,0.9471151370077955,0.0005007765179525694,0.031876798412241725,0.020507288062010052
1289,0.00038636247406956335,0.9227965054917305,0.07656101771856512,0.0002561143156347317
1290,0.5472820738810257,0.001560610159342221,0.1313293526921437,0.3198279632674884
1291,0.00010608499430040813,0.8756181749498299,0.12405223645803273,0.00022350359783692095
1292,0.00016149073327357806,0.9568893785399046,0.04213235463914954,0.0008167760876722094
1293,0.8984788687234512,0.0033325163716510504,0.09687895788672977,0.0013096570181681194
1294,0.5030575437842826,0.36203168894858717,0.13367835973295328,0.001232407534176784
1295,0.9719931228132209,6.417867180599016e-05,0.017821211597450808,0.010121486917522413
1296,0.05068412754402204,0.0031114826965492346,0.8371574150096687,0.10904697474976002
1297,0.22411512111471762,0.07616427406035031,0.6818964171109488,0.017824187713983305
1298,0.0030578689392146276,0.7106031511947835,0.2852166938114935,0.001122286054508353
1299,0.1324138827796335,0.0007126750470752246,0.6966334499236195,0.17023999224967176
1300,0.3286345465489829,0.0020521610496368127,0.5450199005602299,0.12429339184115054
1301,0.1656872919216638,0.31251564535093035,0.5196750996139475,0.0021219631134583167
1302,0.6068200459280626,5.656851968086572e-05,0.020437843960270558,0.372685541591986
1303,0.564075659860581,5.885830453868018e-08,7.355042919330715e-05,0.4358507308519213
1304,0.37232090743823437,1.1857846729243571e-06,0.004096939299071844,0.6235809674780209
1305,6.111106806029417e-05,0.9768152896409793,0.0230886362806835,3.496301027701647e-05
1306,0.03331518941285163,0.009637032741220646,0.05342991058534276,0.9036178672605849
1307,0.9344699593317627,0.0020758472318319434,0.05904922963698468,0.004404963799420774
1308,0.07547911668350436,2.2332845098423518e-05,0.2007512986432762,0.723747251828121
1309,0.015659585564014523,0.03872386259602359,0.918245395235358,0.02737115660460387
1310,0.0073939732996198765,0.9924960310263108,0.00010994198261170111,5.369145746077498e-08
1311,0.00028675043597600584,0.8716835895415275,0.1276096719845727,0.00041998803792358196
1312,0.9079121511469196,0.07597383023464607,0.015989528062167063,0.00012449055626734235
1313,0.06372285472041646,1.3109781203274964e-05,0.05536981011168726,0.8808942253866929
1314,0.00015768966846521482,0.9881423872084293,0.011684854685923209,1.506843718231665e-05
1315,0.019001408629649656,0.2955207126071886,0.6691339586450411,0.016343920118120733
1316,0.000495259764738773,0.9967445915919347,0.002758249603436789,1.8990398897564135e-06
1317,0.000220031415632199,0.9437773632444462,0.05567348531952995,0.00032912002039143563
1318,0.0003446755326385177,0.8867823158813165,0.11252194738012215,0.000351061205922989
1319,0.016920125574757725,0.000692332355918284,0.9351363908947192,0.047251151174604905
1320,0.9597346948296439,4.5057484684363085e-05,0.019070429810603404,0.021149817875068085
1321,0.07343705011497607,1.1701023905297721e-05,0.11176373024934905,0.8147875186117697
1322,0.04165546446400995,1.8276675777290836e-08,0.0013261786898129066,0.9570183385695015
1323,0.34326774377105734,0.009778773616697359,0.6310668198514623,0.015886662760783002
1324,0.0001203858654080772,0.9830239677052176,0.01684741838586296,8.22804351122001e-06
1325,7.503948348455377e-05,0.9410990814112913,0.05869866369128301,0.0001272154139413779
1326,0.07283163739633995,2.7864596634281652e-05,0.35615133498724766,0.5709891630197781
1327,0.00428383487746573,0.6821059482694974,0.3127495410366816,0.000860675816355348
1328,0.002410235419457183,0.027337475158075594,0.9607441297248133,0.00950815969765382
1329,0.0013203925839422254,0.9757447189131232,0.02285389931355169,8.098918938292887e-05
1330,0.0014248315019940038,0.9355848676508106,0.06243495656805162,0.0005553442791437961
1331,0.09188762781940638,0.003747164573190165,0.8234255625236142,0.08093964508378913
1332,0.000593446387934292,0.9984642723716437,0.0009415583702860951,7.228701358757443e-07
1333,1.6119664016619297e-05,0.9818160464125179,0.018151063402323038,1.6770521142777204e-05
1334,0.913458042549654,6.869605046833255e-05,0.045846147789132916,0.040627113610744836
1335,0.0005781544644560716,0.8585884459692643,0.14050153857455944,0.00033186099172015295
1336,0.5667640112130038,0.0016830340481207426,0.39699301687403826,0.034559937864837284
1337,0.051233441496677065,3.9369176996227526e-07,0.000290464252754814,0.9484757005587982
1338,0.050664504272099356,0.0022933085193184858,0.8479968939080849,0.0990452933004973
1339,0.0004064762031792063,0.9761535294938583,0.023409492707157146,3.0501595805339308e-05
1340,0.1549783422861635,7.231589615973877e-05,0.12164130345814553,0.7233080383595312
1341,0.00013344006928119655,0.9766257395408412,0.02316445230476473,7.636808511286735e-05
1342,0.0011363118042853266,0.819619208899837,0.1777255623170828,0.0015189169787949229
1343,0.8423697703740062,4.036271958462265e-05,0.00723739383443954,0.15035247307196964
1344,0.039561811166226944,0.013159569430662231,0.8716795030873257,0.07559911631578523
1345,0.00010614786349835592,0.9922966967252611,0.007432744730434937,0.00016441068080538804
1346,4.283300811117581e-06,0.9986786139780045,0.001317002936812008,9.978437236255955e-08
1347,5.251004657679038e-06,0.9938357684212804,0.006154479801417027,4.500772644788772e-06
1348,0.0015788465881027595,0.9766183935319057,0.021744040437778032,5.8719442213355484e-05
1349,0.0002378609357864335,0.891400588840194,0.10811586980495848,0.00024568041906112463
1350,0.10663142137873573,0.001234529389677973,0.7462102550064009,0.14592379422518534
1351,0.009504317667720063,2.343596669746829e-05,0.11298590584787328,0.8774863405177092
1352,0.04862345193853343,0.16700453466376397,0.7701052317723215,0.014266781625381097
1353,0.0007825643404949174,0.14871121924315484,0.826001623184288,0.024504593232062347
1354,1.9098485205445282e-05,0.9936760393486261,0.00630221663740203,2.6455287662873706e-06
1355,0.00046059166578497706,0.9768992614536004,0.02247690424228287,0.00016324263833179613
1356,0.02702044121172112,0.8163665122770103,0.15608331617170543,0.0005297303395629939
1357,0.9749535338964759,0.008278600148915294,0.016466669978730235,0.00030119597587852304
1358,0.06854631324442009,0.05896229034628749,0.8637668306841866,0.00872456572510595
1359,0.020685661443051204,3.437726620913827e-05,0.0074775238972916575,0.971802437393448
1360,0.02833628127157098,0.01866027451629514,0.9229201511482534,0.030083293063880464
1361,0.0006531224917086296,0.9949829325758394,0.004358331115448285,5.613817003834498e-06
1362,0.0003540754590920653,0.9063289884339726,0.09287517282597119,0.00044176328096412606
1363,0.06811771037171313,4.638891636263389e-08,0.032320714507317716,0.8995615287320528
1364,0.0003837337120213256,0.8776531351752219,0.12180760681236766,0.00015552430038919424
1365,0.0004252924276700921,0.8742819574190518,0.12476253404914005,0.0005302161041381858
1366,0.00023052236176120176,0.9076338377861781,0.09193109910637154,0.00020454074568897776
1367,0.0005535892854848257,0.8539952806410134,0.14495025578234713,0.0005008742911545777
1368,0.992578301538536,0.0011799515206796143,0.005947282808658499,0.0002944641321256609
1369,0.00010656994814620958,0.9238854452450477,0.07593617289163306,7.181191517289493e-05
1370,0.04229196718695621,0.15003103201980336,0.7990297382211755,0.00864726257206506
1371,0.018259728471101112,0.15277017088042286,0.8077994086651101,0.021170691983365856
1372,0.045544742202111674,4.122159466502247e-08,0.002497766010525695,0.951957450565768
1373,0.2966849139082345,2.078124713125359e-07,3.196148954486159e-05,0.7032829167897493
1374,6.459493965874898e-05,0.9459290592308852,0.05397144925382806,3.489657562796756e-05
1375,0.9962535713237611,0.0003023611998368524,0.0031878639778981205,0.0002562034985038445
1376,0.06741961826687086,0.9325244782699174,5.588681372490572e-05,1.664948683925747e-08
1377,0.0003299417630590755,0.9756423597219431,0.023990346208369356,3.7352306628461016e-05
1378,0.27416886350335773,2.2757631446570058e-06,0.01977437818156811,0.7060544825519295
1379,0.015129625430818057,3.2707742446098287e-07,0.010652338214985856,0.9742177092767715
1380,0.008068813455540325,2.4739899614627862e-11,2.122543316631807e-06,0.9919290639764031
1381,0.0003237765161664755,0.9411560750986027,0.0583659202617929,0.00015422812343794881
1382,0.10907448145134863,6.366234339042454e-05,0.1265638389111113,0.7642980172941497
1383,0.010314137089054048,4.014231710242034e-06,0.003058174444779024,0.9866236742344567
1384,0.7205453541891375,0.00023717653692914578,0.1175019036315237,0.16171556564240963
1385,0.6375167249547409,3.039497035101385e-06,0.031944779027909355,0.3305354565203146
1386,0.1660399584100649,1.427000324372094e-05,0.10716158551985136,0.7267841860668401
1387,0.6279693301930213,0.02786473526644252,0.30210562782153233,0.04206030671900383
1388,0.8271079903983586,0.11647694767315021,0.055545328734074334,0.0008697331944168746
1389,0.9386943918886548,0.0008099574186180793,0.05544268796734546,0.005052962725381788
1390,0.04205782843608304,0.31960625267652526,0.6232686390191373,0.015067279868254402
1391,0.6941258468678049,0.018849202445114933,0.2773278248418305,0.009697125845249717
1392,0.0009462747987609422,0.9566591415831279,0.04231566996098265,7.891365712844645e-05
1393,0.007031594002481573,0.8843039428163035,0.10853637883666152,0.0001280843445532651
1394,0.007356169751632678,0.20687920027823561,0.7758141619102782,0.009950468059853501
1395,0.011553554330244005,0.05547621681532007,0.9021578305999838,0.03081239825445214
1396,0.03198369671231187,0.046991161190881314,0.9124746836207792,0.008550458476027626
1397,0.0374993549414069,3.0197423404555864e-05,0.12160274740984663,0.840867700225342
1398,0.00010385287640812657,0.9829802311020679,0.016900573370497208,1.534265102668996e-05
1399,0.0004030345580808484,0.9810823299118441,0.018496321382065344,1.8314148009638e-05
1400,0.521349122772015,1.0253784788625504e-06,0.00010792927830830457,0.47854192257119793
1401,0.21742982477729936,0.011861509900034208,0.733639795826198,0.03706886949646838
1402,0.0039230411756130965,0.7421204458850585,0.2521248273754625,0.0018316855638658798
1403,0.5025284010718745,0.425279549808854,0.07192221078610234,0.0002698383331691973
1404,1.0091917349814459e-05,0.997211166425468,0.002776846044920761,1.895612261322801e-06
1405,0.0003691157313792017,0.9055246727787493,0.09398475770178082,0.00012145378809069156
1406,2.9679296478536415e-05,0.990977310273184,0.00898703178395119,5.978646386409947e-06
1407,0.001434681025305983,0.8905860583613564,0.10772042675668364,0.0002588338566540044
1408,0.31677421565295594,1.1295402193653782e-05,0.11658435815330832,0.566630130791542
1409,0.04489097057349219,1.5042183607024519e-06,0.0055847411923499995,0.9495227840157971
1410,0.00035907464161313065,0.9679479432289674,0.03161265065381466,8.033147560467729e-05
1411,8.750668930367586e-05,0.8383093991122904,0.16139559443227208,0.0002074997661337213
1412,0.8899454419518238,0.00020605070589978147,0.03891276497636092,0.07093574236591568
1413,0.004935016110049463,0.09369566291180308,0.8846585842050902,0.01671073677305728
1414,0.049124826105335,5.6519737749066e-06,0.09019752550799608,0.8606719964128942
1415,0.7746535546328038,0.0001705381885406383,0.0559411307261649,0.16923477645249071
1416,0.900819902697168,0.0005838866913434661,0.07245104703772769,0.026145163573760594
1417,0.003484093096045265,0.9795837512169115,0.016914082056426662,1.8073630616310068e-05
1418,0.10005344911213034,0.46279141511415506,0.4289684946564278,0.008186641117286834
1419,0.4620069966162739,3.3937183266425906e-08,4.851248000345656e-05,0.5379444569665394
1420,0.0805084622208856,0.0009994689222696594,0.7174911245766308,0.20100094428021395
1421,0.002371622704542098,0.9487929449988874,0.048675864506403814,0.00015956779016674987
1422,6.729600508052103e-05,0.9962214394108558,0.003708281184876001,2.9833991874718946e-06
1423,0.00023868464044719177,0.943285701486072,0.056257248706794404,0.00021836516668648958
1424,0.06250406225765494,1.7080989609023504e-05,0.12834405505388335,0.8091348016988528
1425,0.2217065533896323,4.70375373828689e-06,0.1848250484905503,0.5934636943660792
1426,4.02228184613391e-05,0.9539186340153814,0.04601753132737048,2.3611838786891186e-05
1427,0.0002993570336427255,0.9948144916996323,0.004883962166600874,2.189100124002646e-06
1428,0.4621432519427952,2.4165204090420083e-07,0.00017216859717569504,0.5376843378079882
1429,0.10172773866508807,0.015093205004670268,0.8645784526615072,0.018600603668734526
1430,0.6170508326064358,8.795758870454734e-08,1.1153469927695435e-05,0.38293792596604787
1431,0.07369394596788388,0.05917285330472617,0.8232976560665878,0.04383554466080227
1432,0.010197261671070528,0.8031435325046768,0.1835304695612841,0.0031287362629685285
1433,0.005018946284173015,0.06091416726756463,0.9262357206959293,0.007831165752333013
1434,0.04612817405119177,0.9294123952820045,0.024129463019754025,0.0003299676470498038
1435,0.13132411156582044,1.1291767826273078e-05,0.20561377810308198,0.6630508185632713
1436,6.725624791565672e-06,0.9936833367149119,0.00630596104269247,3.97661760399996e-06
1437,0.1597132506314399,0.02754367485377895,0.42836496564432625,0.38437810887045487
1438,0.8097642738719496,0.06195461660141258,0.12433848695780386,0.003942622568833942
1439,0.15958561577830344,0.0013430548187372106,0.6021407067410028,0.23693062266195664
1440,0.0030548634145107344,0.830615715492068,0.16596037332158345,0.0003690477718378091
1441,0.6810850943460337,0.004012014934659724,0.03221313247261717,0.2826897582466893
1442,0.0001072439528297413,0.9804761485603102,0.019393210339263247,2.3397147596825004e-05
1443,0.03997115168485572,2.88834420779736e-06,0.025709678640880838,0.9343162813300556
1444,0.00026310651677672806,0.890121163348414,0.1094425100884782,0.00017322004633099804
1445,0.00046323487619872266,0.9749109339858412,0.02328956961732085,0.0013362615206393544
1446,0.01031086538300289,0.3327454510127811,0.6518061476201087,0.005137535984107412
1447,0.11269820508651632,5.92993503490159e-06,0.3185530945263178,0.568742770452131
1448,0.2329790575026164,0.7612960478948667,0.005717449985833604,7.444616683262105e-06
1449,0.028318686512628595,5.5332801361596634e-11,4.302241228083987e-06,0.9716770111908104
1450,9.792565399105117e-05,0.9707248747477343,0.029152516476663524,2.46831216112997e-05
1451,0.03231703700541301,0.5162953920730728,0.4487231907208081,0.0026643802007059723
1452,0.0024224305943402074,0.6948118354691687,0.301893875699766,0.0008718582367251822
1453,0.10835816791393448,6.952069344978297e-07,0.10613393864712706,0.785507198232004
1454,0.03084192333527232,6.47863048886039e-06,0.08921634416210542,0.8799352538721334
1455,0.011836373566021624,1.425721195956146e-10,8.237807794943564e-07,0.9881628025106268
1456,3.001990227638451e-05,0.9458612715335379,0.05401413285723412,9.45757069515079e-05
1457,0.2275915794021657,1.7082355367478063e-07,0.01984637604575933,0.7525618737285213
1458,3.4459623483904604e-05,0.9940463215648327,0.005915212298671596,4.006513011736503e-06
1459,0.00014140415613370677,0.9790379875691586,0.020772651220191046,4.795705451675343e-05
1460,0.002139916816639318,0.9719629905984406,0.025490038766165367,0.0004070538187547592
1461,0.002776319430071178,0.666585717493586,0.32933524076596504,0.001302722310377673
1462,0.30807403155504093,0.0013065649594767885,0.34529835136871256,0.3453210521167697
1463,0.8830686677813916,0.001181276649890535,0.09865140588419224,0.01709864968452566
1464,0.015414218772039908,2.1617204563508775e-08,2.7522517630744615e-07,0.9845854843855791
1465,0.014662099917967322,6.580581085453132e-07,3.67897658838291e-05,0.9853004522580404
1466,0.7394304720984787,1.5878397093713926e-06,0.012058984781197367,0.24850895528061456
1467,0.26196150599836887,5.5464207899974095e-05,0.12185186934242134,0.6161311604513098
1468,0.0009592667108866053,0.9264168159054372,0.07252245846486259,0.00010145891881341141
1469,0.003495150411229862,0.12687342561899798,0.8554086691723745,0.014222754797397768
1470,0.006075290802158322,0.863473811371016,0.12966456555178643,0.0007863322750391419
1471,7.352390124597184e-06,0.9937071307999831,0.006282504816807703,3.011993084824146e-06
1472,0.7807541023371192,0.0007321754183341086,0.15839329030150906,0.06012043194303749
1473,0.00019917335020999563,0.9258923901524173,0.07383416786370829,7.42686336643266e-05
1474,0.0067191567384950815,0.9886295817874626,0.004632345301268356,1.8916172773841854e-05
1475,0.0114889917477601,4.283806348066288e-11,0.00019718991978769998,0.9883138182896141
1476,0.00030087626704160367,0.9195773539440268,0.07992476870156104,0.0001970010873706059
1477,0.00820353706409952,0.027790878661214338,0.9349566468546594,0.0290489374200266
1478,0.7776647517809289,0.04634671073127441,0.1746901290478508,0.0012984084399458584
1479,0.00323738923624754,0.9957692057535122,0.000989238221084166,4.166789155995973e-06
1480,0.03975150769033205,0.41805324001005023,0.5297957600854286,0.01239949221418907
1481,0.008382068357501816,0.9506350229901697,0.040740492103371787,0.00024241654895678115
1482,0.07745610736131824,7.638511226298445e-07,0.0006414444045084833,0.9219016843830506
1483,9.52595770575091e-05,0.9926079013803393,0.007266693746096327,3.0145296506936883e-05
1484,0.7523578243480867,5.804697468028868e-06,0.0009797469845200383,0.24665662396992527
1485,0.2745215972015706,0.002307632841805555,0.6372034064824174,0.08596736347420648
1486,0.0556963879577702,0.0006103307767055488,0.6868739578681531,0.2568193233973711
1487,0.00016928970923315423,0.9357571237930795,0.0639495579836921,0.00012402851399515981
1488,0.05673206743306069,0.0012348929197281177,0.7646188664483322,0.177414173198879
1489,0.06428397161431768,0.0004902685518849155,0.7433145414513849,0.19191121838241237
1490,0.5789934012284119,9.547029646119142e-05,0.14507927405003407,0.27583185442509284
1491,0.04803388835539539,0.00037309864852505737,0.7698514711462555,0.18174154184982413
1492,0.023600163160543808,3.393965243525485e-05,0.2983696134723416,0.6779962837146793
1493,0.00018449821150134108,0.8759140130877838,0.12377114493808873,0.00013034376262612146
1494,0.1817673154022187,2.353947247787955e-06,0.01950035692717504,0.7987299737233585
1495,0.845514741146437,6.725650687501262e-08,0.004174067969147779,0.15031112362790852
1496,0.046324680669541235,0.09368295591680709,0.8473047961619652,0.012687567251686573
1497,0.7536985954253875,2.0751059892123442e-06,0.026126998062694716,0.22017233140592848
1498,0.0021073229409097616,0.8412726199316617,0.15628718522396992,0.0003328719034586624
1499,0.32802129511279243,6.357615187397267e-11,7.497909856500473e-07,0.6719779550326458
1500,0.099958945489052,4.791199246635096e-06,0.03581184039906127,0.8642244229126402
1501,0.8456022991179694,0.0002606072234595476,0.061239244734590775,0.09289784892398006
1502,0.047648774165585744,1.0629633659912713e-05,0.27657938248796227,0.6757612137127921
1503,0.9642146452851159,0.00010845697178114986,0.01758575252784127,0.018091145215261673
1504,0.00010474660615548544,0.9451827426985911,0.05459825382985093,0.00011425686540258261
1505,2.726265464640718e-05,0.9787673328876846,0.02116163606679649,4.376839087243001e-05
1506,0.07658215887828503,4.229814698159363e-05,0.1203541820697748,0.8030213609049586
1507,0.01844018370399534,0.32857854421447125,0.6443125407916369,0.008668731289896536
1508,0.09273720911405237,8.949760333281004e-07,0.1038457932817317,0.8034161026281825
1509,0.928976952490519,1.8129508989575062e-05,0.01840998520777657,0.05259493279271473
1510,0.0026241967747905586,0.8024403440246234,0.19458390342863782,0.00035155577194821437
1511,0.00012463794531688096,0.9161110383850569,0.0836350520654805,0.00012927160414575635
1512,0.00013436485065241446,0.9739300925846011,0.02586686813634382,6.867442840258551e-05
1513,0.006620551720656051,0.7356103221637299,0.2553457748961967,0.002423351219417355
1514,0.0019388281241577842,0.520122858563942,0.4746089819314132,0.003329331380487044
1515,0.043309250212220804,0.005154584968226195,0.8909479883914283,0.06058817642812479
1516,0.8601936409500003,9.606003094685251e-05,0.020322555263368312,0.11938774375568438
1517,0.00012455461820702163,0.9162707077538722,0.08344628415039854,0.0001584534775223855
1518,0.7027782791953571,1.826045788638094e-08,9.376749263268717e-07,0.29722076486925864
1519,0.828259163241722,8.105399315775866e-08,0.00047610847558930854,0.17126464722869542
1520,0.047811245309302475,2.081117512424951e-07,0.02600681312403719,0.926181733454909
1521,0.22655062089039013,2.927879951727136e-09,0.000303951237568183,0.7731454249441617
1522,8.908916978161858e-06,0.9915351134677164,0.008450841434660763,5.136180644695141e-06
1523,0.28274874402437483,2.1812216733201675e-05,0.11256318042619844,0.6046662633326935
1524,0.8222450751101006,3.0010344676250382e-06,0.004187994864986091,0.17356392899044576
1525,0.0036522518256685748,0.5342511627462506,0.45342783973826595,0.008668745689814851
1526,0.0005609966130881809,0.9307382983404188,0.06862189732976301,7.88077167299647e-05
1527,0.00061612535824495,0.8576071478416911,0.1415339889928237,0.0002427378072400523
1528,0.9035699853502102,0.0061696242581741655,0.0501733040721109,0.04008708631950472
1529,0.21817187756164189,2.6562933763935205e-06,0.0015399575486532415,0.7802855085963284
1530,0.05034243455719805,5.8840796059021164e-05,0.16035483652872487,0.7892438881180179
1531,0.8594749696421318,0.06633748289858665,0.0735081513566391,0.0006793961026424402
1532,0.0240173557094287,0.01279240808949946,0.8960518558761535,0.06713838032491833
1533,0.08199362234278881,1.0797429788028602e-05,0.05818080318167923,0.859814777045744
1534,0.6748697811328044,0.24945615149776465,0.07434291568280667,0.0013311516866243032
1535,4.574346054234697e-05,0.989787470547647,0.010153811430191317,1.2974561619338125e-05
1536,0.07352734100340746,4.393340680530148e-05,0.23206123096416184,0.6943674946256253
1537,0.014533239322706126,0.031371169855562125,0.9285867924592933,0.02550879836243837
1538,0.03393265954401096,2.594750559361887e-05,0.22361668055989276,0.7424247123905027
1539,0.8718303051744254,1.572161712349288e-05,0.01280689764772256,0.11534707556072851
1540,0.00020259255934991385,0.9576213654734248,0.0421333170052497,4.272496197560255e-05
1541,0.02890573810639046,0.00031265245487659376,0.6596147644248294,0.31116684501390357
1542,0.0034079347246089653,0.8485767924889188,0.14768658051233186,0.0003286922741402505
1543,0.7466276608620125,2.4217491874893006e-09,0.00042822532401871275,0.25294411139221956
1544,7.675287436492084e-05,0.980031924588388,0.019843776498370637,4.754603887669637e-05
1545,0.0003917468769288294,0.9993346465219055,0.00027351269796792294,9.39031978754556e-08
1546,4.661789336841657e-05,0.9668817937689786,0.03295259403698862,0.00011899430066421906
1547,0.24496490452546743,5.342348560869978e-10,2.8599943075095462e-05,0.7550064949972226
1548,0.6811123814456198,3.648648502181548e-07,5.071868281789437e-05,0.31883653500671205
1549,0.021434394926449895,0.015512671955988542,0.91424146782931,0.048811465288251615
1550,0.01797060607697402,0.5759784186707357,0.4030836541439842,0.002967321108306116
1551,0.009476318382157692,0.003422797688797782,0.8638700750586915,0.12323080887035297
1552,0.02997669617570487,0.008437506907409987,0.8489601093789912,0.11262568753789386
1553,0.5305607145625476,2.6746732193687836e-08,8.767226366398561e-06,0.46943049146435384
1554,0.0036835349270846313,0.3733774706040986,0.6183456336890937,0.004593360779723278
1555,0.011731194472519343,0.008537386456115353,0.8431584814479498,0.13657293762341552
1556,0.4671256849370304,2.795075871920021e-06,0.0018410092544767452,0.531030510732621
1557,0.07373419251248826,0.03645193909990335,0.8489035656659749,0.04091030272163337
1558,0.005847328288494057,0.12355462472046867,0.8603430365631609,0.010255010427876465
1559,0.02524966407394587,0.1097460540312441,0.8534812248640269,0.011523057030783013
1560,0.09031386880092902,0.1632215241334012,0.7395049812289954,0.006959625836674399
1561,0.12894408639917654,2.6086934758440593e-06,0.02850773850807283,0.8425455663992748
1562,0.88570796949817,0.052408990501139015,0.06174606110511991,0.00013697889557107078
1563,0.0840678254565521,7.737234508139582e-06,0.16023438987153288,0.7556900474374068
1564,8.523006404862538e-05,0.9652633521209543,0.03461711025751533,3.430755748184397e-05
1565,0.00012952410114314434,0.9885724297979758,0.011288982989536895,9.063111344214386e-06
1566,0.07423910195746207,0.00015368576370688905,0.5778006759839244,0.34780653629490677
1567,0.011650423020857288,0.041442189548580505,0.14930223928530123,0.797605148145261
1568,0.3108892329295158,0.00013440411428801034,6.40105654997767e-05,0.6889123523906964
1569,0.44539597266003744,0.00022041628240893055,0.12200367636427127,0.4323799346932823
1570,0.00031006626041315996,0.9472337868389011,0.05232377064178819,0.0001323762588977395
1571,0.03140621552562618,0.406484310345208,0.5606836890805377,0.0014257850486280724
1572,0.0003986116029676203,0.881816336010222,0.11760988777121333,0.00017516461559696862
1573,0.0031769057447734554,0.9712305648633403,0.02554514204137048,4.738735051576997e-05
1574,0.03755875630980002,4.394856671399094e-07,0.03199094770652996,0.9304498564980029
1575,0.00023538887528764025,0.8345175651358713,0.1644031782040604,0.0008438677847808334
1576,0.8999804905974275,1.3090002050648556e-05,0.0245429709490651,0.07546344845145685
1577,0.12061871679336773,0.000578497132856113,0.12104291746927252,0.7577598686045036
1578,0.11782007098843184,0.0016741563496511082,0.0456417640184075,0.8348640086435096
1579,0.024471805982814482,2.4466256178659892e-05,0.11898412651419725,0.8565196012468095
1580,0.002477849188545408,0.9862068776219673,0.011309380857626018,5.892331861211601e-06
1581,0.007182579276550076,0.9854941651064294,0.007319104811535463,4.15080548508025e-06
1582,0.3025518875250387,0.00016776383238546668,0.37614460996880816,0.32113573867376766
1583,0.002507034069448821,0.8773737643900925,0.11911078120000201,0.0010084203404566255
1584,0.9142808406875786,0.07525033185725569,0.010432631531878121,3.6195923287652355e-05
1585,0.039266758093606656,0.00035456428252509466,0.6193916195284439,0.34098705809542434
1586,0.09367694650956374,9.69249397356958e-07,0.02184625789368482,0.8844758263473541
1587,0.7229723579732871,1.6697024334529171e-06,0.0016249078297837516,0.27540106449449586
1588,0.6683062416909921,1.1050931932807641e-08,8.41716141374091e-06,0.3316853300966622
1589,0.007168330261407462,0.26092610134590877,0.728026224118829,0.0038793442738547733
1590,0.11729514570966729,0.009028591402243696,0.7648723123339111,0.10880395055417781
1591,0.9786858663900928,5.7474693486433535e-06,0.009170721011932007,0.012137665128626527
1592,0.38168702772090546,2.3969704648838807e-07,0.0005235980710897252,0.6177891345109583
1593,0.034690399666532694,1.094060548054459e-05,0.12100038468676595,0.8442982750412208
1594,0.008050527661020095,0.8397696945512075,0.1516270028030458,0.0005527749847266696
1595,4.978838674024856e-05,0.9832077041574163,0.01673512971108382,7.377744759754524e-06
1596,0.0009312977319396826,0.8595050127992363,0.1393880194335171,0.00017567003530672426
1597,0.2692972067565155,2.3253138054330044e-08,0.00019808779568871005,0.7305046821946578
1598,0.0015308688411545227,0.03176063213254791,0.9315876393534688,0.03512085967282887
1599,0.001488398532649184,0.955904057911144,0.042509224137853754,9.831941835291624e-05
1600,0.7569451688025467,3.0168932580076606e-08,0.00012512330545917338,0.24292967772306148
1601,0.0003194693285551645,0.9152574905176177,0.08424007604982552,0.0001829641040016149
1602,0.3724475141016427,0.00011355832617391851,0.11047570384250656,0.516963223729677
1603,0.09962886752588158,1.3457477178826594e-05,0.18388381933698272,0.7164738556599568
1604,0.04215938893115041,2.366479963986296e-10,3.486515298265871e-06,0.9578371243169034
1605,0.13025971510343318,4.173642613091802e-05,0.36714676104272165,0.5025517874277142
1606,0.00017816100492136798,0.9093207650613188,0.09022390099315403,0.00027717294060585065
1607,0.0019848627637285145,0.8799438008145894,0.11721740807253717,0.0008539283491447355
1608,0.0813457766171117,4.3273600963382984e-05,0.27847094873557676,0.6401400010463482
1609,0.0005628735781071612,0.8699148541688264,0.12882372117011162,0.0006985510829549977
1610,0.23181128954837874,8.357175053449687e-08,2.2546177532773676e-06,0.7681863722621175
1611,0.12139733502719306,2.540687614008387e-06,0.10676185923470212,0.7718382650504908
1612,0.0014459247039030128,0.924157378157778,0.07411695323453289,0.00027974390378598317
1613,0.960681751200191,0.00359317243310279,0.034771016897666415,0.0009540594690396624
1614,0.8938624296469433,0.019777149049011532,0.08490852435151927,0.0014518969525258306
1615,0.00010839414412470111,0.9656767936414788,0.034073896580638016,0.0001409156337584394
1616,0.03213238320428016,0.004053653328270966,0.8840441177551178,0.07976984571233114
1617,0.003064510488395389,0.9667852823813358,0.03009925775852714,5.094937174155735e-05
1618,3.0174113183083653e-05,0.9992971684394222,0.0006725543764911516,1.0307090353825761e-07
1619,0.7370838954857902,1.1992137955343254e-07,0.000280095267806603,0.2626358893250238
1620,0.058588498787059316,0.00022973914514583005,0.7661355941518377,0.17504616791595717
1621,0.007301346085606075,0.9438359036277673,0.047714360950978855,0.0011483893356478477
1622,9.245812630761915e-05,0.9249783942821581,0.07474367436752052,0.000185473224013798
1623,2.519205353297835e-05,0.9527457932154165,0.04717813053083447,5.088420021582854e-05
1624,0.0005741760230364816,0.911422788234711,0.0878560530286029,0.00014698271364946622
1625,0.00037031004045531824,0.8932954431806109,0.10613388463418613,0.00020036214474751358
1626,0.9831459125605587,0.002263579188549562,0.013809914957026713,0.0007805932938650127
1627,0.0013041549167014644,0.9763515366352747,0.022318819660166023,2.548878785767561e-05
1628,0.4946239470860068,0.024929848322553873,0.46166022792075906,0.018785976670680462
1629,0.06482678802247278,0.00045839032798342816,0.7576067590121871,0.17710806263735676
1630,0.0006223886682365758,0.9810384885111848,0.018255764130456827,8.335869012211214e-05
1631,0.02049239588036162,0.27104047145739024,0.7051543119491271,0.003312820713121112
1632,0.3509888066707788,1.946858033393661e-07,6.220659247413893e-06,0.6490047779841704
1633,0.8227156432143454,1.0653429643418e-06,0.004255792496214491,0.17302749894647557
1634,0.922760229682003,0.020584597915216687,0.05609853405522183,0.0005566383475586495
1635,0.23804473424537007,8.794530991296968e-08,3.4672114142724234e-07,0.7619548310881785
1636,0.0001308039718548023,0.948570887340826,0.05123390777845633,6.440090886299716e-05
1637,0.0772335972826437,0.30286420316107027,0.6104621811134031,0.009440018442882865
1638,0.9685502946969731,0.0002015710664545163,0.02494549815211314,0.0063026360844591
1639,0.1101664660926698,1.046872490565137e-05,0.0005578719048529316,0.8892651932775717
1640,0.0007683593237180731,0.928696489055637,0.0704049892218149,0.00013016239882997007
1641,0.002940608516924646,0.8923288118964476,0.1045618459166518,0.00016873366997589945
1642,0.9218157893112862,0.04347390600695766,0.034653462023446706,5.6842658309599164e-05
1643,0.028220849131857795,2.0814169860661382e-05,0.06456121642159413,0.9071971202766874
1644,0.8769209081058966,0.0006576490902732022,0.11302944286293827,0.009391999940892046
1645,0.009765722209388372,0.08743163802592463,0.8912143341279598,0.01158830563672722
1646,2.2070624501888995e-07,0.9999103353183081,8.943592668106702e-05,8.048765867578727e-09
1647,0.05139711667967988,2.3649816992485566e-05,0.2787009172299015,0.6698783162734262
1648,0.008941131959672687,0.030957398237574797,0.9397440772369754,0.020357392565776972
1649,0.9008523846826331,0.0001595068541731782,0.02792802393485583,0.071060084528338
1650,0.001905235780983208,0.9771588723803643,0.020911858288425497,2.403355022718673e-05
1651,0.0006034562098134782,0.9000768242938855,0.0991488029338874,0.0001709165624135281
1652,8.321300082129754e-05,0.9808629441838296,0.019028087195064075,2.5755620285153743e-05
1653,0.9950408806615724,0.0002874262086998795,0.002120862107170727,0.002550831022556867
1654,0.000590338705422972,0.9208271777982544,0.07852218699715215,6.029649917029156e-05
1655,0.014077040018810574,0.011038253545602108,0.9208823383500214,0.05400236808556585
1656,0.0008223288808738644,0.8756168092900696,0.12281706272641095,0.0007437991026454644
1657,0.8006451701469834,2.7232904318187944e-07,0.0043709307291638615,0.19498362679480946
1658,8.013523480689195e-05,0.9853608707923763,0.01453251131199827,2.6482660818443553e-05
1659,0.2598305129993384,0.00042201128834966405,0.5829817140016398,0.1567657617106721
1660,0.004732422826017476,0.0567045601005145,0.9293895935026342,0.009173423570833728
1661,0.9490213214074869,0.02576620065770249,0.02468306488108481,0.0005294130537260668
1662,0.00041498928441354566,0.9192808639469898,0.080148103218329,0.00015604355026762107
1663,0.8413489093875361,2.831429519967964e-08,0.0010183330928328189,0.15763272920533583
1664,0.8381561176085989,0.0016268309308281241,0.04632177317528697,0.11389527828528594
1665,0.014338455542272654,0.641524747593788,0.34124907780378233,0.0028877190601570854
1666,0.9872650289238418,0.001002831558420082,0.011363712641153509,0.0003684268765847104
1667,0.03188190803082796,4.625516483206379e-06,0.08792935965285172,0.8801841067998372
1668,0.8200305427607267,0.0027488011548399975,0.1672815720494035,0.009939084035029574
1669,0.01517460356299617,0.7956779511640878,0.1881896307687983,0.000957814504117767
1670,0.02694961460855875,0.016229962780773582,0.9347692376564031,0.022051184954264547
1671,0.07041494966868483,1.6125545323859832e-06,0.1474173606817287,0.7821660770950541
1672,0.7428831112039321,0.0011457633185364582,0.19578268716267672,0.060188438314854695
1673,0.04703688248421891,3.425876323140115e-05,0.2951990828639326,0.657729775888617
1674,0.0005380480986991686,0.8907981057757024,0.10759434811328464,0.0010694980123137992
1675,0.007086285515812926,0.5473842495709641,0.4445115637132565,0.0010179011999663851
1676,0.010893110928956626,0.5402962775570425,0.4459515172184575,0.002859094295543352
1677,0.008238314497460236,0.015989518001318048,0.9277011234148724,0.04807104408634927
1678,0.04254051978744601,0.004310808504267889,0.8205637453027713,0.1325849264055148
1679,4.4151320624472885e-05,0.9937162905134215,0.006236534546159691,3.0236197942373875e-06
1680,0.3672361789783446,1.3113025097740796e-06,0.021476102810784818,0.6112864069083608
1681,0.04171711047556685,7.784863801569631e-05,0.30502249122160985,0.6531825496648077
1682,0.6937345512881918,0.16988510098936588,0.12552208651429395,0.01085826120814838
1683,0.00013998757974515095,0.9955466157440437,0.004301682040573158,1.171463563819615e-05
1684,0.24162993745968167,3.847249126017118e-05,0.11568012372852267,0.6426514663205355
1685,0.7882492078648631,2.774932399914084e-05,0.02115003499671592,0.19057300781442194
1686,0.273587017305378,3.512043274254121e-05,0.04719107031974928,0.6791867919421302
1687,0.18944680643630624,0.00026293134909393187,0.3412355640238738,0.4690546981907261
1688,0.00023131935827564967,0.9546935467228431,0.045013569120230246,6.156479865102689e-05
1689,0.0014264481525649972,0.8243541154603038,0.173913368594925,0.00030606779220626715
1690,0.9918535695576054,0.0008416891011484616,0.007145968059682605,0.0001587732815635745
1691,0.9498426632098989,0.0033149811647131123,0.026908224775456745,0.019934130849931255
1692,0.31458630741239435,8.537095752542601e-07,0.06634695380108299,0.6190658850769475
1693,0.14792543138562914,1.723939887854129e-06,0.0004264743726695192,0.8516463703018136
1694,0.005096229475866613,0.024117953677244633,0.9287287890217588,0.042057027825130024
1695,0.8327420135165288,0.15877155752378422,0.00847105538607074,1.5373573616405904e-05
1696,7.674034041600793e-06,0.993950256484037,0.006040733141358907,1.3363405625616745e-06
1697,0.0006144700900749726,0.8961624706782323,0.10291198025568883,0.00031107897600389023
1698,0.11327876443754116,0.0027359923166747164,0.04071647824566001,0.843268765000124
1699,0.9429619038357768,0.00031760442528729646,0.009822372787689519,0.04689811895124635
1700,0.21796529904670622,8.10216545704787e-08,2.2735082056672626e-05,0.7820118848495824
1701,0.9974650653175317,0.0006149600492231957,0.0002149205253300882,0.0017050541079150511
1702,0.06481379580086671,8.509951749246785e-07,0.03365424973945548,0.9015311034645029
1703,0.018247645554778074,3.178628380932288e-05,0.07235405111711077,0.9093665170443018
1704,0.0003725487822270982,0.9758576316729846,0.02374849226705232,2.132727773624587e-05
1705,0.44395429684080917,0.00011870557527706764,0.028981475069556912,0.5269455225143569
1706,0.8482607462552905,5.289241325242936e-08,0.0008365416890615628,0.15090265916323467
1707,0.9463173635044807,0.006787277651719544,0.04582455136280336,0.0010708074809962747
1708,0.0012615533273020686,0.947497191446754,0.051121546838063754,0.00011970838788006218
1709,0.015515466597410156,1.8279127686160516e-05,0.048498216728829646,0.9359680375460742
1710,0.8383349990924882,0.0028837465239751397,0.14111807199507506,0.017663182388461623
1711,0.9870641032655324,0.0024364336001652565,0.010331917468828016,0.00016754566547429485
1712,0.00014052343971096906,0.9958851091237719,0.003963483639658801,1.0883796858240313e-05
1713,0.6988074720241685,0.2925975422214675,0.008589657879648322,5.327874715629537e-06
1714,0.4184764197589065,3.0375123593938296e-09,5.441407169562527e-06,0.5815181357964115
1715,0.0003379884169099911,0.822924557987922,0.17612074890246607,0.000616704692702131
1716,0.000937676742084624,0.7298554876145739,0.26874894739308997,0.00045788825025153053
1717,0.16328896327755685,9.637847766723405e-06,0.10073022179703452,0.7359711770776419
1718,0.21993034545280857,8.545785805065803e-09,3.765818894000379e-07,0.7800692694195162
1719,0.030106886848431356,6.470505988150438e-05,0.4900086386232074,0.4798197694684797
1720,0.00039285824913187344,0.9520183700627532,0.04745429982628493,0.00013447186182999292
1721,0.00010452223930374647,0.97238337094048,0.027448434444590976,6.367237562531567e-05
1722,0.01366460300996668,0.10606820171075133,0.8636127560646436,0.016654439214638328
1723,0.00025413211689115253,0.9082169352169546,0.09118690679810611,0.00034202586804821597
1724,0.8765143872679311,2.9942844124135614e-06,0.003210539372020996,0.12027207907563561
1725,0.012307272290966226,0.08238531193332484,0.8951088960638172,0.010198519711891627
1726,0.7873931830993407,1.2368568537539286e-07,0.0002612169989774144,0.21234547621599653
1727,0.9948075228526007,0.00017168197081480512,0.004256620053722613,0.0007641751228619036
1728,0.0002866148156348584,0.9251326931134897,0.07435473404100802,0.000225958029867721
1729,0.012591357657840231,5.710061265006233e-10,0.0004929342007061491,0.9869157075704476
1730,6.001539856949751e-07,0.9995691716979208,0.0004302004139718784,2.7734121563159775e-08
1731,0.2958515586698526,3.3054355792355796e-08,0.0008399951186291315,0.7033084131571625
1732,0.7816726743232967,7.902226981689776e-09,6.876204584972873e-05,0.21825855572862657
1733,0.00013414451558814468,0.9225142721871596,0.07718210413563455,0.00016947916161774113
1734,0.6947059643279826,7.282025071749247e-05,0.10115082213867652,0.20407039328262339
1735,0.001158893291922857,0.8902009647604701,0.10848795881760227,0.00015218313000485355
1736,0.2489958428758761,1.3831396076185295e-07,1.0871199364243756e-06,0.7510029316902267
1737,0.0003640526937545212,2.4285575155660893e-05,0.05284625760968465,0.9467654041214051
1738,2.0390749640298878e-05,0.9826084945115627,0.01735535111748496,1.5763621312258537e-05
1739,0.00017881384242421103,0.9669123663883938,0.032587208172784196,0.0003216115963975737
1740,0.04021195516011473,0.123000673272508,0.826301054601648,0.010486316965729197
1741,0.965344095227867,0.00027751892814576693,0.008104614770724971,0.026273771073262175
1742,0.022622514032838544,5.593552187600688e-05,0.028582930473005374,0.9487386199722802
1743,0.045823187973334845,6.64588385910904e-06,0.1390340327146548,0.8151361334281512
1744,0.7511394406579928,5.912440365471976e-06,0.003801419976628321,0.24505322692501344
1745,0.02319979178511625,2.671061226388753e-07,0.06608053991127999,0.9107194011974812
1746,0.029567650939691728,3.4132806457228884e-08,1.187782080167107e-06,0.9704311271454217
1747,0.7088113105588781,2.360017583995233e-06,0.007444843174994165,0.2837414862485439
1748,0.018437138540899657,6.940789240557789e-06,7.333587736471411e-06,0.9815485870821233
1749,0.0001866720667871234,0.9646793337344421,0.03490708410774483,0.00022691009102584296
1750,0.04358867758920684,7.655383207869709e-07,1.810048360474425e-05,0.9563924563888675
1751,0.36756946140279373,0.0023105276155891467,0.5857333231109054,0.04438668787071175
1752,0.0762290030058495,6.423124315544017e-06,0.09063638318093668,0.8331281906888982
1753,0.011720272168211088,0.1841569663801397,0.7956147834743998,0.008507977977249436
1754,0.9520557480804168,3.596671138695769e-05,0.02648157030092802,0.021426714907268163
1755,0.07235170275660248,0.0017425139653597333,0.7543296665175865,0.1715761167604512
1756,0.053446164685930865,1.682877606170959e-05,0.1164593742437321,0.8300776322942753
1757,0.93740274998708,8.414278414878483e-05,0.015115418617557339,0.047397688611213955
1758,0.1895955665179354,4.400804727596368e-06,0.003701397575542579,0.8066986351017944
1759,0.0005187473312131201,0.9376192459924977,0.06170069659179574,0.00016131008449348793
1760,0.0024220268675033186,0.036689232658512226,0.9413382621195551,0.019550478354429475
1761,0.8671829135920844,0.004647813900141976,0.12100738207909621,0.007161890428677294
1762,0.011972351973400493,0.06955733169423961,0.8710358403983446,0.047434475934015397
1763,0.0007959980467138601,0.9683981130201056,0.030444279659288084,0.00036160927389245135
1764,0.9576771103682977,0.0005051367882821985,0.033036541426622615,0.008781211416797642
1765,0.9005240991755054,2.8139293036333557e-06,0.024168484929962385,0.07530460196522872
1766,0.003915819037081847,0.9411944723747867,0.05457090106534098,0.0003188075227903161
1767,0.0008233525935289043,0.6861075193404006,0.3120610616375159,0.0010080664285544584
1768,0.014269015511597427,3.8155322716822035e-07,0.010693598468975562,0.9750370044661999
1769,0.03521112482559201,0.010886886149453785,0.9248019042505184,0.029100084774435604
1770,0.026413870047904655,0.7476081362819008,0.22565352896751115,0.00032446470268345873
1771,0.002404335088630689,0.27066617757707917,0.7228309539803031,0.004098533353987124
1772,0.9585274106722984,0.002517474934439337,0.036929170143376586,0.0020259442498857536
1773,0.041345000739332435,0.006432498624956882,0.9053958237378593,0.04682667689785145
1774,0.4901642195554791,2.9719305054379036e-05,0.10010360339086252,0.40970245774860387
1775,0.9809103514347156,0.0005365587507713736,0.01782288709301285,0.0007302027215003155
1776,0.022839450308853,0.8963642721902552,0.07989053778513677,0.0009057397157551227
1777,0.000777668907483315,0.9625297663760678,0.03623667384204594,0.0004558908744028612
1778,1.6588819405486234e-05,0.9834647018285325,0.016511274607194943,7.434744867156266e-06
1779,0.03546371037244442,0.005481189946670114,0.925417139106933,0.03363796057395245
1780,0.00073538915867537,0.9493934990224557,0.04970045146670971,0.00017066035215919568
1781,0.012452457183404392,0.010472119999744766,0.9073831684911057,0.06969225432574508
1782,2.566646094082786e-05,0.9957493563309338,0.004220805783905321,4.171424219962915e-06
1783,0.9441888058023311,2.3804789234343584e-05,0.0018098042794354242,0.05397758512899912
1784,0.00018319024356962355,0.9116977429683488,0.08783389983397802,0.0002851669541035607
1785,0.15127468091977653,0.003931631272700228,0.3261588596533618,0.5186348281541614
1786,0.0852387477435961,1.6514600984318713e-06,0.006063632411458294,0.9086959683848472
1787,0.10848690126798431,4.794303176480579e-06,0.13912198799048967,0.7523863164383495
1788,0.0624510875385265,0.021251040299161108,0.8832478305952667,0.033050041567045586
1789,0.03082010118650819,0.21378039854661776,0.7488280901009976,0.006571410165876394
1790,0.00035561468576994325,0.9051727043251806,0.0942455233268579,0.00022615766219147396
1791,0.0162574465920693,0.2964375148535582,0.6722866110590456,0.015018427495326883
1792,0.001042121651117427,0.5829581068045854,0.4141003041363365,0.0018994674079606869
1793,0.8544151913985719,2.484071632478426e-07,0.0004035153961364654,0.1451810447981285
1794,0.847122624124336,0.12455959793260117,0.026972473182453726,0.0013453047606090526
1795,0.056316627144048205,4.3054092742132283e-08,0.023588242365270816,0.9200950874365882
1796,0.00592424253740297,0.023231664859667375,0.9182664794539427,0.05257761314898705
1797,0.005052059916457916,0.4900857085213969,0.5039226610555955,0.0009395705065498391
1798,0.08915311445383098,2.457013211696219e-08,6.19835233189234e-06,0.910840662623705
1799,0.04425016687549226,5.590234983265185e-06,0.07785053411999174,0.8778937087695328
1800,0.4942723056342197,0.0007144592134587515,0.4338466519179949,0.07116658323432674
1801,0.8743245758861867,0.0002124673169692378,0.08862737919525748,0.03683557760158657
1802,0.8428910057546487,0.0035098051280393577,0.15007640165803757,0.003522787459274409
1803,0.08845211478712182,4.07001833475057e-05,0.022013305558908115,0.8894938794706226
1804,0.9632631575812058,0.02283896093075891,0.013795426655570115,0.00010245483246534193
1805,0.8955664417254747,0.0002747740884554604,0.04437159531561056,0.05978718887045932
1806,0.2801070124618851,3.9075913923370204e-07,2.0434710575131763e-05,0.7198721620684004
1807,0.0002806925569709988,0.9198076290000813,0.07920835794224504,0.0007033205007026283
1808,0.00036661759999495776,0.911618882595482,0.08786869646325539,0.00014580334126763057
1809,0.0026178368351621687,0.9804889465826625,0.01678379205698605,0.0001094245251892106
1810,7.0642577755780145e-06,0.9961280815066059,0.0038637411675025582,1.1130681161499534e-06
1811,0.0005853707297246262,0.9256817888378343,0.07323514266481576,0.0004976977676252302
1812,0.9496290001065554,4.440240803329516e-05,0.0008314178561845591,0.04949517962922678
1813,0.023544224403847784,2.5854204422485016e-08,1.9481488024159955e-07,0.9764555549270676
1814,0.07655252430798155,0.00041012915932265833,0.6977270932828696,0.2253102532498261
1815,0.023215334298327683,0.00032012330315511967,0.14814787516916683,0.8283166672293504
1816,0.04532634285278664,8.328828241116721e-06,0.031311054633045045,0.9233542736859273
1817,0.00141804329120845,0.7783360603064517,0.21933071918740646,0.0009151772149332553
1818,0.0012535839488479988,0.9424898115533216,0.05608957416032072,0.00016703033750979993
1819,0.3503469256854353,0.018290811823742526,0.6190869999589854,0.012275262531836846
1820,0.8890919336791344,0.018085344916115065,0.09029800683948294,0.002524714565267536
1821,0.17322021329070175,1.6024320596372886e-05,0.2392135676074934,0.5875501947812085
1822,0.004694485363277866,0.3208088144525769,0.6712259772900911,0.0032707228940541152
1823,0.005799697570115463,0.8510023192602241,0.14273831168020717,0.00045967148945328946
1824,0.06079836746998395,0.004461792451012421,0.902033978671276,0.03270586140772759
1825,0.0011618702586398274,0.8879151181276324,0.1102926492570211,0.0006303623567067352
1826,0.006158373652391812,0.8737055287993215,0.11923070711952634,0.0009053904287604234
1827,0.06219356921892469,1.1191735087490191e-05,0.11178793329597479,0.826007305750013
1828,0.11296524010251983,3.360051456719425e-05,0.37961255471138033,0.5073886046715327
1829,7.377232478448475e-06,0.991385414493489,0.008589715092614525,1.749318141803287e-05
1830,0.9535798436434044,3.957103978963304e-05,0.025622975497909133,0.02075760981889684
1831,0.12850291034298686,0.0006063437282752001,0.303695606821989,0.5671951391067489
1832,0.00036406573337504283,0.9392022867468707,0.060339535147305674,9.411237244860872e-05
1833,0.00018065168414758224,0.976484747610968,0.023298025502381737,3.6575202502659255e-05
1834,0.9079921613950619,1.1187014717545303e-05,0.027080495621338282,0.06491615596888232
1835,9.668192474809141e-05,0.9081538983796886,0.0916352586894192,0.00011416100614416976
1836,0.007878157747584564,1.002004005482247e-08,0.004295014513155144,0.9878268177192202
1837,4.0374712260686605e-05,0.9891828973603184,0.01077084381269638,5.884114724603606e-06
1838,0.0006980025842257114,0.9011834121457927,0.09768480688260302,0.00043377838737848823
1839,0.9634822462373102,0.00038493550032815324,0.029913115271532474,0.006219702990829189
1840,0.8738803629111515,0.12251120989905505,0.0036040463639845604,4.380825809057903e-06
1841,0.062332500307304126,0.004331533888719266,0.847014961680635,0.08632100412334183
1842,0.006422533099717677,0.8829050842341853,0.11018379566872656,0.0004885869973704557
1843,0.00023130330138030047,0.9653015104388561,0.034405836364698586,6.134989506514892e-05
1844,0.059843161999708155,8.21178216962725e-05,0.4435544897825069,0.49652023039608867
1845,0.00010433884685047056,0.9570298381280455,0.04271947550415248,0.00014634752095137987
1846,3.4915550758067584e-05,0.9818829504865405,0.0180641680496219,1.7965913079412502e-05
1847,0.004515914117594726,4.407338914139684e-09,6.730116536971484e-06,0.9954773513585293
1848,1.999257073408548e-05,0.9799919049944151,0.019970418576993658,1.768385785721881e-05
1849,1.571010333265618e-05,0.9972728847103041,0.00270997056757146,1.434618791936875e-06
1850,0.991375433008705,0.0018024827986813565,0.006701696925945804,0.00012038726666770185
1851,0.9584430920851146,0.0012563050319951792,0.03437841079688198,0.00592219208600831
1852,0.0007213918124989208,0.9485109077472276,0.05055615663192814,0.0002115438083452479
1853,0.04982863255936404,9.1009905532923e-06,8.193528219881131e-05,0.9500803311678837
1854,0.00029201921148250417,0.9728870858588782,0.026738976196162258,8.191873347688873e-05
1855,0.019586014752264572,7.367224893416721e-08,2.468939112975836e-06,0.9804114426363735
1856,0.018444838520604977,0.41377713914091785,0.5606041699124198,0.007173852426057366
1857,0.011098233275249874,9.478429029371115e-05,0.3036887347459636,0.6851182476884928
1858,0.08292980017488281,0.0006335705694787114,0.7163697546714362,0.20006687458420233
1859,0.028041782038944616,0.02405763079778074,0.9356954935744506,0.012205093588824236
1860,1.761277599098458e-05,0.9851209374061558,0.014853491560728014,7.958257125311271e-06
1861,0.8445149788674251,3.869681133782089e-06,0.011594918459645965,0.14388623299179512
1862,0.7424480225330188,0.0044884884639125305,0.040445374019261134,0.21261811498380775
1863,0.0005054435727130355,0.8916731831654198,0.10736433908228031,0.0004570341795868916
1864,0.34284074235069373,1.2384947016165183e-09,5.101000115281066e-05,0.6571082464096588
1865,0.011300412572368197,6.258337228531806e-09,0.0009695027542716548,0.9877300784150229
1866,0.010977022739084227,0.27602035256870694,0.7103378767520555,0.002664747940153495
1867,0.19342903544936435,0.19087360034949513,0.5012116777935387,0.11448568640760175
1868,0.12056957750491558,4.0271220702770126e-06,0.010402439979505716,0.8690239553935085
1869,0.6731134948413062,4.939136581804004e-08,2.0469715335611606e-06,0.3268844087957945
1870,2.4956512391294914e-05,0.9903709555916504,0.0095945817028333,9.506193124893371e-06
1871,0.3620364216648145,2.8628263955954166e-08,0.003973967449157594,0.6339895822577639
1872,0.9195321065665429,0.004312216385555455,0.07269618220179397,0.0034594948461077134
1873,0.0007433804604032844,0.8177152554696702,0.18020233470678218,0.0013390293631444436
1874,0.0017065870153297065,0.9546149965079417,0.04355609247836615,0.00012232399836249055
1875,0.0001339311101923176,0.8776651455950325,0.1217967407382024,0.00040418255657278753
1876,0.014875233451970166,0.20729813300561528,0.7644322421134833,0.013394391428931375
1877,0.011492253336239875,0.005670656671169565,0.8973486764385062,0.08548841355408442
1878,0.00015690863047310413,0.9353687427582662,0.06437903832628798,9.531028497287034e-05
1879,2.6732972479255507e-05,0.9552952567279491,0.04464155283104021,3.645746853149653e-05
1880,0.2291649707390922,4.527236939571343e-06,0.1739387999557344,0.5968917020682337
1881,0.001453465098647449,0.9477958642266214,0.04989519563583474,0.0008554750388963569
1882,0.001052484015712215,0.7981429050499395,0.2001870008942643,0.0006176100400839947
1883,0.27731300084246163,0.004156892474080979,0.5147341473540782,0.20379595932937924
1884,0.0033175092791779535,0.9438820338111218,0.05265588115413943,0.00014457575556070878
1885,0.951933547961586,0.0015975972880944973,0.039779387970182954,0.006689466780136695
1886,5.255054277109121e-05,0.9914682731591062,0.00847141192630957,7.764371813170158e-06
1887,0.001647766366109368,0.9256699202701454,0.07247799754273909,0.0002043158210061022
1888,0.00022291750101005305,0.9588146551281631,0.040740220911989984,0.00022220645883688956
1889,9.942936168161264e-05,0.9600588544587001,0.03979738921304228,4.432696657599407e-05
1890,0.022175988858440993,0.02227046112101427,0.9185649975152413,0.03698855250530318
1891,0.01122665956661439,0.04165993442014041,0.9330674683708835,0.014045937642361598
1892,0.06735838169687539,1.6463835736694636e-05,0.21752894733947087,0.715096207127917
1893,0.0001442802773366906,0.9612577259656361,0.038513165022687264,8.482873434000938e-05
1894,0.4448742748527388,1.186107783167563e-06,0.00010069681272953646,0.5550238422267486
1895,4.83835997592427e-05,0.9861714637364795,0.01376481451806226,1.533814569896111e-05
1896,0.0015979445651691498,0.9686728892849339,0.029588117063175757,0.00014104908672115635
1897,0.00636025283864925,0.8499446174523247,0.1429936969422711,0.0007014327667550025
1898,0.003358938865095115,0.09688232055937959,0.8813652542939714,0.018393486281553902
1899,0.0040060616306819355,0.9604446818457595,0.035407074799530834,0.0001421817240276575
1900,9.26531129129322e-05,0.9813656710043874,0.0182778379386293,0.0002638379440702768
1901,0.4401308261498515,0.09696261394520757,0.45091778460008436,0.011988775304856616
1902,0.972117534468813,6.056603875385381e-06,0.0033855276420063115,0.024490881285305084
1903,1.8987356628956177e-05,0.9759889958495089,0.02398091892910462,1.1097864757311137e-05
1904,0.01940872416433896,8.565201924817145e-06,0.09949597034872827,0.881086740285008
1905,0.00017856506519369926,0.943962828039956,0.055727717112954066,0.00013088978189626757
1906,0.049878000806545024,0.0008728313829366237,0.744042799109025,0.20520636870149347
1907,0.0011106173339807714,0.10810686260706281,0.8750693776892748,0.015713142369681514
1908,0.00022602840614111927,0.9826127460185147,0.017064886659714434,9.633891562972449e-05
1909,0.001645959433712662,0.9765439129463193,0.021777568607930335,3.2559012037762014e-05
1910,0.000999080374039634,0.9569433019643722,0.04194038758332339,0.00011723007826477152
1911,0.06189062311121727,0.0012366876702059706,0.7936967929090308,0.14317589630954608
1912,0.00799021049806899,1.5230211138160817e-05,0.22184320523899517,0.7701513540517977
1913,0.0004906554062223819,0.9990548957819991,0.0004543986814892753,5.0130289295049815e-08
1914,0.001757986880366527,0.9972902412239601,0.0009503919603687477,1.3799353046066474e-06
1915,0.38050651047928585,0.03121920287991793,0.5578592666047799,0.030415020036016274
1916,1.4215430070225851e-05,0.9873240939971033,0.012654234767111356,7.455805715155818e-06
1917,0.001270086408679222,0.8697017234661852,0.12888172120294944,0.0001464689221861302
1918,0.005547534863018276,0.9688469449496375,0.02552085343800577,8.466674933821777e-05
1919,0.0017261951569536881,0.9702064337425333,0.02804824135170813,1.91297488048386e-05
1920,0.06178714312053888,4.333924754225291e-08,0.00047831332323018845,0.9377345002169835
1921,0.9316945431977803,0.001120877028181667,0.06384407907509262,0.0033405006989455544
1922,0.19641893570340785,0.000333711198595216,0.23858550610074306,0.564661846997254
1923,0.0002655914876379506,0.9157670489662687,0.08383104170723367,0.0001363178388597874
1924,4.5467034760511435e-05,0.8830615966701629,0.11669193680666848,0.000200999488408184
1925,0.8084288280511138,0.1879817597741195,0.003583865865038192,5.54630972825542e-06
1926,0.07373485705815805,1.9580299390324654e-05,0.18587522894580538,0.7403703336966463
1927,0.033995703036342424,0.0007762619571842452,0.7478359363757393,0.21739209863073386
1928,1.479028009496439e-06,0.9993874810898074,0.0006106884393883969,3.514427947898689e-07
1929,0.7404240420633778,0.009561582203627097,0.23680595066827936,0.01320842506471579
1930,0.2941458448626798,0.001061606449618431,0.5293823071167645,0.17541024157093735
1931,0.03284689663665223,0.3708975871750458,0.5917178891875082,0.004537627000793668
1932,0.0532219204564893,0.9440785720087607,0.002695747428612883,3.760106137284717e-06
1933,7.4497862993240974e-06,0.9976215673034434,0.0023703771152078106,6.057950495282095e-07
1934,9.931367311388499e-05,0.9713659437500177,0.028496757933561243,3.798464330708004e-05
1935,0.021168557312944584,0.780350420328083,0.19742775703093488,0.0010532653280374423
1936,0.00043606102382643633,0.8887724541098221,0.11060364779755345,0.00018783706879790674
1937,0.9624840855419627,1.3555447363848285e-06,0.011417887065925801,0.02609667184737517
1938,0.007471547473272087,0.44086960559676674,0.5487460166846895,0.0029128302452717685
1939,0.9205533873789471,0.00895397894143671,0.0692148992740678,0.001277734405548479
1940,0.0016474832413166701,0.9644722485506843,0.03352962447961517,0.0003506437283838023
1941,0.20010674512850532,0.0024280278086501418,0.7486937896508589,0.04877143741198582
1942,0.058096589399486476,0.011255523631086901,0.8620277609829812,0.06862012598644539
1943,0.0021124370999688726,0.9347024573718815,0.06305069601408325,0.00013440951406638
1944,0.8093075934479462,0.0012743522476811287,0.1290356694891528,0.0603823848152199
1945,0.037305950372028655,0.003442741598213588,0.8984541905166026,0.06079711751315507
1946,0.010047056683679051,0.861591978494613,0.12757179470907512,0.0007891701126328212
1947,0.10072535554297007,3.33575097215536e-05,0.1761827029890642,0.7230585839582442
1948,0.0005477388841471368,0.9963233425573831,0.0031228389651321697,6.079593337785595e-06
1949,0.16587148720105147,2.004370723135613e-08,1.8511510724435223e-05,0.8341099812445169
1950,0.007843379620227346,0.926506557351739,0.0655085952154118,0.00014146781262165242
1951,0.001175501719120064,0.87593514772659,0.12220780211971195,0.0006815484345780097
1952,1.44308867369673e-05,0.9991396455551321,0.0008452731258865299,6.504322443564802e-07
1953,0.7769209089850752,0.008620433692235594,0.13512783548529742,0.0793308218373919
1954,0.015246082394900896,1.610159424358029e-07,0.015398798782478603,0.9693549578066781
1955,9.568136779218262e-06,0.9988011271555762,0.0011880986803834972,1.206027260948387e-06
1956,0.038624248528921656,0.0014663941147820161,0.8130933603491282,0.14681599700716827
1957,0.0940683405394724,6.167767240205711e-05,0.34529066066191694,0.5605793211262086
1958,0.037321136527999184,2.9074241868035405e-10,5.0381603564349416e-08,0.9626788127996548
1959,0.10536582841917856,0.0002267484670891933,0.3844130919421001,0.5099943311716322
1960,1.592795083536291e-05,0.9913803589113678,0.008590018425503824,1.3694712292854337e-05
1961,0.025109974013185113,0.00360209349522997,0.7604822475229881,0.21080568496859683
1962,0.002622467242505958,0.7981092642291708,0.19776716392998844,0.0015011045983347917
1963,0.043577340472545946,0.000357558437976844,0.6097196243068178,0.34634547678265937
1964,0.9283369558590825,3.0434631813382365e-08,0.0002432653463658068,0.07141974835991981
1965,0.000656976211424649,0.8992053903440727,0.0999638862745577,0.0001737471699448201
1966,0.102540256847197,1.635142140303513e-08,2.688208750556646e-07,0.8974594579805066
1967,0.00012359887666133653,0.9950493552449272,0.004822777088769532,4.268789641792723e-06
1968,0.06658966058441579,5.464273108171054e-05,0.20494331364172527,0.7284123830427773
1969,0.20365465527819776,1.0627463908525806e-09,1.0404427419044298e-06,0.7963443032163139
1970,0.00013667546396404893,0.9663957046944587,0.03340199638328588,6.562345829137907e-05
1971,9.927610595405837e-05,0.909570523932932,0.09007814045878129,0.0002520595023327729
1972,0.00028256242685715,0.9687861034883745,0.030919258182289928,1.2075902478426023e-05
1973,0.8403792907214173,0.034374777152041146,0.12331637618443049,0.00192955594211105
1974,0.8878448647306324,0.001010983926782542,0.08947556060386525,0.021668590738719705
1975,0.8513142494063227,2.0432493108282679e-07,0.0011401566047495476,0.14754538966399652
1976,0.8285527097575432,7.2451208142766e-05,0.09821806633189697,0.07315677270241706
1977,1.3626284366160562e-05,0.987042192589087,0.01293344906198098,1.0732064565926912e-05
1978,0.011710474087264888,0.6465150346594801,0.3410421819721202,0.0007323092811348009
1979,0.3788139651361705,0.4136501270128254,0.20569294643008393,0.0018429614209202097
1980,0.05927784116822672,1.6428640012151187e-07,0.01685500007762468,0.9238669944677486
1981,0.08195578244582137,9.113662259164712e-09,2.7757697034608296e-06,0.9180414326708128
1982,0.04363026728668345,0.010644922029051157,0.8795193004477413,0.0662055102365241
1983,0.006564004012785078,0.17445209351841526,0.812524961349611,0.006458941119188605
1984,0.03734939270084664,0.006753224382338138,0.9091216558307026,0.046775727086112495
1985,0.06331488978205764,2.8228692140731027e-07,1.5706163187740663e-06,0.9366832573147023
1986,0.0002142793122593086,0.9060396712922529,0.09350044418131312,0.00024560521417478005
1987,0.0009577764032402417,0.8116326039186619,0.18700306250811952,0.0004065571699783343
1988,0.07294685468777244,1.2608922789431138e-05,0.20142284058072563,0.7256176958087125
1989,0.8960202413551623,0.0014784558859853969,0.0976775740640336,0.004823728694818798
1990,0.004010506334488674,0.8593765740189184,0.13642003248053702,0.00019288716605606136
1991,0.0004943455958815106,0.934570701957657,0.0647913380955861,0.00014361435087539322
1992,0.00016176486124601657,0.9831314679072155,0.016684871179812072,2.1896051726111884e-05
1993,0.0017431257430189592,0.2376176417569914,0.7572057696752367,0.0034334628247529985
1994,0.00020025440490435275,0.9710088661181869,0.02876348631345482,2.7393163453862492e-05
1995,0.006555247755396177,0.1440606099402325,0.8335656612434973,0.015818481060874096
1996,0.00044686591579115397,0.8249256561324282,0.17420458175294173,0.0004228961988388421
1997,0.043447211037603836,1.0265164260292153e-09,1.9742725354494836e-07,0.9565525905086261
1998,0.8024894867277781,0.05334360001937526,0.014914329233640373,0.12925258401920647
1999,0.00039620393978705387,0.9414677193093351,0.057962649170064814,0.00017342758081286246
2000,0.018743133737869403,0.09393527332210765,0.8708044587268094,0.016517134213213457
2001,0.0006912562280310585,0.9661078826938849,0.03306663186823526,0.00013422920984890996
2002,0.11072267485243172,3.4578789960647915e-08,1.532991954806321e-05,0.8892619606492302
2003,0.0009698903864782158,0.9530447659226731,0.04569247263001484,0.0002928710608338623
2004,0.22286539000775646,0.0004186863815210301,0.31967625994126586,0.45703966366945664
2005,2.5839404187298886e-05,0.9934930803752358,0.006478145182881691,2.9350376953532935e-06
2006,0.00024747089101391387,0.8955366312004328,0.10404303318189048,0.00017286472666295922
2007,0.006497390929972554,0.885918425345228,0.10674612843891582,0.0008380552858835186
2008,0.32234950274206564,1.231115591518159e-09,0.00010551721912580626,0.6775449788076929
2009,0.8489387680600267,0.009607620293181135,0.11376035904304362,0.02769325260374881
2010,0.7630068375607523,0.00013438084365081628,0.020241158696087693,0.21661762289950917
2011,0.05100695374138478,8.656897294565203e-09,0.004956597496946746,0.9440364401047711
2012,0.04230970495176254,0.1538827130114343,0.7591638215961091,0.04464376044069417
2013,5.9037283212841644e-05,0.945054453982549,0.0547946095049008,9.18992293374098e-05
2014,2.9433783515145827e-05,0.9929189194152634,0.0070481164185341475,3.530382687226895e-06
2015,0.26764679918475864,0.7308625825255347,0.0014882087583134506,2.409531393322171e-06
2016,0.9590454936246169,0.0018827257235010668,0.03825686442506904,0.0008149162268130967
2017,0.0024907474112711766,0.7498075689663728,0.24694236496768535,0.0007593186546707506
2018,0.06719168234421753,0.006589042343439297,0.8613925777972647,0.06482669751507834
2019,0.00776357106235994,0.001490073269345495,0.0009456920355222315,0.9898006636327724
2020,0.3695237171179092,1.0961420258463902e-07,1.935262975201814e-06,0.630474238004913
2021,0.7213813813325722,2.2497298398715953e-08,8.830741675846714e-05,0.278530288753371
2022,0.011317099783070703,2.156629881066505e-07,2.0063231274441192e-05,0.9886626213226667
2023,0.5818493272838031,0.0006559474974220056,0.02649188729965376,0.3910028379191211
2024,0.05468086026942002,4.084369837502623e-06,0.17179331672163536,0.7735217386391071
2025,0.001199510406823245,0.8958689414544412,0.10259030701591124,0.00034124112282422745
2026,0.00024070160635796084,0.9973561746072008,0.0023828907503048117,2.0233036136541592e-05
2027,0.004632961258389563,0.12078142307346303,0.8620946422715414,0.012490973396606032
2028,0.0004586791342939479,0.8313609307672064,0.1678425481495525,0.00033784194894700086
2029,5.105911231982781e-06,0.9956769398579395,0.004316841163417703,1.113067410776882e-06
2030,0.01909802155047587,0.8194755300465513,0.16118963484542354,0.00023681355754944847
2031,0.001037749882564893,0.9395926348541744,0.059245498114640485,0.00012411714862012476
2032,0.04999807455881223,0.00034119212573922587,0.47967237474557556,0.4699883585698728
2033,0.7572023151007778,0.045379049823910396,0.19664673568276156,0.000771899392550154
2034,0.024657662123860426,0.029481546706394586,0.9334555190831928,0.012405272086552267
2035,0.8675372788455549,0.00013399968037781752,0.10371861342653542,0.028610108047531797
2036,0.125576391093119,1.6167711258353053e-07,1.550869752763347e-05,0.8744079385322409
2037,0.00018157694227699287,0.9934247831227502,0.006388175286339917,5.46464863316074e-06
2038,0.030069248902650746,0.0003899084791653798,0.8266306974336904,0.14291014518449338
2039,0.003520350897638819,3.432761960782121e-09,0.0008677718104127539,0.9956118738591865
2040,0.0027905505014501034,0.8650588193899738,0.1317697820198344,0.0003808480887419696
2041,8.818125457193806e-05,0.9780765040722212,0.02182351833950746,1.1796333699486575e-05
2042,0.0585387638821666,0.007732643334154168,0.8884077720456292,0.0453208207380501
2043,0.8177788074046946,3.066666092314263e-08,4.487169897173514e-05,0.1821762902296728
2044,1.922764251017318e-05,0.9807644801618605,0.019195404985434466,2.0887210194778695e-05
2045,0.05501958517159745,0.007905781972218764,0.871044738205512,0.06602989465067177
2046,0.000787169940613967,0.9829003886489349,0.01627895737568788,3.348403476319266e-05
2047,0.022199600648274972,0.8075117006671069,0.16867476581233953,0.0016139328722787948
2048,0.0010824488212328829,0.8128503353010025,0.18573441477461125,0.00033280110315348486
2049,0.025323702211774397,8.408547756068223e-06,0.04809699582478228,0.9265708934156872
2050,0.0027874139311771804,0.7987596472135742,0.19770768911436035,0.0007452497408883733
2051,0.003722124428459893,0.506715354890201,0.48713705913474853,0.002425461546590608
2052,0.9350446014852799,0.001277168211670173,0.05205313690094439,0.011625093402105572
2053,0.017003711631174825,0.8673025588214738,0.11528920206805508,0.00040452747929617074
2054,0.28206944641904425,7.293398344029344e-07,0.0025925541746272544,0.7153372700664941
2055,0.9484571416911999,1.715994157475282e-05,0.00033507879976711223,0.051190619567458344
2056,0.5688424446658555,3.393667364069162e-05,0.00857469028172777,0.422548928378776
2057,0.0017714686667480231,0.7203564533172707,0.2766182034816625,0.0012538745343187222
2058,0.00035491954906099056,0.9921610485343092,0.0074209644398133545,6.306747681627845e-05
2059,0.132362164524573,0.0025732287488725715,0.7997182913885017,0.06534631533805288
2060,0.0008056480180226884,0.9513792413948056,0.04745546787668261,0.0003596427104891046
2061,0.06131970695774424,1.534165913175799e-05,0.09693260235622767,0.8417323490268964
2062,0.058983123005691224,4.063173304495633e-05,0.22547060301128702,0.7155056422499769
2063,0.041143023746245164,0.00987553299328209,0.8780803927815393,0.07090105047893351
2064,0.00012086344363915448,0.885321469705145,0.11441111710909842,0.00014654974211752446
2065,0.005754859790446726,0.05193387943192014,0.9203972210609493,0.02191403971668355
2066,0.7676752992131125,8.798259515037549e-05,0.06839449226066821,0.16384222593106904
2067,0.00023418260441677977,0.9017355087332662,0.09776850992263122,0.0002617987396859351
2068,0.22232834805271603,2.3891051698068493e-07,0.012186212130144784,0.7654852009066221
2069,0.7643390933887221,0.0006259517342820704,0.05787324784450501,0.1771617070324908
2070,0.008071224195281954,0.9504645916021932,0.041416755168743026,4.74290337817849e-05
2071,0.9541218353349428,0.028122830854248444,0.01745367467940461,0.00030165913140412214
2072,0.0241685233038808,1.5357699304958435e-05,0.05712366251661263,0.9186924564802016
2073,0.8705449580977705,1.3161116254692665e-06,0.002699654475113614,0.12675407131549016
2074,0.10047648388371422,0.0034826157154861045,0.7444610529980861,0.15157984740271363
2075,0.007635401520915113,0.1935753445141376,0.79478416208014,0.004005091884807272
2076,0.0019651594359999997,0.9001719189914152,0.09735102849786004,0.000511893074724756
2077,0.041999179434565576,3.919264045529209e-05,0.36759003774932497,0.5903715901756541
2078,0.00011020221684543657,0.880178319839737,0.11930696617671682,0.0004045117667006082
2079,0.0017118878469556493,0.9939453758046926,0.004341693413285554,1.0429350664208934e-06
2080,0.00012488560328039128,0.9819074845640359,0.017927278349659716,4.0351483024091204e-05
2081,7.190712401022073e-05,0.9813374678797393,0.018582111994149057,8.513002101293035e-06
2082,0.04169767433390033,9.524821746684532e-07,0.006337525182979641,0.9519638480009455
2083,0.5509731552711524,0.00023587351069363327,0.0020998551786399412,0.446691116039514
2084,0.03322102547356518,3.271738769960308e-08,5.203552996225908e-07,0.9667784214537476
2085,0.35210371213299063,2.0557093033335497e-07,0.00036301839604969646,0.6475330639000293
2086,0.0066589677450029135,0.1971373193846623,0.7891792476105157,0.0070244652598189265
2087,0.07326503996274261,0.010988617696092192,0.8518528419289584,0.06389350041220679
2088,0.021915168866014183,0.2862513312377471,0.680541782420368,0.011291717475870726
2089,0.26538099130170006,5.513256366539382e-06,0.0002965941614593438,0.7343169012804741
2090,0.007242664134614628,0.012303970917629662,0.9407543481603065,0.0396990167874493
2091,0.24822703586248532,1.3479253274562553e-07,0.0043975075747783015,0.7473753217702036
2092,0.0009319007655404466,0.9645423055448387,0.03447828776966487,4.750591995627796e-05
2093,0.06620372000732186,8.53349343677511e-05,0.20020673741094624,0.7335042076473641
2094,0.9492595551061704,0.0015313763489118312,0.03593238227931528,0.013276686265602425
2095,0.034760477402110024,0.0007984175362799045,0.7224078273493614,0.24203327771224872
2096,0.0002504755037341628,0.9525422225427923,0.047033131269086835,0.00017417068438658508
2097,3.9007061007027143e-07,0.9999446825786856,5.4920615373181654e-05,6.73533124272478e-09
2098,0.0020588651513115098,0.9848280021559833,0.01307598446208609,3.714823061897902e-05
2099,0.9813804854429619,1.509923930437856e-05,0.0037341299248059147,0.014870285392927956
2100,0.05484643530587543,6.17372742227995e-06,0.055391538843434104,0.8897558521232682
2101,0.06425476431835511,0.059603589505822556,0.8496683805861612,0.026473265589661253
2102,0.18887288634285399,0.14792742841484904,0.6304573710319941,0.032742314210302895
2103,0.020630220636168387,1.4174492614441267e-05,0.03801441318351693,0.9413411916877001
2104,0.10662670859440765,0.025830687369649385,0.8437283049213475,0.02381429911459548
2105,0.9018215633126347,0.000969798539640059,0.07943902983729022,0.017769608310434965
2106,0.0002195670763395584,0.9444643065988181,0.055236451519167784,7.967480567458432e-05
2107,0.9060849883580467,3.473782824268208e-07,0.007486375735912917,0.08642828852775795
2108,0.000511126477860186,0.8623229633936437,0.13694823948018023,0.0002176706483157728
2109,0.00011653597544092113,0.9384078698557714,0.06140548745435188,7.010671443568918e-05
2110,0.031434708434428194,0.1413741526365411,0.8079462609199372,0.019244878009093434
2111,0.0036134066633220375,0.3587143184473705,0.6322767004473316,0.005395574441975723
2112,0.000156591233608735,0.9586514243830969,0.041114840265691364,7.714411760303804e-05
2113,2.6017916226457666e-06,0.9877583275956198,0.012234810726748577,4.259886009110069e-06
2114,0.0008424975774818318,0.9981681176161463,0.0009892158097576072,1.689966144162895e-07
2115,0.0022824016486841145,0.8895933407721575,0.10746720935238047,0.0006570482267781064
2116,0.034950404489525286,0.006294796518898119,0.9377029364382657,0.021051862553311027
2117,0.36783887278125127,0.02241782525739543,0.09054472941317142,0.5191985725481818
2118,0.01125158652376344,0.011260579918965037,0.9453060177323183,0.03218181582495319
2119,0.8527660494219914,0.0009403609494504314,0.02471256815718347,0.12158102147137452
2120,0.04698477319487531,0.8737401598547904,0.07504934736551351,0.004225719584820795
2121,0.011697634193884237,0.003837763008223126,0.9468202231704537,0.03764437962743904
2122,0.11690810916281076,0.0979114535652093,0.7624381287628426,0.022742308509137436
2123,0.00038546589635103185,0.8282818148465434,0.17110392397415428,0.0002287952829513431
2124,0.919608700138401,0.03763282974468695,0.04123266147307511,0.0015258086438369642
2125,0.02183457929980564,0.08549353336555843,0.8541533313960262,0.03851855593860974
2126,0.6183255161480188,0.12446828971815854,0.16760102235461133,0.08960517177921125
2127,0.000367612061060978,0.9482139234073848,0.05110708862994049,0.0003113759016139214
2128,0.39914774133681624,0.004229257659147907,0.2833397898676388,0.31328321113639696
2129,0.006544916863253025,0.9455703330073761,0.04781276581885485,7.198431051588635e-05
2130,0.9695176495650106,0.003634269038855598,0.02575660859127257,0.001091472804861085
2131,0.028806985258286056,0.32425256119068413,0.6436376667020857,0.00330278684894412
2132,0.0536650600904644,0.02134093101565473,0.897356412780317,0.02763759611356397
2133,0.0001660155454477774,0.9817818673831057,0.01792498261891966,0.0001271344525267503
2134,0.020072037986558374,1.5734319340299145e-06,0.007808143269991219,0.9721182453115164
2135,0.0007966789785000764,0.8848726003484668,0.1138592056105198,0.00047151506251335315
2136,0.05282295790676853,1.9446843298561788e-08,1.1376900904776097e-06,0.9471758849562976
2137,0.5277479887881232,0.4680312557272122,0.0042037233566424,1.7032128022073034e-05
2138,0.0705659359389546,1.7845922297219022e-06,0.09196107882946256,0.8374712006393531
2139,0.07994628525705345,0.6018910992014798,0.3155578442710631,0.0026047712704036943
2140,0.0013947165598762335,0.9464907858422389,0.0519432199603756,0.00017127763750933328
2141,0.00013437926808710794,0.9844126935484138,0.015415991623164533,3.69355603345686e-05
2142,0.0044176119242329975,0.6547059987611749,0.33901275014648746,0.0018636391681047426
2143,0.9453213230191996,1.7376105004562592e-05,0.01738055084203822,0.03728075003375764
2144,0.33793859874765525,3.726348818025804e-05,0.01793134307259565,0.6440927946915689
2145,0.006037617793387203,0.9667905808593521,0.02709272436000414,7.90769872566031e-05
2146,0.03404482789719053,1.4782429848903332e-08,1.2082999724322953e-07,0.9659550364903824
2147,0.9646652524828676,0.00030214290503051617,0.021211266009151224,0.013821338602950756
2148,0.0592206715655478,6.263453718447933e-09,2.0493327055963493e-06,0.9407772728382928
2149,0.0003951319405508278,0.8728033220218283,0.12640893797994893,0.00039260805767190183
2150,0.7039567877380233,0.00044788686763343313,0.22551812765227305,0.07007719774207016
2151,0.06168436831038691,3.63332324034501e-06,0.01053618307121869,0.9277758152951541
2152,0.0668106817788888,0.0007430260521547749,0.5053797803329051,0.4270665118360513
2153,2.7449835118127562e-05,0.9970004535932915,0.0029677563413922302,4.340230198174973e-06
2154,0.23161508836767714,0.0020087148426513584,0.6822646809980583,0.08411151579161313
2155,0.007318442338592474,0.00296034877566127,0.9254668377812795,0.06425437110446668
2156,0.9170099023471366,0.00015472617170530042,0.061006154203004974,0.02182921727815312
2157,0.8878601172274947,2.5018443573441392e-05,0.067346598037018,0.04476826629191385
2158,0.41161695271071236,0.008292827097788086,0.4965565758635319,0.08353364432796757
2159,1.531381305126214e-05,0.9903151279860481,0.009664959157417373,4.5990434833255705e-06
2160,0.9467352353498364,0.0009719679813868266,0.04673553543765031,0.005557261231126382
2161,0.8979974551466281,1.8431387706049272e-05,0.009541584419863521,0.09244252904580243
2162,0.29469000916755445,0.00010993474639259406,0.0961746417369856,0.6090254143490674
2163,0.0027818546998003217,0.9263209170929119,0.0706681471744893,0.00022908103279840775
2164,0.0050248693297953026,0.16185943486291876,0.8178810223796067,0.015234673427679249
2165,0.8412216898107009,0.0011942733403982819,0.14684916871843873,0.010734868130462235
2166,0.0647084583113539,4.067030175423824e-06,0.028683827797345372,0.9066036468611253
2167,0.0038443229430314536,0.8641877846722568,0.1314676172890346,0.0005002750956772046
2168,0.011907211584057057,0.14077196308524625,0.8400436148396614,0.007277210491035232
2169,0.3884370411104116,3.4372566963528203e-06,0.0008601244480151043,0.6106993971848769
2170,0.004547223573690169,0.9330969185112749,0.06121797603048578,0.001137881884549079
2171,0.09045608732564471,9.302573373204821e-06,0.1148544341002906,0.7946801760006916
2172,0.0008603665601092857,0.8752979040990779,0.12333140438037064,0.0005103249604421358
2173,0.00016513591071776098,0.9942636768942398,0.005494968386094834,7.621880894752468e-05
2174,0.005053639684234456,0.0005391362391699373,0.6019552772190223,0.39245194685757334
2175,0.14482630399611354,1.2151400548632965e-06,0.00015853608251258956,0.8550139447813191
2176,0.0007633587113528176,0.831846519807709,0.16671464368811947,0.0006754777928186527
2177,0.006302339304163566,0.2704671843518822,0.7171401688601535,0.006090307483800727
2178,0.0001407025910808134,0.9438228702482495,0.055643063155678484,0.0003933640049911676
2179,0.009130038957343652,0.18519277379521495,0.7916978301283802,0.013979357119061021
2180,0.25905127306781134,2.3127148867358265e-07,2.7705924944693807e-05,0.7409207897357553
2181,0.029356912046879968,6.950775574742621e-05,0.2095559948468512,0.7610175853505213
2182,5.696479300474777e-06,0.9997190169466503,0.00027526267574660865,2.3898302621978395e-08
2183,0.908030941702898,7.930917944810049e-05,0.02274384323000406,0.0691459058876497
2184,0.0019605228162489193,0.8954534687594432,0.10244015714695234,0.0001458512773554794
2185,0.025437962515798464,0.014466867930462151,0.8866514623678465,0.07344370718589273
2186,0.0006858765274208285,0.8900756782832144,0.10876418924168722,0.0004742559476775328
2187,0.17578805525927188,0.002483663467199432,0.7331777047445999,0.0885505765289288
2188,0.10080578495891047,7.957418111376589e-07,0.13362363078604758,0.7655697885132309
2189,0.20887774114751126,3.1490524202633636e-09,4.6915124698644786e-07,0.7911217865521893
2190,0.02362137234422489,0.006776867626523439,0.8067580615484289,0.16284369848082295
2191,0.03273365889929272,3.1213314136958672e-06,0.04970806224010988,0.9175551575291838
2192,0.003965412447484181,0.018826843906119353,0.8770317656709935,0.10017597797540294
2193,0.058941358073159096,9.340470484341385e-08,0.011536376652119115,0.929522171870017
2194,0.02915944346151577,0.005425914957987849,0.9250558210977124,0.040358820482784025
2195,0.9153421609280711,1.30163397182755e-05,0.011441914695923858,0.0732029080362868
2196,0.00033126732152686985,0.9570085616823174,0.04262952940231695,3.0641593838870595e-05
2197,0.46314471764756365,4.6503558710357743e-07,0.003999448195806238,0.532855369121043
2198,0.0011619593071591358,0.9468823501459005,0.051849293381838836,0.00010639716510161636
2199,2.3384891109415978e-05,0.9861656696870081,0.013798861170728463,1.2084251153985385e-05
2200,0.0004885651307269286,0.9813723988764985,0.01789925234835333,0.00023978364442145959
2201,0.9095459488171423,4.1108221271086676e-06,0.00030406529201618354,0.09014587506871426
2202,0.02414415709722912,0.1045648422468905,0.8646671445491935,0.006623856106686899
2203,0.06381982290677528,3.902644453050939e-05,0.4192637966795927,0.5168773539691015
2204,0.0073573024457327775,0.03851420110475702,0.925983463544591,0.02814503290491914
2205,0.02739097225898353,0.003960217765986435,0.9011307194942353,0.06751809048079488
2206,0.05077987088945083,0.00847988378179899,0.8956072571216324,0.04513298820711792
2207,0.012020115285106867,0.03376954196669626,0.9257244682701559,0.028485874478040994
2208,8.001450415250624e-06,0.9848632648832509,0.015118190570013386,1.0543096320580576e-05
2209,0.004165990726733149,0.07240513494188978,0.8975969132298174,0.025831961101559702
2210,0.04488648885827069,0.21094906215955986,0.7325427264326703,0.011621722549499228
2211,0.00023077499479632525,0.9517194922110249,0.047900599363633965,0.00014913343054461027
2212,0.00020284579878192426,0.9965648384790087,0.003231290620958526,1.0251012509414731e-06
2213,0.04418012189294559,0.012097742172150941,0.9145624855062295,0.029159650428674022
2214,0.960030497509969,0.00878396030194175,0.030105742912831458,0.0010797992752578712
2215,0.020425968078131494,0.042952232523723516,0.9092643800087395,0.027357419389405273
2216,0.021392457517953663,1.0241980476230632e-07,0.008384431252352192,0.9702230088098893
2217,0.5725187091615007,0.015468435347085528,0.17552098462621668,0.23649187086519702
2218,0.0070981742128926875,0.11268950266069075,0.86928349533201,0.010928827794406688
2219,0.0012446435788257013,0.9124280663366582,0.08607170664289981,0.00025558344161629874
2220,0.09576644535884865,0.024736035412712423,0.8455268684966121,0.033970650731826924
2221,0.0018123493933323337,0.9516719243343424,0.0464541612366327,6.156503569234139e-05
2222,8.992722188413714e-05,0.8683740645646473,0.13128047757332714,0.00025553064014156705
2223,2.0806086303762934e-05,0.998552752092209,0.0014254648790572378,9.76942430058428e-07
2224,0.007981817888472856,0.020596398158631006,0.9407969023725881,0.03062488158030816
2225,0.017734873842947262,0.049494993954444934,0.9085867986933304,0.02418333350927743
2226,0.036796570701608355,2.2518451089310137e-08,0.010120951918097174,0.9530824548618433
2227,0.3398648176263025,4.358547177334826e-06,0.0249649347966641,0.6351658890298562
2228,0.0006405759525792726,0.9374299673338757,0.06179014236760135,0.00013931434594372522
2229,0.03678718291032357,0.009462596199742436,0.9020951423297439,0.0516550785601902
2230,0.004768929598189163,0.9662814671722727,0.028932456939241513,1.71462902963432e-05
2231,0.8098926987743512,0.08274638996514568,0.10585977568093062,0.001501135579572444
2232,4.5932103112124436e-05,0.9832652156646008,0.01665018845904992,3.866377323717707e-05
2233,0.00024164444805118335,0.9635224330403908,0.036186540620647155,4.93818909108498e-05
2234,0.015901130046558753,0.14767326488108992,0.8245120747794532,0.011913530292898105
2235,0.032316982888632016,0.1053846495355737,0.8461794630909016,0.016118904484892584
2236,0.9703362994825115,0.0030458892256774524,0.02469582749712305,0.0019219837946878513
2237,0.016390347205168798,0.03802097149707584,0.933881849523995,0.011706831773760305
2238,4.7063665987516e-05,0.9552737222585497,0.04460149149923286,7.772257623002061e-05
2239,0.00042648625232759974,0.9681102341053974,0.031158899512733804,0.000304380129541037
2240,0.0789940633808883,0.7468134908370547,0.17232907611744877,0.0018633696646081078
2241,0.9511352638741983,6.024352877959746e-05,0.032139134649598285,0.016665357947423923
2242,0.05685372450556358,2.1405798903192962e-05,0.1593899947115439,0.7837348749839893
2243,0.008514703810218746,0.04810209177130759,0.928153618094213,0.01522958632426061
2244,0.030292514915963967,9.903266871396746e-10,9.567018281739059e-05,0.9696118139108919
2245,0.029853540240996835,4.1064231731217326e-08,0.0062465555373878556,0.9638998631573835
2246,0.8630575502260732,4.660728027248131e-05,0.0721251059966265,0.06477073649702768
2247,0.0031084243458790527,0.950784422135289,0.04597567196165969,0.0001314815571722566
2248,0.00021510125889943212,0.9413076354673301,0.05809936465606542,0.00037789861770508087
2249,0.9674438468273308,2.0903869106772387e-07,7.649160939774014e-06,0.03254829497303849
2250,0.06803337060298509,5.1529108991878633e-05,0.0838791276670651,0.8480359726209579
2251,0.020771288430601026,0.00047966355731412667,0.6304256620261177,0.3483233859859671
2252,0.8965874732118827,0.01435285621783296,0.0862463361287539,0.002813334441530451
2253,0.10023349928609634,2.374985266161091e-05,0.2698321620306431,0.629910588830599
2254,0.878594068833245,0.013262381904627352,0.019621895085138116,0.08852165417698953
2255,0.7461952953270379,0.0019039605224133662,0.19744076070695218,0.05445998344359659
2256,0.05113296417792089,0.008257149287684958,0.8576519184192367,0.08295796811515752
2257,0.011118390866892303,0.12073930749969074,0.8489639908725067,0.01917831076091024
2258,0.0010620997672937766,0.9762973466539706,0.02258778443639553,5.276914234002606e-05
2259,0.3151770463806561,2.598310769666351e-08,0.0006537519337172404,0.684169175702519
2260,0.07013126405483928,3.09173867574385e-05,0.18405633606928962,0.7457814824891136
2261,0.03509526190845868,6.201851234815417e-05,0.24343053727070155,0.7214121823084917
2262,0.033380957362666226,5.232949950478215e-06,5.873881986549227e-06,0.9666079358053968
2263,0.06631086493206798,0.00035039350667459324,0.7179410946200515,0.21539764694120592
2264,0.9049641646036851,1.4044407812662468e-05,0.0013558798659548347,0.0936659111225475
2265,0.0003943262297531357,0.9677240112453803,0.03179769613074594,8.396639412058577e-05
2266,0.00015776813924489355,0.9514161559369413,0.04833096161330634,9.511431050757665e-05
2267,0.000131707905386941,0.9983366907124168,0.0015307576496218771,8.437325742206334e-07
2268,1.3433685309893972e-05,0.9843578130204189,0.015624121138551167,4.632155720014141e-06
2269,0.9584095577561141,0.00011559961869887122,0.020094044850315667,0.021380797774871393
2270,0.0009696961485441681,0.9855464700990395,0.01346290479619253,2.0928956223734285e-05
2271,0.0008933705366271367,0.8260364584568883,0.1727821064493352,0.00028806455714920604
2272,0.5254189831511996,1.2911568311308397e-05,0.006606615223711554,0.4679614900567775
2273,0.9761257429025794,1.4952778460028529e-05,0.0031154847725762174,0.02074381954638455
2274,0.000978132752960209,0.9452192871197562,0.053712461793582564,9.011833370083931e-05
2275,0.8097094562863795,8.702403346587249e-05,0.042403469352091064,0.1478000503280636
2276,0.90536877950125,0.00010743241688180944,0.0647965121208519,0.029727275961016163
2277,0.0008290367607794673,0.8519979588233538,0.14679500112720137,0.0003780032886653508
2278,0.017376824613084842,8.596242267355966e-09,6.869489468396552e-06,0.9826162973012046
2279,0.0001667664658962007,0.9063645511435164,0.09335168240971638,0.00011699998087122097
2280,0.09167140155536536,0.005079516104283822,0.8755202122178526,0.027728870122498202
2281,0.007448090752735859,0.9869830015542128,0.005562728767529826,6.1789255213970975e-06
2282,0.008270239618865272,0.5772031824407448,0.4116601981299757,0.0028663798104143494
2283,0.0006495155936774007,0.9933139300003619,0.006024372914599701,1.2181491360987914e-05
2284,0.5340164109551869,0.02437106092680325,0.040124826632589206,0.40148770148542057
2285,0.8747060822309041,0.0009468483673272574,0.09653424882691235,0.027812820574856203
2286,0.00018100194335898294,0.9842556708802955,0.015556441319335706,6.8858570098255545e-06
2287,0.030229866636838344,4.6476731616079604e-08,3.529294889428739e-07,0.969769733956941
2288,0.018503674684874696,0.00011853533547556481,0.33076817032304406,0.6506096196566057
2289,0.7095798110835297,7.567090624905907e-07,0.002696237455128042,0.28772319475227964
2290,0.014051206153374646,0.015570711539004026,0.8110172922675438,0.15936079004007755
2291,0.960600846416142,0.012784292389887859,0.026251486828121683,0.0003633743658485142
2292,0.8755500847214617,8.189504850758865e-05,0.06942134924493877,0.05494667098509207
2293,0.28880417192439456,0.00039714444107475,0.010976949505391341,0.6998217341291395
2294,0.052444980413194286,3.011627810543534e-06,0.040271985823794224,0.907280022135201
2295,0.004243705587975966,0.9759819140889047,0.01973133071690066,4.3049606218733206e-05
2296,0.0007290455199776483,0.7467457126148084,0.2514011648785285,0.0011240769866854882
2297,0.003453240309677422,0.9431140776778917,0.05293693620906354,0.0004957458033672081
2298,0.03172089767395091,0.024141403962714296,0.9189861226431988,0.02515157572013588
2299,0.0002806585306278203,0.9190953254946338,0.08048466206667726,0.00013935390806115968
2300,0.03236552301855472,0.009459003118472352,0.8832874473549831,0.07488802650798995
2301,0.900850954048532,0.001127507276201808,0.08659575670653147,0.011425781968734774
2302,0.0013318933743839438,0.8301969655717982,0.16818043571036126,0.00029070534345659996
2303,0.024503024413428953,0.7629091081338233,0.20985595851518338,0.0027319089375644483
2304,0.09112924097060451,0.05731608015809058,0.7926892969221111,0.05886538194919395
2305,0.9408019138355126,6.906261924899802e-06,0.0019931291850941594,0.057198050717468404
2306,0.0064704214432090975,0.16330604235172974,0.821429945945545,0.00879359025951621
2307,0.0008634274036303353,0.8750861443872727,0.12391755964300444,0.00013286856609260426
2308,0.3396782542123455,0.034786873643494316,0.2850245887756284,0.3405102833685318
2309,0.05804223924338725,2.27779332341952e-06,0.10683979366556706,0.8351156892977223
2310,4.9776290254045224e-05,0.9806284137032577,0.01928036054663737,4.1449459850855564e-05
2311,0.0017359666863014157,0.6936330818172841,0.3040081095497559,0.0006228419466585053
2312,0.007343076610327588,0.9722887059046263,0.020216131856775895,0.0001520856282701981
2313,0.026152042700280955,4.892657605725627e-05,0.1518512866779544,0.8219477440457075
2314,0.0015877817693242138,0.9939957409449972,0.004408058756654665,8.41852902383136e-06
2315,0.9464138250462101,0.027055733469996766,0.02502157040894998,0.0015088710748431063
2316,0.27699988500870065,1.713687928603688e-12,1.8506355570526282e-08,0.7230000964832302
2317,0.18805626318509838,3.4093112918521703e-07,6.168273389420543e-06,0.8119372276103831
2318,4.803177338292579e-07,0.9993855858656331,0.0006137287660313758,2.0505060159208504e-07
2319,0.3359058688405249,0.573698416704349,0.09023997812835327,0.00015573632677283648
2320,0.001188467731463107,0.886737838519459,0.11174209706706735,0.00033159668201058253
2321,0.028615664488536318,0.964710590427869,0.0066571335872293224,1.6611496365314977e-05
2322,0.08161205335071436,1.3395492272962114e-06,0.05320511585369671,0.8651814912463618
2323,0.0006442927315624974,0.906448988255224,0.09274461442933435,0.00016210458387911586
2324,0.03217334674263183,0.008775778213098316,0.8864541364498509,0.07259673859441895
2325,8.196633319560363e-05,0.935215076002395,0.06459519090422916,0.00010776676018041635
2326,0.0014135744774925996,0.9377879633394844,0.0605598133374854,0.00023864884553772715
2327,0.10314447807936993,0.0010722562584979803,0.7170875735477561,0.17869569211437603
2328,0.04749860505294614,0.028597647844678508,0.9036523652268373,0.020251381875538106
2329,0.1570558319039175,0.4786183453934269,0.3621078069524211,0.002218015750234574
2330,0.0002522875596239244,0.99959166163793,0.00015598340263423365,6.739981191740836e-08
2331,0.7264253991932154,1.2129499790241359e-05,9.617976623214102e-05,0.27346629154076224
2332,0.10122855817379778,2.4828948997240613e-06,0.019983692195874113,0.8787852667354284
2333,0.7627953593379991,3.779613787371322e-10,8.841393750628233e-05,0.2371162263465332
2334,0.7911668384872171,0.0007865273199475454,0.18045612024269403,0.027590513950141417
2335,0.03061097677127854,2.6058398026757913e-09,0.005025985210290141,0.9643630354125915
2336,0.9963518783778934,1.8143016892949122e-05,0.0006558347010333399,0.0029741439041802245
2337,0.007545257572158076,1.33422944841684e-07,0.010067575494777539,0.9823870335101196
2338,0.8652356236755674,0.0017056781082924386,0.11843713983623932,0.014621558379900826
2339,0.05170104771346651,3.4073232098731765e-05,0.31863783753873015,0.6296270415157047
2340,0.3184197388106053,1.82254781147874e-05,0.20389165330868994,0.4776703824025901
2341,0.0009390659105971611,0.935167777533705,0.06380524281254384,8.791374315390211e-05
2342,0.0004822974449493395,0.9774713527289993,0.022018881678584144,2.7468147467106016e-05
2343,0.0005282032476632796,0.8693965682890881,0.12988348486761273,0.00019174359563580687
2344,0.9934340260480242,0.0009184515593422282,0.002168914250085919,0.003478608142547684
2345,0.0998487430206079,1.617846613489551e-05,0.30746109657701076,0.5926739819362464
2346,0.05029579698903807,0.39447766397857764,0.5526460469682791,0.002580492064105176
2347,0.0037198365950431274,0.8696306135919679,0.1259682156246812,0.0006813341883076448
2348,0.9920193090888095,3.0537269076644965e-06,0.00347850312317385,0.004499134061109027
2349,0.3262401065653633,0.09327971773812278,0.5623851998007688,0.018094975895745245
2350,2.835874143017961e-06,0.9973580875486456,0.002637813460314474,1.2631168969963489e-06
2351,0.04011295494572772,0.24815948974626176,0.7052241036589908,0.0065034516490196995
2352,0.004503133357418584,0.0012530039980039795,0.07504434819466864,0.9191995144499088
2353,0.0002158929033297518,0.9108026176732001,0.08887662313738659,0.0001048662860834159
2354,0.7075310864602322,0.1681491328764092,0.12305632310004229,0.0012634575633163091
2355,0.011625359359683778,0.6696851449403226,0.31735763322161953,0.0013318624783741466
2356,0.044650944725716936,0.019780065195072666,0.8988032582012524,0.03676573187795794
2357,0.17281865848411337,1.0453964208069343e-07,2.014451311987693e-06,0.8271792225249325
2358,1.4619880640404251e-05,0.9998276361047667,0.00015774236083707538,1.6537558401807286e-09
2359,0.01347059868984127,0.9772707003434057,0.009123543261947446,0.00013515770480544034
2360,0.0011504848486655697,0.8376977220739433,0.1608332647227941,0.0003185283545969298
2361,3.5276149997996506e-05,0.9768821002970332,0.023057903257223743,2.47202957450083e-05
2362,0.7955978543883768,6.990120067833313e-07,5.33309650373493e-05,0.20434811563457905
2363,0.7740528254336723,0.002843367695128203,0.004916225376180041,0.2181875814950194
2364,0.027660511806458444,5.751154701185221e-06,0.0362690255958753,0.9360647114429651
2365,0.014387554069571245,5.288901879949546e-06,0.03495983697935684,0.9506473200491921
2366,0.0003417132148264872,0.8933247453321351,0.10587217077936184,0.0004613706736764729
2367,0.6802200409898731,1.5567392825602034e-07,0.0034577260009992818,0.31632207733519935
2368,0.13812384027874494,2.8327307514091643e-07,0.0021837206108068553,0.859692155837373
2369,0.01439520831354847,0.11842696278358412,0.8650913839115896,0.0020864449912778057
2370,0.024917756286412008,9.651179911294795e-06,0.038877458085797144,0.9361951344478796
2371,0.14336366717135235,0.02315984989468577,0.8006120216992509,0.03286446123471078
2372,0.0072180708537468085,0.024055393533646573,0.9456471268852933,0.02307940872731329
2373,8.194567209817163e-05,0.9674254112375942,0.03243641284097548,5.6230249332207e-05
2374,0.006385030032383749,0.0027177980193753577,0.8860880482708157,0.10480912367742534
2375,0.013456672178806644,0.8527930330153055,0.13211335453030412,0.0016369402755837942
2376,0.7594620232185684,0.1210046680570715,0.11116843121909004,0.008364877505270102
2377,8.914479311228867e-05,0.988589023950232,0.011302112112836632,1.9719143818979196e-05
2378,0.0015420534845521283,0.8522816533800017,0.1443626571976457,0.0018136359378004092
2379,0.0013734130851725092,0.942876193917104,0.055669440898525276,8.095209919816339e-05
2380,0.0017191944043968396,0.8518691211367794,0.14534661059107895,0.0010650738677448013
2381,0.0006894578610168917,0.8673885788133959,0.13134445176475332,0.0005775115608339389
2382,0.8883672833466316,0.015146621410277162,0.0947646407130067,0.0017214545300845597
2383,0.5665657815515931,6.625694949686887e-07,5.384252941333545e-05,0.43337971334949865
2384,0.5971889307444201,1.7794930443641892e-07,0.0022176902776559365,0.40059320102861945
2385,0.8430999995854467,0.027416247707464054,0.12568794144188597,0.003795811265203353
2386,0.7151752821842556,8.098710680645752e-05,0.06848280182669426,0.21626092888224355
2387,0.019641985833454813,3.7482156481120586e-07,0.00011970327071244194,0.980237936074268
2388,0.0904715237131841,2.4355673089070626e-06,0.018007173850969255,0.8915188668685379
2389,0.16863977606094016,1.299310825199598e-05,0.1450905438639089,0.6862566869668989
2390,0.014479924710057534,0.12132978822757907,0.858411366629806,0.005778920432557365
2391,0.00036775615759780395,0.964820861313097,0.0346471324506989,0.00016425007860637367
2392,0.005663985420899638,0.0018751828138939908,0.9094075349854057,0.08305329677980056
2393,6.277446195461328e-05,0.9904591473087411,0.009473430345718313,4.647883585991057e-06
2394,0.35722395634403115,2.44504389130068e-05,0.002170819652456631,0.6405807735645992
2395,0.014310473290707082,8.263242110271189e-08,0.014425427566583215,0.9712640165102885
2396,0.000836380982259015,0.9103809352695,0.08829050686572808,0.000492176882512867
2397,0.021535453271362696,0.016056197000642463,0.9062171521037051,0.056191197624289514
2398,0.6996808260748789,0.00022903984285738352,0.06981243596476995,0.2302776981174936
2399,0.9414945672817782,1.69740361881504e-05,0.03702530046537369,0.021463158216659898
2400,2.8306937189728124e-06,0.9982137588397948,0.0017829893125425264,4.2115394384141833e-07
2401,0.000214846003303801,0.8999161340952639,0.09963901419189142,0.0002300057095407713
2402,0.9347818892771401,0.0003579385049411827,0.055361288776474976,0.009498883441443813
2403,0.8877988283421229,0.11196174809762476,0.0002389441661606605,4.79394091632022e-07
2404,0.053908056961486754,4.003589938470492e-05,0.18426099902768558,0.7617909081114429
2405,0.0573776337265844,2.083058538519829e-05,0.21241296268429707,0.7301885730037334
2406,0.7103142831456868,0.005308499548400272,0.24701484406911856,0.037362373236794505
2407,4.609108629012329e-05,0.8905341997568704,0.10929044440625328,0.00012926475058620867
2408,7.587726146417978e-05,0.8711563585168937,0.12838614137205026,0.0003816228495920686
2409,0.01986164578900535,0.29822771209299537,0.6728047599436289,0.00910588217437043
2410,0.694683088519422,0.0018750997681990706,0.21235022492417843,0.09109158678820069
2411,0.00010860069742119279,0.9892254802179569,0.010656488617045975,9.430467575790733e-06
2412,0.011959039680698768,1.5000101227329555e-05,0.15107510871259433,0.8369508515054795
2413,0.6891868599346106,2.2921947260335067e-09,0.00014945560623507635,0.3106636821669595
2414,0.00011984837170901807,0.9313571308201751,0.06841165301626671,0.00011136779184917029
2415,0.0459296429308425,4.9112467357574045e-06,0.1207369529841852,0.8333284928382366
2416,0.06952318187536306,2.496148155216977e-05,0.20394744245363955,0.7265044141894451
2417,0.00370024022342343,0.9650861124132432,0.031152631198444785,6.1016164888362844e-05
2418,0.005273470996755586,0.7070006724674763,0.28641878495772566,0.0013070715780424378
2419,0.03116989905708014,1.802153761028231e-05,0.06025389525504908,0.9085581841502605
2420,0.00018182761606020723,0.9935802432319574,0.006225138035025287,1.2791116957291088e-05
2421,0.00541468007066109,0.7519837543668545,0.24216061848368747,0.0004409470787969839
2422,0.1280188574935869,1.515292007527083e-06,0.009921999002072435,0.8620576282123332
2423,0.03425725972666775,0.1724864115583758,0.7885195581818096,0.004736770533146719
2424,0.7068594423204476,0.0010899163637045196,0.2556327879860817,0.03641785332976631
2425,0.061344861345883135,0.002839743046281108,0.6973637327457834,0.23845166286205238
2426,0.9952984702919131,0.0025163478714310345,0.0021531152766685125,3.206655998734952e-05
2427,0.00015081167211416455,0.968177501569381,0.031605696425701796,6.599033280317689e-05
2428,0.00014907857636754012,0.9182011774481001,0.08156022836108615,8.951561444611412e-05
2429,0.019679122684759243,4.015276724199256e-05,0.29805920708215655,0.6822215174658423
2430,0.03180698241600319,3.965861340222729e-07,0.013880785221684662,0.9543118357761782
2431,0.9154443197933053,0.015759921168847123,0.0673554959390623,0.0014402630987852823
2432,0.00037723420520729853,0.9914070277487252,0.008205873567696797,9.86447837072047e-06
2433,0.8664200978210359,6.677511648622874e-05,0.03318404368533567,0.10032908337714223
2434,0.6694371381773151,1.0452987853347456e-06,0.00931330169121867,0.32124851483268096
2435,0.9896858182755375,0.005923103168480394,0.00437309875217449,1.7979803807435616e-05
2436,0.008895691425886938,0.9282532844330096,0.062477927911429,0.0003730962296743809
2437,0.12333265235612892,0.004718828692091758,0.8120328764208656,0.05991564253091363
2438,0.00015797058920317825,0.981651371174884,0.0181801478096253,1.0510426287382732e-05
2439,0.00010516392574248883,0.9874712321337213,0.012403051753637534,2.055218689865461e-05
2440,0.02124411922654,0.00040970781841667497,0.6973224592371131,0.28102371371793017
2441,9.628202383879544e-05,0.9954572275812255,0.004424303025960138,2.2187368975723452e-05
2442,0.00018511665974205865,0.9783671793437212,0.02135107998838813,9.66240081484663e-05
2443,0.15887649096870626,0.04343253208107416,0.7773266800195241,0.020364296930695486
2444,0.0224959602744112,0.05043758482749555,0.8991093929414871,0.027957061956606227
2445,4.5546204769407705e-07,0.9993680684930321,0.0006313948762465666,8.11686736875485e-08
2446,0.07761505799610434,0.281890687898743,0.6321882784593764,0.008305975645776262
2447,0.6193116945496352,7.689240995883294e-06,0.0851387587063983,0.2955418575029708
2448,0.00010531466438908611,0.9819671131702427,0.017918902180846637,8.669984521621911e-06
2449,2.860875730600372e-05,0.9889813880661907,0.010964621989512525,2.5381186990692353e-05
2450,0.9143422281890924,3.3663129994697935e-05,0.015325938879052267,0.0702981698018607
2451,0.7331330488605471,0.0025125668921429285,0.20749694992743728,0.056857434319872696
2452,0.00039717298813318405,0.7507486254409869,0.24809785700469209,0.0007563445661878274
2453,0.014954538682742935,0.02083593043712017,0.9302425237947763,0.03396700708536055
2454,0.0001592362158289085,0.9834612060932433,0.01632961580858169,4.9941882346202655e-05
2455,0.0006734638809658768,0.944712565299139,0.05387044631193688,0.0007435245079582725
2456,0.9395129361975919,0.007746628273444694,0.0522966022063216,0.00044383332264162097
2457,0.00033862218291708904,0.8893713859426384,0.10900162020362282,0.0012883716708215326
2458,0.018722154591237165,0.0392675149236374,0.9231405594137818,0.01886977107134356
2459,0.06545924930202839,0.03743399356425167,0.8599948482222018,0.037111908911518
2460,0.006163144017043491,4.0075822609479693e-10,3.154518989065517e-08,0.9938368240370083
2461,0.09752246336224857,2.150718739945568e-06,0.0006340532949916243,0.9018413326240198
2462,0.12090819320104493,5.713668448368864e-07,2.79451925130681e-05,0.8790632902395972
2463,0.8614895883787094,7.576431346261997e-06,0.0025975162464275635,0.13590531894351665
2464,0.025241854969708686,8.699696614728681e-06,0.030406836665756026,0.9443426086679205
2465,3.0256181936182763e-05,0.9817702552064506,0.018178139928928392,2.1348682684933503e-05
2466,0.02879729575701106,3.9260274395343205e-05,0.10226257508610685,0.8689008688824866
2467,0.0012521022369850051,0.8439095694051406,0.15394259350023798,0.0008957348576366918
2468,0.05632645919209322,0.05989020379453153,0.8664940333532816,0.017289303660093576
2469,0.8717334472028346,0.12408966151374859,0.004151950052179386,2.4941231237275666e-05
2470,0.9002772271334092,0.0008520706659542355,0.07801111579907197,0.020859586401564757
2471,0.6793222702260009,8.607911170673464e-05,0.0807172813443566,0.2398743693179358
2472,0.945544728660073,0.005001292432232496,0.04603457591289454,0.003419402994800039
2473,0.870844990026792,0.055406345474801166,0.07305118406476704,0.0006974804336398243
2474,0.0009979478185947776,0.8596054413583856,0.13836439606129866,0.0010322147617210637
2475,0.012946505113560554,0.8915295849894517,0.09547660043298438,4.730946400331235e-05
2476,0.04930939665870794,4.948799043081217e-05,0.2857670703374713,0.66487404501339
2477,0.010853057265980568,0.010951511735704474,0.9260904435173493,0.052104987480965835
2478,5.3395527582489434e-05,0.9668896451585766,0.03300908956019632,4.786975364465883e-05
2479,0.00016901099324111404,0.9549011290994729,0.04473098618256026,0.00019887372472573162
2480,0.000856336527619653,0.6450480715030316,0.35202530732480436,0.0020702846445443865
2481,0.01251761079055297,0.26432611015101104,0.7164987772616842,0.006657501796751886
2482,0.009045135665614308,2.0599108521150884e-05,0.22456896331508194,0.7663653019107826
2483,2.496274617495226e-05,0.9986578813492851,0.001316704897142982,4.510073970663576e-07
2484,0.6228124064551128,1.904176560064365e-06,0.00027266791139316123,0.37691302145693395
2485,0.040072263357628125,3.411245114774981e-05,0.3181007747806053,0.641792849410619
2486,5.9432107971836905e-05,0.9879332020570225,0.011997920559080597,9.445275924811145e-06
2487,0.7575086479164577,7.107531324200318e-05,0.09676916294242974,0.14565111382787066
2488,0.2214619214705672,1.7948295671735517e-05,0.10742149013625049,0.6710986400975106
2489,0.0002501682583628033,0.9621555612623481,0.03732085161935009,0.0002734188599389142
2490,0.010280810653913904,0.07665540395259754,0.8721598666257092,0.04090391876777933
2491,0.0005672572811388462,0.9936357110146614,0.005792960724825712,4.070979374237291e-06
2492,0.002084299610677498,0.9833724557511422,0.01452826450990429,1.4980128276148005e-05
2493,0.022282887780090868,0.0017985796287531943,0.8021934918091429,0.17372504078201312
2494,0.013327254438367919,2.3487859764884887e-05,0.02927205088179723,0.9573772068200699
2495,0.012674595096033282,0.004378536633984471,0.9095098260991847,0.07343704217079766
2496,0.0004911956275383021,0.9826745122759093,0.016793231526304426,4.106057024804163e-05
2497,0.8878360831733528,0.003616017833136384,0.08564910532365673,0.022898793669853954
2498,0.004747117966615091,0.756559890713178,0.23789588258411937,0.000797108736087515
2499,0.20965187827169274,1.2103198049485507e-08,0.0003309406339402585,0.7900171689911689
2500,9.813136413285809e-05,0.9622910766601483,0.0374960075791843,0.00011478439653439689
2501,0.00264432222041373,0.08506870725761038,0.9033374216846196,0.00894954883735619
2502,0.00017438891427778267,0.8740793604110797,0.12545351177346453,0.00029273890117787263
2503,0.007724658223717414,0.8710267936344952,0.12075261085487439,0.0004959372869129636
2504,0.0007358302904586053,0.8895340450317701,0.10941114076733462,0.0003189839104366808
2505,0.030609779338350716,0.26794650226038524,0.6899569794508185,0.011486738950445717
2506,0.004271251557804825,0.9112318110067341,0.08340954060961639,0.0010873968258447156
2507,0.0005877242594412652,0.9170512071351159,0.0821561693686205,0.00020489923682221606
2508,0.007960312971355413,0.9614640383132845,0.03046602506163278,0.00010962365372736478
2509,0.027495104823083722,0.020665249583219473,0.9225211529367313,0.029318492656965567
2510,0.029338360712543816,0.22600765478245577,0.7226733576279427,0.021980626877057742
2511,0.025070074202647792,0.004211125149437234,0.8840303594423732,0.08668844120554178
2512,0.0018311781003405299,0.7846229322879984,0.2131055394191137,0.00044035019254723873
2513,0.000548639569222271,0.8834869984630153,0.11588174290152203,8.261906624030356e-05
2514,0.8675357881135548,1.145021224462868e-06,0.00010872976895890109,0.13235433709626176
2515,0.0002563904173529404,0.9841757790519476,0.015550669010277145,1.7161520422331295e-05
2516,0.01596452720344059,0.002141038282605317,0.8818120120763713,0.10008242243758297
2517,0.9893041419426862,0.0016538400667545584,0.008775092605483167,0.0002669253850758589
2518,0.00043704472138030227,0.9278960716243329,0.07139903658836427,0.00026784706592260644
2519,2.443968062642261e-05,0.9993067839646071,0.0006687218294953143,5.4525271186930884e-08
2520,0.4185333851208909,9.25002054274166e-09,1.7529470714182877e-05,0.5814490761583745
2521,0.923659197436011,0.0005567352085717863,0.02986697171331447,0.04591709564210284
2522,0.1477267460154652,0.007115256305050744,0.014786306914626415,0.8303716907648576
2523,0.026954731867115705,1.619442230613069e-06,0.11981617174823031,0.8532274769424234
2524,0.7096893095371164,8.226500560649579e-05,0.01945869506962718,0.27076973038765006
2525,0.0018335317285470977,0.8787558157287241,0.11825246691686081,0.0011581856258680548
2526,0.9468069327379091,0.00010238054504738839,0.028247203521694308,0.02484348319534908
2527,0.03874149234941631,4.208624928550816e-08,0.010526338944015638,0.9507321266203188
2528,0.8541684901811601,4.641360955376646e-05,0.037267035102840476,0.10851806110644573
2529,0.0008437506334504227,0.9378657250556015,0.060863946235095084,0.00042657807585273885
2530,0.22827955272265235,0.06265543318908669,0.6964562212918489,0.012608792796412025
2531,0.5799049731225594,0.0693825604893403,0.3461095685076399,0.004602897880460407
2532,0.04402802448282421,6.084573586704145e-07,6.509413652513729e-05,0.9559062729232919
2533,0.0004366846965071942,0.9611631855192537,0.03835721009253267,4.291969170638855e-05
2534,0.637806960073179,2.0893070116013995e-06,0.001946223020114118,0.3602447275996952
2535,0.02585307602655998,0.1935840399470483,0.7555617197921561,0.02500116423423557
2536,0.03917107893969179,0.0006394640956033402,0.7921142462397216,0.16807521072498327
2537,0.006518365665779134,0.8485205301415217,0.14440435899697848,0.0005567451957206178
2538,3.52168337604877e-05,0.9905118354790214,0.009449654198665267,3.2934885527959504e-06
2539,0.1089786044251351,3.6736485363459545e-07,0.04597525710178857,0.8450457711082228
2540,0.06290886723172884,0.000277075091446286,4.079940208174518e-05,0.9367732582747432
2541,0.04428349391020833,1.0484709164368177e-08,0.008716799197967003,0.9469996964071156
2542,0.00104276278112578,1.8993907510232348e-07,0.0008930962964661263,0.998063950983333
2543,0.00025516802511029455,0.9699305142047177,0.029748037746624104,6.628002354784325e-05
2544,0.09838545174275194,9.171936793961161e-08,1.3826265601221251e-05,0.9016006302722789
2545,0.804548842930021,0.0016974888956512125,0.17548876391682333,0.01826490425750451
2546,0.04431199857785641,0.03273530888533751,0.8408312288767968,0.08212146366000914
2547,0.02505661222268204,1.6947624578684304e-06,2.648894343420243e-05,0.974915204071426
2548,0.07583482417808668,6.905297434659817e-05,0.00031749777962313035,0.9237786250679436
2549,0.22591901776609288,2.0516879475107147e-07,3.194359716393072e-06,0.774077582705396
2550,0.031718693143897365,0.03867984462084901,0.9213013353433818,0.008300126891872027
2551,0.9205976898610048,0.001227016752629811,0.04467309523564175,0.03350219815072377
2552,0.9158294515361918,0.015292061778856527,0.06660098270235876,0.002277503982593144
2553,0.1018570269627286,1.2027494368664366e-05,0.15914674124624198,0.7389842042966607
2554,0.966055861820497,0.006065762785332382,0.023688063652657677,0.004190311741513124
2555,0.13522380137538512,0.47239104733651,0.38820156917198884,0.004183582116116114
2556,0.9476904298011641,0.00043669544282538977,0.0318732139026038,0.01999966085340674
2557,0.0003661434049836697,0.9989821147586319,0.0006512283280839467,5.135083006071621e-07
2558,0.00020471630166076966,0.9901718346093392,0.009608243302565317,1.5205786434892774e-05
2559,0.8786801955264117,3.265462089726878e-07,2.0427909218455745e-06,0.12131743513645746
2560,0.024355587516225193,0.5204443608423339,0.4516023669068007,0.0035976847346402712
2561,0.010817109149588744,1.9539108722653415e-09,0.0006628407110726602,0.9885200481854278
2562,0.0003705270513529366,0.9588946081827804,0.04065182554928398,8.303921658272596e-05
2563,0.00926885262103054,0.03816626161957628,0.9280361076769542,0.024528778082439032
2564,0.029028473908842417,0.7866332578440001,0.18380709543980234,0.0005311728073551736
2565,0.0476584138026469,1.1706725664776358e-06,0.013571894136276566,0.9387685213885102
2566,0.019449766845618482,2.6169604833479213e-07,2.7721780735216532e-05,0.9805222496775979
2567,0.6629977908839332,0.002598633792751539,0.3023167016851332,0.03208687363818205
2568,0.01590582661766917,1.1961668326073963e-05,0.057268261139614536,0.9268139505743901
2569,0.009345258030943106,0.011204881182713886,0.9111193395471495,0.0683305212391936
2570,0.006846417599048121,0.04112446480242689,0.8876345075166937,0.06439461008183137
2571,0.10835967919669515,0.011275217367227587,0.844523258667263,0.03584184476881422
2572,0.00019762174076911481,0.906357153297978,0.0931399362492568,0.0003052887119959651
2573,0.9673995276674663,0.00010569106708872199,0.019659730905267223,0.012835050360177699
2574,0.7263564015134881,3.0547002402443603e-06,0.009623778398910396,0.2640167653873612
2575,0.11390359917523747,6.226232878340205e-07,0.0005073733061097019,0.885588404895365
2576,0.7682925162099845,2.0897528232252967e-06,0.006951693312990666,0.2247537007242017
2577,0.0009607713857347867,0.9846899018073016,0.014221055985663464,0.0001282708213002084
2578,0.5407472047147931,0.0025926334781819667,0.4409180766349385,0.01574208517208636
2579,4.090444639252433e-05,0.9783833428433666,0.02153982342893784,3.592928130301229e-05
2580,0.021291544281861464,9.438497991623855e-08,1.5495785427329325e-07,0.9787082063753043
2581,7.134779588133935e-05,0.8943169869343273,0.10539978873689222,0.00021187653289911758
2582,0.8544757187850639,0.004480533530611992,0.1347821587126327,0.006261588971691406
2583,0.0001115242769176548,0.9238412181432268,0.07588709510711811,0.00016016247273737807
2584,0.7441120922075793,8.658735346374049e-07,0.00015191502807747302,0.2557351268908085
2585,0.05754864618639492,3.943639465570178e-07,0.023874026888874446,0.9185769325607841
2586,0.8247343941520849,0.0037701324332588297,0.1608345962837766,0.010660877130879553
2587,0.1827261610698786,0.000508677863888412,0.3990762972008581,0.417688863865375
2588,0.03451803399879007,0.05398883762327539,0.8755415766183452,0.03595155175958918
2589,0.7769037622686378,2.5964254479256146e-06,0.010197746320400537,0.21289589498551384
2590,0.0001384578347988769,0.8821443176693586,0.11750885458027027,0.00020836991557208375
2591,0.008565183050668328,0.5489071613634943,0.4383688064690168,0.0041588491168205715
2592,0.009115072767163359,0.03017192460595709,0.943431863220378,0.017281139406501424
2593,1.6277271975387785e-05,0.9851779125651378,0.014796801455465329,9.00870742144849e-06
2594,0.002489345549623047,0.8190484739545095,0.17792774769536052,0.0005344328005069479
2595,5.571611455482229e-05,0.9434829266991552,0.05641892472081133,4.2432465478654403e-05
2596,0.00022371393044425366,0.9938990833571243,0.005859996317325006,1.7206395106417643e-05
2597,0.005876152867421359,0.9587612209938665,0.03529708202098688,6.554411772528577e-05
2598,0.06862366387931997,2.8998360480325754e-05,0.13627233340634418,0.7950750043538555
2599,0.9535086520915781,0.012054175957902208,0.025520739722895133,0.008916432227624855
2600,5.5884636348027104e-05,0.9847719973968158,0.015147206672036258,2.4911294800041474e-05
2601,0.09840112859762051,0.0003782577070186455,0.5579856721119401,0.3432349415834207
2602,0.00030841897800233225,0.9102682728227903,0.08921703148634322,0.00020627671286439263
2603,0.033863426999056215,0.03980220223112648,0.9148251416098325,0.011509229159984723
2604,0.08220299872728318,1.0314932088023722e-06,0.009344859108979977,0.9084511106705281
2605,0.005910916230620767,0.6322705102386715,0.35621718010228687,0.005601393428420666
2606,0.004008367156463166,0.9639640012387006,0.031913838983266725,0.00011379262156953389
2607,0.11474338522463759,1.2087673116493423e-06,1.0110073030895573e-06,0.8852543950007477
2608,0.05913643463488449,0.00011095038019054484,0.17071896329113892,0.770033651693786
2609,0.025329812709786032,3.1115055928767324e-05,0.2247250393947625,0.7499140328395227
2610,0.004444886566823743,2.215567876566719e-06,5.436688844847433e-05,0.9954985309768513
2611,5.033941703500186e-05,0.9982409070936702,0.0017078035088471822,9.499804479095443e-07
2612,0.0003002262139772979,0.9858505969346496,0.013757725787776717,9.14510635965758e-05
2613,8.498959377801869e-06,0.9920207115568609,0.007959317257784825,1.1472225976510963e-05
2614,0.1854430171448001,6.212320112114213e-08,0.0007534087686860968,0.8138035119633126
2615,0.1379951851736913,0.0005524634496248914,0.6413688912200539,0.2200834601566298
2616,0.015573526513844724,0.9796040263986612,0.004813612818639139,8.83426885488658e-06
2617,0.044045988798447754,4.170181662794694e-06,0.11390665471045676,0.8420431863094326
2618,0.15363896723438908,0.38757907996905366,0.4475722412064339,0.011209711590123413
2619,0.23007970119722437,0.07315937662798298,0.6861976737639759,0.010563248410816854
2620,0.1934292287556564,2.2386467009691916e-08,1.6871587123264192e-05,0.8065538772707532
2621,0.008642659428390464,0.03976014867452851,0.9413452296611716,0.010251962235909445
2622,0.024129376659494876,0.0633638185113493,0.8965737818033777,0.0159330230257782
2623,0.004924543344777741,1.212445060874674e-05,0.02219514272351494,0.9728681894810985
2624,0.007862793490455931,0.8379591064434545,0.15231005426754482,0.001868045798544894
2625,0.018886433433283906,0.06535300590409317,0.8668573000641241,0.048903260598498845
2626,0.03661468343315159,0.014562748648915892,0.9246721270423106,0.024150440875621935
2627,0.007380095530329589,0.9567410776648734,0.035330866267118635,0.0005479605376783326
2628,0.5175509348152766,6.407562778572395e-06,0.04061368747417997,0.44182897014776484
2629,0.931204270340813,0.06487964907298924,0.003890843568631106,2.5237017566708392e-05
2630,0.04966992933479671,1.341265993708778e-06,0.06948208813901734,0.8808466412601922
2631,0.00010190177188485842,0.9007062663284008,0.09880737748528795,0.00038445441442645274
2632,0.8509667724059966,0.06756475996890542,0.08079534764943931,0.0006731199756585526
2633,0.0012805531710259794,0.9365149453383549,0.062021298378775215,0.0001832031118438954
2634,0.011581345175611473,0.08387307786003739,0.8870787403334098,0.017466836630941257
2635,0.010131945778990865,0.8879261149817556,0.10122238417409149,0.0007195550651622326
2636,0.3936805122968488,1.890099695153566e-07,0.005965080098193431,0.6003542185949883
2637,0.028648558697436703,0.0043234668067755055,0.802909051056005,0.16411892343978285
2638,0.042653480297513674,4.133673570761814e-05,0.31659687981129714,0.6407083031554814
2639,0.1486245462269149,1.1347571823270289e-07,0.009940137554318223,0.8414352027430486
2640,0.6847205409150164,0.000861913046672948,0.24907847940069988,0.06533906663761078
2641,0.012722516188563638,0.9778304066387231,0.009388020236574974,5.905693613841134e-05
2642,0.07854192033593771,5.759838471960325e-09,0.00023056724347790848,0.9212275066607459
2643,0.05922562333292312,2.4001256400222744e-06,0.09019955254883617,0.8505724239926007
2644,0.01505930580300727,0.0511149534315145,0.9008770403799852,0.0329487003854932
2645,0.0002619766286099382,0.8972818860897905,0.1022595829585958,0.00019655432300384924
2646,0.0003935448523628094,0.9613978517249065,0.03815412576436677,5.447765836383765e-05
2647,7.380140916456392e-05,0.9962993349388107,0.003624412398899384,2.4512531253701287e-06
2648,4.9572917499155854e-06,0.9949737607634949,0.005018881755289725,2.400189465544915e-06
2649,0.44441756103376234,0.001236432777551099,0.08303142702038957,0.4713145791682969
2650,0.8670615022237145,1.1399973703806954e-05,0.045941423080796746,0.08698567472178502
2651,0.15504176192835836,0.8443733151654084,0.0005839815677445958,9.413384886214734e-07
2652,0.0006443477008099242,0.972388240142607,0.026897319259912473,7.009289667041468e-05
2653,0.014341973225220832,0.9467557086440325,0.038646289773135174,0.00025602835761148854
2654,0.4854672455127353,4.005455305458368e-05,0.12138982375205605,0.3931028761821541
2655,0.023558991795835323,0.018535581474096445,0.9033200775294916,0.05458534920057665
2656,0.1548226857482565,0.0011194331031068533,0.7088101980939819,0.13524768305465476
2657,0.0747526064930081,8.277721812554016e-12,2.9318612573266437e-05,0.9252180748861409
2658,0.9016572102560553,3.3264241066133395e-06,0.0001398594613985445,0.09819960385843969
2659,0.0001122574394226135,0.9608277124351623,0.038997608958923694,6.24211664915479e-05
2660,0.01785985953664529,7.977505322180582e-05,0.2848501184314819,0.6972102469786511
2661,0.5010707770478973,0.10209621863308327,0.3879544173250034,0.008878586994016138
2662,0.024530148729441665,0.0006405684528581405,0.7773132590520317,0.19751602376566832
2663,0.0005615344621416715,0.8685549701231918,0.12960601311959968,0.0012774822950668945
2664,0.00018055243263273004,0.9858473117725329,0.013950914153931425,2.1221640902900353e-05
2665,2.6536008256261927e-05,0.9891725061971598,0.01076453461549761,3.642317908621706e-05
2666,0.013450184019367992,0.14064976077081032,0.8317047240911785,0.014195331118643257
2667,0.9693556769232112,0.0006515910118796551,0.01279756985018955,0.017195162214719607
2668,0.337241167570474,2.4300360462642164e-06,7.212829716747712e-05,0.6626842740963124
2669,0.8795115628131537,0.11298178043787024,0.007458581619936008,4.8075129039794566e-05
2670,7.189283968395232e-05,0.9237899322268792,0.07601354044009533,0.00012463449334160085
2671,0.031114344870289665,3.980212087295926e-06,0.0061804588659911805,0.9627012160516318
2672,0.7493022758651007,2.0061452100784827e-06,0.002752498720111518,0.2479432192695778
2673,0.004709789259093072,0.9912233847516936,0.004052484632313658,1.43413568994517e-05
2674,0.10102895057797973,1.525956078934562e-05,0.21621963759249566,0.6827361522687353
2675,0.0318977194338068,0.009043554649702206,0.904428064299506,0.05463066161698502
2676,0.1428063273073504,4.991455975479634e-09,0.0007242799528167348,0.856469387748377
2677,0.03242039558360463,4.968889858049375e-06,0.06557431383718461,0.9020003216893527
2678,0.6801252204650977,0.00448179009200952,0.2890373592410654,0.026355630201827438
2679,0.013540640395341332,0.014241194163092222,0.9193240465493737,0.05289411889219269
2680,0.014095699056037357,6.542616602502853e-07,0.03733345764648691,0.9485701890358155
2681,0.02293609726115894,0.0008789359659044517,0.7186094883447199,0.2575754784282168
2682,0.029554309953544498,0.013685004995902025,0.9036233992189063,0.053137285831647056
2683,0.864227511315313,0.11184553112828692,0.023844068208982962,8.288934741704134e-05
2684,0.9834390242314566,0.0008368932714134594,0.014916041555142688,0.0008080409419873056
2685,0.87276819664656,0.028946102734774565,0.09659290349353107,0.0016927971251342725
2686,0.00030312514472999937,0.8587013444798325,0.1406509592212944,0.00034457115414308605
2687,0.20020111964698242,0.00015068423360071017,0.19540460735681892,0.604243588762598
2688,0.6927131705208553,0.005717098245021682,0.2916462228271401,0.009923508406982941
2689,0.9239391545469732,0.0052667158622082145,0.069370290609481,0.0014238389813375754
2690,0.0008112750063066547,0.9012944647599409,0.09743284980781604,0.0004614104259365287
2691,0.0004045382363383719,0.9190619691084307,0.08020044483520979,0.0003330478200211337
2692,0.002508270373804331,0.8939633087908341,0.10343123646818485,9.718436717677116e-05
2693,0.00013101349507819445,0.9975467721616201,0.002319819530263047,2.3948130386257198e-06
2694,7.649588280717685e-05,0.9710248597489463,0.028829350719510205,6.92936487362589e-05
2695,0.9434064877956486,0.00012901077478549524,0.042240278539665846,0.014224222889900068
2696,8.436296091596383e-06,0.9996444053112726,0.0003468957663475299,2.626262882043428e-07
2697,0.0069429695836289405,0.9091352177881733,0.08333225492186586,0.0005895577063318528
2698,0.00026969672085585335,0.9539226070764277,0.045613457723535776,0.00019423847918073226
2699,0.21833583865049708,4.0171281724949915e-09,0.0008577023165667581,0.7808064550158079
2700,0.0025094948329458123,0.8717073057622057,0.12508297593972764,0.0007002234651208889
2701,1.7322706959598858e-05,0.9993245208200665,0.0006575652470766778,5.912258974186348e-07
2702,0.006944663185101391,0.24515314589989481,0.7432980882888679,0.00460410262613578
2703,0.39922909516444255,0.00032267716869961125,0.18802267416345694,0.41242555350340093
2704,0.03438399723819976,1.9318799969367143e-07,0.00994683874521343,0.955668970828587
2705,0.0006014460682510322,0.9849677962194484,0.0144103238878183,2.0433824482148257e-05
2706,0.002460214932744059,0.8448582900803673,0.15203608256165244,0.0006454124252363794
2707,6.510370971465649e-05,0.988604668795329,0.011153324117189493,0.0001769033777668406
2708,0.46386454840421854,0.00041087662186050614,0.004314274265935195,0.5314103007079859
2709,0.002022489907544809,0.19917740336911,0.793368151495771,0.00543195522757429
2710,0.0039685572724115475,0.6062659740274959,0.38831012879958293,0.001455339900509493
2711,0.6288302777109698,2.8862014945567e-07,0.0024223041215066295,0.36874712954737404
2712,0.864934979263526,1.8833947977203132e-05,0.04247048916483828,0.09257569762365854
2713,0.009273619766979177,0.5439638689262657,0.44423040118696794,0.0025321101197872523
2714,0.12284731447824329,9.85699628660694e-06,0.0018798855531544439,0.8752629429723157
2715,0.6878081507931866,9.86117752558234e-06,0.05034248254558514,0.26183950548370283
2716,0.7840108314277584,2.3980140907611582e-05,0.0028123152624786587,0.21315287316885523
2717,0.10462336151907403,0.00013904635733372046,0.3713375374100078,0.5239000547135844
2718,0.2640136130176557,0.004405202265862011,0.6923660587939167,0.03921512592256547
2719,0.018097656693650845,0.8345117312863575,0.14629687301153077,0.001093739008461131
2720,0.00047115256948140584,0.8941990003524258,0.10460045746352055,0.0007293896145723749
2721,0.47932514809477683,6.430173316666798e-07,0.0010183914429741138,0.5196558174449174
2722,0.10645010475574623,0.00033396369921733583,0.6616318570969707,0.23158407444806584
2723,0.10883953715321139,4.496700072072423e-06,0.0989691005542119,0.7921868655925046
2724,0.845976831747873,0.0010666814802126454,0.11642763409496693,0.03652885267694744
2725,0.9428558948368442,4.755702130059958e-07,0.0012251654216255121,0.055918464171317225
2726,0.26458041760480044,4.810239923942237e-05,0.020447239022194832,0.7149242409737653
2727,0.001240525225948231,0.7735169126057033,0.22458093922750347,0.0006616229408451048
2728,0.1253785761366135,4.705633862996549e-06,0.12601441721197273,0.7486023010175509
2729,2.3822253430188527e-05,0.9634974239269728,0.03641231705958454,6.643676001246554e-05
2730,0.0006641314139434709,0.9696610104866485,0.02965702810855114,1.782999085711022e-05
2731,0.019175158414621248,0.005201755935465029,0.9032467903602888,0.07237629528962505
2732,0.07407109711412524,0.0026483649373958006,0.7081247662059882,0.2151557717424908
2733,0.004886145850193307,5.743166511332831e-06,0.05821226701950361,0.9368958439637918
2734,8.95002009147929e-05,0.9054376178386873,0.09434922571336532,0.00012365624703251116
2735,0.0014937590693410168,0.9406474870317947,0.057803307177235225,5.5446721629110164e-05
2736,0.013346528875069655,1.6393287926790942e-09,2.6925913561339675e-07,0.9866532002264659
2737,0.03389203583396228,0.7869028839357413,0.17855307283357502,0.0006520073967215556
2738,0.7803151894808632,0.0005665336127393901,0.02091093547419644,0.198207341432201
2739,3.663454874396556e-05,0.9998175686539968,0.00014533453610662765,4.622611524092858e-07
2740,0.008512967398274136,0.029856900225962785,0.9340053315376788,0.027624800838084024
2741,0.004052575186251951,0.4821527840220808,0.5080447940666326,0.0057498467250346715
2742,0.001175380911216356,0.845558948361573,0.15300269559812454,0.0002629751290860739
2743,0.10167798274292873,1.7057815913262728e-07,0.02516640547616587,0.8731554412027464
2744,0.013753980943915252,0.8343921600357658,0.15059343186437807,0.0012604271559407752
2745,0.8650198074441192,5.213636862467187e-09,2.4549152638333696e-05,0.13495563818960557
2746,0.9596623319704508,9.084902029622714e-09,1.7212270078114685e-05,0.04032044667456915
2747,0.00011779197708506096,0.9801540695315016,0.019705148918771575,2.2989572641835104e-05
2748,2.5017518592870274e-05,0.9859699204591468,0.013966298726859514,3.87632954006928e-05
2749,0.2583465744803425,0.0012901963996733816,0.4525555888282657,0.28780764029171857
2750,0.8625770132728884,0.000146067677901591,0.09617590218625562,0.04110101686295425
2751,0.03568606587369829,0.014563364051979444,0.8426244760466438,0.10712609402767861
2752,0.005736633664939466,2.400319263880035e-09,3.0923329578341627e-06,0.9942602716017834
2753,0.8464934636873004,0.0012529008121345117,0.14618484520215372,0.006068790298411508
2754,0.003980593979238756,0.9758319757595538,0.02015341941581502,3.4010845392179297e-05
2755,0.03999461847004115,0.31539446401961113,0.624147708063316,0.020463209447031682
2756,0.032375418496256914,0.09439053026925584,0.8472561031445649,0.025977948089922535
2757,6.020668335639307e-05,0.9839570026002531,0.015960145566232327,2.2645150158311862e-05
2758,0.00010761511553272035,0.940404742180769,0.05943267847486021,5.496422883798886e-05
2759,0.03164477382065097,0.0785577246029808,0.8681573861536287,0.02164011542273946
2760,0.1557734221260923,5.73384763016475e-07,2.6602469509690885e-05,0.8441994020196351
2761,0.015911390677887507,0.0347786327283659,0.9258692605882444,0.023440716005502158
2762,0.7973802839771802,3.7826835050615945e-06,0.013309879078082296,0.18930605426123254
2763,0.8323456553205446,7.728810556273277e-05,0.06606544446837644,0.10151161210551624
2764,0.001243145444416639,0.9328348269973861,0.06537399482021305,0.0005480327379842129
2765,0.22623939534339335,3.336261649023713e-08,0.0009160009546701276,0.7728445703393201
2766,0.38289376278640175,6.566526040596089e-07,0.0032821997581116216,0.6138233808028825
2767,0.008607474632417808,0.7443741431632175,0.24532302313069987,0.001695359073664957
2768,3.991727258556876e-05,0.949064306741168,0.05076969660701493,0.00012607937923127973
2769,0.9020294144636808,4.3162231005973795e-09,5.6020456383328235e-06,0.09796497917445773
2770,0.582769630257395,0.3223663727979131,0.09382446815855303,0.0010395287861387488
2771,0.10598478660732708,0.01377617217169858,0.8424743390460137,0.03776470217496072
2772,0.8254895365166667,1.235736071022198e-06,0.0004675888603470192,0.1740416388869153
2773,0.9630969681647705,0.0257801317823508,0.010954090667291676,0.00016880938558699022
2774,0.02257042636717827,0.3076809166280957,0.6618813085797107,0.007867348425015243
2775,0.6762076713366819,5.088807818586952e-08,0.00025090612698928607,0.3235413716482506
2776,0.03486600074248988,5.118880082122298e-05,0.3385507288331959,0.626532081623493
2777,0.11154860449325567,9.540486435540518e-06,0.002166012095504224,0.8862758429248044
2778,0.0087841166366413,5.053568840292346e-10,2.2890989098474205e-05,0.9911929918689034
2779,0.0007911711939344832,0.9768729726494847,0.022190770713003596,0.00014508544357726467
2780,0.05081807313141655,2.510067036881016e-06,0.12714851653315895,0.8220309002683875
2781,2.1189269637770746e-05,0.9834479102506297,0.016515867243973702,1.5033235758781761e-05
2782,0.0773392091000348,3.597716569919117e-09,1.3735334668855553e-07,0.9226606499489021
2783,0.010670567572758171,0.0054642257728216475,0.9310286055729498,0.05283660108147062
2784,0.06431451407170272,6.415645289191238e-05,0.1427590010256216,0.7928623284497838
2785,0.00016436593720697864,0.9870010736404021,0.012817553951436538,1.7006470954214547e-05
2786,0.0010644927863736038,0.828853291843715,0.16972971569714324,0.0003524996727681016
2787,9.965668227443806e-06,0.994631621537621,0.005356498308495725,1.9144856560193154e-06
2788,0.10751193205061363,0.05264892188731454,0.8091582424238289,0.030680903638242864
2789,0.839607949270377,0.0016835638013297273,0.031932171939636635,0.1267763149886566
2790,0.00714772320583941,0.9760987626911929,0.016726976668120876,2.6537434846704713e-05
2791,0.00019423188999230886,0.9988459534513905,0.0009582726721044272,1.5419865127593945e-06
2792,3.79515135251958e-06,0.996863785524091,0.003128987242816795,3.4320817395157567e-06
2793,0.7177630879647515,1.9342434403529667e-08,0.0020789256498676655,0.2801579670429465
2794,0.5323853532459021,3.090780119062867e-05,0.018452347779349353,0.449131391173558
2795,0.10267259004529437,2.6592910925693237e-08,5.241545740344368e-06,0.8973221418160543
2796,0.23053267297842386,0.0016825703590449984,0.6710600812769442,0.09672467538558696
2797,0.000563923454840796,0.9839522752618439,0.015388948296562253,9.485298675304243e-05
2798,0.07637944996776529,5.016667762803746e-06,0.15699979663122643,0.7666157367332456
2799,8.795910006241223e-05,0.918615991173987,0.08108689038520808,0.00020915934074258215
2800,0.00040964266861645446,0.9330747468745302,0.06635681978413807,0.00015879067271541217
2801,0.00523491447020754,0.9885360820728949,0.0060766784745839965,0.00015232498231346653
2802,0.06867992839384962,0.23052438293497937,0.689715248999863,0.011080439671307863
2803,0.011281011182923071,0.8937216502354297,0.09476824105627663,0.00022909752537054852
2804,0.009784998749000162,7.610241252603086e-07,4.741101176327491e-05,0.9901668292151112
2805,0.002414245993744823,0.8550340460502676,0.14201479351745402,0.0005369144385336152
2806,0.003843161653807077,0.044103381775822764,0.9373571420254334,0.01469631454493674
2807,0.00024282662942176094,0.9651445909829819,0.034564315912309004,4.826647528745049e-05
2808,0.14686838250073003,3.222668510044302e-05,0.13383778290878764,0.7192616079053819
2809,0.8421705366767324,0.00010753850799257553,0.09131116810548981,0.0664107567097854
2810,0.05270857314734147,3.62170245123031e-05,0.342594333354146,0.6046608764740001
2811,0.13967221266882685,0.04825870499592838,0.7946043029491466,0.017464779386098132
2812,0.062040735569410005,3.483694407881802e-05,0.1071586470380136,0.8307657804484975
2813,0.1623643496498987,1.2863795592339745e-05,0.02223348125682379,0.8153893052976852
2814,0.0028795658621662444,0.8943339841877702,0.10260273789311486,0.0001837120569487187
2815,5.905210996554532e-05,0.8797462714623584,0.12011777913612233,7.689729155388182e-05
2816,0.005848522637889952,0.025201007372563887,0.9491375533406888,0.019812916648857155
2817,0.008571343743880971,0.8696932281027551,0.12154644090606757,0.000188987247296514
2818,0.11264624742520148,4.733564423998875e-06,0.13977227335598233,0.7475767456543922
2819,0.0015423818913961344,0.9471379928804563,0.051204446283673,0.00011517894447458497
2820,0.0045167391497394635,0.06514947210079243,0.9235478875781622,0.006785901171305827
2821,0.8506944004987894,3.0385797008677857e-05,0.048225955739529695,0.10104925796467218
2822,0.0010968734603722862,0.9128265391980506,0.08480495274578154,0.0012716345957958322
2823,0.0003732239344388266,0.9214862088843717,0.07801078684113387,0.00012978034005556378
2824,0.00031803584289820597,0.8698624172991468,0.12944642481684165,0.00037312204111337733
2825,0.6088355516426318,0.2558183168352232,0.13495447343368097,0.0003916580884639095
2826,0.0002720880058160924,0.9880884967523784,0.011585053470070434,5.436177173522164e-05
2827,0.07713541374629584,4.978974037265796e-05,0.07683101746011754,0.845983779053214
2828,0.21515779342557073,1.0918914312932775e-05,0.09944895697777288,0.6853823306823434
2829,0.1355023588679567,1.91815743469116e-06,0.018250123288763416,0.8462455996858452
2830,0.0008668044695181847,0.9568516094179825,0.04202681114766282,0.00025477496483651926
2831,0.00010444455581845587,0.9882959720815476,0.011583959285564521,1.562407706942514e-05
2832,0.02605876470070492,2.305793717925813e-07,0.03130463945373982,0.9426363652661836
2833,0.001210861800204165,0.42440880940169246,0.5705471638237843,0.0038331649743191076
2834,0.00026965276650640327,0.9328836637305421,0.06671225950975561,0.00013442399319589892
2835,0.0011089933775087263,0.9556954696638704,0.042897693010945794,0.00029784394767494373
2836,0.11415730672971462,1.5583731467904996e-06,0.12010715797848033,0.7657339769186582
2837,0.7385519730863599,2.596274553079732e-07,9.76776361291088e-07,0.2614467905098236
2838,0.0411940500102616,0.0030414581492298246,0.8755504731427363,0.08021401869777237
2839,0.00020862488437840506,0.9521936205941542,0.04745309425673993,0.00014466026472759948
2840,0.2332139712340862,1.3890990015409373e-05,0.009478560030886936,0.7572935777450114
2841,0.13464149071092452,2.0963408301682837e-07,3.870290543240675e-06,0.8653544293644492
2842,0.9358597162741114,0.002508819955236548,0.05986448608665613,0.0017669776839959051
2843,0.0030650353631639805,0.9739127866494206,0.023013845635342794,8.332352072620667e-06
2844,0.040731664275457935,0.3825538293005376,0.5715132232463308,0.0052012831776735505
2845,0.05621640061972278,0.06646285092074775,0.15875197883159262,0.7185687696279369
2846,0.9385039757288198,0.005069076456053815,0.04705799441412027,0.009368953401005973
2847,0.6381205728180639,0.0025159849073339924,0.17864777008676014,0.1807156721878421
2848,0.14807955919398375,2.0163304986858126e-07,0.00013331876950204322,0.8517869204034644
2849,0.00048646087565548077,0.9994299107966983,8.360769496088685e-05,2.063268511208738e-08
2850,0.027752106460211437,4.015050202921343e-09,0.0012530788042101808,0.9709948107205283
2851,0.001946695614944865,0.811228845222172,0.18626928806451915,0.0005551710983640371
2852,4.7991061690917316e-05,0.9620999439996659,0.0378008752103668,5.118972827647756e-05
2853,0.04134131586700209,0.0021367848509664137,0.8621177245097239,0.09440417477230757
2854,0.0017537798599758028,0.8411860095260918,0.1565791061140722,0.0004811044998602125
2855,6.476990843935757e-05,0.9920029747265183,0.007907780898216393,2.4474466825809193e-05
2856,4.449306737172721e-05,0.9965223930046072,0.0034319297630409436,1.1841649800149277e-06
2857,0.007421236477946623,0.775971462537903,0.21545845033246278,0.0011488506516876445
2858,1.9419478044814456e-05,0.9982698371105547,0.0017067395537555873,4.003857644580978e-06
2859,0.015022787844518251,1.2156887953165018e-05,0.04150008953023253,0.943464965737296
2860,0.000131085516603145,0.8864646574787356,0.11318309390958267,0.00022116309507874435
2861,0.3005519867809401,3.1092929197749993e-05,0.019242231701849216,0.680174688588013
2862,7.428512219661181e-05,0.9283606233952446,0.07139081865909092,0.00017427282346805002
2863,4.4326805800753457e-05,0.9606513766453316,0.03925272136057168,5.157518829596643e-05
2864,0.010191050503308947,0.19147472768270987,0.7758897515794788,0.02244447023450252
2865,1.831061516395617e-05,0.990557842609266,0.00941952316189629,4.323613673804213e-06
2866,0.94710921988736,0.0006548552541993371,0.03188835088620382,0.020347573972237038
2867,0.015093766799729865,1.483512009595607e-08,0.0024900961879180407,0.982416122177232
2868,0.03301574710990295,0.010744177747959816,0.9015142200496462,0.05472585509249092
2869,0.9460782496438843,0.04199482314809377,0.011228213092693243,0.0006987141153287668
2870,0.9389123687860889,0.008579191934005954,0.050755854874556694,0.0017525844053485797
2871,0.09702466220340247,9.059233093260615e-07,0.060642481137209034,0.8423319507360791
2872,0.9785175025673003,0.004243685795787358,0.016865320383045133,0.0003734912538672786
2873,0.8559567696897998,3.1184661719249685e-07,0.00209663873246897,0.14194627973111418
2874,0.8242180592054169,0.019591962257517994,0.1511403355567164,0.005049642980348506
2875,0.00015134773091235877,0.9786315759348247,0.021189064771096704,2.8011563166213343e-05
2876,0.0011255102008965237,0.33775157335071637,0.6600383634629888,0.0010845529853982345
2877,0.26859705638865744,7.365767975544584e-05,0.4329096788835292,0.2984196070480579
2878,0.8024195927922603,0.19265362992733226,0.00490150761348724,2.526966692037356e-05
2879,0.105634301000002,1.291543407572101e-05,0.15259906802732753,0.7417537155385948
2880,0.22390689094014532,1.203560979844925e-07,1.7696934190882677e-06,0.7760912190103375
2881,0.03328773955193323,1.2229222678350515e-07,0.02122915514749248,0.9454829830083475
2882,0.00190621499331969,0.9271687576510538,0.06981658720857033,0.0011084401470560854
2883,0.0913504754058256,0.005624103830956949,0.8275008448361587,0.07552457592705868
2884,0.00020725319795360513,0.9790864604195637,0.020611771477552596,9.451490493023297e-05
2885,0.012011837232190455,0.00023323761642198647,0.036991018272650666,0.950763906878737
2886,0.7314828181572514,0.01777956493515406,0.221021098511116,0.029716518396478646
2887,0.010346058331864116,0.0068967284714795424,0.9341203450480313,0.04863686814862501
2888,0.0034008718980548533,0.978991515363641,0.017523741861159993,8.387087714401991e-05
2889,0.8195538316633739,3.0430698155701883e-06,0.00856815804620396,0.17187496722060652
2890,0.924879654127137,0.00010426889945799165,0.03609257823314453,0.03892349874026054
2891,0.00019751020453020554,0.8820679528773431,0.11743998405154006,0.000294552866586765
2892,0.3673324420431453,0.01113699620522202,0.23715469175897277,0.3843758699926598
2893,0.0015865128159297773,0.8989161742122879,0.09853339077588896,0.0009639221958933341
2894,0.0012658999680517228,0.9553950388962668,0.04299879127260554,0.00034026986307592397
2895,0.006362534356408784,0.9609833255876558,0.03210596834563826,0.0005481717102971353
2896,0.021283394276161882,0.13245453602131366,0.8353357355841563,0.01092633411836803
2897,0.06716611323308215,0.05202824204423639,0.8525731659260986,0.028232478796582798
2898,0.00020830143842207182,0.976096583135052,0.02367486818976345,2.0247236762479486e-05
2899,0.03335057401237072,2.2954415369295332e-07,1.9202249463411845e-05,0.9666299941940122
2900,0.0008272130035309375,0.9061426782946076,0.09218150138027506,0.000848607321586611
2901,0.03111804135160704,0.037109452206761775,0.9138326345211452,0.0179398719204861
2902,0.031381423526176115,0.09492217299264884,0.8654028603544588,0.008293543126716225
2903,0.00010138955922585676,0.984562910219061,0.015324649048020774,1.1051173692347399e-05
2904,0.007974654231356354,0.022637660194197357,0.9490752386617022,0.0203124469127442
2905,0.6556718015761991,2.3741748963407805e-05,0.05535366726645827,0.2889507894083793
2906,2.3356101287356504e-05,0.9992272991232795,0.0007468273066698939,2.5174687631307454e-06
2907,0.34125646620307654,2.7244108029086164e-05,0.06419805924771457,0.5945182304411798
2908,0.07319614559124459,0.00016674554522276282,0.14812676061185337,0.7785103482516794
2909,0.021923705440135267,9.708405221980209e-06,0.03811577026679232,0.9399508158878505
2910,0.0034714270189381553,0.949153003703673,0.04728463016469466,9.093911269421032e-05
2911,0.00035229146989772535,0.9314091056042029,0.06812553505075127,0.00011306787514811314
2912,0.9551191695057611,2.1835353403900965e-05,0.016387904583181775,0.02847109055765305
2913,0.11642336156471601,0.21525995485748403,0.6497342608382739,0.018582422739526008
2914,0.8144973017946259,6.514476341445925e-08,0.00013365281843029294,0.1853689802421805
2915,0.005956950504529429,0.002153272874875607,0.7583122896443021,0.23357748697629296
2916,0.06048472106138728,5.5065704460686815e-05,0.30897855502055616,0.6304816582135958
2917,0.00013473852826948834,0.9138495837559418,0.08587803578635748,0.00013764192943108454
2918,5.8703172957026065e-05,0.9671408579701586,0.03273592310813263,6.451574875156574e-05
2919,0.03999842181742776,1.992049115836596e-06,0.022546751434165603,0.9374528346992909
2920,0.00015258848342896613,0.9606105545687452,0.039134510797252796,0.00010234615057318538
2921,0.0243253974425888,0.0005167134790497205,0.6665020896394542,0.3086557994389073
2922,0.012653364360792186,0.6152373538006063,0.360293745167269,0.011815536671332462
2923,0.020298936430859667,0.00011890700824007861,0.15148734217225215,0.8280948143886481
2924,0.0003406968871980488,0.9026826271070423,0.09673153314586651,0.0002451428598931922
2925,0.9199553474360983,0.04646120794170486,0.033218954924876205,0.00036448969732073123
2926,0.6316006550934103,0.005641055579253898,0.34072938910300526,0.02202890022433056
2927,0.05682100576995707,0.5982813179363059,0.34130246894113925,0.00359520735259776
2928,2.593737979626195e-05,0.9993998262120547,0.0005739028904972304,3.335176518551857e-07
2929,0.023867879538562887,1.5165297636713967e-05,0.22906258806422788,0.7470543670995726
2930,0.14701357722088762,7.440744140708023e-07,0.0032791664436396684,0.8497065122610586
2931,0.005278138811026245,0.3283857690527246,0.6610731177712351,0.0052629743650140955
2932,0.34423066955913534,0.6369894293941706,0.018417452197469753,0.0003624488492243675
2933,0.6928069607439269,0.09999587817661867,0.19776853725894153,0.009428623820512879
2934,0.8867062788167173,7.702306957216877e-05,0.07724635042071647,0.03597034769299412
2935,0.06751740574153416,1.6954318539276527e-09,1.5096529163589982e-06,0.9324810829101176
2936,0.00024061857146194982,0.9652123863553754,0.03428628040043937,0.0002607146727233548
2937,0.0001459706936603135,0.9527716176918232,0.04699537400795223,8.70376065642458e-05
2938,0.017643108235369413,2.5136249009235505e-07,0.01747939090527863,0.9648772494968618
2939,0.8512142864571557,0.1425585360084853,0.0062137861878522865,1.3391346506584343e-05
2940,0.02993968975808866,6.49375076394042e-05,0.191440895974186,0.7785544767600859
2941,0.9045707056704119,0.03370953211171437,0.02891431396640775,0.03280544825146612
2942,0.11594144768265599,5.359345668991912e-05,0.09414580005780722,0.7898591588028469
2943,0.5615128227161654,2.05210593575443e-06,0.00017055308589695634,0.43831457209200186
2944,0.0001374393563660149,0.8963588700627022,0.10331874583057717,0.0001849447503547246
2945,0.043916241352475745,0.0007388209750622354,0.5861695381821594,0.3691753994903026
2946,0.022013951390837082,0.8711710859383512,0.10633703137550991,0.0004779312953019514
2947,0.11505802795789984,0.08861897030666196,0.7823121190208073,0.014010882714630923
2948,0.4014083458502882,0.06275013463605877,0.5260527982558454,0.009788721257807642
2949,0.24143327495889783,0.6675225277165544,0.09085868107746152,0.00018551624708610095
2950,0.34188250184070385,0.6549923139228263,0.00312152778539402,3.6564510757967397e-06
2951,0.7660575422457037,4.084179523268997e-06,0.009474388561032356,0.22446398501374065
2952,0.00013016244219861918,0.9033063295297687,0.09643359679823538,0.00012991122979718933
2953,0.2642812179217274,1.754628527402854e-07,0.004596049827338608,0.7311225567880812
2954,0.005756672422490819,0.3956486539604627,0.5934573180898459,0.00513735552720055
2955,0.3779475612665142,1.794214719570605e-05,0.17556827740866834,0.4464662191776217
2956,0.13245690479962888,0.007692497241831655,0.7880963610370243,0.0717542369215153
2957,0.05300121449863558,0.05521243705010775,0.8747807515581031,0.017005596893153518
2958,0.01440008780756313,1.8573054158198788e-07,0.012714604684841802,0.9728851217770534
2959,0.9040049118697516,1.0211715963467704e-05,0.01695012939942796,0.07903474701485706
2960,5.6936636602884026e-05,0.9084612839865028,0.09123218539453437,0.00024959398235997943
2961,0.0005848691569416216,0.9722149701282661,0.027136435149879304,6.37255649129655e-05
2962,0.4240560925015239,2.1898878785937123e-06,0.00103967842543396,0.5749020391851636
2963,0.0010536911100082157,0.8118034084324797,0.18581826696916295,0.001324633488349052
2964,0.0016343357073319142,0.9489386064448455,0.04847055233298769,0.0009565055148349442
2965,0.0005180633726411261,0.9595378972223513,0.03949867522312143,0.0004453641818861816
2966,0.10925838112857157,0.0005440936995348677,0.4956726774752572,0.3945248476966365
2967,0.0002813299275664534,0.9912241466228238,0.008451231545929567,4.3291903680115055e-05
2968,0.009860261938832198,0.09238667518288361,0.8865020760395564,0.011250986838727757
2969,0.004924543344777741,1.212445060874674e-05,0.02219514272351494,0.9728681894810985
2970,0.0011099981424394373,0.9760599418461934,0.022694411007502597,0.00013564900386466708
2971,0.09992844087389777,7.668520743310551e-05,0.036960124550926045,0.863034749367743
2972,0.04309663454288197,0.00042576463007074766,0.6235477251594178,0.33292987566762955
2973,0.846720145972046,0.007836742997811457,0.12396878466947009,0.02147432636067236
2974,0.062201336215251826,1.7678871871513184e-05,0.1464938558049726,0.7912871291079041
2975,0.00022889437305357143,0.9496200345139305,0.05010902042839948,4.205068461639287e-05
2976,0.05400696941052129,0.117731923900226,0.811177103153766,0.017084003535486662
2977,0.06289901470358718,0.0065764355320499955,0.8524621685780326,0.07806238118633022
2978,0.030079469696574667,0.0007325271609114933,0.6690781520136294,0.30010985112888433
2979,0.09613830842319161,0.016601348759496096,0.8608785743984156,0.026381768418896504
2980,0.1428671630554935,0.0002257956778264994,0.3378276788554716,0.5190793624112084
2981,0.01790699235249863,5.709694449489433e-07,0.009137959822528297,0.9729544768555282
2982,0.2580904876364645,3.113465179840525e-05,0.02169685413233323,0.7201815235794038
2983,0.00017647648341659656,0.9558904633932186,0.04379914333267108,0.00013391679069374177
2984,0.07906537354461392,1.6105160467558827e-06,0.012792602028381799,0.9081404139109576
2985,0.0008067135199093487,0.9108028274100449,0.08817522857873054,0.0002152304913152685
2986,0.7444195832642684,2.867929507722328e-06,0.0016216785903616893,0.25395587021586213
2987,0.06528040710843355,0.022015227238866404,0.8353316628924115,0.07737270276028871
2988,6.294726845791396e-05,0.948064573402321,0.05176212545440565,0.00011035387481546659
2989,0.07706803241780617,8.328383475501162e-08,0.0011489472138743579,0.9217829370844848
2990,0.04938945853027007,1.4489502653303105e-08,1.385466502617837e-07,0.950610388433577
2991,0.016311698359977013,0.0003935724464798236,0.2216514656547869,0.7616432635387562
2992,0.9613042501569495,0.000303346286934024,0.03139687650870242,0.00699552704741405
2993,0.8415001195774738,4.1720679107589255e-05,0.03925508309239886,0.11920307665101985
2994,0.1455480931310987,0.8439724689618879,0.010463254507705414,1.6183399307786568e-05
2995,0.8439837166735771,7.111922273399594e-07,0.004353648532093329,0.15166192360210237
2996,0.045696644867268536,0.0015032422439842374,0.6659048456559544,0.28689526723279263
2997,0.04413074148381841,0.5508225067607011,0.4003460721294582,0.004700679626022132
2998,0.08047420613854721,0.8134764003463539,0.10556999056567666,0.0004794029494221298
2999,0.0013118748287336266,0.9650650695921507,0.0335666044804766,5.645109863941287e-05
3000,0.0775385056869302,5.1599549260384535e-06,0.13290255379665097,0.7895537805614928
3001,0.1946292089415859,6.145509206992417e-06,0.0001127155357616854,0.8052519300134454
3002,0.74933342717411,2.8880137197129218e-05,0.009814996907333067,0.24082269578135979
3003,0.0038228225058051938,0.7358958005613189,0.25495802578020893,0.0053233511526671025
3004,0.0003812733799667238,0.9758627624566195,0.023702326050733476,5.363811268024332e-05
3005,0.188978745604908,4.554734986136717e-06,0.07674145524128936,0.7342752444188165
3006,0.09969087324883243,1.0454967454305436e-05,0.0398495085415011,0.8604491632422121
3007,0.8931843927020215,0.0014448951370404633,0.043604732059690114,0.061765980101248036
3008,0.00013774044543598418,0.925132611379518,0.07465003523738774,7.961293765840167e-05
3009,0.010495122865656008,0.07962913070534788,0.8953564786220937,0.01451926780690233
3010,3.6113879548689765e-05,0.9986077137451788,0.0013543749763723597,1.7973989002344576e-06
3011,0.10704271556889466,0.3749172739922103,0.4886603404650566,0.02937966997383841
3012,0.036167222234839945,1.985671661651103e-05,0.23908971056684056,0.724723210481703
3013,0.012964805373644568,0.04325649495147778,0.9198680231523197,0.023910676522557902
3014,0.00024585701404297006,0.9080409074084703,0.09079275493059308,0.000920480646893549
3015,0.03007117714735768,0.017602716853148875,0.9166000110595582,0.03572609493993514
3016,4.234313046266892e-05,0.8583746078644788,0.14143948292113998,0.00014356608391853824
3017,0.007720378668935523,0.8137735643438891,0.17830541847410958,0.00020063851306568661
3018,0.9528976415399123,0.045189892019969605,0.0019077664261952841,4.700013922778599e-06
3019,0.04155736779314372,1.0294853183990943e-05,0.2411833170419913,0.717249020311681
3020,0.02707978973381435,0.09348571172088921,0.8633463061738247,0.016088192371471743
3021,0.00026966216202540345,0.9926863013208465,0.007038779918669491,5.256598458560747e-06
3022,0.16944239069416298,0.002746156512296852,0.759599354050213,0.06821209874332733
3023,0.028189268807923402,3.6832417002314985e-05,0.17623438860711566,0.7955395101679585
3024,0.02482442794896011,0.014640944144807606,0.9330983050380512,0.02743632286818118
3025,0.12095979391594518,0.018000248549825223,0.8179151944683392,0.04312476306589037
3026,0.002079002463362513,0.9481278116350617,0.04970579775801381,8.738814356199568e-05
3027,0.000617103950837426,0.9105988962140817,0.08863715642022087,0.0001468434148599293
3028,0.0007802909138045787,0.9914459459150033,0.007768679721476017,5.083449716087457e-06
3029,0.022884785938039536,1.298043439495946e-06,0.0551613000118831,0.9219526160066378
3030,0.0022232086108409854,0.7891831033517932,0.20774579297875168,0.0008478950586142399
3031,0.05436927913061872,0.1084859184314055,0.8277440787470608,0.009400723690914941
3032,0.844701007672116,0.12845440737386557,0.017293805110981202,0.009550779843037299
3033,0.0009751731543740521,0.9703191808276368,0.02865230914529875,5.333687269019696e-05
3034,0.006864352234294184,0.13254270332807663,0.8543950066128752,0.006197937824754075
3035,0.030099047461883917,1.6245213666486025e-05,0.4555624287221933,0.5143222786022562
3036,0.04377863867597115,1.2723844641154786e-06,0.09284576581168161,0.8633743231278831
3037,0.6288673072902172,0.03274978239156177,0.30953733979914294,0.028845570519077986
3038,0.0006299381116603339,0.9726906606912304,0.02648012364031912,0.00019927755679025348
3039,0.021827124253664155,0.0170503105135418,0.9169892538419696,0.044133311390824485
3040,0.09183284377597467,0.00021236825058646515,0.001558323604185954,0.9063964643692529
3041,4.889504494072704e-05,0.9956984432917513,0.004243398256578721,9.263406729395287e-06
3042,0.02107273041436345,0.00019247095524044746,0.46517385478585443,0.5135609438445417
3043,0.017430766570032712,0.08315638522691707,0.883786564048979,0.015626284154071
3044,0.9082970815054004,0.004838603056878526,0.08210508299755158,0.004759232440169438
3045,0.0009152138326189408,0.9354164845369313,0.06329761480932065,0.00037068682112896236
3046,0.023043065545086124,0.017746042072799315,0.9118729486021376,0.047337943779977014
3047,0.004366411034167603,0.201152791910223,0.7789771207184103,0.015503676337199103
3048,0.032489659279933594,0.9346294533930924,0.03258918326699913,0.0002917040599749945
3049,0.0024103859857058365,0.9962024397297078,0.0013851077710395694,2.0665135469411547e-06
3050,0.004208332487289387,0.924040521459842,0.0715678552350231,0.00018329081784559915
3051,0.7688510869771585,0.0006340659093321913,0.18859943522305642,0.04191541189045292
3052,0.0014634490004286657,0.8078967710891675,0.18996907677019614,0.0006707031402077283
3053,0.003098900769097767,0.9038830564226401,0.0927114236813616,0.0003066191269004517
3054,3.1695578424089923e-05,0.9926697882058803,0.0072942107414248536,4.30547427090464e-06
3055,0.004194893408638968,0.9861794302859407,0.009620188790500991,5.4875149194509375e-06
3056,0.0004553997780322202,0.8702702511001221,0.12896028164847878,0.00031406747336697795
3057,0.019290621084947765,4.69734937177842e-06,0.05250857301092342,0.9281961085547571
3058,0.022995962614628787,0.00015546281804866823,0.5153165099343844,0.4615320646329382
3059,0.0008813341695023112,0.9056030938195543,0.09312169613916982,0.0003938758717736948
3060,0.8163740783188476,4.5309684187422486e-05,0.026812819729710734,0.15676779226725443
3061,0.0003227512928632447,0.967471128815911,0.032150277604155446,5.584228707023368e-05
3062,0.9631409681810974,3.9965290865761524e-05,0.019863024863034536,0.01695604166500238
3063,0.00015551167992327049,0.8769184718379066,0.12272641185440496,0.0001996046277652421
3064,0.8440373040276293,6.258890179530591e-05,0.09123252374272989,0.06466758332784549
3065,0.03640825879289911,3.21394532776201e-06,4.054159513684711e-05,0.9635479856666364
3066,0.10472947486423419,0.8787547300911434,0.01645985502140367,5.59400232187914e-05
3067,0.00020857342526326957,0.9857959058214366,0.013969856163337747,2.566458996232286e-05
3068,0.016085208937018407,5.722210120517924e-06,0.06489067603540957,0.9190183928174516
3069,0.00026426549330582855,0.962688574026105,0.036948403107144936,9.875737344401993e-05
3070,0.3404756021101858,0.00030588280350573514,0.028535662606764912,0.6306828524795435
3071,0.012209499469700336,0.0536308933642204,0.9088306408776998,0.025328966288379356
3072,0.015617401825475316,0.6958154499098083,0.286778632792561,0.0017885154721553572
3073,0.09913729752041911,1.8439760829036787e-08,0.0016746961320155127,0.8991879879078045
3074,0.013939031459591189,0.4662666355490017,0.5069254099149008,0.012868923076506309
3075,0.14356513880041252,3.8434579840147914e-08,3.3206316287263537e-07,0.8564344907018447
3076,0.0008994186919268157,0.9576127357241923,0.04140534327504162,8.250230883921165e-05
3077,0.003861790602561827,0.159453717281328,0.8262328749023999,0.010451617213710278
3078,0.001781195282153931,0.96871247770569,0.029014243182275898,0.0004920838298801753
3079,3.0982357706596047e-06,0.999589867853709,0.0004069685714591488,6.53390611597476e-08
3080,0.034695690167891806,7.426110427631999e-06,0.1052630863728682,0.8600337973488124
3081,0.17079724841408572,0.07638822321773311,0.7493159515771685,0.0034985767910127624
3082,0.02587432082102731,0.01814148467782691,0.8979437509175402,0.05804044358360558
3083,0.7520679654487681,4.646333158373795e-05,0.012998173453435407,0.23488739776621267
3084,0.00360674566364761,0.2611359657761485,0.728443751170995,0.006813537389208846
3085,0.7462189418757237,9.380656934472381e-06,0.04496636649452054,0.20880531097282146
3086,0.015565615880016582,6.64306655932154e-07,0.020190008496141505,0.9642437113171859
3087,0.0693853446330346,0.0008122242535981487,0.8303595440542731,0.09944288705909414
3088,0.0211655964482154,6.28396903763387e-06,0.22396022723350434,0.7548678923492426
3089,0.00019380630894509234,0.9996887008870652,0.00011740154269648231,9.126129324470765e-08
3090,0.0013044286487427943,0.8515157838767463,0.14687777655391157,0.000302010920599096
3091,0.6643095545196761,0.014481037808315191,0.3014125055038014,0.01979690216820721
3092,0.0001154255021557849,0.9424915099054372,0.05730705028302335,8.601430938375034e-05
3093,0.00031215758292632903,0.9866809874594423,0.012991269385233194,1.5585572398334003e-05
3094,0.03644950119140292,0.00032046321843999916,0.04894436658468522,0.9142856690054719
3095,0.031830353326313406,6.649276620857175e-09,0.0018810009703381146,0.9662886390540718
3096,0.14087726810765058,0.22426622780688787,0.6192302633151718,0.01562624077028974
3097,0.0036564010583745948,0.06270237650494198,0.9186060642808513,0.015035158155832019
3098,0.02937601761452032,1.9625967965734713e-06,0.00019077946107701375,0.9704312403276061
3099,0.022576382087491454,1.2614731797407715e-06,0.012658641204692312,0.9647637152346366
3100,5.5774519714209424e-05,0.9932098250507068,0.006730722555922203,3.6778736569226286e-06
3101,0.035368122441964044,0.00026467429121724005,0.03496450589337875,0.92940269737344
3102,0.003122020904406365,0.9483714908804771,0.04760574699036609,0.0009007412247505197
3103,0.9233372636648152,8.659669351877171e-06,0.007204846560327286,0.06944923010550567
3104,0.9638809615827294,0.0003853022428503021,0.024498148497675235,0.011235587676745089
3105,0.15839257984644084,1.4819456243710008e-05,0.2365686008805524,0.605023999816763
3106,0.01455072160884095,0.004835625823050704,0.9076983103923303,0.07291534217577818
3107,0.730835840173325,0.0005075671488494238,0.1735771202203052,0.0950794724575203
3108,0.014213441449998343,0.01289264384867454,0.9404372792561394,0.03245663544518777
3109,0.7951477871887438,0.000699664290141596,0.1394260286474934,0.06472651987362121
3110,0.05373978774931858,7.281672754242426e-06,0.1717559915901734,0.7744969389877537
3111,0.00045077725782805445,0.8365018118471227,0.16280879323664926,0.00023861765839997549
3112,0.7167380095354325,0.006454925274692742,0.25373814941027206,0.023068915779602798
3113,0.012567422079916997,0.008207559981127058,0.9432672736375588,0.03595774430139704
3114,0.0005396605547719595,0.9894291748449449,0.010008266322376403,2.289827790663583e-05
3115,1.3703504916417283e-05,0.987956917460493,0.012018860756158779,1.051827843170469e-05
3116,0.000334844147838752,0.9453218463689242,0.05425852747809589,8.47820051409962e-05
3117,0.00038798091053299564,0.8838002330626328,0.11559730634066129,0.00021447968617278727
3118,3.538453361633641e-06,0.9996640920350858,0.0003322759438490495,9.356770375774538e-08
3119,0.0003208619130558447,0.8893569024032508,0.10998770672198224,0.00033452896171099107
3120,0.00022966025281848294,0.915145307393506,0.08450054056819502,0.00012449178548025838
3121,0.6749407520886019,8.257162303884551e-06,0.013834395301912508,0.3112165954471817
3122,0.010181404504052206,9.380668892286189e-07,2.9767890632695454e-05,0.989787889538426
3123,0.004623329548671673,0.36454448694389646,0.6281393362275411,0.002692847279890691
3124,0.45112419950663046,7.749232914359113e-09,6.470564530713927e-05,0.5488110870988294
3125,8.865477373333511e-05,0.9497179681495974,0.050104223068782816,8.915400788641883e-05
3126,0.0003828528731604352,0.9694186370489263,0.03015609480569663,4.241527221660876e-05
3127,0.13739477963628116,1.4552822040339574e-05,0.3042209400299271,0.5583697275117514
3128,9.287433859105692e-05,0.9167858350246195,0.08283675980379074,0.00028453083299874194
3129,0.9974285158566367,3.5172008098134527e-07,1.7711375855777488e-05,0.0025534210474266726
3130,0.00019221435706217048,0.9725974421855349,0.027186114787825403,2.4228669577481486e-05
3131,0.9922393816253736,0.0016162855937187223,0.006027712674999757,0.00011662010590789163
3132,0.002176653373853044,0.7588289078096703,0.2378747352007977,0.0011197036156791558
3133,0.7598850966631004,0.00014285497358991017,0.1387821872338944,0.10118986112941523
3134,0.038557821588436784,0.004362808638605799,0.8584508947318368,0.09862847504112052
3135,0.6060685388360045,5.930486049944822e-05,0.12829543201011845,0.26557672429337753
3136,0.00027255165725249977,0.893816959111394,0.1053478408713331,0.0005626483600202944
3137,5.920534513893822e-05,0.9726400865083606,0.027246922523284468,5.378562321598322e-05
3138,0.0007947140282372642,0.9325502354130936,0.0663320465308173,0.0003230040278519501
3139,0.35458441327107676,1.0381262954094055e-05,0.04075166435447487,0.6046535411114944
3140,0.011339419342585371,0.10317713726431123,0.8715795791892126,0.013903864203890932
3141,0.00015483411821701226,0.9657625609429188,0.03388323316473648,0.0001993717741277891
3142,0.43826440249461535,0.5057692580197699,0.055797955086805635,0.00016838439880908734
3143,0.0024049265429829537,0.8952967599329505,0.10177902124716735,0.0005192922768991349
3144,0.000629123657341465,0.9293408651882903,0.06991401030150093,0.00011600085286716848
3145,0.9232465907720385,0.00022266692619908685,0.05613391708792096,0.020396825213841608
3146,0.05576241413295209,0.011049597239754206,0.8631812987517423,0.07000668987555148
3147,0.7820649919520026,0.11561869268243044,0.10178429487936022,0.0005320204862067434
3148,0.8519441069452423,7.196068339879162e-07,0.0002276474004992687,0.14782752604742447
3149,0.0001368403362297719,0.9907467285853528,0.009107084774400224,9.346304017146869e-06
3150,0.17793826265493987,1.5743733486102444e-05,0.2196602954896121,0.602385698121962
3151,0.019875833051776124,0.00038558245886705555,0.14520737142616982,0.834531213063187
3152,0.056852629206589685,0.364985824219705,0.5743983782422094,0.0037631683314959673
3153,0.0026539827656344513,0.8509800461626206,0.14618907287037824,0.00017689820136685346
3154,0.07337553851135023,0.8992219379623828,0.02735554150744643,4.698201882060441e-05
3155,0.00015335287808541088,0.8886247436505896,0.11106214889177864,0.00015975457954639302
3156,0.00015727056329185876,0.8913447851100651,0.10819982075559703,0.0002981235710462329
3157,0.6801686591222057,8.900697274178885e-09,0.0003107096317798711,0.3195206223453172
3158,0.010950308009382455,0.9675059036974138,0.021144972446228854,0.0003988158469748668
3159,0.00041382355284540597,0.9796405675089913,0.01982505053257641,0.00012055840558703906
3160,0.003073832456759685,0.27679691777860144,0.7118477105487712,0.008281539215867603
3161,0.010289085448432529,0.21075936285067381,0.7657901029825008,0.013161448718392761
3162,0.02008196942792268,0.09385940511517304,0.8683105013229256,0.017748124133978662
3163,0.05467377539824257,1.4462124223521742e-08,8.261427638565409e-07,0.9453253839968693
3164,0.905185904221034,5.0844533065893825e-06,0.007354064403995654,0.08745494692166385
3165,0.7422159364261004,8.87026330728672e-05,0.016719434410071076,0.2409759265307556
3166,0.024163229802513255,4.4052763712742235e-05,0.04628433460732176,0.9295083828264522
3167,0.019369080524031027,1.0625193484439827e-05,0.12614631121757827,0.8544739830649063
3168,0.2497182162354698,0.021120415294390692,0.6710381240475077,0.05812324442263169
3169,0.03228937698331041,6.267004404102317e-08,0.004445948683373384,0.9632646116632723
3170,7.017629095565047e-05,0.9729685379571422,0.0269245542618982,3.673149000364451e-05
3171,0.5692811188272925,0.4191836354685441,0.011491041306495569,4.4204397667887835e-05
3172,0.00474633016079961,0.7062979842416164,0.2881598648882426,0.0007958207093414373
3173,0.003324909950704164,0.2785825407098199,0.708099943070862,0.009992606268613886
3174,0.039534200043981185,3.4824040743260514e-06,0.024991872264834653,0.9354704452871098
3175,0.889272468883486,8.468692442501814e-05,0.09444906720548021,0.016193776986608645
3176,0.0012029532562641413,0.9044644564987728,0.09407095977789594,0.0002616304670668942
3177,0.0572682896640358,0.003525699258667069,0.8753138849883523,0.06389212608894504
3178,0.0818020607734483,1.1088855919280095e-06,3.851542204006292e-06,0.9181929787987557
3179,0.049098595512367685,0.027321969070298893,0.8995491258323969,0.024030309584936523
3180,0.01364587163218994,0.3590381629045352,0.621611546002808,0.005704419460466879
3181,0.2676359111972994,0.7051005004915849,0.026363656513274575,0.0008999317978411636
3182,0.004637564599597418,0.9744858329159436,0.02082242981320965,5.417267124918719e-05
3183,0.00092014001799955,0.8886687486694207,0.10991500578476851,0.0004961055278111234
3184,0.9219725393863717,4.270539219308658e-05,0.0302189747580762,0.047765780463358956
3185,0.0001880756923445289,0.96216633220506,0.03759929666865205,4.629543394349445e-05
3186,0.19766394214402716,0.10003663460884052,0.6471515700994035,0.05514785314772885
3187,0.021104613215904386,0.0002079193670504596,0.419408365374919,0.5592791020421263
3188,0.0009542307193651278,0.7573912457719171,0.24040694773217194,0.0012475757765457987
3189,0.044394319873530944,1.785992215047093e-08,0.0006731674096056155,0.9549324948569412
3190,0.036941671662551315,0.17340123584945422,0.7687415956541864,0.020915496833808084
3191,0.0002883575202447506,0.9311154392391401,0.06848402329632257,0.00011217994429250312
3192,0.0627063123734483,1.4692690868930795e-06,0.07289109936716118,0.8644011189903037
3193,0.004596025947258524,0.03615737991631601,0.93108010915779,0.02816648497863532
3194,0.15434401711409487,0.5204843968734743,0.32333589821812037,0.001835687794310675
3195,0.10173718428778011,0.10322908921679717,0.7850875171740131,0.009946209321409542
3196,0.02591337540219197,3.175731028176889e-05,0.25052269912813196,0.7235321681593944
3197,0.0001800110896496015,0.9812682977814445,0.01850780131454028,4.388981436551101e-05
3198,0.017252128378679225,0.0014280126198529751,0.8779040595826278,0.10341579941883997
3199,0.006773097031134309,0.06505809114224732,0.9002304732160724,0.02793833861054607
3200,0.6012548361925341,8.373106505289872e-06,0.061685278087466905,0.3370515126134937
3201,0.19090613351911268,0.0005218240311780869,0.6620942288847825,0.14647781356492667
3202,0.014933788924345227,7.3194548260689406e-09,0.0004627857635095652,0.9846034179926904
3203,0.0026520923489290367,0.9868181482548766,0.010303171540649638,0.0002265878555447974
3204,0.0003715740270933219,0.9502849424712535,0.04925576883167111,8.77146699822797e-05
3205,0.02632013574579031,2.2927159292387822e-05,0.11412310312104422,0.8595338339738731
3206,0.11077435433772138,0.0004313303197972107,0.53705425890641,0.3517400564360716
3207,0.00852405428567064,0.08450119738627727,0.8909917301999801,0.015983018128072023
3208,0.029540962598274434,0.22356905178329134,0.7413164829771528,0.005573502641281447
3209,0.06252095074976807,0.041360161502378805,0.8762441611703689,0.019874726577484115
3210,0.11194653751050328,4.889773343567696e-06,0.13439230124278942,0.7536562714733638
3211,0.4757736431883134,3.7003122404780276e-07,0.00792521809381362,0.5163007686866489
3212,0.3686550854696122,0.5755225098348942,0.055354540724710466,0.0004678639707833056
3213,5.418378292784837e-05,0.9066277794421472,0.09311221439712473,0.00020582237780016123
3214,0.0011820515955751796,0.9626770451548012,0.03599475348173223,0.00014614976789144643
3215,0.9564237179056689,8.453718207980042e-05,0.0017895758539840836,0.04170216905826721
3216,4.0442142004539993e-05,0.970752308395378,0.029177270341328825,2.9979121288642773e-05
3217,0.3058901206009571,0.00023950090753050815,0.0011510892101863656,0.692719289281326
3218,6.243706790620673e-05,0.9869891343898981,0.012900142398419521,4.828614377626316e-05
3219,0.0012124991263450019,0.99343352397382,0.005351175610727778,2.8012891072243436e-06
3220,0.9440495253357774,0.03218299867537315,0.023385156897012937,0.00038231909183644074
3221,0.02956923035145353,0.002319205329053915,0.679194104993678,0.2889174593258144
3222,0.006714552957008441,0.1131417861913906,0.8646959540620175,0.015447706789583543
3223,0.0055408431100619025,0.05586318219033447,0.9240104754905256,0.014585499209078081
3224,0.9059552085315209,3.575503598544437e-05,0.025199334538878754,0.06880970189361484
3225,0.16744967432603838,5.098173117008294e-05,0.04254822004191358,0.7899511239008778
3226,0.11935449629230198,0.0028286163825614733,0.7044504167607865,0.17336647056435003
3227,0.8538108996876179,0.0011823306605238037,0.0010902704816674455,0.14391649917019095
3228,0.0017884699890088013,0.9455034331627065,0.05246067570743103,0.00024742114085349445
3229,0.11286618866844243,0.00011212024202823936,0.07489876285760223,0.8121229282319272
3230,0.0011787159742410425,0.9057462290878467,0.09276881389586837,0.00030624104204391144
3231,0.9669617625260901,0.00026399949460121286,0.00991288120572477,0.022861356773583832
3232,0.02403892486089169,1.4206034941065366e-06,0.003515331894049127,0.9724443226415652
3233,0.9247913995422129,7.141685592272996e-05,0.026254636658955832,0.04888254694290852
3234,2.169766708547045e-05,0.9914225984714294,0.008552211742819837,3.492118665266497e-06
3235,0.05863599375920152,0.5296610767470757,0.4103580332241023,0.001344896269620441
3236,0.338837223242253,2.8537858071640287e-05,0.0017010556422717613,0.6594331832574035
3237,0.018345215769345558,4.150456125311647e-05,0.09971380721976619,0.8818994724496352
3238,0.008418613404490342,0.6753790023790769,0.3145655419811024,0.0016368422353303092
3239,0.912431681618505,0.00016292772164357237,0.06218607763674288,0.0252193130231087
3240,0.04057146959515614,0.0005080506186558443,0.03542320912701786,0.9234972706591701
3241,0.00021414222067931346,0.9949308453569649,0.004822301471763578,3.271095059233332e-05
3242,0.37764722360725045,0.5687802161825246,0.05350060022765337,7.195998257153675e-05
3243,0.09399832158819067,1.3119315893262069e-09,6.167638143753339e-06,0.9059955094617339
3244,0.8733943921350253,0.1265908484922486,1.4749292755426755e-05,1.0079970675872982e-08
3245,2.860964288546e-05,0.9791307480776249,0.020796474727377237,4.416755211226511e-05
3246,0.000501444866398967,0.968457610103105,0.030952017385274283,8.892764522173368e-05
3247,0.19168599896433955,5.339862032857772e-06,0.17633023885826096,0.6319784223153667
3248,0.035519548070356725,0.7482306875937714,0.21494958688278926,0.0013001774530825626
3249,0.003464256925947123,0.7812048275652645,0.21427265416111305,0.0010582613476754646
3250,0.05599124798547557,1.0948909650498538e-05,0.42418357832709297,0.5198142247777809
3251,0.0012262664906675163,0.8503007652259063,0.14803576770889254,0.00043720057453355203
3252,0.09419082025614989,0.018588276423721368,0.8519237685165958,0.03529713480353293
3253,0.03881407657634813,6.558659509079328e-05,0.06054915358746199,0.9005711832410991
3254,0.0001852239155540257,0.7940198030040146,0.20548187395871567,0.00031309912171572534
3255,0.04730698260903084,9.954442336018023e-05,0.08237290607773297,0.870220566889876
3256,0.005390344147578085,0.9652436155917627,0.02932673953907805,3.9300721580976496e-05
3257,0.03599962891994212,1.5454770782398612e-06,0.0922072513030114,0.8717915742999682
3258,0.04062680189362005,0.000930188195266346,0.6837907295600522,0.2746522803510615
3259,0.9669262452813272,3.743213906510736e-06,0.006153518937957134,0.026916492566809336
3260,0.00030159673642829476,0.9821244233795301,0.017386618446312934,0.00018736143772877476
3261,0.01904636669744407,7.225799198604818e-10,9.158456898215974e-06,0.9809444741230777
3262,0.07593235888916748,4.521629682969934e-05,0.04523775904761169,0.8787846657663912
3263,6.284791285221851e-06,0.9984685056708026,0.001524489911260845,7.196266512866046e-07
3264,0.00038608654166665603,0.9716087304904066,0.027988400783241493,1.6782184685200546e-05
3265,0.0029175896769586245,0.7658172491515591,0.23037785365984698,0.0008873075116353138
3266,1.9888116425887797e-05,0.9925727458087164,0.007402391440637723,4.974634219884696e-06
3267,0.9986513704216645,5.235537866222324e-07,0.00012475359533016146,0.0012233524292188066
3268,0.0007137770209242492,0.8725021439190417,0.12632563881849293,0.00045844024154116723
3269,0.027854133550132186,0.009682334175338123,0.9340905790553263,0.02837295321920344
3270,0.000284277072509172,0.8923527122437196,0.10721336608926524,0.00014964459450598686
3271,0.0007292493784935163,0.9512782568554756,0.047952987765586,3.950600044474888e-05
3272,7.576311955137408e-05,0.9295515612340767,0.07018650959153319,0.00018616605483891106
3273,0.7647023176099499,6.943908229303642e-07,3.7445976075559453e-05,0.23525954202315166
3274,0.000761378560374299,0.9072750878915261,0.09166614246488786,0.0002973910832117088
3275,0.473819950345171,9.55248995611629e-05,0.006952224390446711,0.519132300364821
3276,0.01080007958575726,2.9776568177978375e-08,2.565287885391442e-07,0.9891996341088861
3277,0.02862155375872833,0.06630853331571426,0.8909157309555326,0.014154181970024823
3278,0.004089842046814028,0.657897395909331,0.3341688281088526,0.0038439339350022435
3279,0.4714980900693825,0.5208165771728934,0.007676791710868774,8.541046855367907e-06
3280,0.0414783523805779,0.0038616465637400783,0.8888810097930989,0.06577899126258299
3281,0.006950197732723655,0.3113870875608529,0.6784466643645631,0.0032160503418602834
3282,0.6445755975895913,3.6416573779112017e-06,0.001438064354899272,0.3539826963981315
3283,0.014399578405986133,1.3278026229728868e-10,3.8852634437623714e-08,0.9856003826085993
3284,6.0917116141672586e-05,0.9210481696264199,0.07868836319310678,0.0002025500643317969
3285,0.006865814907656259,0.008710563837019604,0.8441848126138192,0.1402388086415051
3286,0.13413704730776474,2.9097924600135478e-05,0.3475074708042541,0.518326383963381
3287,0.0006111426290946376,0.9219694585010001,0.07726041468924584,0.0001589841806594749
3288,0.6921634634136581,7.191291310289585e-05,0.10939321426733802,0.19837140940590084
3289,0.0011181650499765255,0.9831262417256169,0.015718377677341005,3.721554706563356e-05
3290,0.4778478118391711,0.5080303948147853,0.014076418961741433,4.537438430218591e-05
3291,0.729516199734065,4.790144919467099e-06,0.0010830338851019307,0.2693959762359136
3292,4.241815402803214e-05,0.9745818543460983,0.02536503843923873,1.068906063488848e-05
3293,0.9363941976472274,0.0383848002690798,0.01868904964525504,0.006531952438437672
3294,0.5428120106024314,1.1861662705988932e-06,0.0002516011604882632,0.45693520207080973
3295,0.8090258558270175,0.01024364611788812,0.17385801857100827,0.006872479484086321
3296,2.2693932737288567e-05,0.9993417308976631,0.0006347683015750909,8.068680243460926e-07
3297,0.00023812147110122348,0.9952986380070097,0.004452083475063327,1.1157046825744166e-05
3298,0.9205186972498535,7.043316685448966e-06,0.0016773833953563882,0.07779687603810488
3299,0.0001799947901394963,0.8648938761210105,0.13470977243988394,0.0002163566489658628
3300,0.011116473949903075,0.02117853954276319,0.9206714020327919,0.04703358447454198
3301,0.02859071614349397,0.031095786638793352,0.9121066744710346,0.02820682274667807
3302,0.030013453707839647,4.466561903090246e-07,0.030509103719960188,0.9394769959160097
3303,0.000777487251552585,0.97881196408276,0.020386987806396365,2.356085929103692e-05
3304,0.06703773426733962,0.001987454653225389,0.2594987021947506,0.6714761088846845
3305,0.04355057833580839,0.0017036042937837008,0.7821663699247136,0.1725794474456944
3306,0.039681630903033886,2.7895279750439953e-11,2.4696245308548065e-06,0.96031589944454
3307,0.6119356317651957,6.854508914505309e-06,0.028069014498651904,0.35998849922723786
3308,0.041583169258264885,0.040867513833185036,0.8351950683227317,0.0823542485858183
3309,0.006022947117790709,0.8969483358331537,0.09570183796567219,0.0013268790833832942
3310,0.008310002032815627,8.541288178340901e-06,0.012586599412855282,0.9790948572661506
3311,0.0003667383909298413,0.8402637950918496,0.15898474195522425,0.00038472456199645157
3312,0.017614254446341605,0.004250658787781781,0.9280393566086558,0.050095730157220776
3313,0.2370899686250781,1.0166118008944753e-05,0.007342450536272619,0.7555574147206404
3314,5.388631038297533e-05,0.9251143356027849,0.0746989186262276,0.00013285946060475793
3315,0.00026184155426019277,0.9838356467909488,0.01589461177184609,7.899882945055767e-06
3316,0.06686437488591873,0.0009545531732163874,0.732171204529647,0.20000986741121804
3317,0.34015348273054236,4.5720210597320435e-05,0.2949159879512652,0.36488480910759513
3318,0.9915865728291163,0.0003377988670399765,0.001929186861854141,0.006146441441989562
3319,0.01981281281427589,0.015492865401783034,0.005803321981497313,0.9588909998024439
3320,0.0010489136114247035,0.9599217843668952,0.038752607332193476,0.00027669468948653516
3321,0.00028310171534402583,0.912174440493391,0.08738884712598641,0.00015361066527857668
3322,0.00026618693601676417,0.8999708530512639,0.09956948112777031,0.00019347888494888259
3323,0.05852105153289917,0.001603607778979169,0.7644486000931922,0.17542674059492946
3324,4.09160757467539e-05,0.9845972121407429,0.01535724945221179,4.622331298409466e-06
3325,0.02834620488277474,0.03563782833299209,0.9246037771434374,0.011412189640795635
3326,0.002165798840526775,0.9763215233501172,0.021494255888229268,1.8421921126721704e-05
3327,9.658436219668278e-05,0.9374642426259514,0.06234655749903583,9.26155128160636e-05
3328,0.002829858485620804,0.003897257945924804,0.9099553579601571,0.08331752560829739
3329,0.5789875324442749,3.362701852389054e-07,1.9843254101869015e-05,0.4209922880314379
3330,0.0016295137442776761,0.9701235491361831,0.028170660305073852,7.627681446524286e-05
3331,4.313041887351057e-05,0.9721826136650579,0.02774691989065709,2.733602541146955e-05
3332,0.00032556669394019714,0.9586145512502311,0.040961521451064326,9.836060476451868e-05
3333,0.03004725008895704,0.4629311346727938,0.5001373509378259,0.006884264300423282
3334,0.13717649312546168,3.285083698654707e-07,0.022417336454996155,0.8404058419111722
3335,0.04493655327574943,0.0001433022580970166,0.4664769948934434,0.4884431495727102
3336,0.004655749406956967,0.8409561541484519,0.15265518848536103,0.0017329079592301568
3337,0.1316326060101325,0.00020575423652623685,0.32004497764418305,0.5481166621091583
3338,0.9750914022657138,2.1162870968819798e-08,2.345184619269151e-05,0.024885124725222432
3339,0.0007037608863850222,0.9984284445448607,0.0008651594488428847,2.6351199116558317e-06
3340,0.16637762310495632,0.8239532384891632,0.009652283332022737,1.6855073857584166e-05
3341,0.9360074153868438,0.00022065174417699722,0.04129587370850346,0.022476059160475872
3342,0.00015872059143384108,0.9394553783795294,0.06027744584140462,0.0001084551876323263
3343,0.0008835198684215087,0.9979634789688503,0.0011525469453352636,4.542173929525526e-07
3344,0.9806069414426567,0.00073351831534682,0.017629304222009538,0.0010302360199870198
3345,0.0015713261856559007,0.7751287387670548,0.2228998759661913,0.00040005908109810227
3346,0.00046765926454550837,0.9426211769811934,0.05672692835731554,0.0001842353969456569
3347,0.019946433310326903,1.794894496088982e-05,0.22356655433509293,0.7564690634096192
3348,0.0002129247729322043,0.9593922127784583,0.04022487662293185,0.0001699858256775723
3349,0.9547991616287079,9.768162433143747e-08,9.50328338961745e-06,0.04519123740627813
3350,0.003927750849373534,0.38712088684961,0.6057670052167224,0.0031843570842939764
3351,0.23391907911317017,1.759999027588776e-07,0.0025623277111823726,0.7635184171757446
3352,0.05526932072202697,0.0005003016069001579,0.03765188021379892,0.906578497457274
3353,0.02070220329192135,4.141850036131728e-05,0.29290009835142095,0.6863562798562964
3354,0.4769933194545662,0.000456510253386219,0.36721465222605476,0.15533551806599294
3355,0.15015706724783598,2.356482701892605e-05,0.1441326046289103,0.7056867632962348
3356,0.01643118731311169,0.24266820715670157,0.7344745711908712,0.006426034339315443
3357,0.007601793614930479,0.9472245547049579,0.044936455455925436,0.00023719622418597622
3358,0.004611034880957502,0.9639698520322442,0.031231688656278307,0.00018742443052011644
3359,7.109739497416577e-06,0.9895539803036774,0.01043534890007545,3.5610567497775388e-06
3360,0.0034892535141202077,0.6672022649603161,0.3290120032776072,0.00029647824795650356
3361,0.5200113331795051,7.2615379522293575e-09,4.871380624699669e-05,0.47993994575270993
3362,0.4017601614448836,3.5560360726356473e-06,3.625720638704212e-05,0.5982000253126567
3363,0.07906683465507545,0.0019929099885240297,0.845201014912347,0.0737392404440535
3364,0.0036263187258556684,0.41432209100493345,0.5782424792795733,0.003809110989637621
3365,0.40620834813508616,0.009957435712570649,0.2727249335236951,0.3111092826286482
3366,0.07774365333354219,0.00018869478764955576,0.4509901482805598,0.47107750359824857
3367,0.03655540643510454,0.02411548991133144,0.9030426016122373,0.036286502041326704
3368,0.16556972276264675,0.0012234583658759528,0.6575853032541641,0.17562151561731312
3369,4.487369914988812e-05,0.9866415948533777,0.013301792703484371,1.173874398805316e-05
3370,0.004360448001768815,0.15446554509722962,0.826919840747017,0.014254166153984628
3371,0.8670113451575295,0.0028016449897882616,0.11990101391525511,0.010285995937427
3372,0.1836346835734088,0.020878233733554772,0.742577999007492,0.05290908368554444
3373,0.07323048762725994,1.3056129061842658e-05,0.1787908957588778,0.7479655604848005
3374,0.1876789095261117,2.767700832474498e-05,0.16167956295150923,0.6506138505140543
3375,0.552422278235891,0.0029379813690420488,0.28062899817383885,0.16401074222122822
3376,0.6084340469845171,0.3144615779778564,0.07631568280087439,0.0007886922367520459
3377,0.10332987891488477,0.03317836684048195,0.8532619161043585,0.010229838140274608
3378,0.12130699930341776,0.041437600065388755,0.8165453118590678,0.020710088772125785
3379,0.673503982771461,7.50346099834121e-07,0.00741126680109141,0.31908400008134796
3380,0.8146104077184807,0.014635465351525103,0.16685403284257214,0.0039000940874221847
3381,0.04783394850741653,2.1705816592578073e-06,0.041588912669073545,0.9105749682418507
3382,6.29364228290682e-05,0.908512584727506,0.09064185079973504,0.0007826280499298012
3383,0.0007782801462793907,0.836371663476248,0.1620575909828237,0.0007924653946488409
3384,0.3677225678657253,4.491540828972444e-08,0.00045837482661313704,0.6318190123922531
3385,0.0038044545432028305,0.3858429176852292,0.6085505821086492,0.0018020456629186672
3386,0.027813401320330042,4.294488183401537e-05,0.14156340174723417,0.8305802520506018
3387,0.3866505426809005,0.00027118334100554426,0.0036615389392915284,0.6094167350388024
3388,0.823755199281595,0.00021752644931978283,0.06827032366445891,0.10775695060462619
3389,0.8662969029888584,4.816681624776397e-05,0.03975693874956203,0.09389799144533188
3390,0.03183939099270842,1.5600417447072794e-06,0.033033597422685024,0.9351254515428619
3391,0.7230630474879526,0.046807286794826264,0.22290117856365518,0.007228487153565825
3392,0.003008959699185249,0.8268567667487948,0.1695152832474569,0.0006189903045631101
3393,0.0002309494471391088,0.8970475053139227,0.10234266423839153,0.00037888100054657447
3394,0.05501120049879556,1.1720080228505149e-05,0.16661110212049937,0.7783659773004765
3395,0.9734687024951156,0.024193399094717703,0.0023180516940942567,1.9846716072485903e-05
3396,0.12503841035773902,1.6765863092016052e-05,0.21403369149280568,0.6609111322863633
3397,0.6333519440304266,9.763077702826066e-05,0.08277800343546432,0.2837724217570808
3398,0.00176928770507547,0.7372601902157254,0.25947607736631606,0.0014944447128828866
3399,0.012946103183737397,8.320544492543352e-06,0.04411361332936164,0.9429319629424084
3400,0.9180856640341047,6.262460249536086e-05,0.00337354893997439,0.07847816242342545
3401,0.17468262117781944,6.528551651361963e-05,0.1963634829554496,0.6288886103502174
3402,0.979188746055787,5.984409666252653e-05,0.0023528344007804603,0.01839857544676982
3403,0.08557469928822059,0.0003762005215929384,0.6539064958219153,0.26014260436827125
3404,0.5070129943556886,0.2907324176445624,0.19583660827116822,0.006417979728580791
3405,0.007643635257009842,0.7445846797668834,0.24420416317126098,0.0035675218048458555
3406,0.028769616333525667,0.0032224967432929446,0.8916822328391136,0.07632565408406793
3407,0.0026619673486938324,0.8825997125340889,0.1140853686514076,0.0006529514658095274
3408,0.0019409463229551058,0.8720276523190105,0.12585363776721337,0.00017776359082093314
3409,0.012089750126942503,1.7055347285875712e-07,0.005939503288855456,0.9819705760307292
3410,0.011694423578314253,0.9605668453194415,0.027639785584050912,9.894551819343296e-05
3411,0.01698562403619892,0.9660017908970091,0.016919546546764894,9.303852002708644e-05
3412,0.06911003753357108,0.015703890781177256,0.8159041575783236,0.09928191410692815
3413,0.005616356855564431,0.8855050471745322,0.1078490604719403,0.0010295354979631497
3414,0.02582536374134744,0.016741338672329645,0.9194242105809137,0.03800908700540928
3415,9.561122443376539e-05,0.9771809260026797,0.0226688258030074,5.463696987898822e-05
3416,0.07239905968531181,4.464966507238898e-06,0.06843006311819927,0.8591664122299818
3417,0.03438008746336685,0.5839698382687789,0.3793492192054109,0.0023008550624432807
3418,9.710887313938305e-06,0.9929620130034944,0.007016982177958632,1.1293931232828985e-05
3419,0.008041874053133561,8.529446798720751e-10,1.4361109950864421e-05,0.9919437639839708
3420,0.0782842768386968,8.039297212372219e-09,7.808783560358147e-07,0.9217149342436499
3421,0.7455629756902887,4.9428652106486865e-08,0.00080672023958596,0.25363025464147326
3422,0.11450942428631192,2.81777174491449e-10,5.940781107913736e-07,0.8854899813538001
3423,0.0006205833927854631,0.9619999269186503,0.03732646578305044,5.302390551363154e-05
3424,0.4534603330071307,7.607023859056862e-08,6.049450646952794e-06,0.5465335414719837
3425,0.02382754344534163,0.9037910406229186,0.07172126082206355,0.0006601551096763274
3426,0.0019681184085366507,0.8921516440422957,0.10510793823481294,0.0007722993143546238
3427,0.0008236606943996984,0.8253705663870676,0.17273021091263108,0.0010755620059015496
3428,0.0011960663991474056,0.9400321207429715,0.05857699406892487,0.00019481878895634706
3429,0.06775009615895317,8.033863863811137e-06,0.031099737800655426,0.9011421321765276
3430,0.8298056270533019,2.3819979449569227e-05,0.04195277249755216,0.12821778046969648
3431,0.9685133768335132,0.0012636897451198642,0.028099933971418422,0.0021229994499484513
3432,0.008595557413769678,0.005081981218380742,0.9408780371556699,0.0454444242121796
3433,0.9142928866742781,7.451468020292293e-06,0.005340003593399833,0.080359658264302
3434,0.4202488388424168,2.7088151951954835e-08,2.4892537355012984e-07,0.5797508851440577
3435,7.755008738360476e-06,0.9999916800341571,5.649501356576248e-07,6.9689355570248926e-12
3436,0.18448663010298663,3.245197131456158e-05,0.15926781756782,0.6562131003578788
3437,0.0276530800817791,2.1663200245672206e-05,0.0021384047464371144,0.9701868519715381
3438,0.7546079749866309,0.014640636615853369,0.22758158311725557,0.003169805280260251
3439,0.0379252217648492,3.3507634363620086e-07,0.0013624481215911322,0.9607119950372159
3440,7.466890047720216e-05,0.9429639686214355,0.056866785329964656,9.457714812264653e-05
3441,0.2809660972099627,0.06771844873349402,0.642998840313603,0.008316613742940345
3442,0.9587150420840211,1.5206600237052636e-05,0.009056484846974987,0.03221326646876684
3443,0.023482755941867738,7.481499879780591e-06,0.06785340553070326,0.9086563570275492
3444,0.0006038296552109768,0.7151555266416344,0.2834026861483705,0.0008379575547841254
3445,0.003399253216039939,0.8089304437004329,0.18646003954197124,0.0012102635415558256
3446,0.708190489030023,0.00023152685097225397,0.035118288331306716,0.2564596957876979
3447,5.691460520663435e-05,0.9812767269560353,0.0186330186261731,3.3339812584985594e-05
3448,0.0005947365039347729,0.9100069294104162,0.08912016001005496,0.00027817407559398545
3449,0.005848602468315016,0.9397179984807519,0.05438610319973342,4.7295851199534394e-05
3450,0.007868117311361188,8.882440888303512e-06,0.013704696661315633,0.9784183035864348
3451,0.8061917856574521,0.0011037280896807218,0.12437181308761151,0.06833267316525564
3452,4.737286714246114e-05,0.9918589802547557,0.008064013288274557,2.963358982743949e-05
3453,3.5808050667943474e-07,0.9998300335030922,0.00016958176627988511,2.6650121272098008e-08
3454,0.036399050407331185,1.1072671315718021e-07,0.02993594434409866,0.9336648945218571
3455,0.11972406268816224,2.2334309321212866e-05,0.26313355537832506,0.6171200476241915
3456,0.012542753426564902,0.07265871918774305,0.9066185177979381,0.008180009587753839
3457,0.00016489323619311156,0.9829026886769281,0.016904688329001202,2.772975787761396e-05
3458,0.006328084658142339,2.628635785442977e-07,1.8306532624690975e-05,0.9936533459456544
3459,0.003010079264121478,0.504961830067666,0.49031575258063975,0.0017123380875726038
3460,3.704073930925535e-05,0.9894388688358248,0.010508918677196341,1.5171747669554001e-05
3461,0.9843807554198747,0.0007552413845484095,0.013990851945959917,0.0008731512496169728
3462,0.2738882397622677,1.3173496062195787e-07,0.0035760021923006394,0.7225356263104711
3463,0.001637029833517553,0.9341943438931716,0.06406104262275879,0.00010758365055207991
3464,0.00019471501044233415,0.9825624231677299,0.01714532328650952,9.753853531826747e-05
3465,0.0004024702101924846,0.9623677961276664,0.03719562792872113,3.410573342001258e-05
3466,0.07326520893181089,3.529329699874947e-06,0.08978356506386888,0.8369476966746203
3467,0.015197471822426317,0.857057175065571,0.12660432033817737,0.001141032773825379
3468,0.05057989172020354,0.008592185153649599,0.8685414400615293,0.0722864830646176
3469,0.0005121688685729779,0.9510257840822962,0.04841597133636384,4.6075712766984684e-05
3470,2.8752757828136343e-06,0.9993847099149282,0.0006122452495410446,1.6955974779763444e-07
3471,6.449502552053713e-05,0.9564875724245807,0.043154677178899016,0.00029325537099971253
3472,0.011268822727310815,0.979015784964982,0.009589904710067786,0.0001254875976394845
3473,0.0029354989208677665,0.8751188315114439,0.12104996432753025,0.0008957052401580392
3474,0.021020746244287642,3.3588394704891226e-05,0.3477514180578704,0.631194247303137
3475,0.016936356702550504,0.7269186496981802,0.255857045468252,0.00028794813101739637
3476,0.05267373561311757,0.0001273652664044532,0.5583171537883908,0.3888817453320872
3477,8.608966235719797e-05,0.9403343784320921,0.05946484064578568,0.00011469125976499314
3478,0.3160757741824929,0.00019184318017507354,0.2168569237650587,0.4668754588722733
3479,6.486216543493905e-06,0.9992726510005209,0.0007207721559278277,9.06270077243434e-08
3480,0.013663343384278936,3.0309292357495178e-05,0.19878337881779584,0.7875229685055677
3481,0.017189581314712467,5.731121059533767e-06,0.005402772517455639,0.9774019150467723
3482,0.6702654694509832,1.4729002709542343e-07,5.565675407768881e-06,0.32972881758358197
3483,0.7284518244058096,4.411385609585034e-08,8.077840938035129e-05,0.271467353070954
3484,0.001476317366788392,0.9692236862252882,0.029244047267911247,5.594914001213912e-05
3485,0.0004504027986699793,0.9744519898811651,0.024985246628629193,0.00011236069153549815
3486,0.007252796666566515,0.8509511030459065,0.14116572354444196,0.0006303767430850921
3487,0.05572135855572499,0.5308819452758917,0.4112428103217082,0.00215388584667526
3488,0.029609306256927186,0.7111603167049801,0.2581385578331047,0.0010918192049880202
3489,0.0003015150889933835,0.9463889523567885,0.05322968084725699,7.985170696110925e-05
3490,0.7039364990985431,2.8831495382023046e-05,0.08453231299793694,0.21150235640813786
3491,0.00835415869085722,0.03799572119575301,0.8675909829941658,0.08605913711922403
3492,0.055128977392141655,3.819758004501557e-06,0.154752500291023,0.7901147025588309
3493,0.0005203445370172996,0.954425321029613,0.043980376320416986,0.0010739581129527772
3494,0.04879132479717098,7.009115419761364e-06,0.14054900289997527,0.8106526631874339
3495,0.037255526033179415,0.3883140220191874,0.5711564985454088,0.003273953402224355
3496,0.00027738975849678633,0.9928855336930758,0.006828125795902704,8.950752524723304e-06
3497,0.9652823378444878,0.03381803106745687,0.0008957164758216649,3.914612233725999e-06
3498,0.0017586505098758827,0.9870801545573055,0.011114124866023088,4.7070066795751e-05
3499,0.0003001399555445528,0.9475489264765417,0.05211128666314151,3.964690477248587e-05
3500,0.5986043444447792,1.6555761777757866e-06,0.004790254250274994,0.3966037457287681
3501,0.7505241205295613,1.2032218294218092e-08,0.00014146534944761683,0.24933440208877267
3502,0.9197461127960437,0.0007413245781429728,0.054203516104979886,0.025309046520833507
3503,0.0014073677800218588,0.9484610084872134,0.04980769793863502,0.00032392579412971487
3504,0.028361683676284145,0.03999460783020927,0.8772955154605899,0.05434819303291656
3505,0.0041895133054974144,0.19464316992455083,0.7841020456706457,0.017065271099306122
3506,0.08522925131971647,0.02903791434793151,0.8541695288194258,0.03156330551292609
3507,0.03131986195201905,0.008104180380678215,0.882797704246673,0.07777825342062962
3508,0.002160732633272776,0.940451782856346,0.056317850735834285,0.0010696337745467169
3509,1.1823780697929951e-05,0.9982839648431315,0.0017038492911685623,3.620850017788426e-07
3510,0.020950658509590953,0.02065329296239183,0.8814007758176943,0.07699527271032297
3511,0.012612903361441805,0.0007203274718397143,0.6762461335521365,0.31042063561458194
3512,7.884053011802956e-05,0.9893722749347382,0.010538431706244468,1.0452828899425919e-05
3513,0.0441408416232014,0.283155881889629,0.666829237954214,0.005874038532955673
3514,0.1845743107626062,0.11360821513821068,0.6980038880252223,0.003813586073960844
3515,0.34291680999820523,0.00023584237385813376,0.19920828181761296,0.4576390658103237
3516,0.09648971799830114,7.939056174235412e-06,0.02882022882622083,0.8746821141193037
3517,0.0007049998697867428,0.9786889474859053,0.02043046680491338,0.0001755858393945595
3518,0.00010898210943206017,0.9766469671211355,0.02321477002736561,2.9280742066795328e-05
3519,0.10539546110119152,6.428480873432008e-07,5.435918992649883e-06,0.8945984601317286
3520,0.788551941436719,0.006304311894492248,0.19163550530073886,0.013508241368049841
3521,0.0544086217879599,0.0016715500298639272,0.824387334583133,0.11953249359904333
3522,0.01393537450533378,0.13126932391190818,0.8182598304687004,0.03653547111405766
3523,0.06507369530681319,0.0027560657084257575,0.8712498933595862,0.060920345625174746
3524,0.02724338400774253,0.17107956087521603,0.7898834604661173,0.011793594650924086
3525,8.261442360739202e-05,0.9985289202298714,0.0013851497028393072,3.315643682063968e-06
3526,0.9148810245909228,0.0849908845636789,0.00012773706425926577,3.537811391052645e-07
3527,0.048166828325994226,2.8676519211628297e-11,1.6348288691934525e-07,0.9518330081624423
3528,0.7513603336064916,4.409373128997477e-07,0.0003292597880931533,0.24830996566810237
3529,0.0005762557664972514,0.9975804633412609,0.0018412744030398027,2.00648920179127e-06
3530,0.04406777391927266,0.10968710724175831,0.8156625011764892,0.030582617662479793
3531,0.0010076855699707077,0.8422774544301689,0.1562973142663064,0.0004175457335540397
3532,0.015940779018559805,0.13918658007916662,0.8195254951485975,0.02534714575367607
3533,0.028516550117800583,5.03303984492071e-10,0.0009334700609301816,0.9705499793179653
3534,0.00914066481996301,0.37851886879390506,0.6095235958280779,0.002816870558054029
3535,0.006910645490397118,0.8204130214004834,0.1715802447245436,0.0010960883845759473
3536,0.08904148178055814,0.8370312289792888,0.07327343501487524,0.0006538542252778034
3537,0.43267453863905775,1.3837754827802427e-06,0.013707008603740072,0.5536170689817195
3538,0.9708624926676424,3.0454893982895876e-06,0.001529873406842961,0.027604588436116434
3539,0.052712449522168026,1.443885269660549e-09,8.48605287700427e-08,0.9472874641734179
3540,0.0003388289465299689,0.9306539384177546,0.06890314370671875,0.00010408892899685347
3541,0.014097259335289184,0.052925199026087465,0.917792124201931,0.015185417436692277
3542,0.02892775752351895,5.6823854778828884e-06,0.08987588778156452,0.8811906723094386
3543,0.9684251657033558,1.490182271166717e-06,0.0026927619143376825,0.028880582200035348
3544,0.514118653254444,0.033718536175844666,0.4423319183439522,0.009830892225759193
3545,2.979086301262745e-05,0.9982471121549084,0.001720964622915788,2.1323591630499626e-06
3546,0.0009319883603095643,0.9401753272143064,0.05877116181747296,0.00012152260791096342
3547,0.9748567342418988,0.00154122307777545,0.022536021192951148,0.0010660214873748955
3548,0.0006787984206185984,0.8807419035435452,0.11832599233340581,0.0002533057024305149
3549,0.8998004370804213,0.045536689195838385,0.05423710180089515,0.0004257719228450514
3550,0.016131052441144565,0.47128478174581545,0.5098575514904814,0.0027266143225587315
3551,0.03526536422932226,1.916289540490261e-07,0.019577113730858534,0.9451573304108651
3552,0.17491667810063757,2.162083344056509e-08,8.333773540377639e-07,0.825082466901175
3553,0.5446138177295484,4.458513461681812e-06,0.0019175048230880367,0.4534642189339018
3554,0.008800553467709001,3.1380265977209454e-07,0.007713387342818137,0.9834857453868132
3555,0.0003433334488536056,0.8358437822033205,0.16326740800924605,0.000545476338580023
3556,0.0025577607653907188,0.8363664342119447,0.1600583679381765,0.001017437084488209
3557,0.1563425042592992,0.0026279240836002507,0.6758085684893422,0.16522100316775826
3558,0.04577571468788424,4.474641234297374e-06,0.08046102630292819,0.8737587843679533
3559,0.000539591645645091,0.9101256904242062,0.08843215064001031,0.0009025672901383438
3560,0.048313547035890976,0.033864567983114,0.8969887828372883,0.020833102143706702
3561,0.6333013018826833,1.2991511315662267e-08,6.162167823874557e-07,0.366698068909023
3562,0.0005931828473172899,0.887802223229927,0.11129306014443967,0.00031153377831609827
3563,0.8832695554567166,1.2742724099350027e-05,0.00024755996201307717,0.11647014185717092
3564,0.00045077878365957434,0.987140954381385,0.012398738629863707,9.528205091752711e-06
3565,2.3207585899386973e-05,0.9827138914566126,0.01725009685160103,1.2804105886961274e-05
3566,0.0002349164127360982,0.9733409066219363,0.0262694644908351,0.00015471247449247796
3567,0.04839952278705037,0.06062634076146812,0.8755927823267196,0.01538135412476182
3568,0.795530557741203,0.016443061257876326,0.18435003199811736,0.003676349002803285
3569,9.83227389188345e-05,0.9798872021277815,0.019989408047421286,2.5067085878427724e-05
3570,0.512559336792182,0.06735273328862569,0.39423307551129483,0.025854854407897292
3571,0.0004425826669119352,0.929670929539419,0.06958769322844799,0.00029879456522097686
3572,0.08752568554493034,0.00012339740028358427,0.3988123357195843,0.5135385813352018
3573,0.043351566668401,0.015699304741692597,0.8519494093669481,0.08899971922295817
3574,0.04280668978680173,0.012188408298907492,0.8557036270158088,0.08930127489848205
3575,0.9151854177355169,0.0001614415050900674,0.062375831346886124,0.02227730941250706
3576,0.09187389728262284,7.741091201979598e-05,0.6215523579131589,0.2864963338921984
3577,0.007371839870583561,0.3729125304494854,0.6164843081139644,0.0032313215659666777
3578,0.0006811803287383313,0.9631022097991667,0.0360681888774336,0.00014842099466136268
3579,3.5723940909741705e-05,0.9930794543131913,0.006880961396796808,3.860349102245275e-06
3580,0.06289223658685202,0.03390977639247782,0.8826485755276325,0.020549411493037635
3581,0.06847615914625077,1.8425800660785248e-05,0.10843744691514558,0.8230679681379429
3582,0.001033262077614412,0.9702611319988212,0.028671960796342728,3.364512722146559e-05
3583,0.696643440480257,0.3025412116081389,0.0008100477026921282,5.30020891203732e-06
3584,0.051083956304615916,0.0001174979243978074,0.5523320062452651,0.3964665395257211
3585,0.8581500949751995,0.00724665938911228,0.1268938916010535,0.007709354034634774
3586,0.024829920726858,4.3708940931558555e-05,0.2877387776765489,0.6873875926556616
3587,0.6481169050358717,5.710188177864402e-05,0.15780520380219218,0.19402078928015742
3588,0.9113944090739307,9.754922441385548e-08,6.1012839437488875e-06,0.08859939209290116
3589,0.003937336610346444,0.9601353746502297,0.035681966341844486,0.00024532239757944183
3590,0.001813690185777727,0.8816472509549674,0.1163461901590552,0.00019286870019951784
3591,0.022569373441560785,0.020405664467735656,0.9401211481588255,0.016903813931878012
3592,0.903322001250809,0.07942593745916755,0.01721310013999362,3.896115002981839e-05
3593,6.437299208885622e-05,0.997435081547186,0.002499920738780208,6.247219447998777e-07
3594,0.8079360193210029,0.0037638207285980827,0.13951567146111507,0.0487844884892838
3595,0.7660525136854167,0.011315750523139044,0.2192300726186179,0.0034016631728262877
3596,0.19085759949332604,2.5010878767448126e-08,4.636731907175532e-06,0.8091377387638881
3597,0.9364428395834473,0.01805988499522297,0.043196264019283906,0.0023010114020458714
3598,0.0009185745228857792,0.7384386533529749,0.2602453481533156,0.0003974239708236445
3599,0.0012211719173051878,0.43259996113305715,0.5621379696865568,0.004040897263080792
3600,0.8298217335218893,0.12504382909935127,0.04487115181627477,0.00026328556248460244
3601,0.023767368382093222,1.21339318307393e-05,0.04867694561919845,0.9275435520668777
3602,0.004589890632150784,0.10786288463829831,0.8817198669660591,0.005827357763491871
3603,0.016460294053008234,2.3684895839344904e-05,0.18220532857925847,0.8013106924718939
3604,0.0001239742617878337,0.9992080817087725,0.000666723675304863,1.2203541350374765e-06
3605,0.8535293424562135,0.014947720024595358,0.12641490276046508,0.005108034758726082
3606,0.1760041052373496,2.7206297602462324e-05,0.3038695966169889,0.520099091848059
3607,6.222239089334103e-05,0.992037384339264,0.007881643229916769,1.8750039925911754e-05
3608,0.03619641415367571,0.0003427575623916879,0.10847730388133711,0.8549835244025955
3609,0.9728001034383102,0.0007021406388281974,0.01831997165550108,0.008177784267360627
3610,0.07380014962381785,2.266087706158514e-06,0.01705238867984257,0.9091451956086335
3611,0.9054348791123688,0.0008711617802374012,0.060112841237595145,0.03358111786979873
3612,0.0001780419448449397,0.9403044235793481,0.059315301209703006,0.0002022332661040411
3613,0.0018148320033596053,0.9237204515950835,0.07419549232087295,0.0002692240806837826
3614,0.26049218570794774,0.0001645745911113169,0.03988220886258642,0.6994610308383545
3615,0.0814721525149681,4.717134671616663e-06,0.21177096343156668,0.7067521669187935
3616,0.008768580687354045,0.01929773773294321,0.9438494159961842,0.02808426558351849
3617,0.014439991389174258,0.11405390721196915,0.8225507803069347,0.048955321091921675
3618,0.07983537957225609,0.0004544256485027333,0.1417290775794969,0.7779811171997442
3619,0.5061987620735705,0.006225691724917321,0.4455357405993931,0.04203980560211899
3620,0.053230623233352654,0.0032051849330304335,0.8090449153116636,0.13451927652195333
3621,0.010818103656515832,0.24026845544914474,0.7378267534889388,0.011086687405400546
3622,0.00011570058455103683,0.9769867302618069,0.022848318448274382,4.9250705367599315e-05
3623,0.05205084586192108,3.484030684080526e-07,0.00020977481744997468,0.9477390309175606
3624,0.10003024987061582,0.00040436080656541985,0.695387657986333,0.2041777313364858
3625,0.0008783423052692191,0.9791547143600702,0.01988641729074602,8.052604391471076e-05
3626,0.0002888102272878554,0.9266336262973179,0.07251465159320344,0.0005629118821906858
3627,0.08026310132711259,6.415406955458938e-05,0.32973548120417057,0.5899372633991623
3628,0.00021638955477449294,0.9713167833298652,0.028371169335113907,9.565778024623372e-05
3629,0.01212789160600429,0.0031103474776551505,0.9166859571628024,0.0680758037535382
3630,0.000851111507166638,0.8813661263391177,0.117581944921306,0.00020081723240967635
3631,0.0001824080496743579,0.9315757832146581,0.06794283661762222,0.00029897211804519655
3632,0.01725435378718713,2.6636925381626995e-05,0.07177917985106931,0.910939829436362
3633,0.0006116285880357207,0.9373654900841089,0.06189884659892169,0.00012403472893360559
3634,0.03668638621027954,1.9084174582708128e-07,0.044108424978676015,0.9192049979692986
3635,0.0028980509801947146,0.8466064659550533,0.1496596846963731,0.0008357983683789206
3636,0.739654227014439,0.09569274885788988,0.1435467430839165,0.021106281043754546
3637,0.9646556791534864,0.00030286696792683205,0.028877600402694985,0.006163853475891807
3638,0.4653490064777137,7.514872184806153e-09,0.0015541774696345577,0.5330968085377795
3639,0.5961086967402643,1.1072805847936324e-08,1.8695742942147926e-05,0.40387259644398765
3640,2.6706754320287965e-06,0.9910020567579387,0.008992603730745759,2.6688358834596035e-06
3641,0.014740688083518307,0.002974110989469191,0.9243742896367246,0.05791091129028784
3642,0.0009117649716176683,0.146210632559514,0.8418862332735567,0.010991369195311707
3643,0.165757026984019,0.264362123727303,0.5624785886806531,0.007402260608024827
3644,0.6517634855403691,4.3742537252161835e-05,0.010482177192973275,0.33771059472940534
3645,0.00012293286617397558,0.9841109006300104,0.015705794902417212,6.037160139852611e-05
3646,0.7626940264324067,0.22159528738144474,0.015651324881367217,5.936130478140486e-05
3647,0.0007088673032858887,0.8222719484691028,0.17646287177688155,0.0005563124507297038
3648,0.0025115488183627397,0.946201848878082,0.05077579613116185,0.0005108061723934955
3649,0.6623769617766754,0.005884709087722074,0.2907799794288111,0.04095834970679144
3650,0.09704343706684204,0.698763359874664,0.2036513836208681,0.0005418194376258873
3651,0.06596483016731176,0.00012769558504505964,0.5877406738252217,0.34616680042242154
3652,0.5213521348888456,0.0004768340493777656,0.3939057574240021,0.08426527363777465
3653,0.011960267330401253,0.09440869342448836,0.8864571833047401,0.0071738559403702815
3654,0.9586823576586434,9.692964101660394e-05,0.02207744348427849,0.019143269216061475
3655,0.7945631634655016,0.0032700694653355366,0.19430233118948834,0.007864435879674473
3656,0.00022017914060198433,0.9961122312487467,0.0036482925408112404,1.9297069840006074e-05
3657,0.677880715180153,0.05052879696196609,0.024831531400911253,0.24675895645696977
3658,0.5644771019096642,0.001510430862377698,0.32429427673428407,0.10971819049367414
3659,0.0015488416157012528,0.8494198250802087,0.14713570140631305,0.0018956318977767326
3660,0.06947282008534764,0.00012135824216315154,0.2736123328894228,0.6567934887830663
3661,0.004007300841949732,0.40932389447359846,0.5796210780042744,0.007047726680177458
3662,0.046448571859849,0.001661946535509946,0.7484508064767229,0.20343867512791816
3663,0.17733932216846582,1.0061867660434217e-05,0.004719585860944717,0.817931030102929
3664,0.9936228842044275,0.001643346643434528,0.0045195741413222535,0.00021419501081565892
3665,0.015320047456284533,0.06691456688553597,0.8565710263735062,0.06119435928467327
3666,3.3038728827862913e-06,0.9994677157825402,0.0005288957725607899,8.45720161973071e-08
3667,0.9686261611132791,0.00131631406291502,0.02631081764126924,0.0037467071825365256
3668,0.11125303695837455,0.10225278973211707,0.7467081516795108,0.03978602162999756
3669,0.07141949634390997,0.019615300452661806,0.8878851577603529,0.02108004544307522
3670,0.00452043366708983,0.7421728107472648,0.2510413019118082,0.0022654536738370423
3671,0.0033016443554517126,0.9497255297301515,0.04686510949860796,0.00010771641578877769
3672,0.016282873768853637,0.013852419545223132,0.930602477375069,0.03926222931085441
3673,0.08834602786648608,1.1441400744676125e-06,0.0411531783810577,0.8704996496123818
3674,0.6375206284535979,5.421193816635322e-05,0.03510059322609356,0.3273245663821422
3675,0.011026297451362955,0.07297136062176098,0.9032373954401454,0.01276494648673072
3676,0.0561776778455601,2.653202099350431e-09,7.660544342751416e-06,0.943814658956895
3677,0.004576698111683315,0.9205573870969567,0.0745535376710239,0.0003123771203360885
3678,0.15624898145400157,3.688333208573934e-07,0.00021902727416136101,0.8435316224385163
3679,0.02772583018184423,0.9640904773122465,0.008146553701229423,3.7138804679938976e-05
3680,0.9898051575086148,0.0016056097964576765,0.008398323123012873,0.0001909095719148792
3681,0.03955688854418528,1.1403561230820419e-05,0.19892591620457323,0.7615057916900106
3682,0.002502031831636719,0.8318958931332644,0.16418744342178945,0.0014146316133092326
3683,0.8898608956599893,2.1081925057668928e-05,0.03332147879335076,0.07679654362160217
3684,4.2782803513323374e-05,0.8904513124986081,0.10934964999827682,0.0001562546996019435
3685,0.00015814787342349342,0.9926156605453925,0.00722135641102323,4.835170160541422e-06
3686,0.6783923553916023,3.805742593262839e-05,0.06133596092747041,0.2602336262549949
3687,0.0017594240931604194,0.5274259014773078,0.4690192958982969,0.0017953785312348584
3688,0.0714343401310798,7.77616219187384e-06,2.040899807136826e-05,0.928537474708657
3689,0.000696913169260983,0.883904025387702,0.11506003713002014,0.00033902431301683256
3690,0.0032571089708273784,0.580791471397597,0.41393741586789423,0.002014003763681444
3691,0.0011623433789774132,0.9475616184567415,0.051206208164556455,6.982999972472684e-05
3692,0.000939979235445446,0.725140028545449,0.2721275914776679,0.0017924007414377124
3693,0.008160779093838024,0.567223892839604,0.4135557057444233,0.011059622322134722
3694,0.03424183904860669,6.127680183559303e-08,0.008251545720083246,0.9575065539545082
3695,0.00011840845957238179,0.8829688580106537,0.11671327126052732,0.0001994622692466616
3696,0.0003382233841907149,0.9474896579492791,0.05207965884525017,9.245982128006575e-05
3697,0.3246105637664241,3.3572677212114636e-06,0.0015737874282531277,0.6738122915376016
3698,0.4071789575444772,0.5249969287013724,0.06678776808184188,0.0010363456723085755
3699,0.027592934967763202,0.008421888333830443,0.9112115135916912,0.05277366310671543
3700,0.006706742344800142,0.920909374431869,0.07167353852008315,0.0007103447032475556
3701,0.00027402219337596955,0.9569003703032201,0.04269336291545909,0.00013224458794483285
3702,0.3568511353894353,5.159263634596147e-10,1.0302884663168964e-05,0.6431385612099753
3703,0.0007187470758888234,0.9827124574115498,0.01651227718787929,5.651832468201601e-05
3704,0.7547540187230922,0.0009519590215320037,0.18002314036120323,0.06427088189417252
3705,0.4579792619803264,5.204745866928797e-05,0.07716397010627798,0.4648047204547265
3706,0.7900077405385981,6.380159980706523e-05,0.07690138935736643,0.1330270685042285
3707,0.02079563629526984,0.007035030291581296,0.8563562370436709,0.11581309636947791
3708,0.022856460405264747,0.00028173254803132494,0.5787440270169393,0.3981177800297645
3709,0.0019906227874190705,0.8275691146926312,0.17011086393332067,0.00032939858662911655
3710,3.413724415283413e-05,0.9851459926208043,0.014807458526500897,1.241160854196356e-05
3711,0.07836252670133409,2.478825616779034e-05,0.09935291526405866,0.8222597697784394
3712,0.01564253460559727,0.02311451065618787,0.9162223828408621,0.04502057189735278
3713,0.9572954918157595,0.0051035159315856345,0.03617280359511295,0.001428188657542076
3714,7.182919321356191e-05,0.9893782521060359,0.010538306803192652,1.1611897557892005e-05
3715,0.06952006686515967,0.8346015059653752,0.09338966812464,0.002488759044825144
3716,0.024068908556038122,0.02231045113048452,0.9339756021558304,0.019645038157647114
3717,0.0005329640569022132,0.9767724082396376,0.02264157507362174,5.305262983824803e-05
3718,0.00016814761676112018,0.9438170352951915,0.05589853370531999,0.000116283382727562
3719,0.2487023366836482,1.1467768473354072e-05,0.05953142709940102,0.6917547684484775
3720,0.9045682127734401,0.05387621075112188,0.0408777664138188,0.0006778100616193447
3721,0.020496276989652167,0.015381284610224968,0.8851931847403828,0.07892925365974017
3722,0.015010818894499553,4.844044756718407e-07,0.03669092874019947,0.9482977679608254
3723,0.018691170568105517,2.0556247972681696e-05,0.04066765326783067,0.940620619916091
3724,3.608660869861973e-05,0.9921526952899021,0.007793451771589105,1.77663298102118e-05
3725,0.07383429176645447,0.0005362828912332025,0.4539669007087651,0.4716625246335472
3726,0.04198931112917183,1.3143061935675714e-05,0.07187463026665444,0.8861229155422381
3727,0.00032332029979732324,0.8816359695642368,0.11768017745576209,0.00036053268020366807
3728,0.732889156143351,6.0165391492119795e-09,6.9820632970204344e-06,0.2671038557768128
3729,0.8178270546694235,6.201690657190737e-06,0.006960729445887874,0.17520601419403156
3730,0.0037715721041975334,0.8895320275302204,0.10640921904101397,0.0002871813245681465
3731,8.537998665825753e-05,0.9983893991691553,0.0015246637122888578,5.571318974080725e-07
3732,0.9723589462957722,8.2281820365308e-05,0.01956634079839211,0.007992431085470502
3733,0.32396477860915945,3.4933547212107135e-05,0.030392087200753197,0.6456082006428753
3734,3.839811100085628e-06,0.9977331026324077,0.0022601496871884393,2.907869303870271e-06
3735,6.127386510839542e-05,0.958725580850167,0.04116111344203172,5.2031842692904197e-05
3736,0.00030635693052922744,0.943804960759655,0.055495277899479785,0.0003934044103359322
3737,4.491239257799905e-05,0.9991197229691964,0.0008352726182245424,9.202000095423325e-08
3738,0.005854064950282266,0.9843531128107158,0.009786515710560039,6.306528441755273e-06
3739,0.5145775610579324,9.448825407727589e-07,0.0006350096848764056,0.48478648437465044
3740,0.00013891033849943284,0.9725589474745132,0.027178346855338025,0.00012379533164957505
3741,0.03531836194141511,0.0011371299315268899,0.7930635657209691,0.17048094240608896
3742,0.016831572856711788,0.0015520270497890055,0.8221437557653338,0.15947264432816535
3743,0.004975847774403701,0.2711126218228548,0.7182217012158,0.0056898291869416084
3744,0.003971118427491151,0.6012521048181293,0.39258012658730695,0.0021966501670725408
3745,0.0005133721287429694,0.8303634631194923,0.16899105063383185,0.00013211411793282119
3746,0.012446627494113077,0.7475239803337026,0.23942149949536937,0.0006078926768148356
3747,0.04723537242737455,2.9746423714209166e-07,0.0013800353109514035,0.9513842947974369
3748,0.7591758284329523,1.0952289377929697e-06,0.001433629927370615,0.2393894464107392
3749,0.6264915532641383,0.03037078563520747,0.3365859009689696,0.006551760131684633
3750,0.6766052191225604,3.041036979088547e-06,0.026814238359510943,0.2965775014809493
3751,0.0004880753709392049,0.9844204893143724,0.015085618494047659,5.816820640743472e-06
3752,0.000708010359640896,0.39799028763620864,0.599477965976136,0.0018237360280144615
3753,0.9791041835788736,0.00012526187492414067,0.007905924161929818,0.012864630384272324
3754,0.15586352143638127,9.372129181937333e-05,0.2114371700369672,0.6326055872348321
3755,0.0005399021658149773,0.8857068610599184,0.11325553165184835,0.0004977051224183638
3756,0.004329324124526531,1.0118926506585656e-08,1.338931819604638e-06,0.9956693268247273
3757,0.14677971272281065,0.08929440376252404,0.752731106785626,0.01119477672903938
3758,0.0964983380007695,0.00010446861647319168,0.41703254295086667,0.48636465043189064
3759,0.010187534127356823,0.003580718017583076,0.9071749518204342,0.079056796034626
3760,0.4888936076292105,5.200906547805019e-09,9.311321520688729e-07,0.5111054560377308
3761,0.001326562617255048,0.9101701401683087,0.08804642915905535,0.00045686805538088426
3762,0.15159264940470904,7.557595587218321e-06,0.18319798011789956,0.6652018128818041
3763,0.00043331757596197837,0.8672384663685923,0.13194722098898587,0.00038099506645983104
3764,0.001546203466936362,0.9441221138752333,0.05405832929894845,0.0002733533588819203
3765,0.05084017102483547,5.29597412691689e-05,0.23487024078049454,0.7142366284534009
3766,0.0006500760915757313,0.9168253282311621,0.08227826037068549,0.000246335306576646
3767,0.10462874837452234,2.564954232830176e-07,0.00043096842574991915,0.8949400267043045
3768,0.0006446493993559294,0.9630401822488286,0.03622829422118663,8.687413062890534e-05
3769,0.09961669589824582,6.623655533090418e-08,2.2498107215129207e-05,0.9003607397579838
3770,0.009873292254518724,0.01418347566556552,0.9536321962135231,0.022311035866392513
3771,0.8613356645147175,3.851241673275776e-06,0.006212783277386847,0.13244770096622238
3772,0.0011204861231448994,0.8805063411913142,0.11812474012790883,0.00024843255763205195
3773,0.00011083533316501046,0.9150527100615925,0.08466522425710113,0.00017123034814118293
3774,0.36479443515980636,0.24271173920589748,0.3886051560095851,0.0038886696247109344
3775,6.575664623005106e-06,0.9996722628932,0.00032091829749068276,2.431446862792102e-07
3776,0.0005730697477040909,0.9546768080186852,0.04465947086694149,9.065136666940253e-05
3777,0.056022373500747444,1.9151967544708435e-05,0.2652232242265203,0.6787352503051876
3778,0.3443512051458377,0.03863888281038389,0.6100638369940437,0.006946075049734821
3779,0.9299219841959918,0.00999599859610575,0.058998834972998015,0.001083182234904448
3780,0.00014532731397239526,0.9998302180192757,2.4376433633437377e-05,7.823311844283179e-08
3781,0.0018246068754674914,0.7986917708406092,0.198979142795586,0.0005044794883372737
3782,6.540749678697196e-05,0.937724882604953,0.062132570905452766,7.713899280736848e-05
3783,0.0007978950443259298,0.9782465143982163,0.020940508618920998,1.5081938536775252e-05
3784,0.00011265950168248015,0.9860008718217498,0.013825295078587855,6.117359797987787e-05
3785,0.03304525805156922,0.0007276140599413968,0.8481946366597602,0.11803249122872922
3786,0.018569652120471104,0.46636974898079137,0.5116106382336543,0.0034499606650830873
3787,0.06078426177992053,0.00017647754698722453,0.6030482414607522,0.3359910192123401
3788,0.43020587314710823,0.000324834159651659,0.47343764614685085,0.09603164654638945
3789,0.0022641684552280436,0.7064235017174032,0.2902312461013704,0.0010810837259982384
3790,0.20785737122182935,3.6472763075139005e-05,0.04056072022679088,0.7515454357883047
3791,0.01943214986632746,0.0004676579948579223,0.8086210109752257,0.1714791811635889
3792,0.0029262060657139445,0.9425507668687375,0.05443074615073221,9.228091481626823e-05
3793,0.038047235366442174,5.1178173295076555e-05,0.38619660312654497,0.5757049833337178
3794,0.2568994396139624,0.019404932795187752,0.036197228354917114,0.6874983992359328
3795,0.03054251558398078,0.11974812198525453,0.8334656651420083,0.016243697288756513
3796,0.00048606816903086557,0.9891332918969727,0.01036377877415289,1.6861159843507046e-05
3797,0.0011700575757017774,0.9405557316614834,0.05790566861486315,0.0003685421479516043
3798,0.0011174064724318873,0.3895270667501537,0.6062644221106859,0.0030911046667285555
3799,0.9628063384823033,0.019777989661691395,0.016828475773952238,0.000587196082053094
3800,0.00877893710146091,2.1970606252132112e-05,0.08331452256844435,0.9078845697238426
3801,0.006407856899143789,0.3756544429870685,0.6157279202705609,0.002209779843226749
3802,0.004928597922640908,0.9715640191503748,0.02342579526490244,8.158766208180465e-05
3803,0.04961908107133482,0.011375423838649496,0.8122961631567277,0.12670933193328798
3804,0.028588112750497933,3.03428364612059e-08,2.054803380261828e-06,0.9714098021032853
3805,0.0055931639032679855,0.965043093610765,0.029241148701454785,0.00012259378451231906
3806,0.001225140345741307,0.7508479825974458,0.24690818508569068,0.0010186919711224368
3807,0.00239425411320067,0.9137404768064528,0.08340898494403785,0.0004562841363086844
3808,0.003969299540178058,0.9616744331077397,0.03419383599372431,0.0001624313583577753
3809,0.9469607827022123,0.00427138453856826,0.0469498387702965,0.001817993988923004
3810,0.9816924700754021,0.014360646601533144,0.003932362501900871,1.4520821163981168e-05
3811,0.8142033868679673,0.001819783767321876,0.1636841066979577,0.020292722666753017
3812,0.03682739629460302,7.178790747048406e-06,0.03422046914914208,0.9289449557655078
3813,0.38466549698329633,4.900781918772054e-08,0.00033406014150534494,0.6150003938673791
3814,1.4553338805409686e-05,0.9981643639538665,0.0018203059635290345,7.767437989705442e-07
3815,0.7447641839922322,0.013368405362986611,0.16590015132220493,0.07596725932257611
3816,0.024485970189909362,0.01588774759919794,0.9374307669740483,0.02219551523684428
3817,0.0004794383727752897,0.908191437171266,0.0909238062639908,0.0004053181919679021
3818,0.1294112315660332,2.236492794519202e-06,0.00020112826029745909,0.8703854036808747
3819,0.008020681702375906,0.20714408195075756,0.7747748796301333,0.01006035671673332
3820,0.03837829868397925,3.8652551134077826e-08,0.007044399448750317,0.9545772632147193
3821,0.004853120254868548,0.39494840690995886,0.5966291160316662,0.0035693568035063458
3822,0.14068864067004613,3.241470390941128e-05,0.14348497577864625,0.7157939688473981
3823,0.9365994580774744,0.03832737609713277,0.024953238792343343,0.00011992703304967348
3824,0.00037719356748256344,0.9798830682815718,0.019673584590390883,6.615356055477842e-05
3825,7.649196256291803e-05,0.8799391784223743,0.11986134405371522,0.00012298556134760137
3826,0.00024278468837664292,0.9562821245196094,0.04338685987165558,8.823092035838364e-05
3827,0.9225013341408743,0.00014449104201489158,0.04662573117995315,0.03072844363715771
3828,0.8338366564205518,1.5130300302009315e-06,0.001663296699430213,0.16449853384998767
3829,0.02203101615142352,0.036741749297397014,0.8957359651528265,0.04549126939835303
3830,2.200364827908112e-05,0.9912573475103178,0.00870445007815974,1.6198763243395724e-05
3831,0.0003494815258796087,0.8884813668522528,0.11084938937421399,0.000319762247653707
3832,0.0008659961788089192,0.9499191628374878,0.049115024431389986,9.98165523132457e-05
3833,0.09660216501344471,5.0954848516471455e-05,0.0187581655737839,0.8845887145642548
3834,0.0044446232259237025,0.6940405883215321,0.29924854532958267,0.0022662431229614607
3835,0.034764356750438354,0.0001898910335540564,0.6060641601583113,0.3589815920576962
3836,0.9633895629984025,2.0755850963811617e-05,0.017604843976684284,0.018984837173949477
3837,0.1301988413946448,5.612992051947685e-07,0.025721286851389802,0.8440793104547601
3838,0.45750873090289984,0.5418896084562604,0.000600321785807327,1.3388550325194533e-06
3839,0.8847554584147389,0.00010879858637365183,0.0784993306367129,0.036636412362174554
3840,0.4751912394376851,7.8018196272417e-07,0.0026997158005291756,0.5221082645798231
3841,0.007436322553098789,4.261228067356373e-06,0.007393286971176926,0.9851661292476569
3842,0.04982858446063605,0.00048146937202380444,0.7892167567122675,0.1604731894550726
3843,2.7802226398785846e-06,0.9963282670328567,0.0036661205556145168,2.832188889049277e-06
3844,0.03852728505917937,0.9585488431566379,0.0029193609810211287,4.510803161624486e-06
3845,0.08055403160925344,0.0001555520900625587,0.1319880114034476,0.7873024048972364
3846,0.874698944042107,9.646173525633346e-09,2.258712158276696e-05,0.1252784591901368
3847,0.00012086761837586052,0.9736398640481628,0.026160610967365293,7.86573660962017e-05
3848,0.07967719013589518,0.016708090508618847,0.8541698676440962,0.04944485171138989
3849,0.0006143310201926409,0.8934903494812331,0.10575508296684151,0.0001402365317329668
3850,0.001025377292182275,0.912952708952404,0.0855663199381289,0.0004555938172847797
3851,0.00036431392598828546,0.8570570364894519,0.14223304653548355,0.0003456030490765718
3852,0.00022270820052721843,0.9310268615802,0.06868526617602297,6.516404324968938e-05
3853,0.04449739509669111,0.001027324581642421,0.776143417561766,0.17833186275990062
3854,0.9175014009446698,0.0003360013226729405,0.06975583377098751,0.012406763961669684
3855,0.08569540132265577,2.2766411915678755e-07,2.884081574830505e-06,0.9143014869316503
3856,0.9117809612749028,0.006192307581220906,0.07702020609254769,0.005006525051328586
3857,2.8265385847751493e-05,0.9973666489042201,0.002601880964257093,3.2047456752975608e-06
3858,0.12010484206235376,6.3156772786144245e-06,0.02904591608587492,0.8508429261744926
3859,0.8344129078319915,1.1278456100350956e-06,0.0001385294046226013,0.16544743491777597
3860,0.08911639024960037,2.1179543374838427e-06,0.1708733831483889,0.7400081086476732
3861,0.00011501147506377711,0.9479933183523687,0.0516149886051095,0.00027668156745820334
3862,0.011908025812176428,0.7443052338137911,0.2421357699176208,0.001650970456411637
3863,6.38112866642225e-05,0.9873936264349407,0.012533713362329165,8.848916065911831e-06
3864,4.7511346865736525e-05,0.9980751938451966,0.0018743344853251733,2.9603226125173865e-06
3865,0.015537150702234102,0.08419270955786819,0.8886339175607718,0.011636222179125928
3866,0.0007566421094795149,0.9589354115032439,0.0402123086549637,9.563773231295124e-05
3867,0.05634640320852495,2.3968503369293647e-05,0.28721572417954716,0.6564139041085586
3868,0.002017181316885137,0.9544514889787242,0.043416525649958605,0.00011480405443198849
3869,0.16446786516452322,1.3383439963309024e-05,0.11999779314300153,0.7155209582525119
3870,1.691701195328916e-05,0.9845972034862854,0.015378774316076808,7.105185684284056e-06
3871,0.0002768818166849331,0.8963646891366399,0.1028870227342086,0.0004714063124666312
3872,0.00517257045176757,0.028680941117537304,0.93618333336996,0.02996315506073524
3873,0.013774762534970144,4.1620820830543335e-08,0.005912829218829621,0.9803123666253795
3874,0.0010627999408156837,0.876436470909807,0.12106211952078189,0.0014386096285954463
3875,0.003426913918272955,0.9113869432794043,0.08370646372122424,0.0014796790810984784
3876,0.0003798344688257603,0.9692153578493737,0.03036290679515838,4.190088664210454e-05
3877,0.0002916509850445442,0.9538514794647004,0.0458219000347877,3.4969515467382825e-05
3878,0.030746816390738365,2.6083130704906267e-06,0.0013389129008110072,0.9679116623953801
3879,0.034659896086697124,0.06614605522886902,0.8837149127416267,0.015479135942807117
3880,0.03567867469665028,0.14846627043430594,0.7949936641014537,0.02086139076759007
3881,0.0179633066402275,0.01907145980932443,0.9310600737633574,0.03190515978709057
3882,9.587902789184038e-05,0.9900102079619888,0.009883902481698742,1.0010528420696943e-05
3883,0.03754640523684479,0.19137414875330455,0.7265825638388665,0.044496882170984034
3884,5.880653406283513e-05,0.9965220430967151,0.003414894831179876,4.255538042369843e-06
3885,0.01867915938252847,2.2175291117345633e-06,0.030950627631525767,0.9503679954568339
3886,0.025977759862003267,0.031882795370119066,0.8941538999196295,0.04798554484824822
3887,0.0002320245906396175,0.911432874636342,0.08804122373365854,0.0002938770393597729
3888,0.00013311023699277345,0.9385782287143984,0.0610915349093299,0.00019712613927891782
3889,1.430396465131706e-06,0.9998965151749324,0.00010194311578998845,1.113128125586225e-07
3890,0.0010569945286689586,0.8612317513764242,0.13699311579179035,0.0007181383031166108
3891,8.390804472070875e-05,0.9780285270144575,0.021878519519909687,9.045420912156795e-06
3892,0.002250583395324149,0.9504155985133255,0.04663072421015875,0.0007030938811916039
3893,0.05681965425112409,1.6336709256194477e-05,0.27138940265817135,0.6717746063814484
3894,0.11354724392904228,8.604285275787357e-06,0.008597093868518155,0.8778470579171639
3895,7.522980631897744e-05,0.9843164355607756,0.015491711015301782,0.00011662361760363521
3896,0.002050728455483042,0.8749035174893063,0.12276262610587212,0.0002831279493384579
3897,0.0002773243278169989,0.9372978899595725,0.062353151874609984,7.163383800030565e-05
3898,2.5440005074072883e-05,0.9880352398868892,0.011913865022596797,2.5455085440010606e-05
3899,0.0006017908277634167,0.9924039970461949,0.006935074508052091,5.913761798974902e-05
3900,0.010406242154480825,0.3303671361892372,0.6503991667333363,0.008827454922945645
3901,8.204827520075088e-05,0.9666703936790266,0.033221047318338935,2.6510727433849822e-05
3902,0.00012296163622464495,0.9970386502570967,0.0028366418002291113,1.7463064494998216e-06
3903,0.022476925348321658,0.63426617728911,0.3407747389304397,0.0024821584321287216
3904,0.00032223306995711487,0.8961073648152419,0.10310312441898618,0.00046727769581474956
3905,0.048070025530954276,2.1966877823546968e-08,8.732016447564171e-07,0.9519290793005231
3906,0.0027645114273198382,0.7723414207233444,0.22419123422957082,0.0007028336197648741
3907,0.01052622096459651,0.19490334668240814,0.7859949887270974,0.008575443625897855
3908,0.5948388420732844,3.69629521317732e-08,0.0019355338643808394,0.4032255870993826
3909,0.03690365467741866,2.5578252216744087e-05,0.20080558409873256,0.762265182971632
3910,0.28458303104906557,1.0409380973186717e-06,3.441305789412751e-05,0.7153815149549428
3911,0.5226168836331093,3.0769612798134796e-06,0.011394034107546129,0.4659860052980647
3912,0.5580379352408369,5.214917937057417e-06,0.00959044839920835,0.4323664014420177
3913,0.31992864197822535,7.853076397179428e-07,0.00023182131691908337,0.6798387513972158
3914,0.6797327379976481,0.0005691410508451564,0.24658574133773686,0.07311237961376997
3915,0.005873205918492595,0.9831171888744203,0.010957229082082142,5.2376125005061974e-05
3916,0.4121608099911112,7.290988788705005e-07,2.1553904801690706e-05,0.5878169070052083
3917,0.045321005709777755,1.746059108952977e-05,0.15660001711493765,0.798061516584195
3918,0.9259317094849089,0.0005091994315171276,0.06384873340298326,0.009710357680590628
3919,0.050390066575957626,0.02624028568898413,0.845530838729428,0.07783880900563023
3920,0.7377057467135691,2.8019044187255193e-08,2.4707226606166963e-05,0.26226951804078036
3921,0.04010545829362386,8.382343567241516e-06,0.18784213281009962,0.7720440265527093
3922,0.2523279734329139,1.8428793994441547e-06,0.0023663979928210586,0.7453037856948656
3923,0.9507069974038177,3.2232996057055025e-05,0.023452186253849188,0.025808583346275997
3924,0.008877355510231753,0.6791567070994381,0.3108670350815584,0.0010989023087717802
3925,0.004482166615750272,0.8490922273924437,0.146145659845511,0.0002799461462950454
3926,0.8210982056733657,0.005102373146184196,0.16632787405582,0.007471547124630057
3927,0.7910399962579688,3.159523172516195e-05,0.016933079514081982,0.19199532899622399
3928,0.8810313888459961,0.0009596326943804718,0.1077810850571519,0.010227893402471674
3929,0.00017275950103962307,0.874421038686256,0.12503837617069255,0.0003678256420118591
3930,0.0017744013010966375,0.9949006643552821,0.0033216843171131297,3.2500265080194418e-06
3931,0.0005585537087830365,0.9884985578357552,0.010912589500099712,3.0298955362013567e-05
3932,0.00048166848940617844,0.8549629725247496,0.14422794808195372,0.00032741090389065664
3933,0.12774912809896238,2.0662299222522787e-06,0.06133540392441184,0.8109134017467035
3934,0.014180194419773287,0.0006528478966525303,0.8284698898419727,0.15669706784160162
3935,0.0007538644972966224,0.8546166154197133,0.1441807402776757,0.0004487798053142596
3936,0.0011445400774340634,0.8136138011891902,0.1837308188319553,0.0015108399014203148
3937,0.0007567245121847444,0.9966742128625488,0.0025664882176108933,2.5744076558624636e-06
3938,0.33159423930800763,8.549642611475996e-05,0.0020216874360921705,0.6662985768297854
3939,0.009467789223146074,0.01652341042559884,0.9523935427855947,0.02161525756566027
3940,0.6893317037449349,0.00017242909203768274,0.20411697680566393,0.10637889035736355
3941,0.00021863798736265064,0.9907357185583536,0.008982236036617035,6.34074176667294e-05
3942,0.4963741643925239,3.691703998877834e-05,0.04880067191007273,0.4547882466574145
3943,0.012259764245919614,6.42052415815896e-07,7.481652051401197e-07,0.9877388455364594
3944,0.2496060393980358,0.0008189681860975421,0.48314433704310655,0.2664306553727601
3945,0.5052811474198945,3.4068553491652443e-06,0.042939643876810034,0.45177580184794636
3946,0.0020229288481767083,0.9946957671517024,0.0032437353312436213,3.7568668877283534e-05
3947,0.9849430384751385,0.0012619887692897212,0.013592440225655323,0.0002025325299162946
3948,0.0001602950509028173,0.9402027940055466,0.05951523754270839,0.0001216734008419234
3949,0.14838821011952275,3.0825857825692746e-06,0.2908066899974858,0.5608020172972089
3950,0.0004615695224338578,0.8636089849160502,0.13529033466712326,0.0006391108943926179
3951,0.01107953649440061,4.470098296899566e-05,0.0644431297248224,0.924432632797808
3952,0.00034118418848373406,0.8839780497584976,0.11532306378403,0.00035770226898873824
3953,0.0007481236222996351,0.9923756179076402,0.006870744015824937,5.514454235070665e-06
3954,0.006418488466794867,0.0032395658557911266,0.00946724743325236,0.9808746982441616
3955,0.2185041486292375,1.4976338399600717e-07,2.3171388696680973e-06,0.7814933844685088
3956,0.9578819627274192,0.009171669022633193,0.03229799764633625,0.0006483706036114188
3957,0.25148612555488925,4.32926202980289e-06,0.00013244975125146932,0.7483770954318294
3958,0.0008236322757312876,0.9171168889102708,0.08182573353125915,0.00023374528273878634
3959,0.03342687132044266,9.962094276087754e-07,0.04064266786927153,0.9259294646008581
3960,0.00021165432607884842,0.9577237677257909,0.041927031655377284,0.00013754629275278358
3961,0.0019486276424131143,0.9683760997093747,0.029584955764102618,9.031688410951004e-05
3962,0.9114892072630827,0.00025889313029441664,0.05230523769536298,0.035946661911259906
3963,0.05557901062290429,0.0006188626168277208,0.35218962100994294,0.591612505750325
3964,0.0034426771178583306,0.9451107558622476,0.051120047922720444,0.00032651909717365887
3965,0.025897369064737243,1.1367812161570415e-06,0.04879092420476154,0.9253105699492851
3966,6.83430457165915e-05,0.9697626404639573,0.03012864337259272,4.037311773343808e-05
3967,0.02277999563446328,0.21390778190163495,0.7601780920433284,0.0031341304205733354
3968,0.012006200143883402,0.7546496663778944,0.2328185548044295,0.0005255786737925355
3969,0.14948773569130974,0.0001383191282569781,0.24227363296014523,0.608100312220288
3970,0.7102826527511253,0.2815088883213157,0.008172358926430505,3.610000112841172e-05
3971,0.8927772138333556,4.201901249200729e-05,0.014276912808565776,0.09290385434558676
3972,5.920930227885096e-06,0.988998127709692,0.010991015838710101,4.9355213699998465e-06
3973,0.8153373168968079,0.018606658468567395,0.16224456934142226,0.0038114552932025907
3974,0.06286091169290174,0.00043159335573183366,0.6491339894981247,0.2875735054532417
3975,2.5938516471587704e-05,0.9991565618949995,0.0008174173083759126,8.228015308587939e-08
3976,0.00014584832464967709,0.9379197254138008,0.06182713950808951,0.00010728675346010352
3977,0.00023808481747056886,0.9130796953935157,0.08646766082694224,0.00021455896207161744
3978,0.19001467413754725,5.1956236760704915e-06,0.00031933080323215163,0.8096607994355445
3979,0.004294761889030323,0.8045776417692041,0.19064818492705937,0.00047941141470604745
3980,0.012876377309308818,0.005964745543383037,0.9296376484000781,0.051521228747229905
3981,0.089849249001217,3.116243583372981e-05,0.27037712049188056,0.6397424680710686
3982,0.6066228066253553,3.3297945473491123e-07,7.6234967584873305e-06,0.3933692368984314
3983,0.2629355080528935,0.7366724915294701,0.0003911969600479555,8.034575882768186e-07
3984,0.7139752569275962,0.1277076652841911,0.15720093490609555,0.0011161428821171906
3985,3.6772628783193284e-05,0.9847104383130776,0.015241367259314584,1.1421798824651104e-05
3986,0.003903166861100397,0.42766431730332477,0.565884074716835,0.0025484411187397947
3987,0.9897019578974611,0.0047256745691088035,0.005364656236232671,0.00020771129719739442
3988,0.007643789997948748,0.9911494252062196,0.0012058562458929615,9.285499386547041e-07
3989,0.4462634263456022,0.007577593589826099,0.46105956644888607,0.08509941361568565
3990,0.0699244736506533,3.4246612131219035e-06,0.029753203203070445,0.9003188984850632
3991,0.0010517380733253996,0.9726280336626548,0.026256158681258066,6.406958276179657e-05
3992,0.002508210655851201,0.6732092440752632,0.32307532900635627,0.0012072162625293243
3993,0.1426348521316569,7.677016873326136e-05,0.3885507305364792,0.4687376471631307
3994,0.018854592830491852,0.8417343138688436,0.13867103651481533,0.0007400567858491913
3995,0.0928839121418563,1.0034795292151941e-07,4.514990319151578e-07,0.9071155360111589
3996,0.2359094921604394,8.22284800577103e-06,0.1748909499419552,0.5891913350495996
3997,0.2660004731158083,0.6590940841202726,0.07479047685708264,0.00011496590683638593
3998,0.00023160909925866826,0.9649827730030665,0.034734884838882756,5.0733058792126614e-05
3999,5.00583239660832e-05,0.9837106973618421,0.016208330932433332,3.091338175846427e-05
4000,0.0008350175536753962,0.8951434935002126,0.10246438842047184,0.0015571005256401849
4001,0.0003065273766345874,0.8777041649748811,0.12156918108548437,0.00042012656299985837
4002,0.0005773840462496619,0.9723571354233117,0.02703537081429058,3.0109716148097593e-05
4003,1.9433448434920292e-05,0.9953487289869334,0.00461354393638697,1.829362824443739e-05
4004,0.02593281927027278,2.5624439750407354e-05,0.28649048669304683,0.6875510695969299
4005,0.0002162179036714395,0.97707320935863,0.022659953939060316,5.061879863845329e-05
4006,0.0001205257245738075,0.9653400737744778,0.034477236633125276,6.2163867823205e-05
4007,0.8454201349316519,0.12002490484531805,0.03440749788519138,0.0001474623378386933
4008,0.5155952286353839,6.86122254763364e-06,0.03297399938071461,0.4514239107613538
4009,0.0012035552156425464,0.985412202224546,0.013342133973517589,4.210858629370722e-05
4010,0.0041506251485690605,4.160996361706844e-07,0.0002149427965506013,0.9956340159552441
4011,0.8034481391622734,0.0004192427330133333,0.1608094313641776,0.03532318674053556
4012,0.00440503802700694,0.5609214550802188,0.4317595713935147,0.002913935499259593
4013,0.5263600900477581,9.731467926100132e-06,0.007293750150380438,0.4663364283339354
4014,0.10548512049132969,5.5445603994565614e-05,0.11717713764721015,0.7772822962574656
4015,0.032814350829340984,2.998175795578524e-09,4.7566792091379656e-07,0.9671851705045623
4016,7.360925363077051e-05,0.9864270522630594,0.01349167632644609,7.662156863748086e-06
4017,0.0007123383033635029,0.7423987459638504,0.2565566666689564,0.00033224906382972423
4018,1.4987715653153978e-05,0.9783295973742034,0.021610338383704915,4.507652643841268e-05
4019,0.9884809430233612,0.0037151612852245304,0.007658030532201246,0.00014586515921295018
4020,0.06614597727775916,0.07097789475815414,0.8378598413049615,0.025016286659125284
4021,0.23210599415373342,0.00043607789449606244,0.014452364403161316,0.7530055635486093
4022,0.9760255549927209,0.018758999239171775,0.005114031063250339,0.00010141470485697005
4023,0.1471774624986636,8.937632196677016e-07,9.927103229002923e-06,0.8528117166348878
4024,0.13098837076515074,1.407728406389713e-05,0.005876489636849449,0.8631210623139359
4025,0.0009962116351211335,0.9087067956685408,0.08986912654695871,0.0004278661493794297
4026,0.020578840840376422,1.1626707832626207e-05,0.0002477641076943721,0.9791617683440965
4027,0.0004739264798331104,0.9042480608081175,0.09507654849098135,0.00020146422106803407
4028,0.901743474472428,0.0029012656973959154,0.05742522026617346,0.0379300395640028
4029,0.2609032177767347,1.3229060892504162e-06,7.022781476405474e-05,0.7390252315024121
4030,0.03429311638525639,0.36453367619948124,0.5867346067084449,0.0144386007068175
4031,0.4798728459668431,5.1562612873147826e-05,0.0926619757864206,0.42741361563386326
4032,0.8436006875258352,0.0027275047585025277,0.11955317061164104,0.034118637104021424
4033,4.930527237354252e-05,0.9068102023225325,0.0929406836736342,0.00019980873145985056
4034,0.9639537320108338,0.0018950830138650045,0.030486055416550036,0.003665129558751171
4035,0.6743066385415295,0.000431797468438075,0.27800631426421907,0.04725524972581342
4036,0.0006541889450007308,0.9388561888469413,0.06035511239196845,0.00013450981608959848
4037,0.0006111208546191871,0.996880216970579,0.0025044335177796012,4.228657022186651e-06
4038,0.8896461551184743,0.0003643384259595593,0.03671318695609178,0.07327631949947433
4039,0.00138685644570839,0.9031539119944619,0.09506086444202302,0.0003983671178065558
4040,0.996305650292802,7.047124106470772e-05,0.002938368888659316,0.0006855095774738881
4041,0.001717275966578934,0.9473689281783513,0.05072161929436395,0.00019217656070594357
4042,0.055643367133392914,1.5494037309194363e-05,0.0074352363867470975,0.9369059024425507
4043,0.01993857976523928,1.6779193582797343e-08,0.003319735123929064,0.9767416683316381
4044,0.904942515912411,3.3045165868670896e-05,0.030186351444778492,0.06483808747694184
4045,0.8941171038354219,0.00012918036602028787,0.061337688355028834,0.044416027443528946
4046,0.7490556800183062,1.7743773388306542e-06,0.000133149203315058,0.2508093964010398
4047,0.8768493762599222,0.028475315036473457,0.09154336946338487,0.003131939240219509
4048,0.07987233724521757,2.7218131806303366e-08,0.0008319353421460796,0.9192957001945046
4049,0.003661044763085956,0.43869595659076066,0.5451959274429632,0.01244707120319019
4050,0.0022993051925921776,0.518521789369889,0.4764920638145948,0.0026868416229238524
4051,0.0057458076599135,0.7369106382284587,0.2566034136807263,0.0007401404309014822
4052,0.006801499640864663,0.8962471062093633,0.09652501172479376,0.00042638242497817364
4053,0.00023435812659217942,0.9034001724641074,0.09625172029076608,0.00011374911853423328
4054,0.0009943902180902702,0.91573268017335,0.08306382784799941,0.00020910176056044132
4055,0.5459124430347507,1.9709856729239134e-05,0.018092026947770644,0.43597582016074937
4056,0.0006655701462278827,0.9920280040387205,0.007301189812116021,5.236002935559885e-06
4057,0.11073207664848654,1.0204033555365543e-09,9.245038413816053e-07,0.8892669978272688
4058,0.002468599492912554,0.8312110452334402,0.16531007398968137,0.001010281283965777
4059,0.635264490705074,1.6477451595114106e-08,0.000831642575298894,0.36390385024217564
4060,0.9353450451900874,0.0007504910485526214,0.04296691642244035,0.020937547338919654
4061,0.863462408959428,0.00011806787928100957,0.09936392554918573,0.037055597612105064
4062,0.9859829916441838,0.0001392468249068786,0.011265282407869037,0.0026124791230403574
4063,0.04436965194714822,0.05171202198955138,0.8878947442778077,0.01602358178549281
4064,0.8455858869640539,0.0008511762797836389,0.05434406568840452,0.09921887106775784
4065,0.7799204630402141,0.039931184883174584,0.17840564015078786,0.0017427119258234646
4066,0.031029472380519587,2.6605561509944573e-05,0.09585456348183602,0.8730893585761343
4067,0.026941470337464794,0.002128379498049417,0.8291020111218683,0.1418281390426174
4068,0.0044978391392593835,0.8189054317276527,0.17412760176535716,0.002469127367730818
4069,0.024574587423950297,2.94190369605442e-10,9.866237868505377e-08,0.9754253136194807
4070,0.30193182182103967,1.4053319794552304e-05,0.05836533731485556,0.6396887875443102
4071,0.05325500422186132,1.5079436511144594e-05,0.002554549269576503,0.944175367072051
4072,0.044269278799110294,0.005989133563756531,0.8882616047606776,0.061479982876455425
4073,7.127227995150358e-06,0.993922378728632,0.0060634157169850425,7.0783263877226866e-06
4074,0.690022054607285,0.0002769245525951817,0.24129233337348224,0.06840868746663747
4075,0.8275204968449902,2.4298007347218373e-07,0.0007197090494874398,0.1717595511254488
4076,0.0003890513804787191,0.9801613894660176,0.019437382015819654,1.2177137684046419e-05
4077,0.9714350941430956,0.00013180170773948328,0.02183878369574587,0.006594320453419014
4078,1.1719456050365751e-05,0.9955515690086093,0.004433146946472554,3.5645888678859013e-06
4079,0.7642436213610782,9.457531634466292e-07,0.0012829083313672172,0.23447252455439127
4080,0.004083317807355232,0.4070385934313814,0.5865705785567359,0.0023075102045275126
4081,9.724202208549192e-05,0.9178353956956591,0.08201519678538582,5.216549686975381e-05
4082,0.10233815427084832,0.00018382747779633121,0.2931960479021328,0.6042819703492226
4083,0.34569196823931286,6.07484421477843e-05,0.03688424071913016,0.6173630425994092
4084,0.05120041382596494,0.014831299395377338,0.8504130558217974,0.08355523095686027
4085,0.9904918622365468,0.003930980878032718,0.005539823124093769,3.733376132668859e-05
4086,0.6074452196874202,3.1535231823575036e-07,0.0007274690465260313,0.3918269959137355
4087,0.8196048294600008,4.0878898421631603e-07,0.003481862874119292,0.17691289887689576
4088,0.0039014732235869046,0.9828976769634511,0.013098400298965935,0.00010244951399597228
4089,0.05397847220033045,3.7938681516977606e-05,0.00010852892200244209,0.94587506019615
4090,0.7996445815345659,0.02351539743655395,0.1731198917034007,0.0037201293254794155
4091,0.9628617853691205,0.00010881848281083747,0.02801705407874094,0.009012342069327939
4092,0.07743347092505372,1.4695467098961446e-06,0.0005819285632502538,0.9219831309649862
4093,4.63952500075993e-05,0.9715334188508615,0.028396758186271017,2.3427712859901748e-05
4094,0.2654335039656577,1.6200697225832995e-06,1.6470951541364545e-05,0.7345484050130784
4095,0.926118472061922,0.0010310254820304573,0.062252406083247516,0.010598096372800089
4096,0.00010189983309989076,0.9350823300828219,0.06469490423830612,0.00012086584577211391
4097,0.9541224931090603,0.00040392220223252334,0.04306283387167427,0.0024107508170329367
4098,0.0012480492457263481,0.9265946429311518,0.07185283156298776,0.000304476260134094
4099,0.9524699569390693,0.0015954519418846162,0.022034049294566156,0.023900541824480044
4100,0.00010919834199015162,0.9583421399191421,0.04135200191712329,0.00019665982174447638
4101,0.047783853471832775,0.0003813861022423336,0.7830518175794642,0.16878294284646078
4102,0.038870415271331386,0.8755847891068815,0.08495739925192695,0.000587396369860127
4103,0.7504201369212103,3.0324258568597e-06,0.00041666062314735827,0.2491601700297854
4104,0.001459444505814545,0.9566658958094681,0.04139597262402496,0.0004786870606923944
4105,0.11679882259622987,0.00010334548181799164,0.11023709006396713,0.7728607418579849
4106,8.922732164671614e-06,0.9940844521869178,0.005884518069528048,2.2107011389450777e-05
4107,0.38442877296634403,8.617553587512977e-07,0.000718709282833244,0.614851655995464
4108,0.0001835396624284665,0.9021229292556359,0.09731582677775824,0.000377704304177477
4109,0.059689455016824655,6.615474044793748e-06,0.009342361331433957,0.9309615681776966
4110,0.004414259113413575,0.3296763439555158,0.6562956111372578,0.009613785793812968
4111,0.005760273025929453,0.9206690615831165,0.07335306483487242,0.00021760055608172275
4112,0.003968498108230382,1.2965630181952581e-08,0.0005425599922266222,0.9954889289339128
4113,0.00033035962994454787,0.827898444581598,0.17103006106588098,0.0007411347225763364
4114,0.029827348447200096,0.002627945047270401,0.8632666951643057,0.10427801134122396
4115,0.7826961841372172,3.67542951488593e-07,0.0061722988192498066,0.21113114950058165
4116,0.04935260318799556,0.02306053016937197,0.026570416016237847,0.9010164506263947
4117,0.0023369193860469165,0.9959859793932894,0.0016693776461717913,7.723574491920783e-06
4118,0.002969254116533915,0.5070143166934349,0.4875340036683269,0.0024824255217043337
4119,3.381140792607306e-05,0.9909119118961128,0.00902119964381477,3.307705214618905e-05
4120,0.01488595167759373,0.021499597544234243,0.8931945524642775,0.0704198983138945
4121,0.9707000917510019,0.0006846261466566541,0.014843763534371269,0.013771518567970067
4122,9.04822898734609e-05,0.994059230911326,0.005838652164724608,1.163463407595127e-05
4123,1.3869544924757443e-05,0.9820033756500964,0.017976635783897826,6.11902108079993e-06
4124,0.0001303896449174259,0.944152229571364,0.055644498256367414,7.28825273510666e-05
4125,0.000773212894770912,0.9445781596993598,0.05445266354164817,0.00019596386422101488
4126,0.9155968372890305,0.004513250897442493,0.07511140105036627,0.004778510763160843
4127,0.18668082156194946,2.878364973746738e-07,7.536602590945692e-05,0.8132435245756438
4128,0.019401959132992197,0.02055738901105904,0.9327148749394018,0.027325776916547077
4129,0.793770708060942,5.990362616822673e-06,0.011874578519732141,0.19434872305670906
4130,0.015706082879245544,2.5979425917684864e-07,0.006508768388021624,0.9777848889384736
4131,3.6059228443029055e-05,0.9947974668580998,0.0051593510937576244,7.122819699460116e-06
4132,0.2380414778219284,1.8003975779541973e-08,4.930712686003173e-07,0.7619580111028272
4133,0.06659511963477248,5.635362939097138e-05,0.5087583176910292,0.4245902090448074
4134,0.0005947902166766163,0.9927206404201931,0.00666868785065693,1.5881512473420267e-05
4135,0.19159020406940555,2.9382816007547403e-06,0.0003259732560703687,0.8080808843929234
4136,4.390607056470466e-05,0.9578720508552184,0.042008847891797915,7.519518241880017e-05
4137,0.8240232854741227,0.0008083401800679821,0.14056177701486572,0.03460659733094357
4138,0.08033272152332588,5.979543405324387e-08,0.0056941698047948824,0.913973048876445
4139,0.6283928399272398,2.1962734178480732e-07,3.948092909864616e-05,0.37156745951631986
4140,0.002417279173837511,0.967580507097087,0.029898054116870906,0.00010415961220479497
4141,0.0002874937974730038,0.9780906145083479,0.021545301810789487,7.658988338958974e-05
4142,0.00015692145719277485,0.9177699750227242,0.08165918492018209,0.00041391859990108816
4143,0.34471338750408903,9.132927226464839e-05,0.09965605850410869,0.5555392247195376
4144,0.995565972499535,0.0017241270223488088,0.0026819516690702394,2.7948809045862864e-05
4145,0.5301285835418007,0.17387210829037425,0.1513035596176278,0.1446957485501971
4146,0.39398811768188347,3.3685269329051534e-07,0.00039390531892115116,0.605617640146502
4147,0.41500848198660595,0.026404187532598395,0.5406254973238612,0.01796183315693444
4148,0.009785962750605172,0.0002412769593413254,0.02379177884217443,0.9661809814478792
4149,0.03325352493745325,0.02673997950621602,0.8243081902626884,0.11569830529364242
4150,0.10220349109978666,0.8157520151110441,0.08127429225826108,0.000770201530908284
4151,0.025539047190044684,1.10695254356025e-06,0.0915749074538982,0.8828849384035136
4152,0.003702892345031652,0.9673173006212046,0.028948519246400215,3.128778736349039e-05
4153,0.41200596260246186,1.3482383654090437e-07,7.784898633204442e-05,0.5879160535873696
4154,0.042815926388515564,7.82168529052412e-05,0.3664422503011205,0.5906636064574587
4155,0.0007892774621289601,0.9905635007037553,0.008634992940784318,1.2228893331479674e-05
4156,0.00022793674165166072,0.9748415064045444,0.02485716012149405,7.339673230996278e-05
4157,0.00020258172369955646,0.9589473486182044,0.04064204513273268,0.00020802452536332588
4158,0.0016910433713180992,0.9223178935703176,0.0757249009308559,0.00026616212750869085
4159,9.443314042843493e-05,0.9756014917483766,0.024264807463009495,3.926764818552365e-05
4160,0.014483649837929175,0.7347451808832745,0.24942856842110478,0.0013426008576917664
4161,0.0007168909646406441,0.7770490388922084,0.22189340605569063,0.0003406640874600787
4162,0.028462217041121146,0.00017407784180140448,0.6379243642017532,0.33343934091532423
4163,0.006703742573855911,0.8181831631119179,0.17467545123994677,0.00043764307427934893
4164,0.0032197369037174415,2.3181830635008045e-09,0.0021020772349714784,0.9946781835431281
4165,0.017467603398676434,0.03028281677072257,0.88155036033918,0.07069921949142105
4166,0.016483922911984413,0.12106379292696355,0.8525967856813438,0.009855498479708355
4167,0.033094598163200206,0.019129073682707567,0.9265031971421139,0.02127313101197827
4168,0.022141809537062445,0.033433680847494644,0.9166029383753153,0.02782157124012763
4169,4.841258183544498e-05,0.9377941198868233,0.06203415626291024,0.0001233112684310464
4170,0.015283019505027085,0.00025875099684484037,0.3141947452517579,0.6702634842463702
4171,0.015174550452452843,0.149541649806071,0.8229453035966169,0.012338496144859353
4172,0.028481363024244463,3.0382854711455117e-05,0.05269935819843181,0.9187888959226124
4173,0.08997205360484323,0.0017796024138829805,0.6610303834354799,0.24721796054579387
4174,0.08252375870328542,6.699563381201694e-05,0.24262654869324746,0.6747826969696552
4175,0.03345004242649634,2.14714154898629e-05,0.22741629790374762,0.7391121882542661
4176,0.06901537099060959,0.004193337268670643,0.8846310747502144,0.04216021699050541
4177,0.6989129544862769,0.0006062511854003021,0.08642264141044749,0.21405815291787525
4178,0.44809606464507507,0.0007250409890095225,0.44458908326520175,0.1065898111007136
4179,0.059286637990493336,2.927271810100321e-06,0.038462913108642235,0.9022475216290542
4180,0.007570372618939857,0.004964747597679676,0.89500144366957,0.09246343611381037
4181,0.14651648646040225,1.3585306320918642e-07,1.8190941968864482e-05,0.8534651867445656
4182,0.011234375626905596,0.01631889065324598,0.849912738464212,0.12253399525563644
4183,0.1474156747771408,8.20781781764777e-09,0.00010141914598724481,0.8524828978690541
4184,0.0014496478392844957,0.9554349926099287,0.043056615927928546,5.8743622858193336e-05
4185,0.0002447139048074702,0.8085806095498307,0.19028540549012604,0.000889271055235836
4186,1.7344098236976264e-05,0.991313818967558,0.008665558184812242,3.278749392718682e-06
4187,0.3119374457937282,0.6218831572227588,0.06569873105747409,0.0004806659260391066
4188,1.253148848515346e-06,0.998047790311249,0.0019501512798942163,8.052600081987463e-07
4189,0.9092206590763915,0.0002421740053174124,0.0733246340445731,0.017212532873717865
4190,0.7675953180541399,0.0004149179304264751,0.09669125648262146,0.13529850753281206
4191,0.000305466105244888,0.9607772846460644,0.038758584023196554,0.0001586652254942442
4192,0.8844476533009721,0.08385548771189562,0.031007421179326457,0.0006894378078058204
4193,0.03790596377336343,0.006450389606297636,0.9324854239479686,0.023158222672370294
4194,0.0005784686907559722,0.9569956304525058,0.04234818894262788,7.771191411013283e-05
4195,0.23986318839285106,0.005140586244557621,0.3130952271107217,0.4419009982518695
4196,0.001946351048802735,0.9960202039578755,0.0020288706550053966,4.574338316392183e-06
4197,0.0019158185973062547,0.7673420161471519,0.23003332729594617,0.0007088379595957525
4198,0.817464558198106,0.0007009431524282431,0.1498969496077576,0.031937549041708126
4199,0.0009868681403531968,0.9881418835312178,0.010779538114523514,9.171021390544745e-05
4200,0.04334061332538623,0.00167617701441738,0.6425745598560177,0.31240864980417854
4201,0.8999271111472827,0.00011974014175242318,0.031144327482541423,0.06880882122842351
4202,0.09412850259609358,2.488217697639404e-05,0.3990927698479093,0.5067538453790208
4203,0.007471353761903458,1.2904469129799738e-06,0.022459876491310395,0.9700674792998732
4204,0.347548859680206,2.8317914050259063e-05,0.23122429515219345,0.4211985272535503
4205,0.00019731599015963732,0.9952267730012865,0.004573070842557233,2.840165996517087e-06
4206,0.0009806648022044264,0.8547930006226727,0.14407759799848155,0.0001487365766414301
4207,0.12160031231476341,0.7321063162152753,0.14312016953001944,0.0031732019399418796
4208,0.0003233542191450142,0.7699306210714193,0.22895564005687402,0.0007903846525614784
4209,0.30071062556271416,1.29293804228256e-05,0.04691620859524156,0.6523602364616213
4210,0.07347388139031316,4.1296878155814695e-06,0.09348575351404266,0.8330362354078286
4211,0.0018735731627914595,0.30240786172581957,0.6913094478865942,0.004409117224794631
4212,0.007708641707860963,0.03578844965380087,0.9399260627829855,0.01657684585535266
4213,0.005010296542331596,0.9312265215156925,0.06340413090044039,0.00035905104153555504
4214,0.7588912401267344,1.6568827000886552e-06,0.003184972855439091,0.23792213013512634
4215,0.8205931147960839,2.9486655757021748e-05,0.007134820244888349,0.1722425783032708
4216,0.8624796823585126,2.0001556592120552e-06,0.004215731545075252,0.13330258594075278
4217,0.3961101169383111,1.9000286681559335e-06,0.0007533658455056864,0.6031346171875149
4218,0.030543233929157462,3.8595386949825174e-05,0.41563824118038867,0.5537799295035041
4219,0.0011818254520299372,0.663424304036355,0.3334377811303428,0.001956089381272308
4220,0.30810403831852456,0.00012938325732265383,0.11596596746459006,0.5758006109595627
4221,0.0011792020183143477,0.970955302043251,0.02777894260595409,8.655333248062868e-05
4222,0.0019491843681143084,0.9317775931486344,0.06618668756839544,8.653491485572471e-05
4223,0.8132038260674599,2.98663828839221e-07,0.0015978369446628092,0.1851980383240485
4224,0.0008665107421975351,0.8848391069987945,0.11313745683753909,0.0011569254214688963
4225,0.9263654899695998,0.001400794855398799,0.018155867897284853,0.0540778472777166
4226,0.9760570955633212,0.00014923843607052154,0.015358915458088087,0.008434750542520183
4227,0.009061397587289076,0.19315405604869051,0.7910724816736304,0.006712064690389961
4228,0.05605992064485695,2.590957530998176e-10,4.276906123970548e-07,0.9439396514054349
4229,0.9584720704669651,1.221480400118095e-05,0.006269862483852651,0.03524585224518107
4230,4.967591657534004e-05,0.9772159996110241,0.02270508992071409,2.9234551686478864e-05
4231,9.274170183800099e-05,0.9960027260364059,0.0038979448053111246,6.587456444990107e-06
4232,0.012357488730460385,0.10471869314818416,0.8649603034500883,0.017963514671266948
4233,0.12111384842769855,0.00016234512753004768,0.2086765108240721,0.6700472956206992
4234,0.7528141309769008,0.04590012381113699,0.1991165886862931,0.0021691565256691746
4235,0.377948483480376,1.847535398295648e-07,0.0008392881282558569,0.6212120436378282
4236,0.8297149251103927,7.143065448355391e-05,0.043677348425657125,0.12653629580946668
4237,0.022621139504048326,3.312553332335189e-06,0.038832317829258195,0.9385432301133612
4238,0.028563502926317565,3.4520279241032575e-07,0.044670053568153845,0.9267660983027363
4239,0.0006446931606413083,0.9212885048680082,0.07801379150746955,5.301046388099253e-05
4240,0.01624087967848375,0.28635542469809816,0.6796869101871714,0.01771678543624665
4241,0.17734059716089678,0.0001497136297524636,0.41705403210587494,0.40545565710347575
4242,0.00021644330361650282,0.9689903043822805,0.030745683399215032,4.7568914887878336e-05
4243,0.9497676162173836,0.004751737537033218,0.044154399556623765,0.0013262466889593456
4244,0.0205643207882445,0.8574981721932948,0.12124671746630396,0.0006907895521568338
4245,0.0007124379616653734,0.993123299784698,0.006151018976008366,1.3243277628311135e-05
4246,0.001115794417970447,0.9392234949670958,0.05946300962230841,0.0001977009926254044
4247,2.6852846670974324e-05,0.9968728980055157,0.0030964762369537968,3.7729108594777618e-06
4248,0.031018163599326017,3.709875789452111e-07,0.010611504808552814,0.9583699606045423
4249,0.8810706852119831,0.0012261165086925054,0.10437854529760097,0.013324652981723572
4250,0.8604431619561848,0.00015927371815540104,0.1007183305279326,0.03867923379772732
4251,0.27236065031992696,1.8844942945667052e-05,6.776311665939633e-05,0.727552741620468
4252,0.010539297777772174,0.09260920233266007,0.8826173715966055,0.01423412829296238
4253,0.9614772136149312,0.0021549411147321882,0.03507741763521988,0.001290427635116861
4254,0.6828557964390962,0.031588991968885365,0.27639197131332566,0.00916324027869267
4255,0.11039815760596487,6.960314942550336e-05,0.5109579644285519,0.3785742748160577
4256,0.7523423311738215,6.203245774526403e-06,0.02325850837783251,0.22439295720257163
4257,0.007791839255069132,0.8908081749244957,0.10041263826245524,0.0009873475579799489
4258,0.7277293964074334,0.18100245747642443,0.09088693649482667,0.00038120962131545826
4259,0.03451495902423399,2.155213060038446e-07,0.01910964336842332,0.9463751820860365
4260,0.00012924109375641546,0.9715410301002794,0.02817840677647673,0.00015132202948750718
4261,0.011236916434612037,0.0052131199931903585,0.9118237936587642,0.07172616991343342
4262,1.4371302655790975e-05,0.99784710842592,0.0021320815530214273,6.438718402842191e-06
4263,0.2622124775604661,0.00044790685196565637,0.5004441271502449,0.23689548843732344
4264,0.04352932068989436,0.07091065582408042,0.8693086190621028,0.016251404423922495
4265,0.0004772292904114064,0.8787815211731784,0.12017711685734984,0.0005641326790602154
4266,0.03115894053215893,4.061890493035189e-06,0.07138243671781762,0.8974545608595305
4267,0.06257074877164095,9.544812496588628e-08,0.023446198235667435,0.9139829575445666
4268,7.319076647145512e-05,0.9871305101654468,0.012764342644090213,3.195642399166458e-05
4269,0.9602946689778193,0.023752966856527155,0.015874049337027206,7.831482862623665e-05
4270,0.000247169101036962,0.9914930683543458,0.008172408809904008,8.735373471311258e-05
4271,0.9351083847884035,0.0024204367269566535,0.06176587725543935,0.0007053012292004367
4272,0.000364138693665554,0.9980125293748485,0.0016207351953526127,2.596736133370532e-06
4273,0.589900799451024,9.044351236774693e-07,0.0020637006299026486,0.40803459548394977
4274,0.6076429716480617,2.3185301610236815e-07,0.00033020590089369425,0.3920265905980286
4275,0.36577093964853447,2.312651423931196e-05,0.13984479242272757,0.49436114141449866
4276,0.0012268283773566,0.9388484466399459,0.05974998321843988,0.00017474176425775597
4277,0.06735952520458359,7.746113432121188e-07,5.3943601620253305e-05,0.9325857565824529
4278,0.00028396268985863855,0.9976938109566424,0.002018794691280186,3.4316622187454174e-06
4279,0.39700907830734017,1.3317930419442515e-06,0.00033221378676218783,0.6026573761128556
4280,0.03799895721535678,3.67832356528238e-09,9.678534598918626e-08,0.9620009423209737
4281,0.964405813417077,0.002256389078216024,0.03025921686429716,0.0030785806404096884
4282,0.05399087318258253,2.7394980012570457e-06,0.07344558085830309,0.872560806461113
4283,0.6125306213662589,4.185913953306697e-05,0.00010166226238300519,0.38732585723182494
4284,0.0004534594664081882,0.9804784402485578,0.01902474920708365,4.3351077950169396e-05
4285,0.7685281428813795,0.00022108130992495566,0.17324127143970613,0.058009504368989336
4286,0.9659170682434096,2.5766000859469517e-06,0.0062003467579545436,0.027880008398549747
4287,0.0008659778870971955,0.9266782491863121,0.07233243975868814,0.00012333316790244205
4288,0.00013412199920273763,0.8891176907029564,0.11061153303933689,0.00013665425850394676
4289,2.799574725916705e-05,0.9897677747177985,0.010201348765098015,2.880769844162677e-06
4290,0.6610635444438353,0.25763403622552045,0.08042003409568341,0.000882385234960826
4291,0.0005784747960632851,3.000400221526111e-08,1.3056447254743624e-05,0.9994084387526797
4292,0.00020260748280619774,0.9859426508694856,0.013809699147620954,4.504250008720521e-05
4293,0.004567981309423139,0.1715642912599942,0.8131707890220435,0.010696938408539112
4294,0.006401888885856726,0.9030130151452412,0.09033550360756733,0.00024959236133471554
4295,0.9661962370641604,7.666116099930454e-07,0.003486509762894317,0.030316486561335416
4296,0.010898727382419319,0.002942064894825246,0.9030304677967426,0.08312873992601293
4297,0.0008923690581867683,0.8779715593891523,0.12088519482152468,0.0002508767311363083
4298,0.00022280674126986817,0.8843666631040277,0.11489902668183476,0.0005115034728676328
4299,0.002127277099370957,0.7442268037292545,0.2523858143153901,0.0012601048559843617
4300,0.09801463260740227,0.00356159117964537,0.739486719199784,0.15893705701316843
4301,0.0021316223282589275,0.8390157791994093,0.15850841006466923,0.0003441884076625713
4302,0.00038279344328036676,0.9456566044201175,0.05363842259625721,0.0003221795403449706
4303,0.0002763286325835531,0.913713235278511,0.08553086535477977,0.00047957073412571163
4304,0.003772558895190626,0.9792762143615396,0.01691757788024914,3.364886302080525e-05
4305,0.0001050063340515359,0.9903283582766131,0.009564177471853001,2.4579174821913336e-06
4306,0.05374640072464309,0.023789291996743216,0.8624566954145878,0.06000761186402586
4307,0.4949513735328136,7.855669510800191e-09,6.331576724636067e-05,0.5049853028442706
4308,1.1279347172045227e-05,0.9987965209102715,0.0011879291430507636,4.270599505774918e-06
4309,0.9633370573206715,7.701275223736992e-06,0.01521311599250225,0.0214421254116025
4310,0.12139125301394924,4.343410483337904e-06,2.3713130150795226e-05,0.8785806904454165
4311,0.0003488037332013367,0.9273661455898548,0.0720807390738563,0.00020431160308777527
4312,0.0008621535110223114,0.966006619690946,0.03304832400694351,8.290279108809817e-05
4313,0.0001470689426879181,0.9760861128837395,0.023746898545741885,1.9919627830749446e-05
4314,0.026722765348100468,1.2917937039003372e-07,0.013331358732754517,0.9599457467397746
4315,0.07803923308987283,5.1538178884382615e-05,0.08489404356886053,0.8370151851623822
4316,0.0009687866465941993,0.7906651875430268,0.20790745086076495,0.0004585749496140119
4317,0.0006890001448127316,0.9500816500657836,0.04916925998014978,6.0089809253670924e-05
4318,0.010847444712074751,0.06313531434397966,0.8977736453878692,0.028243595556076494
4319,0.018806738277877717,0.04435163578795867,0.9058410049665878,0.031000620967575717
4320,0.00047773754546244593,0.9070042772603101,0.09219380580202198,0.00032417939220557456
4321,0.01910307993725478,0.006411985573295266,0.8939064048720373,0.08057852961741266
4322,0.0003874884926554424,0.9544088031355451,0.0451380042614535,6.570411034608621e-05
4323,0.45697764605802016,2.9769177415592574e-06,2.8147536568175047e-06,0.5430165622705814
4324,0.17230269316383842,0.0036524931813686095,0.7748903935845005,0.04915442007029241
4325,0.0441559678181053,0.9541158990414009,0.0017209174275981164,7.215712895792113e-06
4326,0.9305992474583347,0.06937338165625181,2.7308028405291655e-05,6.285700816785961e-08
4327,0.08481128014269643,0.002398086302154496,0.7218891643968942,0.19090146915825482
4328,0.0006998669506361685,0.9636517767104098,0.03555724053986956,9.111579908460145e-05
4329,0.7497286545075095,3.704756459270285e-05,0.0688986236837611,0.18133567424413682
4330,3.1984090759797075e-05,0.9966684558434216,0.0032972114396201176,2.3486261984179974e-06
4331,0.808155472686094,3.290708276859065e-05,0.013346828001434014,0.17846479222970346
4332,0.10034952395534036,4.415465169890761e-06,0.06723189224947115,0.8324141683300187
4333,0.06953909212691058,0.10716389832202,0.81400611927936,0.009290890271709373
4334,0.0007047107591934861,0.30654237539770884,0.6889073682321843,0.003845545610913276
4335,0.001047359466581713,0.7547043842348327,0.24360554009490323,0.0006427162036824164
4336,0.029027723704013252,7.97885432372633e-06,0.14960174212034197,0.8213625553213211
4337,0.8201704747584077,0.00654743005134785,0.1441252934892787,0.029156801700965525
4338,0.4016034929596444,0.3216778187542395,0.27341804254898033,0.003300645737135747
4339,0.8219020949848286,0.04266019751316469,0.1300626641269084,0.005375043375098307
4340,0.055557715570096075,0.0009196417274977438,0.7683539498489693,0.17516869285343675
4341,0.0007809388265090944,0.9901581300227581,0.009053558733238355,7.372417494402738e-06
4342,0.807117749280011,0.0009106416768128251,0.18308692032631502,0.008884688716861046
4343,0.0001176288612586879,0.9827039402838406,0.01715553194683332,2.289890806726286e-05
4344,0.025830530269670787,0.00437779534935751,0.8825364735417929,0.0872552008391788
4345,0.00018081037213021805,0.924534446334636,0.07482627542758191,0.00045846786565180707
4346,1.1174490432682594e-05,0.9954660125827692,0.004521171571267315,1.6413555307836032e-06
4347,0.5163843696256878,7.269883212484455e-08,0.0002864411896259709,0.4833291164858541
4348,0.34997022342056755,2.7463483791785476e-08,1.6563476172566912e-06,0.6500280927683314
4349,0.017977043454370883,1.2346551223294376e-06,0.0432446822116928,0.9387770396788141
4350,0.00016733425018386524,0.8108141406635324,0.1884655185387178,0.0005530065475659738
4351,0.011675843659521151,5.735027334113057e-07,0.013490017873960035,0.9748335649637854
4352,0.6362955384317851,0.00033453465646835883,0.28960819261672,0.07376173429502646
4353,0.030479924269617844,0.0014602079289811054,0.7212948050054093,0.2467650627959917
4354,0.07591558101566231,0.030739955589509538,0.8784069469642515,0.014937516430576734
4355,0.737763822168945,0.06620279463107044,0.19238788140845103,0.0036455017915336496
4356,0.0004848647074004768,0.9661328699456522,0.03328211284757636,0.00010015249937095256
4357,0.22148493266938232,2.278230217166359e-06,0.00011523603586960955,0.7783975530645308
4358,0.0003073004107261623,0.9931989794146175,0.006484772075090483,8.948099565747931e-06
4359,2.0700356823924983e-05,0.988556895411797,0.011402963970822529,1.9440260556355886e-05
4360,5.182102582545405e-06,0.9945742173565214,0.005418684722442435,1.915818453780539e-06
4361,0.9869262696494597,0.005465695796237981,0.0011571417638019648,0.006450892790500395
4362,0.06749066512611572,3.0349469050006677e-05,0.11141022774490607,0.8210687576599282
4363,0.0017402869484881068,0.9125058128594095,0.08568302367536242,7.087651674002371e-05
4364,0.17567496312453845,6.716015916554097e-09,1.1558100109017721e-06,0.8243238743494347
4365,0.9512848270326882,0.0008468877910309652,0.0456602645116349,0.002208020664645874
4366,0.025861158203893994,0.0062276086027048,0.9157703559110577,0.0521408772823436
4367,7.729348592942064e-07,0.9994562417451175,0.0005429716547330832,1.3665290009235984e-08
4368,0.024380591190889235,2.712713844163296e-06,0.04124886613415839,0.9343678299611081
4369,0.00048749683662085253,0.9527831668682003,0.04665143465568705,7.79016394920941e-05
4370,0.4848998190295402,1.2748404411793502e-07,0.00017884286049997934,0.5149212106259157
4371,0.9559856461976566,0.0012371063878904623,0.04137979134570454,0.0013974560687483083
4372,0.011671318226228846,0.681329487125493,0.3062755864419452,0.0007236082063331057
4373,0.033167845685587234,1.2160830944080899e-06,0.011919435472785542,0.9549115027585328
4374,0.06498471747888701,2.46823912411167e-05,0.2977106395119772,0.6372799606178948
4375,0.0020685249605226267,0.9862294223347885,0.011675908962587675,2.6143742101241284e-05
4376,0.008858473191178272,0.16574412862648377,0.8197871395369678,0.005610258645370135
4377,0.9430145697808558,0.0004206052467658128,0.034717342802742454,0.021847482169635876
4378,0.9286070110140167,0.009083222216975979,0.06091636039366681,0.0013934063753407383
4379,0.23461315161602814,4.0967210948331336e-05,0.060810430526945854,0.7045354506460776
4380,0.0026197005582973706,0.23182734698492058,0.763657238813635,0.0018957136431470118
4381,0.00018460104530408476,0.979577686561431,0.02010529838890681,0.00013241400435804948
4382,0.000893127333828482,0.8614586431531094,0.1367138574632608,0.0009343720498013562
4383,0.001541534324411113,0.8223178906537083,0.1753152753658603,0.0008252996560203165
4384,0.04970346118147082,5.180556055290491e-05,0.048360457463669355,0.901884275794307
4385,0.0009404316611035668,0.9617911842765653,0.037057444895513963,0.00021093916681706387
4386,0.2150428585042706,1.6935599859978967e-05,0.04993569726638304,0.7350045086294864
4387,0.8970727623152274,0.0013665641273549196,0.08761399603071865,0.013946677526698975
4388,0.00315421506270068,0.22256058046146293,0.7672499266715034,0.007035277804333003
4389,0.04637040150794014,0.009749712856251255,0.9194634984519657,0.024416387183843046
4390,0.00017094118966111058,0.9740245585391415,0.025744668644344913,5.983162685256883e-05
4391,0.0026792043377231504,0.894036155968501,0.10289381546772428,0.00039082422605160155
4392,0.014223130073827223,0.006968572491546433,0.8161642784774956,0.16264401895713068
4393,0.20270344083115313,2.8530686988807785e-08,0.00015851539897606827,0.7971380152391837
4394,0.00025247152839836964,0.9475924782369668,0.0520601054179082,9.494481672671374e-05
4395,0.00013205499675386195,0.9805182304479714,0.019334224518672578,1.5490036602143587e-05
4396,0.6375499179826125,0.00819343099237329,0.3322712325262768,0.021985418498737388
4397,0.08714976838015455,2.8240614111246655e-05,0.4750936135296645,0.43772837747606963
4398,0.037853054763049857,0.008776143129360696,0.8507640252995845,0.1026067768080049
4399,0.022603917240556135,5.7331024356774665e-09,0.005963614464736854,0.9714324625616046
4400,0.04863570901793381,3.3388970183444115e-06,0.0003332882924438639,0.9510276637926041
4401,0.00903002423656692,0.7141686266101266,0.27412809160634277,0.0026732575469637053
4402,0.9039408798585963,3.885599320105521e-06,0.013065132189962586,0.08299010235212109
4403,0.03929455344595837,0.0008742997566613541,0.8148360595653352,0.144995087232045
4404,7.557838907172884e-05,0.9649727795974428,0.034921384554545125,3.0257458940430752e-05
4405,1.2660505770206216e-07,0.9999215304608043,7.833968153644318e-05,3.252601370686566e-09
4406,3.95238872977835e-05,0.9899209408711099,0.010027567245975526,1.1967995616590486e-05
4407,0.028517711396077394,0.0028135224806289075,0.7874603845306802,0.18120838159261363
4408,6.195678818403962e-05,0.985006140229153,0.014925628965557238,6.274017105593111e-06
4409,0.003406163408081849,0.5246682000952585,0.4699840673456527,0.0019415691510070363
4410,0.020762012660621925,0.9285972934411455,0.049578788298257195,0.0010619055999753029
4411,0.000987099752376554,0.8612756055441086,0.13758806906392285,0.0001492256395919985
4412,0.03792359603106971,0.0011182272307693494,0.3187199707807977,0.6422382059573631
4413,0.0003519624047997696,0.9847189298716122,0.01489891935731833,3.0188366269762275e-05
4414,1.8660189225854787e-05,0.9878381855974032,0.012126974409838929,1.617980353215147e-05
4415,0.07730338166607303,5.561775865949606e-07,0.012016941572448033,0.9106791205838923
4416,0.003400322696163444,0.8210825844967676,0.17478490726937967,0.0007321855376891632
4417,0.06486818681847605,0.0005599997119592724,0.6100617680763485,0.32451004539321626
4418,0.00014317888357343075,0.9998305917449553,2.622287280502862e-05,6.498666169255913e-09
4419,0.00023422296690040948,0.9447404177409524,0.0548634400569493,0.00016191923519792226
4420,0.04513040370232038,0.4103254629951838,0.5420352411100545,0.002508892192441286
4421,0.00013370795402635845,0.985726800825147,0.01412030718904421,1.918403178238536e-05
4422,0.023374086383677183,9.528563647969391e-07,0.03915056796709156,0.9374743927928665
4423,0.00015314414396901558,0.988752018679141,0.011077533867768342,1.730330912180965e-05
4424,0.003454119713488466,0.7209884261446818,0.27363628767495013,0.0019211664668794947
4425,0.15182322087341588,0.0003726176737240688,0.29276743174493025,0.5550367297079298
4426,0.003718900905391762,0.14195447233010877,0.8445925797233846,0.009734047041114843
4427,0.000936425998145532,0.9409720451004354,0.057953849560628705,0.00013767934079019837
4428,0.0080201280602724,0.12433207253286828,0.8602547440186692,0.007393055388190114
4429,0.9210518261498617,0.007804073878394162,0.06431435115922865,0.006829748812515552
4430,0.0006219007070708547,0.9945922913036479,0.004775730742032579,1.0077247248478766e-05
4431,0.0048011546526319955,0.20559554235723435,0.7755032355158318,0.014100067474301925
4432,0.06649778939415947,1.2283514401391973e-05,0.21494041789804746,0.7185495091933917
4433,0.0003842869638097112,0.963340812262022,0.036181227484886155,9.367328928193205e-05
4434,0.9121851015203413,7.595018060983071e-06,0.0008787385237340705,0.08692856493786359
4435,0.9582773025934174,1.462668335191211e-05,0.010357641327524142,0.03135042939570649
4436,0.1225530970015222,0.01562662753768694,0.6737676873956211,0.18805258806516972
4437,0.009681129285154922,0.7711218773017741,0.21804515581097933,0.0011518376020916818
4438,3.022672250296961e-05,0.985271561748721,0.014686754862022304,1.145666675389165e-05
4439,0.9543113974259401,0.0002251196614318866,0.03528667160895548,0.010176811303672501
4440,0.9133654850837698,0.02238379603154683,0.06370779169980166,0.0005429271848817027
4441,0.1782736250793617,9.161107156006498e-08,0.00023621932332061548,0.8214900639862461
4442,0.04699544129758223,5.8097326667572874e-06,0.14698790916953966,0.8060108398002114
4443,0.00021032880144522553,0.992565428102279,0.007208552116501625,1.5690979774207035e-05
4444,3.887855058998591e-05,0.9973539302520605,0.0026030490313860614,4.142165963513635e-06
4445,8.00300200269688e-05,0.9869032844602605,0.012988934193284236,2.7751326428252212e-05
4446,0.006553592628681846,0.15323974188592845,0.8302386838906504,0.009967981594739422
4447,0.18098999620330344,0.00035779287407893874,0.5937154058109457,0.22493680511167194
4448,0.013659025308096892,0.05065481460193851,0.8869832418715617,0.04870291821840289
4449,0.2971846811420083,2.2238705295092236e-05,0.17204518356347973,0.5307478965892168
4450,0.2144354580572153,0.7625386568531038,0.022989888322645636,3.599676703526855e-05
4451,0.012273752511640564,0.00384584875123884,0.8993599657415718,0.0845204329955488
4452,0.14439648292461724,1.654365057460288e-06,0.10563065381019236,0.7499712089001328
4453,0.021062537243049226,2.6621270615842948e-08,0.0029727613560737894,0.9759646747796062
4454,0.011650390249022884,2.463731897565416e-06,0.026559894707499105,0.9617872513115805
4455,0.232629377792861,3.845064968031196e-06,0.1553456146913407,0.6120211624508303
4456,0.0024584230350902904,0.8298317358064808,0.16697182133230817,0.0007380198261204981
4457,0.026243649114532166,0.8306006781076473,0.14219350482063522,0.0009621679571850919
4458,0.3273431743952657,1.42986824938282e-08,1.254063290397758e-06,0.6726555572427614
4459,0.0013193437299199148,0.7384981153523431,0.25950230015580944,0.0006802407619275728
4460,0.05974795963260823,0.07164280390252427,0.8335439443587421,0.035065292106125266
4461,0.8623181079293917,0.00022346765934676402,0.10699444433013268,0.030463980081128834
4462,0.0012698923092029344,0.9618379327437023,0.03682342634088953,6.874860620518798e-05
4463,0.0008723755208343714,0.9287772180477185,0.07002937130939546,0.00032103512205182644
4464,0.0032861993533830343,0.8661195626070832,0.13003297438628242,0.0005612636532515389
4465,0.0012228108258630387,0.8478928155223195,0.15050168876653705,0.0003826848852804461
4466,0.2957944101649432,8.956422496051087e-05,0.05966552556690898,0.6444505000431873
4467,0.08599660242792509,0.0009612471749712492,0.7502527224015422,0.16278942799556143
4468,0.02267694041742264,3.887323459166693e-05,0.13544882521722598,0.8418353611307597
4469,0.879317127402668,0.01194299568488081,0.10506299915886913,0.003676877753582068
4470,0.9836284768520224,0.014543138193644882,0.001805672690593702,2.2712263739083638e-05
4471,0.004655880198086506,0.8047838043757684,0.18967213641874628,0.0008881790073986733
4472,0.7808128072558135,0.0017456631242023133,0.18172784184968133,0.03571368777030272
4473,0.031414777898068555,0.0023937986764043214,0.8753195945946638,0.09087182883086338
4474,0.8786998371805987,0.0004073199213885362,0.06590451151042619,0.05498833138758657
4475,0.20250436621094833,0.15937970984392247,0.6338728058134652,0.0042431181316640604
4476,0.9761859018673033,0.0022329865350028434,0.02039554582047315,0.0011855657772207933
4477,0.00011282987459966722,0.9279635993200421,0.07170168485292958,0.00022188595242847317
4478,0.08428267878975171,0.004932411543398046,0.8294654659692733,0.08131944369757706
4479,0.03928023656703417,0.002829158573975054,0.8746075076872898,0.08328309717170097
4480,0.9104693362391905,0.000715091192634031,0.07247569837804849,0.016339874190127005
4481,0.7638192614873078,1.4167869381677462e-06,0.004408569030564392,0.23177075269518974
4482,0.00018398926903029743,0.9979509054204729,0.0018621264248270082,2.9788856697586056e-06
4483,0.9070640834775422,3.6092886600490435e-06,0.006224519135672686,0.08670778809812503
4484,0.6177818822599785,0.0036823084679532816,0.06570511699808479,0.31283069227398336
4485,0.0525832942580396,0.020886781063883225,0.8876674623029118,0.03886246237516538
4486,0.002316256057668151,0.6216186833334926,0.3733300855243012,0.002734975084538044
4487,0.923613854416445,4.080551153709738e-06,0.009390896024726574,0.06699116900767471
4488,0.03413749232772612,0.014650121980129693,0.9273646841789408,0.023847701513203284
4489,0.023941260376839125,9.360942712733793e-07,0.009672235052871287,0.9663855684760184
4490,0.027447982687959113,4.367098367417599e-06,0.1200736119621714,0.852474038251502
4491,0.0001911674034046281,0.9812509954880206,0.018516301523759146,4.153558481574712e-05
4492,0.04062934102863341,5.227491533550229e-06,0.03628920087034189,0.9230762306094912
4493,0.8924628773828024,3.893902171632115e-07,0.006255500016387021,0.10128123321059335
4494,0.9805701475612455,5.7732298530208224e-06,0.005197160672396051,0.014226918536505564
4495,0.0014465336454856656,0.8294105047536885,0.1671054390908895,0.002037522509936282
4496,0.589813295291464,3.1917112807274947e-07,1.8945723099403413e-05,0.4101674398143087
4497,0.030505426245979468,8.934090928846536e-05,0.4123791479303654,0.5570260849143667
4498,0.0011387132137008539,0.6044911813857786,0.39327507553835833,0.0010950298621621583
4499,0.6676969002910957,0.0022181479043324077,0.28561560666032015,0.044469345144251715
4500,0.048936459585216585,1.3053878654204182e-06,2.72964867576182e-06,0.9510595053782424
4501,7.28388133191909e-05,0.8776230886285773,0.1220295169239103,0.000274555634193205
4502,0.9379424520839698,0.0019289522722598872,0.05802498892183809,0.0021036067219323993
4503,8.864543719817532e-05,0.9998277073223001,8.36262593004519e-05,2.098120150813998e-08
4504,0.8230824487259467,9.875253574516906e-05,0.0806599765463371,0.09615882219197107
4505,0.0006070476842478241,0.998560649349696,0.0008318429485077884,4.6001754843949253e-07
4506,0.02415419340170161,0.3915966488792873,0.5801065681565933,0.004142589562417826
4507,0.11428364853203705,0.04454776415002532,0.7955655865011444,0.04560300081679322
4508,0.006997267632418483,4.2432274415233493e-05,0.0038946050301417617,0.9890656950630246
4509,0.0008174505473428475,0.9228486871427767,0.07596715979259668,0.0003667025172837837
4510,0.0848001261667038,0.007129863167214171,0.8249375710758328,0.0831324395902492
4511,0.5312783023632326,3.926078086274634e-07,3.2810471789154536e-06,0.4687180239817799
4512,0.9425718958483055,0.00012677087147467813,0.051096576646078876,0.006204756634140989
4513,0.004804233636649767,0.41576300024865087,0.5778187126558564,0.0016140534588429678
4514,0.00041824871233595864,0.8906585694484248,0.10876109597639842,0.000162085862840776
4515,0.6377900359450531,0.00225804707266649,0.009828106274491773,0.3501238107077887
4516,0.0007816284655062461,0.9658739395039367,0.03327370573811718,7.072629243990176e-05
4517,0.014214259206990052,0.020402161106685246,0.9155365915523841,0.04984698813394045
4518,0.9745647132897663,0.0005455209933246315,0.023703737164230278,0.0011860285526787873
4519,0.04200437602970825,4.115214467480619e-05,0.2456867914428376,0.7122676803827793
4520,0.12180712692384787,1.56854234061795e-05,0.2666909059197196,0.6114862817330263
4521,0.00298560036244137,0.8487611721624171,0.14804525589165968,0.00020797158348178445
4522,0.0009155666426629568,0.9974912409433595,0.00159264758662356,5.448273539118539e-07
4523,0.0022049888739430084,0.8381250857337843,0.15847540811352123,0.001194517278751294
4524,0.70860077378258,0.0002180082965941635,0.017326796522425938,0.2738544213983998
4525,6.687038746411272e-07,0.9999428902140829,5.643029471688077e-05,1.0787325465377881e-08
4526,0.058751643900960104,0.8635716270575443,0.07695247546085493,0.000724253580640619
4527,0.27221748060292417,0.12867014312223155,0.5793523663643184,0.019760009910525848
4528,0.001454574993209475,0.9651593953982112,0.03333571370632086,5.031590225843465e-05
4529,0.22671761929567677,1.2736968847588747e-06,0.006044859948286712,0.7672362470591518
4530,0.0005048073766867106,0.8299695643675892,0.16906082600589162,0.0004648022498324278
4531,0.27158460703251425,1.7435111068550518e-10,1.810237012167199e-07,0.7284152117694335
4532,0.07953205881758828,0.20795525955151267,0.6867857930735524,0.025726888557346703
4533,0.976077534314675,0.011663177775133234,0.011947714744637131,0.0003115731655544985
4534,0.0026586215334843725,0.6888947776067098,0.3070722212181927,0.0013743796416130448
4535,3.786677888795539e-05,0.9684025109926304,0.03153191073262844,2.771149585306151e-05
4536,0.000522747226574407,0.7962923663458525,0.20252536341983532,0.0006595230077377664
4537,0.009874460777372794,0.0006147200713496264,0.048439876561591384,0.9410709425896863
4538,0.07619042026922955,0.0009847327140187726,0.7764432211057711,0.14638162591098058
4539,0.052052319058309954,4.943411557527444e-05,0.07191195536290969,0.875986291463205
4540,0.9040803158364558,2.3075767309816243e-05,0.020783993310814514,0.07511261508541989
4541,0.8475000974862407,0.014775738578268137,0.036160798188826365,0.10156336574666486
4542,0.00016931806710610405,0.8627497410989928,0.13685439734597188,0.00022654348792921253
4543,0.032322384277931264,4.4603212928167434e-05,0.35227733940254213,0.6153556731065984
4544,0.964271119206327,0.017174227057599245,0.01837458305536061,0.00018007068071307925
4545,0.016067130734764366,1.770480305962447e-06,0.09362620366477922,0.8903048951201504
4546,6.151930163597435e-05,0.9264242507171716,0.07331949756266624,0.0001947324185261557
4547,0.7853563208610195,0.0003322071775494243,0.08851940204117122,0.12579206992025987
4548,0.6510972482124119,2.493780815907343e-07,1.643769347790051e-05,0.3488860647160285
4549,0.0004506245980682444,0.9249390642322164,0.07447943923248172,0.00013087193723381355
4550,0.9218042374615022,0.012281297002424146,0.03156593330503031,0.034348532231043435
4551,0.00011069743077733313,0.9458899908337973,0.05391939118972659,7.992054569884548e-05
4552,0.047717937374114894,0.006910697777454197,0.8313395781644547,0.11403178668397632
4553,0.02031385181753516,0.09068804731180416,0.8769866197435461,0.01201148112711457
4554,0.929248373864462,0.00010332574119288339,0.035577247054336875,0.03507105334000818
4555,0.026078159468834843,0.7809663656578888,0.19118190584029018,0.0017735690329863615
4556,0.14894407494386383,4.7468600592316064e-09,0.0005989878030750205,0.8504569325062011
4557,0.05092533693899868,0.006826971234827763,0.8585045259815912,0.08374316584458236
4558,0.00017093684095963104,0.9400303765684802,0.05969138740839946,0.00010729918216057768
4559,0.00015600669104096402,0.928668561647456,0.07108953274168466,8.589891981827954e-05
4560,0.0031253790554880262,0.8144108785892727,0.18167203180520128,0.0007917105500379649
4561,0.012963978828082041,1.8325025781486173e-06,0.010101339334794993,0.9769328493345448
4562,0.017117567090358006,3.342487971884324e-05,0.246942995844522,0.7359060121854012
4563,0.022113243253980164,2.8534143959948145e-08,0.004229044643529228,0.9736576835683467
4564,0.281943773524401,4.885804490515113e-09,8.234961136404412e-06,0.7180479866286581
4565,0.0316354930531946,0.007085577599103715,0.8466143161156015,0.11466461323210013
4566,0.05305980195974527,0.003038350898755005,0.8575338744196803,0.0863679727218192
4567,0.41989718367733514,0.3714320685417627,0.20768120980520166,0.0009895379757004945
4568,0.5966399633239582,0.002877043956447353,0.3545595506425621,0.04592344207703242
4569,0.04179144534659873,0.0038169962196988056,0.8927486201596324,0.061642938274070046
4570,0.6662326067644929,0.009205847537044823,0.3185590235212446,0.006002522177217696
4571,0.029851703381515587,4.5403113947989525e-05,0.38866305255807754,0.581439840946459
4572,0.0019713032338230184,0.8287172547203444,0.16904461805222118,0.00026682399361154305
4573,0.00023053901426503868,0.9851478031664224,0.014615782343979157,5.875475333520471e-06
4574,0.3440062959830177,8.463197493129473e-07,1.0974681675303495e-06,0.6559917602290655
4575,0.07583482417808668,6.905297434659817e-05,0.00031749777962313035,0.9237786250679436
4576,0.9055083858689953,0.0019221838777076638,0.06771338866147064,0.024856041591826448
4577,3.28266511500738e-05,0.9977471863211794,0.0022180576323996624,1.929395270889869e-06
4578,0.16882612850415837,5.4162905522344746e-06,0.011741238552971475,0.819427216652318
4579,0.03278662474043405,1.4588079420252323e-08,0.001367571174395643,0.9658457894970909
4580,0.01033390552872832,0.00390692391423347,0.9240195638112466,0.061739606745791535
4581,0.00024719892854207647,0.9447186995779473,0.054768585098683834,0.0002655163948266852
4582,0.049666978158303746,2.3972200345274048e-06,0.022764630046794274,0.9275659945748675
4583,0.0006315314407234126,0.9646773887971114,0.03451515425686944,0.0001759255052959193
4584,0.030200119019734524,1.3787750816723583e-07,0.011337476800074785,0.9584622663026826
4585,0.007902525344832177,0.06415911940057376,0.8894088127061099,0.03852954254848405
4586,0.91544583608286,0.0008042231593725788,0.07383516673841496,0.009914774019352611
4587,0.00013884038623116396,0.9540466279030123,0.04578016423145635,3.4367479299910645e-05
4588,0.027843250122281907,0.15915445921803756,0.7768201050126773,0.03618218564700317
4589,1.5366306246933358e-06,0.9992776290871831,0.0007204290136155466,4.0526857681230115e-07
4590,0.9137949754778123,0.06133411562662044,0.02430985644249873,0.0005610524530684956
4591,0.02854727993102204,0.006390809365587754,0.9264300580840203,0.03863185261936985
4592,0.045973124816370954,9.645527121014649e-05,0.17288303528016027,0.7810473846322586
4593,0.8684735604869026,0.001981271835372642,0.1212982502374033,0.00824691744032163
4594,0.03343351038593481,0.0035546529038801987,0.874759922106371,0.08825191460381401
4595,0.9237437891234254,0.04735924107411907,0.028601313564171105,0.00029565623828462195
4596,0.3101589741690135,0.0008727293047913502,0.4132557797655844,0.2757125167606108
4597,0.38006088933171805,0.31161287920849584,0.30009685101218786,0.00822938044759821
4598,0.0034359638070285315,0.8368399206540993,0.1585557457037909,0.001168369835081278
4599,0.9581817899368656,0.004445224913906756,0.036672355367579866,0.000700629781647762
4600,0.03580308302219956,0.0074767032686893385,0.881649827639192,0.0750703860699191
4601,0.8613617346953075,3.402092416090445e-08,4.550365735828999e-05,0.13859272762641006
4602,0.07790024625126933,3.7685274611911684e-05,0.42836312374221436,0.4936989447319045
4603,0.007413078936329265,0.8413055205846526,0.15094145749277424,0.00033994298624375483
4604,0.052986118708057,0.003035911195474409,0.8253372677899344,0.11864070230653426
4605,0.005915101038166968,0.8093328759770846,0.18377436528999094,0.0009776576947574007
4606,0.0015021433373239574,0.8754379607022429,0.12132766139356202,0.001732234566871149
4607,0.012251250626990116,0.010331316224682396,0.9130256338808622,0.0643917992674653
4608,0.0009782540462518708,0.8352266682684927,0.16337243221113382,0.00042264547412153357
4609,0.873611771930433,4.229379072172599e-06,0.00021639734415761455,0.12616760134633712
4610,0.9187411877048769,4.8505812675770073e-05,0.02650954131802867,0.05470076516441856
4611,0.03200308675706329,2.7531667312576417e-08,0.004459864962892383,0.963537020748377
4612,0.17365344154667536,5.924804081601069e-05,0.22798013255317393,0.5983071778593347
4613,0.004946179823886359,0.8426708206008456,0.15065100234528175,0.0017319972299861945
4614,9.718487558713244e-05,0.9918494405353836,0.008043285752671343,1.0088836358025278e-05
4615,0.0588386492888456,0.9219368012630066,0.019053779648374056,0.00017076979977385362
4616,0.00064583528534929,0.7979723270056082,0.2010304736297227,0.0003513640793197911
4617,0.1525759281849547,9.613919175589355e-05,0.47110839008492345,0.3762195425383661
4618,0.035660140910905705,1.2101190270113983e-05,0.10987026296364318,0.8544574949351811
4619,0.044894038386114055,0.8645160447139608,0.09004251175002993,0.0005474051498953493
4620,8.053236157436062e-05,0.9445646504180568,0.05494234565538028,0.0004124715649885068
4621,0.5914393180942229,3.565169329457085e-06,0.010377999494841899,0.39817911724160576
4622,0.00032108114756554715,0.8040235084003461,0.19433904796841445,0.0013163624836738527
4623,0.916906843897542,0.0027881655732950746,0.0620091109638871,0.018295879565275966
4624,0.00021457364242314847,0.8365000153380061,0.16272785066234743,0.0005575603572232123
4625,0.05236857215399902,0.32583932250440784,0.6114667705440043,0.010325334797588785
4626,0.20449841335827523,8.298463353491128e-05,0.5846540882257286,0.21076451378246122
4627,0.9607786322145947,6.671897280302076e-05,0.011679339614509052,0.027475309198093312
4628,0.00042813870345700873,0.8011971565705929,0.1982073675740656,0.00016733715188434528
4629,0.2609866286567036,6.596972036577396e-07,0.0005500931821501748,0.7384626184639426
4630,0.8789886671755491,0.0012396347021857242,0.10743311169205684,0.012338586430208178
4631,0.05068713472740777,6.00013527569271e-08,1.9909379360554257e-05,0.949292895891879
4632,0.004944542493334382,0.0219915631792917,0.9487744334045815,0.02428946092279254
4633,0.03588181657371077,2.2422544310042115e-06,0.03983162815279162,0.9242843130190666
4634,0.00015153629773124113,0.9368738092207101,0.06281400287178901,0.00016065160976959738
4635,0.0006019208332330016,0.9031647608059084,0.09575239420513262,0.00048092415572612663
4636,0.013771695373071413,0.017521915099159003,0.9264155580000882,0.04229083152768142
4637,0.5984862198902156,2.1132683419976997e-08,0.0020647386461675266,0.3994490203309335
4638,0.0345076594218003,0.0027535732273309362,0.7910813000591749,0.17165746729169393
4639,0.02910348693515091,0.002630601321001143,0.8665044649565606,0.10176144678728732
4640,0.002472764818588987,0.9015877752332018,0.09552947277373715,0.0004099871744721278
4641,0.0001723991225376277,0.9113053575397213,0.08835067811546186,0.00017156522227910768
4642,2.9840735066135854e-05,0.9831891026017643,0.016762354178741907,1.8702484427519354e-05
4643,0.00015437183426743572,0.9847356979102107,0.015089186669383262,2.074358613887467e-05
4644,0.04630057463117107,1.6969941418736133e-06,0.04249466781481538,0.9112030605598718
4645,0.07283902866895141,4.0295550083892773e-07,0.01943714149941795,0.9077234268761298
4646,0.8129136995193049,1.7877100282053354e-07,1.4639837301302108e-05,0.1870714818723909
4647,0.07292169342846841,3.375110716421977e-05,0.1326385749689754,0.7944059804953919
4648,0.0009594033237758553,0.13778364677157207,0.8437180132994788,0.017538936605173416
4649,0.0055250989258844125,0.1247427155140853,0.861182772598532,0.008549412961498328
4650,0.046639936546523424,0.000882084484257366,0.6761607955225417,0.27631718344667755
4651,0.9895747698240953,0.0022132084208351366,0.0003505515303154029,0.007861470224754254
4652,0.1498680339149213,3.6813536753747193e-07,8.871109016397426e-06,0.8501227268406949
4653,0.0022025596229615567,0.9510093050694224,0.046730221116335166,5.79141912808764e-05
4654,0.0022053106306977933,0.846796621569346,0.15068373496241227,0.0003143328375439245
4655,0.9473302406931127,0.0007151678117151702,0.031262258019146366,0.020692333476025993
4656,0.0288056060394972,0.0013490823339860425,0.7409008994558351,0.22894441217068157
4657,0.01167552647914016,0.36337507992796203,0.6208997581095939,0.004049635483303985
4658,0.9662367872034753,2.454227248753693e-06,0.000978348412256299,0.03278241015701968
4659,0.10260511477533069,5.943550424629301e-09,7.646019674809621e-08,0.8973948028209222
4660,0.004403551654948662,0.8055500259706526,0.1886530166075579,0.001393405766840801
4661,5.5727602978951975e-06,0.9913053877300168,0.00868056814281481,8.471366870501156e-06
4662,0.27368066091405874,3.5395559526206997e-07,0.0003672381575242878,0.7259517469728217
4663,0.031204769094131144,2.510685459481422e-05,0.15385990541156463,0.8149102186397094
4664,0.06693969672632517,3.731852808818238e-06,0.11418407918804009,0.8188724922328259
4665,0.0001731419769356804,0.996412926531839,0.0034060033551661707,7.928136058928336e-06
4666,0.00012329367588985804,0.9994965220259103,0.00037912609790914854,1.0582002904798438e-06
4667,0.8682721007268377,5.7618973868779323e-05,0.04560737909685292,0.08606290120244063
4668,0.006995104878763351,0.0715864688596323,0.9127023843198018,0.008716041941802638
4669,0.013010013370919804,0.3419146326136127,0.6406738026591705,0.004401551356297033
4670,0.0010973149872263097,0.8689846271873674,0.12953463133648785,0.0003834264889185519
4671,0.8553323448053309,2.0292134802677663e-07,0.0012379514253572097,0.1434295008479639
4672,0.0002612140456670144,0.9397214056209605,0.05980913537879177,0.00020824495458074966
4673,4.484922630887352e-05,0.9941792677887112,0.0057751088819564846,7.741030234963943e-07
4674,0.9377076489124292,0.001137369582204146,0.04333965063619034,0.017815330869176478
4675,0.016099829883659506,0.2980592416393275,0.6763211107176443,0.009519817759368573
4676,0.13511546317592746,1.1797840516665273e-05,0.18038277096084138,0.6844899680227144
4677,0.27978070450587655,0.04432270194525477,0.6631919108299432,0.012704682718925532
4678,0.00033212069936224025,0.9846455999360086,0.014946026749721135,7.625261490795996e-05
4679,0.01945265525091571,0.03512166249358219,0.9017169132833983,0.04370876897210388
4680,0.0006063167331012254,0.93536066768406,0.06394481004549975,8.820553733888893e-05
4681,0.04943101428518146,0.01927565954533868,0.8804186507050789,0.05087467546440098
4682,0.04698475244159181,8.358410530730013e-06,0.12463637375056781,0.8283705153973098
4683,0.8153190218522106,0.004269889444478226,0.10721982921643462,0.07319125948687635
4684,0.00038066937328238383,0.6853312905573108,0.3136827779435487,0.0006052621258582113
4685,0.7016219708146431,1.9196777984020362e-07,0.0004916181852309477,0.29788621903234613
4686,0.0005973764872932233,0.9622971996270568,0.03696885708565522,0.0001365667999945618
4687,0.9456037049274719,0.0027473457205549885,0.04904540990385023,0.002603539448122878
4688,2.2374384736184632e-05,0.9966265810634226,0.0033468007717225644,4.2437801184547e-06
4689,0.670162722423211,1.6329397168722287e-06,0.0007270317814978273,0.3291086128555743
4690,0.04779224324343812,2.9636624681496796e-05,0.05861724013891354,0.8935608799929667
4691,0.9622648956073032,0.010510153144515233,0.026612232458133312,0.0006127187900481103
4692,0.000253375684347379,0.8319287030012453,0.1672481424118572,0.0005697789025500977
4693,0.00023521988241264962,0.9856462561685803,0.01408685657959562,3.166736941140367e-05
4694,0.002058640110627217,0.4190073363537058,0.5771211030179673,0.0018129205176997756
4695,0.5946647059510636,0.0016778245068408179,0.3468185083804321,0.05683896116166357
4696,0.06322122712124864,0.00012920541666983575,0.27386020450135584,0.6627893629607257
4697,5.111488988829493e-06,0.9988945349754204,0.0010998675538872668,4.85981703409031e-07
4698,0.14513416593849962,1.0217827331071414e-05,2.829120692372174e-05,0.8548273250272457
4699,0.0008407713844441003,0.99302285128748,0.006102773111725481,3.3604216350415575e-05
4700,0.0009879649356298395,0.8269978704079805,0.17112009034243272,0.0008940743139570006
4701,0.06729009791725886,2.14935613382699e-07,0.0015076981209396227,0.9312019890261881
4702,0.07145153238073366,1.3544124345040759e-05,0.041869173807655514,0.8866657496872657
4703,0.12269437216396364,1.6343821879823756e-05,0.38500185585628277,0.4922874281578738
4704,0.0029183587892089823,0.8548706553068501,0.1419651985917314,0.00024578731220938776
4705,0.9844921351352723,0.0011724371047651836,0.013721830662313497,0.0006135970976488276
4706,0.015009202460458207,0.08575602365688896,0.8931890048335077,0.006045769049145211
4707,0.0001545249593673785,0.901133358539212,0.09849544555323873,0.00021667094818208086
4708,0.02612150008919607,0.000503714147986352,0.5445428128460664,0.4288319729167513
4709,0.09098831477124265,0.6251804525285839,0.27680165169777726,0.0070295810023961
4710,0.03157113134525622,0.007477784405736429,0.9021597722957359,0.05879131195327149
4711,0.03849879217173686,0.26484712399954635,0.687553464515166,0.009100619313550863
4712,0.9375858257366596,0.0003048096402779755,0.043528544029829204,0.01858082059323319
4713,0.18621125860093218,0.21660304307969597,0.5885856282699553,0.008600070049416472
4714,0.03589128499097263,0.03821860957027993,0.8913836227010129,0.034506482737734545
4715,0.05384269474998395,1.4410723932649741e-06,3.184289376536558e-05,0.9461240212838574
4716,0.001302758753343156,0.9777673327106179,0.020065707211219135,0.0008642013248197264
4717,0.13821445229471493,7.080622447559341e-08,0.0047263680320684944,0.8570591088669921
4718,0.9168947804385892,8.131751428680202e-05,0.05836348218607007,0.02466041986105395
4719,0.8901434555947281,7.547743146029343e-05,0.0454911326573142,0.06428993431649725
4720,0.9194329753793709,1.4728988011419566e-05,0.01099919350129239,0.06955310213132533
4721,0.06446379768033816,0.03062813241638607,0.836453659821256,0.06845441008201986
4722,0.06445474383648199,0.07465248928250952,0.8197145365963361,0.04117823028467239
4723,0.006359115165731713,6.407607491709258e-08,0.003118260122720113,0.9905225606354733
4724,0.13250664850621752,9.376899617850323e-06,0.24810047652487444,0.6193834980692902
4725,0.8076701730215552,0.0012620306224079897,0.17363143600492692,0.017436360351109834
4726,0.3519342391153161,0.3852717462997959,0.25601814874615525,0.006775865838732651
4727,0.2907783287402821,6.20037511234395e-05,0.1410366335366368,0.5681230339719576
4728,0.0005723905146446473,0.9702521689274594,0.02915082949111206,2.461106678398119e-05
4729,0.04369266900572033,0.21073343846237078,0.729317508844798,0.016256383687110878
4730,0.23964607064268628,9.657398438055128e-08,0.0011282713143181441,0.7592255614690112
4731,0.9657002337599422,4.599460564611387e-06,0.0009074463134074768,0.033387720466085825
4732,0.0009072923701104623,0.9820095052233427,0.01667604669308463,0.00040715571346220455
4733,0.9617679761546012,0.00014498933527633858,0.02815349241825935,0.009933542091863173
4734,0.06780787868351097,5.214395666048847e-07,0.007896658354874195,0.9242949415220482
4735,0.009628413996565078,0.026935870362809852,0.9376685436655131,0.02576717197511191
4736,3.7017422490450226e-05,0.9956509846398772,0.004201918739729541,0.00011007919790265696
4737,0.0002843967026473787,0.9415198361089687,0.0581145984736842,8.116871469955132e-05
4738,0.0038877170989436117,0.0010521246307260475,0.00989740131382739,0.985162756956503
4739,0.0057769989284759,0.13817345524448124,0.8378011431545093,0.018248402672533512
4740,0.00685142910254615,0.07126762310304088,0.8554618224560949,0.06641912533831801
4741,0.6288366618207726,2.6444520624943687e-08,1.3993157359741246e-05,0.371149318577347
4742,0.05222907936643316,1.753523136125176e-05,0.18134426724162472,0.7664091181605808
4743,3.2701168187639107e-06,0.998445715675269,0.0015505269065227984,4.873013894330361e-07
4744,0.8598017201601931,0.0002468978799022505,0.04514381458581551,0.09480756737408913
4745,0.0022004435207923514,0.8993611604130329,0.09775756412518359,0.0006808319409911296
4746,3.21709380447764e-06,0.9993773982424691,0.000619217504198587,1.6715952783075882e-07
4747,0.7351755765146112,3.981357368186733e-05,0.09549142873065936,0.16929318118104777
4748,0.01161511504183973,0.010447968198634576,0.8954983921642955,0.08243852459523014
4749,0.9198696331103354,0.04378640397589706,0.035850129042408425,0.0004938338713591246
4750,0.00013706489667728662,0.9242421118194726,0.07533505146068992,0.00028577182316026395
4751,0.00022168367246188012,0.9937585606182329,0.006000705760233397,1.904994907190067e-05
4752,0.0003684073893420568,0.8825807542082709,0.11631872656552854,0.0007321118368583383
4753,0.01073464603234569,0.0525752017471667,0.9170047054849768,0.01968544673551086
4754,0.43941160678115615,0.00010809215430458419,0.07936964208493394,0.48111065897960537
4755,0.9290236758574139,5.8228231889316565e-05,0.04550774081803592,0.025410355092661107
4756,0.8300458231248846,1.132052879130973e-05,0.0024609587555282047,0.1674818975907959
4757,0.9152283755202261,0.005859901749619717,0.07285730717397818,0.006054415556176158
4758,0.8884889633120767,0.0005170623551001699,0.06677987452628444,0.04421409980653874
4759,0.013989227567460271,3.483786814699479e-07,0.008804721346220542,0.9772057027076376
4760,0.0001902925958078587,0.8336420524421704,0.16557597505882346,0.0005916799031982867
4761,0.020363675884115546,1.0767332771341138e-07,0.009089202131406418,0.9705470143111504
4762,0.0017401677114321644,0.8148883853845714,0.18312339516267906,0.00024805174131728577
4763,0.7336963914881155,0.005203719618648183,0.2506547941669823,0.01044509472625389
4764,0.0142894107198323,0.004341563476648294,0.09500284717104217,0.8863661786324772
4765,0.0007664287589280746,0.8567446754274665,0.1422228210827212,0.0002660747308842026
4766,0.056411239775838916,2.463460855066056e-06,0.20318581337031502,0.7404004833929909
4767,8.647251339387091e-05,0.9868261207052595,0.013075749905873976,1.1656875472724902e-05
4768,0.7825886932455927,2.3767043808858903e-11,1.1798076060659178e-06,0.2174101269230343
4769,0.00026525715578202636,0.9460528416213966,0.05361515768130032,6.674354152098603e-05
4770,0.8637924523402083,9.476637194079327e-06,0.006781563188456095,0.12941650783414158
4771,0.0001568862532315226,0.9574693995866029,0.04235055634075395,2.3157819411560708e-05
4772,0.01020611501341468,0.022067116020749084,0.9073233224854472,0.06040344648038896
4773,0.009568165464928755,2.0113482349318427e-10,0.002114618801097716,0.9883172155328387
4774,0.5778608352572806,0.0003458941474364827,0.008887927646678602,0.41290534294860426
4775,0.038245018566050025,0.00016260182033159777,0.30284317202215216,0.6587492075914663
4776,0.9539183406971565,3.2841346554213384e-07,0.0006764413130063368,0.04540488957637175
4777,0.9112928324703394,0.009180092787740454,0.0773734184024206,0.0021536563394994224
4778,0.013466842468506214,0.679190625632362,0.3040557800462732,0.0032867518528585694
4779,4.3398218790689633e-05,0.9893550322803257,0.010594848520804235,6.720980079319424e-06
4780,0.001574228692564326,0.9354438461167598,0.06277076173719608,0.00021116345347989456
4781,0.9472535903438986,0.012146576748805689,0.039742885039846645,0.0008569478674492894
4782,0.8436566030787983,0.001410191974678204,0.06956388339956104,0.08536932154696267
4783,0.0005110197095131672,0.8259905828703549,0.17303741592639718,0.0004609814937347097
4784,0.790312824595581,4.7411510975335354e-06,0.013252235536471573,0.19643019871684975
4785,9.118674393992043e-05,0.9339340113702506,0.06586427117979504,0.00011053070601456125
4786,0.08181545583586837,0.018877925874833192,0.8340361069329005,0.0652705113563981
4787,0.0012221599691202316,0.4823189068943279,0.5146797194889776,0.0017792136475742676
4788,0.00020503415685849062,0.9278436053674434,0.0717887721407731,0.00016258833492493002
4789,0.00042319103871985714,0.9514648229852675,0.04802730856322775,8.467741278508838e-05
4790,0.013110854518089275,1.5002115119677145e-05,0.19855221813416224,0.7883219252326287
4791,0.0002918868896747908,0.8936930485320819,0.10553772895201285,0.00047733562623051185
4792,0.00019737941814930993,0.883711452245767,0.11584894650324921,0.000242221832834604
4793,0.8481152228962184,0.01851151291633595,0.1293626051679017,0.004010659019543821
4794,0.8126232130887386,0.00017621206221818614,0.13078711913081087,0.05641345571823235
4795,0.02631624414929227,0.0004395791406635204,0.5910645528258882,0.38217962388415605
4796,0.11674922893814564,8.62685429753426e-06,0.2899500503959507,0.5932920938116062
4797,0.041394261882018495,1.8074160294959018e-05,0.3132018390628647,0.6453858248948219
4798,7.305820422229477e-05,0.9970547350835087,0.0028717085501016237,4.981621674086976e-07
4799,0.8691023438231933,0.0009078896003956061,0.07727156883011643,0.05271819774629468
4800,0.23030861723025892,0.7605561245861686,0.009088930382724063,4.632780084843326e-05
4801,0.0012681592811721913,0.94202438254593,0.05609336899211174,0.0006140891807861284
4802,0.6561653101720639,5.6158210173730214e-06,0.06539676506482153,0.2784323089420972
4803,0.012460281886135521,0.46891307431257495,0.5068692397486875,0.011757404052602154
4804,0.09586651468981991,3.0641113214113296e-05,0.12037805331502091,0.783724790881945
4805,0.0007049903586796359,0.9984822605640516,0.0008123230453576408,4.260319111281358e-07
4806,0.03439824089025859,0.009535073092992116,0.7938308382490995,0.16223584776764974
4807,0.0008737461500049931,0.9151218851168071,0.0834172223522167,0.0005871463809711336
4808,0.6494307777942459,0.18031521077400056,0.1695540760107318,0.0006999354210218249
4809,0.05404182541865901,0.9366347457959067,0.009308700766615826,1.4728018818517383e-05
4810,0.0003908197261175444,0.9422064963550504,0.05734419030651043,5.849361232148725e-05
4811,0.9456211128473876,0.0005903425787409502,0.0499344417223238,0.0038541028515476972
4812,0.8444355498315237,1.2452768486978747e-09,2.7274317463381026e-05,0.15553717460573616
4813,1.8317012602507817e-05,0.9769854777081162,0.02297984373306076,1.6361546220702784e-05
4814,0.028168229018433157,1.2121433822613419e-06,0.03934706611048907,0.9324834927276955
4815,0.9062164803997655,0.003781251888733528,0.08799128748858612,0.002010980222914674
4816,0.000629359350675554,0.9031012195562869,0.09607465923734484,0.00019476185569263047
4817,0.20460802780181425,0.18735772072547027,0.5960259471486892,0.012008304324026184
4818,0.07102263315874191,3.048870088663919e-05,0.09880352059200827,0.8301433575483632
4819,0.09882844447392375,8.83331574935798e-08,0.01706992497747,0.8841015422154488
4820,5.428174283265274e-05,0.9755954820196586,0.024316320777085544,3.391546042328355e-05
4821,0.00041196834616773404,0.9099315442168988,0.08938414386794365,0.0002723435689896585
4822,0.11689300455246954,0.06899556955883929,0.7995925187518133,0.014518907136878012
4823,0.21142054298499657,5.6311656926163725e-05,0.1371716941362856,0.6513514512217917
4824,0.8293987168840234,0.0020618538490068806,0.15551293355296808,0.013026495714001553
4825,0.0002615872703631143,0.8143891076981955,0.18426216275823176,0.0010871422732095398
4826,0.7473478676254932,0.0021129834317501596,0.2153815046407808,0.03515764430197597
4827,0.0002727792802753356,0.970743264263169,0.02890629002542569,7.766643112993726e-05
4828,0.5151483346717136,6.161789827824844e-09,1.1488530757325716e-05,0.48484017063573914
4829,0.8361299107133693,2.099021659287792e-06,0.00021213213322829734,0.16365585813174294
4830,9.105434261078607e-05,0.9941962363066557,0.005707534860414392,5.174490319177683e-06
4831,0.00045674942594010887,0.9137542942999425,0.0852325552470808,0.0005564010270366378
4832,0.02923440479593752,2.218102689081059e-09,4.2540642518497447e-07,0.9707651675795346
4833,0.0003301120843953005,0.9994932747817152,0.0001765833669936705,2.9766895904396587e-08
4834,0.0034188821084047798,0.8530765226318695,0.14185043346520962,0.0016541617945161537
4835,0.055403374509836574,1.720874993933359e-06,0.009602542634272905,0.9349923619808965
4836,0.013225103011895138,0.004644795380352237,0.9352650996915027,0.04686500191624988
4837,0.25209920648747053,0.7002431959302594,0.047547758060219734,0.0001098395220503388
4838,0.35875497349036617,0.003224562397824631,0.5663551336943093,0.07166533041749977
4839,0.03602688364133235,0.007597944505608117,0.009692860662054097,0.9466823111910053
4840,0.04136412269611929,1.3848472488794938e-08,0.002901110583456766,0.9557347528719515
4841,0.038336905862703184,1.586910093521849e-05,0.1322990124078492,0.8293482126285123
4842,0.07879844244707991,4.7924882600390516e-05,0.13693926589788835,0.7842143667724313
4843,0.17164684839545472,1.1386255881227421e-08,1.2236565101676331e-06,0.8283519165617792
4844,0.0002480903535755493,0.8324060794730663,0.16707222756452217,0.00027360260883601547
4845,7.566156523590933e-05,0.8432805059682908,0.15632872734525283,0.00031510512122066115
4846,0.008240185553504042,0.0013346928402883675,0.015766333428467727,0.9746587881777399
4847,0.039830066343816146,0.0020687644278450917,0.8797226860968262,0.0783784831315125
4848,0.749112758735495,0.0005159970996284726,0.19957276655545136,0.05079847760942537
4849,0.00023896883458310333,0.9354847263966097,0.06415310283578296,0.00012320193302415823
4850,0.005226185078050126,0.008900308594260366,0.9103296029758264,0.07554390335186309
4851,0.0031117132352376105,0.1985833806621567,0.7844429626068481,0.013861943495757537
4852,0.05208164615659901,1.3221957069579148e-05,0.17966796438739743,0.768237167498934
4853,0.00040402081805796474,0.8236939945347572,0.1753922220248121,0.0005097626223726243
4854,0.9256822008174548,0.0004779386405618938,0.0158784612136483,0.05796139932833516
4855,0.003466683130522095,0.10350149246788296,0.8802413018083209,0.012790522593273956
4856,6.547894276014337e-05,0.9908847282549226,0.009039553484157466,1.0239318159757825e-05
4857,0.03428364132997263,0.007262720937959638,0.9036922376402695,0.05476140009179805
4858,0.0006995395733091867,0.9324536256550111,0.06627848684626622,0.0005683479254133954
4859,0.0005874988443534991,0.9976219846792488,0.0017858091487992628,4.7073275986391806e-06
4860,0.05879527431649978,0.13812024479331228,0.788824231532684,0.01426024935750404
4861,0.39754577466243135,0.0024429931119394174,0.5550838724157658,0.044927359809863364
4862,0.043996255528908707,1.0073973237694098e-06,1.166135519958497e-05,0.9559910757185679
4863,0.004012630232370395,2.1948656536043586e-05,0.014004029851160293,0.9819613912599333
4864,0.9478520651409557,0.04535169621206269,0.006785278185542248,1.0960461439338559e-05
4865,0.0002496315560460892,0.9809144196204553,0.018781309067465026,5.4639756033515126e-05
4866,0.017971885484236286,0.17932803947917908,0.7908689595246859,0.011831115511898648
4867,0.7683031173001335,9.898051979148715e-07,0.0039733679751805,0.22772252491948827
4868,0.00013116843577459813,0.9793313261761393,0.02047139315719327,6.611223089284305e-05
4869,0.03196464342296067,0.0057819433530710285,0.8952864931145218,0.06696692010944655
4870,0.0006335790780124371,0.9211804318594171,0.07811325077126154,7.273829130866578e-05
4871,0.032956150455870435,1.022072847191559e-07,0.033653471512584736,0.9333902758242602
4872,6.204272649108929e-05,0.9465775003068008,0.053299634894251234,6.0822072456851806e-05
4873,4.970903530524563e-05,0.9698373878634927,0.030044171831065964,6.873127013622996e-05
4874,9.663948515075051e-07,0.9989383652304072,0.0010605656605149653,1.0271422635916076e-07
4875,0.6308517433318689,5.046098935814537e-07,0.001447004186571375,0.3677007478716662
4876,0.0006419875277303987,0.9793492260448177,0.019991605654212062,1.7180773239813553e-05
4877,0.6937393008766405,0.010083869042895132,0.29015006906849905,0.0060267610119653136
4878,0.03514589637135779,1.8881033560387353e-05,0.26813498704597466,0.6967002355491072
4879,0.527000133495323,0.07260858884256181,0.3896390267479909,0.010752250914124373
4880,0.005650952992562659,0.3490532393027269,0.6375198581067995,0.007775949597910955
4881,0.044881701073906814,0.01834936193912007,0.8958013362679502,0.04096760071902297
4882,0.7908017646308962,0.017672350127115356,0.18745989751141215,0.004065987730576366
4883,0.021418754885462313,8.213179163329957e-07,0.04983126644230269,0.9287491573543186
4884,0.0008382495963893438,0.8286765948888448,0.17021164312573453,0.0002735123890312034
4885,0.0010537877357105143,0.9954266323894669,0.0035143094104528147,5.270464369843447e-06
4886,0.10271200954406555,0.000386097097368256,0.4373577175904554,0.4595441757681108
4887,0.07652760242795721,8.437871777192817e-05,0.31449627966547294,0.6088917391887979
4888,7.140879905985061e-05,0.9675430162099418,0.032359614216565705,2.5960774432839307e-05
4889,0.7901374969115664,1.637346641895937e-06,0.000750411260094103,0.20911045448169757
4890,0.015693123638330288,0.0034915016705661015,0.8926544922334303,0.08816088245767324
4891,0.04286165695889404,0.00063360453871336,0.7862206944405382,0.17028404406185432
4892,0.8594200125215626,2.442876411923214e-07,0.005682481101001813,0.13489726208979427
4893,0.587335075154157,0.012001765484361623,0.2601485453342335,0.1405146140272479
4894,0.924139287915179,7.675390335320383e-05,0.03184055799900241,0.04394340018246551
4895,0.001635044775992506,0.43198233336382735,0.5643749310698507,0.002007690790329418
4896,0.00013088894362932126,0.9647720203929054,0.03503985662229111,5.723404117413384e-05
4897,0.8184082464580748,0.0010455928140416487,0.16028042249397992,0.020265738233903718
4898,0.12473159580859945,0.028367200156807628,0.0010501904859859061,0.845851013548607
4899,0.4521617722265345,0.0002692749676226036,0.34927335922096686,0.19829559358487595
4900,0.008964906993752202,0.03921023192676794,0.9171224905537028,0.03470237052577713
4901,0.007611787004503295,0.7898050420381442,0.2021862380501279,0.00039693290722465647
4902,0.009235906419241246,0.014055981624118054,0.9296322810235013,0.04707583093313928
4903,0.0003112199185420802,0.9465996504725865,0.05271615920984092,0.0003729703990303102
4904,0.0013684722307737984,0.8919780559933383,0.10605695337746159,0.0005965183984261726
4905,0.6915693816836956,0.028038333499428972,0.27470487181280734,0.005687413004068016
4906,0.0013417166882045627,0.9624996018298567,0.03581711220896661,0.0003415692729721214
4907,0.020255119342333993,9.439715532145451e-07,6.2574778184975866e-06,0.9797376792082942
4908,0.0009878282112826034,0.8499813717886774,0.14822300945421235,0.0008077905458277576
4909,0.04333434698884941,4.7670604759811356e-06,0.11295479529859873,0.8437060906520759
4910,0.0631638405246925,7.296557659943958e-09,0.0012925486283005604,0.9355436035504492
4911,7.768329866180752e-05,0.9745964666449368,0.02528652592346552,3.9324132935935736e-05
4912,0.7893529185486404,0.003553454502567456,0.18975800846097882,0.017335618487813387
4913,0.00025782180153767416,0.9644622858430894,0.03493173684733078,0.00034815550804228647
4914,0.0037830367010704075,0.0313003659636715,0.9155789689588787,0.049337628376379374
4915,0.8046302307355864,0.011333827043801153,0.09010561580875637,0.09393032641185603
4916,0.44884013777349807,3.791333290039519e-10,2.1076900257603477e-07,0.551159651078366
4917,0.04414106941421429,0.0017995692264243309,0.8229823248786857,0.13107703648067556
4918,0.41458015231247397,3.982903289573231e-05,0.018346519578854227,0.567033499075776
4919,0.02499562976599277,1.641129044172867e-05,0.12518933976106172,0.8497986191825038
4920,0.0005163725260252572,0.9559940401679733,0.0434054894940276,8.4097811973671e-05
4921,0.01673365628105864,7.795061592294952e-08,3.8814940987462864e-06,0.9832623842742266
4922,0.0004416430763383481,0.9212522738862622,0.07787620594268849,0.00042987709471090443
4923,1.102822635836111e-05,0.9987212970019748,0.0012669836569232167,6.911147436319258e-07
4924,0.0034903328749592492,0.40770131434152995,0.5834987959179634,0.005309556865547357
4925,0.0003958616100208428,0.9407972306156165,0.058642522984366556,0.0001643847899961138
4926,0.8171902205439094,2.2298334126568286e-06,0.001900786823942285,0.18090676279873552
4927,0.013138056717480992,4.166076427696469e-09,1.5385263371393186e-06,0.9868604005901054
4928,0.7936030743856064,0.00010924195770445485,0.12324151969474165,0.08304616396194764
4929,0.04340142999193947,0.03523237425972063,0.9053612939485803,0.016004901799759733
4930,0.0011085931046787105,0.9203254919006298,0.07782846807108859,0.0007374469236026761
4931,0.00019335608142605876,0.9623103298399052,0.037462879283015935,3.343479565287416e-05
4932,0.037972171115014934,0.9597871627292801,0.002235974891301027,4.6912644040104595e-06
4933,0.0003581698847621016,0.6136819844558488,0.3841198527368863,0.0018399929225027458
4934,0.9503030562125115,0.0003408910930738897,0.03522388212600719,0.014132170568407343
4935,0.010515292899378243,0.8654679054727041,0.1234242764052798,0.0005925252226376393
4936,0.0011665329597501128,0.8885668974634942,0.10998301919585692,0.00028355038089899126
4937,0.05970764172882145,4.171012436395232e-05,0.11215360596475103,0.8280970421820635
4938,5.59830630898058e-06,0.9952927235634463,0.004699783238718334,1.8948915264509422e-06
4939,0.12738521294925462,3.0413832927850722e-06,0.04649514044624956,0.826116605221203
4940,0.00087590512536466,0.9242654079526241,0.07448761639380631,0.0003710705282049399
4941,0.005241801612560005,0.2586241089865263,0.7320756212227161,0.004058468178197509
4942,1.7004493072442053e-05,0.9966002720309599,0.0033800525616323133,2.670914335342064e-06
4943,6.240281208044056e-05,0.9745357677959395,0.02531974180916203,8.20875828180157e-05
4944,0.9550998077085409,0.005416947175948187,0.0381054986894202,0.001377746426090924
4945,0.4242382078990192,0.33424735796509225,0.23976699295427553,0.0017474411816128933
4946,0.08958256797794442,7.022204987592802e-08,0.007528449751933817,0.9028889120480719
4947,0.1644059604729267,0.00012172781724446333,0.6089119680060412,0.22656034370378755
4948,0.8739967433004191,6.8914812112738395e-06,0.00035654796594764487,0.12563981725242188
4949,0.0725884045145127,0.00481002571625328,0.8367589030883034,0.08584266668093046
4950,0.012622415936985364,0.7377266383565212,0.24890860984495883,0.000742335861534568
4951,0.00024146689728103424,0.9920876400527276,0.007616807526052522,5.4085523938877453e-05
4952,0.040736996377670774,2.7677633085167507e-05,0.19951710192392164,0.7597182240653223
4953,0.0005875643331750362,0.9253409379125165,0.07372980774365447,0.0003416900106541052
4954,0.5928537527587593,0.02584034504897433,0.1919613061595091,0.1893445960327572
4955,0.00038407958072893966,0.9727383627238284,0.026774133187281075,0.00010342450816167324
4956,0.22560033021174453,1.0163198307277015e-05,0.13722060503477396,0.6371689015551742
4957,9.8555150217431e-05,0.8929661133332215,0.1067398521378068,0.00019547937875433234
4958,0.06375915832681027,0.0005721503886991391,0.7427518523560399,0.19291683892845068
4959,0.23017900705902128,4.46402261020037e-06,0.00013838306585305557,0.7696781458525154
4960,0.11409837866578738,0.27551448520275545,0.5996267032647047,0.010760432866752418
4961,0.07768991611804173,1.3495931005150411e-05,0.03812688249992093,0.8841697054510322
4962,0.045320358725871424,0.004886109909313778,0.8813146243883426,0.06847890697647216
4963,0.02413053030207954,0.0046182831661024,0.8953831098717967,0.0758680766600214
4964,4.740243577149826e-05,0.9587884552562242,0.041123866235269084,4.027607273515417e-05
4965,0.020640850006849124,0.00030862006424271635,0.7313836091810894,0.2476669207478188
4966,0.003820735671705448,0.3390278420848974,0.6516816502804009,0.005469771962996327
4967,0.5217682561708078,0.002914666742299871,0.43840284818946773,0.03691422889742459
4968,0.626415622198881,1.9351758381563025e-05,0.0006136087948170006,0.37295141724792036
4969,0.0300420120852943,0.0007805174045484865,0.8574758795312909,0.1117015909788664
4970,0.01130309801878905,0.17474395761589598,0.7955921393532487,0.01836080501206631
4971,0.7399555699832754,0.0014269422535523834,0.07230565695856978,0.18631183080460248
4972,0.9157736178566653,0.07064773789689566,0.013501542947791469,7.7101298647614e-05
4973,0.864933857368451,7.208459722751696e-08,0.00014231841492314847,0.13492375213202842
4974,0.04493936981605779,3.132165524152917e-06,0.1544962846114131,0.8005612134070049
4975,0.00032434767653203596,0.9954828844128066,0.004189878573080027,2.889337581307731e-06
4976,0.05871267609417022,0.030775803304572216,0.886251185492951,0.024260335108306476
4977,0.9901999663940019,3.2723599151500334e-11,9.578386585474331e-08,0.009799937789408561
4978,0.004521483885306191,0.1641135467510664,0.8207589278147989,0.010606041548828498
4979,0.03380968794095796,0.025446902309611094,0.9119335025059371,0.02880990724349389
4980,0.0006898841832232216,0.959969627780428,0.039248649622685004,9.183841366371313e-05
4981,0.37376668429778914,5.9812282802837655e-05,0.05727793256569883,0.5688955708537091
4982,0.7236642810892673,2.3405700379074785e-05,0.058549098164244834,0.21776321504610893
4983,0.04147369993179357,2.556381350818177e-06,0.03021142578608328,0.9283123179007723
4984,0.007721441685997822,0.7149559383367405,0.2757760938634938,0.0015465261137678704
4985,0.927343082322231,0.0257806393403672,0.04672125197938282,0.0001550263580188865
4986,0.8709681517356824,5.8697056102779815e-06,0.0019157951940709046,0.1271101833646363
4987,9.2042971552983e-06,0.9978955889294375,0.0020922213418658898,2.9854315413835723e-06
4988,0.8270553442943616,0.00015221856436592183,0.022190855529597143,0.15060158161167544
4989,0.07029571565885004,0.0006208438110830889,0.6741680504907767,0.2549153900392903
4990,0.0012494676977711449,0.9691922736825073,0.02950407683865075,5.418178107083374e-05
4991,0.8791435298484827,0.03135813750140112,0.08854376980385974,0.0009545628462565711
4992,0.0004071435037144011,0.9880028599264022,0.011575328149356905,1.4668420526298938e-05
4993,0.8689277075092291,1.096975266446029e-08,0.0002859726341747161,0.1307863088868435
4994,0.0009257639001590913,0.8940995385887205,0.10442597677697524,0.0005487207341451827
4995,0.00038001639389398427,0.9237758933614788,0.0755224794533965,0.00032161079123079215
4996,0.693621190446261,0.016786345520825818,0.20878827519267265,0.08080418884024057
4997,3.082762875077449e-05,0.9981799280307653,0.001787689476941057,1.5548635428599553e-06
4998,0.7039835032056818,8.663557968528951e-09,8.350947388802069e-05,0.2959329786568723
4999,0.9238494579719241,3.9104111475714114e-05,0.00036232827211875047,0.07574910964448162
5000,0.01289781007143647,0.12063375249270579,0.8565356025111622,0.009932834924695492
5001,0.38421666665505794,2.2179024394539496e-09,2.2877255375765033e-08,0.6157833082497842
5002,0.6151286979926365,0.006316397010664378,0.3483512833498628,0.030203621646836317
5003,0.024877640497923705,0.0010770630796483075,0.7995651288038693,0.1744801676185587
5004,0.00012331813885816891,0.9411960508994955,0.05857138173031895,0.00010924923132743504
5005,0.00023528927594412824,0.9043564528609598,0.09514836288959293,0.0002598949735029566
5006,0.002496181665427752,0.8606532905785641,0.13640980376405396,0.0004407239919542715
5007,0.10333973478942247,3.629929996367243e-08,0.0014202431686680386,0.8952399857426094
5008,0.0011734171765860923,0.9070475179675627,0.0912854579483551,0.0004936069074959633
5009,7.643353921436122e-05,0.9975848386203291,0.0023371775937227357,1.550246733481083e-06
5010,0.00020836955324466514,0.965927384671209,0.03380158292577792,6.266284976865299e-05
5011,0.4335752245444152,0.0001669220642585954,0.34953747481165476,0.21672037857967147
5012,0.8991551573677983,0.0004115498001635301,0.086240411747815,0.014192881084223197
5013,0.028316246317670952,0.11418453634235934,0.8370076239154335,0.02049159342453606
5014,0.00021137292447727393,0.9540633778595753,0.04565512606488729,7.012315106005285e-05
5015,0.08366545931514445,2.2926414624797667e-08,0.0239855249958821,0.8923489927625587
5016,0.6264958928851796,1.7489042353500022e-05,0.0015320765391090459,0.37195454153335783
5017,0.07242699161826412,2.494510834671394e-06,0.1286028870485835,0.7989676268223176
5018,0.0017660529639984997,0.8973270041099527,0.10060625173759218,0.0003006911884565276
5019,0.0003120192851729344,0.9176416947216883,0.08196369457266925,8.259142046959036e-05
5020,0.5521521539423041,0.00017163831319904892,0.12215463127602602,0.3255215764684708
5021,0.17442879366470948,1.9338612107262192e-05,0.06919840726863943,0.7563534604545439
5022,0.00020682229529461648,0.9349130716746934,0.06477303855304245,0.0001070674769695006
5023,3.224904002709273e-05,0.9907543196888421,0.009208776602527897,4.654668602949537e-06
5024,0.0008708151868050337,0.8106384557367632,0.18807606821487532,0.00041466086155649056
5025,0.006905593251924861,0.756791771956455,0.23568189870601505,0.000620736085605096
5026,6.657593846571765e-05,0.9824572000017614,0.01742554348683027,5.068057294277002e-05
5027,0.11096558947323898,0.0004482375339556148,0.70982263536363,0.1787635376291754
5028,0.8186781804219794,0.0021294667944330987,0.1666677381779231,0.01252461460566439
5029,0.00026659539511101043,0.9502071920151192,0.04937241995304646,0.00015379263672351675
5030,0.008889651849265129,7.393839592229725e-05,0.025113379909528676,0.9659230298452839
5031,0.7227523272514299,0.009649156145620825,0.10209780414296446,0.16550071245998496
5032,0.9299331962239006,0.00038197945181924907,0.05026204171904429,0.019422782605235903
5033,0.025675535549429702,9.034869253616048e-05,0.29736107451489147,0.6768730412431426
5034,0.09635430941925385,0.003579188616921552,0.7494547218701568,0.15061178009366785
5035,0.018462921260282178,0.2390362975682859,0.732206956461169,0.010293824710262826
5036,0.00015247180489381756,0.9639915733331466,0.035793555498880136,6.239936307933176e-05
5037,0.8762047413016558,0.0018787389400227654,0.11006081169782048,0.011855708060501057
5038,4.890186854805213e-05,0.9871451434059513,0.01279538492845947,1.0569797041385935e-05
5039,0.6655262360492834,3.3943597725517957e-07,0.00044006824905441045,0.33403335626568487
5040,0.017226608462275007,0.0016777075866244195,0.7933280906282071,0.18776759332289336
5041,0.03701210835553853,0.9365591139935749,0.02628847488864213,0.00014030276224440976
5042,0.8585524479373895,0.06396762026041229,0.07428770685132845,0.0031922249508697822
5043,0.9115887103541973,0.001710225262760293,0.08356423648876475,0.0031368278942776116
5044,0.002732240883054316,0.825895381243775,0.17115486913237568,0.00021750874079483527
5045,0.01184309931882873,0.8509220142108657,0.13670184772946536,0.0005330387408404538
5046,0.0002241670135904087,0.9487081170199928,0.05089776092908271,0.00016995503733390824
5047,0.025110075419090574,0.003178359485511631,0.9011208585582361,0.07059070653716161
5048,0.0006908465328566016,0.9205216089871106,0.07858950174454828,0.00019804273548466723
5049,0.0003302065824718621,0.9685001489843199,0.03106574952997941,0.00010389490322885897
5050,0.10451385210126345,3.0343104827294296e-05,0.3062916385936127,0.5891641662002967
5051,0.032585886154348966,0.0001384232624137885,0.24625041535930772,0.7210252752239296
5052,0.00020008300721529985,0.9912542508389605,0.008523780696029484,2.1885457794955913e-05
5053,0.0006571215670199707,0.9979461328309985,0.0013963992637810192,3.463382003972517e-07
5054,0.6635944830320476,0.0001351980056564676,0.13328373641549418,0.20298658254680174
5055,0.00037133652679826516,0.9582481345872333,0.04123414434572236,0.00014638454024603313
5056,0.00020888165845745738,0.9633121800333568,0.03640521005077501,7.372825741061636e-05
5057,0.005908252044788414,0.07003064701126087,0.905637567005679,0.018423533938271744
5058,0.03273212965568308,0.013553987323913027,0.9138283095816321,0.039885573438771825
5059,0.00014255278111204974,0.8856406488339449,0.11401222246264807,0.00020457592229487066
5060,0.026327459782655487,0.03865803240205504,0.8948675218879695,0.04014698592731994
5061,0.00017670917659693634,0.9956907341929396,0.004130761645571122,1.7949848922371635e-06
5062,0.05869682529236542,3.2886643403486017e-06,0.04027626915983027,0.901023616883464
5063,0.13870505606690484,0.0027070684925501287,0.7796448637533109,0.07894301168723429
5064,0.8125225396704828,5.8765117862447615e-08,6.193149049133563e-05,0.18741547007390788
5065,0.0003611437870683507,0.8553909205722353,0.14416193812653502,8.599751416113852e-05
5066,0.03700819906511182,8.937722362501838e-09,1.901958481396821e-06,0.9629898900386844
5067,5.935702615453893e-06,0.9908430624563319,0.009142121723652084,8.880117400428251e-06
5068,0.8643177189825237,2.5375873686249527e-06,0.009920880269010675,0.12575886316109686
5069,0.09551100993159883,0.030311332862344144,0.8434208957717614,0.030756761434295808
5070,0.0031608451350611773,0.9918616588415545,0.004968945093463387,8.550929920823045e-06
5071,0.762504740902237,3.637797052809535e-05,0.07049129873007419,0.16696758239716067
5072,0.002829824174460368,0.8319021078467687,0.16496714664903306,0.0003009213297378366
5073,0.013493468994989391,0.013758221123961174,0.9462320162046683,0.026516293676381152
5074,0.03210609016029953,0.06465837567253772,0.8545179358048947,0.048717598362268126
5075,8.703816943936516e-05,0.9689868055438347,0.03085799143080042,6.816485592535119e-05
5076,0.00013865611662006164,0.8666519421649234,0.1330058955953639,0.00020350612309259344
5077,0.1430630033688715,1.2994052053454875e-07,0.0015168030135690844,0.8554200636770388
5078,0.9681914679706731,0.00013738489847357738,0.023706333448916605,0.007964813681936538
5079,0.0013986871823966074,0.7867816812110039,0.2108382587251954,0.0009813728814039972
5080,0.006312581407088975,0.23018625612145827,0.7542966786523351,0.00920448381911775
5081,8.668333243182696e-05,0.9214546816610403,0.07827306651727245,0.0001855684892556019
5082,0.07596915793579354,0.0006118925707569911,0.0033334645173348056,0.9200854849761146
5083,0.4643198309822807,0.0004480567964677211,8.241090850947148e-05,0.5351497013127421
5084,0.0004993198797342237,0.9489798905266175,0.05028849492739277,0.0002322946662555919
5085,0.058267396971449434,0.13723253027510163,0.7880750668503405,0.016425005903108643
5086,0.0035886493342672126,0.2268574727832646,0.7680703151780446,0.0014835627044236521
5087,0.5826814824736959,1.3731367331367202e-08,3.312028684405617e-05,0.4172853835080929
5088,0.06660009097819644,0.006128025563344924,0.7941731795726167,0.13309870388584186
5089,0.02086196460456599,0.018216462557697464,0.9186115782459184,0.04230999459181808
5090,0.8383180967664416,3.095412651176676e-06,0.010047952685005121,0.15163085513590205
5091,0.00022757696734265146,0.9655207229762981,0.034104979525069724,0.00014672053128973676
5092,0.002206191114466387,0.9520597898731341,0.044675167789844046,0.0010588512225556252
5093,0.16273936456338223,3.5203124896346753e-06,0.001761343400949688,0.8354957717231786
5094,0.991183559481939,0.002274890177125868,0.0033005870273205133,0.0032409633136146142
5095,0.014060742000270332,1.8862738315942894e-07,0.009444894358929881,0.9764941750134166
5096,0.0004585931451774998,0.9636320856020067,0.03580840460655491,0.00010091664626080859
5097,0.002692763348310669,0.06275870415931814,0.9054884157813435,0.029060116711027678
5098,3.9942896349485797e-05,0.9912041864898173,0.0087488620012559,7.00861257725785e-06
5099,0.012968927374579733,1.088857642683567e-09,0.0010548688682757038,0.9859762026682869
5100,0.08563860978308875,2.4796485664636895e-05,0.18702999408523488,0.7273065996460117
5101,0.0006595240761920886,0.8818289330770609,0.1171215035912668,0.0003900392554804954
5102,0.9214202706183302,2.8244622354776996e-06,0.018869602576729625,0.059707302342704584
5103,0.021730738789968927,0.011508639747502644,0.8746028750651929,0.09215774639733561
5104,0.7370988189623737,0.0017252878065056008,0.21464353201689423,0.04653236121422639
5105,0.9756307342356123,4.5705668692110436e-05,0.006437694149395139,0.017885865946300348
5106,0.01109408600610723,0.9886328030392424,0.0002728015206741732,3.094339761055216e-07
5107,8.61470888779499e-06,0.9941357367445458,0.005849850941260872,5.7976053055481526e-06
5108,0.02511581930949231,2.166784637208431e-09,2.1831561236034762e-07,0.9748839602081107
5109,0.0001755599411920412,0.8631566855445406,0.13628055768114286,0.00038719683312445297
5110,0.028379772799270564,0.00010817931405569815,0.20294272263435242,0.7685693252523212
5111,0.07807632378803134,0.0004811115615007882,0.7217369308089296,0.19970563384153822
5112,0.7836840797837386,1.6879766540327437e-05,0.04276358797397421,0.17353545247574678
5113,0.9589111893024013,0.008631286904070168,0.030909213731190367,0.0015483100623379412
5114,0.0009021497227681715,0.973769917476051,0.0252876190888135,4.031371236735939e-05
5115,0.009510826111822416,0.6570636350449256,0.33067235538214396,0.002753183461108041
5116,0.004021299230610303,0.8235206313545235,0.1712066024667642,0.0012514669481019135
5117,0.02472925246300703,0.08007334814849294,0.8771977507005556,0.017999648687944514
5118,0.8155755303349376,0.021978208430779564,0.15854017172246024,0.003906089511822708
5119,0.8641669277087176,3.411750760557575e-08,0.0016838542036667745,0.13414918397010792
5120,0.8617913773197032,5.212129337533955e-06,0.010519239948594768,0.12768417060236467
5121,0.008347320646185097,7.899288395754266e-07,4.2700196270694346e-05,0.9916091892287047
5122,0.0005566674623579135,0.9725668017896362,0.026728370111969973,0.00014816063603596943
5123,0.9836999429847981,0.015040921736506847,0.0012424926127671862,1.6642665927764142e-05
5124,0.028283534395281425,0.0031982514082855105,0.7664822569011855,0.20203595729524754
5125,0.0010602857734931844,0.9756717420009036,0.02324339253189234,2.4579693710831586e-05
5126,0.45629227238499376,4.788082841164075e-07,0.00016255862179696923,0.5435446901849251
5127,0.00011258433448075745,0.9745354766590608,0.025301198436285255,5.074057017309677e-05
5128,0.9541170578137962,0.0014258877878367444,0.04135098980924893,0.003106064589118128
5129,0.0025215095449315906,0.9818290283497029,0.015618980457569582,3.0481647796111598e-05
5130,0.004023115847716972,0.48075938811492847,0.5123488281438986,0.002868667893455914
5131,0.0002765587959240318,0.9501531889733322,0.049402238520777235,0.0001680137099665615
5132,0.0015979324660687353,0.8912402214012537,0.10701303582742977,0.00014881030524772362
5133,0.000236404706306888,0.902144222292796,0.09751582887610341,0.00010354412479366563
5134,0.5663352285846839,1.1973477782845849e-07,0.0019166083759622633,0.43174804330457595
5135,0.0021164349992924773,0.9396995832370093,0.05808513133581046,9.885042788790733e-05
5136,0.04312789881261112,0.0033724840426904304,0.8295019388267967,0.12399767831790173
5137,0.006101748019523323,0.7465941010846752,0.24667020117462424,0.0006339497211773966
5138,0.007173725325377048,0.9192429018019688,0.0734251527795546,0.00015822009309950338
5139,0.01254306172344029,1.8577802322360247e-07,0.008951724263215326,0.9785050282353213
5140,0.7338830049810292,3.971002701506509e-05,0.006927493206864384,0.25914979178509145
5141,0.18424616117071071,0.8001508297270085,0.015519426022183107,8.358308009779111e-05
5142,0.0002792218799998049,0.9431751147362232,0.05637119954323098,0.00017446384054605135
5143,0.8857854435449547,2.1265290258491017e-05,0.018966081881418198,0.09522720928336878
5144,0.0014966863043045437,0.9889354502688679,0.009535924709833254,3.1938716994226935e-05
5145,0.0003793686801913163,0.9167062946805256,0.08224571629127919,0.0006686203480039752
5146,0.0002695085329083944,0.9532830721767386,0.04637681967981267,7.05996105404286e-05
5147,0.030297160303293758,9.259214664308843e-08,0.028343813640311827,0.9413589334642478
5148,0.0015909902149772927,0.6741427587541711,0.3219534948331287,0.002312756197722849
5149,0.0005483027294281691,0.7683706250300146,0.23045876348341493,0.0006223087571421445
5150,0.03471694362340345,0.00014564694150677855,0.09767230180245279,0.8674651076326371
5151,0.010835539932535105,0.0010162433434180473,0.7589199642133626,0.22922825251068443
5152,0.9889899789610446,0.0007439437841955643,0.010103774666891047,0.00016230258786887835
5153,0.002912988910360217,0.056146319778214694,0.9290369640250767,0.01190372728634838
5154,0.8494073634478445,3.567368570443193e-05,0.03047885997659954,0.1200781028898515
5155,0.4661225846284978,1.745944837993051e-05,0.04791818738624074,0.4859417685368815
5156,5.3236964212286054e-05,0.9259448703502722,0.07389999687821576,0.00010189580729968076
5157,0.0030597221490614545,0.3445793698447456,0.6485068834297585,0.0038540245764345353
5158,0.019629734872231682,0.974852959796823,0.005512505534426109,4.7997965192992525e-06
5159,0.8841198056978041,0.07924314139574799,0.02726344788334714,0.009373605023100666
5160,0.08362304481458648,0.6459077460631981,0.269287750771541,0.0011814583506744895
5161,0.0008880932931906261,0.9343650911212936,0.06465013108847835,9.668449703744795e-05
5162,0.7153410903634605,0.025693752556947592,0.24091710854628928,0.018048048533302764
5163,0.1119975460031244,2.792239343144555e-05,0.40541496277125655,0.4825595688321877
5164,0.10251524170302814,4.7110697472531935e-06,0.10141839278044973,0.7960616544467749
5165,0.06728611655744991,0.022038917817093398,0.8911282929060247,0.01954667271943206
5166,0.1332979267320318,0.842549874427403,0.02408641844612615,6.578039443903314e-05
5167,0.7296423505679558,0.0007695004643649056,0.1450527275392266,0.12453542142845282
5168,0.01785155308792036,0.23082992533337343,0.7496786521928214,0.0016398693858848245
5169,0.4418783837011479,2.671459803603683e-07,4.819041931170077e-06,0.5581165301109405
5170,0.0003557578365790287,0.9514973060067317,0.047975595595801,0.00017134056088821873
5171,0.00016630597471004442,0.8883677303098935,0.11106828760315657,0.0003976761122397644
5172,0.000139896255491819,0.9406374308466121,0.059013672366787034,0.000209000531109215
5173,0.0007368134836711924,0.9520296349856862,0.047043190098404214,0.00019036143223832746
5174,0.036648960216859504,9.843136847853231e-10,6.705531345306608e-08,0.9633509717435134
5175,0.017112358348270327,0.3297261960737236,0.6491838204287381,0.003977625149267809
5176,0.0006922889964631498,0.975759856258699,0.023297144302532782,0.0002507104423051182
5177,0.0017784955871841064,0.45355345319509655,0.5413296519305909,0.0033383992871285884
5178,0.00037956351914272005,0.8993009217307055,0.10009716763198671,0.00022234711816497088
5179,0.014065179777679801,2.669229000250138e-10,2.591094310720256e-05,0.9859089090122901
5180,0.025229565424475586,0.00396327289437608,0.8169855685470588,0.15382159313408955
5181,3.67769609119131e-05,0.9094020526675555,0.09023431964299693,0.00032685072853573706
5182,0.13993059531378158,2.4870540850927675e-06,0.06635766457736382,0.7937092530547695
5183,0.005581020913573849,0.16219102489453743,0.7918309362979783,0.04039701789391035
5184,0.0454915754978267,0.6175572031744326,0.33372652807244674,0.0032246932552938952
5185,0.012585982553964948,0.41756925144404144,0.5650781881290515,0.0047665778729421085
5186,0.1279044157692485,0.0004821339452665857,0.22037938014819836,0.6512340701372866
5187,0.01652300407692565,0.2867213481843827,0.6899074058423157,0.006848241896375912
5188,0.01435663677770885,0.003608096887556965,0.9194133461376689,0.06262192019706529
5189,0.1279518304559961,0.015417605619539426,0.7936567938245577,0.06297377009990676
5190,0.09158829814771594,1.1191760447581665e-05,0.2030613777837489,0.7053391323080876
5191,0.0023459515526822686,0.9788116753053583,0.0188177736619567,2.4599480002826094e-05
5192,0.0007681507794237591,0.9105592256535642,0.08835369066764685,0.00031893289936522993
5193,0.7902464952626261,0.20152003269754248,0.00804051447627805,0.0001929575635533049
5194,1.996672355317119e-05,0.9889322053943393,0.01103836643216189,9.46144994544538e-06
5195,0.0019387155919938087,0.8257907418429621,0.17178365955918812,0.00048688300585596255
5196,0.09838494510698396,4.2444658471952385e-07,0.000278866041960858,0.9013357644044705
5197,0.7120770553274915,2.0803611553132195e-06,0.010809410903592217,0.27711145340776094
5198,0.9669703014748675,0.019777738927376293,0.013171770044368257,8.018955338802929e-05
5199,0.9192613284913012,0.00011915595611057155,0.06438575476713106,0.016233760785457057
5200,9.597674563656787e-07,0.9991600077505861,0.0008388796025397998,1.5287941778914108e-07
5201,0.0008367540601313485,0.9277845297498962,0.0709693946932018,0.0004093214967705335
5202,0.00024951239050794246,0.9128825235770548,0.08646057988153878,0.0004073841508984906
5203,0.005995079674579114,0.9877762322242034,0.006207782441131513,2.0905660085956486e-05
5204,0.00018978477959304677,0.9032202899342094,0.09620555907955011,0.0003843662066471502
5205,0.009014317271742716,0.1263859689965326,0.8502348024706837,0.01436491126104098
5206,0.03362611163528195,5.483410159231018e-06,0.00033618168611240914,0.9660322232684463
5207,0.6923294196993838,0.04785891079993771,0.018788254301052465,0.2410234151996259
5208,0.02196552759061971,0.13331652366580551,0.8252582500815306,0.019459698662044122
5209,0.0020943615930716568,0.7817068661936123,0.21383422305262517,0.0023645491606907
5210,0.9173274794477825,0.0022892868793140137,0.07315316618119115,0.00723006749171217
5211,0.06448644301292024,1.2511456394196167e-05,0.06819360875171293,0.8673074367789726
5212,0.00021853255549903288,0.9896835692369864,0.010076755789531003,2.1142417983585127e-05
5213,0.06498288275945024,1.0982714123308968e-06,0.07646029875120054,0.8585557202179369
5214,0.015103742845622796,0.011496313634681551,0.9100610492362604,0.06333889428343531
5215,0.060538008779461916,8.807644932149422e-06,0.13852742967440226,0.8009257539012036
5216,0.03094107990317219,0.0002787739684264213,0.03174036482859249,0.9370397812998089
5217,0.5409867593872134,4.047223079466264e-08,0.0035387004924907826,0.455474499648065
5218,0.002066046946055205,0.9743377044301894,0.023576130264009544,2.011835974561412e-05
5219,5.473344604874403e-05,0.9864258340471417,0.013514986951608268,4.445555201109619e-06
5220,0.003591628947353815,0.001911395812829947,0.8962013502898444,0.09829562494997186
5221,0.1989353647185722,1.0702388348082615e-11,7.03769789803405e-08,0.8010645648937464
5222,0.010792252254153088,0.2065774620575356,0.7728498785503305,0.009780407137980783
5223,0.16432183533835398,2.224025391362853e-08,0.02046367731160739,0.8152144651097848
5224,0.03294030005428854,3.7117389470941108e-06,0.05420218809976726,0.9128538001069972
5225,0.04389739877518394,0.0022199828210383043,0.8243224266808497,0.12956019172292804
5226,0.03869941224972775,1.019001816521787e-05,0.06788364961297877,0.8934067481191282
5227,0.008589104447956245,0.03881097689051444,0.9315424402901855,0.021057478371343856
5228,0.00012885605565796286,0.9691405696018083,0.030709131033685232,2.144330884851638e-05
5229,0.002223578912470356,1.0900261434815318e-11,2.138679576985687e-06,0.9977742823970525
5230,0.7270100897039047,2.153544871641214e-06,0.026830685111445693,0.246157071639778
5231,0.0072170646027623795,0.8471213006004588,0.144062333124971,0.0015993016718076492
5232,0.0006273498671218666,0.8206451604783146,0.1780636494660641,0.0006638401884993522
5233,0.8531619473388368,8.447158112052202e-07,0.003230962522713867,0.14360624542263803
5234,0.0002089943538195896,0.9675184674490802,0.03223782879826013,3.4709398840230485e-05
5235,0.06261137568880501,0.02148041056469535,0.8921067436473707,0.023801470099128922
5236,0.012633992938264681,0.14081553849385609,0.8315322718473593,0.015018196720519858
5237,0.9606337023657727,3.8120256214643835e-05,0.0043994086087257335,0.03492876876928685
5238,0.0017568202422346677,0.8505251737533381,0.14716177266935265,0.0005562333350746203
5239,0.8843248024055462,0.0008687861921738204,0.09583950909635616,0.018966902305923784
5240,0.04192644070071611,0.021763251129992132,0.9166934716680127,0.01961683650127903
5241,0.025181017573731503,0.0070394885062843,0.9175167205600546,0.05026277335992958
5242,0.1650386951958002,0.019405014227202134,0.7906496072336794,0.02490668334331824
5243,0.8443463021181181,0.004865177304602991,0.13964404959403912,0.011144470983239682
5244,0.0008940258984008209,0.9098309416677136,0.08874201527622061,0.0005330171576649832
5245,1.0467098189369255e-05,0.9927042558651373,0.007283066488467012,2.210548206149639e-06
5246,2.4978553585148117e-05,0.9913433788617446,0.00862331984697611,8.322737694162506e-06
5247,0.006679592607243586,0.012851104041589864,0.8698589157373037,0.11061038761386283
5248,2.156373187018955e-05,0.9784042365057868,0.02154972777324267,2.4471989100274554e-05
5249,0.04788452081608829,1.1458131442519745e-05,0.23575146646556122,0.7163525545869079
5250,0.7406146965517985,0.2174196156198173,0.0417877711779266,0.00017791665045776848
5251,6.0091175731301673e-05,0.9649478478473767,0.034928030757917006,6.403021897507738e-05
5252,0.00026898423144169637,0.8785197778024857,0.1210498157021116,0.0001614222639611557
5253,0.008786752979088774,0.09440087733921085,0.8870387244386673,0.009773645243033003
5254,0.001019864487208332,0.9562858751038955,0.04253791027086614,0.00015635013803007688
5255,0.0015867392242668301,0.8691927811398495,0.12906912274689303,0.00015135688899063448
5256,0.05981933986600809,6.670681312958254e-06,0.1545026668720571,0.7856713225806219
5257,0.9471534473423392,1.7612712451860013e-05,0.004874939341452861,0.047954000603756056
5258,0.758672562572853,7.768145492414648e-06,0.03289296379004419,0.20842670549161035
5259,0.02644712215626237,0.005187944962632169,0.01902687062422843,0.9493380622568771
5260,0.8840508877219703,1.6218561018622244e-05,0.0030645764134856254,0.11286831730352559
5261,0.000859200662135166,0.932546134282352,0.06648771381218235,0.00010695124333041777
5262,0.10584056614848389,0.5141528845833448,0.3772620152738783,0.002744533994292927
5263,0.0056572357531606155,0.11717014225914373,0.8677541687971532,0.009418453190542454
5264,0.0003474079892199483,0.9280524388900181,0.07135396151667935,0.0002461916040825774
5265,0.002148181850652626,0.8811396627836683,0.11628819796739177,0.0004239573982874834
5266,0.01497382654198847,0.3581713757047984,0.6218609066815359,0.004993891071677239
5267,0.06510426208350999,4.454970430096603e-06,0.06988216891206765,0.8650091140339924
5268,0.0012707967721099246,0.6301650996021612,0.36714298191854017,0.0014211217071887841
5269,0.00024675309550562923,0.9601772186641824,0.03951661760710934,5.94106332024435e-05
5270,0.2629544719254931,1.9477999419515814e-07,0.015305991453205037,0.7217393418413076
5271,0.03052633146794154,1.8996264808171137e-06,0.0013025377178533279,0.9681692311877244
5272,0.0013541929587084704,0.9873205374339045,0.011280715769549676,4.4553837837294353e-05
5273,0.0033027263691477677,0.8461588572229021,0.15027443257641565,0.0002639838315343906
5274,0.0008241728676965187,0.9807175727533526,0.018426854732817487,3.139964613349098e-05
5275,0.02828594654191691,5.606442005558121e-05,0.12709379043044733,0.8445641986075801
5276,0.49840621492536596,6.630490470289116e-06,0.07803678988127255,0.42355036470289115
5277,0.00017172229614999826,0.8836909208588607,0.11597031537167206,0.00016704147331728656
5278,0.0008116307870161888,0.9778176219392313,0.021308296800404306,6.24504733483269e-05
5279,0.00011069625016091188,0.9890927375938272,0.010755979384069782,4.058677194208739e-05
5280,0.7147404774697134,1.1507466564635032e-09,4.528031414903575e-05,0.28521424106539095
5281,0.11451983346013093,0.0005227929876181788,0.7471998385920964,0.13775753496015453
5282,0.9860313904264709,0.0001103486345102108,0.011904290664212175,0.0019539702748068224
5283,7.1046129115566096e-06,0.9946530080845084,0.005331930079811247,7.957222768694911e-06
5284,0.06571236648632914,0.7183299667143647,0.21215433926341679,0.00380332753588945
5285,0.10135493178083026,9.217959221583392e-07,0.01735503767002548,0.8812891087532222
5286,0.05282035617663046,0.16548607440572824,0.7747362851179135,0.006957284299727963
5287,1.2961319044223872e-05,0.9862590674292757,0.013715549510685572,1.2421740994320634e-05
5288,0.03380650981123338,5.777366007152801e-06,0.08235624651826286,0.8838314663044967
5289,0.7319279872095251,3.599072174005732e-07,6.784416371412277e-05,0.2680038087195435
5290,0.2059142344695832,2.3719769137594686e-05,0.16564258149100713,0.6284194642702721
5291,0.3350576486503737,1.268072069878568e-05,8.19593565682485e-05,0.6648477112723593
5292,0.37208722982690834,4.61053353770157e-08,7.028313329351702e-05,0.6278424409344627
5293,2.581367422217975e-05,0.9923835247348354,0.007570079068749325,2.0582522192971844e-05
5294,0.4203679468333568,1.9871711071286377e-06,0.07488345123184287,0.5047466147636932
5295,0.14262745362086876,1.5070141306099793e-05,0.17130133423415245,0.6860561420036727
5296,0.029255089770843703,0.0006965814064511527,0.03373750527483006,0.9363108235478751
5297,0.0001936244543917282,0.9435581781551793,0.05611338239625114,0.0001348149941777875
5298,0.002719300475138967,0.9362324607939218,0.06089188195819006,0.00015635677274927038
5299,0.03731485337426789,0.8331177375776567,0.12792905296038784,0.0016383560876875702
5300,0.6110638794395133,0.00039370870948993316,0.11065373551394976,0.27788867633704695
5301,0.5046480654456799,1.3401646900814864e-05,0.09740588831670255,0.3979326445907167
5302,0.0006600773988233702,0.8831479835834377,0.11591049480951834,0.00028144420822052697
5303,0.15446043637047407,1.1608682369304436e-06,0.10336884863018209,0.7421695541311069
5304,0.0009409342888219628,0.7984336357428243,0.19824163189309293,0.0023837980752608543
5305,0.004771280385922695,0.5276701481077967,0.46549846414609225,0.002060107360188366
5306,0.9381646968953535,0.005971907895762171,0.04945645201982866,0.006406943189055452
5307,3.195938389350316e-05,0.9385983182911712,0.06132036864275186,4.9353682183326104e-05
5308,0.20362532542805123,5.467794144739305e-05,0.23940411640098494,0.5569158802295164
5309,0.018585606209229947,0.0007978734295889082,0.5521576973134766,0.4284588230477045
5310,0.0006522267958585423,0.8271181209736317,0.1715914545825506,0.0006381976479591714
5311,0.03373107105835087,4.098759107851171e-07,0.037584046025895775,0.9286844730398427
5312,0.0004822840336783664,0.9925085618513649,0.006992392655425836,1.676145953087639e-05
5313,0.5435506938610712,0.006759247244380572,0.04029808380199301,0.40939197509255515
5314,0.9317435482154474,6.001065721584472e-05,0.0351256511694078,0.03307078995792914
5315,0.09554501366733177,9.829288217329154e-06,6.463035478139179e-05,0.9043805266896696
5316,0.10163171556262539,1.713572455901736e-05,0.12137635133730541,0.7769747973755101
5317,0.06193880882589934,0.0011479296914289334,0.6421280655083501,0.29478519597432173
5318,0.017159030403594212,0.005328913168279662,0.8501813124950779,0.1273307439330484
5319,0.06422468325671234,0.008675987344084056,0.8522781474713041,0.07482118192789942
5320,0.011416211957431704,0.0016438656425918983,0.7603605981143043,0.22657932428567193
5321,0.00026189551986593063,0.9811817635149473,0.018536048233257746,2.029273192877674e-05
5322,0.018580832031801338,0.012438873261743255,0.9090140834290269,0.05996621127742856
5323,0.026789388277402033,7.356010245340699e-08,3.602050206373428e-05,0.9731745176604317
5324,0.0003866784856928899,0.8842006203407071,0.11509510676671911,0.00031759440688100397
5325,0.054640021218733466,0.15787829312448234,0.7807694524445005,0.006712233212283705
5326,0.0029998312474019046,0.9262943967676861,0.06981450702435843,0.0008912649605536896
5327,0.7800953086604735,8.146491384663751e-07,0.006898272784144042,0.21300560390624415
5328,0.41181438816729576,0.0003571294087763993,0.3135957048735024,0.27423277755042536
5329,0.00010668677745498274,0.9839804206193334,0.015888424502469245,2.446810074222028e-05
5330,0.0089750245227903,0.8165092430929115,0.1720547746236744,0.0024609577606237954
5331,0.016636500082063535,8.166275775687784e-10,3.1223377760737395e-08,0.983363467877931
5332,0.04564842165271233,1.082456921674907e-06,0.0429167452788735,0.9114337506114925
5333,0.020466496246212832,1.8925670284000858e-10,1.4068342955085878e-05,0.9795194352215753
5334,0.05035711975011067,0.9123282231698614,0.03690947671204903,0.00040518036797877933
5335,0.06854945668736553,0.010455058476395817,0.8822903139734132,0.03870517086282549
5336,0.7144729829131075,4.934431813882508e-05,0.05243655642265272,0.233041116346101
5337,0.01088642699324811,1.8726098787323848e-10,5.473952814718282e-05,0.9890588332913438
5338,0.5263604351787098,0.037018069785757564,0.4185674245788785,0.018054070456654085
5339,3.278548748088966e-05,0.9801075197769055,0.019849910023942905,9.784711670726007e-06
5340,0.8504033338983399,0.11312446927543744,0.03613906967593267,0.0003331271502899324
5341,0.0005896031381685333,0.9617843955586919,0.03760928319100867,1.6718112131029625e-05
5342,0.021523446814125467,1.0522852699400064e-06,0.0037258082591530226,0.9747496926414516
5343,0.9499285469333527,0.00012786313847308159,0.0198883220198003,0.0300552679083741
5344,0.15996432556994408,0.0015310503752944953,0.7854104951484843,0.05309412890627713
5345,0.13007015453679752,5.9922790684761105e-06,0.060491945572031455,0.8094319076121027
5346,0.412108385493237,6.310898175786364e-08,0.0016409861749213683,0.5862505652228599
5347,0.03126486602926042,1.425986532919587e-06,0.12133853488316768,0.847395173101039
5348,0.19263765226207627,5.8902297042219403e-08,0.0009163516797034288,0.8064459371559233
5349,0.057490884903637525,2.8302318705493458e-05,0.1535272163985214,0.7889535963791355
5350,0.06248116656766124,1.1831343917534458e-08,0.004180950497598537,0.9333378711033964
5351,9.883840503462194e-05,0.9826519322802281,0.01714793463621108,0.000101294678526127
5352,0.5675872363481135,0.0003263198845654375,0.27062078405668766,0.1614656597106334
5353,0.4224039950428096,6.590698377783967e-06,0.02903993956473796,0.5485494746940747
5354,0.25472546584783956,1.1118850687041237e-05,0.19119138182665166,0.5540720334748218
5355,0.0013212309420886606,0.8628266239564405,0.13521959919087437,0.0006325459105964806
5356,0.001978719105208395,0.9828627794323873,0.015035481219160865,0.00012302024324336452
5357,7.992872329880826e-06,0.9987268053022047,0.0012640536406946002,1.148184770766032e-06
5358,0.00199458930610355,0.9102777258924786,0.08741295311848479,0.00031473168293296366
5359,0.0002935343781225949,0.7821498498643012,0.21732370594515096,0.00023290981242508616
5360,0.0003884836477103423,0.8949275631790602,0.10441356484540991,0.0002703883278194895
5361,0.006521267816077901,0.8174480823065015,0.17476565138305195,0.0012649984943685609
5362,0.0009549188914932005,0.8895446157279042,0.10933903280421524,0.00016143257638754588
5363,0.0016677831822717907,0.8699388664980069,0.1280941188326343,0.00029923148708703613
5364,2.1266258257552208e-05,0.9980054833718884,0.001972377835413223,8.72534440772084e-07
5365,0.00013751876504071575,0.9795597368089851,0.020280846572114486,2.189785385942007e-05
5366,0.0025545441124230073,0.9615911355142297,0.035788212759973355,6.610761337389914e-05
5367,0.0874690108060355,0.0007663584291890203,0.76587418572198,0.14589044504279544
5368,0.5915873022877703,5.755337370919414e-06,0.05483479505650012,0.3535721473183588
5369,0.00046054528650674354,0.986508721214491,0.013017286396540867,1.3447102461380187e-05
5370,0.025275787505647167,0.7609968255536692,0.21170918092544116,0.002018206015242514
5371,0.18490974909742786,1.0335821208488707e-07,1.740689991949733e-05,0.8150727406444405
5372,0.04393725169235968,2.2105830947708736e-06,0.08998068722265977,0.8660798505018857
5373,0.0007898782968589615,0.7872737718970705,0.21175552115644317,0.00018082864962757925
5374,0.00045202877521834355,0.9755272743188399,0.023994262603855326,2.6434302086521055e-05
5375,0.6521351962510142,5.038284410126177e-07,0.00924883458048625,0.33861546534005843
5376,0.07374265186199937,0.0004580472039939895,0.767027318866955,0.15877198206705162
5377,0.023410361749807495,8.209320429880936e-05,0.3808700498576079,0.5956374951882859
5378,0.003359160929093918,0.06418786991777402,0.9087162947793141,0.023736674373817723
5379,0.044757466190242144,2.7828809921724544e-06,2.447591016568497e-05,0.9552152750186
5380,0.8460755530074117,8.050045508108804e-07,0.00018101463160506573,0.15374262735643235
5381,0.02992849585029068,4.7681598575186026e-05,0.23452105762486114,0.7355027649262731
5382,0.16910921741333843,8.150702624701158e-11,1.1569538150512561e-05,0.830879212967004
5383,0.02600276009359715,0.07327650078522811,0.8873244139713592,0.013396325149815555
5384,0.8098300223545768,0.15674850782935051,0.032477380165414946,0.0009440896506576659
5385,0.045979226280111966,4.1681483357314023e-07,0.031035017659427767,0.9229853392456266
5386,0.054255462341292346,0.7214980592210936,0.22072221994290528,0.0035242584947088105
5387,0.09766171312422761,0.0004908581270248489,0.6703507642759019,0.23149666447284548
5388,0.6927667053361147,2.855887772196782e-06,0.012114534860148006,0.295115903915965
5389,0.9020514914550439,8.867137344676356e-05,0.07171683611284506,0.026143001058664222
5390,0.8680568664708029,2.3897344536134127e-07,0.00010151487881947325,0.13184137967693235
5391,2.3285746844880842e-05,0.9898523836279897,0.010120682774874067,3.6478502910846983e-06
5392,0.0023688000052248166,0.9131199444211461,0.0842825496574677,0.00022870591616145562
5393,0.027703881114742573,0.8128737686175054,0.15788612326718457,0.0015362270005675515
5394,0.8155156994922439,0.00028075298504507345,0.014305618651001122,0.16989792887170993
5395,1.5566912713057347e-05,0.9954116233869927,0.004570292988024942,2.5167122693135164e-06
5396,0.00032986777528042375,0.9174745083513364,0.0815370454489427,0.0006585784244404556
5397,0.018306815542050246,0.050453215157269755,0.901116455270878,0.030123514029801884
5398,0.012506557620758037,0.8668839846103308,0.12027343967066893,0.000336018098242275
5399,0.9634486013564545,2.9901858885298884e-06,0.0028347131962954157,0.03371369526136163
5400,0.7750589476163263,1.627016442410905e-06,0.008069899617888199,0.2168695257493431
5401,0.0007430114644357419,0.8572964365761219,0.14182180822112173,0.0001387437383206869
5402,0.003979910892068538,0.2986832576285488,0.6886257286257738,0.008711102853608963
5403,2.9077922429074882e-05,0.9335653515185874,0.0662677859961858,0.0001377845627978891
5404,0.19074722904758945,0.024986216038192847,0.5132117630781533,0.27105479183606435
5405,0.16148629096899905,0.007628917666599314,0.6610101184210112,0.1698746729433904
5406,0.0005821158791988273,0.9511399517140814,0.04812360671095681,0.0001543256957629987
5407,0.9984494714463297,8.07002904955943e-06,0.000790690363591846,0.00075176816102895
5408,6.268826072747775e-05,0.9872822403601044,0.012645660938056778,9.410441111171022e-06
5409,0.03690707783223013,0.010189110365080824,0.8320545756162463,0.12084923618644278
5410,0.02224762229748829,0.012935043597156042,0.934633777192918,0.030183556912437532
5411,0.07907875870348996,7.609324842083861e-06,0.00019595846416119078,0.9207176735075069
5412,0.09482128018516775,3.346669457308083e-07,0.0097855952999936,0.8953927898478928
5413,0.9724808471829658,5.588115991119597e-05,0.004935938053050406,0.022527333604072365
5414,0.014793504802668968,1.5375366010655935e-09,2.369816746863901e-06,0.9852041238430476
5415,6.805829323109116e-05,0.9818399090099684,0.018074173710264718,1.7858986535822527e-05
5416,0.018218477077573344,0.011220948265516933,0.8974502705991076,0.07311030405780199
5417,0.7149679413741786,0.0004883493445106563,0.20868548749200005,0.07585822178931048
5418,0.8910581392518377,0.007278361369036546,0.09102723191846317,0.010636267460662712
5419,0.00012204181792648569,0.9303418459781454,0.0693596199244335,0.0001764922794945672
5420,0.003779134607341528,0.35915943782152293,0.6333612769820417,0.00370015058909381
5421,0.024886729079972032,0.0006664425022896596,0.7298134485326752,0.24463337988506317
5422,6.533757843807033e-05,0.984762710669333,0.015160299977060592,1.1651775168569693e-05
5423,0.9111600654933053,2.968452269624734e-06,5.2278826284099786e-05,0.0887846872281411
5424,0.00017524618720305695,0.887927129408911,0.11177110470980396,0.00012651969408202798
5425,0.7955218638692427,0.0033780907102360738,0.19234023739715492,0.00875980802336655
5426,0.9574581297497564,0.0014415402864944593,0.01972677080013389,0.021373559163615205
5427,0.9904199902374451,0.007044618180207301,0.0025120709069509153,2.332067539669349e-05
5428,0.9465978042361828,0.0073381403412521185,0.04485945903360582,0.001204596388959267
5429,0.1638229293465701,1.4506657926412635e-05,0.2553441521022922,0.5808184118932113
5430,0.0036805457967572976,0.9463030072760606,0.048953017603303485,0.0010634293238786154
5431,0.9036219856732043,0.01595635723827367,0.07870193891550295,0.0017197181730190865
5432,0.8359989985345144,0.000266590150940494,0.09182925159401066,0.07190515972053456
5433,0.9382783516978755,1.3375648049522348e-05,0.03496119658210985,0.02674707607196514
5434,0.806953370146778,0.003250276803876653,0.16112142630100715,0.028674926748338114
5435,0.016329177108368113,0.9229592592804915,0.060695404373731054,1.6159237409326833e-05
5436,0.001650022234997273,0.31944407019270965,0.6750946670035576,0.0038112405687354715
5437,7.716011935371055e-05,0.8629687404010465,0.1368146807378,0.0001394187417997742
5438,0.9873550271628044,0.00013137094538990664,0.001900553068463678,0.010613048823341941
5439,0.010557437695088066,7.756197626567255e-08,0.0041127995999427755,0.9853296851429928
5440,0.7975352676048378,1.1683245530757064e-06,0.01000581261754374,0.19245775145306526
5441,0.8505441623900479,6.888031791383869e-05,0.010840150181726056,0.1385468071103121
5442,0.00021306734154291583,0.9844248458048277,0.015336256906444624,2.582994718470366e-05
5443,5.711556762800344e-06,0.9949416268349073,0.005043793516195364,8.868092134527679e-06
5444,0.03861565990145742,0.00015446284283384857,0.6541607932338797,0.30706908402182903
5445,0.9060867830074739,0.00018541221620637822,0.04037332937615292,0.053354475400166745
5446,0.042071384541781005,8.77275376996177e-05,0.013575045402468717,0.9442658425180507
5447,0.0018336946178444382,0.9636771333612189,0.03414964366333827,0.00033952835759855306
5448,0.06977474379014466,1.3058469607643946e-05,0.24439287773821589,0.6858193200020318
5449,0.006078835867510175,0.0030402499251374355,0.857620333615809,0.13326058059154328
5450,0.07890958781027707,0.00015490965152623938,0.6382331090577124,0.2827023934804843
5451,0.007176065448033184,0.036649172220398644,0.9275620285927563,0.028612733738811985
5452,0.8308121905527632,0.003331450347029427,0.1572753765007757,0.008580982599431613
5453,0.027514239984581666,0.3523989839539166,0.618129359608511,0.001957416452990626
5454,7.884184722663118e-06,0.9967152026982999,0.0032737474541376537,3.165662839772491e-06
5455,0.01991746059257971,3.40201603077999e-08,0.009945667463031028,0.9701368379242289
5456,0.6002510134899046,0.0013505249438232163,0.09568687127305603,0.3027115902932161
5457,0.002671634789398457,0.9162785712233534,0.08082372543973938,0.00022606854750867965
5458,0.1728826006078295,0.0006482545141972172,0.3599134981935701,0.46655564668440314
5459,0.029589301576262824,0.42080847339573857,0.5366196638204491,0.012982561207549531
5460,3.891681995163438e-05,0.9619761282913162,0.03789642460028002,8.853028845238763e-05
5461,0.6222466931021167,0.000374479845053263,0.0013278987292676162,0.3760509283235625
5462,1.438762338718405e-05,0.9987375383452345,0.001245909924597058,2.1641067813592966e-06
5463,0.8075354717109453,2.658148343563105e-05,0.004028279365310082,0.18840966744030901
5464,0.00010789550459650099,0.9885878914058244,0.011263630276853683,4.058281272530545e-05
5465,0.001825884145655404,0.9078879746132743,0.08995205490240932,0.00033408633866110983
5466,0.21617219699257673,5.8259527368508344e-09,5.1165755583192105e-05,0.7837766314258873
5467,0.004624752574663001,7.653116936357722e-05,0.34877015241437953,0.6465285638415939
5468,0.023031928441803663,1.6589620518120647e-08,1.0027145981690322e-06,0.9769670522539777
5469,0.18194963007364406,0.7003572408063142,0.11672012426163372,0.0009730048584080404
5470,0.9694675889826385,9.467158549712563e-06,0.012917787481163935,0.017605156377647802
5471,0.006036066955117222,2.0028357326317717e-05,0.0007451672450495475,0.993198737442507
5472,0.0011705007023851961,0.8555378375113237,0.1429176728309738,0.0003739889553171489
5473,0.7554549377955337,0.19837383334739525,0.045704994560183065,0.00046623429688802734
5474,0.943383651167799,0.003595656392602147,0.048748766495895275,0.004271925943703595
5475,0.021389425929638453,1.352479567423611e-05,0.22264594909667454,0.7559511001780127
5476,0.009848099828084359,3.9689743346210493e-07,0.009423385620371573,0.9807281176541106
5477,0.06264945190354489,6.212883358846078e-05,0.16642743677167754,0.7708609824911892
5478,0.009132365996449796,0.6119343478074777,0.3761265281198728,0.0028067580761998545
5479,0.7501875928252831,0.0023794915996191014,0.23634712818641918,0.011085787388678664
5480,0.04159928370709278,0.7975537546997474,0.16028387177147196,0.0005630898216877853
5481,1.3360199409678744e-05,0.9794352843798728,0.020531333096520176,2.002232419742949e-05
5482,0.010499565406517189,0.14753703885883665,0.8226654427148706,0.019297953019775577
5483,0.9198239395525909,0.0014045565848544485,0.07616966942430364,0.002601834438251051
5484,0.00274384421197983,0.9834409442897256,0.013771192948809427,4.4018549485060505e-05
5485,2.075459922089091e-05,0.9906860665269569,0.009262953146329942,3.0225727492259758e-05
5486,0.0020833713605165173,0.9784001750948265,0.019465949057675545,5.0504486981413775e-05
5487,0.00044143556930782983,0.9075935545921855,0.09184821088524069,0.00011679895326584844
5488,9.357722864740447e-05,0.9640946949852152,0.03572331151912246,8.841626701487999e-05
5489,0.011467115988354329,0.6300935132172601,0.3567600592298606,0.0016793115645250352
5490,0.4584311837814468,7.659552588526922e-06,0.00053169585520206,0.5410294608107626
5491,0.768481267730409,0.0011750024815909339,0.2017558279264217,0.028587901861578408
5492,0.026354109735074484,1.0725724967854318e-05,0.06814193545588086,0.9054932290840767
5493,7.979556883439436e-05,0.9871983087926751,0.012707711993828509,1.4183644661972257e-05
5494,0.00015318745013673677,0.889455151786988,0.11027253891780713,0.00011912184506815516
5495,0.00013560797211800926,0.980498946763735,0.019297053209224983,6.83920549222148e-05
5496,0.004182475297386387,0.9177004858393302,0.07782144804557695,0.0002955908177064336
5497,0.0540921901053602,0.16845222175729657,0.753010851390484,0.02444473674685932
5498,0.9734065009282258,0.0017557054888528492,0.024005548197676835,0.0008322453852447781
5499,0.9717964630305067,0.022077208934362953,0.00610258162776103,2.3746407369311474e-05
5500,0.00014907550082502948,0.9864958996947432,0.013339619875988262,1.5404928443291185e-05
5501,0.0423314950658874,0.0005558622995968144,0.7383765066716811,0.21873613596283467
5502,0.0011815675511995948,0.8488756001538951,0.14948247804162998,0.0004603542532753523
5503,0.07816929477123635,4.357323793910535e-08,0.0021154672838330606,0.9197151943716926
5504,0.028162797167564046,0.044437661451879384,0.9061995946410341,0.021199946739522687
5505,0.049461236404920436,2.2247932587622838e-05,0.14879268889220226,0.8017238267702896
5506,0.08329620444868929,4.541643688172732e-05,0.08346392251195996,0.8331944566024689
5507,0.12826714216961393,0.16239841348537393,0.7013524266028495,0.007982017742162648
5508,2.6295078360153617e-05,0.9878284773408273,0.012113484029746132,3.1743551066214806e-05
5509,0.00012225737690230564,0.9488935102350146,0.05088700747790917,9.722491017390778e-05
5510,0.052077844735911864,0.005882810141055428,0.8637961596436226,0.07824318547941024
5511,0.010841078772783019,0.00020888336823850041,0.48750719006181664,0.5014428477971618
5512,0.011463869923561383,0.030402418553936255,0.9240464223683519,0.03408728915415045
5513,0.00033091825640782984,0.9578065213273474,0.04175445253585062,0.0001081078803940487
5514,0.00047618614248793836,0.9135783232221147,0.08553735461325394,0.0004081360221433329
5515,0.3309928561695484,1.3213370937672189e-05,0.04011847341932669,0.6288754570401872
5516,0.00016725721031236044,0.9908617380092904,0.008948095546676338,2.2909233720867394e-05
5517,8.099682421387411e-05,0.9922423117251977,0.007674196836000185,2.4946145882521645e-06
5518,0.6959311220301023,0.00032759748798042484,0.033522996285513765,0.27021828419640337
5519,0.014935488728125423,0.0382903457171207,0.923476671000932,0.023297494553822
5520,0.0008637946517314931,0.9405129166329234,0.058368364620879666,0.0002549240944655179
5521,0.006403071110102041,0.12687399060341442,0.8475708027708528,0.01915213551563071
5522,0.051051189073216076,0.0011964688880497548,0.7064385417770057,0.24131380026172833
5523,0.003823358497428098,0.9412778541734587,0.054721763328624495,0.00017702400048862812
5524,0.0436346920587717,3.882627926973819e-05,0.0030345120105789566,0.9532919696513795
5525,3.6626751418396856e-05,0.9980108373526572,0.0019515130873701864,1.022808554107791e-06
5526,0.9742141378755141,0.0027644713909223463,0.022269244426974002,0.0007521463065894898
5527,0.058408120559537924,0.0028999216102151577,0.8816672149331369,0.05702474289711005
5528,0.7634563654961558,1.6912040692458585e-05,0.021987598020582033,0.21453912444256987
5529,0.0006514615550539031,0.9619040783269961,0.03741337865668041,3.108146126955848e-05
5530,0.6826087721414367,3.4469624309584576e-08,2.798090058010679e-05,0.31736321248835886
5531,0.0005419918595578551,0.9847382099774203,0.014692998933942304,2.6799229079348988e-05
5532,0.025450963024000652,2.745121261406424e-05,0.24341537143276562,0.7311062143306197
5533,0.8051378584936789,0.005373438085656333,0.18583949962486168,0.0036492037958031826
5534,0.00018336768749792765,0.928995517168137,0.0706327460741469,0.00018836907021833427
5535,0.2506716191114593,3.449952687410296e-08,5.739394211592905e-06,0.7493226069948022
5536,7.721501509603512e-05,0.9201124838413992,0.07932033106960922,0.000489970073895679
5537,0.0004890391112759361,0.8088253837867669,0.19037747460405738,0.000308102497899821
5538,0.0004724714953772612,0.9885884565054912,0.010934589702397184,4.482296734422584e-06
5539,4.9455330460785445e-05,0.976464241237592,0.023433905786182478,5.239764576468287e-05
5540,0.007978069131441659,0.027465682776829873,0.9249665560394162,0.039589692052312137
5541,0.037664873131479225,0.001903925779908199,0.8688483311978235,0.0915828698907891
5542,0.000564292290729799,0.8868022071872267,0.11240348904666488,0.00023001147537867272
5543,0.4372189317113571,6.761246322023388e-06,0.026825277205153684,0.5359490298371671
5544,0.008346374330981331,0.4718650212438324,0.515814264089683,0.003974340335503288
5545,0.7901392685934271,0.010784954258618572,0.16206751392173008,0.03700826322622433
5546,0.06661913879811861,0.04444420912083445,0.8627498000044281,0.026186852076618822
5547,0.501524302101396,1.0304059893318444e-06,0.00034040626519323046,0.4981342612274214
5548,0.9722814971564133,0.000244348330428608,0.02496563083835525,0.0025085236748028264
5549,1.4335051323637796e-06,0.9989180663859202,0.0010802200356976057,2.8007325005593443e-07
5550,0.0012084323249612523,0.8299690457889666,0.1674144798915464,0.0014080419945256956
5551,9.947073842525885e-05,0.931233533991811,0.0684963488750399,0.00017064639472375639
5552,0.8225985085150559,0.002200308472715415,0.13886758925035364,0.03633359376187497
5553,0.45962728133540126,3.672071949006396e-07,0.007651179332182686,0.5327211721252212
5554,0.8294061188700241,0.0018003304346319768,0.08576555142315001,0.08302799927219373
5555,0.045857904228196696,0.9140176568335994,0.04002614741536851,9.829152283528236e-05
5556,0.10895812560012012,0.0008471912488986627,0.7106871404811826,0.17950754266979857
5557,0.7820866929908846,2.6640988868633804e-05,0.034968091271926495,0.18291857474832038
5558,0.742450007305124,0.004580678124502062,0.00037764737632825436,0.2525916671940458
5559,0.016443494860688718,0.002611489316366631,0.9160214082084108,0.06492360761453383
5560,0.2396745303302892,0.0007994355085505762,0.47202414172840473,0.2875018924327555
5561,0.0005704003149614866,0.9946225447617398,0.004793573419718634,1.3481503580121447e-05
5562,0.0022410976776882337,0.9046661562800646,0.09265724088253331,0.00043550515971399034
5563,0.8500045531544074,1.637449074319885e-09,2.575970993879366e-05,0.14996968549820464
5564,0.0011251208630439129,0.9954292591600479,0.0034447311837727474,8.887931355384558e-07
5565,0.1784528836793888,6.435659514162714e-07,0.006549666045411637,0.8149968067092481
5566,0.0019123537351420398,0.8769800094312835,0.11987843641955358,0.0012292004140209741
5567,0.020440829887301025,0.02863981124825584,0.915687838746225,0.03523152011821812
5568,7.634769820587493e-06,0.995068954099151,0.004922191787703257,1.2193433250483694e-06
5569,0.2825990693928938,0.0001414615643981053,0.4159398326082082,0.3013196364344999
5570,0.01153051815336678,0.08623867521201842,0.8734014751594272,0.028829331475187576
5571,0.9666023392117982,0.0032150750683006815,0.027512001781710937,0.00267058393819016
5572,0.0032033684998830467,0.12136569692156035,0.8416922023361283,0.03373873224242842
5573,0.029185982154339252,0.00016517321458076747,0.3841971682414636,0.5864516763896164
5574,0.00010470335671548766,0.9780107441707006,0.021860987027171222,2.356544541284068e-05
5575,0.23157546708527246,2.489352830042159e-05,0.24733536051969457,0.5210642788667326
5576,0.7823433962250816,3.789915428707917e-05,0.001304471837697583,0.2163142327829337
5577,0.5670817463144855,0.02257726314757794,0.39462165687865863,0.0157193336592779
5578,0.8100482592600867,0.1414155278167602,0.04820184959077671,0.0003343633323764068
5579,0.05516199587660175,8.573271230411575e-09,0.0008735205246872232,0.9439644750254398
5580,0.03768587235215023,0.00920844675470329,0.9195782610152373,0.03352741987790927
5581,0.008615446475636985,0.429186505740675,0.5588771142345512,0.0033209335491368418
5582,0.012182705785360017,0.01684260994407666,0.9032840474101413,0.06769063686042186
5583,0.9156076684084622,0.08225853666123437,0.002126453990064779,7.340940238749034e-06
5584,0.9336463841994974,0.00035038179402602617,0.05568139443166506,0.010321839574811621
5585,0.22837948416782572,0.0027183800280670086,0.4610850408634123,0.30781709494069487
5586,0.641274861480405,6.46313786210584e-05,0.012799492459704248,0.3458610146812695
5587,0.04145966459648645,1.4313666925637414e-09,5.4888396149872615e-08,0.9585402790837507
5588,0.8634855744507701,8.32331938026283e-06,0.009968726235110633,0.12653737599473916
5589,0.0011161405508027947,0.5881526399003753,0.4082807122813885,0.0024505072674334397
5590,0.011088945475703263,0.9113177526846851,0.07644231462814495,0.0011509872114666636
5591,0.04581512309351108,0.012310937509956169,0.9041265427993649,0.03774739659716793
5592,0.002118650853655554,1.6538107687038494e-09,0.0004818082764449129,0.9973995392160887
5593,0.024519100571382225,8.651849822290662e-05,0.1132610547011856,0.8621333262292092
5594,0.049661918971236764,0.15192501682702045,0.788239442561691,0.010173621640051802
5595,0.5971423573127436,4.579754675866921e-07,0.01184687083277282,0.3910103138790161
5596,0.0014051720692773706,0.5704740824301484,0.42572721481780684,0.002393530682767255
5597,0.013605612243297845,7.339374894599365e-06,0.055228569369780545,0.9311584790120269
5598,0.0003950522621569027,0.9025078085231095,0.09687841753176575,0.00021872168296767342
5599,0.010555600521607072,0.21269907460840873,0.773240673829349,0.0035046510406352223
5600,0.013397086808853136,0.16905219149305734,0.8057267879699351,0.011823933728154483
5601,0.6112474947212939,0.00019702586571310724,0.19387764215421768,0.19467783725877538
5602,0.9706477951943512,0.00038428366297661883,0.02576016835658935,0.0032077527860829504
5603,0.004204010978204429,0.625215170047167,0.3694247569961768,0.0011560619784519537
5604,0.0971700073985015,1.8117962038573946e-05,0.4204885272265253,0.4823233474129347
5605,0.6743162020745291,0.0017048267282455747,0.25864319141022346,0.06533577978700175
5606,0.0006501074343302646,0.9396222461321743,0.059521006882751415,0.00020663955074407212
5607,0.8804734147603022,0.0003254995070204779,0.07875491805935027,0.04044616767332718
5608,0.6611278413592317,0.3090481475840854,0.029752107453909753,7.190360277293781e-05
5609,1.5358992254745638e-05,0.9885945490791865,0.011374616088385778,1.5475840172975357e-05
5610,0.8280001416924395,0.0006402640833095298,0.13892006080370314,0.032439533420547985
5611,0.04175204775428702,0.00023469190844193572,0.7290117053288133,0.22900155500845767
5612,0.0001282931022451145,0.965899209246532,0.03387905488503207,9.344276619065934e-05
5613,0.7912084588234976,0.0010033753325197437,0.18009834523045004,0.027689820613532687
5614,0.16851966800275667,0.04550618438453086,0.7714969017807349,0.014477245831977553
5615,0.38764551152178467,0.06687935708279436,0.5315212053881366,0.013953926007284304
5616,9.384792714710897e-06,0.9940026325099071,0.005985425720485351,2.5569768928849003e-06
5617,0.00023936431503900638,0.9994663108069078,0.0002942693212285288,5.555682494510692e-08
5618,0.02414577126784286,0.07361893675217812,0.8875918569764772,0.014643435003501803
5619,0.8722190489515396,0.023569575763948355,0.09888357465608086,0.005327800628431183
5620,0.7861999965841584,7.188387790724339e-08,0.00016726293575390774,0.21363266859620986
5621,0.2266651266235144,1.5583063563322435e-06,0.003976812960955987,0.7693565021091732
5622,0.010826963268631638,0.005044244717368072,0.9184196997176635,0.0657090922963369
5623,0.7626677807256999,0.07080971538415123,0.154754725707749,0.011767778182399925
5624,0.04895391334467032,1.4517941991210614e-05,0.1719297776719639,0.7791017910413746
5625,0.3885578671563633,0.21008327919636016,0.39945560265875024,0.0019032509885263018
5626,0.0002501018746638869,0.9929403664469086,0.006629899235592938,0.0001796324428345711
5627,0.033524713840607095,0.015632018065747183,0.9126640929359289,0.03817917515771686
5628,0.020543794210744117,0.0020838637783363377,0.9035376722433285,0.07383466976759114
5629,0.7960987198177698,0.00024943892235926513,0.10636370514821683,0.09728813611165396
5630,0.22742525249699158,3.8482789238443854e-05,0.0006131201576404264,0.7719231445561295
5631,0.001742392943348244,0.9008744547358472,0.0969835186664349,0.0003996336543696467
5632,0.0002447206949841362,0.9146756285516169,0.08491756663989371,0.00016208411350529365
5633,0.08009121139445566,0.05321568674009347,0.8329078806541771,0.03378522121127388
5634,0.0003745552480398375,0.9048281556471172,0.09455595422479829,0.00024133488004464263
5635,0.0004896554177505634,0.8983851874825443,0.10086381223633945,0.00026134486336556773
5636,0.058072746559154086,3.914120057111595e-05,0.3269012960363621,0.6149868162039127
5637,9.912034915226181e-06,0.9985975512668878,0.0013919656939241779,5.710042727566312e-07
5638,0.00037253989680184206,0.9406542934119332,0.05883063990022638,0.00014252679103861614
5639,0.12248912102127683,5.2890385501644775e-09,0.00016492300659975986,0.8773459506830847
5640,0.005365531820722723,0.4113474706447337,0.5777152894966947,0.005571708037848842
5641,3.60469263854058e-05,0.9930578226286272,0.006900223229347978,5.907215639451418e-06
5642,0.6924720543198633,0.0017351122178128362,0.10424287446262809,0.20154995899969588
5643,0.0002158573140987454,0.8634824241160948,0.13608403660420137,0.00021768196560521182
5644,0.0003251431106196185,0.9105612987979493,0.08872247501027439,0.000391083081156663
5645,0.9727858849110028,0.0005995843758616163,0.02458073270541385,0.0020337980077216786
5646,0.03979025889726444,5.382870411160088e-08,0.017778638946636456,0.9424310483273949
5647,0.04370079223246528,0.007681576655110602,0.8156517423024501,0.132965888809974
5648,0.018916856646859045,0.01803326652584203,0.9363402951746497,0.026709581652649077
5649,8.278318041522124e-05,0.992598948696577,0.007316111749429462,2.1563735782872334e-06
5650,0.0391139211858276,0.006892219200477682,0.8504204284366829,0.10357343117701179
5651,0.0008154273378795537,0.9939578137913804,0.0052247439362665135,2.014934473719716e-06
5652,0.00010708775087570516,0.8970437573399204,0.10267731969677518,0.00017183521242845393
5653,0.05784858063467867,1.9188982142951533e-06,0.0423593832937725,0.8997901171733346
5654,0.046516325384030124,0.29013488559361994,0.6596912554605849,0.0036575335617649333
5655,0.001324315376069234,0.9472882686648184,0.05101229175407197,0.0003751242050404092
5656,0.03375821299244715,1.0807338942861852e-05,0.04944949282463569,0.9167814868439742
5657,0.05474826815978516,4.006496747511448e-06,0.06231806180775091,0.8829296635357164
5658,8.951683217692584e-05,0.9385772848112118,0.06121832046702735,0.00011487788958386748
5659,9.149975045293944e-05,0.8910508591898834,0.10827646013296276,0.0005811809267009722
5660,0.8806949765974156,3.292618883708205e-08,0.0005971343305440932,0.11870785614585161
5661,0.6273643651756791,5.8548093804070976e-06,0.047889964933899125,0.32473981508104144
5662,0.8886363729448893,0.0013900454048356627,0.10359905014227237,0.006374531508002507
5663,0.004440176866692855,0.3522384583049638,0.6364407812413675,0.006880583586975972
5664,0.03715678500237231,1.3886404329901712e-07,0.015164242615242511,0.9476788335183419
5665,0.1247409015406997,0.7375689292197654,0.13698148229635967,0.0007086869431752976
5666,0.5945229382657636,1.0486155055985457e-06,0.00032585885253002704,0.40515015426620077
5667,0.054341829489200855,7.162127436608485e-08,1.273863366094959e-07,0.9456579715031882
5668,0.08337104891434419,0.07291555693376742,0.8258556028096918,0.017857791342196522
5669,0.0002558877991610139,0.849548579224222,0.14930576892726216,0.0008897640493549353
5670,0.006829685397652743,0.01632972509304255,0.9487135099324315,0.028127079576873125
5671,0.6261984877517254,2.0415295534210778e-07,0.00010880393169011743,0.37369250416362904
5672,0.9625709369681279,0.03575333836798621,0.0016659271301679838,9.797533717939188e-06
5673,0.6730599173090598,9.368410165944962e-08,8.553947643771842e-07,0.32693913361207416
5674,0.009110195774183018,0.27683057458271404,0.7066232300911167,0.007435999551986218
5675,7.592108989880054e-05,0.962875262114408,0.0369722349222649,7.658187342842482e-05
5676,0.04040447140263222,0.10435078662460053,0.8344647756993188,0.020779966273448504
5677,9.057469061851464e-05,0.9987680077017881,0.001131968158652224,9.44944894110127e-06
5678,0.03169246351078978,5.528917021101492e-07,0.013095437932158355,0.9552115456653498
5679,0.9615646530945064,8.758699564883034e-06,0.00043988570450695467,0.03798670250142172
5680,0.0032178667108272913,0.9827144741913664,0.013980434116257379,8.722498154897024e-05
5681,0.587314169620494,2.085014588834822e-05,0.12120718412912138,0.29145779610449635
5682,0.00869948989449977,0.020328412018260997,0.934371532434205,0.036600565653034225
5683,0.025581957086976543,0.005240680123334963,0.8517652228571572,0.11741213993253125
5684,9.307976589449035e-05,0.9679838620724772,0.03188554104215754,3.751711947081927e-05
5685,0.012185669145127758,0.17465805134791346,0.8029983646466073,0.010157914860351449
5686,0.04776070978008505,0.9150694420126972,0.03711254456695441,5.730364026346723e-05
5687,0.8296954938576118,0.04670708910858034,0.12241133885762835,0.0011860781761792894
5688,0.0001808470030147166,0.9558019495850973,0.04393708928907571,8.011412281224376e-05
5689,0.8613981356287478,5.7402789793805355e-06,0.0009665573917516946,0.13762956670052098
5690,0.7023543701093169,5.3580933262152174e-08,0.001381360451521508,0.2962642158582283
5691,0.8460439083425604,0.008934818988685075,0.12565459203750237,0.019366680631252155
5692,0.0001835080247158145,0.9960504602525957,0.0037589142136813776,7.117509007278717e-06
5693,0.008264515726803595,3.041944856624236e-08,0.0014325228107433738,0.9903029310430044
5694,0.025887654039451858,0.007026105787107551,0.8674966051184698,0.0995896350549708
5695,0.058085454180181295,0.00415707591469635,0.8049275957634984,0.13282987414162412
5696,0.00022910560025394698,0.9997049097786692,6.598287555399944e-05,1.7455228470832394e-09
5697,0.004297639421759137,0.9940392732796572,0.0016615660230292835,1.521275554258483e-06
5698,0.000964543368978831,0.7860075766945942,0.21152289769608656,0.0015049822403403568
5699,0.03450987685094103,1.3016280550336604e-05,3.852904140569058e-05,0.9654385778271029
5700,0.011039107337911323,1.315553785882934e-08,0.0015303222548942424,0.9874305572516566
5701,0.8701048388929009,0.0007304834220928602,0.09903601543860058,0.030128662246405563
5702,0.08574097078173828,0.01687352017005638,0.8188020344762055,0.07858347457199981
5703,0.06688321059416437,1.4918846377728843e-05,0.31717136665290147,0.6159305039065565
5704,0.0005287727131414845,0.9456143393358803,0.0536882504135308,0.00016863753744747784
5705,0.12754640669904105,3.3256824540338445e-08,7.3221674946282376e-06,0.8724462378766397
5706,0.005974337676864146,0.5340790761049231,0.452597120172009,0.007349466046203822
5707,0.7446712845337178,0.0043573602443401395,0.1942364521112982,0.05673490311064373
5708,0.17934771390355164,8.561021951834448e-09,8.693357104683889e-07,0.8206514081997159
5709,0.007086784882531744,0.2519769234607711,0.7364055554315215,0.00453073622517567
5710,0.0009901811044764617,0.9703859182729763,0.028553749210157894,7.015141238955352e-05
5711,0.47010314121379343,0.07990862590123482,0.4371560120141696,0.012832220870802026
5712,0.07989925822372698,4.3552508180320955e-06,0.10576519677059705,0.814331189754858
5713,0.10751578821906567,1.53307950056448e-08,0.004077565195472111,0.8884066312546673
5714,1.066374385345747e-05,0.9994746189721021,0.0005146545668202104,6.271722445687714e-08
5715,0.11812061425767735,0.0025684615464498114,0.8399349294633646,0.03937599473250836
5716,0.016584436653403492,2.2953763433483645e-05,0.06623317392322017,0.9171594356599428
5717,0.11381469216051966,8.381645316692052e-06,0.19458092001456814,0.6915960061795955
5718,0.0005067850958541336,0.9500164765974106,0.04934122672002567,0.000135511586709649
5719,0.06464898955499246,2.161101627548332e-08,4.703801762384352e-08,0.9353509417959738
5720,9.315718729848192e-05,0.9981740155534851,0.0017313287980025526,1.4984612136589064e-06
5721,0.00014491133787371832,0.9982949426793836,0.0015594296245309395,7.163582117554008e-07
5722,0.019382968920398272,7.547968321631313e-05,0.259391684908211,0.7211498664881744
5723,0.01744825285277712,7.479350315153815e-05,0.1227697766216609,0.8597071770224105
5724,0.8769614757361445,0.007471872564900926,0.10766816073866398,0.007898490960290485
5725,0.01670047518643364,0.0352920819355465,0.9299154485972938,0.01809199428072605
5726,0.06319920769903513,1.802902499530517e-09,2.4339767234411537e-06,0.9367983565213389
5727,0.0011735016073392362,0.9658584277017501,0.032712707660511056,0.0002553630303995424
5728,0.811994347252158,0.0005032440210780494,0.13468034045151825,0.052822068275245715
5729,0.0007642099743847422,0.9527977619710872,0.04595529671814655,0.0004827313363814122
5730,0.8154414294494136,1.1800283160948661e-06,0.001311455048572431,0.18324593547369794
5731,0.7180532781737897,1.332487737741756e-07,0.0028899100062171105,0.2790566785712194
5732,0.09782265737871637,4.317569037504222e-06,0.11309014277251318,0.789082882279733
5733,0.010177783393932046,0.923391131784422,0.06622173327323715,0.0002093515484087664
5734,0.7526038145005897,0.2230739918182755,0.024247188140637376,7.500554049737494e-05
5735,4.9494747687730574e-05,0.9874269814856569,0.012459610140068383,6.391362658685243e-05
5736,0.00032057116473167623,0.9506346223571268,0.04896262975407968,8.217672406191242e-05
5737,0.00011427866469867165,0.9849973102473393,0.014871365048656894,1.7046039305001442e-05
5738,0.11506778083104283,0.004341678024199646,0.7926418279452913,0.08794871319946626
5739,0.08600895357870024,0.00082239481812828,0.6401160425564316,0.2730526090467398
5740,0.0010489682849230914,0.9877738422018492,0.011155839027765735,2.135048546194475e-05
5741,0.07374455676741577,7.826053798314231e-09,5.09585573505135e-07,0.926254925820957
5742,3.154573340601234e-05,0.890713201861875,0.10912778523753948,0.0001274671671795833
5743,0.032718039906145614,0.005650067829406746,0.8885789265304281,0.07305296573401948
5744,0.0005943645457471651,0.8671181165331734,0.13205387625623224,0.00023364266484723008
5745,0.004018307396713278,0.1484396422107468,0.8378776751464279,0.009664375246112196
5746,0.018920195037786008,1.279228932186926e-07,0.01711575646526981,0.963963920574051
5747,0.0003285732013930818,0.9751191977411805,0.024467662445523397,8.4566611903113e-05
5748,0.01134816675694885,0.057177510806646265,0.9173351565163627,0.014139165920042381
5749,0.08456259838013963,3.0462266295845212e-05,0.44734437514795733,0.46806256420560716
5750,0.018054081226135332,4.014290049447263e-11,0.0005811519445435788,0.9813647667891782
5751,0.007703542025702712,0.915658225273907,0.07660943997885553,2.8792721534754794e-05
5752,0.0014265051205040972,0.7498600765018338,0.24851761445766346,0.0001958039199984393
5753,0.00041254076118492074,0.9131073395347333,0.08594072589250437,0.0005393938115771956
5754,0.0016563216488920862,0.1493081590105383,0.8380200059784952,0.011015513362074379
5755,0.05234174376841326,0.00047511236772409816,0.5395866765975851,0.40759646726627746
5756,0.6372770060957277,4.93326354536213e-08,0.00013059473324040507,0.36259234983839644
5757,0.00032271512997347356,0.9854768804735228,0.014168461174973515,3.194322153017375e-05
5758,0.1435504673689438,8.709991056335097e-06,0.00015365209643633263,0.8562871705435636
5759,0.0004239605311543417,0.7899457002402017,0.20903674337592007,0.0005935958527238806
5760,0.08607701173062648,4.2499360854257405e-05,0.25058037384327636,0.6633001150652429
5761,0.8991149859777103,5.234698865036902e-05,0.05609008848726629,0.044742578546373216
5762,6.64075201051747e-06,0.9997472675604352,0.00024602376172194827,6.792583229711979e-08
5763,0.0005504517131802642,0.9327330949577414,0.06558363336853668,0.0011328199605417262
5764,0.007077518347327059,0.6931399058292326,0.2989674839256343,0.0008150918978061625
5765,0.9630300705783836,0.001116032358529201,0.029037913733267178,0.006815983329820089
5766,0.017937098939894834,0.0031785774195029954,0.9049814752070601,0.07390284843354203
5767,0.005317248418982407,0.21135766636586548,0.7745655201030411,0.008759565112111033
5768,0.20121265422930512,2.9790244995329273e-07,0.00409877866639127,0.7946882692018538
5769,6.263022736438326e-05,0.9786757195345471,0.02123685522192851,2.4795016159857936e-05
5770,0.015568069523477916,0.9799499704181823,0.004461521386424319,2.0438671915569116e-05
5771,0.102492403585817,2.384220401913941e-05,0.153215998705879,0.7442677555042849
5772,0.07919599927273359,2.0618418462334138e-06,0.020394585554815818,0.9004073533306044
5773,0.7479981200390491,2.2523592006603673e-05,0.012887017136807993,0.2390923392321363
5774,0.8463299301731643,6.38847292652296e-06,0.020849910631974805,0.1328137707219344
5775,0.0348302408012805,7.316041887666394e-06,0.15410805462793614,0.8110543885288957
5776,0.1028206191732842,0.7852785104203915,0.11062749598022097,0.0012733744261033489
5777,0.0006673662161181736,0.8846029205700159,0.11414323497723503,0.0005864782366309389
5778,0.00046978884862214826,0.9932407872268807,0.006286410442782463,3.013481714658455e-06
5779,0.3133890191238815,0.006307935640219861,0.6214178177284575,0.058885227507441164
5780,0.02394250661089626,0.038336912298261465,0.9245835033550259,0.013137077735816393
5781,0.14172043575725754,0.09611000826175319,0.7295036366265992,0.032665919354390054
5782,0.24679004913365749,0.0006116527245577494,0.3674300786631603,0.38516821947862445
5783,0.04248896556202667,0.0009210052656946118,0.02729103261919213,0.9292989965530866
5784,0.012029097216780719,0.2362217107266879,0.7464343510308079,0.005314841025723435
5785,0.0003859880257647025,0.8955611340742168,0.1032909200541567,0.0007619578458617126
5786,0.004957066933274406,0.17119998106707937,0.8124177469245213,0.011425205075125013
5787,0.11919216676711787,0.07366643017513597,0.734479993607923,0.0726614094498231
5788,0.0001990745698325951,0.9255245796711113,0.07400315621225267,0.00027318954680335424
5789,0.00014769403926492822,0.9324193867215232,0.06719612538163576,0.00023679385757619979
5790,0.4914809221081852,0.0013984227335078216,0.4531933173072234,0.0539273378510835
5791,0.011592457830043593,1.5779931439983424e-05,0.00832825896768349,0.9800635032708329
5792,0.4024039320105805,1.4655387654661932e-07,0.0007959473493675278,0.5967999740861755
5793,0.09683643558410962,2.6443989513704064e-06,0.1330987521028103,0.7700621679141288
5794,0.0017663410184249695,0.8312161842682199,0.1659541254256835,0.0010633492876717335
5795,0.008944447211559896,0.9487817664628097,0.041075327311541544,0.001198459014088793
5796,1.6001468807195543e-05,0.9981348069047071,0.0018469149478529978,2.276678632780367e-06
5797,0.05086774396273884,0.2563818238173979,0.6751535570432488,0.017596875176614457
5798,0.04987615340237538,0.03179911024759617,0.7441800533589344,0.174144682991094
5799,0.00016873060454692925,0.9710381743653987,0.028754090421604508,3.900460844993321e-05
5800,0.01767979121241067,7.151696993802e-05,0.11372277748186596,0.8685259143357853
5801,0.00046671689082376783,0.9307908411854061,0.06837734255183228,0.0003650993719377962
5802,0.045312256750008335,0.0006753845648935002,0.7552961534111906,0.19871620527390757
5803,0.0752093325855461,1.227778373387964e-08,0.011586144791521797,0.9132045103451484
5804,0.002165379946396619,0.8927703450761366,0.10440775274288185,0.0006565222345850022
5805,0.050225435385295183,1.2744594273852555e-06,0.06946721442470602,0.8803060757305715
5806,0.0019022266953126641,2.5014619192413585e-05,0.02331190344550286,0.9747608552399921
5807,0.6995283492448499,0.00022860163352005753,0.1520785492041718,0.14816449991745817
5808,0.028787161345355694,9.463372719099142e-11,6.923649202917087e-08,0.9712127693235186
5809,0.12614190767285108,2.563538842459908e-05,0.3143407267495563,0.5594917301891681
5810,0.0003726793551546819,0.9010876156006542,0.09815013655814067,0.00038956848605032664
5811,2.7749452633798357e-05,0.9765416326636551,0.023420750902300443,9.866981410484332e-06
5812,9.258803372274656e-05,0.9668838583360627,0.03299713154283281,2.6422087381679836e-05
5813,0.052168414291425734,0.7132731178369703,0.23182001009615014,0.0027384577754537578
5814,0.9337487688674732,0.005293638714648418,0.057036153322422276,0.003921439095456132
5815,0.005777238293912329,0.010261282109245644,0.9114374974498008,0.07252398214704121
5816,0.00012527966724283813,0.9429402920651834,0.05672881196129806,0.00020561630627563473
5817,0.09524517614617528,0.0014827960534719927,0.23605004162262572,0.6672219861777271
5818,0.0001784272178035509,0.9586356313746064,0.041104525500233274,8.141590735673744e-05
5819,0.9832723106614284,0.0002633570290618568,0.011326832699004164,0.005137499610505553
5820,0.5708528917672704,2.0711925157504033e-08,8.00776289154668e-05,0.4290670098918891
5821,0.05601893739342734,4.275641214343177e-06,0.06577710847544305,0.8781996784899153
5822,0.6247764222682061,2.4608401681475295e-05,0.004617634576880702,0.3705813347532318
5823,3.2568512086004533e-06,0.9907971590937151,0.009192823076830847,6.7609782455698184e-06
5824,0.013749575360154313,0.027181557501742934,0.9396934275341136,0.01937543960398917
5825,0.014253024329422428,0.0475393545266018,0.9180893966141705,0.020118224529805214
5826,0.009338547690614941,0.9375260416558481,0.052826256207345997,0.0003091544461911367
5827,0.016226554000481584,0.0002640001911480438,0.043798871080458664,0.9397105747279116
5828,0.14645315778828397,4.06213374103721e-05,0.1295256321666267,0.7239805887076789
5829,0.7005872509462895,1.0652551140493454e-06,4.04070074318073e-05,0.29937127679116476
5830,0.05265472876911812,2.0542647121460663e-05,0.09203268420300098,0.8552920443807593
5831,6.445654393857382e-05,0.9921754422620427,0.007708911877624539,5.118931639417893e-05
5832,0.10779018002256165,0.0009845438181488818,0.08282821329059438,0.8083970628686952
5833,0.106594779104385,6.339805194975749e-08,0.01690406951300124,0.8765010879845617
5834,7.167418728630728e-05,0.9973621148476168,0.0025625103555553244,3.70060954161557e-06
5835,0.011036632071493054,0.010568016279619036,0.9486270101908921,0.02976834145799578
5836,0.09982164013855871,2.5996462296451943e-06,0.08657208289878772,0.8136036773164239
5837,0.12728880737287365,0.0017559161420387936,0.5885716190107467,0.2823836574743409
5838,0.0003329193461791673,0.9813454012654009,0.018270579581209763,5.109980721016248e-05
5839,0.6566867152697369,3.634963311087154e-07,0.00019255058840412067,0.3431203706455278
5840,0.00029579948744710543,0.9583464318846322,0.041250969774997176,0.00010679885292366121
5841,0.4939802035868456,2.4951183418832597e-07,0.0002056986832920501,0.5058138482180282
5842,0.0005182663857606025,0.9957914052909694,0.0036845836793506265,5.744643919197906e-06
5843,0.13890315683519966,0.01350964338303208,0.8010043157739346,0.0465828840078337
5844,0.005098322044028659,0.16420930202795314,0.8157603113921793,0.014932064535838915
5845,0.006952455407138867,0.1938245504087901,0.7875856409578215,0.01163735322624955
5846,0.004655689434133637,0.8879278670214267,0.10674970298599203,0.0006667405584476273
5847,0.0012379501624509455,0.927606428705785,0.07099994662395197,0.0001556745078121686
5848,0.002546447356252048,0.09778951447277748,0.8927360853860745,0.006927952784895866
5849,0.017965620128250384,0.00043045741195460826,0.6108360078155604,0.37076791464423464
5850,0.03387511470555302,1.953135371560817e-05,0.003314066070293671,0.9627912878704377
5851,0.0014122708770199553,0.715710726941782,0.2817156961827034,0.0011613059984948223
5852,0.43268526774403376,1.0024722742001951e-06,0.0003430289890311304,0.566970700794661
5853,0.04555463258661972,3.425070628431245e-05,0.33955749723066936,0.6148536194764266
5854,0.0009759873392276631,0.8839087181219228,0.11494390122350132,0.00017139331534811653
5855,0.00022087288418828107,0.9957860845758554,0.0039839789634945385,9.063576461553676e-06
5856,0.44024001688025977,2.6816695184114457e-06,0.021159425817985324,0.5385978756322364
5857,0.004276323059662977,0.9742012775157362,0.021352051859368112,0.00017034756523280246
5858,0.00011100926043519094,0.988233743503008,0.011636283325902226,1.896391065449513e-05
5859,2.029471701885765e-06,0.9974058555164073,0.0025876105406218613,4.5044712689777735e-06
5860,0.018241361561813687,1.1753686073765325e-05,0.15773442514731154,0.8240124596048011
5861,0.9028409425312961,0.00017916552319670168,0.08293515765518805,0.014044734290319286
5862,0.00015957300849695052,0.9919407664613934,0.007886167345204868,1.3493184904782435e-05
5863,0.8905402834581002,0.0010970373954155821,0.09451669368927278,0.013845985457211453
5864,0.18301433849283666,0.0258897313210593,0.7638746423816667,0.027221287804437385
5865,1.3727264607189949e-05,0.9789648560346749,0.02100623674603322,1.51799546847394e-05
5866,0.4823239422105595,2.507935754795428e-05,0.0009137551525444911,0.516737223279348
5867,0.0006591779173753666,0.9380537404362894,0.06060836279249764,0.0006787188538375212
5868,0.02405529697498397,0.07367734718377855,0.867369717056623,0.03489763878461442
5869,0.001072928250936136,0.85836605936669,0.13993131448274512,0.0006296978996286718
5870,0.000488110702896278,0.928235177559977,0.0710714785780339,0.00020523315909286906
5871,0.0012644103379005635,0.8434620543711334,0.1543913482406265,0.000882187050339336
5872,0.04342176750503749,2.8286783134342235e-08,0.002864723797475021,0.9537134804107044
5873,0.21141455127612518,9.969577206543646e-05,0.05049151512171517,0.7379942378300942
5874,0.05278971749321294,1.584605884537771e-06,0.10621596367982161,0.8409927342210809
5875,0.004722863333832942,0.988111378743052,0.0071348763876819855,3.0881535432931795e-05
5876,7.343913828748894e-05,0.9821344709797667,0.017779947146318458,1.214273562742626e-05
5877,0.12554015475863042,3.4863023259217986e-08,0.011050166293427153,0.8634096440849192
5878,0.05001056458888076,1.3744124415516688e-05,0.12403582142469985,0.8259398698620039
5879,0.03376979564472361,1.1117445106048934e-05,0.04843803661948344,0.917781050290687
5880,0.990869091581805,0.0018037843550459266,0.006591853730630126,0.000735270332519074
5881,0.36108501315152747,0.017021627604988012,0.5692238255742128,0.052669533669271754
5882,0.1987370033533431,1.5114749518534763e-08,0.002428455436649058,0.7988345260952583
5883,0.00010624230445462299,0.9576190042559012,0.04217332825577169,0.00010142518387264096
5884,0.04132173405763896,2.866878044137644e-06,0.04392186847285564,0.9147535305914613
5885,0.6779257558370617,8.441965837681138e-05,0.13710479878850088,0.1848850257160605
5886,4.1799223121576313e-05,0.9581193143452679,0.04160599239374186,0.00023289403786878884
5887,0.00034265359834899665,0.9360616914002005,0.06337657572299138,0.00021907927845909496
5888,0.9422772477556203,0.00042017905244288344,0.03385258067253963,0.023449992519397302
5889,0.003208046155779048,0.9008969478572436,0.09497684565337695,0.000918160333600359
5890,0.22890604180513408,9.573196709701127e-09,0.0008217717768729705,0.7702721768447962
5891,0.07212358301512739,0.003455486962633906,0.8650359046685944,0.059385025353644226
5892,0.019090574183891065,0.07678680269226108,0.8803902102985147,0.023732412825333168
5893,0.7402112385287704,1.3156987969936554e-05,0.017740661669276132,0.24203494281398336
5894,0.005284070574737517,0.8256628257076836,0.16867990072032135,0.0003732029972574131
5895,0.02349758130469412,1.708278684295858e-05,0.01998953922921363,0.9564957966792492
5896,0.5969865448153112,3.949227215985898e-07,0.002364007562103544,0.40064905269986345
5897,0.7820984284740476,1.55224266812625e-09,3.482935645888136e-05,0.21786674061725064
5898,0.041130102821956116,0.0060342345054536645,0.8601415529564311,0.09269410971615893
5899,6.24459429410733e-05,0.9039973566896679,0.09543197763646177,0.0005082197309294333
5900,0.11555418313731391,1.3393304181297678e-06,2.0635498903694566e-07,0.884444271177279
5901,0.05284012127335978,0.5871165482098841,0.34648467577312536,0.013558654743630749
5902,0.13652066323719797,0.007796677030064332,0.8274754108363476,0.028207248896390206
5903,0.00038392462363651055,0.9224368705254585,0.0768954532497358,0.0002837516011692594
5904,0.009541633174029104,0.1535426228352591,0.8176027683267786,0.01931297566393321
5905,0.07900117247745256,0.00023342213485930146,0.23525020235319447,0.6855152030344938
5906,0.00026355307483831163,0.9844545130844978,0.01526562841064158,1.6305430022199555e-05
5907,0.036974392152014035,0.0044073155138686145,0.8641947087262023,0.09442358360791503
5908,0.39248169078101314,0.00041161945452510885,0.4094658393981401,0.19764085036632173
5909,0.03951129419257346,0.0178159198587594,0.9171175482953782,0.025555237653289032
5910,9.768631917997249e-06,0.9958876647556154,0.004100353982775941,2.212629690621814e-06
5911,0.08749176613994981,0.006619228658752407,0.8589064358918627,0.046982569309435174
5912,0.0212440225868815,7.353923214095363e-07,0.002357394090040838,0.9763978479307563
5913,0.8503031445832472,5.789391951489931e-06,0.000560636081469387,0.14913042994333195
5914,0.019208645039706655,0.01371825596961661,0.9382343964416955,0.02883870254898133
5915,0.9427042253563294,0.0034797893694301,0.051685294032106255,0.0021306912421343856
5916,0.000135076958115004,0.9309891434589639,0.0684721958974475,0.0004035836854733948
5917,0.18141669169982785,2.5521516904755227e-05,0.17088124745623476,0.6476765393270326
5918,0.7789697656323187,5.337264702514834e-05,0.06452883440124153,0.1564480273194147
5919,0.916732788988767,7.978071494915544e-06,0.013042370619788178,0.07021686231995018
5920,0.08638450272652375,7.262542651093434e-06,0.036700737997869035,0.8769074967329561
5921,0.0007809071856041183,0.7523308062708439,0.24533023304250515,0.0015580535010466213
5922,0.899542525766071,1.0209932045480773e-07,0.0001532866772728276,0.1003040854573358
5923,0.08026647430857531,0.005662917219669619,0.8612090553490684,0.05286155312268665
5924,4.751388332226947e-05,0.9963223502896843,0.003629196771905283,9.390550881576071e-07
5925,0.6536473756733735,1.3225431493178504e-06,0.0015172959479109213,0.3448340058355662
5926,0.009019649751228428,0.2661819049397841,0.7172224017071758,0.007576043601811683
5927,0.1709277008878767,7.143699684444194e-08,0.0016451818607595837,0.8274270458143669
5928,5.688733385537692e-05,0.8958509007758511,0.10382643378527084,0.00026577810502272683
5929,0.9771464257795536,0.002465067506171136,0.01977473374005038,0.0006137729742249059
5930,0.0009366490289317081,0.8022627495593698,0.1964161606003052,0.00038444081139331966
5931,0.0006945040899498986,0.961869001192923,0.03738381234706997,5.268237005723702e-05
5932,0.03247398062221429,4.42678812188761e-06,0.02892060753351875,0.9386009850561451
5933,0.008993998490745817,5.72311485630903e-09,0.0005209237143421996,0.9904850720717971
5934,0.7880767027295473,0.00035982960127961235,0.10936189321687573,0.1022015744522973
5935,0.0007886397255706661,0.836806820635382,0.16155633953777132,0.000848200101276084
5936,0.0003408266179204093,0.9279033344246305,0.07159996923142849,0.00015586972602052852
5937,0.939374391175912,0.007214368710780855,0.05222443099138977,0.0011868091219172348
5938,0.01408993916180098,2.0707935424825426e-06,0.00025475082202490776,0.9856532392226316
5939,0.00015818345646740077,0.8754631227380257,0.12424172026119101,0.0001369735443157771
5940,0.8849770566800825,0.03421497112905761,0.07915694931020915,0.0016510228806506035
5941,0.0034616081996073794,7.44048624289738e-05,0.006532838580851822,0.9899311483571119
5942,0.7021093490203554,0.007175643339839421,0.27888632739696634,0.011828680242838936
5943,0.0002909143186390788,0.9354812340650205,0.06404023531446633,0.00018761630187386929
5944,0.24577090522788114,0.04767254683472947,0.6730352319106245,0.033521316026764746
5945,0.9284777600282335,0.00020759565880449688,0.047492670018796035,0.023821974294166114
5946,8.350933081610376e-05,0.9016675526781174,0.09787636026547668,0.0003725777255897195
5947,0.003063397898280757,0.764391244410232,0.23204419159142356,0.0005011661000637735
5948,0.9486711090565105,0.00012042344981701198,0.01337109597894151,0.037837371514731016
5949,0.995565972499535,0.0017241270223488088,0.0026819516690702394,2.7948809045862864e-05
5950,0.9781025060255006,0.02169267766929511,0.0002009076657163585,3.9086394877396376e-06
5951,0.034918528845621896,0.006807835269216509,0.9231098298773557,0.03516380600780579
5952,0.3637085397902233,1.5168309205648282e-06,1.4669832877691902e-05,0.6362752735459786
5953,0.0008799069203094914,0.993751941787725,0.005334197480182502,3.3953811783058104e-05
5954,0.0895019255375684,7.2652894078182e-07,1.5029502727983432e-05,0.9104823184307628
5955,0.009219877030687265,0.1685554558744532,0.7975282904572225,0.024696376637637026
5956,0.07808594608054112,3.672087023838662e-06,0.09515889418878715,0.8267514876436479
5957,0.8340130784269865,5.365356178557091e-06,0.011263282195613705,0.15471827402122137
5958,0.3669065815509942,6.413821051017652e-06,0.11795628607223715,0.5151307185557176
5959,0.12641668219749852,4.2234563325391186e-05,0.3500944475646351,0.523446635674541
5960,0.007646392407017349,4.272932121900367e-05,0.06707310474472937,0.9252377735270342
5961,0.10692239388505456,1.1196580151970558e-05,0.1339158741617904,0.759150535373003
5962,0.00016788134244124863,0.9767656455854519,0.023035738933993553,3.073413811350389e-05
5963,0.0016022814925076136,0.9119130372509254,0.08564395587499692,0.0008407253815700959
5964,0.9692856586174777,4.213278346280514e-05,0.0052775612346718835,0.025394647364387467
5965,0.0006326679801441873,0.9548077205631563,0.0443474676261604,0.00021214383053898977
5966,3.436446737816471e-05,0.9976997751656907,0.002256787062838219,9.073304093174736e-06
5967,0.026718412903592982,1.1819624260733324e-06,1.4408481036436395e-05,0.9732659966529444
5968,0.21706399911632696,0.04307157177852947,0.7053252035323946,0.03453922557274894
5969,0.028381004302191783,1.4222698427724594e-07,0.024425776879266475,0.9471930765915575
5970,0.8894032939183336,4.1979534032975535e-08,0.0014945337188933998,0.10910213038323888
5971,0.6772842294690766,0.0013104804317107853,0.27465164601431413,0.04675364408489834
5972,8.808234928926945e-06,0.9972750773901332,0.0027143980043909106,1.7163705471094805e-06
5973,7.022520229385667e-05,0.9114460044331849,0.08837589257583138,0.0001078777886899516
5974,0.07832289360353908,6.47438044289864e-07,0.12709275094448186,0.7945837080139347
5975,0.03648927406135052,0.00029731266493297174,0.22406274713592894,0.7391506661377877
5976,0.06593626529249628,9.663762794419147e-06,0.30106730072371424,0.6329867702209951
5977,0.02145011221060098,0.0020958786548171187,0.8372613378404892,0.1391926712940928
5978,0.0324238734000808,3.273578267577346e-09,7.217888827955772e-07,0.9675754015374582
5979,0.0054162830245271,0.13457008465520995,0.8343302622971204,0.025683370023142693
5980,0.48278681509506544,9.850708526710227e-05,0.20863816440814892,0.3084765134115186
5981,0.6986410621063901,0.1052852870925232,0.1923885744070709,0.0036850763940157656
5982,0.18400635695644202,0.0019438635651798312,0.6934094259361195,0.12064035354225873
5983,0.00013248964654998462,0.9475364176459035,0.05222485695213093,0.0001062357554156428
5984,0.0014489143891123944,0.9120414293729364,0.08604015957870043,0.0004694966592507822
5985,0.010151335010660418,0.9847706967314646,0.005071078999952523,6.889257922378626e-06
5986,0.0011267739983702818,0.8656819861252195,0.1324751233788883,0.0007161164975219273
5987,0.0002720265231214765,0.954709884875719,0.04493286879470454,8.521980645508191e-05
5988,0.014816174909620408,0.016622393168749867,0.9236194875822258,0.04494194433940384
5989,0.9200903153549809,0.00012379201024740967,0.026943996788732653,0.05284189584603915
5990,0.8452966346697113,0.0008043901042235189,0.1246671467751848,0.029231828450880497
5991,0.003058712275928329,0.8399305355480547,0.15602747037965703,0.0009832817963598384
5992,0.0008947627103284731,0.9538705558139551,0.044960729424797174,0.0002739520509191046
5993,0.005418031289110904,0.21039751484036265,0.7803863106422908,0.0037981432282356894
5994,0.8050811784025453,0.000845617835309875,0.1664099301058416,0.027663273656303083
5995,0.9849716564716203,0.0017173309886282671,0.012812490878617888,0.000498521661133297
5996,0.15561534472732327,1.9805423782056855e-05,0.033387740948617586,0.8109771089002771
5997,0.51498133279771,4.397542977285126e-05,0.0329319349297593,0.45204275684275785
5998,0.031006267878412114,0.8663641697258311,0.10246568280074941,0.00016387959500737767
5999,0.003054296840817766,0.9452514682846612,0.05135220304999028,0.0003420318245309106
6000,0.01162740870746987,1.71530468816259e-09,6.251434574850336e-08,0.9883725270628796
6001,0.01628706544664945,0.02618209765026848,0.8690721128621769,0.08845872404090507
6002,0.9431868070875409,0.00021208386968321936,0.04148339948108839,0.015117709561687396
6003,0.9466184293829888,8.53300281226119e-05,0.01887197433213802,0.03442426625675046
6004,0.14239403069016363,7.427538253089528e-08,1.1206214515287207e-05,0.8575946888199385
6005,0.5020190469846605,8.126606983557066e-06,0.11898055716534547,0.3789922692430104
6006,0.6930769003337801,0.0016378595673316341,0.001343267832272542,0.3039419722666158
6007,0.00017735794905533272,0.8457326641488883,0.15353217121767454,0.0005578066843817124
6008,0.0013210099414766108,0.8701713314599298,0.1282006382461796,0.00030702035241395205
6009,0.00039897506505181694,0.8908869145322348,0.10850607389535101,0.00020803650736244596
6010,0.9537839796493937,0.003670589305158877,0.04143552110883707,0.001109909936610459
6011,4.544294464710573e-05,0.9864778260357591,0.013448866104434494,2.7864915159474694e-05
6012,0.0002167812853172326,0.9978684792717573,0.0019141341759481183,6.052669772931686e-07
6013,0.6442113210928059,1.0574272944608661e-08,0.00046873574493274956,0.35531993258798855
6014,0.046531586959860746,0.0028322063637521637,0.8480534276960969,0.10258277898029
6015,0.0004746948303926483,0.9508395015367676,0.048225886055217895,0.0004599175776220721
6016,0.025138332966678882,1.913958617030374e-05,0.04882849662642983,0.926014030820721
6017,0.004642095074144491,0.92639305803757,0.06804770253565721,0.0009171443526282343
6018,0.12150844242330179,0.00042642757580595554,0.537409160686614,0.34065596931427816
6019,0.05413237118715368,0.005792391488615505,0.9080337311040064,0.03204150622022448
6020,0.08642071093103615,6.180298585325091e-05,0.4780197265999811,0.4354977594831294
6021,0.00026576252690670794,0.8853953847297181,0.1136634372942705,0.0006754154491046829
6022,0.0024594260473022487,0.4465691972580601,0.5484795208750084,0.002491855819629295
6023,0.33493831255203327,1.0378422113978558e-06,2.253995446854031e-06,0.6650583956103084
6024,0.012694900525436053,0.1139795211116222,0.8399242997922977,0.03340127857064409
6025,0.8210398097944762,0.00012455839134897773,0.06189991792105459,0.11693571389312016
6026,0.08865706252879624,0.00046571480875298265,0.20494952598619107,0.7059276966762598
6027,0.14032710701821605,1.9427370339931403e-07,9.814891758231953e-05,0.8595745497904983
6028,0.007385999086814863,0.9406987277840927,0.05184203745830553,7.32356707868721e-05
6029,0.05917727807370533,0.501642920010482,0.43545424253446413,0.003725559381348386
6030,0.032957530476980704,0.012184395012115809,0.9112977513681274,0.043560323142775983
6031,0.003107105571889075,0.8377476478370433,0.15706982502788386,0.002075421563183698
6032,0.007745099808300465,0.9579000890371981,0.03208532001438595,0.002269491140115468
6033,0.0003225811903522197,0.985567543062808,0.014085123614383358,2.4752132456578393e-05
6034,0.923559841041539,0.0005198155153688565,0.052718814522336906,0.023201528920755207
6035,7.997788632009305e-05,0.9912790932315303,0.008636782438088617,4.146444061008489e-06
6036,0.20493768444665894,7.916880643459397e-05,0.15359935463795749,0.6413837921089489
6037,0.9512809338929229,8.041449878862781e-05,0.008327584000095698,0.04031106760819297
6038,0.39010861501400934,1.5459452947976616e-06,0.010717347696701624,0.5991724913439943
6039,0.9806126026507035,0.0047010042289984035,0.014538372500653646,0.00014802061964460674
6040,0.02791843195853534,3.439730795427814e-08,0.011614887086161731,0.9604666465579951
6041,0.007063894982136188,0.8205826969502374,0.17177671291358404,0.0005766951540423323
6042,0.032867786124516414,0.04505957557089172,0.905973216444193,0.01609942186039872
6043,0.004324050374828363,0.07372745703554248,0.9108902520909037,0.011058240498725445
6044,0.8982902518933837,0.0017640538826815967,0.08273815204374653,0.017207542180187954
6045,3.9214727012507535e-05,0.9911372201610388,0.008815859290195122,7.70582175339033e-06
6046,0.00017795172055490888,0.9796090946339343,0.020129514185324583,8.343946018623908e-05
6047,0.8799527780254803,0.039911507231443766,0.07826186459544195,0.0018738501476337267
6048,0.5861063594601246,0.0048858320156769195,0.3357239154947447,0.07328389302945386
6049,0.002112068077158726,0.8822780862659692,0.1151759841443308,0.000433861512541284
6050,9.035265122148537e-05,0.9872994436517821,0.012602239673841251,7.964023154992011e-06
6051,0.34239090672751915,0.6574654747033537,0.00014359414046767748,2.4428659527725932e-08
6052,0.005562800558435746,0.0008926999593885832,0.6966334360456046,0.29691106343657114
6053,0.00036492815076146965,0.9754783452982403,0.024108115291041766,4.8611259956230674e-05
6054,0.8229591848043023,1.5597800635029004e-07,0.0009477886855669178,0.17609287053212452
6055,0.051296414495835864,0.0008167499242133669,0.6437640608368864,0.3041227747430643
6056,0.00018653186967421264,0.9240604769776007,0.07563500062087763,0.0001179905318474816
6057,0.010685295426896828,0.9175375769375232,0.07137770155411112,0.0003994260814687388
6058,0.5378383729587273,1.250082083655724e-05,0.0579449409896309,0.4042041852308053
6059,0.00014039234790665347,0.9545010884982804,0.045245359126681914,0.00011316002713120995
6060,0.002074859759757478,0.6824236473189086,0.3148514732072072,0.0006500197141267987
6061,0.01398305978809417,0.8867879916844231,0.09880906698840716,0.00041988153907543185
6062,0.003707814097345827,0.6100777523954781,0.383949165433923,0.002265268073253003
6063,0.0007501262964861733,0.8660775772695903,0.13254348172043004,0.0006288147134934272
6064,0.008993162598780883,0.08977532472441191,0.8936278251212233,0.007603687555583851
6065,0.9719422568738952,0.026061735879383867,0.0019856374929729326,1.0369753748017377e-05
6066,0.3577272187391557,0.2179505999656433,0.40154377853763373,0.02277840275756736
6067,0.4877690229059682,0.002251566024865938,0.46065478135975896,0.04932462970940698
6068,0.007144683444254297,0.8382275809133073,0.15435305314522835,0.0002746824972101578
6069,0.00011107813270420994,0.9940981643634976,0.005783594206705677,7.163297092455762e-06
6070,0.7350515781295348,0.012123438743323736,0.24062645269828167,0.012198530428859926
6071,2.1422205323873022e-05,0.9454382645209155,0.05445889585177656,8.141742198389119e-05
6072,0.039314428621681455,0.004434559191878256,0.8864756361373678,0.0697753760490723
6073,0.0059185150351595125,0.09789507823894977,0.8798280623835253,0.01635834434236548
6074,0.0034184620618269257,0.039137878840612345,0.9463425301075752,0.011101128989985509
6075,0.006388262109329373,0.9372410278014085,0.056230961409091555,0.00013974868017046518
6076,0.9366074917502039,5.260856804373098e-07,0.0006632560432697414,0.06272872612084592
6077,0.08379559508003205,1.4414997032587588e-06,0.11324396545781053,0.8029589979624543
6078,0.017489654835932643,3.566611127421905e-05,0.0647090425498978,0.9177656365028953
6079,0.6947322934419881,0.001920596094035833,0.2702183238810448,0.03312878658293143
6080,0.0001251917986708258,0.9892446020925623,0.010611063933990496,1.9142174776563428e-05
6081,0.044933911248931833,4.906162761613561e-08,0.026282982376746228,0.9287830573126943
6082,0.0001836904275006349,0.9612708511029707,0.03838543097670834,0.00016002749282023252
6083,0.0011338738655815388,0.9365296311365785,0.062131589321345784,0.00020490567649431257
6084,0.7888647172252096,0.0002956129159410152,0.1726678456737291,0.03817182418512044
6085,0.13348362311428577,3.497426106735917e-05,0.09665579160248197,0.769825611022165
6086,0.003324674226086931,0.9828370874309434,0.013720706236354406,0.00011753210661522367
6087,0.09886357881826108,0.026428783929237778,0.8629763030037506,0.011731334248750643
6088,0.007228815771443432,0.0923061231386825,0.8865467961417207,0.013918264948153332
6089,9.54259663873696e-05,0.9414882694261342,0.058237552055559784,0.00017875255191879253
6090,0.053196036311758226,3.563222423928603e-05,0.5152452139535233,0.43152311751047917
6091,0.9685443170436684,0.002826144722468583,0.01263554276902862,0.015993995464834307
6092,1.0572077297592683e-05,0.9945302116681501,0.005455105176253258,4.111078298812226e-06
6093,0.22401395925273254,0.7727990741647036,0.0031859871064165487,9.794761471953335e-07
6094,0.015771283684806407,0.017330043501760577,0.9184858888702627,0.0484127839431705
6095,1.0669299770036025e-05,0.9900304268443864,0.009952372164254418,6.531691589183955e-06
6096,0.009545333422332797,0.8715787786668036,0.11822933590640264,0.000646552004460978
6097,0.5646035694814726,0.0005683349771245312,0.27657073704269425,0.1582573584987086
6098,0.9824166891778586,0.0020428622945011473,0.006825835270998329,0.008714613256642039
6099,0.11636581177902734,1.0952514823755317e-05,0.21416964106491432,0.6694535946412347
6100,0.08005766124961017,3.816166694780553e-06,0.15333690931137545,0.7666016132723196
6101,0.8651607431592767,2.3776371044384976e-08,0.0005539667144741452,0.134285266349878
6102,0.0035997975664109083,0.22827309878689542,0.7624374276922642,0.005689675954429445
6103,0.8580257386615214,0.000799455791105518,0.11834288777141502,0.022831917775958176
6104,0.06907959754714697,1.389124430411602e-05,0.11205371498871827,0.8188527962198305
6105,0.010383089433237456,0.029772561323015204,0.9093609519202244,0.050483397323522854
6106,0.0405669249060798,0.9190720342685633,0.03997174799042792,0.00038929283492884694
6107,0.0005753466335651817,0.8907422048993927,0.10809891375452868,0.0005835347125133308
6108,0.0743655920182323,1.7860792663988675e-06,0.05100144416830532,0.874631177734196
6109,0.951271910148745,0.01872433906337782,0.029473331387864895,0.0005304194000121514
6110,0.8236350068073741,0.005781431978712502,0.1572168333898047,0.013366727824108537
6111,0.03866675969717311,1.3174496054526453e-05,1.654445359838601e-05,0.961303521353174
6112,0.0004249942715139553,0.9888945120837919,0.0106524003358239,2.809330887052195e-05
6113,0.706608874632315,0.00153188808760712,0.2365297749720512,0.05532946230802688
6114,0.0003229121869018313,0.9041335209330178,0.09544144921472045,0.00010211766536012916
6115,0.01855364054166374,0.7894745545821688,0.19128613492236202,0.0006856699538055024
6116,0.0331182348283055,3.672749102346004e-05,0.08800099133563935,0.8788440463450317
6117,0.8627116429835794,1.9752166026378104e-07,5.881296613371423e-05,0.1372293465286267
6118,0.12943811689468238,2.5799324955361404e-07,0.053645631383126335,0.8169159937289419
6119,0.002717734829006451,0.8582066833645668,0.13882625773778023,0.00024932406864638874
6120,0.0010654873844314272,0.9562758704056065,0.04224473131882322,0.00041391089113895736
6121,0.031241576627079742,0.008260676999949368,0.9045451525289198,0.05595259384405117
6122,7.762700540174111e-05,0.9881409218896174,0.011761408445248494,2.0042659732335702e-05
6123,0.03878185748143588,4.838448192687703e-07,0.020642145017144047,0.9405755136566007
6124,0.07384671900106834,0.0027796387442007757,0.8439352788184776,0.07943836343625332
6125,0.000123994269514143,0.9959656345717065,0.003910092577374889,2.785814044620976e-07
6126,0.8944883801843634,0.000781035736158644,0.0958521962972675,0.00887838778221019
6127,1.6963302715138814e-05,0.9860857602254139,0.013889203209294926,8.073262576006349e-06
6128,0.030922068504805538,2.6154883037787677e-05,0.010777158932576723,0.9582746176795799
6129,0.0010765624615307308,0.9708926473817943,0.02796753974954558,6.325040712940624e-05
6130,0.9743773655620981,0.0061505383194389645,0.01855835275163852,0.0009137433668244497
6131,0.9479638127173733,0.036225665631228345,0.015776473005704658,3.404864569357959e-05
6132,0.06526132615182888,4.188110156440495e-06,0.14348293764490969,0.791251548093105
6133,0.2637643710494201,1.1426447052740322e-05,3.5265571379852797e-05,0.7361889369321474
6134,9.750609488627424e-05,0.9980929391391499,0.0018083965241628228,1.1582418010978758e-06
6135,0.00018684169961296688,0.8205121023755926,0.17867492339882093,0.0006261325259736573
6136,0.0013180783169442422,0.9973418312586643,0.0013397973504984135,2.9307389305525524e-07
6137,0.29811607755700587,7.768693744332818e-05,0.17894166563486655,0.5228645698706842
6138,0.0002333009058963412,0.8847666592845955,0.11480312402251196,0.00019691578699626523
6139,0.1146099648687286,1.2029664722031171e-06,0.0011198502813627024,0.8842689818834365
6140,0.03561124701566204,8.055919165654446e-06,0.00014195304908625963,0.964238744016086
6141,0.016857528347089038,0.7461855021088076,0.23171272458856457,0.0052442449555387665
6142,0.013962711521168757,0.006606934381849234,0.9195230025034298,0.05990735159355222
6143,0.0014570619276014162,0.8107679989497417,0.18711027389306828,0.0006646652295886346
6144,0.03850950337793199,0.0003621480780878482,0.09797642509918206,0.8631519234447981
6145,0.03426408175967548,0.004967297955291829,0.8644992703667337,0.09626934991829889
6146,0.7108649125207784,0.032508944692094956,0.25485492465022996,0.0017712181368966548
6147,0.01617828261244789,0.003944890653010482,0.8033028017649381,0.17657402496960356
6148,4.830700418252138e-05,0.9902514630493415,0.009667840624018667,3.238932245702958e-05
6149,0.07211064855985574,1.2154105765343955e-07,0.011545012684013168,0.9163442172150735
6150,0.01438641157018625,4.302758399626802e-06,0.02116669446966374,0.9644425912017505
6151,0.00022375473524092072,0.871323131321533,0.12809886299333786,0.0003542509498881197
6152,0.9621567216841005,7.292226743813973e-07,0.0003690720504676703,0.03747347704275765
6153,0.00039899021693990555,0.7958306741685909,0.20327260256759053,0.0004977330468787806
6154,0.5092914057676303,3.017603703420614e-06,0.011049501847685035,0.4796560747809813
6155,0.0740096345228047,0.005179434889929049,0.8715793325631807,0.04923159802408555
6156,0.0005328430173160833,0.8864703333321211,0.1128006240660897,0.00019619958447322585
6157,0.5417738031249435,2.158126066618115e-08,1.0076314737326021e-05,0.45821609897905863
6158,0.0002119133928094967,0.8997618875467337,0.09986061805300696,0.00016558100744988827
6159,0.00014365304966660174,0.9603195233784368,0.03948601217944889,5.081139244754469e-05
6160,0.7409439493727872,0.00014185011906658066,0.09285495824661705,0.1660592422615293
6161,0.8671915114102384,0.0010226510635695661,0.09498025909848795,0.03680557842770393
6162,0.045382872188528,2.306352295161768e-05,0.35845591391993825,0.5961381503685822
6163,0.0009259158377852066,0.9145785962494322,0.08438703528948725,0.000108452623295232
6164,0.8936584519299428,2.308871106446821e-05,0.02567014222094468,0.0806483171380482
6165,0.09424561217502869,7.801534309605308e-05,0.1559674757679811,0.7497088967138942
6166,0.10924391532599538,5.6572297852236566e-08,5.795003063987906e-07,0.8907554486014003
6167,0.01856016742319979,0.9207182602454179,0.05824655272819116,0.0024750196031910554
6168,0.8231027893191606,2.1462369892211328e-05,0.06621446274795073,0.1106612855629964
6169,0.2671980974545313,0.0001366620125872147,0.3549722875797297,0.3776929529531518
6170,0.014275803201172799,0.03172706640168774,0.9108607210039895,0.04313640939314986
6171,0.9500422790023625,0.04114921226445869,0.008646045032962579,0.00016246370021597047
6172,0.00019852037103968475,0.9910931248285754,0.008673854821899954,3.449997848492529e-05
6173,0.00857196805473016,2.787178488412557e-09,3.5629860200370084e-07,0.9914276728594893
6174,0.8877825335865324,0.0023300983927156864,0.08089429202986932,0.028993075990882477
6175,0.0037508551736056615,0.9096653325802895,0.08634455516148279,0.00023925708462210714
6176,0.0005882558485471561,0.9786939778537943,0.02056280257260649,0.00015496372505192381
6177,0.030006724480704412,2.915936523866789e-06,0.1478472728833816,0.8221430866993902
6178,3.189492145414529e-05,0.9988641120079957,0.0011002070604742328,3.7860100759536897e-06
6179,0.0008391365658533814,0.765935651974403,0.2323090689388753,0.0009161425208680886
6180,0.0002625337296801924,0.8386470183364435,0.16091414764610049,0.00017630028777565116
6181,0.026086108175253718,9.439375614427397e-05,0.2398402138908577,0.7339792841777444
6182,0.8752379161507268,0.00010114728371257855,0.08290324859382674,0.04175768797173388
6183,0.0006796164267208414,0.9070765359031481,0.09202366243721152,0.00022018523291945848
6184,2.009802852983099e-06,0.9968052482158682,0.003192171604690242,5.703765884539943e-07
6185,0.0004099503324843709,0.9509051489883908,0.04862690592432184,5.799475480285535e-05
6186,0.3799768752933561,3.237927962513702e-08,0.001023967330451675,0.6189991249969127
6187,4.0312888729167105e-05,0.9958466658772689,0.00410523820422169,7.783029780186544e-06
6188,0.8006881389720438,4.56948443121706e-05,0.10649214605132377,0.0927740201323202
6189,0.04248464888932239,7.868003214835658e-06,0.09464338231741527,0.8628641007900475
6190,0.038551772726702925,7.436528726314366e-11,3.531073913635163e-05,0.9614129164597955
6191,0.000414079538273933,0.9494073952609312,0.05012672478232555,5.180041846937463e-05
6192,0.12802192824626155,1.1114936884395456e-05,0.2087906904315649,0.6631762663852891
6193,0.003043962025431562,0.916723519373298,0.08002045411433573,0.00021206448693472942
6194,0.7969990068008797,0.046325008755747805,0.1552529255603116,0.0014230588830610239
6195,0.46032532075002325,2.40630103580951e-07,3.01244970001046e-07,0.5396741373749032
6196,0.028001599940209256,8.251149285224742e-06,0.03315418166501565,0.9388359672454899
6197,0.017561690688184816,0.023161478180119363,0.9161894091855965,0.04308742194609914
6198,0.6438826567360697,1.822145775317895e-06,0.035794535338967565,0.3203209857791874
6199,0.05548534206406554,4.616818013581893e-08,6.328133286413338e-05,0.9444513304348902
6200,0.005270669292862468,0.2890588251411628,0.7022990643137951,0.0033714412521795955
6201,0.055290268713257984,0.003501080719795898,0.04954176735540214,0.891666883211544
6202,0.00013966713568422173,0.8746004575054811,0.1246817784540978,0.0005780969047368581
6203,0.9368127451503843,0.005076534348313422,0.056518857506337665,0.001591862994964576
6204,0.9443361243651668,0.03298208816391103,0.022531726225456728,0.0001500612454655075
6205,0.02642683411689623,5.8297759264986415e-05,0.26911353777698305,0.7044013303468557
6206,0.10020697123304115,0.004991578399342181,0.8307382886519357,0.06406316171568091
6207,0.05420026067620592,0.01717693860349795,0.8550386487983938,0.0735841519219025
6208,0.9376021726386283,0.00017578927763810167,0.03440908588415557,0.0278129521995778
6209,0.8190301478759657,3.176001692585125e-05,0.05463548847745736,0.1263026036296509
6210,0.053338942686204614,0.7239233376984184,0.22169688369598506,0.0010408359193920839
6211,0.0007154653844507608,0.9293782130933707,0.06947979321764483,0.0004265283045338346
6212,0.660695021713691,0.3316243181129833,0.007662605940404881,1.805423292084258e-05
6213,0.8157479189964255,0.0014340535358708627,0.16493852846218626,0.017879499005517264
6214,0.08875810674955462,0.02034415233473428,0.8641093918155193,0.0267883491001917
6215,6.461828730971077e-06,0.996462973444297,0.0035280297784812133,2.5349484907940493e-06
6216,0.00011902858312450593,0.998102733576709,0.0017767151683173994,1.5226718492485158e-06
6217,0.0023293410042107675,0.9812247063839696,0.01642534795219623,2.0604659623399848e-05
6218,0.07251568426148057,2.7718421479566953e-06,0.040509920710707456,0.886971623185664
6219,0.5514311470982566,1.7080403496411263e-05,0.01344089054888621,0.43511088194936076
6220,0.6728948911389563,1.1862386481683855e-08,0.0015025256429906178,0.3256025713556665
6221,0.06451690244811949,1.9994881075813556e-11,3.7861314690031667e-07,0.9354827189187387
6222,0.931345236482861,2.7590598001124552e-05,0.022935818255856378,0.04569135466328137
6223,0.016924471387989765,1.8758245110775412e-05,0.1574871243657133,0.8255696460011861
6224,0.19913797892577037,6.9874058857837146e-12,7.594227270806094e-05,0.8007860787945342
6225,0.00018237273317437674,0.8157478485883126,0.18383089878665237,0.00023887989186046582
6226,0.0004075907251730786,0.8666436048086257,0.13196710247215432,0.000981701994046865
6227,1.1892173243213461e-05,0.9993102495131974,0.0006768258094494701,1.0325041098501945e-06
6228,0.11581351914743421,0.0008789264137246586,0.2292648325946603,0.6540427218441808
6229,0.6429779194506313,3.954143800532554e-06,0.052362821758049787,0.3046553046475183
6230,0.0641194075157455,5.499771580393161e-06,0.16788458919669208,0.767990503515982
6231,7.2682694208550094e-06,0.9932255881389364,0.006762542448579427,4.601143063305281e-06
6232,0.1289716840068674,4.1089212628121174e-07,0.030203046576961306,0.840824858524045
6233,0.000508776531762897,0.7560197162612127,0.24239447219091714,0.001077035016107469
6234,0.8235297752256463,0.001710907275534139,0.15927960451340298,0.015479712985416748
6235,0.0013654465932819656,0.6626086783394829,0.3348255125678403,0.0012003624993948935
6236,0.017671448751880033,0.9801624866451139,0.0021642279983308077,1.8366046752767833e-06
6237,0.5195123517214939,1.1820873750041805e-05,0.06923630723902166,0.4112395201657343
6238,0.7347463587854596,2.957311484837397e-06,0.004769051649289418,0.26048163225376614
6239,0.062355903305910995,1.1228819720132172e-05,0.06641683408912341,0.8712160337852455
6240,0.2259897087389974,0.008264713426109425,0.7234350832197082,0.04231049461518498
6241,3.7048111272891985e-05,0.9878808906238227,0.012076159886859124,5.9013780455166315e-06
6242,7.770721163975208e-05,0.9735668706037652,0.026331369244269372,2.405294032561318e-05
6243,0.13528386994909433,0.006864810425996091,0.8324804648777538,0.02537085474715568
6244,0.27555002637473097,1.121995284856807e-05,0.0019023795799189955,0.7225363740925015
6245,0.0117079686877536,0.9107434919683316,0.07668597408444844,0.0008625652594663808
6246,0.27177920575929143,5.077156702756309e-06,0.1163213601479406,0.6118943569360653
6247,0.01830914674564062,7.618318961248887e-06,0.019823241302030968,0.9618599936333672
6248,0.0005086438876383419,0.8055637621751812,0.192714048765053,0.0012135451721274973
6249,0.00048533379146175536,0.8920966899818502,0.10717544154109475,0.0002425346855933145
6250,0.0006206448547236189,0.9756706475079316,0.02365066962286619,5.803801447850994e-05
6251,0.10523386795761938,0.0008941498050006268,0.6711517317150894,0.22272025052229047
6252,0.4019476504898107,2.356439964350557e-09,0.00011023475636044795,0.5979421123973888
6253,0.00038874620424233304,0.9301040567392949,0.0693654745425366,0.00014172251392618676
6254,0.005616426536190371,3.8440393369167974e-10,1.5539496191110743e-05,0.9943680335832147
6255,0.9505732164205164,0.028563138750848125,0.020752965795473838,0.00011067903316149364
6256,0.026545113364799273,0.018805802659938583,0.905101338075655,0.04954774589960737
6257,0.0023577419401716623,0.11869789166371778,0.8721108602594032,0.006833506136707322
6258,0.8777514594162749,0.00028429663961102226,0.09191554572430355,0.030048698219810623
6259,0.00046554054575282907,0.9245074964399428,0.07465629239446656,0.00037067061983795464
6260,0.3529167801398454,0.002285715966044661,0.3649627936877463,0.2798347102063636
6261,9.777275383211911e-05,0.9668747730016521,0.03293434235940187,9.311188511400284e-05
6262,0.1371082827706494,1.913758723447246e-05,0.31652309325430655,0.5463494863878096
6263,0.0005109346721867518,0.7817563579080583,0.2168551028790259,0.0008776045407289964
6264,0.0005552675649565451,0.9846940505583965,0.014721482644587825,2.9199232058984943e-05
6265,0.07249960591798169,9.8756462561801e-07,0.00807110411452775,0.919428302402865
6266,0.0009623157194018787,0.8477504565053386,0.15081676359470889,0.0004704641805504241
6267,0.6274484424499527,0.37060287984153356,0.0019433630806587362,5.314627854896638e-06
6268,0.0003214874917061056,0.9268980034195626,0.07262861440093372,0.0001518946877976705
6269,0.00024085513500814575,0.9053671679606233,0.09424324123757631,0.0001487356667922078
6270,0.008303695145196143,2.2093855745565686e-10,5.5359751492154254e-06,0.9916907686587162
6271,0.032377967399601706,0.02449675465331965,0.8967587336648004,0.046366544282278176
6272,0.84755616623093,1.425511339340055e-05,0.02130370717677285,0.13112587147890378
6273,0.0006436414389726719,0.7874663512281326,0.21095974391755884,0.0009302634153359823
6274,0.00023131713419879073,0.9465859403066731,0.05297878861756428,0.0002039539415640524
6275,9.120756887439079e-05,0.9982152274163489,0.0016929117518629062,6.532629140157773e-07
6276,0.2554232933882153,1.795507637042495e-09,0.0007377851913799563,0.743838919624897
6277,0.9209564497406107,0.0014981895859761147,0.07411476273367512,0.0034305979397379867
6278,0.019933491745146633,1.4467216595141197e-06,0.028654751158971727,0.9514103103742221
6279,0.0223424344153129,0.20562881841459157,0.758358675074017,0.013670072096078551
6280,0.7849933218743256,0.00025526077097042725,0.1172155349151463,0.09753588243955777
6281,0.012199611257197204,0.06473895551160572,0.9172800415091612,0.005781391722035771
6282,0.01621235090640949,0.04081067371617492,0.9076104294011577,0.03536654597625805
6283,0.12000109365527623,0.09005464690865171,0.7430418475067861,0.04690241192928591
6284,0.6045214549917439,2.1261337954595635e-07,7.016973478495218e-07,0.3954776306975287
6285,0.7541166822944464,1.4642889202573596e-05,0.011714899269365439,0.23415377554698558
6286,0.9176600978141285,0.0012044785612518609,0.07441646353963802,0.006718960084981599
6287,0.3891980131672652,1.6245825823259993e-06,0.00010222507059931463,0.6106981371795531
6288,0.8099144430526367,0.0011348732769383913,0.08176764615436947,0.10718303751605551
6289,0.005297376673679607,1.586457101842929e-10,5.6409001130662595e-06,0.9946969822675618
6290,0.021793167963215777,0.8532539777456536,0.12456946124016953,0.00038339305096095
6291,0.4862657705502076,8.238323953658179e-08,0.00015888140422008423,0.5135752656623328
6292,4.276591572549357e-05,0.9791228796670425,0.02079899492456268,3.535949266915399e-05
6293,0.00037498649697081883,0.8690265393755892,0.13030177649357708,0.00029669763386301916
6294,0.5705526297588059,9.657425665006722e-05,0.17041524898506402,0.25893554699947996
6295,1.044713305107974e-05,0.9879027313292074,0.012075887478437856,1.0934059303530794e-05
6296,0.06773358148500937,0.002660478209382173,0.013872983868609575,0.9157329564369988
6297,0.0002844560776162157,0.9666466047553467,0.03303907559564253,2.9863571394549685e-05
6298,0.000370079502562327,0.9100813825773707,0.0892531751035152,0.00029536281655170594
6299,0.5149190681378594,0.003916608668832066,0.4474515263671886,0.033712796826120016
6300,0.9598821420436097,0.0001597490989933592,0.022183737926115853,0.01777437093128127
6301,0.3090958326182006,0.04108878667224502,0.6341285706650662,0.015686810044488197
6302,0.0174102671921169,0.8263873685809874,0.15575624811967242,0.0004461161072234327
6303,0.11840298787294383,6.759192991601026e-06,0.014769906302860104,0.8668203466312044
6304,0.030099253327341948,0.026665204865327082,0.9152842155515589,0.02795132625577203
6305,0.05633048211555548,0.23535488442427782,0.7050704623408951,0.003244171119271547
6306,0.00015943755467470662,0.9373607968178016,0.062389732583223945,9.003304429983764e-05
6307,0.8586003876348534,0.000249824824705172,0.09417774862964662,0.046972038910794815
6308,0.030146670562247405,0.0003490309450965851,0.6740107072268186,0.2954935912658375
6309,0.26447265165246653,4.895528806209022e-07,0.001930523992230153,0.7335963348024227
6310,0.020685560671755907,0.06243407302284399,0.9012463919848085,0.01563397432059164
6311,0.07713222247979738,1.6348868568494938e-08,2.0352338582048546e-07,0.9228675576479483
6312,2.6940040267156633e-05,0.9987956113457931,0.001176545721670897,9.028922687951258e-07
6313,0.02779985386437609,2.0394532121641552e-06,0.02328192569695045,0.9489161809854613
6314,0.3980784989138242,4.1851929261648686e-08,0.00011483259229408958,0.6018066266419524
6315,0.5980234747669896,8.928129861272194e-05,0.013652107179275338,0.3882351367551223
6316,0.7723289818144853,0.00012782692049318847,0.15744531075358328,0.07009788051143838
6317,0.031563279092047584,5.671947309843116e-07,0.03600466425901304,0.9324314894542084
6318,0.7561958366198368,3.2276134056258553e-06,0.009794710462340343,0.23400622530441723
6319,0.13902224351084455,0.00034531339383307003,0.07023853874723185,0.7903939043480905
6320,0.001360280893861001,0.9736042856279201,0.024764039471958675,0.0002713940062601796
6321,0.01760124440693396,0.8920721040727118,0.08967809470917815,0.0006485568111760743
6322,0.013878553453341446,0.861245091662252,0.12399787507121252,0.0008784798131940091
6323,0.8569417426953977,1.8853261733511211e-06,0.0041589343030607965,0.13889743767536822
6324,0.00024115662012349622,0.9091206614334709,0.09045529241142879,0.00018288953497692367
6325,0.00010296366935511113,0.9680449687343488,0.03181519828755825,3.6869308737713166e-05
6326,0.0009491885207320124,0.8514090857163362,0.14702857298835326,0.0006131527745784964
6327,0.0004967712364681608,0.9191996502256473,0.08016034307653926,0.00014323546134499893
6328,0.015480918962792141,0.9285834624626638,0.05588965866809854,4.5959906445413424e-05
6329,0.6353800391050403,1.7784735758286972e-07,0.005014919605256022,0.3596048634423461
6330,0.00017669076601374697,0.9169953299632512,0.08232994441337449,0.0004980348573607016
6331,0.8887702768468727,0.009262307264356878,0.10065882564131232,0.0013085902474582493
6332,0.011190999136362994,0.07247361021501997,0.9109431533549035,0.0053922372937133985
6333,0.7718615692199963,0.0067406048390323894,0.21507714267136843,0.006320683269602927
6334,7.607586007563747e-05,0.98742821260194,0.012458984886106422,3.6726651877861194e-05
6335,0.800411913834959,4.223894602285442e-10,4.903480168146299e-05,0.19953905094096988
6336,0.6360154525532606,0.1078047937136374,0.24997049859202125,0.006209255141080741
6337,0.0897004687252724,0.00112308617982446,0.7572468717403293,0.15192957335457374
6338,0.006684559106595204,0.12482913547938085,0.8583795034409771,0.010106801973046758
6339,0.04327197804899956,6.796392093778362e-07,0.0327708202750293,0.9239565220367617
6340,0.8304779249177154,1.1070558724039905e-05,0.006992033924225436,0.16251897059933518
6341,0.017655525520950666,4.651801262167387e-05,0.00030802730026995343,0.9819899291661578
6342,0.0007027570582522188,0.9808832232178781,0.01821106755766601,0.00020295216620361072
6343,5.5034835058964904e-05,0.9840296308270079,0.01589690421308449,1.8430124848528808e-05
6344,0.8722032810323116,0.0017342826023501832,0.11906075082307971,0.007001685542258563
6345,0.0989503615431295,0.0020575294955402054,0.5694553293909385,0.3295367795703919
6346,0.15735725286057473,0.0010470233635384949,0.3794860954420593,0.46210962833382757
6347,0.004106028104848517,0.975407058819757,0.020409388762116242,7.752431327832811e-05
6348,0.9753634380320925,0.021209164063484425,0.003295950474972187,0.00013144742945088144
6349,1.6739747196159705e-05,0.9823975647692524,0.017571306963987662,1.4388519563714912e-05
6350,0.000439081128906997,0.9877406839010264,0.011814112302266198,6.122667800486512e-06
6351,0.013548089175442035,0.531008721429222,0.4514528094974018,0.003990379897934099
6352,0.0026827643419110297,0.8428294680928812,0.15378487995901083,0.0007028876061968245
6353,0.01829083105358962,0.01206784140490684,0.9199533204720561,0.04968800706944748
6354,0.001720078516264032,0.9863356657066579,0.0119327237716132,1.1532005464925435e-05
6355,0.029354008753090816,1.0289484146906372e-05,0.05174514857001651,0.9188905531927458
6356,0.2330465367640267,0.04383061332405792,0.6768442337550518,0.04627861615686373
6357,0.004284883076098334,0.9447422369030841,0.05093738994657427,3.54900742433636e-05
6358,0.9954730168473188,6.977753064805256e-05,0.001687591118210207,0.0027696145038229743
6359,0.17464159699488566,0.0003291944802471614,0.6052806990043912,0.219748509520476
6360,0.00019194121445064618,0.9401991918156636,0.05954128882206451,6.75781478212593e-05
6361,0.05530122568192377,0.00762199484494795,0.8983780015917484,0.038698777881379924
6362,0.0002572503517602077,0.9570302818153066,0.04241298133967986,0.00029948649325336487
6363,0.048485727594799716,1.902489262077644e-05,0.06964325108962084,0.8818519964229588
6364,0.007342059997467743,0.8929106777893439,0.09919799171278834,0.0005492705003998984
6365,0.5419355884643945,0.0015163312591563913,0.2830865837104595,0.1734614965659897
6366,0.0016896819972989656,0.8934198312763426,0.10415031177516958,0.0007401749511886394
6367,0.053491476830497695,9.14528692733139e-05,0.43118184069232685,0.5152352296079021
6368,0.45529641897485496,2.1137457661700288e-07,0.00015073774261895262,0.5445526319079494
6369,0.04555008839203141,1.0510400241412142e-05,0.18068683417607562,0.7737525670316516
6370,0.002082768993217021,0.9184879780379074,0.07884472156366029,0.0005845314052153389
6371,0.0011175436481235534,0.9001051463448108,0.09855652199746472,0.00022078800960103373
6372,0.05376425714829005,1.2525157043417948e-06,0.058823167709392554,0.887411322626613
6373,0.00010839525668466552,0.8821010930300174,0.11762476398889962,0.00016574772439817778
6374,0.09870779957817086,0.0047843639594748015,0.8400978751407874,0.05640996132156678
6375,0.0013439482993120315,0.7513503542897274,0.2467997689688382,0.0005059284421224275
6376,0.0001724455759980728,0.9635084038485172,0.036145835884603864,0.00017331469088089388
6377,0.00020147235649059625,0.9555312811284478,0.04414561921096148,0.00012162730410011884
6378,0.9974650653175317,0.0006149600492231957,0.0002149205253300882,0.0017050541079150511
6379,0.0004370032025675666,0.858671371468288,0.1404051145970776,0.00048651073206678735
6380,0.3893437987396229,0.0001789937961796118,0.28094919791835965,0.3295280095458379
6381,0.00013008768787995848,0.9464691320143974,0.05325678472442685,0.00014399557329579032
6382,0.0007475114184806942,0.8971553556995101,0.10143773248685993,0.0006594003951494456
6383,0.04520677744847607,0.0006936575935838223,0.6253491044454201,0.32875046051251994
6384,0.00011495638428280793,0.9917430061429316,0.008139480929193166,2.5565435922552726e-06
6385,0.83201215776183,1.3639781438038427e-06,0.012277216831177173,0.1557092614288491
6386,0.0026952292011107617,0.4899822208488697,0.5044891689014972,0.0028333810485222113
6387,0.026213573687748397,0.00021680390337768776,0.2946391607338622,0.6789304616750117
6388,0.9539463738400696,0.00027712565724587396,0.035773998809261756,0.010002501693422714
6389,0.20706870653248852,0.00024369970997821508,0.6297940178309676,0.16289357592656573
6390,0.09748169317535382,6.436676474681096e-09,1.7015061106092604e-07,0.9025181302373587
6391,0.019418977678402578,0.1254031780639932,0.8345048840515165,0.020672960206087842
6392,0.0007348509736434515,0.886076596713713,0.11266796681077382,0.0005205855018697215
6393,0.0014323714647983769,0.8208853247229602,0.1772130850046668,0.00046921880757479266
6394,0.0002518249889287866,0.9938948323144944,0.005847162155020938,6.180541555818219e-06
6395,0.38038411118750143,0.02290006261481482,0.563545368218327,0.033170457979356756
6396,0.006587369464728146,0.027155046809565046,0.9441551214961105,0.02210246222959623
6397,0.09067260641506934,0.04754507981055648,0.8405670524589249,0.02121526131544931
6398,0.05909079970884464,1.1475140874051557e-06,1.2327081622224132e-05,0.9408957256954457
6399,0.05032998649580049,2.6327105660453603e-05,0.29606717759601603,0.653576508802523
6400,5.616514705327636e-05,0.934881844027304,0.0649917937554698,7.019707017299047e-05
6401,0.0030749844327523745,0.9431448513675069,0.05349051775465745,0.00028964644508342553
6402,0.9200609484711952,0.01564738241010324,0.06258551127588752,0.00170615784281387
6403,0.1619934270577945,0.03646949658457194,0.7843149216965367,0.017222154661096833
6404,0.4153558595535116,0.0004317580263984296,0.0047678554717967055,0.5794445269482933
6405,0.04553513780882774,6.415652819316469e-05,0.16108550931653262,0.7933151963464465
6406,0.00015494843731693675,0.9988112272691865,0.0010332722773033285,5.520161931795892e-07
6407,0.004031239420889288,0.3099367562289156,0.6749602276960416,0.01107177665415353
6408,0.0018595082211193994,0.8402658586087399,0.15741206028528076,0.00046257288486005937
6409,2.763604718450057e-05,0.9957761716290453,0.00419048037485224,5.711948917963319e-06
6410,0.15179681435481351,3.57358079575137e-06,0.03737853983147734,0.8108210722329134
6411,0.00017299601711740243,0.9939058145026805,0.005908925153758667,1.2264326443589669e-05
6412,0.00020303328651073233,0.9810717400502241,0.01867513284411027,5.009381915483896e-05
6413,0.0021922195554618666,0.1029913528167026,0.8825240682871249,0.012292359340710556
6414,8.0434509194157e-05,0.941482381176243,0.05837408349142364,6.310082313921525e-05
6415,0.006245438291634992,0.8363911890027476,0.15451362055236798,0.002849752153249464
6416,0.021211384406342515,3.981773850520204e-05,0.3203194999814054,0.6584292978737469
6417,0.0014168627074319458,0.9452566962182632,0.053235845316837185,9.059575746773342e-05
6418,0.057866406246869395,2.7352648315413835e-06,0.08108643428301976,0.8610444242052794
6419,0.00011072813722084421,0.9751136157711461,0.024736973848242912,3.868224339015974e-05
6420,0.12050237346137511,3.420232773222755e-09,7.220812266719868e-06,0.8794904023061254
6421,0.07146982811403467,0.830013078089076,0.09828783879171293,0.00022925500517644335
6422,0.00020001544546810669,0.9818281730003997,0.017951157920400144,2.0653633732068864e-05
6423,0.033807901552668926,0.227350321104125,0.7323128976825172,0.006528879660688888
6424,0.010983596016146705,0.028720737248495744,0.9351335840751696,0.025162082660188136
6425,0.9458145523395978,0.00010340326206555694,0.02618783253502848,0.027894211863308142
6426,0.5294326592593157,7.387947915684005e-08,1.7146819791983652e-06,0.4705655521792259
6427,0.0006138108553284796,0.28041539361407886,0.7150818218887339,0.003888973641858553
6428,0.033243245106793294,2.993331495534851e-06,0.0330179797971421,0.9337357817645691
6429,7.407124291641855e-05,0.9284173986554712,0.07138436933362426,0.00012416076798797045
6430,0.04625649201985268,7.640347846469042e-09,0.00014257625387947172,0.9536009240859199
6431,1.791595118261139e-05,0.9977623713820519,0.002217641402417711,2.0712643477335605e-06
6432,0.04529866670084648,1.4900610652215722e-05,0.17915316270802836,0.775533269980473
6433,0.024528367796129918,0.3396427875666169,0.6253880120709747,0.010440832566278356
6434,0.0003225242604504329,0.9407175913235586,0.058773708424576555,0.00018617599141459532
6435,0.6401786874642517,0.0015187289550717999,0.01604552415480314,0.34225705942587337
6436,0.008301918783751285,4.9848904850210865e-06,0.005875232898404916,0.9858178634273587
6437,0.9338637540275964,4.114806394395327e-05,0.011849774098531966,0.05424532380992765
6438,0.06215901183305763,6.351215535190156e-05,0.3993292756717286,0.5384482003398618
6439,0.005816972065793662,0.7743373030395799,0.21903890563139414,0.0008068192632321255
6440,0.7965911165027372,0.10278697488131189,0.09178112708839677,0.008840781527554204
6441,0.8310827703616992,0.0488305165852597,0.11676935234936812,0.0033173607036728493
6442,0.6575308909826253,0.068031800620527,0.2666529327637839,0.007784375633063758
6443,0.0024489974980029085,0.9110131674952884,0.08632572021428399,0.00021211479242468694
6444,0.40001091530610267,6.747162670279634e-07,0.0007713628901288502,0.5992170470875015
6445,0.9007305010503058,0.001473951774984795,0.07359567831850791,0.024199868856201415
6446,0.1842536040227577,1.9945088378037733e-05,0.12505686907812208,0.6906695818107421
6447,0.7308011880502621,0.0006879893870870039,0.19179976292021672,0.07671105964243424
6448,0.000438325262972657,0.8624657567854357,0.13652731132572832,0.0005686066258633536
6449,0.002783512105597939,0.8476974837431903,0.1489505927781338,0.0005684113730779148
6450,0.669096460669969,1.843322394469982e-05,0.011825279120571193,0.31905982698551516
6451,0.06090074232147053,0.00033736783204283625,0.0011873934826822832,0.9375744963638043
6452,0.13709453203949354,3.628466541231023e-05,0.06039633386516909,0.8024728494299251
6453,0.00010468285378622127,0.9805208452860732,0.019274216467830167,0.00010025539231028966
6454,0.0009699409448058437,0.88672513759533,0.1120797068047601,0.00022521465510394803
6455,0.005279123774949398,0.5810211145469646,0.41086997626339095,0.002829785414694959
6456,0.0007297224824146843,0.9748924613594371,0.024012488171899434,0.00036532798624882136
6457,0.5586236588026532,0.3165537731776224,0.12425421397619751,0.0005683540435268206
6458,0.7139472111011804,3.53598676937127e-05,0.10223706891192386,0.1837803601192019
6459,0.024208667025477682,7.844178520046904e-08,0.017080381889218055,0.9587108726435191
6460,0.529986777485507,5.698738141349831e-05,0.10520606516525215,0.3647501699678273
6461,0.7947474201287363,0.199559657311912,0.005654819189343595,3.810337000815121e-05
6462,0.01669238150297528,9.205623716924141e-07,0.09117446225196728,0.8921322356826858
6463,0.0014228512325187613,0.7730422927314796,0.2245974412163588,0.0009374148196427386
6464,0.06846487736879366,2.941319547296523e-07,0.03280123968888124,0.8987335888103704
6465,8.029794278541058e-05,0.9046228523815754,0.09518250479143547,0.00011434488420359468
6466,0.0668716471224941,0.9063505194715984,0.026689716641318386,8.811676458918543e-05
6467,0.14294820062722635,0.003193577332926558,0.7482320688327398,0.10562615320710723
6468,0.9347883763076373,4.2032461456548054e-06,0.003905717298441016,0.06130170314777591
6469,0.035530886765951446,0.10074544958281148,0.8477600577207173,0.01596360593051973
6470,0.03810928047837011,4.29752015495212e-05,0.252695414396134,0.7091523299239463
6471,0.00064360312156832,0.9106469365848153,0.08857571706894458,0.00013374322467184455
6472,0.002853732060940959,0.9878782972048837,0.00923372308635651,3.4247647818862674e-05
6473,0.01531057219240823,0.008457557287966254,0.8997036864081179,0.07652818411150747
6474,0.011739413364155672,0.05690493872275307,0.905483897471234,0.025871750441857168
6475,0.2931458532756825,5.341723674871618e-07,0.015892184096198168,0.6909614284557517
6476,3.6349328538685366e-05,0.9971445148925331,0.002817616249349215,1.5195295789160729e-06
6477,0.8527420901489376,1.0159390577761476e-07,4.240584135307711e-05,0.14721540241580344
6478,0.9187398446346222,0.00022923816633527502,0.06581308455829692,0.015217832640745521
6479,0.01767563229156711,0.04720088981258449,0.8682824978185268,0.06684098007732148
6480,0.00035511023318365013,0.9127373514369811,0.08677252470350408,0.0001350136263310112
6481,0.05983819975993419,0.004307696914267843,0.8582461393497036,0.07760796397609435
6482,2.4428842288204103e-05,0.9912854000612794,0.008683753877676462,6.417218755994334e-06
6483,0.012179206127010149,0.018017932920564004,0.8025496196258952,0.16725324132653055
6484,0.01297608404284331,0.7866952624306075,0.19988032354186663,0.0004483299846824094
6485,0.0006082223680486985,0.8340236750083544,0.16451708541724866,0.000851017206348338
6486,0.0001522550643529258,0.9274845368923741,0.07226557183466016,9.763620861256835e-05
6487,0.02519615647838052,0.001956344180581661,0.9031420921610639,0.06970540717997398
6488,0.058975605235769474,1.4508343784244913e-05,0.2729893427665287,0.6680205436539177
6489,0.891838678158332,0.0904805866037013,0.017399660018602804,0.00028107521936385807
6490,0.29986920501148895,8.525955362335924e-07,0.0024185678428223826,0.6977113745501524
6491,0.11629451827160846,6.273406634569398e-05,0.390139843026321,0.4935029046357248
6492,0.4138285915050905,0.48315367989229385,0.10189949876494082,0.0011182298376748907
6493,0.03271550536328995,9.297093895876375e-08,0.02402379425509133,0.9432606074106797
6494,0.0022244627377810055,0.9474895719681344,0.05012685766613994,0.00015910762794461554
6495,0.003079438526101961,0.8146223180319617,0.18071330319054563,0.0015849402513905208
6496,0.7115972694293539,1.0596271595243684e-05,0.02005327223668041,0.2683388620623705
6497,0.0005531018408131745,0.9273359449483819,0.07168929908443955,0.0004216541263652188
6498,2.5513627848907966e-05,0.9882594095926939,0.011699524541298472,1.5552238159023206e-05
6499,0.17095816416197834,3.416838116142721e-07,0.02233536882885295,0.806706125325357
6500,0.28602208497125664,0.017337458874658186,0.649096341495919,0.0475441146581661
6501,0.0026931785620225687,0.760600513359978,0.2352461709618528,0.0014601371161465078
6502,0.10944395742510425,0.0001383138267790099,0.6649533316283637,0.22546439711975305
6503,3.610443242101467e-05,0.9951895005141906,0.0047724439213296015,1.951132058632415e-06
6504,0.003429099649574715,0.8827528441287666,0.11142170198635253,0.0023963542353061997
6505,0.0009564009612616144,0.9450286034351493,0.05388903460006161,0.00012596100352747045
6506,0.00013827463172575726,0.9198192850058989,0.07971780488886397,0.00032463547351138373
6507,0.0210716759643335,8.391176879186353e-08,0.0009488489608513477,0.9779793911630463
6508,0.45276924391900536,0.14121338081475415,0.4014288668123571,0.004588508453883421
6509,0.020982703442970707,0.014792775789874575,0.9521979221522939,0.012026598614860877
6510,0.009622022393330001,0.10227504322748465,0.8733306321360249,0.01477230224316029
6511,0.0009012529811981153,0.9699368318451995,0.02911753884421374,4.437632938844476e-05
6512,0.00013725910927526433,0.9700483187306327,0.02966883972091284,0.00014558243917931816
6513,0.9411221364799143,4.247592857600477e-05,0.0335450424462102,0.025290345145299455
6514,0.07873855641564392,0.04861737627270999,0.8334139577082293,0.03923010960341671
6515,0.04653687447458772,0.04443708907798289,0.8749134884429194,0.03411254800451017
6516,1.8069486207664803e-05,0.9963811983018949,0.0035986791737708814,2.053038126601122e-06
6517,0.00013316609533958146,0.9234304148104153,0.07628753245038554,0.00014888664385970615
6518,0.06812126530583619,0.0839581107754662,0.8262681192311798,0.021652504687517896
6519,0.8204174945911035,0.001183543668896526,0.16271595451493934,0.015683007225060577
6520,0.9527937811534507,0.003777531594447114,0.03991599869863461,0.0035126885534676375
6521,3.5164180333534486e-05,0.994582576750219,0.005377088219208411,5.1708502390916925e-06
6522,0.12573159421944924,2.0416464855753162e-06,0.15040043080025564,0.7238659333338096
6523,0.002385311763230257,0.978284078478293,0.019325493041156185,5.116717320700621e-06
6524,0.009048745848295235,0.04851775588697383,0.9221564868287716,0.02027701143595926
6525,7.488146033475075e-05,0.9271334180059098,0.07263808422026695,0.00015361631348864206
6526,0.09946065594210016,1.0153769846061639e-07,2.539756259478529e-05,0.9005138449576067
6527,0.9515320316907602,4.6654461831629435e-05,0.00981905112425899,0.038602262723149386
6528,0.0007026952107233423,0.8331344432247418,0.16590702923793035,0.00025583232660436546
6529,0.3649183330594832,1.4860085627090822e-07,2.530166427340259e-05,0.6350562166753873
6530,0.017682979007512596,1.2150321886035469e-05,0.029285629641594518,0.9530192410290069
6531,0.06488630004126253,5.553299944150036e-07,0.03169130812905382,0.9034218364996893
6532,0.05293162575803228,0.9356491067200963,0.01139841446929427,2.0853052577111483e-05
6533,0.004729848728187866,0.9237980686964861,0.07099275784482387,0.0004793247305021763
6534,0.24742342466641645,0.5123816649817922,0.23771784949870894,0.0024770608530825596
6535,0.918942337509755,2.9812757037213897e-05,0.0008825523702043901,0.08014529736300344
6536,0.0008775769857154323,0.93818496714189,0.06066796220542215,0.0002694936669722878
6537,0.016262269445568592,0.016318616795086196,0.554849430521285,0.41256968323806015
6538,0.0009818778615208908,0.7732918129680382,0.22471115759635857,0.001015151574082487
6539,0.013706001676515367,0.7529934884064996,0.23121229472092159,0.0020882151960632984
6540,0.01433171300446933,0.028429629762021052,0.9378621819756674,0.019376475257842193
6541,0.009572396470699965,0.9134923995042677,0.07630008288202766,0.0006351211430044035
6542,0.7203056217762063,7.500387135543023e-07,0.00040444184444083406,0.2792891863406393
6543,0.0323190540996058,0.0001270352639489403,0.5697166543887017,0.39783725624774363
6544,0.9170521254911107,3.796078724432844e-05,0.03596503831216139,0.04694487540948365
6545,0.00035549521929681275,0.9649760585925502,0.03456847377683498,9.997241131795293e-05
6546,0.029787928832643144,1.2092753486261178e-06,0.0217796518785479,0.9484312100134604
6547,0.087015922963828,0.00045057729009384344,0.6749212403789038,0.23761225936717434
6548,0.00612530510210409,0.45007550328604456,0.5409377840718774,0.0028614075399738793
6549,9.568438952645776e-05,0.9655508214833919,0.03425516610081912,9.832802626246533e-05
6550,0.38771172950435057,2.9040432208594565e-06,1.1346138232900076e-05,0.6122740203141956
6551,0.9235828990164651,0.0750987021566532,0.0013079121714114036,1.0486655470482e-05
6552,0.8294846064888945,4.615088570892753e-05,0.04014396152153917,0.1303252811038572
6553,0.00021348526667157902,0.9924963706090943,0.0072356513402418035,5.449278399215611e-05
6554,0.00019282617551148512,0.9497330621170295,0.04984479616092837,0.00022931554653068744
6555,0.08705549170301677,0.17209508591135644,0.7255070703738896,0.015342352011737228
6556,0.0010034734404572167,0.997661945682542,0.001334480905191902,9.997180902549487e-08
6557,0.033234463685016036,0.0035906497092306035,0.7835512371283385,0.17962364947741483
6558,0.0002527960886080376,0.9848299862948074,0.014905902254659358,1.1315361925043062e-05
6559,0.017666383778722157,0.052437223114618334,0.9130459685649989,0.01685042454166061
6560,1.1628320548279854e-05,0.9972423508923383,0.0027449285623987506,1.0922247146906423e-06
6561,0.8497992760524781,0.051504779437203815,0.09501784325066004,0.0036781012596580663
6562,0.07788733064114542,0.02529259301685568,0.818774950943238,0.07804512539876082
6563,0.005158280656459684,0.8919702066581998,0.1014848750272333,0.0013866376581072068
6564,0.7619141193979069,0.0015718234021248202,0.20351193411180676,0.03300212308816162
6565,3.388614652259776e-08,0.9998034491276359,0.0001965020642228476,1.4921994861412368e-08
6566,0.0037072632064223147,0.9046401158474544,0.0910397602603991,0.0006128606857242979
6567,0.01861769861689756,5.969260418918643e-07,0.013736006205191413,0.9676456982518691
6568,2.6465375110247065e-05,0.9977453282460944,0.0022277102405758187,4.961382193639739e-07
6569,0.9163607150851877,0.008607459346967163,0.07353795246502026,0.001493873102824751
6570,0.1105136378840239,8.050189434893713e-05,0.5678565757679298,0.32154928445369746
6571,0.5248832934185543,0.006454598409949066,0.1591450303562279,0.3095170778152687
6572,0.9367978137079744,0.0001940154363618606,0.0427453128412961,0.02026285801436776
6573,0.026516750408792995,0.006467737695398281,0.9209661766224589,0.04604933527334983
6574,0.17628172677087878,5.9484402779936664e-05,0.5486027883604396,0.2750560004659017
6575,8.87108206347052e-05,0.9773625093253685,0.022515615520466447,3.316433353021025e-05
6576,0.000740984041367625,0.9871976645485271,0.012031514705829107,2.9836704276239897e-05
6577,0.15470198334434154,7.251983766184926e-06,0.26379998132499244,0.5814907833468999
6578,0.0011156684113849008,0.9936236923297987,0.005258413851463851,2.225407352555368e-06
6579,0.014650684557726747,3.1090350674355283e-06,0.0017149225993030068,0.9836312838079028
6580,0.9480655873114663,0.0004512160250867084,0.015978768027517087,0.03550442863592994
6581,0.6528658194478557,5.726108888301768e-06,9.611542096911787e-05,0.34703233902228686
6582,0.115870805189469,0.03833375473077619,0.7801456357554541,0.0656498043243007
6583,0.0735089255074029,9.765310935528546e-06,0.20880294751892534,0.7176783616627362
6584,0.0006503402119061318,0.867713903473204,0.13034952939181485,0.0012862269230750952
6585,0.015099663523335619,0.7907963068198827,0.19078684026738793,0.003317189389393968
6586,0.00018890133869835465,0.9768599167806059,0.02294361876231155,7.56311838396306e-06
6587,0.00030824185359159,0.8545895533830135,0.1448272892766154,0.00027491548677966094
6588,0.07338395087888837,0.0004079339976423615,0.53681701002122,0.3893911051022493
6589,0.7024360995830673,0.00737797390984386,0.28302920921697433,0.007156717290114401
6590,0.018780902675757744,0.05171552573434888,0.9082481567828818,0.02125541480701156
6591,0.6352663801052673,0.00010066555769249997,0.03306325516965634,0.3315696991673838
6592,0.00040243863591881346,0.962752213619868,0.03680368937556834,4.165836864501233e-05
6593,0.7602262291951246,2.73832631984504e-05,0.018165356919790224,0.22158103062188667
6594,0.0440557216537045,0.05853994532529337,0.8776237155419283,0.019780617479073843
6595,9.269698598274934e-05,0.9877818065734942,0.01211344723218849,1.2049208334365138e-05
6596,0.011670964600885845,0.8006100712675959,0.1851634264655505,0.002555537665967736
6597,0.00014910706652768684,0.965911465799132,0.03390438342372326,3.504371061696173e-05
6598,0.5991352654779053,0.00011495063597867066,5.3582780207682e-05,0.4006962011059084
6599,0.0004869497382744815,0.9773488587722134,0.02208896098850624,7.523050100591141e-05
6600,0.0016381097834582492,0.8535501568225364,0.14409543006785488,0.0007163033261504061
6601,0.04857650927180494,5.6638216014295656e-08,0.0001271835502931319,0.9512962505396859
6602,0.001632589218646184,0.9572711170198527,0.04103173806907998,6.455569242124238e-05
6603,0.13734230257737806,5.081186559113041e-05,0.20242403847256568,0.6601828470844652
6604,0.3811201933312566,1.6988510663460338e-06,0.0008074005702471644,0.6180707072474299
6605,0.001208484553487474,0.8083229611564979,0.18991201211441636,0.0005565421755982036
6606,0.28928673794096965,5.2225639102380576e-08,1.449412295698149e-05,0.7106987157104343
6607,0.00016515789329349872,0.9794816392046286,0.02033942447908153,1.3778422996334825e-05
6608,0.058561819530747024,1.4350102499412618e-06,0.06514580637391604,0.876290939085087
6609,0.004943736470618099,0.8952739698506689,0.09936298046296474,0.00041931321574825914
6610,0.0007876286199159995,0.9103257969739936,0.08863629315123367,0.0002502812548566889
6611,0.07366407913834915,1.57283007642549e-07,0.017477171379648052,0.9088585921989952
6612,0.5132947102303893,2.0690921286736958e-06,0.07680123826433545,0.40990198241314646
6613,0.015207909536435301,9.372263707997136e-06,0.12930034927696452,0.8554823689228921
6614,0.007024962056249797,0.9077625711618225,0.08478951407890095,0.0004229527030269057
6615,2.1020731482573242e-05,0.995142403958978,0.004832791705107919,3.7836044316341886e-06
6616,0.01645694582073062,4.90144666229304e-08,3.605434772718609e-06,0.98353939973003
6617,0.023825820905894197,8.139782904789e-05,0.5471922383460205,0.4289005429190374
6618,0.0004637933435134074,0.901227606052063,0.09807980694727582,0.00022879365714763815
6619,0.03943549132421484,0.00167403263430487,0.7294574262586545,0.22943304978282583
6620,0.000186395534389915,0.9914171847114515,0.008383143800447815,1.3275953710929289e-05
6621,0.6921836271234951,0.0007739838670681286,0.12127818381133931,0.18576420519809742
6622,0.004921728618030454,0.07930307787333651,0.8863519281308759,0.029423265377757114
6623,0.7895031527675826,0.014808825343815458,0.1841383577300252,0.011549664158576816
6624,0.663557591383742,0.23308003803670818,0.10309917545216057,0.0002631951273892245
6625,0.08050517576727577,0.2812656617904781,0.6169211532258463,0.021308009216399762
6626,0.0008585717624528309,0.9497981483749791,0.04925367509601669,8.960476655151347e-05
6627,0.041994975467326445,0.05840133623383752,0.8776365028664805,0.021967185432355343
6628,0.9852518595722352,0.0008580335157532488,0.01351431973831002,0.0003757871737017467
6629,0.3020087757467903,6.294845551980746e-08,1.0176772225820702e-06,0.6979901436275316
6630,4.0848218061890565e-05,0.9170177724210016,0.08286401394158581,7.736541935064254e-05
6631,0.0026010314753853584,0.8916194739280994,0.10426578858712161,0.0015137060093936147
6632,0.007838999195592894,1.3487078618746682e-05,0.005476809381751444,0.9866707043440369
6633,0.8640183712073525,0.001019625556555573,0.12013661097891397,0.014825392257177859
6634,3.6659399692299395e-05,0.9546423177061393,0.04528893870287201,3.20841912964588e-05
6635,0.014702911529509451,0.0005540317053257731,0.7372725765596919,0.24747048020547296
6636,0.0009156596964064797,0.9078978224836212,0.0904549657315362,0.0007315520884361348
6637,0.7399103732269304,7.351863883921588e-06,0.038668621271114575,0.22141365363807097
6638,0.0008572128376528795,0.9062076518766969,0.09246179126696723,0.00047334401868301716
6639,8.530153329012537e-05,0.9981293906758811,0.0017825071628435156,2.8006279853386612e-06
6640,1.7392080217842113e-05,0.9942509160853549,0.005728627254572527,3.0645798548868645e-06
6641,0.0189193416324925,8.027951338096846e-06,0.015444922788048532,0.9656277076281209
6642,6.077292541307874e-06,0.9939192084369448,0.006071461096408252,3.2531741057761804e-06
6643,0.08424657972062716,1.569321848526642e-06,0.0002428533741236255,0.9155089975834008
6644,0.8051979980562163,4.748277867428025e-07,0.002418113508503646,0.19238341360749317
6645,0.9490536277818606,0.0002466769268272067,0.03451675496682792,0.016182940324484422
6646,0.04235541574811626,0.0015647195981926322,0.5722437537149818,0.3838361109387093
6647,0.03528282377723685,0.10082823173255975,0.8500958720682904,0.013793072421912932
6648,0.032249316812528066,2.7898347749924214e-08,2.4938536637490537e-07,0.9677504059037578
6649,0.030014586100474503,0.03662464360789393,0.909173754903091,0.024187015388540598
6650,0.18690903797652686,0.0011118780479123034,0.6511901118965973,0.16078897207896362
6651,0.26411292911024076,0.003965908647941975,0.6325223588430217,0.0993988033987956
6652,0.0027090689365602337,0.7994579997864536,0.19677752862161077,0.0010554026553755264
6653,0.00011380796626195987,0.9825320392961909,0.017307066686920277,4.708605062677529e-05
6654,2.471588218799323e-05,0.9581168048573676,0.041845107330198694,1.337193024570053e-05
6655,0.9064410594532185,0.015042107138704878,0.07203720509295537,0.006479628315121289
6656,0.04132913218879194,3.174098887935688e-05,0.37010420997957766,0.588534916842751
6657,0.0016724263606004977,0.8443474465563074,0.1532498450807806,0.0007302820023116078
6658,0.00019611507442038407,0.8544335525502873,0.1451848048809541,0.00018552749433834017
6659,5.455843877719191e-05,0.9939896801646168,0.005951477841794279,4.283554811714047e-06
6660,0.007878993658594964,0.6990984139208881,0.29213111137954406,0.0008914810409728564
6661,0.01402015361737551,6.681028759414944e-05,0.10627661644733695,0.8796364196476933
6662,0.003380096617110915,0.19833371737694863,0.794541358411852,0.0037448275940885896
6663,0.06636534655081866,4.0648699462674253e-07,0.0566183803757469,0.8770158665864399
6664,0.9926644401692584,0.00038082628474437957,0.006013848667375774,0.0009408848786214484
6665,0.010841363994776934,0.9523532611499533,0.03669479990688134,0.00011057494838827452
6666,0.9196636893486393,0.00971738398534094,0.06947897322576267,0.0011399534402572703
6667,0.002152100025506119,0.9681560680311034,0.02939441144896524,0.0002974204944251127
6668,0.11782007098843184,0.0016741563496511082,0.0456417640184075,0.8348640086435096
6669,0.00015715562136448647,0.9994816468119312,0.0003611206468654086,7.691983899809738e-08
6670,0.005760051560172188,0.9648665328603973,0.02917544034378271,0.0001979752356476361
6671,0.11342972714980165,0.07133867106136005,0.8037491328490552,0.011482468939782981
6672,0.023363097891328705,1.0851446340665615e-07,5.7915788739812e-06,0.9766310020153339
6673,0.5796714344780108,0.4122832397685627,0.007966242306950791,7.908344647563412e-05
6674,0.7883032301769919,5.87069491445597e-05,0.07730551350283675,0.1343325493710269
6675,0.007699428332505168,0.0038966522816228904,0.9528082085706175,0.035595710815254346
6676,0.00010956461498087754,0.8643689475099221,0.13491895691664577,0.0006025309584511718
6677,0.19277087251398184,6.613608858930322e-07,0.00032805694813736123,0.8069004091769949
6678,0.0011540656815121576,0.9197227902084806,0.07846413492599297,0.0006590091840142067
6679,0.034751975890400515,0.07325801557058949,0.8661348576660406,0.02585515087296945
6680,0.0012111384236933316,0.7925175964051702,0.205626374229243,0.0006448909418934803
6681,0.1516253916787636,3.403537642216164e-07,0.00012017167160698174,0.8482540962958652
6682,0.00011725860199370019,0.9820636739776522,0.017804906186896792,1.416123345724037e-05
6683,0.0001816431978039974,0.9251724253178564,0.07443093132328965,0.00021500016105006995
6684,0.042389733192375656,0.005729681998624163,0.8745892781172702,0.07729130669173007
6685,0.0018009262939263305,0.8979039108468959,0.09982045086543788,0.00047471199373968554
6686,0.06593420155022651,1.6481334467867332e-06,0.0005887280425612228,0.9334754222737655
6687,0.9350181095653668,0.05688818603097337,0.008020546792099102,7.315761156057214e-05
6688,0.9385239301184485,0.0009254627681989955,0.053160400966740094,0.007390206146612556
6689,2.0175548554448307e-05,0.9937354191824385,0.006236663122806636,7.742146200388804e-06
6690,0.9917732287746283,9.368020772609893e-05,0.005304677260947538,0.0028284137566979917
6691,0.41883947232917534,0.00019886560610745665,0.38618566192135306,0.1947760001433642
6692,0.002258194581577726,0.6424295926143436,0.35454093759983696,0.0007712752042417064
6693,0.02411645582702121,0.00553962000750614,0.8164044940652325,0.15393943010024022
6694,0.0007496243007007333,0.8621198814494939,0.13664930325975158,0.0004811909900538207
6695,0.13891518555756235,0.8602361488021819,0.0008484786928559982,1.8694739965107532e-07
6696,4.9116943369294474e-05,0.912455747113597,0.0873150566869579,0.00018007925607568727
6697,0.09516834923164397,1.8262783402170765e-07,0.00023606369489718442,0.9045954044456249
6698,0.4979814553015295,0.022445645887216783,0.4506807067186678,0.028892192092586092
6699,0.9606185018464525,0.00028167039606852507,0.03355341898873814,0.005546408768740923
6700,0.00015543466151208285,0.9606580868360189,0.03914159615661008,4.488234585882206e-05
6701,0.07131986522013195,0.0007115068198666024,0.6705596455931757,0.25740898236682574
6702,0.0021920204541941734,0.910294906511449,0.08736606100534781,0.00014701202900905215
6703,0.010152762482401599,0.2720914942361013,0.7075343455428517,0.010221397738645522
6704,0.46460630886930904,0.00022390186580902087,0.34405068734552985,0.19111910191935208
6705,0.03236100641945523,5.905184580376647e-06,0.1009471336284329,0.8666859547675314
6706,0.00014454439899863085,0.8716907618787147,0.1277777391830244,0.00038695453926216775
6707,0.057435079911124017,0.06790654321656972,0.8340247917540973,0.040633585118208984
6708,0.025534856106982362,3.98490467819717e-06,0.14418488642431238,0.830276272564027
6709,0.033019047568596624,9.499649699068963e-06,0.24750657100533952,0.7194648817763648
6710,0.02135693662197059,1.5942307884780077e-05,0.07448390063007714,0.9041432204400675
6711,4.9518096023795695e-05,0.9142823691803234,0.08554491824715521,0.00012319447649786165
6712,0.6082710789697271,0.002612383150597179,0.3585947116942778,0.03052182618539783
6713,0.8581627015247267,0.009365910206810633,0.13018020090495797,0.0022911873635048773
6714,0.3110512186916011,0.0006129320192219043,0.288560494551703,0.399775354737474
6715,0.00890620387698149,0.31270821903481294,0.6752217744295033,0.0031638026587023217
6716,0.05316516900567428,0.3182570898778295,0.6247146750350843,0.003863066081412025
6717,0.009807131294272263,0.9856950654395251,0.0044894909844770715,8.312281725663802e-06
6718,0.024689247280992557,0.5054683670242902,0.46725144832197213,0.0025909373727450117
6719,0.34521317603538704,2.8293262160225482e-05,0.2281231794677425,0.42663535123471014
6720,0.00011103869275962655,0.8539480422769569,0.14540656268985053,0.0005343563404328053
6721,0.02871025949785214,6.850638355572409e-09,0.008270105168110642,0.963019628483399
6722,0.9840835320314805,0.002121321563311596,0.013224495508092095,0.0005706508971158373
6723,0.04019614425765868,1.2613853318350654e-08,0.00016612561529337063,0.9596377175131947
6724,0.16731011569155926,0.15513016718045122,0.6713872856013821,0.006172431526607323
6725,0.0002366166388167821,0.9614395590914104,0.038157418956650334,0.00016640531312234395
6726,0.9565121337277803,0.0003171889669814567,0.023971709781791455,0.019198967523446898
6727,0.008312657170352816,0.7576800974156367,0.23249163735238673,0.0015156080616236633
6728,0.053939519228657126,1.2009603493053868e-07,0.03418007348627529,0.9118802871890327
6729,0.030033036670819854,0.06984117007295446,0.8846709119009203,0.015454881355305495
6730,0.0007038062665326875,0.8998159223911167,0.09894242427616008,0.0005378470661905352
6731,0.0009603859094675305,0.9099598576755841,0.0884811233874552,0.0005986330274930761
6732,0.0001587906152129623,0.9886841895885068,0.011137656210984807,1.9363585295455576e-05
6733,0.8980387177258327,0.0010916025457045559,0.0848019909421594,0.01606768878630363
6734,0.011607745866814113,0.05247538939062367,0.9157019442355783,0.020214920506983983
6735,0.04702806430012718,1.2387367102945352e-06,0.020762904801676932,0.9322077921614855
6736,0.054949626034474244,0.8979713783657418,0.046874051002019634,0.00020494459776440827
6737,0.005230400907610695,0.8513251097075688,0.14321214144068936,0.00023234794413106832
6738,0.16771442853617435,6.904740130568685e-06,0.08293936659143704,0.749339300132258
6739,0.7698429086003415,4.6741631337478964e-05,0.12496646233413994,0.10514388743418122
6740,0.11135107282593106,8.713968709530544e-06,0.001091501074113554,0.8875487121312459
6741,0.0010282092568660833,0.8801828580335646,0.11806428880292179,0.0007246439066475902
6742,0.00020604018482956281,0.9298168315020793,0.06964779622072569,0.0003293320923654766
6743,0.17375770360438827,0.0001453525496700522,0.2740591822109258,0.5520377616350159
6744,0.9488847406702511,0.0024140169455605827,0.036224562938115185,0.012476679446073119
6745,0.05281438851284837,4.6214453143931163e-07,3.2979029293476597e-06,0.9471818514396909
6746,0.5252436846308771,9.348401686725703e-07,0.0008180247044381838,0.473937355824516
6747,0.10191055738810605,1.2459798968610083e-05,0.17912912459625066,0.7189478582166747
6748,0.5697263519961356,0.004926119926256213,0.35637614529362055,0.06897138278398761
6749,0.01758047681724984,0.28888096962837106,0.6787384690575025,0.014800084496876507
6750,0.010126624850745995,0.0002869878424915233,0.0021440083626190452,0.9874423789441434
6751,9.630832203528189e-05,0.9942267674332264,0.005662164134480197,1.4760110258063226e-05
6752,0.019754165632434,4.1208578142228835e-06,0.0889278635523458,0.8913138499574059
6753,0.0014433228823517615,0.9031849777303457,0.09515586829719107,0.00021583109011174404
6754,0.7187682280840838,5.497790045155637e-10,9.029957476717113e-06,0.2812227414086603
6755,0.0023712059925210163,0.9042526048290065,0.09290068073436221,0.00047550844411032965
6756,0.03820370463813995,3.634468356324123e-08,0.034501337617801414,0.9272949213993751
6757,0.5150397413586587,7.828781190336299e-07,0.0003002895223890667,0.48465918624083315
6758,0.001042614859677643,0.7228253802701339,0.2750966802058391,0.0010353246643493967
6759,0.00025917066671889946,0.9643513280535696,0.035257311542018846,0.0001321897376925557
6760,0.00035834904425606414,0.8017188862265495,0.1971785532702169,0.0007442114589775832
6761,0.001177128543816716,0.7666618420354584,0.23140422600761115,0.0007568034131137383
6762,0.020186390683346427,0.1110540331235524,0.8569452339798831,0.01181434221321817
6763,0.0005633194563092538,0.9614445278042383,0.03792835708712145,6.379565233105042e-05
6764,0.0021888501348289843,0.3412100789559583,0.6524752996538696,0.004125771255343078
6765,0.9318566564389066,0.0003116537644100167,0.05070981059023626,0.017121879206447182
6766,1.6027982525413628e-06,0.9989980027641006,0.0010001568602102143,2.3757743672450654e-07
6767,0.050131627402424155,8.458507499164862e-05,0.07999858061475225,0.869785206907832
6768,1.9827107910085088e-05,0.9868277915953195,0.01311013016655431,4.225113021609851e-05
6769,0.0005197272456917378,0.3712254524732143,0.6252502137304261,0.0030046065506679044
6770,0.004516569466568238,0.0709199304226709,0.9166290679999719,0.007934432110788944
6771,0.0002243569953943579,0.9633289797596377,0.03604700648509712,0.0003996567598707411
6772,0.014817761156263907,0.012032385900718028,0.8879601687067022,0.08518968423631586
6773,0.003224726582629107,0.00037980950024384987,0.08766773686725059,0.9087277270498765
6774,0.0002051230845005029,0.916924234595346,0.08257541876224209,0.00029522355791144095
6775,0.06744896094101037,0.013912960888993426,0.881669872193242,0.036968205976754126
6776,0.8765660151757723,0.0007421143554834426,0.0717947593653528,0.05089711110339143
6777,0.27155569444608335,7.153771608440009e-05,0.005815113889268429,0.7225576539485637
6778,0.000301178124544384,0.8303881197870124,0.1686485474083374,0.0006621546801056646
6779,0.011313547990776374,0.6661684905305557,0.3197379918873441,0.002779969591323894
6780,0.5660680437805432,5.2309350432760565e-05,0.020658220288355685,0.4132214265806684
6781,0.7057882428169725,1.800149980556356e-06,0.0015192707010849673,0.2926906863319619
6782,0.04067930401370682,3.4273253501214903e-07,0.04940970908846649,0.9099106441652917
6783,7.544519577269904e-05,0.9983923108160833,0.0015298187560568977,2.4252320871717822e-06
6784,0.9657713588518869,0.03242156691063149,0.0018052650418176844,1.8091956637876416e-06
6785,0.05013222425094588,0.25461794100663077,0.6800046990544949,0.01524513568792838
6786,0.026838818492407695,0.03686911093429003,0.8799340605415897,0.056358010031712515
6787,0.28146839148159497,7.377606729545453e-09,2.8419407149899643e-07,0.7185313169467268
6788,0.1292431170186249,6.621661565932413e-10,3.052848481769888e-06,0.8707538294707271
6789,3.0147997925383625e-05,0.9768207485400626,0.023118143453785926,3.096000822591072e-05
6790,0.004332460637391237,0.9118954497553843,0.08368743447832465,8.465512889990474e-05
6791,0.7309986727981157,2.6626070108789923e-06,0.0010422605790239852,0.2679564040158493
6792,0.000195270737875198,0.897589122018484,0.10203961838222876,0.00017598886141220092
6793,0.06383612699144424,5.340169172836212e-05,0.1321681573911676,0.8039423139256598
6794,0.055910209178132234,1.0984679331261505e-05,0.2739490813366859,0.6701297248058506
6795,0.0007631486383269054,0.9879651698121198,0.011251216361803493,2.0465187749758938e-05
6796,0.0002790643967084591,0.9854910341749833,0.014155623608402564,7.427781990580542e-05
6797,0.7376505474807283,3.963448861992373e-05,0.008922360567986202,0.25338745746266556
6798,0.12670005372207369,1.3999622556369778e-06,0.00019009876554162687,0.8731084475501291
6799,0.2232574324962215,6.986525713482991e-06,0.00014541906854807985,0.776590161909517
6800,0.0011197223002782578,0.9567963807663911,0.041435715503759164,0.000648181429571745
6801,0.00046547085465075533,0.9123977104472528,0.08699128588795868,0.00014553281013781577
6802,0.05502464225594325,1.901701830535519e-06,0.03973498122750704,0.9052384748147192
6803,0.8863582527918747,0.002024920521584052,0.10915987718805041,0.0024569494984907907
6804,0.20786859120444423,2.992459671045376e-05,0.04110012038770372,0.7510013638111416
6805,0.3398615797567863,1.4556653375667507e-08,2.5639921354263764e-05,0.660112765765206
6806,0.5579544627673224,8.311180115642475e-06,0.023027304529725654,0.4190099215228364
6807,0.9037833225103002,0.0001912718018760709,0.0498194963920514,0.046205909295772146
6808,0.000863569979330637,0.9758341711423913,0.023213843017254533,8.841586102350769e-05
6809,0.0008685054883620532,0.9424487782545087,0.055970153490532346,0.0007125627665967821
6810,8.014748287131452e-05,0.9294595802756178,0.07038510589593201,7.516634557876956e-05
6811,0.012728294739041827,0.28271730540786233,0.6904231563690872,0.014131243484008519
6812,0.0001641121572073703,0.9827189349932334,0.0170943222322333,2.2630617325971725e-05
6813,0.8976064879767987,0.0002708054411692952,0.048269419512210116,0.053853287069822044
6814,0.1475329482582015,3.153485223497541e-08,2.9076175679904917e-06,0.8524641125893784
6815,6.115228674306407e-05,0.9505478516841711,0.04929436747027579,9.662855880988005e-05
6816,0.03718541334703216,0.0003970993712573851,0.7095252944152428,0.2528921928664676
6817,0.06420208302119212,0.0007914491558793735,0.7535585302105816,0.18144793761234684
6818,0.929348817902355,0.031117863921236954,0.039221677020625435,0.00031164115578249864
6819,0.3179935717889476,1.626355095245234e-05,0.0902910135500644,0.5916991511100356
6820,0.004147197444327116,3.181291388246087e-07,4.319458801977045e-05,0.9958092898385142
6821,5.427005758556114e-06,0.9999110404267166,8.35194097777744e-05,1.3157747003614354e-08
6822,0.4260879730967064,0.5203815173058541,0.05278549115155704,0.0007450184458823247
6823,0.2778959579711254,3.558386333488848e-05,0.1498031854024766,0.572265272763063
6824,0.6404030912900898,1.256248731310382e-07,0.009619475812235979,0.3499773072728011
6825,0.0008655959721938801,0.996387294849858,0.002746786624789462,3.225531585218995e-07
6826,0.07712132408851348,1.106377227159652e-06,0.1590509097825148,0.7638266597517446
6827,0.6617421345919354,0.00040655338471699837,0.1787421697529811,0.15910914227036652
6828,0.01808167280854832,0.017007714632685703,0.8979575414971183,0.06695307106164777
6829,0.7836703673722031,0.15915298265167227,0.055602484572172504,0.0015741654039520786
6830,0.07790031231324358,0.006371697613616117,0.8057280932027633,0.10999989687037708
6831,0.1165887675579319,0.00021168036057662027,0.4192219407437365,0.46397761133775495
6832,0.008977018011362612,0.13022536100271484,0.8539764473078733,0.006821173678049345
6833,0.09810878477603485,2.157238964797122e-05,0.34974223051539993,0.5521274123189173
6834,0.8276398099524331,0.00017960635770102596,0.04280482525365751,0.12937575843620833
6835,0.0005172841477277979,0.9376675522300156,0.06172225959046997,9.290403178658431e-05
6836,0.8790084380395865,3.261259162338971e-05,0.02196797688824703,0.09899097248054295
6837,2.251852461822247e-05,0.9988278529289716,0.0011480191575169185,1.6093888931375669e-06
6838,0.023463912409573816,0.00012175061259882521,0.14449420666670318,0.8319201303111242
6839,0.0016600408061295828,0.7463537967810631,0.25107486835987675,0.0009112940529306588
6840,0.9054772406358199,2.6164243137243526e-06,0.006180415450230494,0.08833972748963585
6841,0.0007755845264015405,0.9976683043248159,0.0015541847754843153,1.9263732980948243e-06
6842,0.08079605277194056,0.06563540308918608,0.8017442637245875,0.05182428041428594
6843,0.02260944932032826,0.817477075858766,0.15979025698233096,0.0001232178385748285
6844,0.0021512350090052974,0.9106350850402676,0.08669302512336993,0.0005206548273572207
6845,0.0010577690339534647,0.9407878271810793,0.05810940876477221,4.499502019498685e-05
6846,0.023830725839179997,0.7852603322981789,0.18956447595122206,0.0013444659114189253
6847,0.00035460989913762815,0.9962165306137071,0.0034234402663525605,5.419220802638451e-06
6848,0.29671319354649356,8.13329486554341e-06,0.14459533187789544,0.5586833412807454
6849,0.00018848107763766222,0.9842527556330356,0.01554798478898215,1.07785003444044e-05
6850,0.3148434295660723,1.5051977092029338e-09,1.2322306776791641e-05,0.6851442466219532
6851,7.784059314028492e-05,0.9655194577042465,0.034311794087642386,9.090761497070217e-05
6852,0.04591918675546744,5.664693897739195e-07,1.3497157362120165e-06,0.9540788970594066
6853,0.6615682012110939,4.3423942357921034e-05,0.10395890304138665,0.23442947180516166
6854,0.09230962939954539,0.027514428221198654,0.8268018410006417,0.053374101378614286
6855,0.0323836539499563,0.053447633963435194,0.8898795633703694,0.024289148716239092
6856,0.247820298498867,0.6767185877867762,0.07460988658148165,0.0008512271328751668
6857,0.00820897594789305,0.5898451978199016,0.39979210807241433,0.0021537181597910847
6858,3.809442127887405e-06,0.9995958423982825,0.00040026125522352586,8.690436615879104e-08
6859,0.061069927962096905,1.6684432853733394e-09,9.349928333301375e-06,0.9389207204411264
6860,0.9092149590888794,0.0373065199029974,0.05258189454564645,0.0008966264624768672
6861,0.019228052820378372,0.0031788191544435433,0.8543557870015387,0.12323734102363941
6862,0.025829658362956514,2.362165885905268e-05,0.01915768193997269,0.9549890380382118
6863,0.0004194886804858459,0.879604724276679,0.11947922429160897,0.0004965627512261608
6864,0.001149738115035477,0.8810494884061807,0.11750432838974864,0.0002964450890353647
6865,0.00011899472810776999,0.9838023930268376,0.016015049832423172,6.35624126315867e-05
6866,0.0005347088120491888,0.8741257697709129,0.12481191831444532,0.0005276031025924616
6867,0.0013055966243537968,0.6891805984883782,0.30846573408715716,0.0010480708001108488
6868,0.00010246488877825112,0.9704029858807521,0.029442125823365885,5.242340710371163e-05
6869,0.0009602229207094601,0.9793097944302741,0.01968331985077193,4.666279824439193e-05
6870,0.0015593266176144145,0.8653209344572159,0.13280514172128294,0.0003145972038869037
6871,0.13937942039459697,3.082988180358165e-08,0.0005984889368197145,0.8600220598387016
6872,0.11179980286432274,2.5605228423329046e-05,0.19925285968824594,0.688921732219008
6873,5.676292968155661e-05,0.9752102348013932,0.02469257904324719,4.042322567818221e-05
6874,0.013221289367105376,0.26164581402034504,0.7212486319068102,0.003884264705739229
6875,0.904760971230079,0.0014303634100202697,0.08587974983266168,0.007928915527239054
6876,5.34519573005462e-05,0.9749598644685038,0.024978216161726102,8.467412469496614e-06
6877,0.6890366611197799,8.474664710874282e-09,0.0008789953988105065,0.3100843350067448
6878,2.268071012597784e-05,0.9894793571675636,0.01048293413273615,1.5027989573987652e-05
6879,0.3387829629293418,5.760993107721284e-07,2.041390159694097e-06,0.6612144195811879
6880,0.00607763638444496,0.9196728685361438,0.07393837836555232,0.00031111671385884547
6881,0.05708360828649657,3.819443731274685e-05,0.08215483481692934,0.8607233624592614
6882,0.08267984850398327,2.561165622267737e-07,0.06173694868446302,0.8555829466949915
6883,0.12083261525802377,7.573190481383818e-08,0.014471223420708897,0.8646960855893625
6884,9.236354474203587e-05,0.9934315133156747,0.006466021599854819,1.0101539728307624e-05
6885,0.01802041367208868,0.003519812126147348,0.7972753446992469,0.18118442950251715
6886,0.005740802329852835,0.44509926406330175,0.5461922275737532,0.002967706033092149
6887,0.6000125025962687,0.004971880623268958,0.36005389454243,0.03496172223803231
6888,0.004231930621990864,0.9804652167514653,0.015274558160387213,2.8294466156685884e-05
6889,0.09505280517178849,0.026965773616283474,0.8486930523477497,0.029288368864178415
6890,0.25970494479051537,7.122877712271577e-10,5.879251784743713e-05,0.7402362619793493
6891,0.9128654160211875,4.697970004981317e-06,0.0011865475888835505,0.085943338419924
6892,0.007901632585339916,0.8880970566512228,0.10303388980273236,0.0009674209607049989
6893,0.03458888410180756,6.28194928016393e-05,0.23124222913502926,0.7341060672703615
6894,0.8978257357111281,0.0011019833546581377,0.05753837118992923,0.043533909744284296
6895,6.87349650365437e-05,0.9934743384149236,0.006454988910431197,1.937709608964366e-06
6896,0.26981697667641186,2.2728559782745504e-05,0.003573329866209545,0.7265869648975959
6897,0.0020574638392449455,0.8871317699846086,0.11015199965125641,0.0006587665248899175
6898,0.0585834168245752,0.8280800366543085,0.1129158304715685,0.0004207160495477711
6899,4.343808322881078e-06,0.9940473880646835,0.005945234545977667,3.03358101586694e-06
6900,0.011500082749053077,0.9828661707705388,0.005627936534340063,5.809946067865703e-06
6901,0.11191823633410658,0.0060370352484242365,0.8190092117646279,0.06303551665284123
6902,0.030910289688400535,0.00017122167254084278,0.7819819547457306,0.186936533893328
6903,0.02076583791000724,6.392283254476898e-05,0.33228196072421723,0.6468882785332308
6904,0.32422819533209996,0.001783047744095052,0.4263195361167534,0.2476692208070517
6905,0.006629455683484859,9.708450967395465e-11,3.1704010708645135e-08,0.9933705125154199
6906,0.0090578625731551,1.669962857784656e-06,0.019681694472576797,0.9712587729914103
6907,0.002355914595072551,0.6983910138295303,0.29786361381340287,0.0013894577619942465
6908,0.00677410774002081,0.9521612730734387,0.03875383814529311,0.002310781041247267
6909,0.9115455858477373,0.0010489894608270139,0.08261642119011185,0.004789003501323985
6910,0.0764700887879237,1.4909918325208397e-08,0.01930516333155053,0.9042247329706075
6911,0.617081228456621,0.00098908104476818,0.12437539411276259,0.2575542963858482
6912,0.2425593714269477,1.0072862342071036e-08,2.1891935647175029e-07,0.7574403995808336
6913,0.040944909621701726,0.0002478776115909546,0.6625308311525328,0.2962763816141744
6914,0.014501319634587529,0.04292353326718651,0.9319285314079488,0.01064661569027709
6915,0.36591558890600123,9.755494490119712e-05,0.0943498383538512,0.5396370177952463
6916,0.8630838484659277,0.0005179313631958977,6.798243082636459e-05,0.13633023774005
6917,0.009922950435655829,0.0827278297227092,0.8951013876575513,0.012247832184083532
6918,0.9829772086486495,0.015395428801956657,0.0016060661202555043,2.1296429138442017e-05
6919,0.0014557138888589187,0.946534059652236,0.05190443169433265,0.00010579476457257119
6920,0.17418039003975205,1.460101638355317e-06,0.0028386282990648867,0.8229795215595448
6921,0.009486819683898409,0.9903695987531534,0.00014356574565045914,1.5817297575850142e-08
6922,0.7866758439430666,4.462767112157322e-05,0.0795913771117332,0.13368815127407868
6923,0.00011857597914256733,0.9561834994341786,0.04361140161385632,8.652297282260106e-05
6924,4.740903576276952e-05,0.98847174714401,0.011474608277545241,6.2355426817801105e-06
6925,7.087265741072178e-05,0.9763218900375488,0.023503338818819636,0.00010389848622075123
6926,0.9355708015595336,0.002742937218071152,0.049492761514887795,0.012193499707507313
6927,0.8752048266601825,0.030655317549935654,0.09221630820861255,0.0019235475812693032
6928,0.025721561240954025,0.32044570636544695,0.6505489707722355,0.0032837616213634417
6929,0.0868580429291992,0.5735965852407074,0.32043172991981744,0.019113641910275776
6930,0.9382301307601004,2.3216529349189007e-05,0.009201188900623119,0.052545463809927175
6931,0.13611854774268012,0.01683285429890137,0.8287242748017767,0.01832432315664185
6932,0.0007272746590772974,0.862528763320638,0.13644827649761812,0.00029568552266684493
6933,0.05688143113475871,7.981747049861739e-05,0.16858126835302908,0.7744574830417136
6934,0.2151224561896353,2.47333643900805e-07,4.2146238794507286e-05,0.7848351502379263
6935,0.3067927509399685,1.410952339668538e-05,0.06837220056989876,0.624820938966736
6936,0.8631708260524296,5.811652084321577e-06,0.0003087145114728831,0.13651464778401326
6937,0.00012230931337846564,0.8846011952100723,0.11507406224754028,0.0002024332290089409
6938,0.0006753400892129756,0.9268157587486743,0.07212219030245773,0.00038671085965493227
6939,0.13783865362599237,0.0019315768848830283,0.5890132686996103,0.27121650078951426
6940,0.8141405077889706,2.2701659256299496e-05,0.09214066779329724,0.0936961227584758
6941,0.03676480875225658,0.0007286475313633994,0.05906511321245016,0.9034414305039299
6942,0.8568109004061051,0.00044889535652983673,0.001333574711974425,0.1414066295253906
6943,0.9473319378503002,0.0068906778206159775,0.04049959195822124,0.005277792370862434
6944,0.06221781906952457,2.528461116419624e-06,0.11770317413573257,0.8200764783336264
6945,4.221082215816677e-05,0.9864201178561275,0.013526461859659462,1.1209462054935012e-05
6946,1.61354289282386e-05,0.9962029496333251,0.003779050081258361,1.8648564883216282e-06
6947,0.017437594081779004,3.7968675981713164e-05,0.29342992940270635,0.689094507839533
6948,0.0020583476045946897,0.9845353215971194,0.01337800826351589,2.832253476991525e-05
6949,0.051701901307596346,1.3813612914331496e-05,0.08327750440565396,0.8650067806738354
6950,0.23284168488768806,0.00037122818943823135,0.48907960114633026,0.2777074857765434
6951,0.0001545142985299488,0.9702672229694704,0.029510334474395994,6.792825760351635e-05
6952,0.9247284079666938,9.868263591626328e-05,0.009486113267213122,0.065686796130177
6953,0.7157930147402182,0.2805917722326774,0.0035932465957695427,2.1966431334966076e-05
6954,0.0004700013655892352,0.9687346160858703,0.03065525186570972,0.0001401306828307538
6955,0.0015540711598900539,0.8737928529414715,0.12422341753907676,0.0004296583595616207
6956,0.030826498593858397,1.3705347603590544e-07,0.00014352311911224326,0.9690298412335533
6957,0.009263652227855652,0.9341781394437485,0.056402518165958,0.00015569016243795406
6958,0.13081417801130743,0.008392215653912924,0.0017678039286933784,0.8590258024060864
6959,0.0011360151646943209,0.9893513937365884,0.0095056124113285,6.97868738865699e-06
6960,0.05302572699840129,0.007731889910192384,0.8584475054482228,0.08079487764318363
6961,0.008972378710540694,0.016955606258722614,0.9203414128956049,0.05373060213513197
6962,0.057836245126946385,1.1052085869178771e-06,0.14537894991296507,0.7967836997515017
6963,9.130187214585098e-05,0.9661081050509767,0.033739500713086006,6.10923637916508e-05
6964,0.038504642999484966,0.23368508130117538,0.7190102597606925,0.008800015938647184
6965,0.0001723821400827072,0.9770031141101946,0.0225826795653135,0.0002418241844094445
6966,0.5788253524541099,1.2264607451657641e-05,0.005698851483873087,0.4154635314545652
6967,2.3487945273141056e-07,0.9996863270401798,0.0003134160625423186,2.201782514473217e-08
6968,0.020978455607130103,0.018951159095825846,0.9367038746837589,0.023366510613285055
6969,0.0003824977966629876,0.9590502834967505,0.04042570538303575,0.00014151332355081457
6970,0.06397431490588297,0.0004285253528806064,0.6145649527093612,0.3210322070318752
6971,0.12254368348802659,0.012409769402457064,0.6599137274775342,0.2051328196319822
6972,0.04235937155275217,0.009302008249355308,0.925616673148397,0.02272194704949553
6973,0.949530434978265,5.755814559952438e-06,0.0028594037565494376,0.04760440545062555
6974,7.716434779505993e-05,0.9132689818809236,0.08657680634662698,7.70474246543814e-05
6975,0.0001533264887673161,0.9676981146029342,0.032085513386384205,6.30455219144288e-05
6976,0.04894540907778123,0.02285190277905503,0.9067624601377214,0.021440228005442367
6977,0.8366550145834907,2.1187570218231295e-05,0.00677404080582287,0.15654975704046822
6978,0.005407493676816691,0.815917616385677,0.1781600556246572,0.0005148343128491784
6979,0.5110695058446855,6.561067849510412e-06,0.003698288125417806,0.4852256449620472
6980,0.03567028171094605,7.421500806880173e-08,0.003975300523767199,0.9603543435502787
6981,0.0017022286886869478,0.8859076630726376,0.1121814648217329,0.0002086434169426983
6982,0.00036952291882595803,0.8951006414279418,0.10422958497046414,0.0003002506827682328
6983,0.9516023565169657,0.0014702694130117578,0.04476197427773688,0.0021653997922856196
6984,0.017401942365634915,0.15324294280861853,0.8184010120782292,0.010954102747517232
6985,0.0571096176069187,0.024870149445592283,0.8755091448527498,0.042511088094739136
6986,0.043253003549540286,0.0039058139959799423,0.874425961491914,0.07841522096256559
6987,0.696208256629626,2.5669103320304777e-08,0.002219640744621061,0.30157207695664945
6988,0.009559283792965516,2.297413227047073e-05,0.04225881730916183,0.9481589247656023
6989,2.382361757226729e-05,0.9820784917134668,0.017880592569322635,1.7092099638409446e-05
6990,0.9452157550304237,0.00023215675411746668,0.013506193507980482,0.04104589470747836
6991,0.12826915570217529,2.674548814265037e-06,0.018028908076211915,0.8536992616727985
6992,0.14533059298163534,1.5151004779227903e-06,4.477124273590015e-06,0.8546634147936132
6993,0.07067082275739954,0.03792769430637355,0.8709717619458337,0.02042972099039308
6994,0.0001669680441097785,0.9955424172832925,0.0042838281468979755,6.786525699614508e-06
6995,0.1538710864236891,0.008199472679733628,0.7906001582543668,0.047329282642210486
6996,0.0008546275537558113,0.9571383805626749,0.04145878118520208,0.0005482106983672488
6997,2.726610820637574e-05,0.9954305917320092,0.004536123281087543,6.018878696831831e-06
6998,0.06116633151782812,1.6080278380872595e-08,1.771195632765669e-06,0.9388318812062607
6999,0.061678694933975264,0.000572761645110928,0.7270110291436556,0.21073751427725818
7000,0.34968332139597197,3.702283169319151e-06,0.014394602342316726,0.635918373978542
7001,0.000328686017201261,0.9408889731156005,0.05849213705368869,0.00029020381350949203
7002,0.0659767934686711,0.0010173619273344404,0.7662552296921782,0.16675061491181625
7003,0.002450182205735159,0.8193162936671285,0.17745159382314823,0.0007819303039878476
7004,0.888092851389527,3.362626726888247e-05,0.081079512790259,0.03079400955294496
7005,0.574850198077793,1.2926975891531561e-08,1.7433277591548845e-05,0.4251323557176396
7006,0.7992450172002444,3.582995715653229e-05,0.08825145854096492,0.11246769430163403
7007,0.007373819412265154,3.534937287500062e-07,0.001323433852511881,0.9913023932414942
7008,0.17685322313311336,0.7630816319747322,0.0592228976338317,0.000842247258322686
7009,0.9363198136679314,1.6917153152906485e-05,0.03134497429709128,0.03231829488182441
7010,0.6670237609955615,1.1092526719137447e-08,3.51340709158951e-06,0.33297271450482013
7011,0.7847913029106721,0.002119497033449342,0.1602396421362575,0.05284955791962105
7012,0.021901023938167726,6.633356859171266e-05,0.01404633476211345,0.963986307731127
7013,0.0024026406660757355,0.968807222926374,0.028753957926153123,3.6178481397167414e-05
7014,0.0013543470245696847,0.965355039926867,0.0330030860314122,0.0002875270171511027
7015,0.03176875731626617,3.265555106104635e-05,0.07208430778355648,0.8961142793491162
7016,0.04714089839510945,9.377055397248307e-05,0.38688125501166554,0.5658840760392525
7017,0.01730126646193441,7.933263942314894e-07,0.010997537379210725,0.9717004028324607
7018,0.02254873837856172,4.183332241505311e-06,0.049810593715363345,0.9276364845738334
7019,0.4051191371620759,0.0005776849800413322,0.05096892662525634,0.5433342512326265
7020,0.0015664967307257509,0.96904346381104,0.029273808716665566,0.00011623074156855052
7021,0.16898947729435512,0.07883167099420478,0.7409829585751487,0.011195893136291386
7022,0.0005468403985304097,0.9001854418412351,0.09915955607107584,0.00010816168915879383
7023,0.9641797237926791,4.597435049624919e-06,0.013236253394639137,0.022579425377631943
7024,0.06416927813809147,1.1883539198215126e-09,1.0589265738367575e-06,0.9358296617469808
7025,0.6610300540235816,6.795404012760378e-08,0.0002195507341964998,0.33875032728818166
7026,0.2668628875392739,2.672101673593695e-05,0.2512165687144439,0.48189382272954634
7027,0.002676308136807385,0.8095464697792952,0.18639530916783809,0.001381912916059167
7028,0.011625378416710883,0.04549233218224879,0.9191655931061953,0.02371669629484496
7029,0.0006137335814449361,0.7522949109372967,0.2463970331052584,0.0006943223760000313
7030,0.36357571430928015,6.634820646442751e-07,0.00010322445862588487,0.6363203977500294
7031,0.08194641543054319,2.2107512265333493e-08,1.0470133294492514e-05,0.91804309232865
7032,0.08216567540139534,4.881453200032624e-07,0.015727018432624435,0.9021068180206602
7033,0.2168602458610763,6.367303961634839e-10,5.5273113202089566e-05,0.7830844803889913
7034,0.053117706788347166,0.15574968322304117,0.778418205948202,0.012714404040409667
7035,0.022171344667988403,4.009677724303041e-06,0.049651410235337985,0.9281732354189492
7036,0.9906734089164785,9.942037819532877e-05,0.00798760977467941,0.0012395609306468977
7037,0.00012293645976939528,0.9160119572697851,0.08368784014498556,0.000177266125460003
7038,0.001486258439430259,0.9821978401840659,0.016256708797723427,5.919257878042803e-05
7039,9.580630049390835e-06,0.9935778095938095,0.006410129753108033,2.4800230329454964e-06
7040,0.036500387105349266,0.0017665401703117775,0.896279689519159,0.06545338320518004
7041,0.9480904370437412,0.00010349562027030517,0.02296565389856925,0.028840413437419405
7042,0.23953902545210934,0.09032208290350636,0.6456470511567111,0.0244918404876731
7043,0.3106571858766497,0.005311541088917376,0.5369836470669913,0.14704762596744175
7044,0.275974179913999,2.0415581988660613e-05,0.22000982704144167,0.5039955774625706
7045,3.335113350747126e-06,0.997953110331649,0.0020432242475530637,3.3030744708201e-07
7046,0.03065833745796868,3.082843689220839e-05,0.3651782802639457,0.6041325538411935
7047,0.041076637558767476,0.1204720528801329,0.8295642315435509,0.008887078017548851
7048,0.0001867477362588614,0.9714854074711505,0.028212688923223882,0.00011515586936659139
7049,0.0009929881490725186,0.7169649668745323,0.2812083980943204,0.0008336468820749031
7050,0.6294509001723498,6.926383899130442e-07,0.004407129227643606,0.36614127796161666
7051,2.3780259071093326e-05,0.951121830022478,0.048814443501532453,3.99462169184109e-05
7052,0.0019222391169921192,0.9815047963086616,0.016565737008186344,7.227566159861985e-06
7053,0.0007892994220495166,0.7069602400223682,0.29153060709856254,0.0007198534570197931
7054,0.14482707009907408,5.365805377768819e-05,0.29988150718607165,0.5552377646610765
7055,0.8644544068412776,6.91350111761181e-08,0.0007116126415421869,0.13483391138216907
7056,0.003630613087705171,0.9955900374740168,0.0007751212366807238,4.228201597173695e-06
7057,7.57881961304046e-05,0.994671409974191,0.005240436776757136,1.2365052921289915e-05
7058,0.005514730428907161,0.9937395433563244,0.0007448063084790949,9.199062892990667e-07
7059,0.40522508124644296,7.125065822525187e-08,2.7171306565410605e-05,0.5947476761963333
7060,0.010500662523496027,0.06361080768462075,0.9126463962762345,0.013242133515648704
7061,0.00034883589814196014,0.8348814367699914,0.16449147575471862,0.00027825157714809914
7062,0.9761735071892985,0.007591847273327236,0.016022642307535553,0.00021200322983866058
7063,0.3570574537405823,0.0010677446426195774,0.34109625562384266,0.30077854599295545
7064,0.020995642821204967,0.017020921182060816,0.9315992449761442,0.03038419102058999
7065,0.0005575404233723427,0.9684898679804416,0.030877591261105928,7.500033508007462e-05
7066,0.02689405246689821,0.004805799557818184,0.03105264147191984,0.9372475065033637
7067,0.0024030846384836195,0.8988762302034138,0.09738759956083047,0.0013330855972721223
7068,0.392704129261983,0.07947179579027153,0.5170754968692026,0.010748578078542816
7069,0.0005668440895056563,0.9393343613971975,0.05959934089382583,0.0004994536194710151
7070,9.868163252047377e-05,0.9935710066713831,0.006312537872695122,1.777382340129013e-05
7071,0.017826388547492047,0.30733520437906114,0.6699349412415887,0.004903465831857959
7072,0.0007394050853984558,0.9504511872339049,0.04872920693842914,8.020074226742927e-05
7073,0.0011410973848152129,0.9618384169068307,0.036931127112223655,8.935859613049267e-05
7074,0.551987850939021,3.20637996189347e-09,0.0001377910337906287,0.4478743548208084
7075,0.0018111201218110329,0.9257892046212393,0.07232584966241058,7.382559453919723e-05
7076,0.894256972396735,0.005253769768720295,0.09361649504788427,0.006872762786660531
7077,0.11606938043676553,6.88729731079374e-05,0.3656225525409049,0.5182391940492216
7078,0.1633539648736029,0.001237465208957788,0.6701608593912987,0.1652477105261406
7079,0.7851723540370096,0.0001407756205191595,0.018446948794999887,0.19623992154747116
7080,0.9790064716629,6.339239940474779e-05,0.0032089088356115,0.017721227102083736
7081,0.6913743441467384,2.2460147321770643e-05,0.1220014926410437,0.1866017030648961
7082,0.00010555175760606712,0.9640334843187587,0.0358032999928766,5.766393075854962e-05
7083,7.279231021587667e-06,0.992188822997581,0.007799349765690401,4.548005706737772e-06
7084,0.0002532320263458321,0.9449636626264082,0.054273124014639226,0.0005099813326069471
7085,1.040186936318844e-05,0.9963436383813715,0.003644904776667037,1.054972598225801e-06
7086,0.0001026886633970499,0.9433661489346992,0.05640202697934038,0.00012913542256323815
7087,0.00023366757212658866,0.9361593174982559,0.0635096009706368,9.741395898074907e-05
7088,0.11401139072569857,0.09963390372390589,0.7730761428223646,0.013278562728030999
7089,0.10089990732851915,0.00022633936073225466,0.6705154278306378,0.22835832548011087
7090,0.0003828770186473928,0.9789652388563702,0.020633194945089715,1.868917989272852e-05
7091,0.0047365137931302545,0.308125729199167,0.6754163162599016,0.011721440747801262
7092,0.7998348213339317,9.176722385997039e-05,0.028519884262089516,0.1715535271801189
7093,5.992693717686808e-05,0.9944616301325099,0.005464989282380537,1.3453647932647747e-05
7094,0.39519661714276905,3.029148501638369e-10,3.433662429630679e-07,0.6048030391880731
7095,0.038215776976607704,0.03250282743436131,0.9203527259219955,0.0089286696670354
7096,0.0006117921983625752,0.952316884621263,0.0469869701287802,8.435305159414563e-05
7097,0.00012326284569602163,0.8741786378213849,0.12531762092533533,0.00038047840758386223
7098,0.18156099809451867,9.283272104202044e-06,5.321748787055053e-06,0.8184243968845901
7099,0.02022058586772668,0.00026193267411004576,0.13745874430083285,0.8420587371573305
7100,0.05856907276835739,0.00023794624784773488,0.4766328946658999,0.464560086317895
7101,0.00043274058240881565,0.9960952695910127,0.0034545136340106176,1.7476192568041316e-05
7102,0.011176190498467449,0.08604266743163742,0.8875027851692074,0.015278356900687788
7103,0.0351200120161336,0.0005573855124725431,0.0004804045743430779,0.9638421978970507
7104,0.011878983799530517,0.005194085840053705,0.9415389361158937,0.04138799424452204
7105,0.008331930288457455,0.9417514056208433,0.049760626190820466,0.00015603789987873637
7106,0.04557821133212709,2.917610224469507e-06,0.10706050087955125,0.8473583701780972
7107,4.706643332144427e-05,0.935732799457226,0.06414797769447028,7.21564149821453e-05
7108,0.042750828866679594,0.9166234461417151,0.04046441306836019,0.0001613119232451155
7109,0.0002782504916388901,0.9994185523629114,0.00030317239334996224,2.4752099805246212e-08
7110,0.002774049241448244,0.9969134316829398,0.0003110178459114476,1.5012297006004702e-06
7111,6.663489405928867e-05,0.987558650987925,0.012356567537553997,1.8146580461761192e-05
7112,0.00042504378625978943,0.9172621454037934,0.08212608907565035,0.00018672173429636654
7113,0.00080610767028007,0.8268427626867907,0.17204606955997187,0.00030506008295746697
7114,0.40601993000166364,1.3337771151163341e-05,0.004249001900319809,0.5897177303268654
7115,0.0007496029969910479,0.9977653689262846,0.0014836883996212412,1.3396771032830307e-06
7116,0.0007564536108744117,0.797421478994854,0.20096806210955315,0.0008540052847182814
7117,0.8319967303188905,0.0038957262161539163,0.15711549974572428,0.006992043719231213
7118,0.011870512530494377,0.056522575867036295,0.9140805413881804,0.017526370214288826
7119,5.9171420419785e-05,0.9707421085032348,0.029184725862354242,1.3994213991191993e-05
7120,0.950219131946827,5.015245257081777e-05,0.02050012459231831,0.029230591008283957
7121,0.04398868750800612,0.0024053457808016977,0.8691428783370908,0.08446308837410128
7122,9.421357934422104e-06,0.9815403978622801,0.018431443484955054,1.8737294830691464e-05
7123,0.0002507401538771243,0.9693370597492932,0.03037952214118283,3.2677955647040186e-05
7124,0.4625490180168062,0.0015273591063407073,0.20863996165228063,0.32728366122457236
7125,0.60888307420584,0.06462687805607063,0.3222151443411689,0.004274903396920526
7126,0.858731908677127,3.972314932907899e-06,0.0004113360440315596,0.1408527829639083
7127,0.0003107550443306947,0.9016781897037993,0.09788158354470175,0.00012947170716833033
7128,0.08569012558899189,8.72042790980371e-06,0.08693022732976972,0.8273709266533287
7129,0.02005777394406472,5.822255396098127e-05,0.06425780725914451,0.9156261962428298
7130,0.0389982943041041,3.0938944859096204e-08,0.01076083057456995,0.950240844182381
7131,0.2532070897933025,0.005961346403131106,0.00733090512658005,0.7335006586769863
7132,0.0018487666717961137,0.4327673688589932,0.5606412018378294,0.004742662631381305
7133,0.00011962377415958029,0.9261123653130802,0.0736757751305702,9.223578218996403e-05
7134,0.09660527037200761,0.03000237383450203,0.8560287063918195,0.017363649401670882
7135,0.0013932919738574125,0.910219419868578,0.08782776520761504,0.0005595229499495217
7136,0.18064634223254905,0.030390418963923922,0.7513293198636671,0.03763391893985992
7137,0.013220493608667568,0.01607856017257815,0.9510650852799896,0.01963586093876488
7138,0.869548094247507,5.890470548757768e-07,0.000644955660089357,0.12980636104534876
7139,0.9272148032505392,0.00018915710736215616,0.02128602020743895,0.051310019434659744
7140,0.03900172695119287,0.011806811752958552,0.9253703108658875,0.023821150429961076
7141,0.001767939942479066,0.958905707137201,0.039250907308728177,7.544561159168393e-05
7142,0.024859742130723964,0.0055876179515635515,0.8652532415841636,0.10429939833354894
7143,3.068850252441031e-05,0.9843976216465975,0.015566049988879647,5.639861998453078e-06
7144,0.0003342163396681219,0.8667565971536542,0.13216155629003745,0.0007476302166402371
7145,0.00378563243362904,0.9961616950124822,5.265934128992095e-05,1.3212598968317054e-08
7146,9.32844368980155e-06,0.9941438847548761,0.005843934109082804,2.852692351233652e-06
7147,0.7026955323339407,0.00012625696528607543,0.0007442839404902589,0.29643392676028296
7148,0.010582399736815507,0.7800762229348726,0.20800535726115216,0.0013360200671596269
7149,0.052474186319051375,4.376718922158702e-08,0.003430095974142576,0.9440956739396168
7150,0.34245050425037576,0.000281517591226451,0.04457441691267742,0.6126935612457204
7151,0.0054189054515577945,0.08605022742719524,0.892101309255458,0.01642955786578891
7152,0.07662043434899665,0.09073523310502113,0.8150051152547294,0.017639217291252614
7153,0.037543248012443575,0.008826058958826474,0.8758206535946128,0.0778100394341171
7154,0.005515065206296884,0.0830739579223518,0.9002656372655253,0.011145339605825925
7155,0.7339876888540131,0.00019167738987045915,0.15277532204240118,0.1130453117137153
7156,0.9420957852829743,1.320519127025166e-08,7.402221939156824e-05,0.05783017929244276
7157,0.15102707060961373,0.009977721420710774,0.7720382206459746,0.06695698732370087
7158,3.352451765161179e-05,0.999578980812289,0.0003874166338285185,7.803623103466465e-08
7159,0.015481920014807592,0.11109935686286368,0.8660931625897476,0.0073255605325812006
7160,3.7953429630187235e-05,0.9814579351197912,0.018465049886745886,3.9061563832876964e-05
7161,0.02358206349603931,3.629983415325613e-06,0.07003594869498705,0.9063783578255584
7162,0.04617455238754823,5.3844808185767595e-06,0.10373445466038925,0.8500856084712438
7163,0.0033688725626604423,0.9334090338905929,0.06307740302200775,0.00014469052473876142
7164,0.05916079803245032,3.182873814657352e-05,0.41415034370292997,0.5266570295264731
7165,0.04886982315210746,0.7454949655459678,0.20448418744382288,0.0011510238581017426
7166,0.017418029703206668,0.8067217061895603,0.1744499721260106,0.001410291981222621
7167,0.9428358001872299,0.04451218334932496,0.012436395081966025,0.00021562138147918064
7168,0.0004650069135479782,0.8698449522718742,0.1292612987436417,0.00042874207093617666
7169,4.8328010731524924e-05,0.9845333914260611,0.015375820691465491,4.24598717420036e-05
7170,0.0020781473670750694,0.9258787964141757,0.07190627703487963,0.0001367791838695531
7171,0.0035774760591656446,0.8964842337982316,0.099683880439344,0.00025440970325863523
7172,0.6512905591959642,0.1443653769716734,0.20304948870395778,0.001294575128404457
7173,0.7587258884419165,0.0040944498055354075,0.22173829157559397,0.015441370176954157
7174,0.057120666556816274,0.033474311328870854,0.8873096877215862,0.02209533439272675
7175,0.0014468924953691179,0.952358163964381,0.04606643174865885,0.00012851179159101484
7176,0.37406300603690557,1.0802725127179016e-05,0.04364136254920447,0.5822848286887629
7177,0.21560769525578244,0.5014715510150358,0.2809023783494378,0.002018375379743891
7178,0.000551274991379895,0.8583483759665845,0.14052632769478557,0.0005740213472501112
7179,0.0001957061064335107,0.9472340982472278,0.05248941556350334,8.078008283534856e-05
7180,0.005642027675517669,0.9904611995264623,0.003889559761292508,7.213036727651044e-06
7181,0.0067574823850958775,0.7552896859144338,0.23729004272243384,0.000662788978036458
7182,0.0766161526573778,1.2790526554985438e-05,0.08893281886692982,0.8344382379491373
7183,0.23836820096040345,1.484491963631756e-07,4.4079816948720304e-06,0.7616272426087053
7184,0.00833185712932206,0.2630789406265325,0.7177907709194101,0.010798431324735479
7185,0.5956168629843237,5.477780272282238e-06,0.0531246967649553,0.35125296247044874
7186,0.02456462394393996,1.109191578662017e-06,0.022548669765795455,0.9528855970986859
7187,0.7530916066823065,0.0009456155038452087,0.19387272615831216,0.05209005165553624
7188,0.025706194137869266,0.00993694876665636,0.9356963685503545,0.028660488545119853
7189,0.2976433232260724,3.137786840050512e-06,0.04133110161517627,0.6610224373719112
7190,0.8251139112568735,0.000527373451740588,0.09751330232503956,0.07684541296634619
7191,0.0001366601677975053,0.9774962755010137,0.022291812170982757,7.525216020611853e-05
7192,4.374459953927401e-05,0.9984852564636955,0.0014636927497402431,7.30618702486164e-06
7193,0.7503547095533345,1.4861315589877887e-05,0.010938479338525198,0.23869194979255043
7194,0.000491660029590701,0.9137660922856844,0.08529028458932268,0.0004519630954020953
7195,0.00024911665807832156,0.935689886717282,0.0639359733509683,0.00012502327367143324
7196,0.5067873023931025,5.543642724335855e-06,0.00034760517397379936,0.49285954879019933
7197,0.9307268852808172,9.936071779968807e-07,0.0021707349917814496,0.06710138612022327
7198,0.00014141285270312024,0.9665519986158159,0.03298750693683092,0.0003190815946499811
7199,0.0006600355519440817,0.998844991310976,0.0004944544198187878,5.187172610790137e-07
7200,0.04964905887369163,7.390984962306975e-07,1.0404031309867863e-06,0.9503491616246812
7201,0.008748195290149655,5.111734310677279e-06,0.025333253627819095,0.9659134393477206
7202,0.02240113854854065,0.007959606887944556,0.9311266154240248,0.03851263913949016
7203,0.005919917094379363,0.7546022089923816,0.2363599570428273,0.0031179168704116534
7204,0.005512909082055051,0.9603726104667888,0.033916808616399466,0.00019767183475661584
7205,0.004016528316469286,0.8811405353917783,0.1136557066241796,0.0011872296675729157
7206,0.0358776877960125,0.014047422900612078,0.6390051268482275,0.311069762455148
7207,0.0006816801395037921,0.8493002901186929,0.14980041448429465,0.00021761525750863805
7208,4.372373282275694e-05,0.9605483078968972,0.03920117108303039,0.0002067972872497759
7209,0.04358997845934466,0.0019048375077645343,0.7929122369098222,0.1615929471230686
7210,0.00010072217203239034,0.9546124288127256,0.04510027076169307,0.00018657825354906644
7211,0.00011885356170041124,0.8606540130341049,0.13902844062092498,0.00019869278326969041
7212,0.0003493477493580805,0.9470458586560893,0.05231738952613254,0.00028740406842016824
7213,0.030250712341704646,0.00032535059520045275,0.7372901356742844,0.2321338013888106
7214,0.043160703152742244,0.0002322709063964357,0.39142564075884173,0.5651813851820197
7215,0.00036948596128558603,0.8389283328210255,0.16057133497883402,0.00013084623885490805
7216,0.9884933274157215,0.003429190716163882,0.00791817632508309,0.00015930554303177338
7217,0.5914780851859607,0.01187157181432783,0.24185896688873992,0.15479137611097155
7218,0.9980075951899382,0.0003640567301395904,0.0014718988182144408,0.00015644926170802642
7219,6.935390913501147e-06,0.9896607037238728,0.010324760096765764,7.600788448017902e-06
7220,0.6802786663528945,0.0006751374902156503,0.22461712468274056,0.09442907147414928
7221,0.03602129622124144,0.1671774801685383,0.7935527132211786,0.0032485103890415785
7222,0.02968097628545618,0.0005462154883449538,0.01801184818769389,0.9517609600385051
7223,0.05392936779846727,6.406283237302292e-05,0.006026278126149167,0.9399802912430105
7224,0.021503493207539918,0.008729361415282908,0.9077077118750874,0.062059433502089825
7225,0.07968497063212318,6.5678978501725765e-09,0.0003766580818817713,0.9199383647180972
7226,0.00019455329943816313,0.9377503088199901,0.061914271315044754,0.00014086656552694422
7227,0.0004486080570450693,0.8857759849590922,0.11346342038041962,0.00031198660344321715
7228,1.7294893816059778e-06,0.9921640024061228,0.007827862309723375,6.405794772194174e-06
7229,0.049078343744361166,1.6889044360727444e-08,1.8254648775074982e-05,0.9509033847178195
7230,0.005133853984638656,0.06476275647650202,0.9153689879988469,0.014734401540012263
7231,0.0753811605099355,0.9122917168704892,0.012320752124638424,6.370494936747509e-06
7232,4.3533490534960265e-05,0.9951013739430239,0.004847547151252283,7.545415188987604e-06
7233,0.04056317342077091,0.0007895982348118232,0.7546438767594488,0.20400335158496863
7234,0.4582679643390267,3.22029636710997e-08,0.0004785984415463278,0.5412534050164634
7235,0.02596162212813146,0.22350214442534577,0.7339898901044053,0.016546343342117544
7236,0.07938485965865145,3.3298949612645644e-05,0.012405026618024362,0.9081768147737116
7237,0.02727973564217046,2.3736383853967645e-06,0.1249644314352261,0.8477534592842181
7238,0.04763757615059794,9.483679555344104e-06,0.07671345012736247,0.8756394900424842
7239,0.00047807424152658355,0.780398271017213,0.2183058577212706,0.0008177970199897605
7240,0.10457523048798016,0.00015323899392071883,0.06399301565303112,0.831278514865068
7241,0.00024828619445194566,0.8912962790897448,0.10824045079800425,0.0002149839177988793
7242,0.21534711439804508,0.7839524427137613,0.0006977419577957208,2.7009303977108833e-06
7243,0.00022696575940907271,0.9420862187264714,0.057585095566345036,0.00010171994777444564
7244,0.8669819784468883,1.4977557018427895e-08,2.0843968724656644e-05,0.1329971626068299
7245,0.09260193347503227,0.005784849110331821,0.8167064940652377,0.08490672334939839
7246,0.222997091608611,4.8096710641909645e-05,0.120992191110335,0.6559626205704121
7247,4.71182102958465e-06,0.9996720378491553,0.00032320922304030094,4.110677485410034e-08
7248,0.013259157121899389,0.23989232906230099,0.7343317879825007,0.01251672583329892
7249,0.008705000954552547,0.03229824869698585,0.9376932765907884,0.021303473757673226
7250,0.00036007411803524395,0.7903626691220972,0.20896892384585175,0.0003083329140157091
7251,0.02616333586232465,7.189550372114025e-07,8.862114357708705e-06,0.9738270830682804
7252,0.02968066895070166,0.0054596085958523236,0.1536880437535708,0.8111716786998752
7253,0.10973170858411446,3.79964047367842e-08,1.573951750762017e-06,0.89026667946773
7254,0.31848148247686786,1.1893005845388284e-06,9.645971134699453e-05,0.6814208685112007
7255,0.0003875403699493699,0.8966843426065214,0.10267932587423098,0.0002487911492982022
7256,3.24495954323482e-05,0.9772635260599635,0.02269416527507592,9.859069528303818e-06
7257,0.020739118859130996,0.46171599967676247,0.5157749487144392,0.0017699327496671763
7258,0.0001699569062155274,0.9677864106351035,0.03200156318885811,4.206926982267052e-05
7259,0.9319359933387289,0.005019622716407468,0.06230326433539476,0.0007411196094686756
7260,0.00011283903261781712,0.9685014256376041,0.031274319310909265,0.00011141601886888015
7261,0.07764591234063821,0.45593254083904655,0.46413484798967064,0.002286698830644549
7262,0.002161716892226309,0.8789623864302571,0.11760642059164528,0.0012694760858712067
7263,0.027686534968682463,0.13912712341365302,0.825169776215923,0.008016565401741468
7264,1.9052952305383725e-06,0.999680144086409,0.00031789595575878706,5.4662601669829664e-08
7265,2.4359313596633025e-05,0.9983446445067118,0.0016306990798994826,2.9709979203347016e-07
7266,0.0016039018426399526,0.8979222983524466,0.10040084262409758,7.295718081594146e-05
7267,0.424929926485457,0.5031377234941548,0.07148954508680946,0.00044280493357878214
7268,0.01109981892015196,0.11598333471377505,0.8564157373559145,0.016501109010158676
7269,0.01877934303230543,4.038998794199575e-06,0.025615590855120152,0.9556010271137804
7270,0.004009567189997322,0.870453858843923,0.12493437531061952,0.0006021986554600453
7271,0.004149264401637867,0.018353011697624187,0.9505827547163755,0.02691496918436235
7272,0.003019525056087263,0.8216781718455191,0.17496624324374271,0.00033605985465112444
7273,0.13209029408546233,0.0002803867616322827,0.23665062989186877,0.6309786892610366
7274,0.059695537030427265,0.00012021684748201564,0.49932240650548476,0.440861839616606
7275,0.00040683327014108626,0.9575213837632578,0.04187832329412564,0.0001934596724754045
7276,0.9659561537048014,0.00027936920862216334,0.018565667149628127,0.015198809936948391
7277,0.011894096705437875,0.898434946555242,0.08946795742444369,0.00020299931487627519
7278,0.057566497175107124,0.002344603502049289,0.7105128885006808,0.22957601082216272
7279,0.9506446359053929,0.005658225024231514,0.041764415732936835,0.0019327233374386334
7280,0.4480840291338478,2.44494650084335e-09,0.0005330508149239855,0.5513829176062818
7281,0.0033495511896604845,0.9847481080027882,0.01175892379253225,0.00014341701501882338
7282,2.4670801848195448e-06,0.9950151456771871,0.004978494721149125,3.892521479036893e-06
7283,2.196257117515775e-05,0.9732291833429638,0.026704768651473566,4.4085434387477244e-05
7284,0.9431372912852332,0.00012125058002801227,0.029595471704291044,0.027145986430447955
7285,0.06503232423371726,2.1928289158142506e-05,0.14006505890228962,0.794880688574835
7286,0.0743468074518932,0.00025879578723836936,0.6882560195048931,0.23713837725597522
7287,0.06426005004472785,0.7184119589822023,0.2157726893645483,0.001555301608521623
7288,0.0015419675236163514,0.836986895874445,0.16052690242394088,0.0009442341779980267
7289,0.00017048723501856983,0.952045348224649,0.04764933346575434,0.00013483107457798774
7290,0.000320764540306572,0.801159987386521,0.19818587861224513,0.00033336946092717905
7291,0.09585841227746612,0.06122313836816683,0.8374281890210261,0.005490260333340895
7292,0.9632970278525184,0.006484010043496157,0.028027597719679845,0.002191364384305704
7293,0.6528469847055977,2.743162909443306e-07,0.004512906017142834,0.3426398349609686
7294,0.15880480738250063,1.5595143966874042e-07,3.241637250358229e-05,0.841162620293556
7295,7.133572733789263e-05,0.9988932550101642,0.0010349871879628757,4.220745348708708e-07
7296,0.0017057066497031968,0.8172076230076021,0.1797936873453771,0.001292982997317586
7297,0.026502455955858806,1.146791475028794e-06,0.05973636866956845,0.9137600285830978
7298,0.9374227680458598,1.139540148442664e-06,0.0002451210212247036,0.06233097139276698
7299,0.19850226806196378,5.435161168609073e-08,0.0020217645402861883,0.7994759130461384
7300,0.0013965019057278723,0.44017706232480275,0.5568358001707135,0.0015906355987558155
7301,0.0002655700732702217,0.9873461692855923,0.012349379977690325,3.888066344735031e-05
7302,0.00032842056542641603,0.9990409377373193,0.0006305006734833679,1.4102377090550638e-07
7303,0.022753339613391415,5.12112932350039e-07,0.02144691928135697,0.9557992289923192
7304,0.8272934440246066,6.89146048155763e-06,0.027044845652940776,0.14565481886197082
7305,0.003465486336278673,0.9016744289475521,0.09474729011185845,0.0001127946043107932
7306,0.05198919288061534,0.3172201410655114,0.6273296097569376,0.0034610562969356563
7307,0.40746622195173027,0.00022575456128810277,0.0011862742948518426,0.5911217491921299
7308,0.34683975286211455,0.6120136142685337,0.040782329350708475,0.000364303518643261
7309,0.12596727431219137,2.0958741685515997e-05,0.31235552974508213,0.561656237201041
7310,0.000628671791999438,0.8233777791921186,0.17520159614035416,0.0007919528755278874
7311,0.9042227375008064,0.007093046485500656,0.07597918838961452,0.012705027624078442
7312,0.03361002342696794,8.424350273518427e-08,0.020145605548985188,0.9462442867805442
7313,0.7939754286885395,0.20587481556280499,0.0001493668888330713,3.8885982233758916e-07
7314,0.6823229529903834,2.8764543746805527e-05,0.12742169482259266,0.1902265876432772
7315,0.6076713326311031,1.1413091891607929e-06,0.0010904362627807529,0.391237089796927
7316,0.19439633106377135,1.2383608773723941e-05,0.04739994231474626,0.7581913430127087
7317,0.005437064742825646,0.9803176041061039,0.014205991636031229,3.933951503912699e-05
7318,0.00023098537457317167,0.9594781119768426,0.04021801384131853,7.288880726584905e-05
7319,0.001017455484801492,0.7352421941116777,0.26196028557609513,0.0017800648274258087
7320,2.8721728168901107e-05,0.994865269249028,0.005101905874202646,4.103148600464836e-06
7321,4.734844315983291e-05,0.9901616030991263,0.009783605215841458,7.44324187235688e-06
7322,0.07391830018185662,0.46438748096795746,0.46042017188208445,0.0012740469681014697
7323,0.00502299846048154,0.8176553139000052,0.17688848425609238,0.00043320338342084467
7324,0.03412570744355473,0.014393192787852773,0.9204307090806592,0.03105039068793322
7325,2.8739673443724723e-05,0.9856503073923458,0.01430957720741777,1.1375726792674364e-05
7326,0.08251154088924162,0.004265433948348583,0.7954115648488909,0.11781146031351884
7327,0.013103649586650461,0.18528717996567728,0.7755933041239208,0.026015866323751344
7328,0.055936994371416145,0.032348329094255834,0.8581862632276858,0.05352841330664227
7329,0.030522534175964337,0.02545506042330066,0.9125489590245839,0.0314734463761511
7330,0.015352976370344402,0.5665143668254561,0.4149384805851751,0.0031941762190245437
7331,0.06520528356577776,4.960953511268026e-05,0.27360681553510385,0.6611382913640058
7332,0.14298018523255177,8.509075296250046e-07,0.00042704581438467485,0.8565919180455339
7333,0.00034630157828680546,0.8723029528239086,0.12704633717090832,0.0003044084268963316
7334,0.005127310701564164,0.847194141901587,0.14712349426530996,0.0005550531315389519
7335,0.019227285959393936,0.3363074104256848,0.6311703427836639,0.013294960831257292
7336,0.4527265753966122,5.4902929896887823e-08,0.00023950539607057593,0.5470338643043874
7337,0.9468480863506492,1.4843189150810178e-05,0.024891407188271642,0.028245663271928262
7338,0.36299953755462605,1.6015156135691418e-09,7.914852264202488e-05,0.6369213123212163
7339,8.016397507220487e-05,0.9994869589845841,0.00043260956375019077,2.6747659341913206e-07
7340,0.023537767245473767,0.0005654571866947558,0.7333595359787656,0.24253723958906576
7341,0.00013224863500287172,0.9420350183615668,0.057780323715964046,5.240928746629186e-05
7342,0.14887614484334807,0.035581867661494355,0.7892834774202023,0.026258510074955218
7343,0.21830448819960085,0.04769448765462304,0.6846164993144405,0.049384524831335805
7344,0.213291501288569,0.0008100473917193831,0.6323892069562616,0.15350924436344998
7345,0.6048690308924703,0.006052954504120749,0.3688690667148722,0.020208947888536798
7346,0.050468227773830865,0.004394207711253539,0.8557877923036044,0.08934977221131139
7347,0.0025935707843311377,0.950943580415655,0.04641448799946793,4.8360800546002276e-05
7348,0.898372516162732,2.7926380261116614e-08,0.0002695888148666709,0.10135786709602113
7349,0.04154061023183278,6.741077842993551e-06,0.11930639482331586,0.8391462538670084
7350,0.0008041648871157765,0.9808725311085563,0.01812616144694328,0.000197142557384643
7351,0.000704908016375736,0.9501042961060112,0.04910483922597605,8.595665163690821e-05
7352,0.021202552085268146,1.859991019015278e-05,0.15498976621207117,0.8237890817924705
7353,0.013781889750651345,0.8833297029949548,0.10217459470669712,0.0007138125476967498
7354,0.03078959778827881,0.038225643954923144,0.9094261533652624,0.021558604891535733
7355,0.8355331349755954,6.24451412802484e-07,0.0013951007571680184,0.16307113981582386
7356,0.00031934191132956276,0.9461349195400274,0.053435007395077984,0.00011073115356493575
7357,0.14620563258085537,5.023820592839116e-05,0.19561111685842367,0.6581330123547926
7358,0.001988371578793687,0.7971502128226732,0.20064889055455534,0.00021252504397773484
7359,0.11123912193041895,0.04540679056493307,0.8203734061549983,0.0229806813496496
7360,0.021391800612057324,8.306269270308626e-06,0.1935426889063637,0.7850572042123087
7361,0.9346208570731935,6.842307321187018e-08,0.0014071798458438714,0.06397189465788936
7362,0.0011014274665518211,0.9760214883822541,0.022792567444948123,8.451670624615553e-05
7363,0.92850932298537,0.017429252396199902,0.05288148771639155,0.0011799369020384998
7364,0.00010199063552246228,0.9521464042684217,0.047627461208316554,0.0001241438877394579
7365,0.010090252926790423,0.2888388063122364,0.6957476919056382,0.005323248855334892
7366,0.8158048992281163,0.16709255076072538,0.016882427140550008,0.00022012287060834592
7367,6.451108141974769e-05,0.9723879725961787,0.027519231515098486,2.8284807302979087e-05
7368,7.330007733275608e-05,0.9657188126423217,0.03413944351357987,6.844376676561604e-05
7369,2.288078250397593e-05,0.9909301854856204,0.009041751552694684,5.1821791807836634e-06
7370,8.819530350573036e-05,0.9135016318113374,0.08623274284544201,0.00017743003971486048
7371,0.9595386349142933,0.0023161482350837013,0.036972212420443094,0.0011730044301798876
7372,0.019887180558682712,2.2639086233701406e-07,0.02231526157293036,0.9577973314775247
7373,0.0035261025520264893,0.9322302795063636,0.06403338172086996,0.00021023622073968544
7374,0.0032328159608706166,0.5144267521097816,0.4797415238184742,0.0025989081108736406
7375,0.0004943642490704386,0.8320466081548622,0.1669623134349576,0.0004967141611099031
7376,0.00763205493440786,0.077503354373577,0.908234014503044,0.006630576188971106
7377,0.00015814471787107339,0.8976965345450946,0.10178304056600614,0.00036228017102813
7378,0.0002835837595461873,0.9749312729570003,0.024665493542600378,0.00011964974085317683
7379,0.03752716138325269,0.9305080387056066,0.03182496931726204,0.00013983059387873722
7380,0.05209051529091421,4.010616470784848e-09,4.4705574180011573e-07,0.9479090336427275
7381,0.000204810730342748,0.9656272387888437,0.03403295627236041,0.00013499420845298931
7382,0.0003658775098392217,0.954923304458339,0.04455864131140723,0.00015217672041451
7383,0.004238384190320407,0.023436871903708596,0.9454681487855833,0.026856595120387808
7384,0.04435623831727679,2.2415709694390886e-06,0.0010016780144433105,0.9546398420973105
7385,0.006339313577057838,0.27033394134237554,0.7195917544062098,0.0037349906743568066
7386,0.00012384686596293018,0.9617158483139554,0.03807005512883448,9.024969124707883e-05
7387,0.8207191699334244,4.8526712304501253e-05,0.07529752364080289,0.10393477971346798
7388,0.0034977932951855864,0.4436428980183261,0.5403932126662446,0.012466096020243636
7389,0.0003960021415542702,0.9558935736962098,0.043648378677577315,6.204548465854132e-05
7390,0.01481865977350272,0.023755942486733184,0.9281640465723159,0.033261351167448036
7391,0.09265400005825647,3.773540752089465e-05,0.0003415180533512208,0.9069667464808714
7392,0.006128327974131614,0.4865468305715327,0.5047694705338811,0.0025553709204546196
7393,0.8959080535602199,0.002275133591369494,0.0016470315054867677,0.10016978134292369
7394,0.865462342267702,0.002371561308064932,0.11381819274739934,0.018347903676833668
7395,0.019779267213141598,0.011851530110827685,0.9034105197674864,0.06495868290854416
7396,0.620034823130451,0.331612855664513,0.04601115226844259,0.0023411689365935512
7397,0.054373551413980564,0.12128986327119724,0.7991961678587245,0.025140417456097765
7398,0.0005308367822762255,0.9818888029445209,0.017565070029600418,1.5290243602562917e-05
7399,0.0072798626625493424,0.9808957565124321,0.011816994729004014,7.386096014311515e-06
7400,0.2851069657205753,9.901739642131515e-07,0.00013148048750574826,0.7147605636179546
7401,0.0004117046430747373,0.8607525344711344,0.13856350819366114,0.00027225269212982725
7402,0.8919458730538719,1.6521871795340484e-05,0.008000807776791005,0.1000367972975418
7403,0.9978306837081751,8.499216904129735e-05,0.001954621243167726,0.00012970287961591896
7404,0.9603451438217915,7.045564765148305e-05,0.02521374923039623,0.014370651300160873
7405,0.000887705491966763,0.9801096656973418,0.018953790716511223,4.883809418028892e-05
7406,0.09265713864312615,0.9073053934534425,3.7435781044161424e-05,3.2122387191196594e-08
7407,0.021530210578585392,0.030528378972328456,0.9248022769745752,0.023139133474510885
7408,0.5363995971068748,0.0016131559534851721,0.19854845927190637,0.26343878766773365
7409,0.00022648439918878532,0.9212775768949628,0.07842199264930584,7.39460565424523e-05
7410,0.6899036202318118,0.2454371775089799,0.06433219100297137,0.00032701125623701115
7411,0.0001511005884625953,0.9726156285142189,0.027184837410634804,4.8433486683706114e-05
7412,0.07111942353069828,1.754072992057465e-08,1.1824353237517999e-05,0.9288687345753343
7413,0.022588678435858326,7.126456634301885e-10,5.858623860856666e-08,0.9774112622652574
7414,0.018023353159368344,5.293823736044651e-06,0.021776595835491984,0.9601947571814037
7415,0.0015969644660027513,0.8916769358976688,0.10629836034539847,0.00042773929093011724
7416,0.904796304090193,0.00022142045049928984,0.05225101122314518,0.04273126423616257
7417,8.705573871724528e-05,0.9172164435759684,0.08256151161481134,0.00013498907050292697
7418,0.00478095943563705,1.3781176739565138e-10,8.732189871207627e-06,0.9952103082366799
7419,2.484844358550455e-05,0.9996710115369133,0.00030410438167044896,3.563783060201964e-08
7420,0.8634457550191955,0.0006470438237848736,0.06478319366277147,0.0711240074942479
7421,0.0015668633147297257,2.3528520380767827e-05,0.043080463533716994,0.9553291446311725
7422,0.015765657587984632,0.0020523555771757617,0.06792604346253996,0.9142559433722998
7423,0.12541609889601338,0.0001421780892284412,0.03727144232896811,0.83717028068579
7424,0.027287080234358416,0.017838866637738766,0.9134981640837008,0.04137588904420202
7425,0.5291845649690637,6.338712524943233e-06,0.0016569296746298252,0.46915216664378145
7426,5.74258629440546e-06,0.9981382351506098,0.0018550147632291746,1.0074998665112808e-06
7427,0.000804178476913256,0.9856053657075108,0.013546710510610653,4.374530496523755e-05
7428,0.9599632855586483,0.010015493963976873,0.027621015441570123,0.002400205035804683
7429,2.1386904858101284e-05,0.973180533342598,0.026736196033777245,6.18837187666739e-05
7430,0.0011806708917776725,0.8235603605005258,0.1744133338710916,0.000845634736604917
7431,0.009541399468833773,0.0817934307006558,0.8986722888886018,0.00999288094190852
7432,0.00015529324896843802,0.8914807356645711,0.10815307303389649,0.00021089805256387274
7433,0.0020334911516359704,0.9204172462825211,0.07730020241260639,0.00024906015323656705
7434,0.8327669079246554,0.0001731663337669524,0.06751022964841503,0.0995496960931628
7435,0.1873463558920538,8.409650405959848e-08,7.666930390712863e-06,0.8126458930810514
7436,0.009794261487568201,0.3014381167242084,0.685408257567015,0.0033593642212085537
7437,0.14341019928042523,0.22391490927849106,0.6160560453496998,0.01661884609138371
7438,0.013739955538549767,0.05592915977261235,0.8912176846032931,0.03911320008554497
7439,0.2535379550200553,2.5205942201218035e-07,1.3335813456664365e-05,0.7464484571070662
7440,0.025078277695825175,0.029095606329498806,0.9125750296456028,0.03325108632907329
7441,4.906773476920351e-05,0.940487009209649,0.05939591491055779,6.800814502402332e-05
7442,0.24075802158707818,0.056872735694044885,0.6904079072228116,0.011961335496065295
7443,0.1551816629666123,2.4665011389397856e-05,0.17175459994036996,0.6730390720816284
7444,0.8605747966110302,1.599894201117072e-06,0.0006667044347358438,0.1387568990600327
7445,0.015619644528488949,0.3822109896549723,0.5956043635640863,0.006565002252452482
7446,0.0021426269267215887,0.8530679844776108,0.14417856319789016,0.0006108253977776497
7447,1.2591408555929385e-05,0.9948370011925265,0.005146581093731264,3.826305186342754e-06
7448,0.00019729345170197378,0.8862806901101985,0.11337314372461449,0.0001488727134848517
7449,0.6520303551136912,3.472083801278369e-08,0.00034296854261948653,0.34762664162285134
7450,0.032964554970150745,2.2220910895583707e-05,0.05459295423697947,0.9124202698819741
7451,5.8507323831215475e-06,0.9973515013898316,0.0026410128499308487,1.6350278543486911e-06
7452,0.009765339313995865,0.10169731605705197,0.8670660808141872,0.02147126381476482
7453,0.0010440496179816292,0.9870915643998908,0.011790718463370771,7.36675187566493e-05
7454,0.8459772738986621,1.4473658114275504e-05,0.0226404450921429,0.1313678073510809
7455,0.015895202640305386,0.983119024368673,0.0009851853508961751,5.876401254869568e-07
7456,0.03952393281959458,5.035606287760795e-05,0.07457806662667822,0.8858476444908496
7457,0.00016327057717858948,0.9951703371838525,0.0046628148834362585,3.577355532621544e-06
7458,0.8154133232321705,2.952976057451995e-06,0.00042816311873328705,0.18415556067303887
7459,0.09924836448738615,3.7235990276359597e-06,0.0009950826315575478,0.8997528292820287
7460,9.842397002251018e-05,0.9320187109577451,0.06783446934866104,4.839572357118679e-05
7461,0.0017468190218029272,0.9237180961634086,0.07424033310287365,0.0002947517119147224
7462,0.00030090663163681743,0.9104132098740888,0.08903632995811951,0.00024955353615479007
7463,0.06273407707408313,0.003900791992264801,0.8085340061548432,0.12483112477880874
7464,0.6214259709796333,0.00018807886694597223,0.2609562259825792,0.11742972417084152
7465,0.03510647189435625,3.459672511469269e-08,2.2697044573504574e-06,0.9648912238044614
7466,0.9698177439777725,6.47633742660859e-05,0.0013755859973636037,0.028741906650597848
7467,0.08727670795019808,0.6031653543801431,0.30552757894795546,0.004030358721703455
7468,0.0003465719039731713,0.841978217918492,0.15650955949803655,0.0011656506794982648
7469,0.007083993585652155,0.9294540579792915,0.06292372398741725,0.0005382244476389857
7470,0.9218774589255273,6.983812827322711e-05,0.0237295866802631,0.05432311626593657
7471,0.00020503868976883894,0.9299193409770109,0.06974302045771459,0.0001325998755057062
7472,0.049534768727146475,0.22928653142938166,0.7115516449918985,0.009627054851573376
7473,6.668505418085193e-07,0.9996546966796499,0.00034445769758227883,1.7877222619319554e-07
7474,0.7211631434467329,0.1776456299476795,0.10068571700397803,0.0005055096016096454
7475,0.0023592851339044466,0.7867579447333,0.20908209653405596,0.0018006735987395484
7476,0.001071226842698801,0.9889557925844095,0.009914219079211278,5.8761493680569266e-05
7477,0.4060223625625151,0.000188771036322,0.410889491656695,0.18289937474446788
7478,0.05683622214283051,2.9294228793422536e-05,0.16166196689956522,0.7814725167288109
7479,0.06918756120742112,1.6794088377011665e-07,0.005352122007962453,0.9254601488437326
7480,0.005373766149120795,0.9015092483459454,0.09249414485651661,0.0006228406484173727
7481,0.00010688745571497424,0.9155005878334779,0.08432187054866347,7.065416214356206e-05
7482,0.09550129267221247,0.08486731487789875,0.791953764736731,0.027677627713157772
7483,0.054401519466658804,0.027281929080108375,0.9122246091824237,0.006091942270809155
7484,0.027257804596190784,0.10843974749709967,0.8490461765224396,0.015256271384269975
7485,0.002551193387370525,0.27524259572559573,0.7150045894572602,0.0072016214297735606
7486,0.00020012005463089475,0.9030231141407573,0.09662395826331428,0.00015280754129751417
7487,0.030043409718584345,0.018102074536919217,0.9125668396566997,0.03928767608779681
7488,0.6683023776053898,0.00024607012659954187,0.15710876186764774,0.17434279040036293
7489,0.0973289296660458,1.3171477216805726e-05,0.06502827028723297,0.8376296285695045
7490,6.0612020812710864e-05,0.9993724676812071,0.0005667943759249599,1.2592205505378765e-07
7491,0.9586423218679269,3.986347525680421e-05,0.016739525724282864,0.024578288932533377
7492,0.004330805347146695,0.9913655736102261,0.004289010197849831,1.4610844777284388e-05
7493,1.9602744517531562e-05,0.998709951261907,0.0012702553684796913,1.9062509592212504e-07
7494,0.43147626810401785,0.17106691838414878,0.3685202234054024,0.028936590106431043
7495,0.9156249657742479,0.047114539170818114,0.03708502490244158,0.00017547015249250937
7496,0.7629259024670657,0.0012453669425057394,0.022005631214511268,0.21382309937591734
7497,0.0013209064291111884,0.8716227272854761,0.1261267281334816,0.0009296381519311263
7498,0.031074668186102643,3.369642452893949e-05,0.29874936603071156,0.6701422693586568
7499,0.027583612116168416,1.579077123871386e-08,1.0306313620790129e-05,0.9724060657794397
7500,0.00020778366594002525,0.9002866587397648,0.0993958534773216,0.0001097041169737383
7501,0.004577674953929972,0.36176744754540047,0.6323517837073567,0.0013030937933127967
7502,0.0008524684931996449,0.7467468384695027,0.25113071163120937,0.0012699814060883059
7503,0.7137824775375129,0.016017244137017026,0.25279412465512885,0.017406153670341207
7504,0.9308854084591758,0.0003167073581592882,0.056962210576199566,0.0118356736064656
7505,0.8021143214397204,6.0705110187514124e-05,0.04662704266550702,0.1511979307845852
7506,0.0006443583081547159,0.8563838170117108,0.14230150689088894,0.0006703177892454979
7507,0.004901927364486427,0.9930516827509126,0.0020441351107750873,2.25477382594297e-06
7508,0.12550611015649515,3.1893473470320955e-05,0.29981872310680224,0.5746432732632324
7509,0.0014296479746877082,0.9829294948045441,0.01562623719389135,1.4620026876792227e-05
7510,0.061991779644171636,1.905370997599143e-07,8.063755832691423e-06,0.937999966062896
7511,0.0002794926255240238,0.9679391395729559,0.03175635223498435,2.5015566535837506e-05
7512,3.088110680676733e-05,0.9481122564768963,0.051808890738453614,4.7971677843207385e-05
7513,0.9788884833967962,0.009712712703604394,0.011124814985111411,0.0002739889144881577
7514,0.032149465589453655,8.176463804788493e-06,0.19218391800875959,0.775658439937982
7515,0.000661708436006443,0.9348520183308214,0.06438973024797433,9.654298519787582e-05
7516,0.05887109022822659,0.9066343146484703,0.03416189972688721,0.0003326953964160212
7517,0.6620971891654173,0.1349551544236376,0.20185098766148182,0.001096668749463322
7518,0.009231477396459985,0.026719153541303896,0.9334624781394237,0.03058689092281229
7519,0.9117127293992598,0.00017940665411554508,0.018339188336599806,0.06976867561002487
7520,0.1286325417140127,1.7298527430389114e-06,0.05741860746217991,0.8139471209710644
7521,0.0005178309872579423,0.849758144978531,0.14951915198506308,0.000204872049148011
7522,0.6168339536566713,1.6512006770101168e-07,0.001902744172391352,0.38126313705086967
7523,0.0012044274363837242,0.8019794505862057,0.19631730710619175,0.0004988148712187283
7524,0.7175373446560478,0.03267953196401627,0.23946854316635713,0.010314580213578773
7525,0.7610278079698055,1.254605249959068e-08,3.130034372654419e-05,0.23894087914041537
7526,0.003450154881826546,0.11340777593915596,0.8665749135367922,0.016567155642225287
7527,0.012847403691951325,3.8316656434204814e-07,0.010357864545640754,0.9767943485958435
7528,0.19830954634768685,7.342732156340944e-07,7.658948118402819e-06,0.8016820604309791
7529,0.019607488741691218,2.8828291019483244e-05,0.24626909111408798,0.7340945918532014
7530,9.425220142575733e-05,0.9226047996692102,0.07721499285535502,8.59552740091962e-05
7531,1.7499005831560725e-05,0.9948279548145946,0.005151508397005064,3.0377825686047754e-06
7532,0.7809071599662016,6.929964102496914e-05,0.019112448553475315,0.199911091839298
7533,0.06381958335869993,8.11830743577161e-08,0.002003345956243622,0.9341769895019821
7534,0.008132234530646966,0.4238893081977404,0.5641417016265874,0.0038367556450252145
7535,0.006599590527331533,3.99140872608611e-05,0.04857377520419634,0.9447867201812112
7536,0.3542300001826361,0.6430313689422386,0.0027376560661638524,9.748089615034124e-07
7537,0.072730930966974,2.594994753286844e-08,0.0012370404371296272,0.9260320026459489
7538,0.00035640168163091616,0.9723760304070803,0.0272168788057208,5.0689105567833184e-05
7539,0.02373679817353694,4.69843470570263e-11,4.2471068962887815e-06,0.9762589546725824
7540,0.0007926682195940809,0.8170559340277228,0.18107818717807136,0.001073210574611751
7541,0.03885902084453344,0.00022824705799371562,0.4951328723118611,0.46577985978561165
7542,0.016163679736045933,1.0388654672490867e-06,0.05606728383268796,0.927767997565799
7543,0.8507466125323145,1.3152967458179432e-07,0.00020542967164864065,0.14904782626636218
7544,0.9109938890008246,4.225082418348768e-06,0.010049479509043195,0.07895240640771375
7545,0.6794257531894673,0.00039246066972272917,0.05463256403327297,0.26554922210753695
7546,0.02617759251670159,0.9559098999857683,0.017688543746264555,0.00022396375126571228
7547,0.6498853126482221,1.3320938218338062e-09,0.0002036893079183633,0.34991099671176557
7548,0.9256565854897978,0.000878024695986519,0.06346023179613643,0.010005158018079217
7549,3.829781322742779e-05,0.991751552306476,0.0082068429436163,3.306936680142434e-06
7550,0.020247299061454616,6.491624966443929e-07,0.013455333718354041,0.9662967180576948
7551,0.0003606666522417307,0.9444311758046473,0.05509130707383086,0.0001168504692801156
7552,0.390774853400999,0.0026545555185028724,0.015868420572017657,0.5907021705084806
7553,0.00027652927255998643,0.8911675311434892,0.10837669644851661,0.00017924313543402415
7554,0.06866367239447554,0.0034835578827635116,0.8551536576402557,0.07269911208250535
7555,0.00245095751199889,0.8227684422666606,0.17355989127527674,0.0012207089460639533
7556,0.6965637490033525,2.446780562259796e-08,0.00026692066063008034,0.30316930586821167
7557,0.009096083228926681,3.959189917986961e-09,0.0007869930665619556,0.9901169197453213
7558,0.020984504957401503,2.2771154807612272e-09,0.00043675218768194566,0.9785787405778011
7559,0.00018623722876953246,0.9847222013704174,0.015073475130863156,1.8086269949966006e-05
7560,0.8009783766490007,5.317883606013499e-05,0.0035975724351265674,0.1953708720798126
7561,6.165597136873585e-05,0.9200977644009458,0.07968086924875202,0.00015971037893352722
7562,0.0805292206279039,5.7023263091415725e-05,0.23012111891146095,0.6892926371975437
7563,0.8607841261065546,0.02100523315124132,0.11619426506100816,0.002016375681195938
7564,0.028149905645179125,9.447911661688505e-05,0.336871155018703,0.634884460219501
7565,0.7328447692572937,0.002696970040522121,0.2408076243134,0.023650636388784237
7566,0.8902154058670233,3.536378708155625e-05,0.020595084927377365,0.08915414541851789
7567,0.0007454742430448734,0.9002447182827901,0.09881301758771069,0.0001967898864542895
7568,0.09784071520982877,9.336448549146295e-05,0.16119939866308605,0.7408665216415937
7569,0.00577752531270251,0.2514285147803697,0.7385904278763156,0.0042035320306122005
7570,0.3522100790178162,3.968354780219322e-07,0.013505903980217539,0.6342836201664882
7571,0.00025193097456362553,0.8824625468057222,0.1171312537884249,0.00015426843128934633
7572,0.04377723723422164,4.754639139519871e-05,7.458159078148551e-05,0.9561006347836016
7573,0.00018058061243817017,0.963629451875543,0.03606632367460506,0.00012364383741387514
7574,0.010861322968616409,6.62499347279148e-06,0.14560771211049417,0.8435243399274166
7575,0.018575487278566852,0.0014370410770335887,0.879122344331504,0.10086512731289546
7576,0.05046524564748697,9.039322384001107e-05,0.09288151170690627,0.8565628494217667
7577,0.7684950394231135,0.00014683430212201418,0.0005529699046921546,0.23080515637007235
7578,0.06066145410548839,0.051538061530391845,0.8503269173205694,0.03747356704355039
7579,0.15575434850090034,0.8396703212885028,0.0045705693703614325,4.760840235444941e-06
7580,0.14931591795411397,0.011216430288731198,0.8163044242655808,0.023163227491574068
7581,0.5225084490056074,0.00023193756741340154,0.00727181717627127,0.46998779625070786
7582,0.8672033172288189,0.0014273878528472841,0.10920042039312808,0.02216887452520579
7583,0.035437350586265,5.8551035735465355e-06,0.006708193807342691,0.9578486005028187
7584,0.02248132909305932,2.754144709029314e-05,0.06103608431538498,0.9164550451444654
7585,0.6237627848272138,0.007379865565919222,0.2923361583591048,0.07652119124776212
7586,0.22585217986099074,0.000392542860563495,0.580616565775274,0.19313871150317183
7587,0.001308090607028088,0.980030081446319,0.01843623678056489,0.0002255911660880515
7588,0.032243956477672045,0.0013765184931048549,0.7115361694891097,0.2548433555401134
7589,0.00014530246090099701,0.8481287591277822,0.15122362102513248,0.0005023173861843271
7590,0.24609550670409044,2.680083101796309e-05,0.07792602276776277,0.6759516696971287
7591,0.9149467282585461,0.0002292011702909483,0.04713615948814203,0.03768791108302105
7592,0.03895282793368034,1.901381447771854e-05,0.03430884234051563,0.9267193159113264
7593,0.00029428469703972993,0.877444858872387,0.12162416879488225,0.000636687635690809
7594,0.02672365012579761,4.347056557000907e-06,0.02950616231688197,0.9437658405007634
7595,0.27399398952718607,4.6184592013940764e-12,1.6404697132958374e-06,0.7260043699984822
7596,0.0015016534971995065,0.7463050334171369,0.25038241513748044,0.001810897948183002
7597,0.08520726321798561,0.000887913818621162,0.7499614839110083,0.1639433390523849
7598,0.0005814368763933059,0.9969819596738982,0.002436046408053755,5.570416548119879e-07
7599,3.376205180911179e-05,0.9910946649949792,0.008864973814480835,6.599138730726617e-06
7600,0.00021254676205103115,0.9058351990233036,0.09376503010758576,0.00018722410705973537
7601,0.027689600993532158,0.017996066468280256,0.903118493465254,0.051195839072933756
7602,0.0003588383600769586,0.9665394027441645,0.03305907236185766,4.268653390083568e-05
7603,4.623446469372351e-05,0.9734994216831336,0.026411045333975057,4.329851819750878e-05
7604,0.3380287127207257,2.825976894614009e-10,1.666796840415871e-06,0.6619696201998362
7605,0.0002835454121171867,0.9393020069569138,0.05985954376754205,0.0005549038634269382
7606,0.03165532649348174,0.007117969057139228,0.4174455684454404,0.5437811360039385
7607,0.03552063864195103,0.07282022432684031,0.8688067803450094,0.022852356686199286
7608,0.017375886404655868,0.0002953831624881518,0.5872748851358638,0.3950538452969923
7609,0.03504998669762778,1.9147286107829073e-06,0.08178798003929073,0.8831601185344707
7610,0.016450488826612195,4.095243019639898e-08,0.0009437405347245106,0.9826057296862332
7611,0.9747615439070167,6.07370685218856e-06,0.0073922319631048545,0.017840150423026033
7612,2.4052183626241267e-06,0.9999009845358084,9.660602811865927e-05,4.2177103258319104e-09
7613,0.011865918590448443,0.3390530895375282,0.6439453854015866,0.005135606470436593
7614,0.01212738022945313,4.154081995207128e-06,0.0008083097085016343,0.9870601559800499
7615,0.00030275795846907355,0.8917352121248855,0.10761496532890362,0.0003470645877417487
7616,0.002523087370791201,0.996079532238009,0.0013969739582207971,4.0643297904851463e-07
7617,0.0012678172601009337,0.8786780960646899,0.1197947607095125,0.00025932596569638785
7618,0.5016636705818789,4.01798022412499e-07,2.794348377797024e-06,0.49833313327172096
7619,0.9764715343064728,0.00025277348326564644,0.007543935397769074,0.015731756812492656
7620,0.24795009389950148,0.032740895298989735,0.7007060730136907,0.018602937787818165
7621,0.9516408030114564,0.00023105751223689006,0.03786594784134625,0.010262191634960451
7622,0.01446967672230738,0.8576813840924036,0.1273256795613779,0.0005232596239110876
7623,1.736361766269111e-05,0.9984010622609689,0.001579350453841691,2.223667526650133e-06
7624,0.004325453136044906,0.868827037457417,0.1266754976561416,0.00017201175039647157
7625,0.0685409021850955,6.381683972975554e-08,1.735345923724502e-06,0.931457298652141
7626,0.001984378886560221,0.6741430231552011,0.32229326525996355,0.0015793326982751065
7627,0.09492919316718867,3.2126240146033327e-07,3.8356676158784445e-07,0.9050701020036482
7628,0.9611163511301425,0.0007174473680838872,0.03177022511799611,0.006395976383777464
7629,0.07254260894386437,0.00039621459764485693,0.7246602512402777,0.20240092521821312
7630,0.06840703608708804,5.909583524161824e-06,0.06561439359343843,0.8659726607359495
7631,0.0001208883897875189,0.9781151379253921,0.021676677299938392,8.729638488199396e-05
7632,0.00013008138560022855,0.981827137890115,0.017994857936664548,4.792278762028572e-05
7633,0.83493316763771,6.078932847335905e-07,0.018540920074515542,0.1465253043944897
7634,0.02169581134298316,0.0031868549994215224,0.7813558274567425,0.19376150620085286
7635,0.0008610190086296673,0.8643276877790035,0.134615018258736,0.00019627495363095017
7636,0.00954954209737956,0.9802110592304243,0.010215130473782185,2.42681984140693e-05
7637,0.09903488834719297,2.4848376588904172e-08,5.706242147107067e-06,0.9009593805622832
7638,0.03648842534598888,0.0015666659255599126,0.8906031830650027,0.07134172566344853
7639,0.0011623786843767388,0.9317669045363045,0.0670255824576496,4.5134321669177004e-05
7640,0.005197317864641731,0.754842108820663,0.23813507621093682,0.0018254971037582994
7641,0.9759164160114128,0.02238509981432831,0.001696614383380883,1.869790878180537e-06
7642,0.9895220017842188,0.0009633511302014543,0.009136278136849935,0.00037836894872963215
7643,0.12020130852947836,8.829928970538227e-06,0.08551671209817115,0.79427314944338
7644,0.0006083945779718237,0.8963441425004611,0.10289126962375943,0.00015619329780757095
7645,0.7654980099080857,4.67704646166429e-05,0.06124652152708959,0.17320869810020814
7646,0.977020938928985,3.999803654790853e-05,0.01596957899235337,0.006969484042113594
7647,0.9173940600113701,0.02769189099582923,0.05454061713071838,0.00037343186208203013
7648,0.34943131060079163,0.23530414277312428,0.404741694647346,0.010522851978738028
7649,0.00030920734907441606,0.8945826236761208,0.10435452641181352,0.0007536425629914255
7650,0.5009458065034095,0.000667483565290959,0.011677314887075426,0.4867093950442242
7651,0.00033502325867400495,0.9928511690547744,0.00679755988658969,1.624779996181149e-05
7652,0.8933509717195116,9.571882768802048e-05,0.07698404896553301,0.029569260487267185
7653,0.0002602633455076441,0.9615039873370891,0.038188712864421284,4.703645298202771e-05
7654,0.916803563030889,1.3864231280510697e-08,0.00020658758322513333,0.08298983552165462
7655,0.0002913273424723295,0.9707718060936544,0.028859976780494078,7.688978337916559e-05
7656,0.02735380804726211,9.274518126103114e-06,0.053442061901289195,0.9191948555333226
7657,0.5314849313680072,9.959359736252158e-07,5.529817654697059e-05,0.4684587745194722
7658,0.009266090000083977,0.1135150891491577,0.8665458530090456,0.010672967841712705
7659,0.9059303439463788,1.8957247555264778e-06,0.01166988872267418,0.0823978716061915
7660,0.03141332538206292,0.0029804101197716333,0.8331909735857169,0.13241529091244855
7661,0.37360169891237427,3.109888130096223e-10,2.5588720224888053e-05,0.626372712056412
7662,0.0009075836100701913,0.9838264512848717,0.015243064959702887,2.2900145355276468e-05
7663,0.0009045818397393859,0.9555717589361094,0.0434516971366183,7.196208753303728e-05
7664,0.039242122375474475,9.903139709837307e-05,0.29681921845247505,0.6638396277749521
7665,0.45894975677428707,4.165295294909885e-05,0.2379867803777547,0.3030218098950092
7666,1.3038771403500232e-05,0.9931703184346222,0.006812685454707221,3.9573392670431746e-06
7667,0.0007503982573911162,0.7462218634927409,0.2522532412675452,0.0007744969823227327
7668,0.0028806083668593855,0.7676730490488696,0.22847266762593588,0.0009736749583351418
7669,1.1524488410239024e-05,0.998971095887939,0.0010169651832537348,4.144403969771483e-07
7670,0.0819394039861397,0.0006974933574605396,0.7469065352269484,0.1704565674294515
7671,0.8686066090731145,1.45318875824144e-06,0.00919528829009355,0.12219664944803388
7672,0.7194965883342249,0.0006036333655606866,0.24544003623357488,0.0344597420666397
7673,0.00011549047820314683,0.9995148461724732,0.0003691728053113194,4.905440124451839e-07
7674,0.919237152424282,0.00021549634449934355,0.05109039441986358,0.02945695681135512
7675,0.03377511343714042,8.935711328140623e-05,0.1344106939900737,0.8317248354595046
7676,0.0005395097788226269,0.8005763324786683,0.19648522717173267,0.0023989305707762805
7677,0.02405641330423676,0.003534637603549581,0.8716760041863483,0.10073294490586533
7678,0.10876526563683087,0.0002611833539936164,0.41076951279136753,0.480204038217808
7679,5.217714362522583e-06,0.993726970726118,0.006263190722068269,4.62083745100634e-06
7680,0.001227915111229875,0.9532235026544609,0.0454583412650311,9.024096927823343e-05
7681,2.2758272411075913e-06,0.984176304971417,0.015812312770010058,9.106431331783362e-06
7682,2.8394740847561625e-06,0.9987707038412303,0.001225966278375373,4.904063094630547e-07
7683,0.9195155423267354,0.00011938667249176851,0.030509048297045975,0.04985602270372709
7684,0.0237997640207667,0.0029867990291331872,0.8096605994592314,0.16355283749086882
7685,0.019854292685754206,0.25752231564767986,0.7158668679582759,0.006756523708290033
7686,0.0002797210717826394,0.9697366892400201,0.029856248875173443,0.00012734081302373995
7687,0.00030813083569595123,0.899694909241525,0.09976662818870645,0.00023033173407264714
7688,0.00047693776616124657,0.7295802286224103,0.2672359019514494,0.002706931659979139
7689,0.10578136647870985,3.337044419583658e-05,0.30947457662290223,0.5847106864541921
7690,0.0009052923656224552,0.8717817593307803,0.12665087873022435,0.0006620695733729159
7691,0.9185040299700915,0.0029593575399909037,0.07152776909906132,0.007008843390856284
7692,0.20864162517696255,5.547657732791363e-05,0.13815684090160374,0.6531460573441058
7693,7.094103427903179e-05,0.9995300491230785,0.0003987910355053937,2.1880713704996783e-07
7694,0.29602172728175324,3.588792914026233e-05,2.1773420457341944e-05,0.7039206113686493
7695,0.008675131593974466,0.006193144072630743,0.9099288620716882,0.07520286226170653
7696,0.2635616316629284,0.0009051732447119983,0.5668052345336713,0.16872796055868838
7697,0.1063219857892314,9.481403242727333e-05,0.14574507568608974,0.7478381244922516
7698,3.379658665599957e-05,0.9866422840554556,0.013291062532017024,3.285682587134016e-05
7699,0.02659343250597474,0.0001895961234713817,0.4400695367620941,0.5331474346084598
7700,0.2072110094789694,1.535668517277977e-05,0.13286705919639902,0.6599065746394589
7701,0.3377383274128562,9.010843782219099e-07,0.00010180537887625187,0.6621589661238894
7702,0.9999995160140365,3.6967283453587543e-09,3.462227280281887e-10,4.799430125330971e-07
7703,0.060571247604531905,0.004113481272726485,0.8552955757547697,0.08001969536797192
7704,0.016665790952537465,0.6926776399858463,0.2884244105162561,0.002232158545360179
7705,0.000755824063347191,0.9443583284560472,0.054775503252856475,0.000110344227749101
7706,3.2598330051955346e-05,0.9870229508060542,0.012930965360875419,1.3485503018302862e-05
7707,0.01705108581956706,0.43364285041475525,0.5426817117547474,0.006624352010930323
7708,0.8662300330986957,0.006229643924703592,0.12483319756477601,0.0027071254118248515
7709,0.1172461865093655,4.1187511332883525e-10,2.1078322155636996e-07,0.8827536022955379
7710,0.0004119615414489246,0.9645371829644457,0.03492445033695065,0.00012640515715491607
7711,0.21619749231470897,5.420314828629853e-10,3.6565740509338673e-06,0.7837988505692087
7712,0.06876366978954442,2.571176302385425e-06,0.03902745590107015,0.892206303133083
7713,0.002468937211563058,0.6360251849243816,0.36046583404817745,0.0010400438158779995
7714,0.008801080494595794,0.8223957093946034,0.16828100979847574,0.0005222003123251371
7715,0.02810759743693857,2.6999917786820386e-06,0.09270237862970035,0.8791873239415824
7716,0.004047834615998312,0.17478960110005062,0.81493853702937,0.006224027254581122
7717,1.0231562166259616e-05,0.99807377594034,0.001915215982218745,7.765152750038096e-07
7718,0.004095526054782557,0.9222287166864835,0.07348247754070693,0.00019327971802697732
7719,0.014072435390625398,6.170485099454895e-06,1.234808328879643e-05,0.9859090460409863
7720,0.014419991935580516,0.03029238257562901,0.9128220452097863,0.042465580279004204
7721,0.3908911316319928,5.389398166003911e-06,6.292387373205609e-05,0.6090405550961092
7722,0.053614648356796114,9.919899656213234e-05,0.1771243735359878,0.769161779110654
7723,0.8616334146733686,5.3517590430241126e-05,0.06769772322634406,0.070615344509857
7724,0.6609626543811105,6.997872013013237e-08,2.349050357754538e-05,0.3390137851365919
7725,0.7049723096185774,0.07832774228736473,0.21537493015496478,0.0013250179390932187
7726,7.095773024696466e-05,0.9913819673280766,0.008528592098393458,1.848284328298053e-05
7727,0.0017840660314355481,0.7288396302726546,0.26812085610371017,0.0012554475921996765
7728,0.10009666470515252,0.007125256219350209,0.6858209453861009,0.20695713368939628
7729,0.55226771683692,0.0009571374314738861,0.33517160423993503,0.11160354149167105
7730,0.7176596864795803,4.7611032042003566e-06,0.014192785023200932,0.2681427673940146
7731,0.0008527499260795744,0.9820286887023343,0.017033600395779898,8.496097580626575e-05
7732,0.008951207415535355,0.014263907753487471,0.9482720034652181,0.028512881365759017
7733,0.49940297318399945,0.4917136960943409,0.00887336439945801,9.966322201662095e-06
7734,0.021011679890459923,8.059288785867233e-06,0.15028268813338203,0.8286975726873721
7735,0.2894141860538115,0.00013686137637083275,0.534382420411322,0.17606653215849577
7736,0.0008840960276439301,0.811774770237897,0.1862801333355127,0.0010610003989465098
7737,0.0519128625441285,1.8075531976664612e-06,0.08186304469949587,0.866222285203178
7738,0.09621655006929371,0.8264624617826728,0.07691314316676008,0.0004078449812735001
7739,1.3139313772682594e-05,0.9954376669728292,0.00454545238805906,3.7413253391809806e-06
7740,0.00011553158840464943,0.9439284955129013,0.05583519653767942,0.00012077636101478433
7741,0.002686833618043495,0.7492193174315241,0.24736975736168107,0.0007240915887512938
7742,2.054817008179395e-05,0.9922640832323376,0.007699446441840827,1.592215573999269e-05
7743,0.0007666693557654295,0.8816546013071253,0.11674005148408945,0.0008386778530200075
7744,0.04150038664281222,0.08824498951149727,0.8660542981418751,0.004200325703815452
7745,0.007293170099204424,0.03887451821221057,0.8435489294092517,0.11028338227933329
7746,0.787009772150823,2.0981353697607564e-05,0.0020789930757376526,0.21089025341974174
7747,0.7815094075636341,1.3131223547787453e-06,0.0137262703076828,0.20476300900632824
7748,0.0007104569793997348,0.9667296504086018,0.032521882678315066,3.80099336833407e-05
7749,0.00523491447020754,0.9885360820728949,0.0060766784745839965,0.00015232498231346653
7750,0.05378191546240369,5.120309018837975e-06,0.10562796518690452,0.8405849990416729
7751,0.00010487084196276966,0.9533435470870858,0.0464640826103438,8.749946060756755e-05
7752,0.16014854820348165,2.36018877832251e-06,0.03683394810206436,0.8030151435056756
7753,0.6832407842280451,0.0006172763620937531,0.11856964380542881,0.19757229560443243
7754,0.8585416531795113,0.0068816628021917915,0.1269684916168122,0.007608192401484737
7755,0.8356519328113825,0.0002947840193330863,0.03314882495585472,0.1309044582134297
7756,0.9176147045839663,0.00014843177644947012,0.04221677398903514,0.04002008965054911
7757,0.8973283755544492,0.0001356157992118709,0.019205054741373007,0.083330953904966
7758,0.008295132295103348,0.01606427085060863,0.897184935805684,0.07845566104860387
7759,0.035585293527709866,2.2734284044474835e-06,0.010979631204326403,0.9534328018395593
7760,0.047949435699914056,0.28703803765282476,0.6520061722224972,0.013006354424763942
7761,0.0005215528271101456,0.941261616894297,0.05787388219604418,0.0003429480825485743
7762,0.020011692723007325,0.014722924477967468,0.8989203404798519,0.06634504231917324
7763,0.40620994232546165,0.20601274904704142,0.3844070176827773,0.003370290944719757
7764,0.0012173192276110835,0.9463561710153446,0.0520664827128222,0.0003600270442220452
7765,0.0008300641506436319,0.9463183630868967,0.05253268764414037,0.00031888511831917215
7766,0.2215756964335303,3.538218585545183e-10,1.0901469642535674e-06,0.7784232130656836
7767,0.019293213291113626,0.00967313814341394,0.9336141012004963,0.037419547364976304
7768,0.9787442758279918,8.088117371267283e-06,0.0007291944310586458,0.020518441623578146
7769,0.0002719061013480785,0.8636326970261541,0.13576579892167756,0.00032959795082027857
7770,0.6462808688743618,0.0006411825398076472,0.1598437605064558,0.1932341880793749
7771,0.0010283073262983078,0.867749638756924,0.13030231075468368,0.0009197431620938974
7772,0.00015517739633689282,0.8595220079542567,0.14013240255217102,0.0001904120972354887
7773,0.9355404935319783,0.00012388762384838673,0.0022039594418608345,0.062131659402312446
7774,0.00018992609772784384,0.9754703493269768,0.024316161185476023,2.3563389819267867e-05
7775,0.0006942046663790344,0.8107018720647589,0.18796750268976342,0.000636420579098712
7776,8.158487289355786e-05,0.9754713831972524,0.02435286181984001,9.417011001414856e-05
7777,0.6268907587129796,0.00011653609304327886,0.15189719397460794,0.22109551121936907
7778,0.02691544058445405,0.004040746933370768,0.8975052187294132,0.07153859375276185
7779,0.019887852053075004,0.007255079014799015,0.9163483136401744,0.0565087552919515
7780,0.00010625016885168412,0.8959710990574281,0.10381507216198103,0.0001075786117391171
7781,2.3431745223974157e-05,0.9918439116792263,0.008096486969296745,3.6169606253202715e-05
7782,0.9847679348307359,1.5504576706443708e-05,0.003304497622730134,0.011912062969827462
7783,0.004012556697591193,0.015564112098730385,0.9471012754465918,0.03332205575708646
7784,0.05485234218770151,0.00033054157135705385,0.5428170779218964,0.40200003831904507
7785,0.07098622896092488,1.0801664155000716e-06,0.06789061396095947,0.8611220769117002
7786,0.044124364508948195,0.027699153455842937,0.8888494629334475,0.03932701910176136
7787,2.41284599730094e-05,0.9702167148747712,0.029724055707693025,3.510095756271422e-05
7788,0.0002280262793290801,0.9988341922973273,0.0009371172714694161,6.641518742243999e-07
7789,0.033568785152588834,4.468802981144291e-10,0.00021076066745697011,0.9662204537330739
7790,0.054197490351585845,0.7218871405747156,0.22235132752944364,0.0015640415442549807
7791,0.7043322310041763,0.0062871875022312744,0.27541000946665917,0.013970572026933257
7792,3.1146911726917526e-07,0.9993281614374915,0.0006712295702407326,2.975231504517339e-07
7793,3.367109008700979e-05,0.9390818275191174,0.060794732202348295,8.976918844709937e-05
7794,0.021917107066708703,0.9082918537158574,0.0693713063164039,0.00041973290103000416
7795,0.00017354137988164354,0.9497700163684076,0.049770031875928114,0.00028641037578249303
7796,0.038604904623104404,0.014510122822398662,0.9086042039832862,0.03828076857121079
7797,0.00106323228783386,0.8985450073944157,0.10007963029597476,0.00031213002177571993
7798,0.06367226665355913,0.9229171085392242,0.013030455586247932,0.0003801692209688871
7799,0.0006755819215114812,0.9716491594260128,0.02763591414982761,3.9344502648192256e-05
7800,3.347035708066035e-05,0.9931078447786013,0.006842945542647653,1.5739321670588924e-05
7801,0.7660383586143081,0.0030881657866662885,0.20742917146172016,0.023444304137305503
7802,0.33518411015746596,5.802125692313004e-08,6.33919920433733e-06,0.6648094926220727
7803,0.8812737358072722,0.0033275303875652073,0.04811278404525002,0.06728594975991255
7804,0.23054790670813108,2.6586058982635686e-05,0.35710042822401306,0.4123250790088733
7805,0.005441489810696868,0.5489515385567001,0.4442015095191505,0.0014054621134524958
7806,0.22377918002815267,3.6133923825778257e-06,0.00028368764741233427,0.7759335189320524
7807,0.8965429945544634,3.0479323444225162e-06,0.006967121337379597,0.09648683617581251
7808,0.0654393413190512,9.11695874013809e-06,0.03298752051222959,0.9015640212099791
7809,1.7602418055507586e-05,0.9966335866208617,0.0033372119571066327,1.1599003976206185e-05
7810,0.02857780640568392,0.0781264346657522,0.8736628675460962,0.019632891382467675
7811,0.003612762948784332,0.797351475073119,0.19866321658013733,0.00037254539795924347
7812,0.00021679760029155013,0.934358117635713,0.06527824577245785,0.00014683899153772082
7813,0.06282886755012015,4.424870082723033e-05,0.16383315301674017,0.7732937307323124
7814,0.0008883737254491868,0.9462021450604767,0.05266059551611168,0.000248885697962489
7815,0.9736703206124212,2.890111362459858e-07,0.0003058658626957334,0.026023524513746742
7816,0.9032104372078168,0.0008404305364228874,0.05947169448505065,0.03647743777070948
7817,0.005605456587425449,0.9425940195095854,0.051558534357386956,0.0002419895456021343
7818,0.7522879275203481,0.000280474956251236,0.14551682585566655,0.10191477166773416
7819,0.0009763703006207826,0.9385475422526831,0.06033082921820908,0.00014525822848703376
7820,0.7370166329726908,1.894628396130266e-07,3.377322229451229e-05,0.2629494043421751
7821,0.4080787321903758,4.950921493599971e-10,0.00022315926876612213,0.5916981080457658
7822,0.003750447808898067,0.9821882222662192,0.014031007203394025,3.0322721488674762e-05
7823,0.22727348323069252,6.014894666163237e-05,0.08051877716192958,0.6921475906607163
7824,0.006774731245282015,0.7902250244076995,0.20183832844159277,0.001161915905425679
7825,0.7858706541359771,6.473391574415897e-06,0.01242249053958822,0.2017003819328603
7826,0.007585940787245564,0.9304187225339821,0.06079815151292718,0.0011971851658451674
7827,0.00012069489499411244,0.9668571468527601,0.032936374100290995,8.578415195452045e-05
7828,0.03636056672964355,0.058826706180664094,0.8811050602662293,0.023707666823463116
7829,0.09232537388911367,1.7759408806275355e-05,0.42296900884481575,0.4846878578572644
7830,1.6098093691345735e-05,0.9990874901899314,0.0008959647028605887,4.470135167602643e-07
7831,0.04541518975372299,0.019942175396670956,0.9235101411383393,0.011132493711266872
7832,4.960995742222546e-06,0.9950915517324816,0.004894670461244355,8.816810531743571e-06
7833,0.028468129903933204,3.2098094871470966e-05,0.1746187106319639,0.7968810613692314
7834,0.42652283317089335,0.00010978015561334954,0.013855154380723753,0.5595122322927697
7835,0.9850150207682314,7.036654318068536e-06,0.000812794404217805,0.014165148173232629
7836,0.00017029520074899013,0.9855381665978687,0.014281164667145378,1.0373534236878472e-05
7837,0.6244681140496647,0.0028218708853191433,0.3209816777378438,0.051728337327172275
7838,0.9091119397807574,3.569513921100926e-07,0.0002669175715772034,0.09062078569627316
7839,0.0002139268968775505,0.9763390277016907,0.02338297934586314,6.406605556869486e-05
7840,0.04357558470197043,1.490112005284846e-06,0.05635007077661441,0.9000728544094099
7841,0.018962236038960047,4.1537067416449475e-07,0.023365398330910416,0.9576719502594553
7842,0.0031422487339360285,0.018961673352759834,0.8332015610675239,0.14469451684578047
7843,0.025967677209088755,0.005236414472131633,0.911945982424361,0.05684992589441854
7844,0.0017617403918097074,0.8938322154653301,0.10381365810449816,0.0005923860383620377
7845,0.011637835420616445,0.2855068693141122,0.6986937748467593,0.004161520418512019
7846,0.0005375728846944809,0.8747062701834899,0.12397120748657482,0.0007849494452407517
7847,0.03749220023436746,0.04862575144239682,0.8928163724008035,0.021065675922432206
7848,0.9760755400389821,2.759022880906573e-05,0.0103963064817947,0.013500563250414153
7849,0.05277867064249272,0.0005232113086769416,0.009470564601796388,0.937227553447034
7850,0.04279827769398005,1.6563254476879473e-06,0.13252783584974465,0.8246722301308277
7851,0.010144803599356447,1.0570753207425209e-07,0.00036206801516600154,0.9894930226779456
7852,0.000894816847721814,0.9558933158814238,0.04279247132730651,0.00041939594354778714
7853,0.0006846593007414516,0.9953995832233808,0.003912766390962226,2.9910849154569277e-06
7854,2.0837524343552837e-05,0.9803630307652773,0.019592236461794275,2.3895248584990948e-05
7855,0.013435100474670435,0.7870053477417701,0.19895526832461613,0.0006042834589433117
7856,0.06420705851930956,0.08216027647173786,0.8363583395798994,0.0172743254290532
7857,0.7567541145817573,0.04580420588404682,0.18482706688490658,0.01261461264928926
7858,0.07823067798429724,0.00022887109286235543,0.6354304365037491,0.2861100144190913
7859,0.8362366946422888,6.622562894792487e-05,0.03366848584891806,0.1300285938798452
7860,0.845587318767713,1.038302096531438e-05,0.011627513469579394,0.1427747847417423
7861,0.9867809460754225,0.00012477019199225053,0.009638097906111082,0.0034561858264740334
7862,0.0002748310447541785,0.9964708202039906,0.0032494639010461224,4.884850209050594e-06
7863,0.0014821623179640635,0.9901363590984142,0.008342045263052135,3.943332056936945e-05
7864,4.2608386391080416e-05,0.9495191743740342,0.05029487093527206,0.0001433463043026966
7865,0.0018675040787576383,0.9358146149356213,0.0622160468821094,0.00010183410351156999
7866,0.0017936457807084599,0.8563929055105728,0.1412051648001406,0.0006082839085779423
7867,3.480203505561102e-05,0.9820578817092572,0.01787048803277726,3.682822290991589e-05
7868,0.39739399197210074,7.0758791119342075e-06,0.01640815480550623,0.5861907773432812
7869,0.00018659064348666468,0.976534845416422,0.023234866361282663,4.3697578808492216e-05
7870,0.8884889633120767,0.0005170623551001699,0.06677987452628444,0.04421409980653874
7871,0.0006073160642023837,0.9368249886535528,0.0620797284295473,0.00048796685269752787
7872,0.027051732294469152,0.002343048741384814,0.8947941762504047,0.07581104271374124
7873,0.013703350331431278,0.9742612177896676,0.011959466499376292,7.596537952490538e-05
7874,0.7772250369291153,0.0008422515560195546,0.13798400033070263,0.08394871118416267
7875,0.02909840091543254,5.0064427457286774e-06,0.03541046526686951,0.9354861273749522
7876,0.020886818207238655,1.044915911937083e-05,0.13776656737477608,0.8413361652588659
7877,0.1200351796061912,0.005494116732233067,0.7959434629433051,0.07852724071827052
7878,2.6645765419986395e-05,0.9938008485565264,0.0061612787493248635,1.122692872860381e-05
7879,0.7892550709464593,0.00025362915014734747,0.13007594677539236,0.08041535312800083
7880,0.7587295989409546,1.0204940072985011e-05,0.0082490781334638,0.23301111798550855
7881,0.00024387655872517894,0.8845589452487362,0.11487578257563566,0.00032139561690287376
7882,0.7552076239629616,0.0047093850473666305,0.021328024241765574,0.21875496674790618
7883,3.389607116699352e-06,0.9923079314292557,0.007685707025867257,2.9719377604578828e-06
7884,0.7682240265852025,0.14656763759105854,0.08463097782487869,0.0005773579988602536
7885,0.0012258197329788388,0.8472410810340154,0.15095177296406512,0.0005813262689407334
7886,0.035587189716434306,0.01692544567971624,0.9183259947350452,0.029161369868804226
7887,0.04936274902014496,2.446179267733671e-07,0.01814343996385303,0.9324935663980753
7888,0.055213864249245216,7.84815994445448e-06,0.1496722533592998,0.7951060342315105
7889,0.7828108139888929,2.224861741471958e-05,0.053687219907546636,0.16347971748614562
7890,0.003022744500380538,0.7663706089764379,0.2297875421961916,0.0008191043269897953
7891,0.8112694776171713,0.014193899346913194,0.17121686764642727,0.0033197553894883424
7892,0.14661930915904534,2.924220176143219e-05,0.4382405367225767,0.4151109119166165
7893,1.9718740518466134e-06,0.998188914033802,0.0018085748242798233,5.392678663355221e-07
7894,0.01652294405739929,0.015757098080428553,0.9503516964735498,0.01736826138862231
7895,0.0008887202954207975,0.9742812044360782,0.02479323960312315,3.683566537778258e-05
7896,0.015788695091086304,1.792317501393242e-08,0.0031389389647866997,0.981072348020952
7897,0.0018684115278530316,0.4781091252134212,0.5175418550592107,0.002480608199515159
7898,0.19072083597066866,1.1395793003223085e-05,0.013177610056879787,0.7960901581794483
7899,0.05734987736481911,0.025444909064928287,0.8294214539600199,0.08778375961023263
7900,0.041643442316933066,2.5772427709098326e-07,0.04193307458416137,0.9164232253746285
7901,0.11285210967755016,0.8728581745935724,0.014266977907271078,2.2737821606378004e-05
7902,0.3496897870308158,5.122372758680488e-05,0.15958437416883806,0.49067461507275933
7903,0.8045976085744612,7.526117890097916e-06,0.0036422618796399546,0.19175260342800887
7904,0.00310355857106759,0.927490271917191,0.06888841342355936,0.0005177560881820296
7905,0.03443079057180393,0.23086856909986075,0.7315427788548874,0.0031578614734479706
7906,0.00034070064854600237,0.9341536578622143,0.06539202785364473,0.00011361363559501253
7907,0.9480849204396852,0.019296152593645564,0.032238347552941894,0.0003805794137274399
7908,0.02955266750113577,0.8575124970726704,0.11195634696630426,0.0009784884598897632
7909,0.0006273279405033628,0.9775175901552877,0.02181236432456794,4.271757964100577e-05
7910,0.12625094005040793,0.001431788044509856,0.8064995128006105,0.06581775910447175
7911,0.6495081297328993,7.408592772862451e-07,0.00038355202475868426,0.35010757738306475
7912,0.04723596969436361,1.6826467925439035e-05,0.1274603356940757,0.8252868681436352
7913,0.9011810550346512,0.004697437239171157,0.08882810036235075,0.005293407363826989
7914,0.12570026939492482,0.0018014970646584002,0.7939919907005079,0.078506242839909
7915,0.003192952662647586,0.8748878321699772,0.12173452080543148,0.00018469436194367997
7916,0.6446607866914337,1.7435396017785317e-08,0.004217894508243668,0.3511213013649265
7917,0.01947940501830953,0.010157161639691199,0.9161627656351533,0.054200667706845944
7918,0.006000184131169461,0.9617985011124619,0.03205513051369269,0.00014618424267585735
7919,0.00014931110451648166,0.9991933179052932,0.0006570399339386389,3.310562516399439e-07
7920,0.06907225699588658,4.732991319290347e-06,0.11530484979164833,0.8156181602211459
7921,0.6161554290375055,1.5906287773762177e-06,0.0006454168231506036,0.3831975635105666
7922,0.03115902512521506,0.041887500396075555,0.9198586578576328,0.007094816621076473
7923,0.8812123891666687,0.0033845607798179333,0.10944637330362081,0.005956676749892492
7924,6.569023736311275e-06,0.9989943308288934,0.0009961183233930856,2.9818239770726628e-06
7925,0.5629995534566358,0.2141976880148089,0.2130861257996193,0.009716632728936048
7926,0.6396273171980156,6.671131432956869e-09,1.3337424734737772e-05,0.3603593387061183
7927,0.010781113402119498,5.394993819613673e-07,0.0018114851218084462,0.98740686197669
7928,0.948714589263121,0.001715440585744488,0.040926567887930775,0.008643402263203639
7929,0.07560819449258636,0.00010486408323252445,0.27988591843176597,0.6444010229924151
7930,0.10436123417426794,0.49168040146066316,0.3845011266730694,0.01945723769199934
7931,0.00036342141119675417,0.9870790704538221,0.012543925412092139,1.3582722888836278e-05
7932,0.0030186761152812993,0.9656547094156122,0.03099165735286779,0.0003349571162388469
7933,0.00022026568660518585,0.9645354179998789,0.03512760288087787,0.00011671343263807129
7934,0.00019264212122174868,0.8591934195552211,0.14042982563380377,0.00018411268975325796
7935,0.002210395290092097,0.9910878119170821,0.0066600258360536395,4.176695677219725e-05
7936,0.003040587091852058,0.8613519986665601,0.135021469042699,0.0005859451988890945
7937,1.3182803437868796e-05,0.9870737641458683,0.012904358671766153,8.694378927680364e-06
7938,0.03133163057392897,0.8473718731366896,0.12116376687718303,0.00013272941219830942
7939,0.0002497653967950829,0.9616221565264355,0.03775298385843729,0.00037509421833197465
7940,4.505176195790792e-05,0.9980764328273872,0.001873153578469529,5.361832185260747e-06
7941,0.0020525754877000874,0.7744843414494073,0.22309926777537925,0.00036381528751342585
7942,0.9197924611839672,0.017775044719801604,0.06109219087337955,0.0013403032228517158
7943,0.39869795182240647,5.416273244964356e-06,0.1787236886522764,0.42257294325207223
7944,0.6967152126231309,0.012300053106697968,0.28414611133307793,0.006838622937093109
7945,0.29839161000991454,0.39424183733651963,0.3058854360542316,0.001481116599334256
7946,0.828443664879794,5.746370283827362e-08,0.0003147765289061086,0.17124150112759698
7947,0.4365518507800218,2.0678857788404832e-05,0.0015551570826532718,0.5618723132795366
7948,0.9292422377845587,0.0036603605172728475,0.02941844196193457,0.03767895973623387
7949,0.3040808658832323,0.6091761504227889,0.08642094614016452,0.0003220375538144731
7950,2.8090629405743104e-05,0.989039078652178,0.010911572297612164,2.125842080397369e-05
7951,0.0017391185901950161,0.9976457343715689,0.0006148009295779156,3.461086581755216e-07
7952,0.001260319793737286,0.8669855989736326,0.13078840948660586,0.000965671746024352
7953,0.7617323562481924,0.0028209425603796918,0.21789088825183447,0.01755581293959356
7954,0.14683267557219368,0.00029337708990205503,0.7383400189724746,0.11453392836542958
7955,0.01958145822851016,0.01761196526027762,0.8895430128508377,0.07326356366037434
7956,1.5567193876537544e-05,0.9976804644772669,0.0023000950886794026,3.8732401771635485e-06
7957,0.0123506710820818,0.9241142783873141,0.0628002391675761,0.0007348113630282147
7958,1.2582427444243716e-05,0.9896833103910428,0.010298418818681609,5.6883628313650974e-06
7959,0.6852691769704494,0.00019780985027994526,0.20816762912338993,0.10636538405588068
7960,0.0007152252939524023,0.9949133145031605,0.00436824771695123,3.2124859357636587e-06
7961,0.00015741826997039165,0.9581505408558709,0.041604892031174144,8.714884298441514e-05
7962,0.00011958915432878235,0.9778962081563842,0.021907403234440688,7.679945484639112e-05
7963,0.9847097054735526,0.00035005279800322855,0.00299140473438766,0.011948836994056267
7964,0.0493433848558527,8.87285717254449e-06,0.21857714684226537,0.7320705954447094
7965,0.030470848416308184,5.818924880558591e-05,0.39415839917400763,0.5753125631608786
7966,0.9749382618688548,3.245814508514516e-05,0.009109063634594385,0.015920216351465562
7967,0.6347629316402505,3.8970421562664694e-05,0.01738687970414682,0.34781121823404004
7968,0.0004596487224840006,0.877919540795693,0.1213841723929185,0.00023663808890439132
7969,0.0007868558091483308,0.9978957355536852,0.0013150590085266754,2.3496286397642195e-06
7970,0.9692897520129893,0.004018434447039679,0.02601524397966412,0.0006765695603069749
7971,0.03120617853877125,1.2567679851280484e-08,4.391737441630692e-06,0.9687894171561072
7972,0.02412246938260479,1.0655734859425229e-06,1.7320082057682414e-06,0.9758747330357035
7973,0.017867469971481264,0.1029027633604496,0.8667644213528929,0.012465345315176358
7974,0.08294816224132394,5.279568186079174e-05,0.008391103447631377,0.908607938629184
7975,0.028457718295441997,0.0028138275732471486,0.9097578636860257,0.058970590445285166
7976,0.000515675190677044,0.9399211804170471,0.05939799538151028,0.00016514901076572
7977,0.00015603037687838926,0.9051742816400241,0.09438468953131499,0.0002849984517823935
7978,0.0111403011149995,0.9776356178459901,0.011185847992910397,3.823304610005763e-05
7979,0.12277559839875041,0.0006304855124603695,0.7000691739993413,0.17652474208944782
7980,0.9150056294670282,6.81115819441025e-07,5.394317988690741e-06,0.08498829509916359
7981,3.620391834661134e-05,0.9864640169109348,0.013482368169881829,1.7411000836705525e-05
7982,0.0007083174153726247,0.8921480316068213,0.10643561408172084,0.0007080368960850716
7983,7.143603256699139e-05,0.9930515076003881,0.006856736746875003,2.0319620169906345e-05
7984,0.9187909791757076,0.0009144720415645604,0.06457715140245454,0.015717397380273463
7985,0.4321164926997447,3.7480287549404775e-11,9.368018628107802e-05,0.567789827076494
7986,0.04680040255315209,8.561941193845276e-06,0.16412928837016014,0.7890617471354939
7987,0.04105367769454289,3.144589249964311e-08,7.105333588863684e-05,0.958875237523676
7988,0.4668407243238022,1.733091187439879e-07,0.00019405032873062454,0.5329650520383485
7989,0.0006584463367546514,0.9386493385275495,0.0604853128469833,0.00020690228871242562
7990,2.939308509779163e-05,0.979678722766379,0.02025995917098953,3.1924977533713035e-05
7991,0.8198643138355842,6.801095951506542e-05,0.037563225123728804,0.14250445008117196
7992,0.14279352687086594,1.1412331247535317e-07,0.004338638301172681,0.852867720704649
7993,0.0004510282425469058,0.8427245644043777,0.15659485129532622,0.00022955605774925032
7994,0.01954265002330139,7.136783801491089e-07,0.02208315677050711,0.9583734795278114
7995,0.9728634498266929,0.00162111893217629,0.025253833128859867,0.00026159811227102135
7996,0.018465019174961017,0.06689545090431637,0.8817177628960978,0.03292176702462485
7997,0.487626632428571,8.653877912294646e-07,0.00010622291010664456,0.5122662792735311
7998,0.2553938026341211,2.5505158270247796e-09,2.0412492494733936e-05,0.7445857823228684
7999,0.039392802283998,1.3061340573918613e-08,1.3869160798520212e-05,0.9605933154938628
8000,0.0760515338179569,0.016477706989518122,0.8688548530732175,0.03861590611930749
8001,0.02047242017130229,0.014047474079540549,0.8725148562324792,0.09296524951667788
8002,0.047270196668084345,0.0003386799653445725,0.040238364233075086,0.912152759133496
8003,0.001218818976215661,0.9134128688770328,0.0851958913503143,0.00017242079643727356
8004,0.9024821357756209,0.0004405878241455187,0.08123023835600933,0.0158470380442242
8005,0.5944129716450052,3.437239643120148e-05,0.023978887778107243,0.38157376818045646
8006,0.0001409638997472714,0.9860538394112419,0.013781180563319171,2.401612569150082e-05
8007,0.04559661306348881,0.06783604367603097,0.8710417537493289,0.015525589511151267
8008,0.0033306217337409267,0.7826404851691123,0.21248916219541242,0.0015397309017342426
8009,0.058550189110198075,0.09627913817263281,0.7939010832062495,0.05126958951091951
8010,0.00025558064830722327,0.9303641418298436,0.06918733187967918,0.00019294564216983923
8011,0.9169576163384835,0.00014136672389119577,0.05915644959256902,0.02374456734505636
8012,0.11665188021949548,1.597278246253428e-05,0.17350586933456252,0.7098262776634794
8013,0.0017091524008172447,0.8208677131549504,0.17693230218195413,0.0004908322622781385
8014,0.11592454120987358,2.1246555485911478e-07,0.026493940999861854,0.8575813053247098
8015,0.906033189227536,0.0004472852926852286,0.071908056403016,0.021611469076762802
8016,0.62020298254942,0.017672724139894902,0.3514047054952112,0.01071958781547391
8017,0.05072380087890206,0.000860221704845674,0.05915598051667626,0.889259996899576
8018,0.016314182569541914,0.03775693264311281,0.8891001403580329,0.056828744429312454
8019,0.020321938718770107,0.15190016116809893,0.8101415903058171,0.017636309807313878
8020,0.9189009805743882,4.92210271679428e-06,0.014508389141869376,0.0665857081810257
8021,0.00044488716321750807,0.7765434926023018,0.2222658436634624,0.0007457765710183531
8022,0.03188088514922416,0.004124807431688647,0.8565492167572415,0.10744509066184567
8023,0.036119770127562734,0.3626013216520862,0.5939550795007483,0.007323828719602847
8024,0.007623870994455656,0.05008854566242137,0.9163290618841416,0.025958521458981303
8025,0.007275246858686185,0.12905833650011445,0.8526676110083673,0.010998805632832015
8026,0.11479774327249508,0.005925461305818518,0.8404662897615007,0.03881050566018579
8027,0.0006915529950311101,0.9241815472622943,0.07494864642113169,0.00017825332154278953
8028,0.02555422697467347,3.4286663842860934e-07,0.01396489373286283,0.9604805364258252
8029,0.004928682765388752,0.3718685242614614,0.6199722864712071,0.0032305065019427853
8030,0.04355932933874849,4.4889129361357407e-10,0.00011085764184816232,0.9563298125705121
8031,7.29725525832985e-05,0.9285441871254194,0.0712546853494054,0.00012815497259188852
8032,0.7036946124952481,5.485661912041867e-07,0.004079664183818446,0.2922251747547422
8033,0.8561526961200838,8.591590547214868e-05,0.06186976681671591,0.08189162115772801
8034,3.846176795083388e-06,0.9944138890733645,0.005580869220272044,1.3955295682136117e-06
8035,0.009017090990055208,0.23990969619938315,0.7424586395917269,0.008614573218834765
8036,0.24421319912699352,0.028116009480294586,0.6979723489147135,0.029698442477998407
8037,0.3978784946069514,0.000162703226502507,0.33122879869610666,0.27073000347043935
8038,0.022964470838014905,0.050082148546957965,0.9169180924314819,0.010035288183545115
8039,0.02360940948377322,0.49181951208859803,0.4814653574597139,0.0031057209679148596
8040,0.3023376781596766,4.1617125971284526e-07,6.530422665280489e-05,0.6975966014424108
8041,0.00014014962661308588,0.8852752120333816,0.11439199913480622,0.00019263920519917906
8042,0.023753088855919733,2.591102529792599e-09,0.005104565048077513,0.9711423435049001
8043,0.005401000354581054,0.10882377101794163,0.8711722800635467,0.014602948563930606
8044,0.34064766449740913,0.09762996908670604,0.006497939422493281,0.5552244269933915
8045,0.8011035419166154,6.464821822813109e-07,0.00017480242344151983,0.19872100917776087
8046,0.0010664441413308085,0.97191568402276,0.026941848292648434,7.602354326080071e-05
8047,0.007726160684133382,0.9760950317259768,0.016166400474107834,1.2407115782101497e-05
8048,0.10215861006686217,0.112573620268869,0.7608665552597506,0.024401214404518277
8049,0.00014264645482956498,0.9432500648502004,0.05651189212445297,9.539657051701177e-05
8050,0.3998142030186643,4.727660904652636e-06,0.02184300124173804,0.578338068078693
8051,0.9604939486731833,2.7138992504273883e-05,0.013335043451213762,0.0261438688830986
8052,0.29017398530970856,0.061203142781020715,0.6287994515387761,0.019823420370494466
8053,0.6794044325035453,2.0334116605552837e-06,0.014077103503656277,0.30651643058113776
8054,0.30089989946999407,3.893578776334632e-07,0.015541129253097724,0.6835585819190305
8055,0.0384214203447817,2.1647269080375848e-05,0.37761612432373665,0.5839408080624013
8056,0.03846882640829408,2.7694109243554242e-05,0.3019535121622579,0.6595499673202045
8057,0.5535905545509512,8.824844457942196e-08,0.0037850803699380443,0.44262427683066613
8058,0.010244028935351252,0.1552654148221716,0.8291929279461202,0.005297628296357005
8059,3.407813794895856e-05,0.9974746291039741,0.0024892659829805546,2.0267750964705193e-06
8060,0.000506584310647674,0.9324000868797343,0.06668284540688871,0.0004104834027294589
8061,0.0005596648879424825,0.8352729047813341,0.1632424901762172,0.0009249401545062628
8062,0.9304114531523188,0.03372167627663071,0.03559408086694213,0.0002727897041081813
8063,0.012659569052675033,0.9872692110882236,7.111618542572199e-05,1.0367367568645838e-07
8064,0.9853938091089451,9.09365748569024e-05,0.009915576486722564,0.004599677829475447
8065,5.964367915227502e-05,0.9911720303489975,0.008764597474613708,3.7284972366034844e-06
8066,0.0014274392523246629,0.6698775082987168,0.32651736334371156,0.002177689105246901
8067,0.016022780344630793,0.03186635876055544,0.9037944812940616,0.04831637960075229
8068,0.09218541565500665,9.014588178469372e-08,0.025930408578210187,0.8818840856209014
8069,0.0005154247162360415,0.9668502271422771,0.032578765284013156,5.558285747377798e-05
8070,0.4457961330249815,7.494904268957941e-08,0.0016867884645797046,0.5525170035613962
8071,0.0001353672638773362,0.9652764710164032,0.03441455098556988,0.00017361073414951214
8072,0.001966804325206752,0.821836471376969,0.1753263871832279,0.0008703371145962777
8073,0.0815052984877444,9.065327327812682e-06,0.2935981658103853,0.6248874703745424
8074,0.46432781548575014,0.055295989984240346,0.4720011087719758,0.008375085758033656
8075,0.8804497592356231,1.5678308964788427e-05,0.02531605869043048,0.09421850376498185
8076,0.00016555031766155528,0.9743190411823941,0.02537020474976734,0.00014520375017712707
8077,0.838432281769368,0.0006380949726424982,0.11232126887931676,0.04860835437867267
8078,0.000146404076039195,0.9166921138945936,0.08273263277354578,0.00042884925582155635
8079,0.024915184951356834,3.9488239369920516e-06,0.024905228356731896,0.9501756378679742
8080,0.0016402723224778109,0.8228638269059751,0.17508590892097262,0.00040999185057444216
8081,0.7823566178770783,0.015813887230165954,0.1934463635282986,0.008383131364457109
8082,1.0141704160313188e-05,0.9902702831099748,0.009715424176737658,4.1510091272780304e-06
8083,0.8360797332549862,1.3688219390112789e-06,0.011604929971792131,0.15231396795128274
8084,5.191259772133181e-05,0.9638353313735373,0.036056392327380414,5.636370136078929e-05
8085,0.5893873053131369,0.0001502297810021635,7.857847192473885e-06,0.41045460705866854
8086,0.03822124335858783,1.0061461656485302e-05,0.06018147743940025,0.9015872177403554
8087,0.01979684234041069,0.9185788858141571,0.06146754565608394,0.00015672618934824657
8088,0.01921901701483373,0.04887926434232226,0.9030368345464451,0.028864884096398948
8089,9.511376125172892e-06,0.9973466111908028,0.0026424153361601513,1.4620969118246792e-06
8090,0.17511877470582193,3.568139327689626e-05,0.00020214480170768317,0.8246433990991935
8091,0.782335531087403,8.563054063984306e-08,6.390475916191348e-05,0.21760047852289438
8092,6.45431816470467e-05,0.9822552976098308,0.017634825003601896,4.533420492029606e-05
8093,0.012901870978986192,0.846874230927391,0.13986640877462073,0.0003574893190019347
8094,0.009604117778075426,0.9392955848949339,0.050645148349188616,0.0004551489778019185
8095,9.340503300351231e-05,0.9733259437729429,0.026507512386663115,7.313880739061167e-05
8096,4.722599268839887e-05,0.9950315080422552,0.004919544054778104,1.7219102783061802e-06
8097,9.387869041031026e-05,0.9770621610484668,0.02278468332871074,5.9276932412286066e-05
8098,0.0005284481552073012,0.9235253873087578,0.07572688487779682,0.00021927965823818844
8099,0.026121140421540942,2.2088300071995297e-10,8.984235693005155e-08,0.9738787695152191
8100,0.0004852675464359897,0.9652570442046231,0.03424711603655602,1.0572212384910228e-05
8101,0.17333713685382487,7.632724158972883e-07,0.09046901689117522,0.7361930829825839
8102,0.07197990976190374,0.0011355816713863906,0.10218353073410531,0.8247009778326047
8103,0.04261890598475457,0.01031501846727888,0.8916582954594678,0.05540778008849873
8104,0.8070814844012465,1.905995753570356e-05,0.00116965373433308,0.1917298019068847
8105,0.026204348324420645,0.11976915753949668,0.8443368835992668,0.00968961053681561
8106,0.9852910895371865,3.133896854856767e-05,0.0041241091465517256,0.010553462347713092
8107,0.7181658929163232,1.5721883899682122e-07,0.0009652577711937621,0.2808686920936441
8108,0.03160670186633465,0.1354330555771877,0.8285847439008752,0.004375498655602442
8109,7.710320941661871e-05,0.8390566821520625,0.16053290560383565,0.00033330903468524367
8110,0.00018189159165212228,0.8920533434152761,0.1076133112864101,0.00015145370666184887
8111,0.029309874892237953,0.2982448472191826,0.6690154542994193,0.0034298235891601215
8112,0.9387598037219945,0.0010608521579417286,0.0573869169942864,0.0027924271257773322
8113,0.16726887427512122,2.8426560689388448e-08,4.3625197241436095e-06,0.832726734778594
8114,0.00037166022641509083,0.995738147130391,0.0038804739925836144,9.718650610396178e-06
8115,0.026225260859334718,0.7858336898085093,0.18733167054729843,0.0006093787848575326
8116,0.00020386985252624908,0.9255122379185634,0.07405922311589178,0.00022466911301862214
8117,0.0004180346949543464,0.8264427488131988,0.1725287479395134,0.0006104685523335713
8118,0.060414547193037745,6.036040367602611e-06,0.20858140097839298,0.7309980157882017
8119,0.000722034077418646,0.998162922343713,0.0011137839193891693,1.2596594792161946e-06
8120,0.0018262340383329312,0.8804216979388004,0.11736103565130074,0.00039103237156596146
8121,0.13550021648377553,0.07147278642125682,0.7789443033132223,0.014082693781745358
8122,0.010778894300554714,0.037212498032073445,0.9376126153618115,0.014395992305560277
8123,0.09597706423981914,0.0008882285767052454,0.6773704197528448,0.22576428743063084
8124,0.14089103958975882,1.5046409600788064e-05,0.3384343322721849,0.5206595817284555
8125,0.0031537917086763797,0.8135682373348814,0.18254513569112438,0.000732835265317832
8126,0.01438690844013614,0.0012307166658127046,0.8239288798473625,0.1604534950466886
8127,0.9914421226512662,0.00034699565208435473,0.00687981918786961,0.0013310625087797712
8128,0.7612656802475791,0.04198430803221961,0.19259114400177618,0.004158867718425059
8129,0.013136375549468993,0.001984821495919364,0.741023182924689,0.24385562002992253
8130,0.00016952302360323458,0.9685931827547328,0.03117271969031919,6.45745313446874e-05
8131,0.006162495011623326,0.21066857939793274,0.7777638685571601,0.005405057033283961
8132,0.7427979085834091,0.00025348745435195926,0.20554021539774503,0.05140838856449374
8133,0.11604358492115696,0.0022985363550840814,0.7460946164389344,0.13556326228482463
8134,5.2654878733165166e-05,0.9989104605787208,0.0010356433943544685,1.2411481915304271e-06
8135,0.045578229713453475,1.0998337321498046e-05,0.1170567670634262,0.8373540048857988
8136,0.0016667741146930187,0.9764868419746946,0.021628609918789433,0.00021777399182297086
8137,0.08516957340418342,1.3210896500359363e-06,0.11825570321814219,0.7965734022880244
8138,0.9142041235370509,0.0036022937231618554,0.07290160420168239,0.009291978538104905
8139,0.09537234863484811,0.07318799594482565,0.8170198046164082,0.014419850803918074
8140,0.00034128498409288413,0.9565998386189477,0.04289444737034922,0.00016442902661028581
8141,0.4803639557856559,6.133017359888129e-08,7.451124156832371e-05,0.5195614716426022
8142,0.0012618524638241724,0.8567219086927104,0.14114348304125873,0.0008727558022066662
8143,0.01884878905582551,0.07421328114088176,0.8794196207860125,0.0275183090172802
8144,0.0011795784076766543,0.8996448639352207,0.09905128627957864,0.00012427137752402036
8145,0.8900407854726418,8.682727817777325e-06,0.015268291856694812,0.0946822399428457
8146,0.1199716350888715,2.9164286498290143e-09,0.00030996985950001565,0.8797183921351999
8147,0.02228297144507296,0.5629258310378453,0.4140129534089499,0.0007782441081318986
8148,0.13141103448942007,2.552030734692928e-05,0.2379325654938221,0.6306308797094109
8149,0.017571688037552963,0.7947351542685994,0.18726963170598515,0.00042352598786239747
8150,0.0037902631412672972,0.8784038471057696,0.1170967831133218,0.0007091066396412949
8151,0.9759586796800316,0.009268317988896891,0.01420025036493149,0.0005727519661399685
8152,0.006596510882728683,0.8632619034154714,0.12971812022003135,0.00042346548176841524
8153,3.421496088247214e-05,0.9977943290094612,0.0021627638204100995,8.692209246234086e-06
8154,0.3487364935289622,2.8414164219639734e-05,0.009007230019938878,0.6422278622868793
8155,0.0848875006343648,0.01264609823042938,0.8646384903469404,0.03782791078826546
8156,0.005190386898071738,0.648335875629219,0.3453640598894033,0.0011096775833061786
8157,0.00024859626984307954,0.9232655529601678,0.07630033364967234,0.00018551712031657385
8158,0.006264147193112972,0.08902445601962466,0.862667086989987,0.042044309797275504
8159,0.021353451322779313,0.930835132725742,0.047244014415656586,0.000567401535822123
8160,0.00036865336178994195,0.9418443167942552,0.057363609273949755,0.00042342057000500813
8161,4.309225292331488e-05,0.9869816031622329,0.012968204578004362,7.100006839270992e-06
8162,0.04377855419718601,2.424740159245201e-05,0.18688271689981822,0.7693144815014034
8163,0.04315493411348392,3.376307209676486e-05,0.2112148418304389,0.7455964609839805
8164,0.0009184220081021766,0.9585799299718825,0.040127535395322225,0.0003741126246933016
8165,0.9736678535135554,2.1110469518636534e-06,0.004674802253465395,0.02165523318602734
8166,0.00035380130954931754,0.8751993461721901,0.12405767017217609,0.00038918234608448156
8167,0.015154818938858894,3.829599985051277e-07,0.044121066296599086,0.9407237318045435
8168,0.1944644304649329,3.4836223900223973e-05,0.14369073141015154,0.6618100019010152
8169,0.9200378343555066,0.001325775847097887,0.06803702495782629,0.010599364839569176
8170,7.753505542951269e-05,0.9820383250495098,0.017831022549738267,5.311734532235373e-05
8171,0.8288939299736818,0.0003874355591571804,0.10324917735543424,0.06746945711172672
8172,0.0260993407974306,0.923272945234049,0.05050004792616945,0.0001276660423510794
8173,0.1775494630055596,5.060119743906951e-08,0.0006065780252989966,0.821843908367944
8174,0.04308880805926419,2.315633794173438e-06,5.5804612898903785e-05,0.9568530716940428
8175,7.843549052770137e-05,0.9135943984569499,0.08596217812004395,0.0003649879324784962
8176,0.004649942702306297,0.2587341872402254,0.7216091018735885,0.015006768183879813
8177,0.001762322576410929,0.9539374485779437,0.04382469925171106,0.000475529593934284
8178,0.88016504325942,0.00759612481087505,0.10742911745631283,0.004809714473392041
8179,0.268705044877615,7.010462682227429e-07,0.00010057153176845916,0.7311936825443482
8180,0.8451056393853794,0.0069355031023328375,0.13973433171888852,0.008224525793399362
8181,0.00013314591727325655,0.9251637459821903,0.07461152589130178,9.158220923460301e-05
8182,0.5780612778078045,3.409679921998176e-05,0.005071248428614849,0.4168333769643607
8183,0.037685293660535905,6.718903952685783e-05,0.17883784179755277,0.7834096755023845
8184,0.9069674903169499,9.485849376870356e-09,6.768859571376336e-05,0.09296481160148697
8185,0.018300779325023084,0.5155828011399848,0.4633600329133433,0.002756386621648847
8186,2.3791537685280038e-05,0.9766038861377104,0.02327798152647753,9.434079812679555e-05
8187,0.0007962455061057576,0.9278557075445465,0.07075313110204662,0.0005949158473011529
8188,0.06387479164656061,3.9560749175953014e-07,1.4352813023529442e-05,0.9361104599329241
8189,0.0002625274086527939,0.9827860582672914,0.01685274707068245,9.866725337332672e-05
8190,0.00010248309658386134,0.9203465750672153,0.0794329449942275,0.00011799684197334569
8191,2.3461181820467015e-05,0.993448265683401,0.006520086690216278,8.186444562138617e-06
8192,0.9894906358101941,1.4049057053197663e-05,0.00011857874715464495,0.01037673638559794
8193,0.7326441798088836,4.4669772130870196e-05,0.1053075101224904,0.16200364029649503
8194,0.04768023250434053,2.562621013699302e-05,0.2423480953770926,0.7099460459084299
8195,0.0025987053447185404,0.961763627943444,0.035049659728883,0.000588006982954716
8196,1.6996738453051452e-05,0.9530130566717213,0.04691670020697972,5.324638284575085e-05
8197,0.010646773525101978,0.12339717442124395,0.8485594098949142,0.017396642158739876
8198,0.020674567556462964,0.033234873335228406,0.9135578503278333,0.03253270878047538
8199,0.02109581843968058,1.0738774402692093e-08,0.004420519780867919,0.9744836510406771
8200,0.0010062392391565111,0.8050558993497264,0.19365699730452007,0.00028086410659713913
8201,2.4686248086555318e-05,0.985363193029471,0.014605200722954,6.91999948840168e-06
8202,0.9343831722930881,3.7485731039851577e-06,0.0023004713176047313,0.06331260781620308
8203,0.14307268281838895,2.1823032508788396e-10,3.1128169425016474e-05,0.8568961887939557
8204,0.16169212071991226,0.0005828562370948411,0.662730038886233,0.17499498415676004
8205,6.175672789947358e-05,0.9915751010434333,0.008334044917534806,2.9097311132639695e-05
8206,0.7825237627202648,0.00019176730179683367,0.15975297769483618,0.05753149228310218
8207,0.06648201798371718,1.1555451585803592e-08,3.1484873556717195e-07,0.9335176556120958
8208,0.0024749378182025244,0.7665416131667689,0.2302632646419612,0.000720184373067218
8209,0.8675104875861586,0.013046081831455782,0.11336237687778358,0.006081053704602048
8210,0.16690791449958983,1.0920968146604005e-05,0.021493618041169473,0.8115875464910942
8211,0.00019669162912499345,0.8843074857320584,0.11527914134325289,0.0002166812955636674
8212,0.21682243369378254,2.5829885308994653e-06,0.0005243523839738702,0.7826506309337127
8213,0.8286257064260293,2.6633584929742573e-06,0.0010819713056307498,0.1702896589098471
8214,0.00010075948992909952,0.9788929130611927,0.020996923569816812,9.403879061476802e-06
8215,0.004254536164594681,0.9120102443231856,0.08359496394938443,0.00014025556283526713
8216,0.03047571658106588,0.029900453299726806,0.9085986850454741,0.031025145073733135
8217,0.33254121211246174,1.9180423025633402e-05,8.243581276075789e-05,0.6673571716517519
8218,0.02578697562260963,1.536972373688054e-05,0.05452465096817911,0.9196730036854743
8219,0.012117404265843422,0.09297486776209876,0.8633341148593698,0.03157361311268803
8220,0.6148818075622914,5.706945466118729e-05,0.11359402809142517,0.2714670948916222
8221,0.024146755714264903,0.002769861625660542,0.8904130781583234,0.08267030450175122
8222,0.005826997835432734,0.9637270876087944,0.03023310432412559,0.00021281023164729566
8223,0.5921929906742845,3.513443340658449e-09,5.595679379774625e-05,0.4077510490184744
8224,0.04984370027923205,0.5617151431570123,0.379660830176035,0.00878032638772066
8225,0.009050949237039805,0.41638722484075924,0.5698341749338748,0.004727650988326329
8226,0.8055702041655318,0.00016608619410870426,0.13983969114662007,0.05442401849373945
8227,0.15106789102292076,8.653153996769165e-06,0.10019451015575734,0.7487289456673252
8228,0.00022417395009538882,0.8470737234489786,0.1524619031139198,0.0002401994870062745
8229,0.04196609975002977,8.171982983255838e-06,0.048861199319008695,0.9091645289479783
8230,0.0020345034190667024,0.24015287791286,0.7516812805119238,0.006131338156149318
8231,0.2708174271026792,3.097281088696348e-06,0.026936289235724862,0.7022431863805072
8232,0.013318001426329003,0.8297096887839005,0.15634402272128897,0.0006282870684815331
8233,0.08520657031973712,0.0015515321311074535,0.7583398573051517,0.15490204024400364
8234,0.0023148877533629188,0.8053679355068826,0.1915742700743111,0.00074290666544326
8235,0.12037037740341322,3.2277488083322915e-06,0.0005189673477294798,0.8791074275000489
8236,0.04326882766157431,0.6862509480684978,0.26976522671376757,0.0007149975561603401
8237,0.023747143603191977,0.005870527148127667,0.9119599664744646,0.05842236277421561
8238,0.054693782016608725,6.496482526555067e-07,0.07295334011133955,0.872352228223799
8239,0.059675425377855876,5.490287078394312e-08,0.0034962447703088587,0.9368282749489645
8240,0.026252494280678357,0.004290011943918781,0.774429626344585,0.19502786743081782
8241,0.007474290958802788,0.5104579329415457,0.47805784949109076,0.004009926608560822
8242,0.009290223317644578,1.0707926764688716e-09,1.4549559362457235e-06,0.9907083206556265
8243,0.0099940107633146,0.01173571088041494,0.9287178320449052,0.0495524463113653
8244,0.3503191503880361,1.1141143987795644e-06,0.009328814938126168,0.640350920559439
8245,0.9474575042077691,2.090253040223089e-06,0.005421480756737535,0.047118924782453005
8246,0.00012900411980610604,0.9483798089660073,0.05140786410469418,8.332280949244874e-05
8247,0.00013544705365477829,0.957223958935984,0.042578419400281425,6.217461007963441e-05
8248,0.03339042221738158,4.934929272709838e-07,0.00025225968231612457,0.9663568246073749
8249,0.02395893475254109,0.000500552838399518,0.558716700707806,0.4168238117012533
8250,0.023716846634586668,0.003646934216162425,0.8637797161972784,0.1088565029519723
8251,8.089202024672344e-05,0.9602831558468801,0.03955700304177729,7.894909109601886e-05
8252,0.8212126661795479,1.4212608117275427e-06,0.002719759866636802,0.17606615269300355
8253,0.03274189462318105,9.564900234802108e-09,0.012087890596910702,0.955170205215008
8254,0.02150748987841718,6.289693762246935e-06,0.015252196398824186,0.9632340240289963
8255,0.004819073067105178,0.3848066193286748,0.6059988178175526,0.00437548978666736
8256,0.005866113953900224,0.0830752674096089,0.8993359214410276,0.01172269719546335
8257,0.001958801568042529,0.9793853809894575,0.018627748033112856,2.8069409387048413e-05
8258,0.06767744425381111,4.2449489565346175e-06,0.1012981038427858,0.8310202069544464
8259,0.025865574010076026,0.0039655369940288,0.8053261565268803,0.16484273246901499
8260,0.00015324699186608807,0.9882574943078306,0.01156895929674343,2.029940355993434e-05
8261,0.0004716944979433609,0.945913100756578,0.053538347389174866,7.685735630382948e-05
8262,0.8857525508841437,0.002260032043478542,0.10681907436877082,0.00516834270360705
8263,0.22784151177457143,8.303073202493471e-07,0.036128972420284,0.7360286854978244
8264,0.021536083577076412,0.6612635946637372,0.3163733535120367,0.0008269682471497249
8265,0.7332386123717681,0.0029289765210468227,0.2567175850848098,0.007114826022375358
8266,0.0008318111481993125,0.9059780770633655,0.09252653128241722,0.0006635805060179104
8267,0.0001830425173528266,0.9449341568697878,0.05475876656274971,0.0001240340501099573
8268,0.010443653264131764,0.10926411681451874,0.8705187734001568,0.009773456521192755
8269,0.00016174340189317849,0.9754253140479106,0.02438832804640746,2.4614503788845925e-05
8270,0.012265769048876187,0.9622255565242722,0.025487108539593233,2.156588725850958e-05
8271,0.000809363526532971,0.7723310357688363,0.22630011340923453,0.0005594872953961032
8272,0.9494716714328395,1.3715013960689389e-05,0.010558216944462283,0.03995639660873751
8273,0.8575102860080508,9.07092976125247e-05,0.09472282732217593,0.047676177372160795
8274,0.001520679931299509,0.9479903670319529,0.050363817045751075,0.000125135990996529
8275,0.00047185350461543163,0.9869239548782432,0.01259194098536717,1.2250631774245833e-05
8276,0.012782497267475655,0.1251296921841597,0.8560591902027462,0.006028620345618326
8277,0.31470872222336865,0.000324928077873366,0.4150621741819823,0.2699041755167756
8278,0.007577926126329747,0.04304675596780244,0.9253615931401621,0.024013724765705756
8279,0.2092303059498552,0.010163057749821318,0.7403119132689266,0.04029472303139691
8280,0.007491126399801319,0.8443030686534759,0.14602992250838961,0.0021758824383332695
8281,0.00044750174630821813,0.9607323385587412,0.03873042590628461,8.973378866618487e-05
8282,0.8967007275063892,2.0921149703033993e-06,0.015546983013639043,0.08775019736500152
8283,0.00142279196126865,0.9623461874863288,0.03586313445725909,0.0003678860951433997
8284,0.3067806267884847,4.815875326758564e-07,0.0020545497043170055,0.6911643419196657
8285,0.023333880461435016,0.001247167325093207,0.08773737255869968,0.887681579654772
8286,0.018251427467139227,0.19243463371936165,0.7792018658016586,0.010112073011840608
8287,0.18132823788437136,5.2050992963309387e-05,0.3153452342686614,0.503274476854004
8288,0.04620493892163563,1.1121552620837447e-06,0.03239249305074675,0.9214014558723556
8289,0.5531907445670436,3.198321304964886e-06,0.026778084134555014,0.42002797297709643
8290,0.00018302526672184631,0.8326278359264081,0.1669936071871222,0.00019553161974773578
8291,0.8828230132973444,4.956760240044342e-07,0.00026221568071505864,0.1169142753459166
8292,0.0023162186894797924,0.9429912488456976,0.05407749609538375,0.0006150363694386593
8293,0.00010110301040705954,0.989800854072487,0.010092867094940793,5.175822165221344e-06
8294,0.8977639204526695,0.00015655294300813267,0.0845841398359477,0.01749538676837473
8295,0.5427273344616119,0.02477796556236183,0.4142092736426468,0.018285426333379335
8296,0.044209364713678694,0.07844224791103731,0.8636353102203984,0.013713077154885454
8297,0.042219578558796676,3.645680851910456e-06,0.19965594786637716,0.7581208278939742
8298,0.7138404168070293,0.0004646601519361095,0.12932387701013193,0.15637104603090268
8299,0.0638613902309002,6.656473640407906e-06,0.06522797404194813,0.8709039792535113
8300,0.16573522347547814,3.433048487460415e-07,0.00010483241573498039,0.8341596008039381
8301,0.011651469359638041,0.11017734516505141,0.8639536580596751,0.014217527415635443
8302,0.04567598074211737,2.882990032239016e-05,0.13669325963780343,0.8176019297197569
8303,0.00018721403455233595,0.9167424282842009,0.08291411664294515,0.00015624103830148595
8304,0.02544031977787946,0.02292529727257345,0.9178787793503408,0.03375560359920625
8305,0.03646750088477642,0.7599872458281487,0.20222879038127772,0.0013164629057971443
8306,0.7970920282061202,0.030103232224713297,0.1588209079066157,0.013983831662550808
8307,0.0002927149659658845,0.9868311404610488,0.012845956822699196,3.0187750285876126e-05
8308,0.6091367633647085,0.2294103253247388,0.15544736710486845,0.00600554420568435
8309,0.008877904371068716,2.260523525674357e-08,0.004075187415622001,0.9870468856080741
8310,0.17230269316383842,0.0036524931813686095,0.7748903935845005,0.04915442007029241
8311,0.0003408129824972359,0.9663516985171924,0.03311220489009467,0.00019528361021557296
8312,0.8021412823063194,0.0004616270895443757,0.11607148682930525,0.08132560377483104
8313,0.0007952257757984272,0.9387338164397033,0.06036964582659025,0.00010131195790805072
8314,0.005205739141816432,0.8559657993202127,0.13860663990859912,0.00022182162937169102
8315,0.3023788567748029,4.2382433599696975e-06,0.0009921358955259597,0.6966247690863111
8316,0.5007319116166203,2.0369173937565385e-05,0.005904466630591614,0.4933432525788504
8317,0.13559591806733068,1.5447005937387216e-05,0.1821242719086187,0.6822643630181132
8318,0.0695576143266429,1.6406015170132138e-07,0.0202814974626882,0.9101607241505172
8319,0.08718255012362319,0.19294604433454426,0.7176976170700821,0.002173788471750559
8320,0.362086414650211,1.9293410999682744e-07,1.3094577395388375e-05,0.6379002978382836
8321,0.9195298751868922,0.00011146237551810515,0.017050423976081922,0.06330823846150754
8322,0.00012280630093962472,0.99564997524549,0.004226494826631127,7.236269392386936e-07
8323,0.005657111557947964,0.00020683419920975284,0.10426970753160195,0.8898663467112404
8324,0.00013768705455298962,0.8865086928418427,0.1132288564495219,0.00012476365408225343
8325,0.5213775131098296,3.7363289312477574e-07,0.0033706064197872206,0.47525150683748996
8326,0.00029589163849657246,0.9482069899615806,0.05141918794669619,7.793045322680938e-05
8327,0.0007149298747566239,0.751964112359351,0.24696445846537882,0.00035649930051346364
8328,0.037765460299766705,3.3244089957290467e-07,0.024446601652383656,0.9377876056069501
8329,0.024855046157654704,0.9080375143137649,0.06681830943064983,0.00028913009793046546
8330,0.06799121339270761,2.7509771609792766e-06,0.001033386157855465,0.930972649472276
8331,0.1979626144734384,0.0010623855965977357,0.589498045892639,0.2114769540373249
8332,1.5375184777553173e-05,0.9995262149629734,0.00045813086883819513,2.7898341081890596e-07
8333,0.06777588700831759,2.3645290143361673e-05,0.0294079318555977,0.9027925358459413
8334,0.9028053073435326,6.688992246887309e-07,0.002618510149161505,0.09457551360808107
8335,0.13353268324637452,1.2614447263510143e-05,0.13287349602821244,0.7335812062781495
8336,0.014163045571095817,2.786563938859609e-06,0.0332098656261007,0.9526243022388646
8337,0.037149617237682425,0.0026685188541640164,0.9143895480343662,0.045792315873787404
8338,0.8285472742745098,3.812481510090176e-05,0.08318420779308164,0.08823039311730771
8339,2.3810303407793112e-05,0.9965921407514859,0.003382382471879873,1.6664732263264189e-06
8340,0.087394668869712,0.004018385110341386,0.8126299767451516,0.09595696927479501
8341,0.018056242844085545,0.14705189807114,0.8276517355629659,0.0072401235218086234
8342,0.9941385333824826,0.0010957130070510326,0.004453642737265839,0.0003121108732005816
8343,0.15410098635386033,2.190183961258116e-07,1.4357652450475608e-06,0.8458973588624984
8344,0.0011560453270810641,0.9177493743672044,0.08021940500374644,0.0008751753019682017
8345,0.7563377356561287,4.5214864327485536e-09,6.049561529851572e-05,0.24360176420708615
8346,0.0008467603870028832,0.9984426490425236,0.0007082299139767218,2.3606564970379705e-06
8347,0.7785638323109163,5.1680078520729434e-08,1.1689313970031217e-05,0.2214244266950352
8348,0.004329881367691442,0.3059694148935392,0.6874657806481044,0.0022349230906650885
8349,0.0024739248234113918,0.9426929924131395,0.054703114467350746,0.00012996829609819972
8350,0.7248002849618189,7.739506908084355e-06,0.011193778980360947,0.263998196550912
8351,0.02821892336923015,0.0013701298865715808,0.8076114222678978,0.16279952447630033
8352,1.4753511755076506e-05,0.9999032751438819,8.191632428870694e-05,5.5020074441146375e-08
8353,0.04600499352775455,0.010413034727012965,0.9215250918592023,0.022056879886030268
8354,0.0855762385794749,2.230974790580516e-05,0.3644143862042315,0.5499870654683878
8355,0.7770497082849187,0.061174470839453404,0.15908560398206245,0.002690216893565345
8356,0.07979423193054595,3.0794257376995025e-05,0.20489577201663148,0.7152792017954456
8357,0.05186788980218133,0.03631038769180776,0.8652699014489561,0.046551821057054896
8358,0.6980055568674782,0.0035910688727567113,0.27793316699223886,0.02047020726752623
8359,0.20785553628130285,1.8597681340253658e-05,0.25199292435435333,0.5401329416830036
8360,0.0439048864546517,0.20419013878133144,0.7486195037079856,0.0032854710560311787
8361,0.00021472062024802674,0.9853468406629902,0.014400253248456212,3.818546830548732e-05
8362,0.0008696565757327011,0.9862591174756957,0.012863198098623477,8.027849948185361e-06
8363,0.0015884842417074178,0.8278376762812267,0.17025968237533567,0.00031415710173006764
8364,0.00011408391163594959,0.9391538358766885,0.06064040688693551,9.167332473999534e-05
8365,0.6082712968371472,1.4391594402890133e-06,0.01756826554519182,0.37415899845822065
8366,0.1043581087185043,5.1335551556054925e-06,0.11866995180568506,0.776966805920655
8367,0.005783340183323417,0.4270429859872105,0.5615099862801315,0.005663687549334537
8368,0.047373339803969294,0.0006365599058545291,0.19107781440298172,0.7609122858871944
8369,0.05443545724201775,2.009489254663699e-05,0.24466407445440772,0.7008803734110279
8370,0.6656592117933264,1.5783272379844863e-05,0.03532005000307622,0.29900495493121737
8371,0.00011780301781023535,0.9793822413154717,0.020434888634779665,6.506703193857446e-05
8372,0.023380508483669463,0.0006541567567827133,0.6203568122164201,0.35560852254312775
8373,0.26850172724882265,5.16523266025826e-08,0.0001257264051416926,0.7313724946937091
8374,0.0009147220786541366,0.8301310948739541,0.1685957632908531,0.00035841975653867764
8375,0.0008388393742494936,0.8567098181598468,0.1422112605233673,0.00024008194253631474
8376,0.0045994795566834884,0.9544364665853438,0.04075430289744369,0.00020975096052923005
8377,0.00011091456339891609,0.939113847528589,0.06069544958002151,7.978832799056677e-05
8378,0.011957139124335598,5.980890822198838e-09,4.793105377293518e-06,0.9880380617893963
8379,8.241444696212907e-05,0.9654397222516705,0.03440558152542269,7.228177594470459e-05
8380,0.8538456757926313,0.04606698921882482,0.09935243318214847,0.0007349018063954057
8381,0.32118824826088505,1.5949796240217607e-06,4.107334757431261e-05,0.6787690834119167
8382,0.013194391925452216,0.04613488692437833,0.9063619415136379,0.0343087796365315
8383,0.04488220264092184,0.0016564607930722737,0.8296999065983424,0.12376142996766358
8384,0.9338605275294819,0.02705508632220342,0.03874642741473256,0.00033795873358210903
8385,8.123438778593463e-05,0.9696429327754185,0.030191315888003497,8.451694879195053e-05
8386,1.9046811703223314e-06,0.9949502180538662,0.005045596499180269,2.280765783235631e-06
8387,0.00015588954352075283,0.9056840976573366,0.09357150104177221,0.0005885117573705857
8388,0.03235916150523642,0.018279975812289677,0.9254580206281096,0.02390284205436421
8389,0.0004455231040677647,0.9934403934699416,0.006102962035095337,1.1121390895370706e-05
8390,0.015371262611192172,1.5130920347787817e-06,1.8918900277472103e-05,0.9846083053964956
8391,0.044383433275055305,6.468805795793956e-06,0.1208038392833218,0.834806258635827
8392,0.0001544871839655522,0.9933336514153696,0.0064927881282383386,1.9073272426521624e-05
8393,0.9771541157392091,0.00017126215378841323,0.01883689748067645,0.0038377246263259393
8394,0.0002732425835360608,0.8863956347776939,0.11306874823866289,0.0002623744001072981
8395,2.258233085220433e-06,0.9996578020437957,0.00033981094635119355,1.2877676805827118e-07
8396,0.917044555579963,0.008734211707977715,0.002432646591023553,0.07178858612103566
8397,0.9414786727312606,0.05789156491583707,0.0006284863445287225,1.276008373618217e-06
8398,0.001298388710287198,0.9981962309387367,0.0005036989322081764,1.6814187678931663e-06
8399,0.0006209350280086026,0.9590347257897311,0.04022678622510462,0.00011755295715588866
8400,0.038388579358820354,3.0103703782989157e-06,0.11581608746932169,0.8457923228014798
8401,0.014268714869611416,0.0005351341136278743,0.778591163289499,0.20660498772726182
8402,0.027715416583043787,6.547908711316065e-06,0.10914997603182933,0.8631280594764156
8403,0.2742688783171736,5.047545510156011e-09,0.00010051772184220394,0.7256305989134386
8404,0.012864966057469363,0.001176738814312727,0.7269010847710337,0.25905721035718426
8405,9.426739849341642e-05,0.9432474086748014,0.056450890281149,0.00020743364555623865
8406,0.12764390702496006,1.4346239661608675e-08,0.01066109777809272,0.8616949808507076
8407,0.8928922132815365,0.027429261187147214,0.07907713629138084,0.0006013892399354203
8408,0.028466268123944042,0.0017467522771903324,0.7311591240601882,0.2386278555386773
8409,0.9246496217183817,0.01824573071925313,0.0556486183407839,0.0014560292215811306
8410,0.024991793957312373,0.14386802971990761,0.8095592601843461,0.02158091613843387
8411,0.005053883868955786,0.2480792550682987,0.7437079288292578,0.0031589322334877623
8412,0.8986119760676848,2.739254595779859e-05,0.05560207256193436,0.04575855882442297
8413,0.13500955189465158,1.3587128533078179e-06,0.00182224376422514,0.86316684562827
8414,0.0015136038927527067,0.33107530789868195,0.6616961007284552,0.005714987480110095
8415,0.013120066553992291,0.0275663897633026,0.928958407193241,0.030355136489464214
8416,0.014010791205859983,5.300004118900206e-08,0.02676775593859339,0.9592213998555055
8417,0.26196955083822704,3.0052531728958544e-08,0.0007907494611283333,0.7372396696481128
8418,7.361434981518729e-05,0.8673219173298603,0.13227325696662956,0.0003312113536950055
8419,0.0005204530826030914,0.941768499939643,0.05754638799122262,0.00016465898653128907
8420,0.0012989256832271426,0.9356586221900013,0.06292317776317183,0.00011927436359985876
8421,0.02537510475098607,1.1281864539517615e-06,0.032581294031542765,0.9420424730310172
8422,6.654271896093148e-05,0.987711513056227,0.01215865117391049,6.329305090165892e-05
8423,0.03776091203726002,0.45666243137590934,0.502263630810034,0.0033130257767966364
8424,0.03764700568656344,0.020850980240608535,0.9065478466023094,0.03495416747051857
8425,7.279347310205022e-05,0.9920078408743351,0.007908792098831784,1.0573553731187256e-05
8426,5.9212724703738183e-05,0.9953903140153684,0.004536166315381452,1.4306944546583297e-05
8427,0.25036681292998103,0.0060668875591757725,0.5915160450174308,0.15205025449341233
8428,0.16654186424458559,3.5862494025762175e-08,3.946499333529995e-06,0.8334541533935869
8429,0.08961665242288379,6.00981300956793e-05,0.0025339767286878044,0.9077892727183328
8430,0.011553711468541951,0.749825439817388,0.23599383317559217,0.002627015538477841
8431,0.01695594305891302,0.0005416303516879636,0.6176240280437839,0.36487839854561505
8432,0.017198521830840027,0.007847659955174438,0.9056733855507801,0.06928043266320533
8433,0.0012555915040663506,0.884083297611907,0.11383210280292845,0.0008290080810983303
8434,0.05437854385550635,1.2680062810370588e-05,0.15310620525683927,0.7925025708248439
8435,0.42789882056413725,0.06635453999749091,0.48544847879478237,0.02029816064358948
8436,0.012601038145522128,0.12209920030205593,0.8315369403088557,0.03376282124356628
8437,0.005214065569625159,0.39214118677332455,0.6016718528572736,0.0009728947997766749
8438,0.47556337877147203,1.2749233999474963e-06,0.004207201600342288,0.5202281447047856
8439,0.006383485882623363,0.03535587133189596,0.9410558613736391,0.01720478141184161
8440,0.06929624024714376,4.2109865832662124e-06,0.1955256701061812,0.7351738786600919
8441,0.09950458779991171,0.0010891100881483548,0.7810546085769604,0.11835169353497967
8442,0.0002695720342834261,0.8426460714415595,0.15652193248904672,0.0005624240351105121
8443,0.11204016025750732,0.017620787946973103,0.7884659111100603,0.0818731406854594
8444,0.04511732723885003,8.884420677486258e-08,0.0142219483351065,0.9406606355818368
8445,0.00010611341088823729,0.9794854518693793,0.020398595165589884,9.839554142716218e-06
8446,0.030774100505496244,1.0723171108787778e-07,0.042636600787738996,0.9265891914750537
8447,0.6188348875744832,1.0843765034404984e-06,0.0007067771710627854,0.3804572508779507
8448,0.0531309653932839,3.589299242473064e-05,0.522576171887124,0.4242569697271674
8449,0.028754181183906494,8.208211515631587e-06,0.16813265238886835,0.8031049582157096
8450,0.9715629048658948,0.0017300910357845882,0.009693597396345822,0.01701340670197467
8451,0.040535417877114586,6.705269789661805e-05,0.28440210560589146,0.6749954238190974
8452,0.0039422143992398385,0.7275999367875204,0.26815596243492384,0.0003018863783157921
8453,0.7746359680825476,1.754342144038466e-06,0.0050511142942767095,0.22031116328103173
8454,2.2346953355695006e-05,0.9971044224877676,0.0028715774525915963,1.6531062849094921e-06
8455,0.8566161796017953,2.8509398341777865e-05,0.06348846765198038,0.07986684334788259
8456,0.62806175884782,4.197069038278645e-05,0.12545282548276912,0.24644344497902812
8457,0.08885839454951246,0.00010046397291419214,0.23227941394982818,0.6787617275277451
8458,0.9550787078958917,0.00034469852110614386,0.03179462109199427,0.01278197249100796
8459,0.00033392449884890666,0.8472505086150763,0.15166198300982442,0.0007535838762504239
8460,0.005557135721900031,0.07438107346671217,0.9073943527514148,0.012667438059972828
8461,0.0007481032460995757,0.9931786030751955,0.0060694007423361205,3.892936368784749e-06
8462,0.05637337354636271,0.16339332736337187,0.768544398645885,0.011688900444380517
8463,0.018061696904592976,0.02725829590838413,0.9243796879204363,0.030300319266586443
8464,0.022322949965725286,0.03485148625769594,0.8873181238801547,0.055507439896423996
8465,0.15994470137162214,3.809903205826178e-05,0.20438521867461715,0.6356319809217024
8466,0.001609940816239712,0.9813651286866092,0.017005342791249312,1.9587705901571758e-05
8467,0.005909817841857716,0.6671370344587914,0.32567744222468414,0.0012757054746668586
8468,0.18349335038632378,9.73672669341879e-08,0.019762036227151735,0.7967445160192576
8469,8.645679840197778e-05,0.9164063461013494,0.08331495674518771,0.00019224035506074398
8470,0.016459195315966787,9.181245321968233e-07,0.01402802502215322,0.9695118615373478
8471,0.00019347487822125262,0.9503719299649562,0.049328365357976106,0.00010622979884658807
8472,0.0008908561940467677,0.8715418000689513,0.1271743346538458,0.00039300908315616055
8473,0.00411704960839923,0.7062136210825081,0.28814529805429584,0.0015240312547968135
8474,0.3851281922679599,4.863966002524943e-09,4.759009322500771e-05,0.6148242127748491
8475,0.022855441659155453,0.006882196569156756,0.9208998026751863,0.04936255909650139
8476,0.5061902305193354,3.932337586162939e-06,0.0018057808574334254,0.492000056285645
8477,0.06320550612757149,4.299622548597179e-06,0.05162874846472517,0.8851614457851548
8478,0.0075966483319100985,0.7797890057448646,0.21203864601462763,0.0005756999085976218
8479,0.0017758543995362382,0.6002454221607433,0.3959103525041157,0.0020683709356048097
8480,0.0008291069445366702,0.8652805942496706,0.1337150756678669,0.00017522313792559815
8481,0.1876981039965798,1.004200155324674e-07,0.009940031699465777,0.802361763883939
8482,0.9703323473053516,0.0015625599740222897,0.025151276676857806,0.00295381604376824
8483,0.00022575433286007093,0.9735035164225588,0.026068184038760628,0.0002025452058203063
8484,0.08183283486089628,0.005262134315702066,0.803041247427981,0.10986378339542067
8485,0.0015109951432444003,0.8488287077458109,0.149442739656334,0.00021755745461068444
8486,0.0020272547469681623,0.7932757091557229,0.20319705901343682,0.0014999770838720794
8487,0.9040600886977752,0.0004254946696655764,0.07048690139736559,0.025027515235193618
8488,0.006218398933932628,0.823379412260808,0.16994158045894545,0.00046060834631398047
8489,0.005063108173970832,0.7246969288316845,0.2686823137850657,0.001557649209279021
8490,0.0034242642467320534,0.9177350754849655,0.07798093421278449,0.0008597260555180899
8491,3.483250358332482e-05,0.9518320721839496,0.04810895712125013,2.4138191217010926e-05
8492,0.17856062493675415,6.579384215442822e-08,0.008005131845693828,0.8134341774237098
8493,0.0011004491322541081,0.9264928814156155,0.07196980299553615,0.00043686645659439505
8494,0.06187006214701845,0.0004008175379716133,0.5890989087697525,0.34863021154525753
8495,0.9717288994839677,0.0005572502499740005,0.02458641914344631,0.0031274311226120394
8496,0.05021786845264042,0.007861065842247102,0.8908172557570693,0.05110380994804322
8497,0.005574961877797215,0.4500201571672403,0.5421899115983736,0.0022149693565889704
8498,0.004288322196789781,0.952738628693234,0.04286164633936483,0.00011140277061117683
8499,0.007668624303323973,0.7789399921060909,0.21167784229404946,0.0017135412965356574
8500,0.022681510571362706,1.881558606655225e-05,0.24617366960918216,0.7311260042333886
8501,0.7936593235293699,0.00027179219902217496,0.07932096056502055,0.12674792370658738
8502,0.11550592746358755,0.0014745780135146205,0.8316938074286527,0.05132568709424515
8503,5.596155337022152e-06,0.9948851329286437,0.005106006612612625,3.264303406739725e-06
8504,0.1923965916825487,1.2566887199290277e-06,0.03563193022737227,0.7719702214013592
8505,0.00820793712233957,0.8374938586294298,0.1530638109420047,0.0012343933062259325
8506,0.0002003296328988258,0.9939967432281485,0.005793822848261533,9.104290691144854e-06
8507,0.004937746503037925,0.7780271592383341,0.21572086288622078,0.0013142313724070359
8508,0.49341150555590935,0.2293322045312677,0.27265887915556397,0.004597410757259031
8509,0.030294802439589312,4.630656577059222e-06,0.014361562632388388,0.9553390042714454
8510,0.10341828485308914,1.0669914356901906e-05,0.13301016283049488,0.7635608824020591
8511,0.7719868847511588,0.05299733752931082,0.04880894975475837,0.12620682796477195
8512,0.00019089195652319968,0.951950627430992,0.047764048267141895,9.44323453428585e-05
8513,0.3321972666345343,0.0003084831664680983,0.4631144678166238,0.2043797823823739
8514,9.694057794221193e-05,0.9397551272743119,0.060056653194956656,9.127895278918512e-05
8515,0.002253634705490358,0.8383236112821433,0.15882246013999962,0.0006002938723667751
