,0,1,2,3
0,0.84,0.14,0.02,0.0
1,0.98,0.0,0.02,0.0
2,0.06,0.0,0.04,0.9
3,0.02,0.0,0.0,0.98
4,0.0,1.0,0.0,0.0
5,0.0,0.0,0.0,1.0
6,0.0,0.02,0.98,0.0
7,0.04,0.02,0.0,0.94
8,0.0,1.0,0.0,0.0
9,0.0,1.0,0.0,0.0
10,0.92,0.0,0.06,0.02
11,0.08,0.8,0.1,0.02
12,0.92,0.02,0.06,0.0
13,0.12,0.02,0.06,0.8
14,0.08,0.02,0.0,0.9
15,0.84,0.06,0.08,0.02
16,0.78,0.0,0.0,0.22
17,0.0,0.98,0.02,0.0
18,0.06,0.0,0.02,0.92
19,0.02,0.94,0.04,0.0
20,0.02,0.02,0.88,0.08
21,0.84,0.16,0.0,0.0
22,0.0,0.0,0.0,1.0
23,0.88,0.06,0.0,0.06
24,0.0,0.0,0.0,1.0
25,0.0,1.0,0.0,0.0
26,0.0,1.0,0.0,0.0
27,0.04,0.02,0.94,0.0
28,0.0,0.0,1.0,0.0
29,0.84,0.14,0.02,0.0
30,0.0,0.0,0.96,0.04
31,0.0,0.94,0.06,0.0
32,0.02,0.02,0.96,0.0
33,0.0,0.0,1.0,0.0
34,0.02,0.02,0.94,0.02
35,0.0,0.96,0.0,0.04
36,0.0,1.0,0.0,0.0
37,0.0,0.9995180722891567,0.0004819277108433735,0.0
38,0.9,0.0,0.04,0.06
39,0.74,0.0,0.0,0.26
40,0.0,0.98,0.02,0.0
41,0.0,0.96,0.0,0.04
42,0.0,0.0,0.98,0.02
43,0.0,1.0,0.0,0.0
44,0.04,0.02,0.94,0.0
45,0.92,0.0,0.06,0.02
46,0.88,0.0,0.0,0.12
47,0.0,0.02,0.96,0.02
48,0.0,0.96,0.02,0.02
49,0.06,0.08,0.82,0.04
50,0.02,0.92,0.02,0.04
51,0.1,0.04,0.0,0.86
52,0.0,0.0,0.02,0.98
53,0.0,1.0,0.0,0.0
54,0.0,0.0,0.94,0.06
55,0.0,0.0,0.0,1.0
56,0.0,0.96,0.02,0.02
57,0.78,0.04,0.08,0.1
58,0.94,0.0,0.06,0.0
59,0.98,0.0,0.02,0.0
60,0.92,0.02,0.04,0.02
61,0.0,0.98,0.02,0.0
62,0.12,0.02,0.04,0.82
63,0.04,0.08,0.88,0.0
64,0.94,0.0,0.06,0.0
65,0.0,1.0,0.0,0.0
66,0.02,0.0,0.96,0.02
67,0.0,0.98,0.02,0.0
68,0.0,1.0,0.0,0.0
69,0.96,0.04,0.0,0.0
70,0.02,0.94,0.02,0.02
71,0.0,1.0,0.0,0.0
72,0.0,0.9,0.1,0.0
73,0.02,0.0,0.06,0.92
74,0.04,0.0,0.0,0.96
75,0.92,0.04,0.04,0.0
76,0.0,1.0,0.0,0.0
77,0.94,0.0,0.0,0.06
78,0.02,0.22,0.74,0.02
79,0.12,0.04,0.06,0.78
80,0.1,0.02,0.02,0.86
81,0.96,0.02,0.02,0.0
82,0.8,0.0,0.1,0.1
83,0.0,1.0,0.0,0.0
84,0.04,0.0,0.06,0.9
85,0.02,0.96,0.02,0.0
86,0.14,0.02,0.02,0.82
87,0.0,1.0,0.0,0.0
88,0.0,1.0,0.0,0.0
89,0.06,0.94,0.0,0.0
90,0.0,1.0,0.0,0.0
91,0.88,0.0,0.04,0.08
92,0.94,0.02,0.02,0.02
93,0.94,0.02,0.0,0.04
94,0.06,0.02,0.0,0.92
95,0.0,0.96,0.04,0.0
96,0.0,1.0,0.0,0.0
97,0.86,0.0,0.14,0.0
98,0.0,0.98,0.02,0.0
99,0.02,0.0,0.98,0.0
100,0.92,0.02,0.04,0.02
101,0.96,0.0,0.04,0.0
102,0.04,0.02,0.94,0.0
103,0.78,0.04,0.04,0.14
104,0.0,0.0,1.0,0.0
105,0.0,0.96,0.02,0.02
106,0.86,0.02,0.1,0.02
107,0.0,0.98,0.02,0.0
108,0.02,0.08,0.9,0.0
109,0.0,1.0,0.0,0.0
110,0.88,0.0,0.0,0.12
111,0.94,0.0,0.06,0.0
112,0.06,0.0,0.0,0.94
113,0.0,1.0,0.0,0.0
114,0.0,0.98,0.02,0.0
115,0.0,0.1,0.88,0.02
116,0.82,0.0,0.04,0.14
117,0.02,0.0,0.96,0.02
118,0.9,0.0,0.02,0.08
119,0.0,0.0,1.0,0.0
120,0.0,0.0,0.94,0.06
121,0.0,1.0,0.0,0.0
122,0.0,0.0,0.96,0.04
123,0.0,0.88,0.12,0.0
124,0.08,0.0,0.02,0.9
125,0.94,0.0,0.02,0.04
126,0.06,0.02,0.04,0.88
127,0.96,0.02,0.0,0.02
128,0.02,0.9,0.04,0.04
129,0.86,0.0,0.06,0.08
130,0.0,1.0,0.0,0.0
131,0.0,0.02,0.92,0.06
132,0.0,0.96,0.04,0.0
133,1.0,0.0,0.0,0.0
134,0.0,1.0,0.0,0.0
135,0.0,0.9995180722891567,0.0004819277108433735,0.0
136,0.98,0.0,0.0,0.02
137,0.0,0.0,1.0,0.0
138,0.0,0.0,0.04,0.96
139,0.0,0.0,0.98,0.02
140,0.9,0.02,0.02,0.06
141,0.0,0.98,0.0,0.02
142,0.02,0.0,0.98,0.0
143,0.0,1.0,0.0,0.0
144,0.0,0.0,0.04,0.96
145,0.0,0.96,0.04,0.0
146,0.0,0.0,0.06,0.94
147,0.04,0.94,0.02,0.0
148,0.04,0.76,0.14,0.06
149,0.94,0.04,0.02,0.0
150,0.28,0.0,0.68,0.04
151,0.02,0.96,0.02,0.0
152,0.0,0.0,1.0,0.0
153,0.04,0.92,0.0,0.04
154,0.0,0.0,1.0,0.0
155,0.0,0.0,1.0,0.0
156,0.08,0.0,0.0,0.92
157,0.0,0.0,0.02,0.98
158,0.0,1.0,0.0,0.0
159,0.0,1.0,0.0,0.0
160,0.0,1.0,0.0,0.0
161,0.0,0.98,0.02,0.0
162,0.0,0.96,0.04,0.0
163,0.0,0.0,0.0,1.0
164,0.0,0.94,0.06,0.0
165,0.02,0.0,0.08,0.9
166,0.96,0.0,0.02,0.02
167,0.92,0.04,0.0,0.04
168,1.0,0.0,0.0,0.0
169,0.06,0.04,0.0,0.9
170,0.86,0.0,0.0,0.14
171,0.0,0.9995180722891567,0.0004819277108433735,0.0
172,0.02,0.0,0.98,0.0
173,0.86,0.02,0.06,0.06
174,0.0,0.94,0.06,0.0
175,0.0,0.0,1.0,0.0
176,0.0,0.98,0.02,0.0
177,0.0,0.98,0.02,0.0
178,0.0,1.0,0.0,0.0
179,0.8,0.04,0.02,0.14
180,0.02,0.0,0.94,0.04
181,0.0,0.02,0.02,0.96
182,0.0,0.0,1.0,0.0
183,0.14,0.76,0.02,0.08
184,0.04,0.02,0.0,0.94
185,0.02,0.84,0.14,0.0
186,0.3,0.0,0.02,0.68
187,0.12,0.0,0.02,0.86
188,0.02,0.92,0.04,0.02
189,0.84,0.02,0.0,0.14
190,0.0,1.0,0.0,0.0
191,0.76,0.0,0.0,0.24
192,0.0,0.0,0.0,1.0
193,0.0,1.0,0.0,0.0
194,0.0,1.0,0.0,0.0
195,0.06,0.0,0.0,0.94
196,0.02,0.0,0.98,0.0
197,0.16,0.04,0.76,0.04
198,0.0,0.0,0.64,0.36
199,0.06,0.94,0.0,0.0
200,0.0,0.98,0.02,0.0
201,0.0,0.92,0.08,0.0
202,0.9,0.0,0.08,0.02
203,0.0,0.0,1.0,0.0
204,0.02,0.18,0.8,0.0
205,0.92,0.0,0.08,0.0
206,0.04,0.92,0.02,0.02
207,0.0,1.0,0.0,0.0
208,0.84,0.14,0.0,0.02
209,0.06,0.0,0.0,0.94
210,0.92,0.0,0.0,0.08
211,0.0,0.0,0.0,1.0
212,0.0,1.0,0.0,0.0
213,0.0,0.0,1.0,0.0
214,0.92,0.0,0.02,0.06
215,0.38,0.02,0.0,0.6
216,0.0,0.98,0.02,0.0
217,0.78,0.02,0.16,0.04
218,0.0,0.02,0.98,0.0
219,0.02,0.0,0.98,0.0
220,0.04,0.0,0.94,0.02
221,0.02,0.0,0.0,0.98
222,0.0,0.0,1.0,0.0
223,0.02,0.0,0.02,0.96
224,0.94,0.0,0.0,0.06
225,0.08,0.02,0.1,0.8
226,0.02,0.0,0.96,0.02
227,0.14,0.02,0.78,0.06
228,0.02,0.0,0.0,0.98
229,0.02,0.98,0.0,0.0
230,0.02,0.0,0.0,0.98
231,0.0,0.0,0.0,1.0
232,0.78,0.02,0.04,0.16
233,0.0,0.98,0.02,0.0
234,0.02,0.98,0.0,0.0
235,0.8,0.02,0.16,0.02
236,0.0,0.96,0.02,0.02
237,0.0,1.0,0.0,0.0
238,0.02,0.98,0.0,0.0
239,0.98,0.0,0.0,0.02
240,0.0,1.0,0.0,0.0
241,0.06,0.0,0.0,0.94
242,0.86,0.04,0.04,0.06
243,0.06,0.0,0.04,0.9
244,0.0,0.94,0.04,0.02
245,0.06,0.0,0.0,0.94
246,0.0,0.0,0.98,0.02
247,0.04,0.0,0.04,0.92
248,0.0,0.0,0.08,0.92
249,0.0,0.98,0.02,0.0
250,1.0,0.0,0.0,0.0
251,0.0,0.0,0.68,0.32
252,0.96,0.02,0.02,0.0
253,0.06,0.0,0.12,0.82
254,0.0,1.0,0.0,0.0
255,0.0,0.02,0.98,0.0
256,0.02,0.0,0.96,0.02
257,0.0,0.0,0.02,0.98
258,0.84,0.02,0.0,0.14
259,0.0,1.0,0.0,0.0
260,0.02,0.92,0.04,0.02
261,0.0,0.96,0.04,0.0
262,0.0,1.0,0.0,0.0
263,0.9,0.02,0.0,0.08
264,0.84,0.0,0.02,0.14
265,0.0,1.0,0.0,0.0
266,0.0,0.96,0.04,0.0
267,0.02,0.0,0.02,0.96
268,0.0,0.0,1.0,0.0
269,0.0,1.0,0.0,0.0
270,0.14,0.1,0.74,0.02
271,0.02,0.0,0.94,0.04
272,0.26,0.7,0.02,0.02
273,0.9,0.06,0.04,0.0
274,0.02,0.98,0.0,0.0
275,0.02,0.06,0.92,0.0
276,0.84,0.12,0.02,0.02
277,0.02,0.0,0.02,0.96
278,0.0,0.96,0.02,0.02
279,0.04,0.02,0.94,0.0
280,0.02,0.0,0.96,0.02
281,0.0,0.0,1.0,0.0
282,0.8,0.08,0.06,0.06
283,0.94,0.0,0.02,0.04
284,0.88,0.0,0.12,0.0
285,0.88,0.02,0.0,0.1
286,0.0,0.98,0.02,0.0
287,0.0,0.98,0.0,0.02
288,0.0,0.02,0.98,0.0
289,0.0,0.98,0.02,0.0
290,0.06,0.92,0.02,0.0
291,0.0,1.0,0.0,0.0
292,0.02,0.0,0.0,0.98
293,0.02,0.0,0.0,0.98
294,0.14,0.04,0.02,0.8
295,0.88,0.08,0.04,0.0
296,0.0,1.0,0.0,0.0
297,0.02,0.98,0.0,0.0
298,0.0,0.0,0.04,0.96
299,0.0,1.0,0.0,0.0
300,0.12,0.0,0.0,0.88
301,0.88,0.04,0.06,0.02
302,0.0,0.94,0.06,0.0
303,0.0,0.0,0.02,0.98
304,0.0,0.0,0.94,0.06
305,0.92,0.0,0.08,0.0
306,0.74,0.26,0.0,0.0
307,0.92,0.02,0.0,0.06
308,0.9,0.0,0.02,0.08
309,0.14,0.0,0.0,0.86
310,0.88,0.0,0.0,0.12
311,0.04,0.0,0.04,0.92
312,0.14,0.04,0.0,0.82
313,0.1,0.02,0.0,0.88
314,0.0,0.0,1.0,0.0
315,0.84,0.14,0.02,0.0
316,0.9,0.0,0.1,0.0
317,0.08,0.08,0.04,0.8
318,0.0,0.98,0.02,0.0
319,0.14,0.02,0.82,0.02
320,0.0,0.96,0.04,0.0
321,0.0,0.0,0.98,0.02
322,0.0,0.0,0.04,0.96
323,0.96,0.0,0.02,0.02
324,0.0,1.0,0.0,0.0
325,0.94,0.0,0.04,0.02
326,0.0,1.0,0.0,0.0
327,0.06,0.02,0.0,0.92
328,0.84,0.12,0.02,0.02
329,0.0,0.0,0.96,0.04
330,0.0,0.96,0.02,0.02
331,0.0,0.98,0.02,0.0
332,0.0,1.0,0.0,0.0
333,0.88,0.06,0.06,0.0
334,0.0,1.0,0.0,0.0
335,0.04,0.96,0.0,0.0
336,0.98,0.0,0.02,0.0
337,0.74,0.02,0.0,0.24
338,0.0,0.9995180722891567,0.0004819277108433735,0.0
339,0.94,0.02,0.04,0.0
340,0.0,0.0,0.0,1.0
341,0.84,0.0,0.02,0.14
342,0.0,0.0,0.0,1.0
343,0.0,0.9795180722891567,0.020481927710843374,0.0
344,0.04,0.92,0.04,0.0
345,0.9,0.02,0.0,0.08
346,0.0,0.0,1.0,0.0
347,0.18,0.0,0.02,0.8
348,0.0,1.0,0.0,0.0
349,0.0,0.0,0.98,0.02
350,0.0,0.0,0.98,0.02
351,0.0,1.0,0.0,0.0
352,0.0,1.0,0.0,0.0
353,0.0,1.0,0.0,0.0
354,0.0,1.0,0.0,0.0
355,0.04,0.0,0.96,0.0
356,0.0,0.0,1.0,0.0
357,0.98,0.0,0.0,0.02
358,0.02,0.0,0.96,0.02
359,0.0,0.98,0.02,0.0
360,0.84,0.02,0.14,0.0
361,0.0,1.0,0.0,0.0
362,0.08,0.0,0.0,0.92
363,0.08,0.9,0.02,0.0
364,0.0,0.02,0.98,0.0
365,0.0,0.0,1.0,0.0
366,0.02,0.94,0.04,0.0
367,0.02,0.0,0.04,0.94
368,1.0,0.0,0.0,0.0
369,0.0,1.0,0.0,0.0
370,0.94,0.0,0.02,0.04
371,0.06,0.0,0.02,0.92
372,0.0,1.0,0.0,0.0
373,0.02,0.0,0.96,0.02
374,0.92,0.0,0.06,0.02
375,0.0,0.0,1.0,0.0
376,0.0,1.0,0.0,0.0
377,0.84,0.12,0.04,0.0
378,0.92,0.02,0.0,0.06
379,0.02,0.0,0.96,0.02
380,0.0,1.0,0.0,0.0
381,0.14,0.0,0.0,0.86
382,0.94,0.0,0.0,0.06
383,0.0,0.0,0.98,0.02
384,0.02,0.0,0.98,0.0
385,0.04,0.02,0.9,0.04
386,0.0,1.0,0.0,0.0
387,0.04,0.96,0.0,0.0
388,0.98,0.0,0.02,0.0
389,0.02,0.96,0.02,0.0
390,0.0,0.0,0.98,0.02
391,0.1,0.04,0.84,0.02
392,0.0,0.9995180722891567,0.0004819277108433735,0.0
393,0.1,0.9,0.0,0.0
394,0.0,0.08,0.92,0.0
395,0.94,0.02,0.0,0.04
396,0.06,0.02,0.02,0.9
397,0.02,0.02,0.06,0.9
398,0.0,1.0,0.0,0.0
399,0.0,0.1,0.88,0.02
400,0.0,1.0,0.0,0.0
401,0.0,0.98,0.02,0.0
402,0.76,0.0,0.0,0.24
403,0.0,0.0,1.0,0.0
404,0.8,0.2,0.0,0.0
405,0.94,0.02,0.0,0.04
406,0.96,0.0,0.02,0.02
407,0.84,0.02,0.0,0.14
408,0.0,0.98,0.02,0.0
409,0.98,0.0,0.02,0.0
410,0.96,0.0,0.04,0.0
411,0.96,0.0,0.0,0.04
412,0.0,0.0,1.0,0.0
413,0.02,0.9,0.04,0.04
414,0.88,0.0,0.04,0.08
415,0.0,0.26,0.74,0.0
416,0.94,0.0,0.06,0.0
417,0.0,1.0,0.0,0.0
418,0.0,0.0,0.96,0.04
419,0.0,0.96,0.04,0.0
420,0.0,0.98,0.02,0.0
421,0.02,0.94,0.04,0.0
422,0.94,0.0,0.0,0.06
423,0.02,0.0,0.0,0.98
424,0.0,0.0,1.0,0.0
425,0.0,0.9995180722891567,0.0004819277108433735,0.0
426,0.02,0.94,0.04,0.0
427,0.0,1.0,0.0,0.0
428,0.02,0.98,0.0,0.0
429,0.0,1.0,0.0,0.0
430,0.0,1.0,0.0,0.0
431,0.02,0.0,0.0,0.98
432,0.0,1.0,0.0,0.0
433,0.0,0.0,0.98,0.02
434,0.0,0.02,0.68,0.3
435,0.0,0.0,0.02,0.98
436,0.0,0.0,1.0,0.0
437,0.02,0.9,0.08,0.0
438,0.0,0.0,1.0,0.0
439,0.08,0.0,0.84,0.08
440,0.0,1.0,0.0,0.0
441,0.0,0.0,1.0,0.0
442,0.0,0.98,0.02,0.0
443,1.0,0.0,0.0,0.0
444,0.0,0.04,0.96,0.0
445,0.04,0.0,0.02,0.94
446,0.82,0.02,0.02,0.14
447,0.02,0.98,0.0,0.0
448,0.26,0.02,0.06,0.66
449,0.3,0.02,0.0,0.68
450,0.02,0.94,0.02,0.02
451,0.04,0.0,0.0,0.96
452,0.0,1.0,0.0,0.0
453,0.04,0.92,0.04,0.0
454,0.02,0.92,0.04,0.02
455,0.0,0.92,0.08,0.0
456,0.02,0.96,0.0,0.02
457,0.0,1.0,0.0,0.0
458,0.02,0.96,0.02,0.0
459,0.0,0.98,0.02,0.0
460,0.12,0.0,0.02,0.86
461,0.94,0.02,0.02,0.02
462,0.06,0.88,0.04,0.02
463,0.02,0.04,0.8,0.14
464,1.0,0.0,0.0,0.0
465,0.02,0.94,0.04,0.0
466,0.22,0.0,0.02,0.76
467,0.02,0.0,0.04,0.94
468,0.92,0.0,0.08,0.0
469,0.0,1.0,0.0,0.0
470,0.84,0.02,0.0,0.14
471,0.0,0.0,1.0,0.0
472,0.02,0.02,0.94,0.02
473,0.0,0.9795180722891567,0.020481927710843374,0.0
474,0.22,0.02,0.76,0.0
475,0.82,0.0,0.0,0.18
476,0.0,0.0,1.0,0.0
477,0.0,1.0,0.0,0.0
478,0.0,0.98,0.02,0.0
479,0.88,0.08,0.02,0.02
480,0.0,0.0,0.02,0.98
481,0.94,0.0,0.0,0.06
482,0.08,0.02,0.0,0.9
483,0.0,1.0,0.0,0.0
484,0.96,0.02,0.0,0.02
485,0.02,0.0,0.98,0.0
486,0.82,0.02,0.0,0.16
487,0.94,0.0,0.0,0.06
488,0.0,0.0,0.08,0.92
489,0.12,0.0,0.0,0.88
490,0.06,0.02,0.0,0.92
491,0.08,0.08,0.82,0.02
492,0.98,0.0,0.0,0.02
493,0.02,0.04,0.94,0.0
494,0.96,0.0,0.0,0.04
495,0.0,0.98,0.02,0.0
496,0.74,0.02,0.08,0.16
497,0.0,1.0,0.0,0.0
498,0.0,0.98,0.02,0.0
499,0.16,0.0,0.0,0.84
500,0.0,1.0,0.0,0.0
501,0.1,0.02,0.0,0.88
502,0.02,0.94,0.02,0.02
503,0.86,0.02,0.0,0.12
504,0.02,0.0,0.02,0.96
505,0.04,0.02,0.0,0.94
506,0.0,0.0,1.0,0.0
507,0.86,0.02,0.1,0.02
508,0.86,0.0,0.0,0.14
509,0.0,0.92,0.06,0.02
510,0.02,0.96,0.02,0.0
511,0.0,0.94,0.06,0.0
512,0.12,0.02,0.04,0.82
513,0.0,0.98,0.02,0.0
514,0.9,0.0,0.1,0.0
515,0.0,0.0,0.98,0.02
516,0.0,0.9995180722891567,0.0004819277108433735,0.0
517,0.0,0.0,0.98,0.02
518,0.02,0.0,0.02,0.96
519,0.96,0.0,0.04,0.0
520,0.0,0.0,0.04,0.96
521,0.0,0.96,0.04,0.0
522,0.04,0.02,0.02,0.92
523,0.94,0.0,0.06,0.0
524,0.0,0.04,0.96,0.0
525,0.06,0.0,0.0,0.94
526,0.0,1.0,0.0,0.0
527,0.02,0.02,0.94,0.02
528,0.72,0.24,0.02,0.02
529,0.86,0.0,0.02,0.12
530,0.02,0.98,0.0,0.0
531,0.24,0.02,0.06,0.68
532,0.1,0.0,0.76,0.14
533,0.28,0.04,0.0,0.68
534,0.0,1.0,0.0,0.0
535,0.0,0.0,1.0,0.0
536,0.04,0.92,0.02,0.02
537,0.02,0.94,0.02,0.02
538,0.02,0.02,0.64,0.32
539,0.0,1.0,0.0,0.0
540,0.94,0.0,0.04,0.02
541,0.0,0.96,0.04,0.0
542,0.9,0.02,0.0,0.08
543,0.02,0.96,0.02,0.0
544,0.96,0.0,0.04,0.0
545,0.08,0.06,0.02,0.84
546,0.0,0.0,0.08,0.92
547,0.02,0.0,0.82,0.16
548,0.0,0.92,0.04,0.04
549,0.02,0.94,0.04,0.0
550,0.0,0.0,0.0,1.0
551,0.84,0.0,0.0,0.16
552,0.02,0.0,0.06,0.92
553,0.98,0.0,0.0,0.02
554,0.0,1.0,0.0,0.0
555,0.0,1.0,0.0,0.0
556,0.08,0.0,0.92,0.0
557,0.0,0.0,1.0,0.0
558,0.04,0.1,0.86,0.0
559,0.92,0.0,0.06,0.02
560,0.8,0.02,0.0,0.18
561,0.9,0.0,0.0,0.1
562,0.0,0.0,0.98,0.02
563,0.06,0.0,0.0,0.94
564,0.24,0.0,0.76,0.0
565,0.14,0.86,0.0,0.0
566,0.0,1.0,0.0,0.0
567,0.16,0.0,0.02,0.82
568,0.0,1.0,0.0,0.0
569,0.98,0.0,0.02,0.0
570,0.0,1.0,0.0,0.0
571,0.02,0.96,0.02,0.0
572,0.88,0.04,0.06,0.02
573,0.06,0.04,0.0,0.9
574,0.14,0.82,0.0,0.04
575,0.0,1.0,0.0,0.0
576,0.04,0.0,0.0,0.96
577,0.0,0.98,0.02,0.0
578,0.02,0.88,0.02,0.08
579,0.82,0.0,0.18,0.0
580,0.84,0.02,0.08,0.06
581,0.02,0.98,0.0,0.0
582,0.0,0.94,0.06,0.0
583,0.0,0.98,0.0,0.02
584,0.0,1.0,0.0,0.0
585,0.02,0.98,0.0,0.0
586,0.0,1.0,0.0,0.0
587,0.0,1.0,0.0,0.0
588,0.0,1.0,0.0,0.0
589,0.0,0.0,0.96,0.04
590,0.0,0.04,0.0,0.96
591,0.02,0.0,0.0,0.98
592,0.0,0.02,0.0,0.98
593,0.0,0.98,0.02,0.0
594,0.0,0.0,0.98,0.02
595,0.0,0.94,0.06,0.0
596,0.0,1.0,0.0,0.0
597,0.0,0.02,0.04,0.94
598,0.7,0.22,0.06,0.02
599,0.86,0.02,0.06,0.06
600,0.0,0.0,0.02,0.98
601,0.0,0.98,0.02,0.0
602,0.0,0.0,1.0,0.0
603,0.0,0.0,1.0,0.0
604,0.16,0.0,0.1,0.74
605,0.02,0.0,0.02,0.96
606,0.0,1.0,0.0,0.0
607,0.0,0.9995180722891567,0.0004819277108433735,0.0
608,0.02,0.0,0.98,0.0
609,0.1,0.0,0.0,0.9
610,0.0,0.0,0.0,1.0
611,0.02,0.14,0.84,0.0
612,0.0,0.0,0.0,1.0
613,0.04,0.02,0.02,0.92
614,0.0,1.0,0.0,0.0
615,1.0,0.0,0.0,0.0
616,0.02,0.02,0.04,0.92
617,0.0,0.98,0.0,0.02
618,0.02,0.88,0.02,0.08
619,0.0,0.98,0.02,0.0
620,0.02,0.98,0.0,0.0
621,0.0,1.0,0.0,0.0
622,0.2,0.1,0.7,0.0
623,0.0,0.98,0.0,0.02
624,0.0,0.98,0.02,0.0
625,0.06,0.94,0.0,0.0
626,0.0,0.0,1.0,0.0
627,0.0,0.04,0.94,0.02
628,0.0,0.0,0.0,1.0
629,0.96,0.0,0.02,0.02
630,0.12,0.02,0.0,0.86
631,0.0,0.96,0.02,0.02
632,0.0,0.0,0.12,0.88
633,0.08,0.04,0.84,0.04
634,0.98,0.0,0.0,0.02
635,0.0,0.0,0.98,0.02
636,0.0,1.0,0.0,0.0
637,0.84,0.04,0.02,0.1
638,0.76,0.02,0.16,0.06
639,0.0,1.0,0.0,0.0
640,0.06,0.72,0.22,0.0
641,0.0,0.02,0.96,0.02
642,0.78,0.02,0.02,0.18
643,0.92,0.0,0.0,0.08
644,0.0,1.0,0.0,0.0
645,0.62,0.02,0.02,0.34
646,0.0,1.0,0.0,0.0
647,0.04,0.0,0.02,0.94
648,0.02,0.96,0.02,0.0
649,0.0,1.0,0.0,0.0
650,0.94,0.0,0.0,0.06
651,0.02,0.98,0.0,0.0
652,0.9,0.04,0.06,0.0
653,0.0,1.0,0.0,0.0
654,0.08,0.0,0.0,0.92
655,0.12,0.02,0.02,0.84
656,0.02,0.98,0.0,0.0
657,0.0,0.94,0.04,0.02
658,0.0,1.0,0.0,0.0
659,0.0,1.0,0.0,0.0
660,0.0,0.0,0.0,1.0
661,0.0,1.0,0.0,0.0
662,0.0,0.82,0.18,0.0
663,0.0,0.94,0.06,0.0
664,0.0,0.9,0.08,0.02
665,0.0,1.0,0.0,0.0
666,0.06,0.0,0.02,0.92
667,0.02,0.96,0.02,0.0
668,0.0,0.8,0.2,0.0
669,0.0,0.98,0.02,0.0
670,0.04,0.88,0.08,0.0
671,0.0,0.98,0.02,0.0
672,0.0,0.98,0.02,0.0
673,0.02,0.0,0.02,0.96
674,0.0,0.92,0.06,0.02
675,0.06,0.0,0.0,0.94
676,0.92,0.0,0.08,0.0
677,0.84,0.02,0.02,0.12
678,0.0,1.0,0.0,0.0
679,0.88,0.04,0.08,0.0
680,0.02,0.0,0.02,0.96
681,0.0,0.0,0.14,0.86
682,0.1,0.0,0.02,0.88
683,0.04,0.02,0.0,0.94
684,0.04,0.92,0.04,0.0
685,0.0,0.06,0.94,0.0
686,0.96,0.0,0.02,0.02
687,0.0,0.92,0.02,0.06
688,0.98,0.0,0.02,0.0
689,0.0,1.0,0.0,0.0
690,0.0,0.92,0.08,0.0
691,0.98,0.0,0.02,0.0
692,0.84,0.02,0.0,0.14
693,0.0,0.0,0.02,0.98
694,0.2,0.0,0.0,0.8
695,0.0,0.0,0.0,1.0
696,0.0,1.0,0.0,0.0
697,0.02,0.96,0.0,0.02
698,0.0,0.02,0.02,0.96
699,0.02,0.0,0.98,0.0
700,0.0,0.94,0.06,0.0
701,0.1,0.0,0.02,0.88
702,0.92,0.0,0.02,0.06
703,0.04,0.0,0.96,0.0
704,0.98,0.0,0.02,0.0
705,0.0,0.0,0.06,0.94
706,0.86,0.0,0.12,0.02
707,0.0,0.02,0.72,0.26
708,0.0,1.0,0.0,0.0
709,0.88,0.06,0.06,0.0
710,0.76,0.12,0.12,0.0
711,0.04,0.96,0.0,0.0
712,0.9,0.0,0.02,0.08
713,0.0,0.98,0.0,0.02
714,0.04,0.0,0.02,0.94
715,0.0,0.98,0.02,0.0
716,0.18,0.0,0.0,0.82
717,0.0,0.98,0.02,0.0
718,0.0,1.0,0.0,0.0
719,0.04,0.02,0.86,0.08
720,0.02,0.98,0.0,0.0
721,0.0,0.0,0.0,1.0
722,0.08,0.88,0.04,0.0
723,0.0,1.0,0.0,0.0
724,0.0,1.0,0.0,0.0
725,0.0,1.0,0.0,0.0
726,0.0,0.4,0.6,0.0
727,0.0,0.0,1.0,0.0
728,0.0,0.0,0.0,1.0
729,0.04,0.96,0.0,0.0
730,0.0,0.98,0.02,0.0
731,0.0,0.0,0.98,0.02
732,0.2,0.02,0.04,0.74
733,0.08,0.0,0.02,0.9
734,0.0,0.0,1.0,0.0
735,0.96,0.0,0.0,0.04
736,0.98,0.0,0.02,0.0
737,0.06,0.02,0.92,0.0
738,0.0,0.0,1.0,0.0
739,0.76,0.02,0.0,0.22
740,0.0,0.0,0.02,0.98
741,0.04,0.94,0.02,0.0
742,0.76,0.0,0.0,0.24
743,0.9,0.04,0.06,0.0
744,0.02,0.0,0.98,0.0
745,0.04,0.92,0.02,0.02
746,0.0,1.0,0.0,0.0
747,0.94,0.0,0.0,0.06
748,0.02,0.0,0.94,0.04
749,0.0,1.0,0.0,0.0
750,0.0,0.92,0.08,0.0
751,0.12,0.0,0.04,0.84
752,0.02,0.0,0.0,0.98
753,0.82,0.04,0.04,0.1
754,0.0,0.96,0.02,0.02
755,0.0,1.0,0.0,0.0
756,0.84,0.14,0.0,0.02
757,0.02,0.96,0.02,0.0
758,0.84,0.0,0.02,0.14
759,0.76,0.0,0.0,0.24
760,0.94,0.0,0.04,0.02
761,0.0,0.96,0.04,0.0
762,0.94,0.0,0.06,0.0
763,0.04,0.0,0.0,0.96
764,0.02,0.94,0.04,0.0
765,0.0,1.0,0.0,0.0
766,0.04,0.0,0.02,0.94
767,0.92,0.0,0.06,0.02
768,0.0,0.0,0.0,1.0
769,0.0,1.0,0.0,0.0
770,0.04,0.02,0.92,0.02
771,0.02,0.0,0.02,0.96
772,0.94,0.0,0.06,0.0
773,0.88,0.08,0.04,0.0
774,0.0,0.9995180722891567,0.0004819277108433735,0.0
775,0.9,0.02,0.06,0.02
776,0.02,0.02,0.92,0.04
777,0.0,0.0,1.0,0.0
778,0.96,0.0,0.02,0.02
779,0.0,1.0,0.0,0.0
780,0.0,0.1,0.9,0.0
781,0.02,0.96,0.02,0.0
782,0.04,0.94,0.02,0.0
783,0.0,1.0,0.0,0.0
784,0.0,0.04,0.94,0.02
785,0.02,0.0,0.04,0.94
786,0.0,0.96,0.04,0.0
787,0.98,0.0,0.02,0.0
788,0.8,0.04,0.02,0.14
789,0.02,0.94,0.02,0.02
790,0.0,0.96,0.0,0.04
791,0.1,0.0,0.02,0.88
792,0.0,0.0,1.0,0.0
793,0.0,0.0,0.98,0.02
794,0.02,0.0,0.98,0.0
795,0.82,0.0,0.16,0.02
796,0.0,0.98,0.02,0.0
797,0.0,0.0,1.0,0.0
798,0.0,0.98,0.02,0.0
799,0.0,1.0,0.0,0.0
800,0.0,0.98,0.02,0.0
801,0.4,0.0,0.0,0.6
802,0.0,0.0,0.0,1.0
803,0.98,0.0,0.02,0.0
804,0.06,0.0,0.0,0.94
805,0.0,0.0,0.98,0.02
806,0.06,0.88,0.0,0.06
807,0.0,1.0,0.0,0.0
808,0.0,0.0,0.02,0.98
809,0.98,0.0,0.02,0.0
810,0.08,0.0,0.04,0.88
811,0.02,0.96,0.0,0.02
812,0.0,0.98,0.02,0.0
813,0.86,0.06,0.06,0.02
814,0.88,0.02,0.0,0.1
815,0.0,0.98,0.02,0.0
816,0.12,0.0,0.0,0.88
817,0.92,0.02,0.06,0.0
818,0.08,0.0,0.02,0.9
819,0.0,0.02,0.68,0.3
820,0.0,1.0,0.0,0.0
821,0.22,0.04,0.72,0.02
822,0.0,0.98,0.02,0.0
823,0.0,0.98,0.02,0.0
824,0.02,0.14,0.84,0.0
825,0.0,0.9595180722891566,0.04048192771084337,0.0
826,0.0,0.0,0.98,0.02
827,0.0,0.0,0.02,0.98
828,0.0,0.02,0.94,0.04
829,0.0,0.0,0.98,0.02
830,0.02,0.98,0.0,0.0
831,0.02,0.04,0.94,0.0
832,0.94,0.02,0.02,0.02
833,0.0,0.98,0.02,0.0
834,0.88,0.02,0.04,0.06
835,0.18,0.0,0.82,0.0
836,0.02,0.0,0.96,0.02
837,0.9,0.02,0.04,0.04
838,0.0,0.0,1.0,0.0
839,0.02,0.98,0.0,0.0
840,0.1,0.04,0.02,0.84
841,0.92,0.0,0.08,0.0
842,0.8,0.06,0.08,0.06
843,0.72,0.08,0.02,0.18
844,0.02,0.0,0.02,0.96
845,0.0,0.0,0.0,1.0
846,0.0,0.98,0.02,0.0
847,0.0,0.98,0.0,0.02
848,0.28,0.02,0.0,0.7
849,0.78,0.0,0.04,0.18
850,0.96,0.02,0.0,0.02
851,0.02,0.3,0.64,0.04
852,0.02,0.02,0.06,0.9
853,0.0,1.0,0.0,0.0
854,0.02,0.0,0.96,0.02
855,0.84,0.02,0.0,0.14
856,0.0,0.98,0.02,0.0
857,0.94,0.0,0.0,0.06
858,0.0,1.0,0.0,0.0
859,0.9,0.0,0.0,0.1
860,0.0,0.0,0.12,0.88
861,0.0,0.0,0.98,0.02
862,0.0,1.0,0.0,0.0
863,0.0,0.0,0.94,0.06
864,0.06,0.02,0.0,0.92
865,0.82,0.16,0.02,0.0
866,0.0,0.0,0.02,0.98
867,0.02,0.0,0.04,0.94
868,0.9,0.02,0.0,0.08
869,0.04,0.92,0.02,0.02
870,0.02,0.0,0.9,0.08
871,0.0,0.9995180722891567,0.0004819277108433735,0.0
872,0.0,0.0,0.06,0.94
873,0.0,1.0,0.0,0.0
874,0.0,0.0,1.0,0.0
875,0.1,0.0,0.0,0.9
876,0.88,0.02,0.06,0.04
877,0.0,1.0,0.0,0.0
878,0.0,0.0,1.0,0.0
879,0.1,0.0,0.0,0.9
880,0.14,0.0,0.0,0.86
881,0.0,1.0,0.0,0.0
882,0.0,1.0,0.0,0.0
883,0.08,0.02,0.0,0.9
884,0.06,0.0,0.04,0.9
885,0.0,0.98,0.02,0.0
886,0.02,0.0,0.0,0.98
887,0.0,0.9995180722891567,0.0004819277108433735,0.0
888,0.0,1.0,0.0,0.0
889,0.06,0.02,0.02,0.9
890,0.0,0.02,0.98,0.0
891,0.88,0.0,0.04,0.08
892,0.0,0.96,0.04,0.0
893,0.04,0.0,0.0,0.96
894,0.0,0.0,0.98,0.02
895,0.04,0.0,0.94,0.02
896,0.02,0.0,0.8,0.18
897,0.08,0.0,0.0,0.92
898,0.1,0.0,0.06,0.84
899,0.0,0.96,0.02,0.02
900,0.02,0.0,0.02,0.96
901,0.0,0.02,0.98,0.0
902,0.98,0.0,0.02,0.0
903,0.0,1.0,0.0,0.0
904,0.86,0.04,0.06,0.04
905,0.0,1.0,0.0,0.0
906,0.0,0.0,0.02,0.98
907,0.02,0.98,0.0,0.0
908,0.9,0.0,0.0,0.1
909,0.12,0.0,0.04,0.84
910,0.0,1.0,0.0,0.0
911,0.88,0.0,0.1,0.02
912,0.0,0.9995180722891567,0.0004819277108433735,0.0
913,0.0,0.96,0.04,0.0
914,0.0,0.0,0.04,0.96
915,0.02,0.96,0.02,0.0
916,0.22,0.02,0.74,0.02
917,0.06,0.0,0.02,0.92
918,0.12,0.0,0.0,0.88
919,0.74,0.24,0.0,0.02
920,0.06,0.0,0.12,0.82
921,0.18,0.0,0.0,0.82
922,0.06,0.02,0.0,0.92
923,0.04,0.96,0.0,0.0
924,0.02,0.94,0.04,0.0
925,0.0,1.0,0.0,0.0
926,0.88,0.04,0.04,0.04
927,0.0,0.98,0.02,0.0
928,0.0,0.0,1.0,0.0
929,1.0,0.0,0.0,0.0
930,0.02,0.02,0.02,0.94
931,0.06,0.0,0.02,0.92
932,0.92,0.0,0.0,0.08
933,0.0,0.0,0.0,1.0
934,0.8,0.02,0.04,0.14
935,0.02,0.02,0.9,0.06
936,0.88,0.0,0.02,0.1
937,0.0,0.98,0.0,0.02
938,0.02,0.0,0.02,0.96
939,0.0,0.0,0.76,0.24
940,0.0,0.96,0.04,0.0
941,0.12,0.02,0.02,0.84
942,0.04,0.0,0.96,0.0
943,0.94,0.0,0.06,0.0
944,0.02,0.0,0.02,0.96
945,0.06,0.04,0.84,0.06
946,0.0,0.96,0.04,0.0
947,0.0,1.0,0.0,0.0
948,0.0,0.0,0.02,0.98
949,0.0,1.0,0.0,0.0
950,0.76,0.0,0.06,0.18
951,0.02,0.98,0.0,0.0
952,0.06,0.9,0.02,0.02
953,0.0,1.0,0.0,0.0
954,0.02,0.0,0.98,0.0
955,0.0,0.0,0.1,0.9
956,0.0,0.0,0.0,1.0
957,0.04,0.94,0.02,0.0
958,0.02,0.02,0.96,0.0
959,0.9,0.02,0.04,0.04
960,0.0,0.0,0.9,0.1
961,0.92,0.0,0.08,0.0
962,0.0,0.0,0.0,1.0
963,0.88,0.02,0.04,0.06
964,0.0,0.98,0.02,0.0
965,0.02,0.0,0.02,0.96
966,0.12,0.0,0.0,0.88
967,0.0,0.0,1.0,0.0
968,0.04,0.88,0.04,0.04
969,0.0,1.0,0.0,0.0
970,0.78,0.02,0.02,0.18
971,0.08,0.0,0.0,0.92
972,0.0,1.0,0.0,0.0
973,0.0,0.0,0.02,0.98
974,0.06,0.02,0.04,0.88
975,0.0,1.0,0.0,0.0
976,0.92,0.0,0.0,0.08
977,0.02,0.0,0.98,0.0
978,0.94,0.0,0.02,0.04
979,0.0,0.0,1.0,0.0
980,0.04,0.94,0.02,0.0
981,0.84,0.14,0.02,0.0
982,0.02,0.96,0.02,0.0
983,0.92,0.0,0.02,0.06
984,0.0,0.98,0.02,0.0
985,0.0,1.0,0.0,0.0
986,0.0,1.0,0.0,0.0
987,0.18,0.0,0.82,0.0
988,0.98,0.0,0.0,0.02
989,0.0,0.9995180722891567,0.0004819277108433735,0.0
990,0.0,1.0,0.0,0.0
991,0.0,0.0,0.0,1.0
992,0.0,1.0,0.0,0.0
993,0.0,0.98,0.0,0.02
994,0.0,0.98,0.02,0.0
995,0.32,0.02,0.66,0.0
996,0.0,0.0,0.0,1.0
997,0.0,1.0,0.0,0.0
998,0.0,0.96,0.04,0.0
999,0.74,0.18,0.0,0.08
1000,0.02,0.02,0.94,0.02
1001,0.04,0.02,0.88,0.06
1002,0.0,0.0,0.0,1.0
1003,0.84,0.0,0.16,0.0
1004,0.26,0.02,0.02,0.7
1005,0.0,1.0,0.0,0.0
1006,0.0,1.0,0.0,0.0
1007,0.0,1.0,0.0,0.0
1008,0.96,0.0,0.04,0.0
1009,0.0,0.0,1.0,0.0
1010,0.0,1.0,0.0,0.0
1011,0.92,0.0,0.08,0.0
1012,0.0,0.0,0.02,0.98
1013,0.0,0.0,0.02,0.98
1014,0.0,0.94,0.06,0.0
1015,0.08,0.0,0.02,0.9
1016,0.96,0.02,0.0,0.02
1017,0.02,0.2,0.78,0.0
1018,0.0,1.0,0.0,0.0
1019,0.02,0.02,0.0,0.96
1020,0.06,0.0,0.94,0.0
1021,0.02,0.04,0.92,0.02
1022,0.02,0.0,0.04,0.94
1023,0.0,0.94,0.06,0.0
1024,0.72,0.04,0.04,0.2
1025,0.0,0.96,0.04,0.0
1026,0.0,0.96,0.04,0.0
1027,0.28,0.0,0.04,0.68
1028,0.0,1.0,0.0,0.0
1029,0.0,1.0,0.0,0.0
1030,0.0,1.0,0.0,0.0
1031,0.06,0.04,0.9,0.0
1032,0.74,0.24,0.0,0.02
1033,0.94,0.02,0.04,0.0
1034,0.0,0.0,1.0,0.0
1035,0.0,0.98,0.0,0.02
1036,0.0,0.02,0.98,0.0
1037,0.96,0.0,0.0,0.04
1038,0.1,0.06,0.04,0.8
1039,0.02,0.9795180722891567,0.0004819277108433735,0.0
1040,0.24,0.0,0.0,0.76
1041,0.0,0.0,1.0,0.0
1042,0.0,0.96,0.04,0.0
1043,0.86,0.0,0.12,0.02
1044,0.84,0.02,0.02,0.12
1045,0.0,0.0,0.7,0.3
1046,0.08,0.0,0.06,0.86
1047,0.0,0.04,0.96,0.0
1048,0.0,0.0,1.0,0.0
1049,0.02,0.0,0.02,0.96
1050,0.0,0.0,1.0,0.0
1051,0.92,0.0,0.0,0.08
1052,0.0,0.0,1.0,0.0
1053,0.02,0.98,0.0,0.0
1054,0.96,0.0,0.04,0.0
1055,0.08,0.86,0.02,0.04
1056,0.02,0.0,0.0,0.98
1057,0.18,0.0,0.0,0.82
1058,0.0,0.0,0.98,0.02
1059,0.0,0.98,0.02,0.0
1060,0.76,0.0,0.06,0.18
1061,0.06,0.92,0.0,0.02
1062,0.88,0.0,0.0,0.12
1063,0.0,0.94,0.04,0.02
1064,0.0,0.0,0.0,1.0
1065,0.1,0.72,0.16,0.02
1066,0.98,0.0,0.0,0.02
1067,0.14,0.02,0.0,0.84
1068,0.0,0.98,0.02,0.0
1069,0.2,0.0,0.0,0.8
1070,0.0,0.0,0.04,0.96
1071,0.04,0.04,0.9,0.02
1072,0.8,0.02,0.02,0.16
1073,0.0,0.0,1.0,0.0
1074,0.0,0.96,0.04,0.0
1075,0.12,0.0,0.0,0.88
1076,0.82,0.0,0.0,0.18
1077,0.02,0.98,0.0,0.0
1078,0.02,0.0,0.02,0.96
1079,0.0,0.96,0.04,0.0
1080,0.96,0.0,0.0,0.04
1081,0.3,0.0,0.0,0.7
1082,0.0,0.98,0.02,0.0
1083,0.0,0.98,0.02,0.0
1084,0.98,0.0,0.0,0.02
1085,0.78,0.02,0.0,0.2
1086,0.88,0.02,0.06,0.04
1087,0.08,0.0,0.0,0.92
1088,0.72,0.0,0.02,0.26
1089,0.0,0.92,0.08,0.0
1090,0.0,0.0,0.0,1.0
1091,0.92,0.0,0.0,0.08
1092,0.04,0.92,0.02,0.02
1093,0.0,0.0,1.0,0.0
1094,0.12,0.0,0.0,0.88
1095,0.1,0.0,0.9,0.0
1096,0.02,0.14,0.8,0.04
1097,0.0,0.0,0.02,0.98
1098,0.0,0.98,0.0,0.02
1099,0.96,0.0,0.0,0.04
1100,0.0,0.96,0.04,0.0
1101,0.02,0.02,0.08,0.88
1102,0.0,0.0,1.0,0.0
1103,0.18,0.0,0.02,0.8
1104,0.06,0.0,0.92,0.02
1105,0.0,0.0,0.98,0.02
1106,0.82,0.02,0.14,0.02
1107,0.0,0.0,0.1,0.9
1108,0.0,0.0,1.0,0.0
1109,0.94,0.0,0.06,0.0
1110,0.86,0.0,0.08,0.06
1111,0.02,0.0,0.0,0.98
1112,0.86,0.02,0.0,0.12
1113,0.14,0.0,0.0,0.86
1114,0.04,0.14,0.82,0.0
1115,0.0,1.0,0.0,0.0
1116,0.06,0.0,0.0,0.94
1117,0.0,0.96,0.04,0.0
1118,0.0,1.0,0.0,0.0
1119,0.68,0.24,0.0,0.08
1120,0.0,0.0,0.04,0.96
1121,0.0,1.0,0.0,0.0
1122,0.0,0.98,0.02,0.0
1123,0.08,0.88,0.02,0.02
1124,0.0,1.0,0.0,0.0
1125,0.02,0.0,0.02,0.96
1126,0.0,1.0,0.0,0.0
1127,0.06,0.92,0.0,0.02
1128,0.0,0.96,0.04,0.0
1129,0.0,0.98,0.02,0.0
1130,0.0,0.96,0.04,0.0
1131,0.18,0.02,0.0,0.8
1132,0.06,0.0,0.92,0.02
1133,0.04,0.0,0.94,0.02
1134,0.0,0.96,0.04,0.0
1135,0.04,0.92,0.02,0.02
1136,0.02,0.94,0.04,0.0
1137,0.04,0.9,0.0,0.06
1138,0.0,0.0,1.0,0.0
1139,0.76,0.0,0.22,0.02
1140,0.02,0.0,0.12,0.86
1141,0.98,0.0,0.0,0.02
1142,0.02,0.0,0.96,0.02
1143,0.8,0.08,0.04,0.08
1144,0.0,0.04,0.9,0.06
1145,0.0,0.02,0.98,0.0
1146,0.0,0.0,0.98,0.02
1147,0.72,0.02,0.0,0.26
1148,0.0,0.0,0.0,1.0
1149,0.0,1.0,0.0,0.0
1150,0.1,0.02,0.0,0.88
1151,0.86,0.06,0.06,0.02
1152,1.0,0.0,0.0,0.0
1153,0.06,0.02,0.92,0.0
1154,0.04,0.92,0.02,0.02
1155,0.0,0.94,0.04,0.02
1156,0.86,0.02,0.1,0.02
1157,0.02,0.0,0.72,0.26
1158,0.0,0.98,0.0,0.02
1159,0.0,0.0,0.02,0.98
1160,0.16,0.0,0.06,0.78
1161,0.06,0.9,0.04,0.0
1162,0.0,0.98,0.02,0.0
1163,0.86,0.12,0.02,0.0
1164,0.0,0.98,0.02,0.0
1165,0.02,0.94,0.0,0.04
1166,0.0,0.04,0.94,0.02
1167,0.04,0.94,0.02,0.0
1168,0.86,0.0,0.02,0.12
1169,0.0,0.02,0.08,0.9
1170,1.0,0.0,0.0,0.0
1171,0.78,0.02,0.04,0.16
1172,0.76,0.0,0.02,0.22
1173,0.92,0.02,0.06,0.0
1174,0.9,0.06,0.0,0.04
1175,0.02,0.14,0.84,0.0
1176,0.0,0.96,0.02,0.02
1177,0.94,0.0,0.04,0.02
1178,0.02,0.02,0.0,0.96
1179,0.04,0.02,0.02,0.92
1180,0.2,0.0,0.76,0.04
1181,1.0,0.0,0.0,0.0
1182,0.0,0.0,1.0,0.0
1183,0.04,0.0,0.08,0.88
1184,0.1,0.0,0.0,0.9
1185,0.98,0.0,0.02,0.0
1186,0.06,0.92,0.0,0.02
1187,0.12,0.76,0.06,0.06
1188,0.0,1.0,0.0,0.0
1189,0.08,0.88,0.0,0.04
1190,0.98,0.0,0.0,0.02
1191,0.0,1.0,0.0,0.0
1192,0.0,0.0,1.0,0.0
1193,0.0,0.12,0.88,0.0
1194,0.0,0.0,0.98,0.02
1195,0.0,1.0,0.0,0.0
1196,0.08,0.0,0.04,0.88
1197,0.0,1.0,0.0,0.0
1198,0.86,0.04,0.0,0.1
1199,0.28,0.02,0.7,0.0
1200,0.04,0.88,0.04,0.04
1201,0.0,1.0,0.0,0.0
1202,0.0,1.0,0.0,0.0
1203,0.0,1.0,0.0,0.0
1204,0.0,1.0,0.0,0.0
1205,1.0,0.0,0.0,0.0
1206,0.0,0.0,1.0,0.0
1207,0.0,0.98,0.0,0.02
1208,0.22,0.0,0.02,0.76
1209,0.02,0.0,0.16,0.82
1210,0.98,0.0,0.02,0.0
1211,0.84,0.0,0.12,0.04
1212,0.02,0.0,0.0,0.98
1213,0.0,1.0,0.0,0.0
1214,0.06,0.02,0.0,0.92
1215,0.98,0.0,0.02,0.0
1216,0.02,0.0,0.98,0.0
1217,0.08,0.0,0.0,0.92
1218,0.14,0.0,0.86,0.0
1219,0.0,1.0,0.0,0.0
1220,0.02,0.0,0.08,0.9
1221,0.94,0.02,0.0,0.04
1222,0.0,0.04,0.94,0.02
1223,0.0,1.0,0.0,0.0
1224,0.0,1.0,0.0,0.0
1225,0.0,0.96,0.04,0.0
1226,0.92,0.0,0.0,0.08
1227,0.0,1.0,0.0,0.0
1228,0.12,0.0,0.04,0.84
1229,0.0,0.96,0.02,0.02
1230,0.0,0.9995180722891567,0.0004819277108433735,0.0
1231,0.02,0.0,0.02,0.96
1232,0.0,0.96,0.02,0.02
1233,0.0,1.0,0.0,0.0
1234,0.0,0.0,0.0,1.0
1235,0.0,1.0,0.0,0.0
1236,0.0,0.98,0.02,0.0
1237,0.02,0.02,0.96,0.0
1238,0.08,0.02,0.88,0.02
1239,0.02,0.0,0.98,0.0
1240,0.04,0.0,0.0,0.96
1241,0.04,0.04,0.02,0.9
1242,0.0,0.98,0.02,0.0
1243,0.0,0.0,0.98,0.02
1244,0.16,0.04,0.02,0.78
1245,0.02,0.96,0.02,0.0
1246,0.0,0.96,0.04,0.0
1247,1.0,0.0,0.0,0.0
1248,0.0,1.0,0.0,0.0
1249,0.02,0.02,0.02,0.94
1250,0.78,0.0,0.06,0.16
1251,0.14,0.84,0.0,0.02
1252,0.9,0.0,0.0,0.1
1253,0.0,0.0,0.08,0.92
1254,0.0,0.12,0.88,0.0
1255,0.0,0.96,0.04,0.0
1256,0.18,0.72,0.04,0.06
1257,0.0,1.0,0.0,0.0
1258,0.92,0.0,0.06,0.02
1259,0.02,0.02,0.0,0.96
1260,0.0,0.0,1.0,0.0
1261,0.02,0.94,0.02,0.02
1262,0.0,0.96,0.02,0.02
1263,0.0,0.0,0.02,0.98
1264,0.06,0.1,0.82,0.02
1265,0.0,1.0,0.0,0.0
1266,0.0,0.0,1.0,0.0
1267,0.96,0.0,0.04,0.0
1268,0.0,0.32,0.68,0.0
1269,0.0,1.0,0.0,0.0
1270,0.9,0.04,0.02,0.04
1271,0.04,0.02,0.0,0.94
1272,0.0,0.32,0.68,0.0
1273,0.0,0.02,0.96,0.02
1274,0.02,0.0,0.04,0.94
1275,0.0,0.0,0.02,0.98
1276,0.0,0.0,0.96,0.04
1277,0.0,1.0,0.0,0.0
1278,0.04,0.88,0.04,0.04
1279,0.02,0.96,0.02,0.0
1280,1.0,0.0,0.0,0.0
1281,0.0,0.0,1.0,0.0
1282,0.02,0.12,0.82,0.04
1283,0.02,0.0,0.0,0.98
1284,0.0,0.0,0.0,1.0
1285,0.1,0.0,0.02,0.88
1286,0.16,0.78,0.02,0.04
1287,0.02,0.02,0.94,0.02
1288,0.94,0.02,0.04,0.0
1289,0.0,0.96,0.04,0.0
1290,0.86,0.06,0.04,0.04
1291,0.0,0.98,0.0,0.02
1292,0.0,0.94,0.02,0.04
1293,0.88,0.0,0.12,0.0
1294,0.1,0.86,0.04,0.0
1295,0.98,0.0,0.0,0.02
1296,0.0,0.0,0.98,0.02
1297,0.8,0.0,0.18,0.02
1298,0.02,0.92,0.06,0.0
1299,0.0,0.0,1.0,0.0
1300,0.14,0.04,0.8,0.02
1301,0.18,0.1,0.72,0.0
1302,0.8,0.0,0.12,0.08
1303,0.18,0.02,0.06,0.74
1304,0.82,0.0,0.06,0.12
1305,0.0,0.98,0.02,0.0
1306,0.08,0.08,0.0,0.84
1307,0.94,0.0,0.06,0.0
1308,0.0,0.0,0.02,0.98
1309,0.04,0.04,0.92,0.0
1310,0.12,0.88,0.0,0.0
1311,0.0,1.0,0.0,0.0
1312,0.88,0.1,0.02,0.0
1313,0.06,0.0,0.02,0.92
1314,0.0,1.0,0.0,0.0
1315,0.0,0.12,0.8,0.08
1316,0.02,0.94,0.04,0.0
1317,0.0,1.0,0.0,0.0
1318,0.0,1.0,0.0,0.0
1319,0.0,0.0,0.98,0.02
1320,1.0,0.0,0.0,0.0
1321,0.04,0.0,0.02,0.94
1322,0.06,0.02,0.02,0.9
1323,0.88,0.0,0.12,0.0
1324,0.0,1.0,0.0,0.0
1325,0.0,1.0,0.0,0.0
1326,0.0,0.0,0.02,0.98
1327,0.04,0.28,0.68,0.0
1328,0.0,0.0,1.0,0.0
1329,0.0,0.98,0.02,0.0
1330,0.0,0.96,0.04,0.0
1331,0.06,0.0,0.94,0.0
1332,0.02,0.98,0.0,0.0
1333,0.0,1.0,0.0,0.0
1334,0.96,0.0,0.04,0.0
1335,0.0,1.0,0.0,0.0
1336,0.96,0.02,0.02,0.0
1337,0.12,0.02,0.0,0.86
1338,0.0,0.02,0.98,0.0
1339,0.0,0.98,0.02,0.0
1340,0.06,0.02,0.06,0.86
1341,0.0,0.94,0.06,0.0
1342,0.0,0.98,0.02,0.0
1343,0.8,0.0,0.02,0.18
1344,0.0,0.0,0.98,0.02
1345,0.02,0.94,0.0,0.04
1346,0.0,0.94,0.02,0.04
1347,0.0,1.0,0.0,0.0
1348,0.0,1.0,0.0,0.0
1349,0.0,0.96,0.04,0.0
1350,0.04,0.0,0.96,0.0
1351,0.0,0.0,0.06,0.94
1352,0.02,0.04,0.92,0.02
1353,0.04,0.0,0.92,0.04
1354,0.0,0.98,0.02,0.0
1355,0.0,1.0,0.0,0.0
1356,0.04,0.94,0.02,0.0
1357,0.96,0.02,0.0,0.02
1358,0.12,0.02,0.86,0.0
1359,0.04,0.04,0.02,0.9
1360,0.0,0.0,1.0,0.0
1361,0.06,0.88,0.02,0.04
1362,0.0,1.0,0.0,0.0
1363,0.0,0.02,0.0,0.98
1364,0.0,1.0,0.0,0.0
1365,0.0,0.96,0.04,0.0
1366,0.0,1.0,0.0,0.0
1367,0.0,0.94,0.06,0.0
1368,0.94,0.02,0.04,0.0
1369,0.0,1.0,0.0,0.0
1370,0.0,0.0,1.0,0.0
1371,0.04,0.0,0.92,0.04
1372,0.02,0.0,0.02,0.96
1373,0.24,0.0,0.0,0.76
1374,0.0,1.0,0.0,0.0
1375,0.86,0.02,0.1,0.02
1376,0.14,0.84,0.02,0.0
1377,0.0,1.0,0.0,0.0
1378,0.26,0.0,0.02,0.72
1379,0.0,0.02,0.0,0.98
1380,0.08,0.0,0.02,0.9
1381,0.0,1.0,0.0,0.0
1382,0.02,0.02,0.02,0.94
1383,0.04,0.0,0.06,0.9
1384,0.92,0.0,0.04,0.04
1385,0.84,0.0,0.02,0.14
1386,0.02,0.02,0.1,0.86
1387,0.78,0.02,0.14,0.06
1388,0.78,0.12,0.08,0.02
1389,0.88,0.0,0.1,0.02
1390,0.02,0.06,0.88,0.04
1391,0.94,0.0,0.06,0.0
1392,0.0,1.0,0.0,0.0
1393,0.0,0.96,0.04,0.0
1394,0.02,0.0,0.96,0.02
1395,0.04,0.0,0.94,0.02
1396,0.04,0.0,0.94,0.02
1397,0.0,0.0,0.0,1.0
1398,0.0,0.98,0.0,0.02
1399,0.0,0.98,0.0,0.02
1400,0.82,0.0,0.0,0.18
1401,0.18,0.0,0.82,0.0
1402,0.04,0.18,0.74,0.04
1403,0.06,0.2,0.74,0.0
1404,0.0,1.0,0.0,0.0
1405,0.0,1.0,0.0,0.0
1406,0.0,0.9995180722891567,0.0004819277108433735,0.0
1407,0.0,1.0,0.0,0.0
1408,0.12,0.0,0.04,0.84
1409,0.06,0.0,0.0,0.94
1410,0.0,1.0,0.0,0.0
1411,0.0,1.0,0.0,0.0
1412,0.96,0.0,0.0,0.04
1413,0.0,0.0,0.98,0.02
1414,0.0,0.0,0.0,1.0
1415,0.98,0.0,0.02,0.0
1416,0.96,0.02,0.02,0.0
1417,0.02,0.98,0.0,0.0
1418,0.08,0.72,0.2,0.0
1419,0.74,0.04,0.02,0.2
1420,0.02,0.0,0.98,0.0
1421,0.0,1.0,0.0,0.0
1422,0.0,1.0,0.0,0.0
1423,0.0,0.92,0.08,0.0
1424,0.04,0.0,0.04,0.92
1425,0.08,0.0,0.0,0.92
1426,0.0,1.0,0.0,0.0
1427,0.02,0.94,0.02,0.02
1428,0.8,0.02,0.0,0.18
1429,0.1,0.02,0.86,0.02
1430,0.96,0.0,0.0,0.04
1431,0.08,0.02,0.8,0.1
1432,0.0,0.92,0.08,0.0
1433,0.0,0.0,1.0,0.0
1434,0.02,0.98,0.0,0.0
1435,0.0,0.0,0.0,1.0
1436,0.0,1.0,0.0,0.0
1437,0.06,0.04,0.82,0.08
1438,0.96,0.0,0.04,0.0
1439,0.04,0.02,0.88,0.06
1440,0.0,0.98,0.02,0.0
1441,0.86,0.02,0.0,0.12
1442,0.0,0.98,0.0,0.02
1443,0.02,0.0,0.0,0.98
1444,0.0,1.0,0.0,0.0
1445,0.02,0.92,0.0,0.06
1446,0.0,0.12,0.88,0.0
1447,0.04,0.0,0.04,0.92
1448,0.82,0.1,0.04,0.04
1449,0.1,0.02,0.0,0.88
1450,0.0,0.96,0.0,0.04
1451,0.02,0.06,0.9,0.02
1452,0.02,0.94,0.04,0.0
1453,0.0,0.0,0.0,1.0
1454,0.02,0.0,0.0,0.98
1455,0.06,0.0,0.0,0.94
1456,0.0,1.0,0.0,0.0
1457,0.08,0.0,0.0,0.92
1458,0.0,0.98,0.02,0.0
1459,0.0,0.98,0.02,0.0
1460,0.0,0.94,0.04,0.02
1461,0.06,0.84,0.08,0.02
1462,0.1,0.0,0.78,0.12
1463,0.3,0.0,0.66,0.04
1464,0.06,0.0,0.02,0.92
1465,0.6,0.02,0.02,0.36
1466,0.94,0.0,0.0,0.06
1467,0.06,0.0,0.02,0.92
1468,0.02,0.96,0.02,0.0
1469,0.0,0.0,1.0,0.0
1470,0.0,0.9,0.08,0.02
1471,0.0,1.0,0.0,0.0
1472,0.94,0.0,0.04,0.02
1473,0.0,0.98,0.02,0.0
1474,0.08,0.9,0.02,0.0
1475,0.02,0.0,0.02,0.96
1476,0.0,0.98,0.02,0.0
1477,0.0,0.0,1.0,0.0
1478,0.96,0.0,0.02,0.02
1479,0.04,0.94,0.0,0.02
1480,0.04,0.84,0.08,0.04
1481,0.02,0.96,0.02,0.0
1482,0.12,0.04,0.02,0.82
1483,0.0,1.0,0.0,0.0
1484,0.9,0.02,0.02,0.06
1485,0.04,0.02,0.92,0.02
1486,0.0,0.0,0.98,0.02
1487,0.0,1.0,0.0,0.0
1488,0.02,0.0,0.92,0.06
1489,0.0,0.02,0.98,0.0
1490,0.94,0.0,0.02,0.04
1491,0.0,0.0,1.0,0.0
1492,0.0,0.0,0.04,0.96
1493,0.0,0.98,0.02,0.0
1494,0.02,0.02,0.02,0.94
1495,0.86,0.0,0.04,0.1
1496,0.0,0.0,1.0,0.0
1497,0.1,0.02,0.0,0.88
1498,0.0,1.0,0.0,0.0
1499,0.08,0.02,0.04,0.86
1500,0.04,0.0,0.0,0.96
1501,0.92,0.02,0.06,0.0
1502,0.0,0.0,0.0,1.0
1503,0.94,0.0,0.0,0.06
1504,0.0,0.9995180722891567,0.0004819277108433735,0.0
1505,0.0,1.0,0.0,0.0
1506,0.04,0.0,0.0,0.96
1507,0.02,0.8,0.16,0.02
1508,0.0,0.0,0.02,0.98
1509,0.34,0.0,0.0,0.66
1510,0.0,0.94,0.06,0.0
1511,0.0,1.0,0.0,0.0
1512,0.04,0.94,0.0,0.02
1513,0.04,0.9,0.06,0.0
1514,0.0,0.06,0.94,0.0
1515,0.0,0.0,1.0,0.0
1516,0.98,0.0,0.02,0.0
1517,0.0,0.96,0.04,0.0
1518,0.08,0.02,0.0,0.9
1519,0.9,0.0,0.02,0.08
1520,0.0,0.0,0.04,0.96
1521,0.22,0.02,0.02,0.74
1522,0.0,1.0,0.0,0.0
1523,0.16,0.0,0.12,0.72
1524,0.82,0.0,0.02,0.16
1525,0.0,0.06,0.9,0.04
1526,0.0,0.98,0.02,0.0
1527,0.0,0.98,0.02,0.0
1528,0.88,0.04,0.04,0.04
1529,0.74,0.04,0.0,0.22
1530,0.02,0.0,0.04,0.94
1531,0.94,0.02,0.04,0.0
1532,0.02,0.0,0.94,0.04
1533,0.04,0.0,0.02,0.94
1534,0.14,0.86,0.0,0.0
1535,0.0,1.0,0.0,0.0
1536,0.0,0.0,0.64,0.36
1537,0.0,0.0,1.0,0.0
1538,0.02,0.0,0.02,0.96
1539,0.96,0.0,0.02,0.02
1540,0.0,1.0,0.0,0.0
1541,0.0,0.0,0.9,0.1
1542,0.02,0.28,0.7,0.0
1543,0.88,0.0,0.0,0.12
1544,0.02,0.96,0.0,0.02
1545,0.02,0.96,0.02,0.0
1546,0.0,1.0,0.0,0.0
1547,0.22,0.0,0.04,0.74
1548,0.88,0.0,0.0,0.12
1549,0.0,0.0,1.0,0.0
1550,0.0,0.18,0.82,0.0
1551,0.04,0.02,0.94,0.0
1552,0.0,0.0,0.98,0.02
1553,0.86,0.0,0.0,0.14
1554,0.0,0.02,0.98,0.0
1555,0.04,0.0,0.96,0.0
1556,0.7,0.0,0.0,0.3
1557,0.04,0.0,0.96,0.0
1558,0.0,0.0,1.0,0.0
1559,0.0,0.0,0.98,0.02
1560,0.04,0.08,0.86,0.02
1561,0.14,0.0,0.02,0.84
1562,0.9,0.06,0.02,0.02
1563,0.04,0.0,0.04,0.92
1564,0.02,0.96,0.0,0.02
1565,0.02,0.96,0.02,0.0
1566,0.04,0.0,0.92,0.04
1567,0.04,0.0,0.04,0.92
1568,0.04,0.04,0.08,0.84
1569,0.84,0.0,0.04,0.12
1570,0.0,1.0,0.0,0.0
1571,0.08,0.06,0.84,0.02
1572,0.0,1.0,0.0,0.0
1573,0.0,0.96,0.04,0.0
1574,0.02,0.0,0.0,0.98
1575,0.0,0.96,0.04,0.0
1576,0.96,0.0,0.0,0.04
1577,0.0,0.04,0.06,0.9
1578,0.0,0.0,0.02,0.98
1579,0.0,0.0,0.06,0.94
1580,0.06,0.9,0.02,0.02
1581,0.08,0.88,0.04,0.0
1582,0.1,0.02,0.84,0.04
1583,0.0,0.94,0.04,0.02
1584,0.82,0.14,0.02,0.02
1585,0.0,0.0,1.0,0.0
1586,0.08,0.0,0.02,0.9
1587,0.92,0.02,0.02,0.04
1588,0.1,0.0,0.0,0.9
1589,0.02,0.14,0.84,0.0
1590,0.04,0.02,0.9,0.04
1591,0.92,0.0,0.04,0.04
1592,0.14,0.02,0.02,0.82
1593,0.0,0.0,0.02,0.98
1594,0.0,0.98,0.02,0.0
1595,0.02,0.96,0.02,0.0
1596,0.0,1.0,0.0,0.0
1597,0.74,0.0,0.02,0.24
1598,0.0,0.0,0.96,0.04
1599,0.04,0.9,0.06,0.0
1600,0.82,0.06,0.0,0.12
1601,0.0,1.0,0.0,0.0
1602,0.04,0.0,0.02,0.94
1603,0.0,0.0,0.04,0.96
1604,0.04,0.02,0.06,0.88
1605,0.06,0.0,0.68,0.26
1606,0.0,1.0,0.0,0.0
1607,0.0,0.94,0.06,0.0
1608,0.0,0.02,0.12,0.86
1609,0.02,0.96,0.0,0.02
1610,0.12,0.02,0.02,0.84
1611,0.0,0.0,0.04,0.96
1612,0.0,0.96,0.02,0.02
1613,0.96,0.0,0.0,0.04
1614,0.96,0.02,0.02,0.0
1615,0.0,0.9795180722891567,0.0004819277108433735,0.02
1616,0.0,0.0,1.0,0.0
1617,0.04,0.96,0.0,0.0
1618,0.04,0.94,0.02,0.0
1619,0.96,0.0,0.02,0.02
1620,0.02,0.0,0.94,0.04
1621,0.04,0.92,0.02,0.02
1622,0.0,0.98,0.02,0.0
1623,0.0,1.0,0.0,0.0
1624,0.0,1.0,0.0,0.0
1625,0.0,1.0,0.0,0.0
1626,0.94,0.0,0.06,0.0
1627,0.0,1.0,0.0,0.0
1628,0.2,0.02,0.76,0.02
1629,0.04,0.0,0.92,0.04
1630,0.0,1.0,0.0,0.0
1631,0.0,0.22,0.76,0.02
1632,0.06,0.02,0.02,0.9
1633,0.96,0.0,0.0,0.04
1634,0.86,0.06,0.06,0.02
1635,0.04,0.0,0.0,0.96
1636,0.0,1.0,0.0,0.0
1637,0.04,0.06,0.82,0.08
1638,0.96,0.02,0.02,0.0
1639,0.08,0.02,0.0,0.9
1640,0.0,1.0,0.0,0.0
1641,0.0,1.0,0.0,0.0
1642,0.88,0.1,0.02,0.0
1643,0.0,0.0,0.0,1.0
1644,0.94,0.0,0.06,0.0
1645,0.0,0.0,1.0,0.0
1646,0.0,1.0,0.0,0.0
1647,0.02,0.0,0.04,0.94
1648,0.02,0.02,0.96,0.0
1649,0.94,0.0,0.02,0.04
1650,0.0,1.0,0.0,0.0
1651,0.0,1.0,0.0,0.0
1652,0.0,0.98,0.02,0.0
1653,0.9,0.06,0.0,0.04
1654,0.0,1.0,0.0,0.0
1655,0.0,0.0,1.0,0.0
1656,0.0,1.0,0.0,0.0
1657,0.92,0.0,0.02,0.06
1658,0.02,0.96,0.02,0.0
1659,0.04,0.0,0.96,0.0
1660,0.0,0.0,1.0,0.0
1661,0.88,0.08,0.04,0.0
1662,0.0,1.0,0.0,0.0
1663,0.92,0.0,0.0,0.08
1664,0.92,0.02,0.02,0.04
1665,0.06,0.8,0.14,0.0
1666,0.96,0.0,0.02,0.02
1667,0.04,0.0,0.02,0.94
1668,0.96,0.0,0.04,0.0
1669,0.06,0.8,0.12,0.02
1670,0.0,0.0,1.0,0.0
1671,0.0,0.02,0.04,0.94
1672,0.94,0.0,0.04,0.02
1673,0.0,0.0,0.0,1.0
1674,0.0,0.98,0.02,0.0
1675,0.02,0.9,0.08,0.0
1676,0.0,0.1,0.88,0.02
1677,0.02,0.0,0.96,0.02
1678,0.0,0.02,0.86,0.12
1679,0.0,0.98,0.0,0.02
1680,0.04,0.0,0.0,0.96
1681,0.1,0.02,0.04,0.84
1682,0.16,0.74,0.02,0.08
1683,0.02,0.96,0.0,0.02
1684,0.02,0.0,0.04,0.94
1685,1.0,0.0,0.0,0.0
1686,0.0,0.0,0.06,0.94
1687,0.1,0.0,0.16,0.74
1688,0.0,1.0,0.0,0.0
1689,0.0,1.0,0.0,0.0
1690,0.86,0.0,0.1,0.04
1691,0.96,0.0,0.04,0.0
1692,0.02,0.0,0.04,0.94
1693,0.1,0.02,0.02,0.86
1694,0.06,0.1,0.76,0.08
1695,0.78,0.12,0.0,0.1
1696,0.02,0.98,0.0,0.0
1697,0.0,1.0,0.0,0.0
1698,0.12,0.06,0.02,0.8
1699,0.88,0.0,0.02,0.1
1700,0.0,0.02,0.02,0.96
1701,0.14,0.0,0.0,0.86
1702,0.02,0.02,0.04,0.92
1703,0.02,0.0,0.04,0.94
1704,0.0,0.98,0.02,0.0
1705,0.1,0.02,0.02,0.86
1706,0.3,0.0,0.0,0.7
1707,0.94,0.0,0.06,0.0
1708,0.0,1.0,0.0,0.0
1709,0.0,0.0,0.0,1.0
1710,1.0,0.0,0.0,0.0
1711,0.92,0.02,0.06,0.0
1712,0.0,1.0,0.0,0.0
1713,0.92,0.08,0.0,0.0
1714,0.14,0.0,0.02,0.84
1715,0.0,0.98,0.02,0.0
1716,0.02,0.94,0.04,0.0
1717,0.0,0.0,0.02,0.98
1718,0.12,0.06,0.02,0.8
1719,0.0,0.02,0.0,0.98
1720,0.0,0.98,0.02,0.0
1721,0.02,0.9,0.04,0.04
1722,0.0,0.02,0.98,0.0
1723,0.0,1.0,0.0,0.0
1724,0.94,0.0,0.02,0.04
1725,0.0,0.0,1.0,0.0
1726,0.82,0.0,0.02,0.16
1727,1.0,0.0,0.0,0.0
1728,0.0,0.96,0.04,0.0
1729,0.0,0.0,0.0,1.0
1730,0.0,1.0,0.0,0.0
1731,0.72,0.02,0.06,0.2
1732,0.9,0.0,0.02,0.08
1733,0.0,0.98,0.02,0.0
1734,0.92,0.0,0.06,0.02
1735,0.0,0.98,0.02,0.0
1736,0.74,0.02,0.02,0.22
1737,0.06,0.0,0.0,0.94
1738,0.0,1.0,0.0,0.0
1739,0.0,1.0,0.0,0.0
1740,0.06,0.0,0.94,0.0
1741,0.9,0.04,0.02,0.04
1742,0.02,0.0,0.04,0.94
1743,0.06,0.0,0.02,0.92
1744,0.94,0.0,0.0,0.06
1745,0.0,0.0,0.0,1.0
1746,0.02,0.0,0.0,0.98
1747,0.94,0.0,0.0,0.06
1748,0.04,0.0,0.0,0.96
1749,0.02,0.98,0.0,0.0
1750,0.02,0.0,0.0,0.98
1751,0.9,0.0,0.08,0.02
1752,0.0,0.0,0.02,0.98
1753,0.02,0.02,0.96,0.0
1754,0.98,0.0,0.02,0.0
1755,0.0,0.0,0.98,0.02
1756,0.02,0.0,0.06,0.92
1757,0.94,0.0,0.04,0.02
1758,0.68,0.08,0.0,0.24
1759,0.0,0.98,0.02,0.0
1760,0.0,0.0,1.0,0.0
1761,0.96,0.0,0.04,0.0
1762,0.0,0.0,0.94,0.06
1763,0.0,0.98,0.02,0.0
1764,0.98,0.0,0.02,0.0
1765,0.94,0.0,0.0,0.06
1766,0.02,0.98,0.0,0.0
1767,0.02,0.2,0.78,0.0
1768,0.0,0.0,0.0,1.0
1769,0.02,0.02,0.92,0.04
1770,0.08,0.86,0.04,0.02
1771,0.0,0.0,1.0,0.0
1772,0.9,0.06,0.02,0.02
1773,0.02,0.0,0.96,0.02
1774,0.08,0.02,0.74,0.16
1775,0.94,0.0,0.06,0.0
1776,0.0,0.98,0.02,0.0
1777,0.0,0.98,0.0,0.02
1778,0.0,1.0,0.0,0.0
1779,0.0,0.0,1.0,0.0
1780,0.0,1.0,0.0,0.0
1781,0.0,0.0,1.0,0.0
1782,0.0,1.0,0.0,0.0
1783,0.88,0.06,0.0,0.06
1784,0.0,1.0,0.0,0.0
1785,0.14,0.02,0.76,0.08
1786,0.04,0.0,0.06,0.9
1787,0.02,0.0,0.04,0.94
1788,0.0,0.0,0.98,0.02
1789,0.0,0.02,0.98,0.0
1790,0.0,1.0,0.0,0.0
1791,0.06,0.06,0.88,0.0
1792,0.0,0.1,0.9,0.0
1793,0.9,0.0,0.04,0.06
1794,0.82,0.12,0.04,0.02
1795,0.04,0.02,0.0,0.94
1796,0.0,0.0,0.94,0.06
1797,0.0,0.84,0.16,0.0
1798,0.1,0.02,0.0,0.88
1799,0.02,0.0,0.04,0.94
1800,0.88,0.0,0.12,0.0
1801,0.88,0.0,0.08,0.04
1802,0.84,0.08,0.08,0.0
1803,0.06,0.02,0.02,0.9
1804,0.8,0.16,0.02,0.02
1805,0.92,0.0,0.06,0.02
1806,0.78,0.04,0.02,0.16
1807,0.04,0.94,0.02,0.0
1808,0.0,1.0,0.0,0.0
1809,0.04,0.94,0.0,0.02
1810,0.0,0.98,0.02,0.0
1811,0.0,0.9795180722891567,0.020481927710843374,0.0
1812,0.86,0.0,0.0,0.14
1813,0.04,0.0,0.0,0.96
1814,0.0,0.0,1.0,0.0
1815,0.06,0.0,0.04,0.9
1816,0.06,0.0,0.0,0.94
1817,0.0,1.0,0.0,0.0
1818,0.0,0.98,0.02,0.0
1819,0.24,0.04,0.72,0.0
1820,0.98,0.0,0.02,0.0
1821,0.06,0.0,0.02,0.92
1822,0.0,0.02,0.98,0.0
1823,0.0,0.96,0.04,0.0
1824,0.02,0.0,0.94,0.04
1825,0.0,1.0,0.0,0.0
1826,0.08,0.86,0.04,0.02
1827,0.02,0.0,0.0,0.98
1828,0.02,0.0,0.04,0.94
1829,0.0,1.0,0.0,0.0
1830,0.98,0.0,0.0,0.02
1831,0.02,0.0,0.06,0.92
1832,0.0,1.0,0.0,0.0
1833,0.0,1.0,0.0,0.0
1834,0.94,0.0,0.0,0.06
1835,0.0,1.0,0.0,0.0
1836,0.0,0.0,0.02,0.98
1837,0.02,0.98,0.0,0.0
1838,0.0,0.96,0.02,0.02
1839,0.92,0.0,0.06,0.02
1840,0.82,0.16,0.0,0.02
1841,0.0,0.0,1.0,0.0
1842,0.0,0.96,0.02,0.02
1843,0.0,0.9995180722891567,0.0004819277108433735,0.0
1844,0.04,0.0,0.68,0.28
1845,0.0,1.0,0.0,0.0
1846,0.0,1.0,0.0,0.0
1847,0.04,0.0,0.0,0.96
1848,0.0,1.0,0.0,0.0
1849,0.02,0.94,0.0,0.04
1850,0.9,0.04,0.06,0.0
1851,0.9,0.02,0.04,0.04
1852,0.0,1.0,0.0,0.0
1853,0.12,0.0,0.04,0.84
1854,0.0,0.98,0.0,0.02
1855,0.08,0.0,0.0,0.92
1856,0.0,0.16,0.82,0.02
1857,0.04,0.0,0.04,0.92
1858,0.0,0.0,1.0,0.0
1859,0.0,0.0,1.0,0.0
1860,0.0,1.0,0.0,0.0
1861,1.0,0.0,0.0,0.0
1862,0.16,0.04,0.62,0.18
1863,0.0,1.0,0.0,0.0
1864,0.14,0.04,0.0,0.82
1865,0.06,0.0,0.0,0.94
1866,0.02,0.02,0.94,0.02
1867,0.08,0.2,0.62,0.1
1868,0.06,0.0,0.04,0.9
1869,0.86,0.0,0.0,0.14
1870,0.0,1.0,0.0,0.0
1871,0.86,0.0,0.02,0.12
1872,0.82,0.08,0.1,0.0
1873,0.02,0.9595180722891566,0.020481927710843374,0.0
1874,0.0,1.0,0.0,0.0
1875,0.0,0.96,0.04,0.0
1876,0.02,0.04,0.9,0.04
1877,0.0,0.0,1.0,0.0
1878,0.0,1.0,0.0,0.0
1879,0.0,1.0,0.0,0.0
1880,0.02,0.0,0.02,0.96
1881,0.02,0.94,0.04,0.0
1882,0.0,0.94,0.04,0.02
1883,0.18,0.04,0.76,0.02
1884,0.0,0.92,0.04,0.04
1885,0.92,0.0,0.08,0.0
1886,0.0,1.0,0.0,0.0
1887,0.0,1.0,0.0,0.0
1888,0.0,1.0,0.0,0.0
1889,0.0,1.0,0.0,0.0
1890,0.02,0.0,0.98,0.0
1891,0.0,0.0,1.0,0.0
1892,0.0,0.0,0.0,1.0
1893,0.0,0.9995180722891567,0.0004819277108433735,0.0
1894,0.76,0.02,0.04,0.18
1895,0.0,1.0,0.0,0.0
1896,0.0,0.98,0.02,0.0
1897,0.0,0.98,0.02,0.0
1898,0.0,0.0,0.98,0.02
1899,0.0,1.0,0.0,0.0
1900,0.0,0.98,0.0,0.02
1901,0.14,0.02,0.82,0.02
1902,0.96,0.0,0.0,0.04
1903,0.0,0.96,0.02,0.02
1904,0.02,0.0,0.0,0.98
1905,0.0,1.0,0.0,0.0
1906,0.04,0.0,0.94,0.02
1907,0.04,0.0,0.94,0.02
1908,0.0,0.98,0.0,0.02
1909,0.0,0.96,0.04,0.0
1910,0.0,1.0,0.0,0.0
1911,0.0,0.0,1.0,0.0
1912,0.0,0.0,0.0,1.0
1913,0.0,0.96,0.02,0.02
1914,0.08,0.84,0.06,0.02
1915,0.7,0.02,0.24,0.04
1916,0.0,1.0,0.0,0.0
1917,0.0,0.96,0.04,0.0
1918,0.0,0.98,0.0,0.02
1919,0.02,0.98,0.0,0.0
1920,0.08,0.04,0.02,0.86
1921,0.96,0.0,0.04,0.0
1922,0.06,0.0,0.02,0.92
1923,0.0,0.96,0.04,0.0
1924,0.0,1.0,0.0,0.0
1925,0.78,0.2,0.0,0.02
1926,0.0,0.0,0.68,0.32
1927,0.02,0.0,0.98,0.0
1928,0.0,1.0,0.0,0.0
1929,0.96,0.0,0.02,0.02
1930,0.04,0.0,0.92,0.04
1931,0.06,0.22,0.7,0.02
1932,0.2,0.8,0.0,0.0
1933,0.0,0.98,0.02,0.0
1934,0.0,1.0,0.0,0.0
1935,0.02,0.96,0.0,0.02
1936,0.0,1.0,0.0,0.0
1937,0.98,0.02,0.0,0.0
1938,0.02,0.06,0.9,0.02
1939,0.98,0.0,0.02,0.0
1940,0.0,0.96,0.02,0.02
1941,0.06,0.02,0.9,0.02
1942,0.0,0.0,0.96,0.04
1943,0.0,0.98,0.02,0.0
1944,0.14,0.02,0.82,0.02
1945,0.02,0.0,0.9,0.08
1946,0.0,0.92,0.08,0.0
1947,0.04,0.02,0.0,0.94
1948,0.02,0.96,0.02,0.0
1949,0.1,0.0,0.0,0.9
1950,0.02,0.96,0.02,0.0
1951,0.0,0.94,0.06,0.0
1952,0.0,1.0,0.0,0.0
1953,0.22,0.02,0.72,0.04
1954,0.06,0.02,0.0,0.92
1955,0.0,0.98,0.0,0.02
1956,0.0,0.0,0.96,0.04
1957,0.0,0.0,0.84,0.16
1958,0.04,0.0,0.0,0.96
1959,0.02,0.0,0.86,0.12
1960,0.0,1.0,0.0,0.0
1961,0.02,0.02,0.96,0.0
1962,0.0,0.9,0.08,0.02
1963,0.06,0.04,0.12,0.78
1964,0.96,0.0,0.0,0.04
1965,0.0,1.0,0.0,0.0
1966,0.04,0.0,0.0,0.96
1967,0.0,0.98,0.0,0.02
1968,0.08,0.0,0.12,0.8
1969,0.04,0.02,0.0,0.94
1970,0.0,1.0,0.0,0.0
1971,0.0,1.0,0.0,0.0
1972,0.02,0.98,0.0,0.0
1973,0.96,0.02,0.02,0.0
1974,0.98,0.0,0.02,0.0
1975,0.98,0.0,0.0,0.02
1976,0.98,0.0,0.02,0.0
1977,0.0,1.0,0.0,0.0
1978,0.0,0.22,0.78,0.0
1979,0.28,0.06,0.04,0.62
1980,0.08,0.0,0.0,0.92
1981,0.02,0.0,0.04,0.94
1982,0.06,0.04,0.88,0.02
1983,0.0,0.0,1.0,0.0
1984,0.0,0.0,0.98,0.02
1985,0.04,0.02,0.02,0.92
1986,0.0,1.0,0.0,0.0
1987,0.04,0.86,0.1,0.0
1988,0.0,0.0,0.02,0.98
1989,0.9,0.0,0.1,0.0
1990,0.04,0.94,0.0,0.02
1991,0.0,1.0,0.0,0.0
1992,0.0,1.0,0.0,0.0
1993,0.0,0.0,1.0,0.0
1994,0.0,0.98,0.02,0.0
1995,0.02,0.0,0.98,0.0
1996,0.0,0.98,0.02,0.0
1997,0.06,0.0,0.0,0.94
1998,0.76,0.0,0.06,0.18
1999,0.0,1.0,0.0,0.0
2000,0.04,0.0,0.96,0.0
2001,0.0,1.0,0.0,0.0
2002,0.08,0.04,0.0,0.88
2003,0.0,0.96,0.02,0.02
2004,0.14,0.0,0.1,0.76
2005,0.0,1.0,0.0,0.0
2006,0.0,0.98,0.02,0.0
2007,0.0,0.92,0.08,0.0
2008,0.86,0.0,0.0,0.14
2009,0.88,0.0,0.08,0.04
2010,0.9,0.02,0.02,0.06
2011,0.02,0.0,0.02,0.96
2012,0.06,0.08,0.86,0.0
2013,0.0,1.0,0.0,0.0
2014,0.0,0.98,0.02,0.0
2015,0.84,0.12,0.0,0.04
2016,0.88,0.0,0.1,0.02
2017,0.0,0.98,0.02,0.0
2018,0.0,0.0,1.0,0.0
2019,0.1,0.02,0.0,0.88
2020,0.02,0.0,0.0,0.98
2021,0.86,0.02,0.04,0.08
2022,0.08,0.0,0.0,0.92
2023,0.14,0.0,0.0,0.86
2024,0.0,0.0,0.02,0.98
2025,0.0,0.98,0.02,0.0
2026,0.04,0.96,0.0,0.0
2027,0.0,0.0,1.0,0.0
2028,0.0,0.98,0.02,0.0
2029,0.0,1.0,0.0,0.0
2030,0.08,0.88,0.02,0.02
2031,0.06,0.94,0.0,0.0
2032,0.04,0.04,0.86,0.06
2033,0.12,0.04,0.78,0.06
2034,0.0,0.0,1.0,0.0
2035,0.98,0.0,0.02,0.0
2036,0.84,0.02,0.0,0.14
2037,0.0,1.0,0.0,0.0
2038,0.0,0.0,1.0,0.0
2039,0.02,0.0,0.0,0.98
2040,0.02,0.94,0.02,0.02
2041,0.0,0.9995180722891567,0.0004819277108433735,0.0
2042,0.0,0.0,1.0,0.0
2043,0.88,0.02,0.0,0.1
2044,0.0,1.0,0.0,0.0
2045,0.02,0.0,0.98,0.0
2046,0.0,0.94,0.04,0.02
2047,0.0,0.26,0.74,0.0
2048,0.02,0.98,0.0,0.0
2049,0.0,0.0,0.0,1.0
2050,0.0,0.98,0.02,0.0
2051,0.0,0.12,0.88,0.0
2052,0.96,0.0,0.02,0.02
2053,0.02,0.98,0.0,0.0
2054,0.1,0.0,0.02,0.88
2055,0.92,0.02,0.0,0.06
2056,0.84,0.0,0.02,0.14
2057,0.02,0.82,0.14,0.02
2058,0.0,1.0,0.0,0.0
2059,0.1,0.0,0.9,0.0
2060,0.04,0.84,0.06,0.06
2061,0.04,0.0,0.04,0.92
2062,0.04,0.0,0.0,0.96
2063,0.06,0.0,0.94,0.0
2064,0.0,1.0,0.0,0.0
2065,0.0,0.0,1.0,0.0
2066,0.96,0.0,0.02,0.02
2067,0.0,0.98,0.02,0.0
2068,0.06,0.02,0.0,0.92
2069,0.86,0.0,0.1,0.04
2070,0.0,0.98,0.0,0.02
2071,0.82,0.16,0.02,0.0
2072,0.02,0.0,0.0,0.98
2073,0.96,0.0,0.0,0.04
2074,0.02,0.0,0.94,0.04
2075,0.0,0.0,1.0,0.0
2076,0.0,0.98,0.02,0.0
2077,0.02,0.0,0.74,0.24
2078,0.0,1.0,0.0,0.0
2079,0.06,0.94,0.0,0.0
2080,0.04,0.92,0.0,0.04
2081,0.0,1.0,0.0,0.0
2082,0.06,0.02,0.04,0.88
2083,0.72,0.0,0.04,0.24
2084,0.0,0.0,0.0,1.0
2085,0.2,0.0,0.0,0.8
2086,0.02,0.0,0.98,0.0
2087,0.0,0.0,1.0,0.0
2088,0.04,0.0,0.96,0.0
2089,0.16,0.0,0.02,0.82
2090,0.0,0.0,0.98,0.02
2091,0.9,0.0,0.02,0.08
2092,0.0,0.98,0.02,0.0
2093,0.02,0.02,0.06,0.9
2094,0.92,0.02,0.02,0.04
2095,0.02,0.0,0.94,0.04
2096,0.0,1.0,0.0,0.0
2097,0.0,1.0,0.0,0.0
2098,0.04,0.92,0.02,0.02
2099,0.94,0.0,0.04,0.02
2100,0.08,0.0,0.02,0.9
2101,0.02,0.02,0.94,0.02
2102,0.18,0.02,0.72,0.08
2103,0.02,0.02,0.0,0.96
2104,0.06,0.02,0.88,0.04
2105,0.98,0.0,0.02,0.0
2106,0.0,1.0,0.0,0.0
2107,0.3,0.0,0.0,0.7
2108,0.0,1.0,0.0,0.0
2109,0.0,1.0,0.0,0.0
2110,0.08,0.08,0.8,0.04
2111,0.0,0.04,0.94,0.02
2112,0.0,1.0,0.0,0.0
2113,0.0,0.98,0.0,0.02
2114,0.06,0.94,0.0,0.0
2115,0.0,0.98,0.02,0.0
2116,0.0,0.0,1.0,0.0
2117,0.7,0.08,0.08,0.14
2118,0.0,0.0,1.0,0.0
2119,0.22,0.0,0.0,0.78
2120,0.1,0.64,0.18,0.08
2121,0.0,0.0,1.0,0.0
2122,0.04,0.04,0.9,0.02
2123,0.0,1.0,0.0,0.0
2124,0.9,0.06,0.04,0.0
2125,0.0,0.0,1.0,0.0
2126,0.16,0.0,0.02,0.82
2127,0.0,1.0,0.0,0.0
2128,0.04,0.04,0.86,0.06
2129,0.1,0.86,0.04,0.0
2130,1.0,0.0,0.0,0.0
2131,0.7,0.08,0.2,0.02
2132,0.06,0.0,0.94,0.0
2133,0.0,0.98,0.0,0.02
2134,0.02,0.0,0.0,0.98
2135,0.0,0.96,0.04,0.0
2136,0.04,0.0,0.02,0.94
2137,0.92,0.04,0.0,0.04
2138,0.06,0.0,0.0,0.94
2139,0.12,0.18,0.7,0.0
2140,0.02,0.94,0.04,0.0
2141,0.02,0.9,0.06,0.02
2142,0.0,0.72,0.28,0.0
2143,0.86,0.0,0.02,0.12
2144,0.04,0.0,0.08,0.88
2145,0.02,0.94,0.04,0.0
2146,0.02,0.1,0.0,0.88
2147,0.98,0.0,0.0,0.02
2148,0.1,0.02,0.0,0.88
2149,0.0,1.0,0.0,0.0
2150,0.92,0.0,0.08,0.0
2151,0.06,0.0,0.0,0.94
2152,0.02,0.02,0.88,0.08
2153,0.0,0.96,0.02,0.02
2154,0.02,0.0,0.96,0.02
2155,0.0,0.0,1.0,0.0
2156,0.98,0.0,0.02,0.0
2157,0.98,0.0,0.0,0.02
2158,0.7,0.02,0.24,0.04
2159,0.02,0.98,0.0,0.0
2160,0.92,0.0,0.04,0.04
2161,0.9,0.02,0.06,0.02
2162,0.02,0.0,0.04,0.94
2163,0.0,0.96,0.02,0.02
2164,0.06,0.0,0.94,0.0
2165,0.88,0.02,0.1,0.0
2166,0.02,0.0,0.02,0.96
2167,0.0,0.94,0.04,0.02
2168,0.0,0.0,1.0,0.0
2169,0.84,0.02,0.0,0.14
2170,0.04,0.9,0.02,0.04
2171,0.02,0.02,0.0,0.96
2172,0.0,0.98,0.02,0.0
2173,0.06,0.82,0.02,0.1
2174,0.04,0.02,0.88,0.06
2175,0.08,0.0,0.0,0.92
2176,0.0,0.98,0.02,0.0
2177,0.0,0.1,0.9,0.0
2178,0.0,1.0,0.0,0.0
2179,0.0,0.0,1.0,0.0
2180,0.04,0.0,0.0,0.96
2181,0.06,0.0,0.06,0.88
2182,0.02,0.96,0.02,0.0
2183,0.92,0.0,0.02,0.06
2184,0.0,0.96,0.04,0.0
2185,0.0,0.02,0.96,0.02
2186,0.0,1.0,0.0,0.0
2187,0.08,0.04,0.84,0.04
2188,0.0,0.02,0.02,0.96
2189,0.08,0.02,0.02,0.88
2190,0.02,0.0,0.94,0.04
2191,0.0,0.0,0.0,1.0
2192,0.02,0.0,0.94,0.04
2193,0.04,0.02,0.02,0.92
2194,0.0,0.0,1.0,0.0
2195,0.32,0.02,0.0,0.66
2196,0.0,1.0,0.0,0.0
2197,0.74,0.0,0.02,0.24
2198,0.0,0.98,0.02,0.0
2199,0.0,0.98,0.02,0.0
2200,0.0,0.96,0.0,0.04
2201,0.84,0.04,0.02,0.1
2202,0.02,0.0,0.98,0.0
2203,0.0,0.0,0.02,0.98
2204,0.0,0.0,1.0,0.0
2205,0.04,0.0,0.96,0.0
2206,0.0,0.02,0.98,0.0
2207,0.0,0.0,1.0,0.0
2208,0.0,1.0,0.0,0.0
2209,0.0,0.0,0.98,0.02
2210,0.02,0.08,0.9,0.0
2211,0.0,1.0,0.0,0.0
2212,0.0,1.0,0.0,0.0
2213,0.02,0.02,0.28,0.68
2214,0.92,0.0,0.08,0.0
2215,0.02,0.02,0.96,0.0
2216,0.0,0.0,0.0,1.0
2217,0.7,0.14,0.06,0.1
2218,0.02,0.02,0.96,0.0
2219,0.0,1.0,0.0,0.0
2220,0.14,0.02,0.78,0.06
2221,0.0,0.98,0.02,0.0
2222,0.0,0.98,0.02,0.0
2223,0.0,1.0,0.0,0.0
2224,0.0,0.0,0.98,0.02
2225,0.02,0.0,0.98,0.0
2226,0.02,0.0,0.0,0.98
2227,0.86,0.0,0.0,0.14
2228,0.02,0.98,0.0,0.0
2229,0.02,0.0,0.98,0.0
2230,0.0,1.0,0.0,0.0
2231,0.22,0.1,0.68,0.0
2232,0.0,1.0,0.0,0.0
2233,0.02,0.98,0.0,0.0
2234,0.04,0.02,0.94,0.0
2235,0.08,0.02,0.88,0.02
2236,0.9,0.06,0.04,0.0
2237,0.0,0.0,1.0,0.0
2238,0.0,1.0,0.0,0.0
2239,0.02,0.96,0.02,0.0
2240,0.06,0.9,0.04,0.0
2241,1.0,0.0,0.0,0.0
2242,0.0,0.0,0.02,0.98
2243,0.0,0.0,1.0,0.0
2244,0.04,0.0,0.0,0.96
2245,0.02,0.0,0.04,0.94
2246,0.96,0.0,0.04,0.0
2247,0.02,0.96,0.02,0.0
2248,0.02,0.94,0.04,0.0
2249,0.94,0.0,0.04,0.02
2250,0.02,0.0,0.1,0.88
2251,0.0,0.0,1.0,0.0
2252,0.96,0.0,0.04,0.0
2253,0.0,0.0,0.14,0.86
2254,0.86,0.06,0.02,0.06
2255,0.84,0.0,0.14,0.02
2256,0.0,0.0,0.98,0.02
2257,0.02,0.0,0.96,0.02
2258,0.0,0.98,0.0,0.02
2259,0.08,0.0,0.0,0.92
2260,0.02,0.0,0.04,0.94
2261,0.02,0.0,0.04,0.94
2262,0.04,0.02,0.0,0.94
2263,0.08,0.0,0.88,0.04
2264,0.9,0.02,0.02,0.06
2265,0.0,1.0,0.0,0.0
2266,0.0,1.0,0.0,0.0
2267,0.02,0.98,0.0,0.0
2268,0.0,1.0,0.0,0.0
2269,0.9,0.0,0.04,0.06
2270,0.02,0.96,0.0,0.02
2271,0.0,0.98,0.02,0.0
2272,0.82,0.0,0.02,0.16
2273,0.9,0.02,0.04,0.04
2274,0.0,0.96,0.04,0.0
2275,0.88,0.0,0.04,0.08
2276,0.96,0.0,0.04,0.0
2277,0.0,0.98,0.02,0.0
2278,0.06,0.0,0.0,0.94
2279,0.0,1.0,0.0,0.0
2280,0.12,0.02,0.86,0.0
2281,0.04,0.96,0.0,0.0
2282,0.0,0.2,0.8,0.0
2283,0.0,0.98,0.0,0.02
2284,0.12,0.0,0.0,0.88
2285,0.94,0.0,0.04,0.02
2286,0.06,0.92,0.02,0.0
2287,0.06,0.0,0.02,0.92
2288,0.02,0.0,0.06,0.92
2289,0.94,0.0,0.02,0.04
2290,0.04,0.0,0.9,0.06
2291,0.92,0.0,0.08,0.0
2292,0.96,0.0,0.04,0.0
2293,0.68,0.02,0.0,0.3
2294,0.02,0.0,0.02,0.96
2295,0.08,0.84,0.02,0.06
2296,0.02,0.16,0.82,0.0
2297,0.0,1.0,0.0,0.0
2298,0.0,0.02,0.98,0.0
2299,0.0,0.98,0.02,0.0
2300,0.0,0.02,0.98,0.0
2301,0.96,0.0,0.04,0.0
2302,0.0,1.0,0.0,0.0
2303,0.04,0.92,0.04,0.0
2304,0.04,0.0,0.94,0.02
2305,0.96,0.0,0.02,0.02
2306,0.02,0.02,0.94,0.02
2307,0.0,0.94,0.02,0.04
2308,0.22,0.02,0.0,0.76
2309,0.0,0.0,0.0,1.0
2310,0.0,1.0,0.0,0.0
2311,0.0,0.24,0.76,0.0
2312,0.02,0.92,0.04,0.02
2313,0.0,0.0,0.0,1.0
2314,0.0,0.98,0.02,0.0
2315,0.92,0.06,0.0,0.02
2316,0.16,0.02,0.02,0.8
2317,0.06,0.02,0.0,0.92
2318,0.0,0.98,0.02,0.0
2319,0.2,0.76,0.04,0.0
2320,0.0,0.9995180722891567,0.0004819277108433735,0.0
2321,0.02,0.96,0.02,0.0
2322,0.0,0.0,0.0,1.0
2323,0.04,0.96,0.0,0.0
2324,0.0,0.02,0.98,0.0
2325,0.02,0.96,0.02,0.0
2326,0.0,0.98,0.02,0.0
2327,0.04,0.0,0.28,0.68
2328,0.0,0.0,1.0,0.0
2329,0.04,0.78,0.08,0.1
2330,0.06,0.94,0.0,0.0
2331,0.88,0.02,0.0,0.1
2332,0.04,0.0,0.0,0.96
2333,0.94,0.0,0.0,0.06
2334,0.96,0.0,0.04,0.0
2335,0.0,0.0,0.0,1.0
2336,0.28,0.04,0.04,0.64
2337,0.0,0.0,0.0,1.0
2338,0.84,0.02,0.1,0.04
2339,0.02,0.0,0.04,0.94
2340,0.06,0.0,0.08,0.86
2341,0.0,1.0,0.0,0.0
2342,0.0,1.0,0.0,0.0
2343,0.0,1.0,0.0,0.0
2344,0.88,0.04,0.02,0.06
2345,0.0,0.0,0.12,0.88
2346,0.04,0.06,0.88,0.02
2347,0.0,0.94,0.06,0.0
2348,0.9,0.0,0.06,0.04
2349,0.18,0.04,0.76,0.02
2350,0.0,1.0,0.0,0.0
2351,0.06,0.0,0.92,0.02
2352,0.06,0.0,0.0,0.94
2353,0.0,1.0,0.0,0.0
2354,0.84,0.12,0.04,0.0
2355,0.02,0.88,0.1,0.0
2356,0.0,0.0,1.0,0.0
2357,0.06,0.0,0.0,0.94
2358,0.08,0.8,0.06,0.06
2359,0.08,0.9,0.02,0.0
2360,0.0,0.9595180722891566,0.04048192771084338,0.0
2361,0.0,1.0,0.0,0.0
2362,0.9,0.0,0.0,0.1
2363,0.16,0.04,0.0,0.8
2364,0.08,0.0,0.02,0.9
2365,0.0,0.0,0.0,1.0
2366,0.0,1.0,0.0,0.0
2367,0.26,0.0,0.04,0.7
2368,0.26,0.02,0.0,0.72
2369,0.02,0.0,0.98,0.0
2370,0.02,0.0,0.0,0.98
2371,0.08,0.0,0.84,0.08
2372,0.0,0.0,1.0,0.0
2373,0.0,1.0,0.0,0.0
2374,0.0,0.02,0.98,0.0
2375,0.04,0.86,0.08,0.02
2376,0.14,0.16,0.02,0.68
2377,0.0,0.98,0.02,0.0
2378,0.02,0.86,0.1,0.02
2379,0.0,1.0,0.0,0.0
2380,0.0,0.98,0.02,0.0
2381,0.0,0.94,0.06,0.0
2382,0.98,0.0,0.02,0.0
2383,0.82,0.0,0.0,0.18
2384,0.94,0.0,0.02,0.04
2385,0.96,0.0,0.02,0.02
2386,0.9,0.0,0.02,0.08
2387,0.08,0.0,0.02,0.9
2388,0.02,0.0,0.02,0.96
2389,0.02,0.0,0.02,0.96
2390,0.02,0.0,0.98,0.0
2391,0.0,0.96,0.02,0.02
2392,0.02,0.02,0.96,0.0
2393,0.02,0.98,0.0,0.0
2394,0.12,0.0,0.02,0.86
2395,0.0,0.0,0.04,0.96
2396,0.0,1.0,0.0,0.0
2397,0.02,0.02,0.94,0.02
2398,0.9,0.0,0.04,0.06
2399,0.9,0.0,0.1,0.0
2400,0.0,1.0,0.0,0.0
2401,0.0,1.0,0.0,0.0
2402,0.98,0.0,0.02,0.0
2403,0.2,0.72,0.04,0.04
2404,0.0,0.0,0.12,0.88
2405,0.0,0.0,0.04,0.96
2406,0.86,0.04,0.06,0.04
2407,0.0,1.0,0.0,0.0
2408,0.0,1.0,0.0,0.0
2409,0.04,0.1,0.86,0.0
2410,0.9,0.0,0.1,0.0
2411,0.0,1.0,0.0,0.0
2412,0.0,0.0,0.02,0.98
2413,0.9,0.0,0.0,0.1
2414,0.0,0.98,0.0,0.02
2415,0.0,0.0,0.0,1.0
2416,0.04,0.0,0.04,0.92
2417,0.0,1.0,0.0,0.0
2418,0.02,0.42,0.56,0.0
2419,0.0,0.0,0.0,1.0
2420,0.0,1.0,0.0,0.0
2421,0.0,0.28,0.72,0.0
2422,0.04,0.0,0.02,0.94
2423,0.08,0.02,0.88,0.02
2424,0.96,0.0,0.04,0.0
2425,0.0,0.0,0.94,0.06
2426,0.92,0.08,0.0,0.0
2427,0.0,1.0,0.0,0.0
2428,0.0,0.98,0.0,0.02
2429,0.06,0.0,0.04,0.9
2430,0.02,0.0,0.0,0.98
2431,0.94,0.02,0.04,0.0
2432,0.0,1.0,0.0,0.0
2433,0.96,0.0,0.04,0.0
2434,0.84,0.02,0.1,0.04
2435,0.86,0.06,0.04,0.04
2436,0.02,0.96,0.02,0.0
2437,0.0,0.0,0.98,0.02
2438,0.0,1.0,0.0,0.0
2439,0.0,0.98,0.02,0.0
2440,0.0,0.0,0.94,0.06
2441,0.0,1.0,0.0,0.0
2442,0.0,1.0,0.0,0.0
2443,0.02,0.04,0.92,0.02
2444,0.0,0.0,0.98,0.02
2445,0.0,1.0,0.0,0.0
2446,0.02,0.04,0.94,0.0
2447,0.78,0.0,0.0,0.22
2448,0.0,0.98,0.02,0.0
2449,0.0,1.0,0.0,0.0
2450,0.86,0.0,0.02,0.12
2451,0.9,0.0,0.08,0.02
2452,0.0,0.88,0.12,0.0
2453,0.0,0.02,0.98,0.0
2454,0.0,1.0,0.0,0.0
2455,0.0,0.98,0.02,0.0
2456,0.98,0.0,0.02,0.0
2457,0.0,0.96,0.0,0.04
2458,0.0,0.0,1.0,0.0
2459,0.0,0.0,1.0,0.0
2460,0.06,0.0,0.0,0.94
2461,0.12,0.0,0.04,0.84
2462,0.08,0.02,0.0,0.9
2463,0.92,0.0,0.0,0.08
2464,0.02,0.0,0.02,0.96
2465,0.0,1.0,0.0,0.0
2466,0.02,0.0,0.02,0.96
2467,0.0,0.98,0.02,0.0
2468,0.0,0.0,1.0,0.0
2469,0.9,0.06,0.0,0.04
2470,0.9,0.02,0.08,0.0
2471,0.8,0.0,0.04,0.16
2472,0.9,0.04,0.04,0.02
2473,0.84,0.08,0.06,0.02
2474,0.0,0.92,0.08,0.0
2475,0.08,0.82,0.1,0.0
2476,0.02,0.0,0.12,0.86
2477,0.0,0.0,1.0,0.0
2478,0.0,1.0,0.0,0.0
2479,0.0,1.0,0.0,0.0
2480,0.0,0.08,0.9,0.02
2481,0.04,0.0,0.94,0.02
2482,0.0,0.0,0.0,1.0
2483,0.0,1.0,0.0,0.0
2484,0.9,0.02,0.0,0.08
2485,0.0,0.0,0.02,0.98
2486,0.0,0.98,0.02,0.0
2487,0.98,0.0,0.0,0.02
2488,0.06,0.0,0.06,0.88
2489,0.0,1.0,0.0,0.0
2490,0.02,0.02,0.92,0.04
2491,0.0,1.0,0.0,0.0
2492,0.02,0.92,0.06,0.0
2493,0.0,0.0,1.0,0.0
2494,0.04,0.0,0.0,0.96
2495,0.0,0.0,1.0,0.0
2496,0.0,1.0,0.0,0.0
2497,1.0,0.0,0.0,0.0
2498,0.02,0.98,0.0,0.0
2499,0.84,0.0,0.06,0.1
2500,0.0,1.0,0.0,0.0
2501,0.0,0.0,1.0,0.0
2502,0.0,0.96,0.04,0.0
2503,0.0,1.0,0.0,0.0
2504,0.0,1.0,0.0,0.0
2505,0.06,0.02,0.9,0.02
2506,0.06,0.72,0.12,0.1
2507,0.0,0.98,0.0,0.02
2508,0.0,0.92,0.08,0.0
2509,0.0,0.0,0.92,0.08
2510,0.02,0.0,0.94,0.04
2511,0.0,0.0,1.0,0.0
2512,0.0,0.9995180722891567,0.0004819277108433735,0.0
2513,0.0,0.98,0.02,0.0
2514,0.92,0.04,0.0,0.04
2515,0.0,1.0,0.0,0.0
2516,0.02,0.0,0.98,0.0
2517,0.92,0.0,0.04,0.04
2518,0.0,1.0,0.0,0.0
2519,0.0,1.0,0.0,0.0
2520,0.12,0.0,0.0,0.88
2521,0.92,0.0,0.0,0.08
2522,0.12,0.02,0.0,0.86
2523,0.0,0.0,0.0,1.0
2524,0.86,0.04,0.02,0.08
2525,0.0,0.96,0.04,0.0
2526,0.96,0.0,0.04,0.0
2527,0.02,0.0,0.0,0.98
2528,0.92,0.0,0.0,0.08
2529,0.0,0.96,0.02,0.02
2530,0.04,0.0,0.92,0.04
2531,0.96,0.0,0.02,0.02
2532,0.16,0.0,0.0,0.84
2533,0.02,0.96,0.0,0.02
2534,0.82,0.02,0.02,0.14
2535,0.02,0.02,0.92,0.04
2536,0.02,0.0,0.98,0.0
2537,0.0,0.94,0.06,0.0
2538,0.0,1.0,0.0,0.0
2539,0.02,0.0,0.0,0.98
2540,0.08,0.0,0.0,0.92
2541,0.0,0.0,0.0,1.0
2542,0.0,0.0,0.0,1.0
2543,0.0,1.0,0.0,0.0
2544,0.54,0.04,0.06,0.36
2545,0.98,0.0,0.02,0.0
2546,0.0,0.02,0.98,0.0
2547,0.82,0.04,0.0,0.14
2548,0.04,0.0,0.0,0.96
2549,0.06,0.0,0.0,0.94
2550,0.02,0.0,0.96,0.02
2551,0.9,0.0,0.06,0.04
2552,0.92,0.02,0.04,0.02
2553,0.02,0.0,0.08,0.9
2554,0.88,0.06,0.02,0.04
2555,0.02,0.7,0.28,0.0
2556,0.28,0.0,0.66,0.06
2557,0.02,0.96,0.0,0.02
2558,0.0,1.0,0.0,0.0
2559,0.68,0.04,0.0,0.28
2560,0.0,0.06,0.92,0.02
2561,0.0,0.0,0.0,1.0
2562,0.0,1.0,0.0,0.0
2563,0.0,0.02,0.98,0.0
2564,0.02,0.26,0.72,0.0
2565,0.06,0.0,0.02,0.92
2566,0.18,0.0,0.0,0.82
2567,0.96,0.02,0.02,0.0
2568,0.0,0.0,0.06,0.94
2569,0.02,0.0,0.96,0.02
2570,0.02,0.02,0.94,0.02
2571,0.02,0.0,0.98,0.0
2572,0.0,0.98,0.02,0.0
2573,0.94,0.0,0.04,0.02
2574,0.9,0.0,0.02,0.08
2575,0.1,0.06,0.0,0.84
2576,0.86,0.0,0.06,0.08
2577,0.0,0.92,0.06,0.02
2578,0.18,0.0,0.7,0.12
2579,0.0,1.0,0.0,0.0
2580,0.02,0.0,0.0,0.98
2581,0.0,0.98,0.02,0.0
2582,0.96,0.0,0.04,0.0
2583,0.0,1.0,0.0,0.0
2584,0.9,0.0,0.02,0.08
2585,0.02,0.0,0.0,0.98
2586,0.96,0.0,0.04,0.0
2587,0.12,0.0,0.84,0.04
2588,0.02,0.02,0.96,0.0
2589,0.94,0.0,0.0,0.06
2590,0.0,0.98,0.02,0.0
2591,0.0,0.15951807228915663,0.8404819277108433,0.0
2592,0.02,0.0,0.98,0.0
2593,0.0,1.0,0.0,0.0
2594,0.0,0.86,0.14,0.0
2595,0.0,0.98,0.02,0.0
2596,0.02,0.98,0.0,0.0
2597,0.02,0.92,0.06,0.0
2598,0.04,0.0,0.06,0.9
2599,0.78,0.16,0.04,0.02
2600,0.0,1.0,0.0,0.0
2601,0.0,0.0,0.96,0.04
2602,0.0,1.0,0.0,0.0
2603,0.72,0.0,0.28,0.0
2604,0.0,0.0,0.0,1.0
2605,0.0,0.12,0.86,0.02
2606,0.0,1.0,0.0,0.0
2607,0.0,0.04,0.0,0.96
2608,0.02,0.0,0.04,0.94
2609,0.0,0.0,0.04,0.96
2610,0.1,0.0,0.04,0.86
2611,0.0,0.98,0.02,0.0
2612,0.0,1.0,0.0,0.0
2613,0.0,1.0,0.0,0.0
2614,0.76,0.02,0.02,0.2
2615,0.04,0.0,0.96,0.0
2616,0.1,0.9,0.0,0.0
2617,0.02,0.0,0.04,0.94
2618,0.16,0.78,0.06,0.0
2619,0.76,0.0,0.18,0.06
2620,0.14,0.0,0.0,0.86
2621,0.02,0.0,0.96,0.02
2622,0.0,0.0,1.0,0.0
2623,0.0,0.0,0.0,1.0
2624,0.0,0.94,0.06,0.0
2625,0.0,0.0,0.96,0.04
2626,0.04,0.02,0.9,0.04
2627,0.0,0.96,0.04,0.0
2628,0.82,0.0,0.02,0.16
2629,0.16,0.84,0.0,0.0
2630,0.0,0.02,0.0,0.98
2631,0.0,0.98,0.02,0.0
2632,0.86,0.12,0.02,0.0
2633,0.0,1.0,0.0,0.0
2634,0.02,0.0,0.98,0.0
2635,0.0,0.98,0.02,0.0
2636,0.78,0.02,0.02,0.18
2637,0.02,0.0,0.96,0.02
2638,0.02,0.02,0.08,0.88
2639,0.08,0.02,0.0,0.9
2640,0.98,0.0,0.02,0.0
2641,0.08,0.82,0.04,0.06
2642,0.08,0.0,0.0,0.92
2643,0.02,0.0,0.0,0.98
2644,0.02,0.0,0.98,0.0
2645,0.02,0.98,0.0,0.0
2646,0.0,1.0,0.0,0.0
2647,0.0,0.98,0.02,0.0
2648,0.0,1.0,0.0,0.0
2649,0.14,0.04,0.02,0.8
2650,0.96,0.0,0.0,0.04
2651,0.16,0.8,0.02,0.02
2652,0.0,1.0,0.0,0.0
2653,0.0,0.92,0.08,0.0
2654,0.04,0.0,0.1,0.86
2655,0.04,0.02,0.9,0.04
2656,0.02,0.0,0.98,0.0
2657,0.12,0.0,0.02,0.86
2658,0.94,0.0,0.0,0.06
2659,0.0,1.0,0.0,0.0
2660,0.0,0.0,0.1,0.9
2661,0.12,0.84,0.02,0.02
2662,0.0,0.0,1.0,0.0
2663,0.0,0.96,0.02,0.02
2664,0.02,0.96,0.0,0.02
2665,0.0,1.0,0.0,0.0
2666,0.0,0.0,1.0,0.0
2667,0.9,0.06,0.02,0.02
2668,0.12,0.0,0.0,0.88
2669,0.88,0.1,0.02,0.0
2670,0.0,1.0,0.0,0.0
2671,0.12,0.0,0.02,0.86
2672,0.28,0.02,0.02,0.68
2673,0.02,0.98,0.0,0.0
2674,0.0,0.0,0.02,0.98
2675,0.0,0.0,1.0,0.0
2676,0.08,0.02,0.0,0.9
2677,0.02,0.02,0.0,0.96
2678,0.86,0.04,0.06,0.04
2679,0.0,0.0,0.98,0.02
2680,0.02,0.02,0.04,0.92
2681,0.0,0.0,1.0,0.0
2682,0.0,0.0,1.0,0.0
2683,0.18,0.78,0.02,0.02
2684,1.0,0.0,0.0,0.0
2685,0.92,0.02,0.04,0.02
2686,0.0,1.0,0.0,0.0
2687,0.1,0.0,0.28,0.62
2688,0.88,0.0,0.08,0.04
2689,0.98,0.0,0.02,0.0
2690,0.0,0.98,0.02,0.0
2691,0.0,0.98,0.02,0.0
2692,0.0,0.96,0.02,0.02
2693,0.0,0.98,0.02,0.0
2694,0.0,1.0,0.0,0.0
2695,1.0,0.0,0.0,0.0
2696,0.02,0.94,0.04,0.0
2697,0.0,0.98,0.02,0.0
2698,0.0,1.0,0.0,0.0
2699,0.16,0.02,0.02,0.8
2700,0.0,0.9395180722891567,0.06048192771084337,0.0
2701,0.0,0.92,0.04,0.04
2702,0.02,0.04,0.92,0.02
2703,0.06,0.02,0.04,0.88
2704,0.04,0.0,0.0,0.96
2705,0.0,1.0,0.0,0.0
2706,0.0,0.98,0.02,0.0
2707,0.0,0.98,0.0,0.02
2708,0.78,0.0,0.02,0.2
2709,0.0,0.0,1.0,0.0
2710,0.02,0.8,0.16,0.02
2711,0.94,0.02,0.0,0.04
2712,0.94,0.0,0.02,0.04
2713,0.0,0.14,0.86,0.0
2714,0.08,0.0,0.04,0.88
2715,0.96,0.0,0.02,0.02
2716,0.24,0.0,0.02,0.74
2717,0.0,0.02,0.78,0.2
2718,0.14,0.02,0.14,0.7
2719,0.02,0.94,0.04,0.0
2720,0.0,0.98,0.0,0.02
2721,0.84,0.0,0.02,0.14
2722,0.02,0.02,0.92,0.04
2723,0.0,0.0,0.02,0.98
2724,0.98,0.0,0.02,0.0
2725,0.9,0.0,0.04,0.06
2726,0.12,0.06,0.02,0.8
2727,0.0,0.9,0.08,0.02
2728,0.02,0.0,0.02,0.96
2729,0.0,1.0,0.0,0.0
2730,0.0,0.94,0.06,0.0
2731,0.02,0.0,0.98,0.0
2732,0.04,0.06,0.84,0.06
2733,0.0,0.0,0.02,0.98
2734,0.0,1.0,0.0,0.0
2735,0.0,1.0,0.0,0.0
2736,0.04,0.02,0.02,0.92
2737,0.02,0.16,0.82,0.0
2738,0.08,0.02,0.02,0.88
2739,0.06,0.9,0.0,0.04
2740,0.04,0.04,0.88,0.04
2741,0.02,0.14,0.84,0.0
2742,0.0,1.0,0.0,0.0
2743,0.02,0.0,0.0,0.98
2744,0.0,0.84,0.12,0.04
2745,0.72,0.0,0.0,0.28
2746,0.22,0.02,0.06,0.7
2747,0.0,0.98,0.02,0.0
2748,0.0,1.0,0.0,0.0
2749,0.08,0.0,0.88,0.04
2750,0.98,0.0,0.0,0.02
2751,0.04,0.02,0.94,0.0
2752,0.04,0.0,0.02,0.94
2753,1.0,0.0,0.0,0.0
2754,0.0,0.96,0.02,0.02
2755,0.12,0.0,0.86,0.02
2756,0.0,0.0,0.98,0.02
2757,0.0,1.0,0.0,0.0
2758,0.02,0.98,0.0,0.0
2759,0.02,0.0,0.96,0.02
2760,0.06,0.0,0.02,0.92
2761,0.02,0.0,0.98,0.0
2762,0.94,0.0,0.0,0.06
2763,0.98,0.0,0.02,0.0
2764,0.0,0.9795180722891567,0.020481927710843374,0.0
2765,0.18,0.0,0.08,0.74
2766,0.76,0.04,0.04,0.16
2767,0.0,0.96,0.04,0.0
2768,0.0,1.0,0.0,0.0
2769,0.84,0.02,0.0,0.14
2770,0.12,0.22,0.64,0.02
2771,0.1,0.0,0.88,0.02
2772,0.96,0.0,0.0,0.04
2773,0.96,0.04,0.0,0.0
2774,0.04,0.02,0.94,0.0
2775,0.7,0.04,0.02,0.24
2776,0.0,0.0,0.06,0.94
2777,0.08,0.0,0.02,0.9
2778,0.06,0.0,0.0,0.94
2779,0.04,0.94,0.0,0.02
2780,0.02,0.0,0.0,0.98
2781,0.0,1.0,0.0,0.0
2782,0.02,0.0,0.0,0.98
2783,0.0,0.0,1.0,0.0
2784,0.04,0.0,0.0,0.96
2785,0.0,0.96,0.04,0.0
2786,0.0,0.98,0.02,0.0
2787,0.0,0.98,0.02,0.0
2788,0.08,0.0,0.84,0.08
2789,0.88,0.02,0.02,0.08
2790,0.0,0.96,0.02,0.02
2791,0.02,0.98,0.0,0.0
2792,0.0,1.0,0.0,0.0
2793,0.82,0.0,0.0,0.18
2794,0.14,0.0,0.08,0.78
2795,0.18,0.0,0.06,0.76
2796,0.66,0.02,0.3,0.02
2797,0.0,0.98,0.02,0.0
2798,0.0,0.0,0.0,1.0
2799,0.0,0.98,0.02,0.0
2800,0.0,0.98,0.02,0.0
2801,0.0,0.96,0.0,0.04
2802,0.02,0.0,0.94,0.04
2803,0.0,1.0,0.0,0.0
2804,0.06,0.0,0.0,0.94
2805,0.0,0.98,0.02,0.0
2806,0.0,0.0,1.0,0.0
2807,0.0,0.96,0.04,0.0
2808,0.06,0.0,0.06,0.88
2809,0.96,0.02,0.02,0.0
2810,0.02,0.02,0.0,0.96
2811,0.08,0.02,0.9,0.0
2812,0.06,0.0,0.04,0.9
2813,0.02,0.02,0.0,0.96
2814,0.0,0.98,0.0,0.02
2815,0.0,0.98,0.02,0.0
2816,0.0,0.0,1.0,0.0
2817,0.0,0.98,0.02,0.0
2818,0.0,0.0,0.04,0.96
2819,0.02,0.96,0.0,0.02
2820,0.02,0.0,0.98,0.0
2821,0.92,0.0,0.04,0.04
2822,0.02,0.88,0.1,0.0
2823,0.0,1.0,0.0,0.0
2824,0.0,0.88,0.12,0.0
2825,0.8,0.12,0.02,0.06
2826,0.0,1.0,0.0,0.0
2827,0.02,0.0,0.02,0.96
2828,0.14,0.0,0.0,0.86
2829,0.04,0.02,0.06,0.88
2830,0.0,1.0,0.0,0.0
2831,0.0,0.98,0.0,0.02
2832,0.0,0.0,0.06,0.94
2833,0.02,0.0,0.98,0.0
2834,0.0,1.0,0.0,0.0
2835,0.0,0.94,0.06,0.0
2836,0.0,0.0,0.04,0.96
2837,0.8,0.04,0.0,0.16
2838,0.0,0.0,1.0,0.0
2839,0.0,0.98,0.02,0.0
2840,0.08,0.02,0.04,0.86
2841,0.08,0.0,0.0,0.92
2842,0.88,0.0,0.08,0.04
2843,0.04,0.94,0.0,0.02
2844,0.04,0.02,0.92,0.02
2845,0.16,0.0,0.0,0.84
2846,0.86,0.02,0.06,0.06
2847,0.22,0.06,0.12,0.6
2848,0.08,0.0,0.0,0.92
2849,0.04,0.96,0.0,0.0
2850,0.02,0.0,0.0,0.98
2851,0.0,0.98,0.02,0.0
2852,0.02,0.96,0.0,0.02
2853,0.0,0.0,1.0,0.0
2854,0.0,0.92,0.08,0.0
2855,0.0,1.0,0.0,0.0
2856,0.0,1.0,0.0,0.0
2857,0.04,0.9,0.04,0.02
2858,0.0,1.0,0.0,0.0
2859,0.02,0.0,0.02,0.96
2860,0.0,1.0,0.0,0.0
2861,0.08,0.0,0.04,0.88
2862,0.0,1.0,0.0,0.0
2863,0.0,1.0,0.0,0.0
2864,0.02,0.04,0.92,0.02
2865,0.0,0.98,0.0,0.02
2866,0.98,0.0,0.0,0.02
2867,0.04,0.0,0.0,0.96
2868,0.04,0.0,0.96,0.0
2869,0.82,0.02,0.04,0.12
2870,0.96,0.0,0.04,0.0
2871,0.0,0.0,0.1,0.9
2872,0.82,0.04,0.12,0.02
2873,0.92,0.0,0.02,0.06
2874,0.86,0.04,0.08,0.02
2875,0.0,1.0,0.0,0.0
2876,0.02,0.06,0.92,0.0
2877,0.04,0.0,0.94,0.02
2878,0.72,0.26,0.0,0.02
2879,0.0,0.0,0.08,0.92
2880,0.06,0.04,0.0,0.9
2881,0.0,0.02,0.0,0.98
2882,0.02,0.92,0.06,0.0
2883,0.0,0.0,1.0,0.0
2884,0.0,0.98,0.02,0.0
2885,0.02,0.0,0.0,0.98
2886,0.92,0.0,0.08,0.0
2887,0.0,0.02,0.98,0.0
2888,0.02,0.98,0.0,0.0
2889,0.9,0.0,0.06,0.04
2890,1.0,0.0,0.0,0.0
2891,0.0,0.9995180722891567,0.0004819277108433735,0.0
2892,0.08,0.02,0.62,0.28
2893,0.0,0.98,0.02,0.0
2894,0.02,0.98,0.0,0.0
2895,0.0,0.96,0.02,0.02
2896,0.0,0.0,1.0,0.0
2897,0.0,0.0,1.0,0.0
2898,0.0,0.96,0.04,0.0
2899,0.06,0.0,0.0,0.94
2900,0.0,1.0,0.0,0.0
2901,0.04,0.0,0.94,0.02
2902,0.0,0.0,1.0,0.0
2903,0.0,1.0,0.0,0.0
2904,0.0,0.0,1.0,0.0
2905,0.94,0.02,0.0,0.04
2906,0.0,0.98,0.02,0.0
2907,0.1,0.0,0.06,0.84
2908,0.12,0.0,0.08,0.8
2909,0.04,0.0,0.0,0.96
2910,0.0,0.98,0.02,0.0
2911,0.0,1.0,0.0,0.0
2912,0.9,0.0,0.02,0.08
2913,0.08,0.04,0.86,0.02
2914,0.9,0.0,0.0,0.1
2915,0.0,0.0,0.98,0.02
2916,0.02,0.02,0.06,0.9
2917,0.0,1.0,0.0,0.0
2918,0.0,1.0,0.0,0.0
2919,0.04,0.0,0.04,0.92
2920,0.0,0.94,0.06,0.0
2921,0.02,0.0,0.94,0.04
2922,0.04,0.2,0.74,0.02
2923,0.02,0.0,0.0,0.98
2924,0.0,0.98,0.02,0.0
2925,0.94,0.04,0.02,0.0
2926,0.94,0.0,0.04,0.02
2927,0.04,0.8,0.16,0.0
2928,0.02,0.96,0.0,0.02
2929,0.0,0.0,0.02,0.98
2930,0.12,0.0,0.0,0.88
2931,0.0,0.02,0.98,0.0
2932,0.78,0.14,0.04,0.04
2933,0.26,0.68,0.02,0.04
2934,0.98,0.0,0.0,0.02
2935,0.1,0.0,0.0,0.9
2936,0.0,1.0,0.0,0.0
2937,0.0,0.98,0.0,0.02
2938,0.06,0.0,0.02,0.92
2939,0.88,0.1,0.02,0.0
2940,0.06,0.02,0.04,0.88
2941,0.12,0.02,0.02,0.84
2942,0.04,0.0,0.04,0.92
2943,0.24,0.0,0.04,0.72
2944,0.0,0.96,0.04,0.0
2945,0.02,0.02,0.92,0.04
2946,0.0,0.94,0.02,0.04
2947,0.04,0.0,0.94,0.02
2948,0.18,0.04,0.78,0.0
2949,0.7,0.28,0.02,0.0
2950,0.14,0.18,0.64,0.04
2951,0.08,0.02,0.0,0.9
2952,0.0,1.0,0.0,0.0
2953,0.04,0.0,0.04,0.92
2954,0.02,0.04,0.94,0.0
2955,0.06,0.0,0.04,0.9
2956,0.02,0.0,0.96,0.02
2957,0.02,0.0,0.98,0.0
2958,0.0,0.0,0.02,0.98
2959,1.0,0.0,0.0,0.0
2960,0.0,1.0,0.0,0.0
2961,0.0,0.92,0.02,0.06
2962,0.86,0.02,0.0,0.12
2963,0.0,0.2,0.8,0.0
2964,0.02,0.92,0.06,0.0
2965,0.02,0.98,0.0,0.0
2966,0.02,0.0,0.98,0.0
2967,0.0,0.96,0.0,0.04
2968,0.0,0.0,1.0,0.0
2969,0.0,0.0,0.0,1.0
2970,0.0,0.9995180722891567,0.0004819277108433735,0.0
2971,0.12,0.04,0.0,0.84
2972,0.0,0.0,0.94,0.06
2973,0.96,0.0,0.04,0.0
2974,0.0,0.0,0.0,1.0
2975,0.0,0.96,0.0,0.04
2976,0.0,0.02,0.98,0.0
2977,0.0,0.0,1.0,0.0
2978,0.04,0.0,0.94,0.02
2979,0.0,0.0,1.0,0.0
2980,0.06,0.0,0.08,0.86
2981,0.0,0.0,0.0,1.0
2982,0.12,0.02,0.02,0.84
2983,0.0,0.98,0.02,0.0
2984,0.0,0.0,0.0,1.0
2985,0.0,1.0,0.0,0.0
2986,0.92,0.02,0.0,0.06
2987,0.04,0.02,0.92,0.02
2988,0.0,1.0,0.0,0.0
2989,0.16,0.0,0.0,0.84
2990,0.1,0.0,0.02,0.88
2991,0.08,0.0,0.02,0.9
2992,0.9,0.0,0.1,0.0
2993,0.94,0.0,0.0,0.06
2994,0.84,0.16,0.0,0.0
2995,0.96,0.02,0.0,0.02
2996,0.08,0.06,0.82,0.04
2997,0.08,0.22,0.7,0.0
2998,0.12,0.84,0.04,0.0
2999,0.0,0.98,0.02,0.0
3000,0.02,0.0,0.0,0.98
3001,0.04,0.02,0.0,0.94
3002,0.8,0.04,0.02,0.14
3003,0.0,0.1,0.9,0.0
3004,0.0,0.98,0.02,0.0
3005,0.02,0.02,0.02,0.94
3006,0.06,0.0,0.04,0.9
3007,0.98,0.0,0.02,0.0
3008,0.0,1.0,0.0,0.0
3009,0.02,0.02,0.94,0.02
3010,0.02,0.94,0.02,0.02
3011,0.14,0.7,0.12,0.04
3012,0.0,0.04,0.04,0.92
3013,0.0,0.0,0.98,0.02
3014,0.02,0.94,0.04,0.0
3015,0.0,0.0,1.0,0.0
3016,0.0,0.98,0.02,0.0
3017,0.02,0.96,0.0,0.02
3018,0.86,0.14,0.0,0.0
3019,0.04,0.0,0.04,0.92
3020,0.04,0.0,0.94,0.02
3021,0.0,1.0,0.0,0.0
3022,0.0,0.0,1.0,0.0
3023,0.0,0.0,0.0,1.0
3024,0.0,0.0,1.0,0.0
3025,0.04,0.0,0.94,0.02
3026,0.02,0.98,0.0,0.0
3027,0.0,0.98,0.02,0.0
3028,0.0,0.94,0.02,0.04
3029,0.0,0.0,0.0,1.0
3030,0.02,0.94,0.04,0.0
3031,0.0,0.0,1.0,0.0
3032,0.9,0.04,0.0,0.06
3033,0.0,0.9795180722891567,0.020481927710843374,0.0
3034,0.0,0.0,0.98,0.02
3035,0.0,0.0,0.02,0.98
3036,0.04,0.0,0.0,0.96
3037,0.92,0.02,0.06,0.0
3038,0.0,1.0,0.0,0.0
3039,0.0,0.0,0.98,0.02
3040,0.12,0.06,0.06,0.76
3041,0.0,1.0,0.0,0.0
3042,0.02,0.02,0.8,0.16
3043,0.02,0.0,0.98,0.0
3044,0.9,0.02,0.04,0.04
3045,0.0,1.0,0.0,0.0
3046,0.0,0.0,1.0,0.0
3047,0.0,0.0,0.96,0.04
3048,0.02,0.94,0.04,0.0
3049,0.08,0.9,0.0,0.02
3050,0.0,1.0,0.0,0.0
3051,0.98,0.0,0.02,0.0
3052,0.0,0.94,0.04,0.02
3053,0.0,0.96,0.04,0.0
3054,0.0,0.96,0.04,0.0
3055,0.08,0.92,0.0,0.0
3056,0.0,1.0,0.0,0.0
3057,0.0,0.02,0.0,0.98
3058,0.04,0.0,0.9,0.06
3059,0.0,1.0,0.0,0.0
3060,0.16,0.0,0.02,0.82
3061,0.0,0.94,0.02,0.04
3062,0.94,0.02,0.04,0.0
3063,0.0,1.0,0.0,0.0
3064,1.0,0.0,0.0,0.0
3065,0.72,0.0,0.0,0.28
3066,0.3,0.64,0.02,0.04
3067,0.0,1.0,0.0,0.0
3068,0.0,0.0,0.02,0.98
3069,0.0,0.98,0.02,0.0
3070,0.06,0.02,0.0,0.92
3071,0.0,0.0,1.0,0.0
3072,0.02,0.26,0.72,0.0
3073,0.1,0.0,0.0,0.9
3074,0.04,0.1,0.8,0.06
3075,0.06,0.0,0.02,0.92
3076,0.0,1.0,0.0,0.0
3077,0.02,0.02,0.96,0.0
3078,0.02,0.94,0.02,0.02
3079,0.0,1.0,0.0,0.0
3080,0.0,0.0,0.06,0.94
3081,0.66,0.04,0.24,0.06
3082,0.0,0.0,1.0,0.0
3083,0.12,0.04,0.02,0.82
3084,0.0,0.02,0.98,0.0
3085,0.92,0.02,0.0,0.06
3086,0.0,0.0,0.0,1.0
3087,0.04,0.02,0.9,0.04
3088,0.0,0.0,0.02,0.98
3089,0.0,0.98,0.0,0.02
3090,0.0,0.98,0.02,0.0
3091,0.92,0.0,0.08,0.0
3092,0.0,1.0,0.0,0.0
3093,0.0,1.0,0.0,0.0
3094,0.1,0.0,0.02,0.88
3095,0.0,0.0,0.04,0.96
3096,0.16,0.08,0.76,0.0
3097,0.0,0.0,1.0,0.0
3098,0.12,0.0,0.02,0.86
3099,0.0,0.0,0.02,0.98
3100,0.0,1.0,0.0,0.0
3101,0.06,0.0,0.0,0.94
3102,0.0,0.98,0.02,0.0
3103,0.98,0.0,0.0,0.02
3104,0.94,0.04,0.02,0.0
3105,0.04,0.0,0.68,0.28
3106,0.02,0.0,0.98,0.0
3107,0.88,0.0,0.1,0.02
3108,0.0,0.0,1.0,0.0
3109,1.0,0.0,0.0,0.0
3110,0.0,0.0,0.0,1.0
3111,0.0,1.0,0.0,0.0
3112,0.96,0.04,0.0,0.0
3113,0.0,0.0,1.0,0.0
3114,0.0,0.98,0.02,0.0
3115,0.0,0.98,0.0,0.02
3116,0.0,1.0,0.0,0.0
3117,0.0,0.92,0.06,0.02
3118,0.0,1.0,0.0,0.0
3119,0.0,0.96,0.04,0.0
3120,0.0,1.0,0.0,0.0
3121,0.94,0.0,0.0,0.06
3122,0.12,0.0,0.0,0.88
3123,0.0,0.08,0.92,0.0
3124,0.76,0.0,0.0,0.24
3125,0.0,0.98,0.02,0.0
3126,0.0,0.96,0.04,0.0
3127,0.0,0.0,0.06,0.94
3128,0.0,1.0,0.0,0.0
3129,0.78,0.08,0.02,0.12
3130,0.0,1.0,0.0,0.0
3131,0.94,0.0,0.06,0.0
3132,0.0,0.94,0.06,0.0
3133,0.96,0.0,0.04,0.0
3134,0.0,0.0,0.98,0.02
3135,0.7,0.0,0.16,0.14
3136,0.0,1.0,0.0,0.0
3137,0.0,1.0,0.0,0.0
3138,0.0,0.98,0.02,0.0
3139,0.06,0.02,0.0,0.92
3140,0.0,0.0,1.0,0.0
3141,0.0,1.0,0.0,0.0
3142,0.14,0.86,0.0,0.0
3143,0.0,1.0,0.0,0.0
3144,0.0,0.96,0.04,0.0
3145,0.96,0.02,0.0,0.02
3146,0.02,0.02,0.92,0.04
3147,0.88,0.04,0.06,0.02
3148,0.92,0.06,0.0,0.02
3149,0.0,1.0,0.0,0.0
3150,0.02,0.0,0.12,0.86
3151,0.06,0.0,0.0,0.94
3152,0.06,0.82,0.12,0.0
3153,0.02,0.96,0.02,0.0
3154,0.12,0.88,0.0,0.0
3155,0.0,0.98,0.02,0.0
3156,0.0,0.9795180722891567,0.0004819277108433735,0.02
3157,0.92,0.0,0.0,0.08
3158,0.02,0.92,0.04,0.02
3159,0.0,0.98,0.02,0.0
3160,0.02,0.02,0.94,0.02
3161,0.02,0.0,0.98,0.0
3162,0.0,0.0,0.96,0.04
3163,0.02,0.0,0.0,0.98
3164,0.9,0.02,0.02,0.06
3165,0.76,0.02,0.04,0.18
3166,0.1,0.0,0.02,0.88
3167,0.0,0.0,0.06,0.94
3168,0.02,0.06,0.92,0.0
3169,0.04,0.0,0.0,0.96
3170,0.0,1.0,0.0,0.0
3171,0.14,0.22,0.02,0.62
3172,0.0,0.96,0.04,0.0
3173,0.06,0.04,0.88,0.02
3174,0.0,0.0,0.0,1.0
3175,0.9,0.02,0.06,0.02
3176,0.0,1.0,0.0,0.0
3177,0.0,0.0,1.0,0.0
3178,0.04,0.0,0.0,0.96
3179,0.02,0.0,0.96,0.02
3180,0.0,0.08,0.3,0.62
3181,0.12,0.74,0.06,0.08
3182,0.0,0.96,0.0,0.04
3183,0.0,0.9995180722891567,0.0004819277108433735,0.0
3184,0.96,0.0,0.02,0.02
3185,0.0,0.98,0.02,0.0
3186,0.1,0.02,0.82,0.06
3187,0.02,0.0,0.78,0.2
3188,0.0,0.96,0.04,0.0
3189,0.22,0.0,0.02,0.76
3190,0.0,0.08,0.88,0.04
3191,0.0,1.0,0.0,0.0
3192,0.0,0.0,0.04,0.96
3193,0.0,0.0,0.98,0.02
3194,0.1,0.84,0.04,0.02
3195,0.08,0.04,0.88,0.0
3196,0.0,0.0,0.04,0.96
3197,0.0,1.0,0.0,0.0
3198,0.0,0.0,1.0,0.0
3199,0.0,0.02,0.94,0.04
3200,0.86,0.0,0.0,0.14
3201,0.02,0.0,0.94,0.04
3202,0.04,0.0,0.0,0.96
3203,0.0,0.96,0.04,0.0
3204,0.0,1.0,0.0,0.0
3205,0.04,0.0,0.02,0.94
3206,0.0,0.0,0.9,0.1
3207,0.0,0.0,1.0,0.0
3208,0.02,0.04,0.94,0.0
3209,0.06,0.0,0.94,0.0
3210,0.0,0.0,0.06,0.94
3211,0.88,0.0,0.02,0.1
3212,0.06,0.9,0.04,0.0
3213,0.0,1.0,0.0,0.0
3214,0.0,0.98,0.0,0.02
3215,0.9,0.06,0.0,0.04
3216,0.0,0.98,0.02,0.0
3217,0.08,0.0,0.02,0.9
3218,0.0,0.98,0.02,0.0
3219,0.04,0.94,0.0,0.02
3220,0.8,0.08,0.06,0.06
3221,0.04,0.0,0.94,0.02
3222,0.06,0.0,0.92,0.02
3223,0.0,0.0,1.0,0.0
3224,0.9,0.0,0.06,0.04
3225,0.0,0.0,0.0,1.0
3226,0.02,0.0,0.98,0.0
3227,0.1,0.04,0.0,0.86
3228,0.0,0.98,0.0,0.02
3229,0.08,0.0,0.04,0.88
3230,0.0,1.0,0.0,0.0
3231,0.86,0.0,0.04,0.1
3232,0.0,0.0,0.0,1.0
3233,0.96,0.0,0.02,0.02
3234,0.0,1.0,0.0,0.0
3235,0.1,0.12,0.78,0.0
3236,0.8,0.0,0.0,0.2
3237,0.06,0.0,0.08,0.86
3238,0.0,0.2,0.8,0.0
3239,0.92,0.0,0.04,0.04
3240,0.12,0.04,0.04,0.8
3241,0.0,1.0,0.0,0.0
3242,0.1,0.9,0.0,0.0
3243,0.76,0.02,0.0,0.22
3244,0.66,0.26,0.04,0.04
3245,0.0,0.9795180722891567,0.0004819277108433735,0.02
3246,0.0,1.0,0.0,0.0
3247,0.0,0.0,0.04,0.96
3248,0.0,1.0,0.0,0.0
3249,0.0,1.0,0.0,0.0
3250,0.0,0.0,0.1,0.9
3251,0.0,0.98,0.0,0.02
3252,0.08,0.02,0.88,0.02
3253,0.0,0.0,0.02,0.98
3254,0.0,0.92,0.08,0.0
3255,0.06,0.0,0.02,0.92
3256,0.0,0.98,0.02,0.0
3257,0.0,0.02,0.04,0.94
3258,0.04,0.0,0.94,0.02
3259,0.92,0.0,0.02,0.06
3260,0.0,0.98,0.0,0.02
3261,0.06,0.0,0.0,0.94
3262,0.02,0.0,0.0,0.98
3263,0.0,1.0,0.0,0.0
3264,0.04,0.96,0.0,0.0
3265,0.0,0.92,0.08,0.0
3266,0.0,0.98,0.02,0.0
3267,0.82,0.0,0.1,0.08
3268,0.0,1.0,0.0,0.0
3269,0.0,0.0,1.0,0.0
3270,0.0,1.0,0.0,0.0
3271,0.0,1.0,0.0,0.0
3272,0.0,0.98,0.02,0.0
3273,0.22,0.02,0.02,0.74
3274,0.0,1.0,0.0,0.0
3275,0.16,0.04,0.0,0.8
3276,0.04,0.02,0.0,0.94
3277,0.0,0.0,1.0,0.0
3278,0.0,0.14,0.86,0.0
3279,0.78,0.12,0.06,0.04
3280,0.0,0.0,0.98,0.02
3281,0.04,0.12,0.84,0.0
3282,0.2,0.0,0.02,0.78
3283,0.08,0.04,0.0,0.88
3284,0.0,0.98,0.02,0.0
3285,0.02,0.0,0.94,0.04
3286,0.02,0.0,0.08,0.9
3287,0.0,0.98,0.0,0.02
3288,0.94,0.02,0.02,0.02
3289,0.0,1.0,0.0,0.0
3290,0.14,0.86,0.0,0.0
3291,0.9,0.0,0.0,0.1
3292,0.0,1.0,0.0,0.0
3293,0.86,0.04,0.02,0.08
3294,0.84,0.02,0.0,0.14
3295,0.9,0.0,0.04,0.06
3296,0.0,0.98,0.0,0.02
3297,0.02,0.94,0.02,0.02
3298,1.0,0.0,0.0,0.0
3299,0.0,1.0,0.0,0.0
3300,0.0,0.0,1.0,0.0
3301,0.0,0.0,1.0,0.0
3302,0.02,0.02,0.0,0.96
3303,0.0,0.98,0.02,0.0
3304,0.04,0.0,0.06,0.9
3305,0.0,0.02,0.96,0.02
3306,0.14,0.02,0.04,0.8
3307,0.82,0.02,0.02,0.14
3308,0.04,0.0,0.96,0.0
3309,0.0,0.97,0.03,0.0
3310,0.04,0.0,0.0,0.96
3311,0.0,0.96,0.04,0.0
3312,0.0,0.02,0.98,0.0
3313,0.82,0.02,0.0,0.16
3314,0.0,0.94,0.02,0.04
3315,0.06,0.9,0.04,0.0
3316,0.0,0.0,1.0,0.0
3317,0.1,0.0,0.08,0.82
3318,0.18,0.0,0.0,0.82
3319,0.1,0.04,0.02,0.84
3320,0.0,0.9,0.1,0.0
3321,0.0,1.0,0.0,0.0
3322,0.0,0.98,0.02,0.0
3323,0.04,0.02,0.94,0.0
3324,0.0,0.98,0.02,0.0
3325,0.0,0.0,1.0,0.0
3326,0.0,1.0,0.0,0.0
3327,0.0,1.0,0.0,0.0
3328,0.0,0.0,1.0,0.0
3329,0.86,0.02,0.0,0.12
3330,0.02,0.98,0.0,0.0
3331,0.0,1.0,0.0,0.0
3332,0.0,0.98,0.02,0.0
3333,0.0,0.14,0.84,0.02
3334,0.02,0.0,0.0,0.98
3335,0.04,0.0,0.72,0.24
3336,0.0,0.94,0.04,0.02
3337,0.02,0.02,0.18,0.78
3338,0.88,0.0,0.04,0.08
3339,0.02,0.98,0.0,0.0
3340,0.18,0.78,0.04,0.0
3341,0.94,0.02,0.04,0.0
3342,0.0,0.98,0.0,0.02
3343,0.08,0.84,0.08,0.0
3344,0.96,0.0,0.04,0.0
3345,0.0,0.98,0.02,0.0
3346,0.0,1.0,0.0,0.0
3347,0.02,0.0,0.0,0.98
3348,0.0,0.98,0.02,0.0
3349,0.86,0.02,0.0,0.12
3350,0.0,0.04,0.96,0.0
3351,0.16,0.0,0.0,0.84
3352,0.08,0.02,0.0,0.9
3353,0.0,0.0,0.04,0.96
3354,0.68,0.0,0.32,0.0
3355,0.06,0.0,0.0,0.94
3356,0.04,0.08,0.88,0.0
3357,0.0,0.98,0.02,0.0
3358,0.0,0.98,0.02,0.0
3359,0.0,1.0,0.0,0.0
3360,0.02,0.94,0.04,0.0
3361,0.22,0.0,0.0,0.78
3362,0.08,0.0,0.02,0.9
3363,0.04,0.0,0.96,0.0
3364,0.02,0.02,0.96,0.0
3365,0.76,0.04,0.1,0.1
3366,0.04,0.0,0.76,0.2
3367,0.02,0.06,0.9,0.02
3368,0.02,0.0,0.98,0.0
3369,0.0,1.0,0.0,0.0
3370,0.0,0.0,0.98,0.02
3371,0.92,0.0,0.06,0.02
3372,0.06,0.0,0.84,0.1
3373,0.0,0.0,0.02,0.98
3374,0.02,0.0,0.68,0.3
3375,0.9,0.0,0.08,0.02
3376,0.76,0.22,0.0,0.02
3377,0.12,0.0,0.82,0.06
3378,0.0,0.0,1.0,0.0
3379,0.94,0.0,0.0,0.06
3380,0.94,0.02,0.02,0.02
3381,0.0,0.0,0.0,1.0
3382,0.0,0.94,0.04,0.02
3383,0.0,0.94,0.06,0.0
3384,0.82,0.02,0.02,0.14
3385,0.04,0.08,0.88,0.0
3386,0.02,0.0,0.0,0.98
3387,0.74,0.0,0.0,0.26
3388,0.96,0.0,0.02,0.02
3389,0.92,0.02,0.02,0.04
3390,0.04,0.0,0.02,0.94
3391,0.78,0.06,0.08,0.08
3392,0.0,0.98,0.02,0.0
3393,0.0,1.0,0.0,0.0
3394,0.06,0.0,0.02,0.92
3395,0.94,0.04,0.0,0.02
3396,0.02,0.0,0.06,0.92
3397,0.96,0.0,0.02,0.02
3398,0.02,0.8,0.18,0.0
3399,0.0,0.0,0.0,1.0
3400,0.9,0.0,0.02,0.08
3401,0.06,0.0,0.06,0.88
3402,0.86,0.02,0.0,0.12
3403,0.02,0.0,0.98,0.0
3404,0.1,0.14,0.02,0.74
3405,0.0,0.88,0.08,0.04
3406,0.0,0.0,1.0,0.0
3407,0.0,0.98,0.02,0.0
3408,0.0,1.0,0.0,0.0
3409,0.0,0.0,0.0,1.0
3410,0.0,0.98,0.02,0.0
3411,0.06,0.9,0.04,0.0
3412,0.04,0.0,0.92,0.04
3413,0.0,0.9795180722891567,0.020481927710843374,0.0
3414,0.0,0.0,1.0,0.0
3415,0.0,1.0,0.0,0.0
3416,0.02,0.0,0.06,0.92
3417,0.04,0.88,0.08,0.0
3418,0.0,1.0,0.0,0.0
3419,0.08,0.04,0.0,0.88
3420,0.04,0.02,0.0,0.94
3421,0.94,0.0,0.02,0.04
3422,0.12,0.02,0.0,0.86
3423,0.02,0.98,0.0,0.0
3424,0.18,0.0,0.0,0.82
3425,0.02,0.96,0.02,0.0
3426,0.02,0.94,0.04,0.0
3427,0.0,0.94,0.06,0.0
3428,0.0,1.0,0.0,0.0
3429,0.0,0.0,0.02,0.98
3430,0.92,0.0,0.02,0.06
3431,0.92,0.0,0.08,0.0
3432,0.02,0.0,0.98,0.0
3433,0.94,0.0,0.0,0.06
3434,0.08,0.02,0.0,0.9
3435,0.02,0.94,0.02,0.02
3436,0.0,0.0,0.06,0.94
3437,0.06,0.0,0.04,0.9
3438,0.94,0.0,0.06,0.0
3439,0.72,0.02,0.04,0.22
3440,0.0,1.0,0.0,0.0
3441,0.2,0.02,0.74,0.04
3442,0.96,0.0,0.02,0.02
3443,0.0,0.02,0.02,0.96
3444,0.04,0.16,0.8,0.0
3445,0.0,0.92,0.08,0.0
3446,0.86,0.02,0.06,0.06
3447,0.0,1.0,0.0,0.0
3448,0.0,1.0,0.0,0.0
3449,0.0,0.96,0.04,0.0
3450,0.04,0.04,0.02,0.9
3451,0.38,0.0,0.62,0.0
3452,0.0,1.0,0.0,0.0
3453,0.0,1.0,0.0,0.0
3454,0.02,0.0,0.0,0.98
3455,0.02,0.0,0.06,0.92
3456,0.0,0.0,1.0,0.0
3457,0.0,1.0,0.0,0.0
3458,0.08,0.02,0.0,0.9
3459,0.04,0.04,0.92,0.0
3460,0.0,0.98,0.02,0.0
3461,0.98,0.0,0.02,0.0
3462,0.16,0.0,0.02,0.82
3463,0.0,1.0,0.0,0.0
3464,0.0,0.94,0.06,0.0
3465,0.0,1.0,0.0,0.0
3466,0.0,0.0,0.02,0.98
3467,0.04,0.94,0.0,0.02
3468,0.0,0.0,1.0,0.0
3469,0.0,1.0,0.0,0.0
3470,0.0,0.96,0.02,0.02
3471,0.02,0.9795180722891567,0.0004819277108433735,0.0
3472,0.02,0.98,0.0,0.0
3473,0.0,0.36,0.6,0.04
3474,0.0,0.0,0.1,0.9
3475,0.04,0.9,0.04,0.02
3476,0.02,0.0,0.92,0.06
3477,0.0,1.0,0.0,0.0
3478,0.06,0.02,0.14,0.78
3479,0.02,0.94,0.04,0.0
3480,0.0,0.0,0.02,0.98
3481,0.04,0.0,0.0,0.96
3482,0.08,0.0,0.0,0.92
3483,0.12,0.0,0.02,0.86
3484,0.0,0.98,0.02,0.0
3485,0.0,0.96,0.04,0.0
3486,0.0,0.98,0.02,0.0
3487,0.14,0.0,0.86,0.0
3488,0.06,0.82,0.08,0.04
3489,0.0,1.0,0.0,0.0
3490,0.88,0.0,0.0,0.12
3491,0.02,0.0,0.98,0.0
3492,0.0,0.0,0.02,0.98
3493,0.02,0.94,0.04,0.0
3494,0.0,0.0,0.04,0.96
3495,0.04,0.08,0.86,0.02
3496,0.0,1.0,0.0,0.0
3497,0.12,0.78,0.06,0.04
3498,0.02,0.94,0.04,0.0
3499,0.0,1.0,0.0,0.0
3500,0.78,0.02,0.0,0.2
3501,0.88,0.0,0.0,0.12
3502,0.98,0.0,0.02,0.0
3503,0.0,1.0,0.0,0.0
3504,0.0,0.0,0.98,0.02
3505,0.0,0.0,1.0,0.0
3506,0.02,0.0,0.98,0.0
3507,0.0,0.0,1.0,0.0
3508,0.04,0.84,0.08,0.04
3509,0.0,1.0,0.0,0.0
3510,0.0,0.02,0.98,0.0
3511,0.02,0.0,0.92,0.06
3512,0.0,0.98,0.0,0.02
3513,0.16,0.0,0.82,0.02
3514,0.24,0.02,0.74,0.0
3515,0.24,0.02,0.0,0.74
3516,0.06,0.0,0.0,0.94
3517,0.0,1.0,0.0,0.0
3518,0.0,1.0,0.0,0.0
3519,0.02,0.0,0.02,0.96
3520,0.84,0.02,0.1,0.04
3521,0.0,0.0,1.0,0.0
3522,0.04,0.02,0.86,0.08
3523,0.0,0.0,1.0,0.0
3524,0.0,0.0,1.0,0.0
3525,0.02,0.98,0.0,0.0
3526,0.82,0.12,0.04,0.02
3527,0.0,0.02,0.02,0.96
3528,0.92,0.0,0.0,0.08
3529,0.0,1.0,0.0,0.0
3530,0.04,0.0,0.96,0.0
3531,0.0,1.0,0.0,0.0
3532,0.02,0.0,0.96,0.02
3533,0.0,0.0,0.02,0.98
3534,0.0,0.0,1.0,0.0
3535,0.0,1.0,0.0,0.0
3536,0.04,0.9,0.04,0.02
3537,0.88,0.0,0.04,0.08
3538,0.94,0.0,0.02,0.04
3539,0.04,0.04,0.0,0.92
3540,0.0,0.94,0.06,0.0
3541,0.0,0.0,1.0,0.0
3542,0.02,0.0,0.02,0.96
3543,0.94,0.0,0.0,0.06
3544,0.22,0.02,0.74,0.02
3545,0.02,0.96,0.02,0.0
3546,0.0,1.0,0.0,0.0
3547,0.94,0.02,0.02,0.02
3548,0.0,0.98,0.02,0.0
3549,0.88,0.12,0.0,0.0
3550,0.02,0.24,0.74,0.0
3551,0.0,0.0,0.02,0.98
3552,0.08,0.0,0.02,0.9
3553,0.66,0.02,0.04,0.28
3554,0.0,0.0,0.0,1.0
3555,0.0,0.82,0.16,0.02
3556,0.0,0.98,0.02,0.0
3557,0.04,0.0,0.96,0.0
3558,0.02,0.0,0.06,0.92
3559,0.02,0.94,0.04,0.0
3560,0.0,0.02,0.98,0.0
3561,0.16,0.0,0.0,0.84
3562,0.0,1.0,0.0,0.0
3563,0.72,0.0,0.04,0.24
3564,0.0,1.0,0.0,0.0
3565,0.0,1.0,0.0,0.0
3566,0.0,0.98,0.02,0.0
3567,0.06,0.0,0.88,0.06
3568,0.92,0.0,0.08,0.0
3569,0.0,1.0,0.0,0.0
3570,0.28,0.66,0.02,0.04
3571,0.0,0.98,0.02,0.0
3572,0.0,0.0,0.12,0.88
3573,0.06,0.02,0.88,0.04
3574,0.04,0.02,0.94,0.0
3575,0.86,0.0,0.12,0.02
3576,0.0,0.0,0.98,0.02
3577,0.06,0.1,0.84,0.0
3578,0.0,0.98,0.0,0.02
3579,0.0,1.0,0.0,0.0
3580,0.06,0.0,0.88,0.06
3581,0.0,0.0,0.0,1.0
3582,0.0,1.0,0.0,0.0
3583,0.88,0.12,0.0,0.0
3584,0.02,0.0,0.82,0.16
3585,1.0,0.0,0.0,0.0
3586,0.02,0.0,0.08,0.9
3587,0.94,0.0,0.02,0.04
3588,0.9,0.0,0.0,0.1
3589,0.02,0.9595180722891566,0.0004819277108433735,0.02
3590,0.0,0.9995180722891567,0.0004819277108433735,0.0
3591,0.0,0.0,0.98,0.02
3592,0.92,0.04,0.04,0.0
3593,0.0,0.98,0.0,0.02
3594,0.96,0.0,0.04,0.0
3595,1.0,0.0,0.0,0.0
3596,0.06,0.02,0.02,0.9
3597,0.96,0.0,0.02,0.02
3598,0.0,0.98,0.02,0.0
3599,0.0,0.0,1.0,0.0
3600,0.14,0.8,0.02,0.04
3601,0.0,0.0,0.0,1.0
3602,0.0,0.0,1.0,0.0
3603,0.0,0.0,0.06,0.94
3604,0.0,1.0,0.0,0.0
3605,0.92,0.02,0.06,0.0
3606,0.0,0.0,0.76,0.24
3607,0.0,0.98,0.02,0.0
3608,0.04,0.0,0.04,0.92
3609,0.24,0.02,0.0,0.74
3610,0.06,0.0,0.0,0.94
3611,0.94,0.0,0.06,0.0
3612,0.0,1.0,0.0,0.0
3613,0.0,0.96,0.04,0.0
3614,0.08,0.04,0.02,0.86
3615,0.0,0.0,0.02,0.98
3616,0.0,0.0,0.96,0.04
3617,0.08,0.0,0.88,0.04
3618,0.06,0.0,0.02,0.92
3619,0.18,0.0,0.1,0.72
3620,0.0,0.0,0.96,0.04
3621,0.02,0.0,0.98,0.0
3622,0.0,1.0,0.0,0.0
3623,0.08,0.02,0.02,0.88
3624,0.0,0.0,1.0,0.0
3625,0.0,0.96,0.02,0.02
3626,0.02,0.98,0.0,0.0
3627,0.0,0.0,0.76,0.24
3628,0.0,1.0,0.0,0.0
3629,0.0,0.0,1.0,0.0
3630,0.0,1.0,0.0,0.0
3631,0.0,1.0,0.0,0.0
3632,0.02,0.0,0.04,0.94
3633,0.0,1.0,0.0,0.0
3634,0.0,0.0,0.02,0.98
3635,0.0,0.96,0.04,0.0
3636,0.22,0.72,0.04,0.02
3637,0.92,0.0,0.06,0.02
3638,0.26,0.0,0.02,0.72
3639,0.84,0.04,0.0,0.12
3640,0.0,1.0,0.0,0.0
3641,0.0,0.0,1.0,0.0
3642,0.0,0.0,0.98,0.02
3643,0.2,0.06,0.72,0.02
3644,0.88,0.0,0.0,0.12
3645,0.0,1.0,0.0,0.0
3646,0.92,0.08,0.0,0.0
3647,0.0,0.96,0.04,0.0
3648,0.02,0.92,0.04,0.02
3649,0.94,0.02,0.02,0.02
3650,0.06,0.94,0.0,0.0
3651,0.0,0.0,0.96,0.04
3652,0.92,0.0,0.08,0.0
3653,0.0,0.0,1.0,0.0
3654,0.92,0.0,0.06,0.02
3655,0.82,0.0,0.14,0.04
3656,0.0,0.94,0.02,0.04
3657,0.1,0.74,0.04,0.12
3658,0.94,0.0,0.06,0.0
3659,0.0,0.9195180722891567,0.06048192771084337,0.02
3660,0.1,0.0,0.08,0.82
3661,0.0,0.12,0.86,0.02
3662,0.02,0.0,0.94,0.04
3663,0.1,0.0,0.04,0.86
3664,0.98,0.0,0.02,0.0
3665,0.02,0.02,0.9,0.06
3666,0.02,0.98,0.0,0.0
3667,0.94,0.02,0.04,0.0
3668,0.04,0.02,0.92,0.02
3669,0.04,0.0,0.96,0.0
3670,0.02,0.74,0.18,0.06
3671,0.02,0.96,0.0,0.02
3672,0.02,0.0,0.98,0.0
3673,0.0,0.0,0.0,1.0
3674,0.8,0.02,0.02,0.16
3675,0.0,0.0,1.0,0.0
3676,0.06,0.0,0.0,0.94
3677,0.0,1.0,0.0,0.0
3678,0.22,0.08,0.02,0.68
3679,0.08,0.9,0.02,0.0
3680,0.94,0.02,0.04,0.0
3681,0.0,0.0,0.0,1.0
3682,0.0,0.86,0.14,0.0
3683,0.98,0.0,0.0,0.02
3684,0.0,1.0,0.0,0.0
3685,0.0,1.0,0.0,0.0
3686,0.88,0.0,0.02,0.1
3687,0.02,0.06,0.92,0.0
3688,0.06,0.04,0.0,0.9
3689,0.0,1.0,0.0,0.0
3690,0.0,0.06,0.94,0.0
3691,0.0,1.0,0.0,0.0
3692,0.0,1.0,0.0,0.0
3693,0.04,0.12,0.8,0.04
3694,0.04,0.0,0.0,0.96
3695,0.0,1.0,0.0,0.0
3696,0.0,1.0,0.0,0.0
3697,0.1,0.02,0.0,0.88
3698,0.18,0.78,0.04,0.0
3699,0.0,0.0,0.96,0.04
3700,0.0,0.92,0.02,0.06
3701,0.0,1.0,0.0,0.0
3702,0.84,0.02,0.0,0.14
3703,0.06,0.92,0.0,0.02
3704,0.9,0.0,0.06,0.04
3705,0.1,0.0,0.06,0.84
3706,0.94,0.0,0.02,0.04
3707,0.04,0.0,0.96,0.0
3708,0.0,0.0,0.92,0.08
3709,0.0,0.98,0.02,0.0
3710,0.0,1.0,0.0,0.0
3711,0.04,0.0,0.04,0.92
3712,0.0,0.0,1.0,0.0
3713,0.86,0.08,0.04,0.02
3714,0.0,1.0,0.0,0.0
3715,0.0,0.22,0.1,0.68
3716,0.0,0.0,0.98,0.02
3717,0.0,0.98,0.02,0.0
3718,0.0,0.98,0.02,0.0
3719,0.06,0.04,0.04,0.86
3720,0.92,0.02,0.02,0.04
3721,0.0,0.0,0.98,0.02
3722,0.0,0.0,0.02,0.98
3723,0.02,0.0,0.0,0.98
3724,0.0,1.0,0.0,0.0
3725,0.04,0.02,0.74,0.2
3726,0.02,0.0,0.02,0.96
3727,0.0,1.0,0.0,0.0
3728,0.7,0.0,0.02,0.28
3729,0.92,0.0,0.02,0.06
3730,0.0,1.0,0.0,0.0
3731,0.02,0.98,0.0,0.0
3732,0.96,0.0,0.02,0.02
3733,0.16,0.04,0.06,0.74
3734,0.02,0.98,0.0,0.0
3735,0.0,1.0,0.0,0.0
3736,0.02,0.94,0.02,0.02
3737,0.04,0.96,0.0,0.0
3738,0.06,0.92,0.02,0.0
3739,0.8,0.04,0.04,0.12
3740,0.0,0.98,0.02,0.0
3741,0.0,0.0,0.96,0.04
3742,0.04,0.0,0.96,0.0
3743,0.0,0.0,1.0,0.0
3744,0.02,0.22,0.76,0.0
3745,0.0,0.98,0.0,0.02
3746,0.04,0.22,0.74,0.0
3747,0.06,0.02,0.02,0.9
3748,0.98,0.0,0.0,0.02
3749,1.0,0.0,0.0,0.0
3750,0.86,0.0,0.02,0.12
3751,0.0,1.0,0.0,0.0
3752,0.0,0.28,0.72,0.0
3753,0.92,0.02,0.04,0.02
3754,0.02,0.0,0.08,0.9
3755,0.0,0.98,0.02,0.0
3756,0.04,0.0,0.0,0.96
3757,0.04,0.02,0.94,0.0
3758,0.1,0.0,0.86,0.04
3759,0.0,0.0,1.0,0.0
3760,0.14,0.02,0.0,0.84
3761,0.0,1.0,0.0,0.0
3762,0.0,0.0,0.02,0.98
3763,0.0,0.9795180722891567,0.020481927710843374,0.0
3764,0.0,0.96,0.04,0.0
3765,0.02,0.0,0.04,0.94
3766,0.0,1.0,0.0,0.0
3767,0.04,0.0,0.02,0.94
3768,0.0,1.0,0.0,0.0
3769,0.0,0.0,0.0,1.0
3770,0.0,0.0,1.0,0.0
3771,0.88,0.0,0.04,0.08
3772,0.0,0.98,0.02,0.0
3773,0.0,1.0,0.0,0.0
3774,0.92,0.0,0.02,0.06
3775,0.0,1.0,0.0,0.0
3776,0.0,1.0,0.0,0.0
3777,0.0,0.0,0.02,0.98
3778,0.22,0.0,0.76,0.02
3779,0.96,0.0,0.04,0.0
3780,0.06,0.88,0.0,0.06
3781,0.0,0.96,0.04,0.0
3782,0.0,1.0,0.0,0.0
3783,0.0,0.98,0.02,0.0
3784,0.0,1.0,0.0,0.0
3785,0.0,0.02,0.94,0.04
3786,0.0,0.04,0.94,0.02
3787,0.04,0.0,0.94,0.02
3788,0.14,0.0,0.82,0.04
3789,0.0,0.98,0.02,0.0
3790,0.06,0.0,0.02,0.92
3791,0.02,0.0,0.94,0.04
3792,0.02,0.94,0.04,0.0
3793,0.0,0.02,0.06,0.92
3794,0.7,0.06,0.04,0.2
3795,0.06,0.0,0.94,0.0
3796,0.0,0.98,0.02,0.0
3797,0.0,0.98,0.02,0.0
3798,0.0,0.02,0.96,0.02
3799,0.84,0.1,0.0,0.06
3800,0.02,0.02,0.06,0.9
3801,0.02,0.02,0.9,0.06
3802,0.0,0.98,0.02,0.0
3803,0.0,0.02,0.98,0.0
3804,0.08,0.02,0.02,0.88
3805,0.0,0.96,0.0,0.04
3806,0.0,0.88,0.1,0.02
3807,0.0,1.0,0.0,0.0
3808,0.0,0.98,0.0,0.02
3809,0.92,0.0,0.08,0.0
3810,0.92,0.06,0.0,0.02
3811,0.96,0.0,0.04,0.0
3812,0.0,0.02,0.04,0.94
3813,0.12,0.02,0.0,0.86
3814,0.0,1.0,0.0,0.0
3815,0.74,0.02,0.04,0.2
3816,0.0,0.0,1.0,0.0
3817,0.0,0.98,0.02,0.0
3818,0.0,0.0,0.02,0.98
3819,0.06,0.06,0.82,0.06
3820,0.02,0.02,0.02,0.94
3821,0.0,0.0,1.0,0.0
3822,0.04,0.0,0.06,0.9
3823,0.94,0.06,0.0,0.0
3824,0.0,0.98,0.02,0.0
3825,0.0,1.0,0.0,0.0
3826,0.0,1.0,0.0,0.0
3827,0.88,0.0,0.08,0.04
3828,0.96,0.02,0.02,0.0
3829,0.0,0.0,0.96,0.04
3830,0.0,1.0,0.0,0.0
3831,0.0,0.9795180722891567,0.020481927710843374,0.0
3832,0.0,0.32,0.62,0.06
3833,0.16,0.0,0.02,0.82
3834,0.02,0.42,0.56,0.0
3835,0.04,0.0,0.88,0.08
3836,0.98,0.0,0.0,0.02
3837,0.04,0.0,0.02,0.94
3838,0.84,0.12,0.0,0.04
3839,0.9,0.0,0.08,0.02
3840,0.08,0.0,0.04,0.88
3841,0.0,0.02,0.02,0.96
3842,0.0,0.0,1.0,0.0
3843,0.0,1.0,0.0,0.0
3844,0.12,0.86,0.0,0.02
3845,0.06,0.0,0.04,0.9
3846,0.9,0.0,0.02,0.08
3847,0.0,1.0,0.0,0.0
3848,0.06,0.0,0.92,0.02
3849,0.0,0.98,0.0,0.02
3850,0.0,0.98,0.02,0.0
3851,0.0,0.9795180722891567,0.020481927710843374,0.0
3852,0.0,1.0,0.0,0.0
3853,0.02,0.0,0.98,0.0
3854,0.9,0.0,0.08,0.02
3855,0.16,0.02,0.0,0.82
3856,0.98,0.0,0.02,0.0
3857,0.02,0.98,0.0,0.0
3858,0.02,0.0,0.06,0.92
3859,0.86,0.06,0.04,0.04
3860,0.0,0.0,0.0,1.0
3861,0.0,0.96,0.04,0.0
3862,0.0,0.94,0.04,0.02
3863,0.0,1.0,0.0,0.0
3864,0.0,1.0,0.0,0.0
3865,0.0,0.0,1.0,0.0
3866,0.0,0.98,0.0,0.02
3867,0.0,0.0,0.06,0.94
3868,0.0,1.0,0.0,0.0
3869,0.04,0.02,0.04,0.9
3870,0.0,1.0,0.0,0.0
3871,0.0,0.98,0.02,0.0
3872,0.02,0.0,0.96,0.02
3873,0.0,0.0,0.0,1.0
3874,0.02,0.9,0.08,0.0
3875,0.0,0.96,0.02,0.02
3876,0.0,0.96,0.04,0.0
3877,0.0,0.98,0.02,0.0
3878,0.04,0.0,0.04,0.92
3879,0.0,0.0,0.98,0.02
3880,0.02,0.04,0.94,0.0
3881,0.0,0.0,1.0,0.0
3882,0.0,1.0,0.0,0.0
3883,0.04,0.08,0.82,0.06
3884,0.0,1.0,0.0,0.0
3885,0.04,0.02,0.02,0.92
3886,0.0,0.0,1.0,0.0
3887,0.0,1.0,0.0,0.0
3888,0.0,1.0,0.0,0.0
3889,0.08,0.92,0.0,0.0
3890,0.0,1.0,0.0,0.0
3891,0.0,1.0,0.0,0.0
3892,0.0,0.98,0.02,0.0
3893,0.0,0.0,0.0,1.0
3894,0.08,0.02,0.0,0.9
3895,0.0,1.0,0.0,0.0
3896,0.0,0.98,0.02,0.0
3897,0.0,1.0,0.0,0.0
3898,0.0,1.0,0.0,0.0
3899,0.04,0.96,0.0,0.0
3900,0.0,0.04,0.96,0.0
3901,0.0,1.0,0.0,0.0
3902,0.04,0.9,0.04,0.02
3903,0.0,0.9,0.08,0.02
3904,0.0,0.98,0.02,0.0
3905,0.04,0.02,0.0,0.94
3906,0.0,0.94,0.06,0.0
3907,0.04,0.0,0.94,0.02
3908,0.16,0.02,0.0,0.82
3909,0.02,0.02,0.0,0.96
3910,0.1,0.02,0.02,0.86
3911,0.86,0.02,0.0,0.12
3912,0.82,0.0,0.04,0.14
3913,0.82,0.0,0.0,0.18
3914,0.96,0.02,0.02,0.0
3915,0.02,0.92,0.04,0.02
3916,0.1,0.04,0.0,0.86
3917,0.02,0.0,0.0,0.98
3918,0.98,0.02,0.0,0.0
3919,0.04,0.0,0.94,0.02
3920,0.96,0.0,0.02,0.02
3921,0.0,0.0,0.02,0.98
3922,0.04,0.0,0.0,0.96
3923,0.98,0.0,0.02,0.0
3924,0.02,0.92,0.06,0.0
3925,0.02,0.94,0.04,0.0
3926,0.92,0.0,0.08,0.0
3927,0.86,0.04,0.0,0.1
3928,0.88,0.02,0.06,0.04
3929,0.0,1.0,0.0,0.0
3930,0.06,0.94,0.0,0.0
3931,0.0,0.96,0.02,0.02
3932,0.0,0.98,0.02,0.0
3933,0.0,0.0,0.0,1.0
3934,0.0,0.0,1.0,0.0
3935,0.0,0.98,0.02,0.0
3936,0.0,0.98,0.02,0.0
3937,0.02,0.98,0.0,0.0
3938,0.8,0.02,0.0,0.18
3939,0.02,0.0,0.98,0.0
3940,0.22,0.0,0.02,0.76
3941,0.0,0.96,0.0,0.04
3942,0.14,0.0,0.04,0.82
3943,0.06,0.0,0.0,0.94
3944,0.02,0.0,0.96,0.02
3945,0.92,0.0,0.0,0.08
3946,0.0,0.96,0.04,0.0
3947,0.88,0.06,0.06,0.0
3948,0.0,0.9795180722891567,0.020481927710843374,0.0
3949,0.08,0.02,0.72,0.18
3950,0.0,1.0,0.0,0.0
3951,0.02,0.02,0.0,0.96
3952,0.0,1.0,0.0,0.0
3953,0.04,0.92,0.0,0.04
3954,0.14,0.0,0.0,0.86
3955,0.04,0.02,0.02,0.92
3956,1.0,0.0,0.0,0.0
3957,0.8,0.02,0.0,0.18
3958,0.02,0.9595180722891566,0.020481927710843374,0.0
3959,0.0,0.0,0.0,1.0
3960,0.0,1.0,0.0,0.0
3961,0.0,0.96,0.02,0.02
3962,0.98,0.0,0.02,0.0
3963,0.08,0.02,0.02,0.88
3964,0.0,0.98,0.02,0.0
3965,0.04,0.0,0.04,0.92
3966,0.0,0.98,0.02,0.0
3967,0.02,0.04,0.94,0.0
3968,0.02,0.94,0.04,0.0
3969,0.02,0.04,0.02,0.92
3970,0.88,0.08,0.04,0.0
3971,0.9,0.02,0.02,0.06
3972,0.0,1.0,0.0,0.0
3973,0.94,0.0,0.06,0.0
3974,0.0,0.0,0.98,0.02
3975,0.0,0.98,0.0,0.02
3976,0.0,1.0,0.0,0.0
3977,0.0,1.0,0.0,0.0
3978,0.06,0.0,0.02,0.92
3979,0.0,0.96,0.04,0.0
3980,0.0,0.0,1.0,0.0
3981,0.0,0.0,0.06,0.94
3982,0.18,0.0,0.02,0.8
3983,0.16,0.84,0.0,0.0
3984,0.88,0.08,0.04,0.0
3985,0.0,1.0,0.0,0.0
3986,0.0,0.0,1.0,0.0
3987,0.9,0.06,0.04,0.0
3988,0.08,0.9,0.02,0.0
3989,0.96,0.0,0.02,0.02
3990,0.02,0.0,0.0,0.98
3991,0.0,0.96,0.04,0.0
3992,0.0,0.84,0.16,0.0
3993,0.0,0.0,0.08,0.92
3994,0.02,0.96,0.02,0.0
3995,0.06,0.0,0.02,0.92
3996,0.0,0.0,0.04,0.96
3997,0.82,0.18,0.0,0.0
3998,0.0,0.98,0.02,0.0
3999,0.0,1.0,0.0,0.0
4000,0.02,0.9,0.08,0.0
4001,0.0,0.94,0.04,0.02
4002,0.0,1.0,0.0,0.0
4003,0.0,1.0,0.0,0.0
4004,0.0,0.0,0.06,0.94
4005,0.0,1.0,0.0,0.0
4006,0.0,0.9795180722891567,0.020481927710843374,0.0
4007,0.92,0.08,0.0,0.0
4008,0.1,0.0,0.04,0.86
4009,0.0,1.0,0.0,0.0
4010,0.06,0.04,0.0,0.9
4011,0.9,0.02,0.04,0.04
4012,0.04,0.18,0.78,0.0
4013,0.88,0.0,0.0,0.12
4014,0.02,0.02,0.02,0.94
4015,0.06,0.06,0.02,0.86
4016,0.0,1.0,0.0,0.0
4017,0.0,1.0,0.0,0.0
4018,0.0,1.0,0.0,0.0
4019,0.92,0.04,0.04,0.0
4020,0.04,0.04,0.92,0.0
4021,0.1,0.02,0.0,0.88
4022,0.22,0.06,0.68,0.04
4023,0.16,0.0,0.0,0.84
4024,0.12,0.04,0.0,0.84
4025,0.0,0.98,0.02,0.0
4026,0.06,0.0,0.0,0.94
4027,0.0,1.0,0.0,0.0
4028,0.9,0.02,0.06,0.02
4029,0.74,0.0,0.0,0.26
4030,0.02,0.06,0.88,0.04
4031,0.18,0.0,0.02,0.8
4032,0.92,0.02,0.02,0.04
4033,0.0,0.98,0.02,0.0
4034,0.96,0.0,0.02,0.02
4035,0.98,0.0,0.02,0.0
4036,0.0,1.0,0.0,0.0
4037,0.06,0.9,0.02,0.02
4038,0.84,0.02,0.1,0.04
4039,0.0,0.26,0.74,0.0
4040,0.94,0.02,0.04,0.0
4041,0.0,1.0,0.0,0.0
4042,0.04,0.02,0.02,0.92
4043,0.06,0.0,0.0,0.94
4044,1.0,0.0,0.0,0.0
4045,0.98,0.0,0.0,0.02
4046,0.82,0.02,0.0,0.16
4047,0.9,0.0,0.1,0.0
4048,0.1,0.0,0.02,0.88
4049,0.02,0.14,0.8,0.04
4050,0.06,0.1,0.84,0.0
4051,0.0,0.86,0.14,0.0
4052,0.0,0.98,0.02,0.0
4053,0.0,1.0,0.0,0.0
4054,0.0,0.96,0.04,0.0
4055,0.8,0.02,0.06,0.12
4056,0.0,1.0,0.0,0.0
4057,0.02,0.0,0.04,0.94
4058,0.02,0.96,0.02,0.0
4059,0.8,0.04,0.02,0.14
4060,0.9,0.02,0.04,0.04
4061,0.96,0.0,0.04,0.0
4062,0.98,0.0,0.0,0.02
4063,0.06,0.02,0.9,0.02
4064,0.96,0.0,0.02,0.02
4065,0.9,0.02,0.06,0.02
4066,0.0,0.0,0.02,0.98
4067,0.0,0.0,0.96,0.04
4068,0.0,0.98,0.02,0.0
4069,0.08,0.0,0.0,0.92
4070,0.1,0.0,0.08,0.82
4071,0.74,0.0,0.0,0.26
4072,0.02,0.0,0.98,0.0
4073,0.0,1.0,0.0,0.0
4074,0.2,0.0,0.08,0.72
4075,0.9,0.04,0.0,0.06
4076,0.02,0.96,0.02,0.0
4077,0.94,0.0,0.04,0.02
4078,0.0,1.0,0.0,0.0
4079,0.86,0.02,0.0,0.12
4080,0.02,0.04,0.94,0.0
4081,0.0,1.0,0.0,0.0
4082,0.04,0.0,0.84,0.12
4083,0.1,0.04,0.04,0.82
4084,0.0,0.0,0.9,0.1
4085,0.9,0.04,0.04,0.02
4086,0.78,0.02,0.02,0.18
4087,0.98,0.0,0.0,0.02
4088,0.02,0.34,0.62,0.02
4089,0.04,0.0,0.0,0.96
4090,0.92,0.0,0.08,0.0
4091,0.96,0.0,0.04,0.0
4092,0.72,0.04,0.02,0.22
4093,0.0,1.0,0.0,0.0
4094,0.84,0.04,0.0,0.12
4095,1.0,0.0,0.0,0.0
4096,0.0,0.98,0.02,0.0
4097,0.98,0.0,0.02,0.0
4098,0.0,0.98,0.02,0.0
4099,0.92,0.02,0.02,0.04
4100,0.0,1.0,0.0,0.0
4101,0.0,0.0,0.96,0.04
4102,0.1,0.9,0.0,0.0
4103,0.9,0.04,0.02,0.04
4104,0.0,0.98,0.02,0.0
4105,0.0,0.0,0.06,0.94
4106,0.0,1.0,0.0,0.0
4107,0.08,0.02,0.0,0.9
4108,0.0,1.0,0.0,0.0
4109,0.06,0.0,0.02,0.92
4110,0.0,0.0,1.0,0.0
4111,0.0,0.96,0.04,0.0
4112,0.1,0.0,0.0,0.9
4113,0.0,0.86,0.12,0.02
4114,0.02,0.0,0.98,0.0
4115,0.94,0.02,0.0,0.04
4116,0.02,0.02,0.0,0.96
4117,0.06,0.9,0.02,0.02
4118,0.02,0.1,0.88,0.0
4119,0.02,0.98,0.0,0.0
4120,0.0,0.0,0.98,0.02
4121,0.9,0.0,0.06,0.04
4122,0.02,0.98,0.0,0.0
4123,0.0,1.0,0.0,0.0
4124,0.0,1.0,0.0,0.0
4125,0.02,0.98,0.0,0.0
4126,1.0,0.0,0.0,0.0
4127,0.08,0.02,0.0,0.9
4128,0.0,0.0,1.0,0.0
4129,0.92,0.02,0.02,0.04
4130,0.1,0.0,0.0,0.9
4131,0.0,1.0,0.0,0.0
4132,0.04,0.0,0.0,0.96
4133,0.0,0.0,0.22,0.78
4134,0.0,0.96,0.02,0.02
4135,0.18,0.06,0.0,0.76
4136,0.0,0.98,0.02,0.0
4137,0.98,0.0,0.02,0.0
4138,0.14,0.0,0.02,0.84
4139,0.9,0.0,0.0,0.1
4140,0.0,0.98,0.02,0.0
4141,0.0,1.0,0.0,0.0
4142,0.0,1.0,0.0,0.0
4143,0.74,0.0,0.08,0.18
4144,0.98,0.0,0.02,0.0
4145,0.76,0.04,0.02,0.18
4146,0.8,0.06,0.02,0.12
4147,0.16,0.0,0.8,0.04
4148,0.04,0.0,0.0,0.96
4149,0.0,0.0,1.0,0.0
4150,0.06,0.9,0.02,0.02
4151,0.0,0.0,0.06,0.94
4152,0.76,0.18,0.06,0.0
4153,0.1,0.06,0.0,0.84
4154,0.0,0.0,0.78,0.22
4155,0.0,0.98,0.02,0.0
4156,0.0,1.0,0.0,0.0
4157,0.0,0.94,0.02,0.04
4158,0.04,0.96,0.0,0.0
4159,0.0,1.0,0.0,0.0
4160,0.0,0.96,0.02,0.02
4161,0.0,1.0,0.0,0.0
4162,0.0,0.0,0.96,0.04
4163,0.0,0.96,0.04,0.0
4164,0.04,0.0,0.06,0.9
4165,0.08,0.04,0.8,0.08
4166,0.02,0.0,0.96,0.02
4167,0.0,0.0,1.0,0.0
4168,0.02,0.0,0.98,0.0
4169,0.0,1.0,0.0,0.0
4170,0.02,0.0,0.08,0.9
4171,0.04,0.0,0.96,0.0
4172,0.02,0.0,0.0,0.98
4173,0.02,0.0,0.98,0.0
4174,0.0,0.0,0.1,0.9
4175,0.0,0.0,0.06,0.94
4176,0.02,0.0,0.98,0.0
4177,0.94,0.0,0.02,0.04
4178,0.82,0.0,0.16,0.02
4179,0.0,0.0,0.02,0.98
4180,0.02,0.0,0.96,0.02
4181,0.1,0.0,0.02,0.88
4182,0.04,0.0,0.9,0.06
4183,0.1,0.0,0.0,0.9
4184,0.02,0.98,0.0,0.0
4185,0.0,0.96,0.04,0.0
4186,0.0,1.0,0.0,0.0
4187,0.84,0.14,0.02,0.0
4188,0.0,1.0,0.0,0.0
4189,0.98,0.0,0.02,0.0
4190,0.94,0.0,0.02,0.04
4191,0.0,1.0,0.0,0.0
4192,0.16,0.16,0.68,0.0
4193,0.02,0.0,0.98,0.0
4194,0.0,1.0,0.0,0.0
4195,0.08,0.02,0.64,0.26
4196,0.02,0.96,0.0,0.02
4197,0.0,0.82,0.18,0.0
4198,0.98,0.0,0.02,0.0
4199,0.02,0.96,0.02,0.0
4200,0.04,0.02,0.92,0.02
4201,0.92,0.0,0.02,0.06
4202,0.02,0.0,0.04,0.94
4203,0.0,0.0,0.0,1.0
4204,0.02,0.02,0.2,0.76
4205,0.0,0.98,0.02,0.0
4206,0.0,0.98,0.02,0.0
4207,0.06,0.92,0.02,0.0
4208,0.02,0.94,0.02,0.02
4209,0.06,0.0,0.06,0.88
4210,0.0,0.0,0.02,0.98
4211,0.0,0.0,1.0,0.0
4212,0.0,0.0,1.0,0.0
4213,0.06,0.94,0.0,0.0
4214,0.88,0.02,0.02,0.08
4215,0.94,0.0,0.02,0.04
4216,0.94,0.0,0.0,0.06
4217,0.08,0.02,0.02,0.88
4218,0.0,0.0,0.1,0.9
4219,0.0,0.18,0.82,0.0
4220,0.0,0.0,0.04,0.96
4221,0.0,0.94,0.02,0.04
4222,0.0,1.0,0.0,0.0
4223,0.84,0.02,0.06,0.08
4224,0.0,1.0,0.0,0.0
4225,0.94,0.02,0.0,0.04
4226,0.96,0.0,0.04,0.0
4227,0.0,0.02,0.98,0.0
4228,0.04,0.0,0.04,0.92
4229,0.98,0.0,0.0,0.02
4230,0.0,1.0,0.0,0.0
4231,0.02,0.96,0.0,0.02
4232,0.0,0.0,1.0,0.0
4233,0.1,0.0,0.06,0.84
4234,0.84,0.14,0.02,0.0
4235,0.12,0.0,0.0,0.88
4236,0.96,0.0,0.02,0.02
4237,0.02,0.0,0.0,0.98
4238,0.0,0.0,0.0,1.0
4239,0.0,0.98,0.02,0.0
4240,0.04,0.1,0.84,0.02
4241,0.04,0.0,0.92,0.04
4242,0.0,1.0,0.0,0.0
4243,0.96,0.0,0.02,0.02
4244,0.0,0.9,0.1,0.0
4245,0.0,0.94,0.06,0.0
4246,0.0,0.98,0.02,0.0
4247,0.0,0.98,0.0,0.02
4248,0.0,0.0,0.0,1.0
4249,0.96,0.0,0.04,0.0
4250,0.96,0.0,0.02,0.02
4251,0.68,0.02,0.0,0.3
4252,0.0,0.0,1.0,0.0
4253,0.94,0.0,0.06,0.0
4254,0.94,0.04,0.02,0.0
4255,0.04,0.0,0.92,0.04
4256,0.98,0.0,0.0,0.02
4257,0.0,0.3,0.7,0.0
4258,0.9,0.08,0.02,0.0
4259,0.02,0.0,0.0,0.98
4260,0.0,1.0,0.0,0.0
4261,0.0,0.0,1.0,0.0
4262,0.02,0.98,0.0,0.0
4263,0.0,0.0,0.96,0.04
4264,0.0,0.0,1.0,0.0
4265,0.0,1.0,0.0,0.0
4266,0.0,0.0,0.0,1.0
4267,0.0,0.0,0.0,1.0
4268,0.02,0.98,0.0,0.0
4269,0.86,0.14,0.0,0.0
4270,0.04,0.94,0.0,0.02
4271,0.88,0.0,0.12,0.0
4272,0.0,0.98,0.0,0.02
4273,0.88,0.02,0.0,0.1
4274,0.76,0.1,0.02,0.12
4275,0.08,0.0,0.1,0.82
4276,0.0,1.0,0.0,0.0
4277,0.62,0.0,0.0,0.38
4278,0.02,0.98,0.0,0.0
4279,0.88,0.02,0.0,0.1
4280,0.12,0.02,0.0,0.86
4281,0.98,0.0,0.02,0.0
4282,0.0,0.0,0.08,0.92
4283,0.84,0.0,0.0,0.16
4284,0.0,0.98,0.02,0.0
4285,0.94,0.0,0.04,0.02
4286,0.92,0.0,0.02,0.06
4287,0.0,1.0,0.0,0.0
4288,0.02,0.92,0.06,0.0
4289,0.0,1.0,0.0,0.0
4290,0.08,0.9,0.0,0.02
4291,0.04,0.04,0.0,0.92
4292,0.0,0.98,0.02,0.0
4293,0.0,0.0,1.0,0.0
4294,0.0,0.96,0.04,0.0
4295,0.98,0.0,0.0,0.02
4296,0.0,0.0,1.0,0.0
4297,0.0,0.98,0.02,0.0
4298,0.0,0.94,0.06,0.0
4299,0.02,0.96,0.02,0.0
4300,0.04,0.0,0.94,0.02
4301,0.0,1.0,0.0,0.0
4302,0.0,0.9995180722891567,0.0004819277108433735,0.0
4303,0.0,1.0,0.0,0.0
4304,0.02,0.96,0.02,0.0
4305,0.02,0.98,0.0,0.0
4306,0.02,0.0,0.9,0.08
4307,0.16,0.0,0.04,0.8
4308,0.0,1.0,0.0,0.0
4309,0.98,0.02,0.0,0.0
4310,0.04,0.1,0.0,0.86
4311,0.0,1.0,0.0,0.0
4312,0.02,0.98,0.0,0.0
4313,0.0,1.0,0.0,0.0
4314,0.02,0.0,0.04,0.94
4315,0.02,0.0,0.04,0.94
4316,0.0,0.9795180722891567,0.020481927710843374,0.0
4317,0.0,0.98,0.02,0.0
4318,0.02,0.02,0.94,0.02
4319,0.0,0.0,1.0,0.0
4320,0.02,0.98,0.0,0.0
4321,0.0,0.0,1.0,0.0
4322,0.0,0.98,0.02,0.0
4323,0.08,0.04,0.0,0.88
4324,0.0,0.02,0.98,0.0
4325,0.12,0.88,0.0,0.0
4326,0.76,0.16,0.04,0.04
4327,0.08,0.02,0.88,0.02
4328,0.0,1.0,0.0,0.0
4329,0.94,0.0,0.02,0.04
4330,0.0,0.98,0.0,0.02
4331,0.9,0.02,0.06,0.02
4332,0.08,0.04,0.06,0.82
4333,0.02,0.0,0.98,0.0
4334,0.0,0.02,0.98,0.0
4335,0.0,0.88,0.12,0.0
4336,0.0,0.0,0.02,0.98
4337,0.98,0.0,0.0,0.02
4338,0.82,0.16,0.02,0.0
4339,0.96,0.02,0.0,0.02
4340,0.04,0.0,0.94,0.02
4341,0.04,0.9,0.04,0.02
4342,0.92,0.0,0.08,0.0
4343,0.0,1.0,0.0,0.0
4344,0.02,0.02,0.96,0.0
4345,0.0,1.0,0.0,0.0
4346,0.0,1.0,0.0,0.0
4347,0.82,0.02,0.0,0.16
4348,0.66,0.02,0.02,0.3
4349,0.0,0.0,0.04,0.96
4350,0.0,0.98,0.02,0.0
4351,0.02,0.0,0.0,0.98
4352,0.96,0.0,0.02,0.02
4353,0.02,0.04,0.92,0.02
4354,0.0,0.0,0.98,0.02
4355,0.88,0.1,0.0,0.02
4356,0.0,0.98,0.02,0.0
4357,0.78,0.0,0.0,0.22
4358,0.0,0.98,0.02,0.0
4359,0.0,1.0,0.0,0.0
4360,0.0,1.0,0.0,0.0
4361,0.14,0.02,0.08,0.76
4362,0.06,0.0,0.06,0.88
4363,0.0,0.98,0.02,0.0
4364,0.04,0.04,0.0,0.92
4365,0.98,0.0,0.02,0.0
4366,0.0,0.0,1.0,0.0
4367,0.0,0.98,0.0,0.02
4368,0.02,0.0,0.0,0.98
4369,0.0,0.98,0.0,0.02
4370,0.86,0.04,0.04,0.06
4371,0.9,0.0,0.04,0.06
4372,0.02,0.94,0.02,0.02
4373,0.04,0.0,0.04,0.92
4374,0.0,0.0,0.08,0.92
4375,0.02,0.98,0.0,0.0
4376,0.0,0.0,1.0,0.0
4377,0.96,0.0,0.0,0.04
4378,0.96,0.0,0.02,0.02
4379,0.1,0.0,0.08,0.82
4380,0.04,0.06,0.88,0.02
4381,0.0,0.96,0.04,0.0
4382,0.0,1.0,0.0,0.0
4383,0.02,0.84,0.12,0.02
4384,0.04,0.0,0.04,0.92
4385,0.0,1.0,0.0,0.0
4386,0.1,0.0,0.0,0.9
4387,1.0,0.0,0.0,0.0
4388,0.0,0.0,1.0,0.0
4389,0.0,0.0,1.0,0.0
4390,0.0,0.98,0.02,0.0
4391,0.0,1.0,0.0,0.0
4392,0.0,0.02,0.98,0.0
4393,0.08,0.0,0.04,0.88
4394,0.0,1.0,0.0,0.0
4395,0.0,1.0,0.0,0.0
4396,1.0,0.0,0.0,0.0
4397,0.0,0.0,0.68,0.32
4398,0.08,0.04,0.84,0.04
4399,0.08,0.0,0.02,0.9
4400,0.06,0.0,0.0,0.94
4401,0.0,0.94,0.06,0.0
4402,0.98,0.0,0.0,0.02
4403,0.0,0.02,0.98,0.0
4404,0.02,0.96,0.02,0.0
4405,0.02,0.96,0.02,0.0
4406,0.0,1.0,0.0,0.0
4407,0.02,0.02,0.96,0.0
4408,0.02,0.98,0.0,0.0
4409,0.0,0.0,1.0,0.0
4410,0.08,0.8,0.08,0.04
4411,0.02,0.92,0.04,0.02
4412,0.04,0.04,0.1,0.82
4413,0.0,1.0,0.0,0.0
4414,0.0,0.98,0.02,0.0
4415,0.0,0.0,0.0,1.0
4416,0.0,0.3,0.7,0.0
4417,0.0,0.0,0.96,0.04
4418,0.04,0.92,0.0,0.04
4419,0.0,0.98,0.0,0.02
4420,0.08,0.08,0.84,0.0
4421,0.0,1.0,0.0,0.0
4422,0.0,0.0,0.04,0.96
4423,0.02,0.96,0.0,0.02
4424,0.02,0.78,0.16,0.04
4425,0.06,0.0,0.14,0.8
4426,0.0,0.0,1.0,0.0
4427,0.0,1.0,0.0,0.0
4428,0.0,0.0,1.0,0.0
4429,0.9,0.02,0.04,0.04
4430,0.0,1.0,0.0,0.0
4431,0.02,0.0,0.98,0.0
4432,0.0,0.0,0.04,0.96
4433,0.0,1.0,0.0,0.0
4434,0.88,0.02,0.0,0.1
4435,0.92,0.02,0.02,0.04
4436,0.06,0.02,0.82,0.1
4437,0.02,0.94,0.0,0.04
4438,0.0,1.0,0.0,0.0
4439,0.96,0.0,0.02,0.02
4440,0.86,0.06,0.06,0.02
4441,0.7,0.0,0.02,0.28
4442,0.0,0.0,0.04,0.96
4443,0.02,0.94,0.04,0.0
4444,0.0,1.0,0.0,0.0
4445,0.0,0.98,0.02,0.0
4446,0.02,0.02,0.94,0.02
4447,0.0,0.0,0.34,0.66
4448,0.0,0.0,0.98,0.02
4449,0.02,0.0,0.02,0.96
4450,0.12,0.2,0.04,0.64
4451,0.02,0.02,0.96,0.0
4452,0.04,0.0,0.0,0.96
4453,0.02,0.0,0.02,0.96
4454,0.0,0.0,0.02,0.98
4455,0.04,0.0,0.0,0.96
4456,0.0,1.0,0.0,0.0
4457,0.0,0.98,0.02,0.0
4458,0.76,0.02,0.02,0.2
4459,0.0,0.84,0.14,0.02
4460,0.02,0.0,0.9,0.08
4461,0.98,0.0,0.0,0.02
4462,0.0,1.0,0.0,0.0
4463,0.0,0.96,0.04,0.0
4464,0.0,1.0,0.0,0.0
4465,0.0,1.0,0.0,0.0
4466,0.12,0.02,0.04,0.82
4467,0.0,0.0,1.0,0.0
4468,0.06,0.0,0.0,0.94
4469,0.94,0.0,0.04,0.02
4470,0.86,0.1,0.04,0.0
4471,0.0,0.94,0.06,0.0
4472,0.32,0.0,0.68,0.0
4473,0.0,0.0,1.0,0.0
4474,0.92,0.0,0.02,0.06
4475,0.04,0.06,0.9,0.0
4476,0.96,0.0,0.02,0.02
4477,0.02,0.96,0.02,0.0
4478,0.0,0.0,1.0,0.0
4479,0.0,0.0,1.0,0.0
4480,0.96,0.02,0.02,0.0
4481,0.96,0.0,0.0,0.04
4482,0.04,0.94,0.0,0.02
4483,0.88,0.0,0.02,0.1
4484,0.2,0.02,0.04,0.74
4485,0.04,0.0,0.96,0.0
4486,0.0,0.08,0.92,0.0
4487,0.9,0.0,0.02,0.08
4488,0.02,0.0,0.98,0.0
4489,0.04,0.04,0.0,0.92
4490,0.0,0.0,0.0,1.0
4491,0.0,1.0,0.0,0.0
4492,0.0,0.0,0.02,0.98
4493,0.88,0.0,0.04,0.08
4494,0.94,0.0,0.02,0.04
4495,0.02,0.9,0.08,0.0
4496,0.18,0.0,0.02,0.8
4497,0.02,0.0,0.06,0.92
4498,0.02,0.04,0.94,0.0
4499,0.96,0.0,0.04,0.0
4500,0.04,0.0,0.02,0.94
4501,0.0,1.0,0.0,0.0
4502,0.96,0.0,0.04,0.0
4503,0.7,0.26,0.02,0.02
4504,0.96,0.0,0.04,0.0
4505,0.02,0.94,0.02,0.02
4506,0.02,0.18,0.8,0.0
4507,0.0,0.0,1.0,0.0
4508,0.06,0.0,0.0,0.94
4509,0.0,0.98,0.02,0.0
4510,0.0,0.0,1.0,0.0
4511,0.86,0.0,0.0,0.14
4512,0.88,0.0,0.1,0.02
4513,0.0,0.02,0.98,0.0
4514,0.0,1.0,0.0,0.0
4515,0.2,0.0,0.0,0.8
4516,0.0,1.0,0.0,0.0
4517,0.0,0.0,1.0,0.0
4518,0.94,0.0,0.04,0.02
4519,0.0,0.0,0.02,0.98
4520,0.0,0.0,0.02,0.98
4521,0.0,1.0,0.0,0.0
4522,0.1,0.9,0.0,0.0
4523,0.0,0.96,0.04,0.0
4524,0.86,0.02,0.02,0.1
4525,0.06,0.9,0.0,0.04
4526,0.06,0.92,0.02,0.0
4527,0.14,0.02,0.78,0.06
4528,0.02,0.98,0.0,0.0
4529,0.04,0.0,0.02,0.94
4530,0.0,0.98,0.0,0.02
4531,0.84,0.02,0.0,0.14
4532,0.04,0.04,0.9,0.02
4533,0.94,0.06,0.0,0.0
4534,0.04,0.82,0.14,0.0
4535,0.0,0.98,0.02,0.0
4536,0.0,0.84,0.16,0.0
4537,0.06,0.06,0.02,0.86
4538,0.0,0.0,0.98,0.02
4539,0.04,0.0,0.02,0.94
4540,0.96,0.0,0.0,0.04
4541,0.94,0.02,0.04,0.0
4542,0.0,0.98,0.02,0.0
4543,0.04,0.0,0.1,0.86
4544,1.0,0.0,0.0,0.0
4545,0.02,0.0,0.0,0.98
4546,0.02,0.96,0.0,0.02
4547,0.88,0.02,0.06,0.04
4548,0.9,0.02,0.0,0.08
4549,0.0,0.98,0.02,0.0
4550,0.26,0.6,0.02,0.12
4551,0.0,0.98,0.02,0.0
4552,0.0,0.0,0.94,0.06
4553,0.02,0.0,0.98,0.0
4554,0.98,0.0,0.0,0.02
4555,0.0,0.9,0.08,0.02
4556,0.66,0.0,0.04,0.3
4557,0.68,0.02,0.26,0.04
4558,0.0,1.0,0.0,0.0
4559,0.0,0.98,0.0,0.02
4560,0.0,0.96,0.04,0.0
4561,0.04,0.02,0.0,0.94
4562,0.04,0.0,0.1,0.86
4563,0.08,0.0,0.02,0.9
4564,0.12,0.0,0.0,0.88
4565,0.04,0.0,0.92,0.04
4566,0.0,0.0,1.0,0.0
4567,0.84,0.12,0.04,0.0
4568,0.98,0.0,0.02,0.0
4569,0.0,0.0,1.0,0.0
4570,0.2,0.0,0.74,0.06
4571,0.0,0.02,0.06,0.92
4572,0.0,0.96,0.04,0.0
4573,0.02,0.98,0.0,0.0
4574,0.1,0.02,0.02,0.86
4575,0.04,0.0,0.0,0.96
4576,0.88,0.04,0.02,0.06
4577,0.0,0.98,0.02,0.0
4578,0.12,0.02,0.0,0.86
4579,0.02,0.0,0.0,0.98
4580,0.0,0.02,0.98,0.0
4581,0.0,0.98,0.02,0.0
4582,0.0,0.0,0.0,1.0
4583,0.0,0.96,0.04,0.0
4584,0.04,0.0,0.0,0.96
4585,0.0,0.0,0.96,0.04
4586,0.98,0.0,0.02,0.0
4587,0.0,0.96,0.04,0.0
4588,0.0,0.0,0.92,0.08
4589,0.0,1.0,0.0,0.0
4590,0.76,0.1,0.04,0.1
4591,0.0,0.0,1.0,0.0
4592,0.08,0.02,0.04,0.86
4593,0.96,0.0,0.04,0.0
4594,0.0,0.02,0.98,0.0
4595,0.9,0.08,0.02,0.0
4596,0.2,0.0,0.76,0.04
4597,0.76,0.02,0.1,0.12
4598,0.0,0.96,0.04,0.0
4599,0.94,0.02,0.04,0.0
4600,0.0,0.0,1.0,0.0
4601,0.9,0.02,0.0,0.08
4602,0.02,0.0,0.66,0.32
4603,0.02,0.92,0.06,0.0
4604,0.04,0.0,0.94,0.02
4605,0.0,0.96,0.04,0.0
4606,0.02,0.8,0.06,0.12
4607,0.0,0.0,1.0,0.0
4608,0.0,0.96,0.04,0.0
4609,0.94,0.02,0.0,0.04
4610,0.96,0.0,0.02,0.02
4611,0.04,0.0,0.0,0.96
4612,0.04,0.0,0.02,0.94
4613,0.04,0.84,0.08,0.04
4614,0.0,1.0,0.0,0.0
4615,0.12,0.86,0.02,0.0
4616,0.0,0.98,0.02,0.0
4617,0.0,0.0,0.94,0.06
4618,0.0,0.0,0.04,0.96
4619,0.12,0.84,0.04,0.0
4620,0.0,1.0,0.0,0.0
4621,0.92,0.0,0.02,0.06
4622,0.02,0.96,0.02,0.0
4623,0.98,0.0,0.02,0.0
4624,0.0,1.0,0.0,0.0
4625,0.02,0.02,0.9,0.06
4626,0.02,0.0,0.84,0.14
4627,0.94,0.02,0.0,0.04
4628,0.0,0.98,0.0,0.02
4629,0.16,0.02,0.02,0.8
4630,0.96,0.0,0.04,0.0
4631,0.02,0.0,0.0,0.98
4632,0.02,0.0,0.98,0.0
4633,0.02,0.02,0.04,0.92
4634,0.0,1.0,0.0,0.0
4635,0.0,0.98,0.02,0.0
4636,0.0,0.0,1.0,0.0
4637,0.82,0.0,0.04,0.14
4638,0.0,0.0,1.0,0.0
4639,0.02,0.0,0.96,0.02
4640,0.02,0.9,0.08,0.0
4641,0.0,1.0,0.0,0.0
4642,0.02,0.98,0.0,0.0
4643,0.0,0.98,0.0,0.02
4644,0.02,0.0,0.02,0.96
4645,0.0,0.0,0.0,1.0
4646,0.18,0.0,0.02,0.8
4647,0.02,0.02,0.02,0.94
4648,0.0,0.0,1.0,0.0
4649,0.0,0.0,0.98,0.02
4650,0.06,0.04,0.88,0.02
4651,0.76,0.04,0.0,0.2
4652,0.72,0.0,0.0,0.28
4653,0.04,0.9,0.04,0.02
4654,0.0,0.94,0.06,0.0
4655,0.94,0.0,0.04,0.02
4656,0.04,0.0,0.96,0.0
4657,0.0,0.0,1.0,0.0
4658,0.18,0.08,0.04,0.7
4659,0.74,0.0,0.02,0.24
4660,0.02,0.82,0.08,0.08
4661,0.0,1.0,0.0,0.0
4662,0.1,0.0,0.0,0.9
4663,0.1,0.0,0.04,0.86
4664,0.0,0.0,0.02,0.98
4665,0.04,0.96,0.0,0.0
4666,0.0,0.96,0.02,0.02
4667,0.94,0.0,0.04,0.02
4668,0.0,0.0,1.0,0.0
4669,0.02,0.02,0.96,0.0
4670,0.0,0.98,0.02,0.0
4671,0.86,0.08,0.0,0.06
4672,0.0,1.0,0.0,0.0
4673,0.0,0.96,0.0,0.04
4674,0.98,0.0,0.0,0.02
4675,0.06,0.02,0.92,0.0
4676,0.02,0.0,0.02,0.96
4677,0.14,0.06,0.78,0.02
4678,0.0,0.98,0.02,0.0
4679,0.0,0.02,0.98,0.0
4680,0.0,1.0,0.0,0.0
4681,0.0,0.02,0.98,0.0
4682,0.02,0.0,0.0,0.98
4683,0.94,0.0,0.04,0.02
4684,0.0,0.94,0.06,0.0
4685,0.92,0.02,0.0,0.06
4686,0.0,0.9795180722891567,0.0004819277108433735,0.02
4687,1.0,0.0,0.0,0.0
4688,0.0,0.98,0.02,0.0
4689,0.9,0.02,0.02,0.06
4690,0.0,0.0,0.04,0.96
4691,0.96,0.0,0.02,0.02
4692,0.0,1.0,0.0,0.0
4693,0.0,0.96,0.04,0.0
4694,0.06,0.04,0.86,0.04
4695,0.9,0.0,0.08,0.02
4696,0.02,0.02,0.1,0.86
4697,0.0,0.98,0.0,0.02
4698,0.02,0.0,0.0,0.98
4699,0.0,0.94,0.04,0.02
4700,0.0,0.96,0.04,0.0
4701,0.08,0.0,0.0,0.92
4702,0.02,0.0,0.0,0.98
4703,0.0,0.0,0.78,0.22
4704,0.02,0.98,0.0,0.0
4705,0.9,0.04,0.04,0.02
4706,0.0,0.02,0.98,0.0
4707,0.0,1.0,0.0,0.0
4708,0.0,0.0,0.98,0.02
4709,0.06,0.86,0.06,0.02
4710,0.0,0.0,1.0,0.0
4711,0.04,0.0,0.96,0.0
4712,0.94,0.0,0.06,0.0
4713,0.08,0.02,0.84,0.06
4714,0.0,0.0,0.98,0.02
4715,0.64,0.0,0.0,0.36
4716,0.08,0.8995180722891567,0.020481927710843374,0.0
4717,0.04,0.0,0.0,0.96
4718,0.88,0.0,0.12,0.0
4719,0.98,0.0,0.0,0.02
4720,0.94,0.0,0.0,0.06
4721,0.0,0.02,0.9,0.08
4722,0.04,0.1,0.82,0.04
4723,0.0,0.0,0.0,1.0
4724,0.0,0.0,0.06,0.94
4725,0.84,0.0,0.12,0.04
4726,0.78,0.12,0.08,0.02
4727,0.1,0.0,0.06,0.84
4728,0.0,0.96,0.02,0.02
4729,0.1,0.08,0.8,0.02
4730,0.12,0.0,0.0,0.88
4731,0.84,0.04,0.02,0.1
4732,0.0,0.98,0.0,0.02
4733,1.0,0.0,0.0,0.0
4734,0.12,0.0,0.0,0.88
4735,0.0,0.0,1.0,0.0
4736,0.02,0.86,0.06,0.06
4737,0.0,1.0,0.0,0.0
4738,0.04,0.02,0.0,0.94
4739,0.0,0.02,0.98,0.0
4740,0.02,0.0,0.98,0.0
4741,0.88,0.0,0.0,0.12
4742,0.04,0.0,0.12,0.84
4743,0.0,0.96,0.02,0.02
4744,0.98,0.0,0.0,0.02
4745,0.0,0.98,0.02,0.0
4746,0.02,0.98,0.0,0.0
4747,0.96,0.0,0.04,0.0
4748,0.02,0.02,0.96,0.0
4749,0.92,0.02,0.02,0.04
4750,0.0,1.0,0.0,0.0
4751,0.0,0.92,0.04,0.04
4752,0.0,1.0,0.0,0.0
4753,0.0,0.0,1.0,0.0
4754,0.08,0.0,0.06,0.86
4755,0.98,0.0,0.0,0.02
4756,0.94,0.04,0.0,0.02
4757,0.98,0.0,0.02,0.0
4758,0.92,0.0,0.0,0.08
4759,0.0,0.0,0.0,1.0
4760,0.0,0.98,0.02,0.0
4761,0.04,0.02,0.04,0.9
4762,0.0,1.0,0.0,0.0
4763,0.92,0.0,0.08,0.0
4764,0.08,0.0,0.02,0.9
4765,0.0,0.98,0.02,0.0
4766,0.0,0.0,0.02,0.98
4767,0.02,0.94,0.04,0.0
4768,0.74,0.0,0.02,0.24
4769,0.0,1.0,0.0,0.0
4770,0.96,0.02,0.0,0.02
4771,0.0,1.0,0.0,0.0
4772,0.04,0.02,0.94,0.0
4773,0.06,0.0,0.0,0.94
4774,0.82,0.0,0.02,0.16
4775,0.02,0.02,0.18,0.78
4776,0.98,0.0,0.0,0.02
4777,0.94,0.02,0.04,0.0
4778,0.04,0.2,0.76,0.0
4779,0.02,0.98,0.0,0.0
4780,0.0,1.0,0.0,0.0
4781,1.0,0.0,0.0,0.0
4782,0.96,0.0,0.0,0.04
4783,0.0,0.98,0.02,0.0
4784,0.36,0.0,0.0,0.64
4785,0.0,1.0,0.0,0.0
4786,0.06,0.02,0.9,0.02
4787,0.0,0.04,0.94,0.02
4788,0.0,1.0,0.0,0.0
4789,0.02,0.98,0.0,0.0
4790,0.04,0.0,0.0,0.96
4791,0.0,1.0,0.0,0.0
4792,0.0,0.98,0.02,0.0
4793,0.9,0.0,0.1,0.0
4794,0.96,0.0,0.04,0.0
4795,0.0,0.0,0.86,0.14
4796,0.06,0.0,0.04,0.9
4797,0.02,0.0,0.0,0.98
4798,0.04,0.92,0.04,0.0
4799,0.9,0.0,0.1,0.0
4800,0.8,0.2,0.0,0.0
4801,0.0,0.96,0.04,0.0
4802,0.9,0.0,0.0,0.1
4803,0.0,0.16,0.8,0.04
4804,0.14,0.0,0.06,0.8
4805,0.02,0.96,0.0,0.02
4806,0.06,0.02,0.82,0.1
4807,0.0,0.98,0.02,0.0
4808,0.84,0.1,0.04,0.02
4809,0.08,0.9,0.0,0.02
4810,0.02,0.98,0.0,0.0
4811,0.94,0.0,0.04,0.02
4812,0.9,0.0,0.0,0.1
4813,0.0,1.0,0.0,0.0
4814,0.02,0.0,0.0,0.98
4815,1.0,0.0,0.0,0.0
4816,0.0,1.0,0.0,0.0
4817,0.24,0.02,0.74,0.0
4818,0.0,0.0,0.0,1.0
4819,0.0,0.02,0.0,0.98
4820,0.0,1.0,0.0,0.0
4821,0.0,0.9795180722891567,0.020481927710843374,0.0
4822,0.06,0.02,0.88,0.04
4823,0.04,0.0,0.04,0.92
4824,0.98,0.0,0.0,0.02
4825,0.0,0.94,0.06,0.0
4826,0.92,0.0,0.08,0.0
4827,0.0,1.0,0.0,0.0
4828,0.1,0.02,0.0,0.88
4829,0.94,0.0,0.02,0.04
4830,0.04,0.94,0.02,0.0
4831,0.0,1.0,0.0,0.0
4832,0.06,0.0,0.0,0.94
4833,0.06,0.86,0.06,0.02
4834,0.0,0.96,0.04,0.0
4835,0.06,0.0,0.02,0.92
4836,0.0,0.0,1.0,0.0
4837,0.88,0.08,0.02,0.02
4838,0.24,0.0,0.74,0.02
4839,0.08,0.0,0.02,0.9
4840,0.1,0.0,0.0,0.9
4841,0.0,0.0,0.02,0.98
4842,0.02,0.0,0.04,0.94
4843,0.04,0.02,0.0,0.94
4844,0.0,1.0,0.0,0.0
4845,0.0,0.98,0.02,0.0
4846,0.04,0.0,0.0,0.96
4847,0.02,0.0,0.98,0.0
4848,0.92,0.02,0.04,0.02
4849,0.0,1.0,0.0,0.0
4850,0.04,0.0,0.96,0.0
4851,0.0,0.0,0.98,0.02
4852,0.02,0.0,0.02,0.96
4853,0.0,0.98,0.02,0.0
4854,0.84,0.04,0.08,0.04
4855,0.02,0.0,0.98,0.0
4856,0.0,1.0,0.0,0.0
4857,0.0,0.0,1.0,0.0
4858,0.0,0.96,0.02,0.02
4859,0.02,0.96,0.0,0.02
4860,0.02,0.0,0.98,0.0
4861,0.16,0.0,0.84,0.0
4862,0.0,0.02,0.02,0.96
4863,0.06,0.0,0.0,0.94
4864,0.16,0.78,0.02,0.04
4865,0.0,0.98,0.02,0.0
4866,0.0,0.0,1.0,0.0
4867,0.86,0.04,0.02,0.08
4868,0.0,1.0,0.0,0.0
4869,0.0,0.0,1.0,0.0
4870,0.0,0.96,0.04,0.0
4871,0.02,0.02,0.0,0.96
4872,0.0,1.0,0.0,0.0
4873,0.0,0.98,0.02,0.0
4874,0.0,0.9995180722891567,0.0004819277108433735,0.0
4875,0.8,0.0,0.06,0.14
4876,0.0,1.0,0.0,0.0
4877,0.94,0.0,0.06,0.0
4878,0.0,0.0,0.02,0.98
4879,0.76,0.1,0.14,0.0
4880,0.0,0.0,0.98,0.02
4881,0.04,0.02,0.32,0.62
4882,0.92,0.0,0.06,0.02
4883,0.0,0.0,0.02,0.98
4884,0.0,1.0,0.0,0.0
4885,0.02,0.94,0.04,0.0
4886,0.08,0.0,0.74,0.18
4887,0.06,0.0,0.6,0.34
4888,0.02,0.98,0.0,0.0
4889,0.82,0.0,0.0,0.18
4890,0.0,0.0,1.0,0.0
4891,0.0,0.0,0.98,0.02
4892,0.98,0.0,0.0,0.02
4893,0.76,0.0,0.2,0.04
4894,0.96,0.0,0.02,0.02
4895,0.0,0.04,0.96,0.0
4896,0.0,0.98,0.02,0.0
4897,0.98,0.0,0.02,0.0
4898,0.02,0.0,0.0,0.98
4899,0.16,0.0,0.74,0.1
4900,0.0,0.0,1.0,0.0
4901,0.0,0.98,0.02,0.0
4902,0.0,0.0,1.0,0.0
4903,0.0,1.0,0.0,0.0
4904,0.0,0.98,0.02,0.0
4905,0.92,0.0,0.06,0.02
4906,0.0,0.96,0.04,0.0
4907,0.04,0.0,0.0,0.96
4908,0.0,0.9995180722891567,0.0004819277108433735,0.0
4909,0.0,0.0,0.02,0.98
4910,0.04,0.0,0.0,0.96
4911,0.0,0.98,0.02,0.0
4912,0.94,0.02,0.04,0.0
4913,0.04,0.8,0.1,0.06
4914,0.04,0.02,0.9,0.04
4915,0.12,0.76,0.02,0.1
4916,0.08,0.0,0.0,0.92
4917,0.0,0.02,0.98,0.0
4918,0.2,0.08,0.0,0.72
4919,0.04,0.0,0.0,0.96
4920,0.0,1.0,0.0,0.0
4921,0.04,0.06,0.02,0.88
4922,0.0,0.98,0.02,0.0
4923,0.0,1.0,0.0,0.0
4924,0.0,0.02,0.98,0.0
4925,0.02,0.96,0.0,0.02
4926,0.84,0.02,0.0,0.14
4927,0.02,0.0,0.0,0.98
4928,0.88,0.0,0.1,0.02
4929,0.02,0.0,0.98,0.0
4930,0.0,0.94,0.04,0.02
4931,0.0,1.0,0.0,0.0
4932,0.26,0.7,0.04,0.0
4933,0.02,0.06,0.92,0.0
4934,1.0,0.0,0.0,0.0
4935,0.02,0.96,0.02,0.0
4936,0.0,1.0,0.0,0.0
4937,0.04,0.0,0.0,0.96
4938,0.0,1.0,0.0,0.0
4939,0.0,0.0,0.02,0.98
4940,0.0,1.0,0.0,0.0
4941,0.02,0.08,0.88,0.02
4942,0.0,1.0,0.0,0.0
4943,0.0,0.98,0.02,0.0
4944,0.94,0.0,0.02,0.04
4945,0.28,0.68,0.02,0.02
4946,0.06,0.0,0.0,0.94
4947,0.02,0.0,0.92,0.06
4948,0.84,0.04,0.0,0.12
4949,0.06,0.02,0.9,0.02
4950,0.04,0.34,0.6,0.02
4951,0.04,0.92,0.02,0.02
4952,0.04,0.0,0.02,0.94
4953,0.0,0.9995180722891567,0.0004819277108433735,0.0
4954,0.86,0.08,0.06,0.0
4955,0.0,0.98,0.02,0.0
4956,0.02,0.02,0.04,0.92
4957,0.0,1.0,0.0,0.0
4958,0.0,0.0,1.0,0.0
4959,0.08,0.0,0.04,0.88
4960,0.7,0.04,0.22,0.04
4961,0.04,0.0,0.06,0.9
4962,0.0,0.0,1.0,0.0
4963,0.04,0.0,0.96,0.0
4964,0.0,1.0,0.0,0.0
4965,0.02,0.0,0.98,0.0
4966,0.0,0.02,0.98,0.0
4967,0.98,0.0,0.02,0.0
4968,0.74,0.02,0.0,0.24
4969,0.0,0.0,1.0,0.0
4970,0.0,0.02,0.94,0.04
4971,0.88,0.04,0.02,0.06
4972,0.88,0.1,0.02,0.0
4973,0.14,0.02,0.0,0.84
4974,0.04,0.0,0.04,0.92
4975,0.02,0.98,0.0,0.0
4976,0.02,0.02,0.96,0.0
4977,0.76,0.04,0.0,0.2
4978,0.0,0.0,0.98,0.02
4979,0.02,0.0,0.96,0.02
4980,0.0,0.98,0.02,0.0
4981,0.04,0.0,0.06,0.9
4982,0.92,0.0,0.04,0.04
4983,0.04,0.0,0.0,0.96
4984,0.0,0.96,0.04,0.0
4985,0.92,0.02,0.06,0.0
4986,0.96,0.0,0.02,0.02
4987,0.0,1.0,0.0,0.0
4988,0.84,0.08,0.02,0.06
4989,0.04,0.0,0.88,0.08
4990,0.0,1.0,0.0,0.0
4991,0.9,0.08,0.02,0.0
4992,0.0,1.0,0.0,0.0
4993,0.94,0.0,0.02,0.04
4994,0.0,0.98,0.02,0.0
4995,0.0,1.0,0.0,0.0
4996,0.82,0.08,0.0,0.1
4997,0.02,0.96,0.0,0.02
4998,0.94,0.04,0.0,0.02
4999,0.16,0.04,0.02,0.78
5000,0.02,0.02,0.96,0.0
5001,0.06,0.02,0.0,0.92
5002,0.92,0.0,0.04,0.04
5003,0.0,0.0,1.0,0.0
5004,0.0,1.0,0.0,0.0
5005,0.0,1.0,0.0,0.0
5006,0.0,0.96,0.04,0.0
5007,0.68,0.0,0.0,0.32
5008,0.0,1.0,0.0,0.0
5009,0.0,1.0,0.0,0.0
5010,0.0,1.0,0.0,0.0
5011,0.12,0.0,0.82,0.06
5012,0.98,0.02,0.0,0.0
5013,0.0,0.0,1.0,0.0
5014,0.0,1.0,0.0,0.0
5015,0.02,0.02,0.02,0.94
5016,0.86,0.02,0.04,0.08
5017,0.0,0.0,0.0,1.0
5018,0.02,0.96,0.02,0.0
5019,0.0,0.96,0.02,0.02
5020,0.14,0.02,0.04,0.8
5021,0.06,0.02,0.02,0.9
5022,0.0,0.98,0.0,0.02
5023,0.04,0.96,0.0,0.0
5024,0.0,1.0,0.0,0.0
5025,0.0,0.94,0.06,0.0
5026,0.0,1.0,0.0,0.0
5027,0.02,0.0,0.96,0.02
5028,0.98,0.0,0.02,0.0
5029,0.0,1.0,0.0,0.0
5030,0.04,0.0,0.02,0.94
5031,0.8,0.08,0.02,0.1
5032,0.98,0.0,0.02,0.0
5033,0.04,0.0,0.04,0.92
5034,0.02,0.0,0.9,0.08
5035,0.0,0.02,0.98,0.0
5036,0.0,0.9995180722891567,0.0004819277108433735,0.0
5037,0.98,0.0,0.02,0.0
5038,0.0,1.0,0.0,0.0
5039,0.9,0.02,0.0,0.08
5040,0.02,0.0,0.98,0.0
5041,0.0,0.96,0.02,0.02
5042,0.18,0.82,0.0,0.0
5043,0.9,0.0,0.1,0.0
5044,0.1,0.82,0.02,0.06
5045,0.08,0.84,0.08,0.0
5046,0.0,1.0,0.0,0.0
5047,0.0,0.0,1.0,0.0
5048,0.0,1.0,0.0,0.0
5049,0.0,1.0,0.0,0.0
5050,0.04,0.0,0.04,0.92
5051,0.04,0.0,0.7,0.26
5052,0.0,0.92,0.08,0.0
5053,0.04,0.92,0.02,0.02
5054,0.84,0.0,0.1,0.06
5055,0.0,0.98,0.0,0.02
5056,0.0,1.0,0.0,0.0
5057,0.0,0.0,0.98,0.02
5058,0.0,0.0,1.0,0.0
5059,0.0,0.98,0.02,0.0
5060,0.02,0.0,0.98,0.0
5061,0.0,1.0,0.0,0.0
5062,0.02,0.0,0.02,0.96
5063,0.06,0.02,0.92,0.0
5064,0.84,0.0,0.06,0.1
5065,0.0,0.92,0.04,0.04
5066,0.06,0.04,0.0,0.9
5067,0.0,1.0,0.0,0.0
5068,1.0,0.0,0.0,0.0
5069,0.0,0.0,1.0,0.0
5070,0.04,0.96,0.0,0.0
5071,0.94,0.0,0.0,0.06
5072,0.0,0.98,0.0,0.02
5073,0.0,0.02,0.96,0.02
5074,0.06,0.08,0.84,0.02
5075,0.0,1.0,0.0,0.0
5076,0.0,1.0,0.0,0.0
5077,0.08,0.02,0.02,0.88
5078,0.96,0.0,0.02,0.02
5079,0.0,0.96,0.04,0.0
5080,0.04,0.0,0.96,0.0
5081,0.0,0.96,0.04,0.0
5082,0.04,0.0,0.04,0.92
5083,0.1,0.04,0.04,0.82
5084,0.0,0.98,0.02,0.0
5085,0.02,0.02,0.94,0.02
5086,0.0,0.12,0.88,0.0
5087,0.78,0.06,0.0,0.16
5088,0.02,0.02,0.96,0.0
5089,0.0,0.0,1.0,0.0
5090,0.1,0.0,0.0,0.9
5091,0.0,1.0,0.0,0.0
5092,0.02,0.92,0.04,0.02
5093,0.8,0.0,0.0,0.2
5094,0.84,0.04,0.02,0.1
5095,0.0,0.02,0.0,0.98
5096,0.0,1.0,0.0,0.0
5097,0.0,0.02,0.96,0.02
5098,0.0,1.0,0.0,0.0
5099,0.04,0.0,0.02,0.94
5100,0.0,0.02,0.02,0.96
5101,0.0,1.0,0.0,0.0
5102,0.9,0.0,0.02,0.08
5103,0.0,0.02,0.96,0.02
5104,0.98,0.0,0.02,0.0
5105,0.92,0.0,0.04,0.04
5106,0.1,0.9,0.0,0.0
5107,0.0,1.0,0.0,0.0
5108,0.04,0.04,0.0,0.92
5109,0.0,1.0,0.0,0.0
5110,0.06,0.0,0.06,0.88
5111,0.02,0.02,0.8,0.16
5112,0.94,0.0,0.0,0.06
5113,0.22,0.02,0.08,0.68
5114,0.0,0.98,0.02,0.0
5115,0.0,0.84,0.12,0.04
5116,0.0,0.96,0.04,0.0
5117,0.04,0.0,0.94,0.02
5118,0.98,0.0,0.02,0.0
5119,0.92,0.0,0.0,0.08
5120,1.0,0.0,0.0,0.0
5121,0.68,0.0,0.0,0.32
5122,0.0,1.0,0.0,0.0
5123,0.76,0.22,0.02,0.0
5124,0.0,0.0,0.98,0.02
5125,0.0,1.0,0.0,0.0
5126,0.16,0.02,0.02,0.8
5127,0.0,0.9995180722891567,0.0004819277108433735,0.0
5128,1.0,0.0,0.0,0.0
5129,0.04,0.94,0.02,0.0
5130,0.0,0.02,0.98,0.0
5131,0.0,1.0,0.0,0.0
5132,0.02,0.98,0.0,0.0
5133,0.0,1.0,0.0,0.0
5134,0.92,0.0,0.0,0.08
5135,0.0,0.98,0.02,0.0
5136,0.0,0.0,0.92,0.08
5137,0.0,0.82,0.18,0.0
5138,0.02,0.98,0.0,0.0
5139,0.02,0.02,0.0,0.96
5140,0.9,0.02,0.04,0.04
5141,0.08,0.92,0.0,0.0
5142,0.0,1.0,0.0,0.0
5143,0.9,0.02,0.02,0.06
5144,0.0,0.98,0.02,0.0
5145,0.0,1.0,0.0,0.0
5146,0.02,0.98,0.0,0.0
5147,0.06,0.0,0.02,0.92
5148,0.0,0.14,0.84,0.02
5149,0.0,1.0,0.0,0.0
5150,0.0,0.0,0.64,0.36
5151,0.0,0.0,1.0,0.0
5152,0.9,0.0,0.08,0.02
5153,0.0,0.0,1.0,0.0
5154,0.96,0.0,0.0,0.04
5155,0.8,0.0,0.02,0.18
5156,0.0,1.0,0.0,0.0
5157,0.0,0.02,0.96,0.02
5158,0.04,0.92,0.0,0.04
5159,0.86,0.0,0.06,0.08
5160,0.1,0.14,0.76,0.0
5161,0.0,1.0,0.0,0.0
5162,0.28,0.62,0.1,0.0
5163,0.02,0.0,0.14,0.84
5164,0.04,0.0,0.06,0.9
5165,0.0,0.0,0.98,0.02
5166,0.08,0.92,0.0,0.0
5167,0.92,0.02,0.0,0.06
5168,0.0,0.16,0.82,0.02
5169,0.72,0.02,0.02,0.24
5170,0.0,0.98,0.02,0.0
5171,0.0,0.98,0.02,0.0
5172,0.0,1.0,0.0,0.0
5173,0.0,0.9995180722891567,0.0004819277108433735,0.0
5174,0.04,0.0,0.0,0.96
5175,0.0,0.08,0.92,0.0
5176,0.0,0.96,0.02,0.02
5177,0.02,0.1,0.88,0.0
5178,0.0,1.0,0.0,0.0
5179,0.04,0.0,0.0,0.96
5180,0.02,0.0,0.96,0.02
5181,0.0,0.98,0.02,0.0
5182,0.02,0.0,0.02,0.96
5183,0.0,0.0,0.98,0.02
5184,0.02,0.86,0.12,0.0
5185,0.0,0.16,0.82,0.02
5186,0.06,0.0,0.06,0.88
5187,0.0,0.02,0.94,0.04
5188,0.0,0.0,1.0,0.0
5189,0.02,0.0,0.92,0.06
5190,0.02,0.0,0.04,0.94
5191,0.08,0.88,0.0,0.04
5192,0.0,1.0,0.0,0.0
5193,0.86,0.12,0.0,0.02
5194,0.0,1.0,0.0,0.0
5195,0.0,0.96,0.04,0.0
5196,0.12,0.04,0.02,0.82
5197,0.88,0.0,0.02,0.1
5198,0.92,0.02,0.04,0.02
5199,0.98,0.0,0.0,0.02
5200,0.0,1.0,0.0,0.0
5201,0.0,0.98,0.02,0.0
5202,0.0,1.0,0.0,0.0
5203,0.02,0.98,0.0,0.0
5204,0.0,1.0,0.0,0.0
5205,0.02,0.0,0.98,0.0
5206,0.1,0.04,0.0,0.86
5207,0.14,0.02,0.0,0.84
5208,0.02,0.0,0.98,0.0
5209,0.02,0.92,0.06,0.0
5210,0.94,0.0,0.02,0.04
5211,0.02,0.0,0.0,0.98
5212,0.0,1.0,0.0,0.0
5213,0.02,0.0,0.02,0.96
5214,0.0,0.0,0.98,0.02
5215,0.0,0.0,0.04,0.96
5216,0.04,0.02,0.0,0.94
5217,0.84,0.0,0.02,0.14
5218,0.04,0.92,0.04,0.0
5219,0.0,1.0,0.0,0.0
5220,0.02,0.02,0.96,0.0
5221,0.16,0.02,0.0,0.82
5222,0.0,0.0,1.0,0.0
5223,0.02,0.02,0.02,0.94
5224,0.12,0.0,0.0,0.88
5225,0.0,0.0,0.98,0.02
5226,0.0,0.0,0.02,0.98
5227,0.0,0.0,0.98,0.02
5228,0.0,1.0,0.0,0.0
5229,0.06,0.0,0.0,0.94
5230,0.92,0.0,0.0,0.08
5231,0.0,0.94,0.06,0.0
5232,0.0,0.98,0.02,0.0
5233,0.82,0.06,0.0,0.12
5234,0.0,1.0,0.0,0.0
5235,0.02,0.0,0.98,0.0
5236,0.0,0.0,1.0,0.0
5237,0.96,0.0,0.04,0.0
5238,0.04,0.9,0.06,0.0
5239,1.0,0.0,0.0,0.0
5240,0.0,0.0,0.96,0.04
5241,0.0,0.0,1.0,0.0
5242,0.02,0.0,0.96,0.02
5243,0.96,0.0,0.04,0.0
5244,0.02,0.96,0.02,0.0
5245,0.0,1.0,0.0,0.0
5246,0.0,1.0,0.0,0.0
5247,0.0,0.0,0.98,0.02
5248,0.0,1.0,0.0,0.0
5249,0.02,0.0,0.04,0.94
5250,0.84,0.12,0.02,0.02
5251,0.0,1.0,0.0,0.0
5252,0.0,1.0,0.0,0.0
5253,0.04,0.02,0.92,0.02
5254,0.0,1.0,0.0,0.0
5255,0.0,1.0,0.0,0.0
5256,0.02,0.0,0.0,0.98
5257,0.92,0.02,0.0,0.06
5258,1.0,0.0,0.0,0.0
5259,0.1,0.0,0.0,0.9
5260,0.84,0.08,0.0,0.08
5261,0.0,0.98,0.02,0.0
5262,0.04,0.86,0.1,0.0
5263,0.0,0.0,1.0,0.0
5264,0.0,0.98,0.02,0.0
5265,0.0,0.98,0.02,0.0
5266,0.02,0.2,0.74,0.04
5267,0.0,0.0,0.0,1.0
5268,0.0,0.98,0.02,0.0
5269,0.0,1.0,0.0,0.0
5270,0.66,0.0,0.02,0.32
5271,0.08,0.06,0.02,0.84
5272,0.02,0.96,0.0,0.02
5273,0.0,1.0,0.0,0.0
5274,0.02,0.96,0.02,0.0
5275,0.06,0.0,0.04,0.9
5276,0.26,0.02,0.06,0.66
5277,0.0,1.0,0.0,0.0
5278,0.0,1.0,0.0,0.0
5279,0.0,1.0,0.0,0.0
5280,0.92,0.0,0.0,0.08
5281,0.02,0.0,0.98,0.0
5282,0.94,0.0,0.06,0.0
5283,0.0,1.0,0.0,0.0
5284,0.14,0.74,0.08,0.04
5285,0.12,0.0,0.02,0.86
5286,0.04,0.0,0.94,0.02
5287,0.0,1.0,0.0,0.0
5288,0.0,0.0,0.04,0.96
5289,0.86,0.02,0.0,0.12
5290,0.06,0.0,0.06,0.88
5291,0.72,0.04,0.02,0.22
5292,0.8,0.06,0.0,0.14
5293,0.0,0.98,0.02,0.0
5294,0.14,0.0,0.02,0.84
5295,0.0,0.0,0.08,0.92
5296,0.04,0.06,0.04,0.86
5297,0.0,1.0,0.0,0.0
5298,0.0,1.0,0.0,0.0
5299,0.02,0.92,0.06,0.0
5300,0.82,0.0,0.14,0.04
5301,0.9,0.0,0.0,0.1
5302,0.0,0.9995180722891567,0.0004819277108433735,0.0
5303,0.0,0.0,0.02,0.98
5304,0.0,0.92,0.08,0.0
5305,0.02,0.66,0.32,0.0
5306,0.92,0.02,0.04,0.02
5307,0.0,1.0,0.0,0.0
5308,0.06,0.0,0.16,0.78
5309,0.04,0.04,0.84,0.08
5310,0.0,1.0,0.0,0.0
5311,0.0,0.02,0.02,0.96
5312,0.04,0.96,0.0,0.0
5313,0.06,0.0,0.0,0.94
5314,1.0,0.0,0.0,0.0
5315,0.04,0.04,0.0,0.92
5316,0.04,0.02,0.04,0.9
5317,0.04,0.02,0.9,0.04
5318,0.0,0.0,0.98,0.02
5319,0.02,0.0,0.98,0.0
5320,0.0,0.0,1.0,0.0
5321,0.0,0.98,0.02,0.0
5322,0.0,0.0,1.0,0.0
5323,0.14,0.0,0.0,0.86
5324,0.0,0.98,0.02,0.0
5325,0.12,0.18,0.68,0.02
5326,0.02,0.92,0.06,0.0
5327,0.9,0.0,0.0,0.1
5328,0.7,0.0,0.28,0.02
5329,0.0,1.0,0.0,0.0
5330,0.02,0.26,0.72,0.0
5331,0.04,0.0,0.02,0.94
5332,0.0,0.0,0.04,0.96
5333,0.02,0.0,0.02,0.96
5334,0.08,0.22,0.68,0.02
5335,0.1,0.02,0.82,0.06
5336,0.88,0.0,0.02,0.1
5337,0.04,0.0,0.0,0.96
5338,0.9,0.06,0.04,0.0
5339,0.0,1.0,0.0,0.0
5340,0.86,0.12,0.02,0.0
5341,0.0,1.0,0.0,0.0
5342,0.0,0.0,0.0,1.0
5343,0.9,0.02,0.04,0.04
5344,0.66,0.0,0.34,0.0
5345,0.66,0.02,0.0,0.32
5346,0.82,0.0,0.0,0.18
5347,0.0,0.02,0.02,0.96
5348,0.08,0.02,0.0,0.9
5349,0.0,0.02,0.02,0.96
5350,0.04,0.0,0.02,0.94
5351,0.0,1.0,0.0,0.0
5352,0.72,0.0,0.24,0.04
5353,0.78,0.0,0.02,0.2
5354,0.0,0.0,0.06,0.94
5355,0.0,0.98,0.02,0.0
5356,0.0,1.0,0.0,0.0
5357,0.0,1.0,0.0,0.0
5358,0.0,0.9795180722891567,0.020481927710843374,0.0
5359,0.02,0.98,0.0,0.0
5360,0.0,1.0,0.0,0.0
5361,0.02,0.92,0.06,0.0
5362,0.0,1.0,0.0,0.0
5363,0.0,0.98,0.02,0.0
5364,0.0,1.0,0.0,0.0
5365,0.0,1.0,0.0,0.0
5366,0.06,0.92,0.02,0.0
5367,0.02,0.0,0.9,0.08
5368,0.9,0.0,0.04,0.06
5369,0.0,0.98,0.02,0.0
5370,0.02,0.92,0.06,0.0
5371,0.7,0.02,0.0,0.28
5372,0.04,0.0,0.02,0.94
5373,0.04,0.92,0.0,0.04
5374,0.0,1.0,0.0,0.0
5375,0.28,0.0,0.02,0.7
5376,0.0,0.0,1.0,0.0
5377,0.02,0.0,0.06,0.92
5378,0.02,0.0,0.98,0.0
5379,0.1,0.0,0.0,0.9
5380,0.86,0.04,0.0,0.1
5381,0.0,0.0,0.72,0.28
5382,0.2,0.08,0.02,0.7
5383,0.0,0.0,1.0,0.0
5384,0.86,0.12,0.02,0.0
5385,0.0,0.0,0.02,0.98
5386,0.04,0.22,0.74,0.0
5387,0.0,0.0,0.98,0.02
5388,0.76,0.0,0.02,0.22
5389,0.92,0.0,0.04,0.04
5390,0.88,0.0,0.02,0.1
5391,0.0,1.0,0.0,0.0
5392,0.0,1.0,0.0,0.0
5393,0.0,0.92,0.06,0.02
5394,0.86,0.02,0.0,0.12
5395,0.0,0.96,0.02,0.02
5396,0.0,0.94,0.04,0.02
5397,0.02,0.0,0.98,0.0
5398,0.0,1.0,0.0,0.0
5399,0.98,0.0,0.0,0.02
5400,0.96,0.0,0.0,0.04
5401,0.0,0.98,0.02,0.0
5402,0.04,0.0,0.96,0.0
5403,0.0,0.98,0.0,0.02
5404,0.02,0.0,0.9,0.08
5405,0.06,0.0,0.94,0.0
5406,0.0,0.9795180722891567,0.020481927710843374,0.0
5407,0.92,0.0,0.06,0.02
5408,0.0,0.98,0.0,0.02
5409,0.0,0.0,0.98,0.02
5410,0.02,0.02,0.96,0.0
5411,0.04,0.04,0.0,0.92
5412,0.04,0.02,0.0,0.94
5413,0.88,0.0,0.02,0.1
5414,0.02,0.02,0.0,0.96
5415,0.0,1.0,0.0,0.0
5416,0.04,0.0,0.96,0.0
5417,0.94,0.0,0.06,0.0
5418,0.86,0.04,0.06,0.04
5419,0.0,1.0,0.0,0.0
5420,0.0,0.06,0.94,0.0
5421,0.0,0.0,0.98,0.02
5422,0.0,1.0,0.0,0.0
5423,0.86,0.02,0.0,0.12
5424,0.0,0.94,0.02,0.04
5425,0.96,0.0,0.04,0.0
5426,0.88,0.0,0.08,0.04
5427,0.88,0.12,0.0,0.0
5428,1.0,0.0,0.0,0.0
5429,0.02,0.0,0.04,0.94
5430,0.0,0.96,0.04,0.0
5431,0.92,0.0,0.06,0.02
5432,0.9,0.02,0.04,0.04
5433,0.98,0.0,0.0,0.02
5434,0.9,0.0,0.06,0.04
5435,0.06,0.92,0.02,0.0
5436,0.0,0.06,0.94,0.0
5437,0.0,1.0,0.0,0.0
5438,0.94,0.02,0.02,0.02
5439,0.0,0.0,0.0,1.0
5440,0.92,0.0,0.0,0.08
5441,0.82,0.04,0.0,0.14
5442,0.0,0.98,0.02,0.0
5443,0.0,1.0,0.0,0.0
5444,0.0,0.0,0.9,0.1
5445,1.0,0.0,0.0,0.0
5446,0.04,0.0,0.02,0.94
5447,0.0,0.96,0.04,0.0
5448,0.0,0.0,0.08,0.92
5449,0.0,0.0,1.0,0.0
5450,0.0,0.0,0.88,0.12
5451,0.0,0.0,0.98,0.02
5452,1.0,0.0,0.0,0.0
5453,0.02,0.06,0.92,0.0
5454,0.0,1.0,0.0,0.0
5455,0.02,0.0,0.0,0.98
5456,0.84,0.04,0.06,0.06
5457,0.0,0.98,0.02,0.0
5458,0.08,0.0,0.1,0.82
5459,0.02,0.28,0.68,0.02
5460,0.0,1.0,0.0,0.0
5461,0.8,0.02,0.0,0.18
5462,0.0,1.0,0.0,0.0
5463,0.92,0.02,0.0,0.06
5464,0.0,0.98,0.0,0.02
5465,0.0,0.98,0.02,0.0
5466,0.72,0.04,0.02,0.22
5467,0.14,0.0,0.06,0.8
5468,0.04,0.02,0.0,0.94
5469,0.04,0.92,0.04,0.0
5470,0.88,0.0,0.08,0.04
5471,0.04,0.0,0.0,0.96
5472,0.0,0.98,0.0,0.02
5473,0.88,0.12,0.0,0.0
5474,0.92,0.06,0.0,0.02
5475,0.02,0.0,0.7,0.28
5476,0.0,0.0,0.02,0.98
5477,0.04,0.0,0.0,0.96
5478,0.02,0.22,0.76,0.0
5479,0.96,0.0,0.04,0.0
5480,0.08,0.2,0.7,0.02
5481,0.0,1.0,0.0,0.0
5482,0.04,0.04,0.92,0.0
5483,0.98,0.0,0.02,0.0
5484,0.0,0.96,0.04,0.0
5485,0.0,1.0,0.0,0.0
5486,0.02,0.98,0.0,0.0
5487,0.0,1.0,0.0,0.0
5488,0.0,1.0,0.0,0.0
5489,0.0,0.92,0.08,0.0
5490,0.9,0.0,0.0,0.1
5491,0.98,0.0,0.02,0.0
5492,0.0,0.0,0.0,1.0
5493,0.0,1.0,0.0,0.0
5494,0.0,0.98,0.02,0.0
5495,0.0,1.0,0.0,0.0
5496,0.0,1.0,0.0,0.0
5497,0.04,0.02,0.92,0.02
5498,0.96,0.0,0.04,0.0
5499,0.86,0.14,0.0,0.0
5500,0.0,0.96,0.02,0.02
5501,0.02,0.02,0.92,0.04
5502,0.12,0.86,0.0,0.02
5503,0.2,0.0,0.0,0.8
5504,0.02,0.02,0.96,0.0
5505,0.0,0.0,0.06,0.94
5506,0.02,0.0,0.0,0.98
5507,0.04,0.02,0.92,0.02
5508,0.0,1.0,0.0,0.0
5509,0.0,1.0,0.0,0.0
5510,0.04,0.0,0.94,0.02
5511,0.04,0.0,0.88,0.08
5512,0.02,0.02,0.96,0.0
5513,0.0,1.0,0.0,0.0
5514,0.02,0.96,0.02,0.0
5515,0.02,0.0,0.0,0.98
5516,0.0,1.0,0.0,0.0
5517,0.0,0.96,0.02,0.02
5518,0.92,0.0,0.02,0.06
5519,0.0,0.0,0.98,0.02
5520,0.0,1.0,0.0,0.0
5521,0.04,0.02,0.94,0.0
5522,0.0,0.0,1.0,0.0
5523,0.02,0.94,0.04,0.0
5524,0.14,0.0,0.02,0.84
5525,0.0,1.0,0.0,0.0
5526,0.96,0.02,0.0,0.02
5527,0.0,0.0,1.0,0.0
5528,0.94,0.0,0.02,0.04
5529,0.02,0.96,0.02,0.0
5530,0.86,0.04,0.0,0.1
5531,0.0,0.98,0.02,0.0
5532,0.0,0.02,0.0,0.98
5533,0.28,0.0,0.72,0.0
5534,0.0,1.0,0.0,0.0
5535,0.28,0.02,0.0,0.7
5536,0.0,0.98,0.02,0.0
5537,0.0,1.0,0.0,0.0
5538,0.02,0.94,0.02,0.02
5539,0.0,1.0,0.0,0.0
5540,0.02,0.0,0.98,0.0
5541,0.0,0.0,1.0,0.0
5542,0.0,0.98,0.0,0.02
5543,0.28,0.0,0.02,0.7
5544,0.02,0.16,0.82,0.0
5545,0.88,0.06,0.02,0.04
5546,0.0,0.0,1.0,0.0
5547,0.9,0.0,0.02,0.08
5548,0.94,0.0,0.04,0.02
5549,0.0,1.0,0.0,0.0
5550,0.02,0.92,0.06,0.0
5551,0.0,1.0,0.0,0.0
5552,0.96,0.0,0.02,0.02
5553,0.86,0.0,0.04,0.1
5554,0.92,0.06,0.0,0.02
5555,0.02,0.98,0.0,0.0
5556,0.0,0.0,0.98,0.02
5557,0.98,0.0,0.0,0.02
5558,0.26,0.02,0.0,0.72
5559,0.0,0.0,1.0,0.0
5560,0.06,0.02,0.84,0.08
5561,0.0,0.98,0.02,0.0
5562,0.0,1.0,0.0,0.0
5563,0.86,0.02,0.02,0.1
5564,0.08,0.92,0.0,0.0
5565,0.1,0.0,0.08,0.82
5566,0.0,0.98,0.02,0.0
5567,0.06,0.0,0.9,0.04
5568,0.0,0.98,0.02,0.0
5569,0.16,0.0,0.8,0.04
5570,0.0,0.0,0.98,0.02
5571,0.94,0.02,0.04,0.0
5572,0.02,0.02,0.94,0.02
5573,0.08,0.0,0.8,0.12
5574,0.0,0.96,0.04,0.0
5575,0.1,0.02,0.06,0.82
5576,0.88,0.0,0.02,0.1
5577,0.2,0.04,0.7,0.06
5578,0.2,0.74,0.04,0.02
5579,0.12,0.0,0.02,0.86
5580,0.02,0.0,0.98,0.0
5581,0.06,0.1,0.78,0.06
5582,0.08,0.0,0.88,0.04
5583,0.9,0.1,0.0,0.0
5584,0.98,0.0,0.02,0.0
5585,0.04,0.02,0.92,0.02
5586,0.78,0.02,0.04,0.16
5587,0.06,0.0,0.0,0.94
5588,0.96,0.02,0.0,0.02
5589,0.0,0.18,0.82,0.0
5590,0.0,0.96,0.04,0.0
5591,0.0,0.0,0.98,0.02
5592,0.0,0.0,0.0,1.0
5593,0.02,0.0,0.02,0.96
5594,0.02,0.0,0.96,0.02
5595,0.98,0.0,0.02,0.0
5596,0.0,0.84,0.14,0.02
5597,0.02,0.0,0.0,0.98
5598,0.0,1.0,0.0,0.0
5599,0.02,0.0,0.98,0.0
5600,0.0,0.0,0.96,0.04
5601,0.92,0.0,0.04,0.04
5602,0.98,0.02,0.0,0.0
5603,0.0,0.12,0.88,0.0
5604,0.0,0.0,0.12,0.88
5605,0.92,0.0,0.08,0.0
5606,0.0,0.98,0.02,0.0
5607,0.9,0.0,0.06,0.04
5608,0.88,0.12,0.0,0.0
5609,0.0,1.0,0.0,0.0
5610,0.96,0.02,0.0,0.02
5611,0.0,0.0,0.98,0.02
5612,0.0,1.0,0.0,0.0
5613,0.96,0.0,0.02,0.02
5614,0.14,0.0,0.84,0.02
5615,0.32,0.0,0.68,0.0
5616,0.0,1.0,0.0,0.0
5617,0.02,0.98,0.0,0.0
5618,0.0,0.0,1.0,0.0
5619,0.26,0.04,0.62,0.08
5620,0.9,0.02,0.02,0.06
5621,0.06,0.02,0.02,0.9
5622,0.0,0.0,1.0,0.0
5623,0.92,0.02,0.0,0.06
5624,0.0,0.0,0.04,0.96
5625,0.86,0.08,0.06,0.0
5626,0.0,0.94,0.04,0.02
5627,0.0,0.0,1.0,0.0
5628,0.0,0.0,1.0,0.0
5629,0.9,0.0,0.08,0.02
5630,0.02,0.0,0.02,0.96
5631,0.02,0.98,0.0,0.0
5632,0.0,1.0,0.0,0.0
5633,0.0,0.0,0.98,0.02
5634,0.0,1.0,0.0,0.0
5635,0.0,0.98,0.02,0.0
5636,0.0,0.0,0.7,0.3
5637,0.04,0.94,0.0,0.02
5638,0.0,1.0,0.0,0.0
5639,0.0,0.0,0.02,0.98
5640,0.0,0.04,0.92,0.04
5641,0.0,1.0,0.0,0.0
5642,0.16,0.06,0.72,0.06
5643,0.0,1.0,0.0,0.0
5644,0.0,1.0,0.0,0.0
5645,0.96,0.0,0.04,0.0
5646,0.0,0.0,0.02,0.98
5647,0.02,0.0,0.98,0.0
5648,0.0,0.0,0.98,0.02
5649,0.0,0.98,0.02,0.0
5650,0.02,0.0,0.98,0.0
5651,0.0,1.0,0.0,0.0
5652,0.0,0.98,0.02,0.0
5653,0.0,0.0,0.0,1.0
5654,0.08,0.0,0.9,0.02
5655,0.02,0.96,0.02,0.0
5656,0.04,0.0,0.0,0.96
5657,0.02,0.0,0.04,0.94
5658,0.0,1.0,0.0,0.0
5659,0.0,0.96,0.04,0.0
5660,0.92,0.0,0.0,0.08
5661,0.2,0.0,0.0,0.8
5662,0.92,0.0,0.08,0.0
5663,0.04,0.0,0.96,0.0
5664,0.04,0.0,0.0,0.96
5665,0.1,0.9,0.0,0.0
5666,0.84,0.02,0.0,0.14
5667,0.06,0.0,0.02,0.92
5668,0.0,0.0,0.98,0.02
5669,0.0,0.98,0.02,0.0
5670,0.0,0.0,1.0,0.0
5671,0.84,0.04,0.0,0.12
5672,0.94,0.06,0.0,0.0
5673,0.76,0.04,0.0,0.2
5674,0.0,0.0,1.0,0.0
5675,0.0,1.0,0.0,0.0
5676,0.0,0.02,0.94,0.04
5677,0.02,0.98,0.0,0.0
5678,0.08,0.02,0.02,0.88
5679,0.98,0.0,0.0,0.02
5680,0.02,0.96,0.02,0.0
5681,0.16,0.0,0.08,0.76
5682,0.0,0.0,1.0,0.0
5683,0.04,0.0,0.96,0.0
5684,0.02,0.96,0.02,0.0
5685,0.0,0.0,1.0,0.0
5686,0.06,0.92,0.0,0.02
5687,0.88,0.08,0.04,0.0
5688,0.0,1.0,0.0,0.0
5689,0.92,0.0,0.0,0.08
5690,0.94,0.0,0.0,0.06
5691,0.94,0.04,0.0,0.02
5692,0.0,1.0,0.0,0.0
5693,0.06,0.0,0.0,0.94
5694,0.1,0.0,0.86,0.04
5695,0.02,0.0,0.26,0.72
5696,0.04,0.9,0.02,0.04
5697,0.1,0.86,0.02,0.02
5698,0.0,0.98,0.02,0.0
5699,0.04,0.0,0.02,0.94
5700,0.0,0.0,0.0,1.0
5701,0.9,0.0,0.08,0.02
5702,0.02,0.0,0.98,0.0
5703,0.0,0.0,0.1,0.9
5704,0.0,1.0,0.0,0.0
5705,0.16,0.0,0.0,0.84
5706,0.02,0.02,0.94,0.02
5707,0.88,0.0,0.1,0.02
5708,0.04,0.0,0.02,0.94
5709,0.0,0.0,1.0,0.0
5710,0.0,0.98,0.02,0.0
5711,0.22,0.1,0.64,0.04
5712,0.0,0.0,0.0,1.0
5713,0.04,0.0,0.0,0.96
5714,0.0,0.94,0.0,0.06
5715,0.0,0.02,0.96,0.02
5716,0.0,0.0,0.0,1.0
5717,0.04,0.0,0.04,0.92
5718,0.0,1.0,0.0,0.0
5719,0.08,0.0,0.0,0.92
5720,0.0,1.0,0.0,0.0
5721,0.0,0.96,0.02,0.02
5722,0.1,0.0,0.06,0.84
5723,0.04,0.0,0.06,0.9
5724,0.92,0.02,0.06,0.0
5725,0.04,0.0,0.9,0.06
5726,0.1,0.0,0.0,0.9
5727,0.0,0.98,0.0,0.02
5728,0.98,0.0,0.02,0.0
5729,0.02,0.96,0.0,0.02
5730,0.36,0.0,0.02,0.62
5731,0.92,0.0,0.02,0.06
5732,0.0,0.0,0.02,0.98
5733,0.0,1.0,0.0,0.0
5734,0.1,0.84,0.04,0.02
5735,0.0,1.0,0.0,0.0
5736,0.0,0.98,0.02,0.0
5737,0.0,1.0,0.0,0.0
5738,0.02,0.02,0.22,0.74
5739,0.02,0.0,0.96,0.02
5740,0.0,0.98,0.02,0.0
5741,0.04,0.04,0.0,0.92
5742,0.0,0.96,0.02,0.02
5743,0.0,0.0,1.0,0.0
5744,0.0,0.98,0.02,0.0
5745,0.0,0.0,0.98,0.02
5746,0.02,0.0,0.0,0.98
5747,0.0,0.96,0.04,0.0
5748,0.08,0.0,0.9,0.02
5749,0.0,0.0,0.08,0.92
5750,0.0,0.0,0.0,1.0
5751,0.14,0.82,0.04,0.0
5752,0.0,1.0,0.0,0.0
5753,0.0,1.0,0.0,0.0
5754,0.0,0.0,1.0,0.0
5755,0.02,0.0,0.92,0.06
5756,0.92,0.0,0.0,0.08
5757,0.02,0.96,0.0,0.02
5758,0.02,0.02,0.02,0.94
5759,0.0,1.0,0.0,0.0
5760,0.02,0.02,0.68,0.28
5761,0.94,0.0,0.06,0.0
5762,0.0,1.0,0.0,0.0
5763,0.06,0.9,0.04,0.0
5764,0.0,0.28,0.7,0.02
5765,0.98,0.0,0.02,0.0
5766,0.0,0.0,1.0,0.0
5767,0.0,0.0,1.0,0.0
5768,0.12,0.0,0.0,0.88
5769,0.0,0.94,0.06,0.0
5770,0.14,0.82,0.0,0.04
5771,0.04,0.0,0.06,0.9
5772,0.04,0.0,0.02,0.94
5773,0.9,0.0,0.02,0.08
5774,0.78,0.0,0.02,0.2
5775,0.0,0.0,0.02,0.98
5776,0.04,0.94,0.02,0.0
5777,0.0,1.0,0.0,0.0
5778,0.02,0.96,0.0,0.02
5779,0.74,0.0,0.24,0.02
5780,0.0,0.0,1.0,0.0
5781,0.04,0.02,0.92,0.02
5782,0.58,0.02,0.28,0.12
5783,0.08,0.0,0.0,0.92
5784,0.0,0.06,0.94,0.0
5785,0.0,0.98,0.02,0.0
5786,0.0,0.02,0.98,0.0
5787,0.1,0.02,0.86,0.02
5788,0.0,0.98,0.0,0.02
5789,0.0,1.0,0.0,0.0
5790,0.2,0.04,0.72,0.04
5791,0.08,0.0,0.02,0.9
5792,0.08,0.02,0.0,0.9
5793,0.0,0.0,0.04,0.96
5794,0.0,0.98,0.02,0.0
5795,0.02,0.86,0.08,0.04
5796,0.0,0.98,0.02,0.0
5797,0.1,0.08,0.82,0.0
5798,0.04,0.04,0.82,0.1
5799,0.02,0.98,0.0,0.0
5800,0.02,0.0,0.0,0.98
5801,0.0,1.0,0.0,0.0
5802,0.0,0.0,0.96,0.04
5803,0.08,0.0,0.04,0.88
5804,0.02,0.98,0.0,0.0
5805,0.02,0.02,0.0,0.96
5806,0.02,0.02,0.02,0.94
5807,0.92,0.0,0.02,0.06
5808,0.2,0.04,0.0,0.76
5809,0.0,0.0,0.04,0.96
5810,0.0,0.98,0.02,0.0
5811,0.0,1.0,0.0,0.0
5812,0.0,0.98,0.02,0.0
5813,0.02,0.94,0.04,0.0
5814,0.92,0.0,0.06,0.02
5815,0.0,0.0,0.98,0.02
5816,0.0,1.0,0.0,0.0
5817,0.04,0.06,0.04,0.86
5818,0.0,1.0,0.0,0.0
5819,0.84,0.02,0.1,0.04
5820,0.82,0.04,0.0,0.14
5821,0.02,0.0,0.0,0.98
5822,0.14,0.02,0.02,0.82
5823,0.0,1.0,0.0,0.0
5824,0.0,0.0,1.0,0.0
5825,0.0,0.0,1.0,0.0
5826,0.0,0.88,0.12,0.0
5827,0.02,0.0,0.0,0.98
5828,0.02,0.0,0.04,0.94
5829,0.24,0.02,0.02,0.72
5830,0.02,0.0,0.04,0.94
5831,0.0,0.98,0.02,0.0
5832,0.08,0.0,0.02,0.9
5833,0.02,0.02,0.02,0.94
5834,0.0,0.96,0.0,0.04
5835,0.0,0.0,1.0,0.0
5836,0.0,0.0,0.0,1.0
5837,0.02,0.0,0.92,0.06
5838,0.0,1.0,0.0,0.0
5839,0.84,0.02,0.02,0.12
5840,0.0,1.0,0.0,0.0
5841,0.1,0.04,0.02,0.84
5842,0.02,0.98,0.0,0.0
5843,0.02,0.04,0.94,0.0
5844,0.0,0.0,1.0,0.0
5845,0.0,0.0,1.0,0.0
5846,0.02,0.98,0.0,0.0
5847,0.0,0.94,0.06,0.0
5848,0.0,0.0,1.0,0.0
5849,0.0,0.0,0.94,0.06
5850,0.04,0.0,0.02,0.94
5851,0.0,0.04,0.94,0.02
5852,0.72,0.04,0.06,0.18
5853,0.0,0.0,0.04,0.96
5854,0.0,1.0,0.0,0.0
5855,0.0,1.0,0.0,0.0
5856,0.26,0.02,0.06,0.66
5857,0.0,0.96,0.02,0.02
5858,0.0,0.98,0.0,0.02
5859,0.0,1.0,0.0,0.0
5860,0.06,0.0,0.02,0.92
5861,0.9,0.0,0.1,0.0
5862,0.0,1.0,0.0,0.0
5863,0.94,0.0,0.0,0.06
5864,0.06,0.02,0.86,0.06
5865,0.0,1.0,0.0,0.0
5866,0.26,0.02,0.02,0.7
5867,0.0,1.0,0.0,0.0
5868,0.02,0.02,0.96,0.0
5869,0.0,0.94,0.06,0.0
5870,0.0,1.0,0.0,0.0
5871,0.0,0.96,0.04,0.0
5872,0.04,0.0,0.0,0.96
5873,0.02,0.02,0.0,0.96
5874,0.0,0.0,0.04,0.96
5875,0.06,0.94,0.0,0.0
5876,0.0,0.98,0.0,0.02
5877,0.0,0.0,0.04,0.96
5878,0.0,0.0,0.02,0.98
5879,0.04,0.0,0.02,0.94
5880,0.9,0.02,0.08,0.0
5881,0.1,0.0,0.82,0.08
5882,0.12,0.0,0.04,0.84
5883,0.0,0.98,0.02,0.0
5884,0.02,0.0,0.02,0.96
5885,0.22,0.0,0.08,0.7
5886,0.0,1.0,0.0,0.0
5887,0.02,0.98,0.0,0.0
5888,0.9,0.02,0.02,0.06
5889,0.0,0.98,0.02,0.0
5890,0.9,0.0,0.0,0.1
5891,0.0,0.0,1.0,0.0
5892,0.0,0.0,0.98,0.02
5893,0.92,0.02,0.0,0.06
5894,0.0,0.98,0.02,0.0
5895,0.02,0.0,0.04,0.94
5896,0.86,0.02,0.0,0.12
5897,0.96,0.0,0.0,0.04
5898,0.02,0.0,0.94,0.04
5899,0.0,1.0,0.0,0.0
5900,0.06,0.02,0.0,0.92
5901,0.1,0.06,0.72,0.12
5902,0.04,0.0,0.96,0.0
5903,0.0,1.0,0.0,0.0
5904,0.06,0.02,0.9,0.02
5905,0.0,0.0,0.08,0.92
5906,0.0,1.0,0.0,0.0
5907,0.02,0.0,0.98,0.0
5908,0.78,0.0,0.18,0.04
5909,0.0,0.0,0.98,0.02
5910,0.0,1.0,0.0,0.0
5911,0.06,0.0,0.9,0.04
5912,0.06,0.0,0.0,0.94
5913,0.18,0.0,0.04,0.78
5914,0.04,0.0,0.94,0.02
5915,0.86,0.04,0.06,0.04
5916,0.0,1.0,0.0,0.0
5917,0.08,0.0,0.18,0.74
5918,0.92,0.0,0.02,0.06
5919,0.88,0.0,0.04,0.08
5920,0.02,0.02,0.02,0.94
5921,0.02,0.92,0.06,0.0
5922,0.88,0.0,0.0,0.12
5923,0.02,0.0,0.98,0.0
5924,0.0,0.98,0.02,0.0
5925,0.22,0.0,0.0,0.78
5926,0.0,0.0,0.98,0.02
5927,0.14,0.02,0.02,0.82
5928,0.0,1.0,0.0,0.0
5929,0.98,0.0,0.02,0.0
5930,0.0,0.96,0.04,0.0
5931,0.0,1.0,0.0,0.0
5932,0.02,0.0,0.0,0.98
5933,0.02,0.02,0.0,0.96
5934,1.0,0.0,0.0,0.0
5935,0.04,0.88,0.06,0.02
5936,0.0,1.0,0.0,0.0
5937,0.98,0.0,0.02,0.0
5938,0.08,0.02,0.0,0.9
5939,0.0,1.0,0.0,0.0
5940,0.92,0.04,0.04,0.0
5941,0.06,0.0,0.0,0.94
5942,0.94,0.0,0.04,0.02
5943,0.0,1.0,0.0,0.0
5944,0.22,0.6,0.1,0.08
5945,0.96,0.0,0.02,0.02
5946,0.02,0.96,0.0,0.02
5947,0.0,1.0,0.0,0.0
5948,0.82,0.02,0.06,0.1
5949,0.98,0.0,0.02,0.0
5950,0.74,0.2,0.02,0.04
5951,0.0,0.0,1.0,0.0
5952,0.06,0.0,0.02,0.92
5953,0.0,0.98,0.0,0.02
5954,0.18,0.0,0.0,0.82
5955,0.04,0.02,0.94,0.0
5956,0.02,0.0,0.04,0.94
5957,0.92,0.0,0.0,0.08
5958,0.1,0.0,0.0,0.9
5959,0.0,0.0,0.76,0.24
5960,0.04,0.0,0.0,0.96
5961,0.0,0.0,0.0,1.0
5962,0.0,1.0,0.0,0.0
5963,0.0,1.0,0.0,0.0
5964,0.94,0.0,0.02,0.04
5965,0.0,0.98,0.02,0.0
5966,0.0,1.0,0.0,0.0
5967,0.08,0.0,0.02,0.9
5968,0.2,0.0,0.76,0.04
5969,0.06,0.0,0.02,0.92
5970,0.86,0.0,0.04,0.1
5971,0.98,0.0,0.02,0.0
5972,0.0,1.0,0.0,0.0
5973,0.0,0.98,0.02,0.0
5974,0.02,0.0,0.0,0.98
5975,0.02,0.0,0.66,0.32
5976,0.0,0.0,0.14,0.86
5977,0.02,0.02,0.96,0.0
5978,0.12,0.02,0.0,0.86
5979,0.04,0.0,0.38,0.58
5980,0.1,0.0,0.04,0.86
5981,0.84,0.06,0.06,0.04
5982,0.0,0.0,0.94,0.06
5983,0.02,0.98,0.0,0.0
5984,0.0,1.0,0.0,0.0
5985,0.04,0.96,0.0,0.0
5986,0.02,0.96,0.02,0.0
5987,0.0,1.0,0.0,0.0
5988,0.02,0.0,0.98,0.0
5989,0.86,0.0,0.04,0.1
5990,0.96,0.0,0.04,0.0
5991,0.02,0.94,0.04,0.0
5992,0.02,0.98,0.0,0.0
5993,0.0,0.02,0.96,0.02
5994,0.36,0.0,0.06,0.58
5995,0.98,0.0,0.02,0.0
5996,0.02,0.0,0.02,0.96
5997,0.76,0.0,0.0,0.24
5998,0.0,1.0,0.0,0.0
5999,0.0,0.96,0.02,0.02
6000,0.04,0.0,0.0,0.96
6001,0.0,0.02,0.98,0.0
6002,0.98,0.0,0.02,0.0
6003,0.98,0.0,0.02,0.0
6004,0.04,0.02,0.0,0.94
6005,0.66,0.0,0.0,0.34
6006,0.18,0.0,0.0,0.82
6007,0.0,1.0,0.0,0.0
6008,0.02,0.96,0.02,0.0
6009,0.02,0.92,0.02,0.04
6010,0.96,0.0,0.04,0.0
6011,0.0,0.98,0.02,0.0
6012,0.06,0.92,0.02,0.0
6013,0.94,0.0,0.0,0.06
6014,0.06,0.04,0.86,0.04
6015,0.0,1.0,0.0,0.0
6016,0.02,0.0,0.0,0.98
6017,0.0,0.96,0.02,0.02
6018,0.02,0.0,0.96,0.02
6019,0.04,0.0,0.96,0.0
6020,0.0,0.0,0.82,0.18
6021,0.0,0.98,0.02,0.0
6022,0.02,0.0,0.96,0.02
6023,0.16,0.0,0.02,0.82
6024,0.0,0.02,0.96,0.02
6025,0.9,0.04,0.04,0.02
6026,0.02,0.02,0.02,0.94
6027,0.04,0.0,0.0,0.96
6028,0.04,0.94,0.02,0.0
6029,0.0,0.12,0.84,0.04
6030,0.0,0.0,1.0,0.0
6031,0.02,0.38,0.6,0.0
6032,0.08,0.86,0.02,0.04
6033,0.0,1.0,0.0,0.0
6034,0.94,0.02,0.0,0.04
6035,0.0,0.98,0.0,0.02
6036,0.02,0.02,0.66,0.3
6037,0.94,0.0,0.0,0.06
6038,0.22,0.0,0.0,0.78
6039,0.96,0.02,0.02,0.0
6040,0.04,0.0,0.02,0.94
6041,0.02,0.34,0.64,0.0
6042,0.02,0.0,0.98,0.0
6043,0.0,0.0,1.0,0.0
6044,0.86,0.0,0.04,0.1
6045,0.0,1.0,0.0,0.0
6046,0.02,0.98,0.0,0.0
6047,0.72,0.24,0.02,0.02
6048,0.2,0.0,0.76,0.04
6049,0.0,0.96,0.04,0.0
6050,0.02,0.98,0.0,0.0
6051,0.68,0.24,0.02,0.06
6052,0.02,0.06,0.84,0.08
6053,0.0,0.98,0.02,0.0
6054,0.4,0.0,0.0,0.6
6055,0.02,0.02,0.94,0.02
6056,0.0,1.0,0.0,0.0
6057,0.04,0.34,0.0,0.62
6058,0.26,0.0,0.02,0.72
6059,0.0,1.0,0.0,0.0
6060,0.0,0.4,0.6,0.0
6061,0.0,0.94,0.06,0.0
6062,0.0,0.16,0.84,0.0
6063,0.0,0.92,0.06,0.02
6064,0.0,0.0,1.0,0.0
6065,0.86,0.1,0.04,0.0
6066,0.22,0.02,0.72,0.04
6067,0.96,0.0,0.04,0.0
6068,0.0,1.0,0.0,0.0
6069,0.02,0.98,0.0,0.0
6070,0.96,0.02,0.02,0.0
6071,0.02,0.98,0.0,0.0
6072,0.0,0.0,1.0,0.0
6073,0.0,0.0,1.0,0.0
6074,0.0,0.0,1.0,0.0
6075,0.0,0.98,0.02,0.0
6076,0.98,0.0,0.0,0.02
6077,0.02,0.0,0.0,0.98
6078,0.0,0.0,0.0,1.0
6079,0.94,0.0,0.06,0.0
6080,0.0,0.92,0.02,0.06
6081,0.02,0.0,0.02,0.96
6082,0.0,1.0,0.0,0.0
6083,0.0,1.0,0.0,0.0
6084,0.92,0.0,0.08,0.0
6085,0.14,0.0,0.04,0.82
6086,0.02,0.96,0.0,0.02
6087,0.12,0.02,0.84,0.02
6088,0.0,0.0,1.0,0.0
6089,0.0,1.0,0.0,0.0
6090,0.0,0.0,0.08,0.92
6091,0.94,0.02,0.02,0.02
6092,0.0,1.0,0.0,0.0
6093,0.88,0.12,0.0,0.0
6094,0.0,0.02,0.96,0.02
6095,0.0,0.96,0.04,0.0
6096,0.0,0.98,0.02,0.0
6097,0.2,0.02,0.7,0.08
6098,0.92,0.06,0.02,0.0
6099,0.0,0.0,0.04,0.96
6100,0.0,0.0,0.02,0.98
6101,0.86,0.0,0.02,0.12
6102,0.0,0.0,1.0,0.0
6103,0.96,0.0,0.04,0.0
6104,0.0,0.0,0.04,0.96
6105,0.0,0.0,1.0,0.0
6106,0.0,1.0,0.0,0.0
6107,0.0,0.98,0.02,0.0
6108,0.02,0.0,0.0,0.98
6109,0.94,0.02,0.04,0.0
6110,0.92,0.04,0.04,0.0
6111,0.08,0.0,0.0,0.92
6112,0.02,0.98,0.0,0.0
6113,0.2,0.08,0.1,0.62
6114,0.02,0.98,0.0,0.0
6115,0.02,0.92,0.06,0.0
6116,0.02,0.0,0.04,0.94
6117,0.9,0.06,0.0,0.04
6118,0.0,0.0,0.02,0.98
6119,0.0,0.98,0.02,0.0
6120,0.0,0.98,0.02,0.0
6121,0.0,0.0,1.0,0.0
6122,0.0,1.0,0.0,0.0
6123,0.0,0.0,0.02,0.98
6124,0.02,0.02,0.96,0.0
6125,0.0,0.9,0.06,0.04
6126,0.92,0.0,0.06,0.02
6127,0.0,1.0,0.0,0.0
6128,0.04,0.02,0.02,0.92
6129,0.0,0.98,0.0,0.02
6130,0.86,0.06,0.06,0.02
6131,0.92,0.06,0.02,0.0
6132,0.0,0.02,0.04,0.94
6133,0.62,0.0,0.0,0.38
6134,0.02,0.98,0.0,0.0
6135,0.02,0.94,0.04,0.0
6136,0.08,0.88,0.04,0.0
6137,0.02,0.0,0.06,0.92
6138,0.0,1.0,0.0,0.0
6139,0.06,0.0,0.0,0.94
6140,0.0,0.02,0.02,0.96
6141,0.02,0.88,0.1,0.0
6142,0.0,0.0,1.0,0.0
6143,0.0,0.94,0.06,0.0
6144,0.0,0.0,0.04,0.96
6145,0.0,0.02,0.98,0.0
6146,0.84,0.1,0.06,0.0
6147,0.04,0.0,0.96,0.0
6148,0.0,0.98,0.0,0.02
6149,0.0,0.0,0.02,0.98
6150,0.0,0.02,0.04,0.94
6151,0.0,1.0,0.0,0.0
6152,0.94,0.02,0.02,0.02
6153,0.0,0.96,0.04,0.0
6154,0.08,0.02,0.06,0.84
6155,0.0,0.0,1.0,0.0
6156,0.04,0.92,0.02,0.02
6157,0.82,0.0,0.02,0.16
6158,0.0,0.98,0.02,0.0
6159,0.0,1.0,0.0,0.0
6160,0.72,0.0,0.18,0.1
6161,0.98,0.0,0.0,0.02
6162,0.0,0.0,0.04,0.96
6163,0.0,1.0,0.0,0.0
6164,1.0,0.0,0.0,0.0
6165,0.0,0.0,0.62,0.38
6166,0.08,0.02,0.02,0.88
6167,0.12,0.74,0.08,0.06
6168,0.92,0.0,0.02,0.06
6169,0.06,0.0,0.26,0.68
6170,0.0,0.0,1.0,0.0
6171,0.8,0.16,0.04,0.0
6172,0.0,0.98,0.02,0.0
6173,0.02,0.0,0.0,0.98
6174,0.94,0.04,0.0,0.02
6175,0.0,0.98,0.02,0.0
6176,0.0,1.0,0.0,0.0
6177,0.0,0.0,0.04,0.96
6178,0.04,0.94,0.0,0.02
6179,0.0,0.98,0.02,0.0
6180,0.0,0.98,0.02,0.0
6181,0.04,0.0,0.12,0.84
6182,0.94,0.02,0.02,0.02
6183,0.0,0.98,0.02,0.0
6184,0.02,0.94,0.02,0.02
6185,0.0,1.0,0.0,0.0
6186,0.18,0.0,0.0,0.82
6187,0.0,1.0,0.0,0.0
6188,0.96,0.0,0.04,0.0
6189,0.02,0.02,0.02,0.94
6190,0.1,0.02,0.02,0.86
6191,0.0,0.96,0.04,0.0
6192,0.02,0.0,0.06,0.92
6193,0.02,0.94,0.02,0.02
6194,0.96,0.0,0.04,0.0
6195,0.16,0.0,0.02,0.82
6196,0.0,0.0,0.0,1.0
6197,0.0,0.0,1.0,0.0
6198,0.86,0.0,0.02,0.12
6199,0.02,0.04,0.02,0.92
6200,0.0,0.08,0.9,0.02
6201,0.06,0.06,0.02,0.86
6202,0.0,0.96,0.04,0.0
6203,1.0,0.0,0.0,0.0
6204,0.8,0.2,0.0,0.0
6205,0.02,0.0,0.02,0.96
6206,0.02,0.0,0.98,0.0
6207,0.08,0.0,0.92,0.0
6208,0.88,0.0,0.06,0.06
6209,0.98,0.0,0.0,0.02
6210,0.1,0.8,0.06,0.04
6211,0.0,1.0,0.0,0.0
6212,0.82,0.16,0.0,0.02
6213,1.0,0.0,0.0,0.0
6214,0.02,0.02,0.96,0.0
6215,0.0,0.98,0.02,0.0
6216,0.0,1.0,0.0,0.0
6217,0.02,0.96,0.02,0.0
6218,0.02,0.0,0.04,0.94
6219,0.84,0.02,0.04,0.1
6220,0.78,0.02,0.0,0.2
6221,0.12,0.0,0.0,0.88
6222,0.98,0.0,0.0,0.02
6223,0.02,0.0,0.0,0.98
6224,0.24,0.02,0.0,0.74
6225,0.0,1.0,0.0,0.0
6226,0.02,0.98,0.0,0.0
6227,0.02,0.98,0.0,0.0
6228,0.08,0.04,0.12,0.76
6229,0.92,0.0,0.0,0.08
6230,0.02,0.02,0.0,0.96
6231,0.0,0.98,0.0,0.02
6232,0.02,0.02,0.0,0.96
6233,0.0,0.96,0.02,0.02
6234,0.94,0.0,0.06,0.0
6235,0.0,0.7,0.3,0.0
6236,0.1,0.82,0.02,0.06
6237,0.12,0.02,0.06,0.8
6238,0.92,0.0,0.02,0.06
6239,0.04,0.0,0.08,0.88
6240,0.12,0.0,0.86,0.02
6241,0.02,0.98,0.0,0.0
6242,0.0,1.0,0.0,0.0
6243,0.02,0.0,0.92,0.06
6244,0.84,0.02,0.0,0.14
6245,0.02,0.3,0.66,0.02
6246,0.04,0.02,0.02,0.92
6247,0.04,0.0,0.0,0.96
6248,0.0,0.94,0.06,0.0
6249,0.0,1.0,0.0,0.0
6250,0.0,1.0,0.0,0.0
6251,0.0,0.0,0.98,0.02
6252,0.12,0.02,0.04,0.82
6253,0.0,1.0,0.0,0.0
6254,0.12,0.04,0.02,0.82
6255,0.92,0.06,0.02,0.0
6256,0.0,0.02,0.96,0.02
6257,0.0,0.0,1.0,0.0
6258,0.96,0.0,0.02,0.02
6259,0.0,1.0,0.0,0.0
6260,0.26,0.02,0.14,0.58
6261,0.0,1.0,0.0,0.0
6262,0.06,0.0,0.08,0.86
6263,0.0,0.94,0.06,0.0
6264,0.0,0.98,0.0,0.02
6265,0.02,0.0,0.0,0.98
6266,0.0,0.98,0.0,0.02
6267,0.84,0.14,0.02,0.0
6268,0.0,0.9795180722891567,0.0004819277108433735,0.02
6269,0.0,1.0,0.0,0.0
6270,0.02,0.0,0.0,0.98
6271,0.0,0.0,1.0,0.0
6272,0.92,0.0,0.02,0.06
6273,0.0,0.96,0.04,0.0
6274,0.02,0.96,0.02,0.0
6275,0.0,0.96,0.0,0.04
6276,0.8,0.0,0.0,0.2
6277,0.92,0.0,0.08,0.0
6278,0.02,0.0,0.0,0.98
6279,0.04,0.08,0.84,0.04
6280,0.96,0.0,0.02,0.02
6281,0.0,0.0,0.98,0.02
6282,0.0,0.0,1.0,0.0
6283,0.04,0.0,0.94,0.02
6284,0.04,0.02,0.0,0.94
6285,0.88,0.0,0.04,0.08
6286,0.94,0.0,0.06,0.0
6287,0.08,0.02,0.0,0.9
6288,0.84,0.04,0.04,0.08
6289,0.08,0.0,0.0,0.92
6290,0.0,0.96,0.02,0.02
6291,0.8,0.04,0.06,0.1
6292,0.0,1.0,0.0,0.0
6293,0.0,0.9995180722891567,0.0004819277108433735,0.0
6294,0.82,0.02,0.04,0.12
6295,0.0,0.9595180722891566,0.04048192771084338,0.0
6296,0.76,0.02,0.0,0.22
6297,0.0,0.98,0.02,0.0
6298,0.0,1.0,0.0,0.0
6299,0.92,0.0,0.08,0.0
6300,0.98,0.0,0.02,0.0
6301,0.28,0.0,0.7,0.02
6302,0.0,0.94,0.06,0.0
6303,0.04,0.0,0.0,0.96
6304,0.0,0.0,1.0,0.0
6305,0.0,0.04,0.96,0.0
6306,0.0,1.0,0.0,0.0
6307,0.98,0.0,0.02,0.0
6308,0.06,0.0,0.92,0.02
6309,0.16,0.02,0.04,0.78
6310,0.0,0.02,0.98,0.0
6311,0.12,0.0,0.0,0.88
6312,0.0,0.96,0.02,0.02
6313,0.0,0.0,0.0,1.0
6314,0.78,0.04,0.0,0.18
6315,0.82,0.04,0.02,0.12
6316,1.0,0.0,0.0,0.0
6317,0.06,0.0,0.02,0.92
6318,0.96,0.0,0.0,0.04
6319,0.04,0.02,0.0,0.94
6320,0.0,1.0,0.0,0.0
6321,0.0,0.98,0.02,0.0
6322,0.04,0.88,0.06,0.02
6323,0.96,0.0,0.0,0.04
6324,0.0,0.98,0.02,0.0
6325,0.0,1.0,0.0,0.0
6326,0.0,1.0,0.0,0.0
6327,0.02,0.94,0.04,0.0
6328,0.72,0.28,0.0,0.0
6329,0.94,0.0,0.02,0.04
6330,0.0,1.0,0.0,0.0
6331,0.96,0.0,0.04,0.0
6332,0.0,0.0,0.98,0.02
6333,0.88,0.04,0.08,0.0
6334,0.0,1.0,0.0,0.0
6335,0.82,0.0,0.0,0.18
6336,0.82,0.12,0.02,0.04
6337,0.04,0.0,0.94,0.02
6338,0.0,0.0,0.98,0.02
6339,0.06,0.0,0.0,0.94
6340,0.8,0.0,0.02,0.18
6341,0.0,0.02,0.0,0.98
6342,0.0,1.0,0.0,0.0
6343,0.0,0.98,0.0,0.02
6344,0.96,0.0,0.04,0.0
6345,0.06,0.0,0.88,0.06
6346,0.06,0.04,0.8,0.1
6347,0.0,0.96,0.04,0.0
6348,0.2,0.76,0.02,0.02
6349,0.0,1.0,0.0,0.0
6350,0.0,1.0,0.0,0.0
6351,0.04,0.12,0.82,0.02
6352,0.0,1.0,0.0,0.0
6353,0.02,0.0,0.98,0.0
6354,0.0,0.98,0.02,0.0
6355,0.0,0.0,0.0,1.0
6356,0.02,0.0,0.96,0.02
6357,0.0,1.0,0.0,0.0
6358,0.94,0.02,0.02,0.02
6359,0.08,0.0,0.28,0.64
6360,0.0,1.0,0.0,0.0
6361,0.04,0.0,0.96,0.0
6362,0.0,0.98,0.02,0.0
6363,0.0,0.0,0.02,0.98
6364,0.02,0.92,0.04,0.02
6365,0.1,0.02,0.16,0.72
6366,0.0,0.9,0.1,0.0
6367,0.02,0.0,0.04,0.94
6368,0.78,0.02,0.0,0.2
6369,0.04,0.0,0.02,0.94
6370,0.0,0.96,0.04,0.0
6371,0.0,0.98,0.02,0.0
6372,0.0,0.0,0.0,1.0
6373,0.0,1.0,0.0,0.0
6374,0.0,0.04,0.96,0.0
6375,0.0,0.96,0.04,0.0
6376,0.0,1.0,0.0,0.0
6377,0.0,1.0,0.0,0.0
6378,0.14,0.0,0.0,0.86
6379,0.0,1.0,0.0,0.0
6380,0.74,0.0,0.24,0.02
6381,0.0,1.0,0.0,0.0
6382,0.02,0.98,0.0,0.0
6383,0.02,0.0,0.94,0.04
6384,0.0,1.0,0.0,0.0
6385,0.9,0.0,0.0,0.1
6386,0.04,0.04,0.92,0.0
6387,0.04,0.0,0.1,0.86
6388,0.96,0.0,0.04,0.0
6389,0.04,0.02,0.9,0.04
6390,0.1,0.0,0.04,0.86
6391,0.02,0.04,0.88,0.06
6392,0.0,1.0,0.0,0.0
6393,0.0,1.0,0.0,0.0
6394,0.0,1.0,0.0,0.0
6395,0.78,0.0,0.14,0.08
6396,0.0,0.0,1.0,0.0
6397,0.0,0.0,0.96,0.04
6398,0.08,0.0,0.02,0.9
6399,0.0,0.02,0.02,0.96
6400,0.0,1.0,0.0,0.0
6401,0.0,0.94,0.04,0.02
6402,0.88,0.06,0.04,0.02
6403,0.26,0.0,0.7,0.04
6404,0.1,0.02,0.0,0.88
6405,0.02,0.02,0.02,0.94
6406,0.02,0.94,0.02,0.02
6407,0.04,0.02,0.9,0.04
6408,0.0,0.98,0.02,0.0
6409,0.0,1.0,0.0,0.0
6410,0.02,0.04,0.02,0.92
6411,0.0,1.0,0.0,0.0
6412,0.0,0.98,0.02,0.0
6413,0.0,0.02,0.98,0.0
6414,0.0,1.0,0.0,0.0
6415,0.06,0.88,0.06,0.0
6416,0.0,0.0,0.04,0.96
6417,0.0,1.0,0.0,0.0
6418,0.04,0.0,0.0,0.96
6419,0.0,1.0,0.0,0.0
6420,0.02,0.02,0.02,0.94
6421,0.14,0.84,0.0,0.02
6422,0.0,1.0,0.0,0.0
6423,0.04,0.0,0.96,0.0
6424,0.02,0.0,0.98,0.0
6425,0.96,0.02,0.0,0.02
6426,0.1,0.0,0.02,0.88
6427,0.0,0.04,0.96,0.0
6428,0.0,0.0,0.02,0.98
6429,0.0,1.0,0.0,0.0
6430,0.7,0.0,0.04,0.26
6431,0.0,0.98,0.02,0.0
6432,0.0,0.02,0.0,0.98
6433,0.0,0.1,0.9,0.0
6434,0.0,1.0,0.0,0.0
6435,0.8,0.04,0.0,0.16
6436,0.06,0.0,0.0,0.94
6437,0.88,0.0,0.04,0.08
6438,0.0,0.02,0.8,0.18
6439,0.02,0.86,0.12,0.0
6440,0.22,0.76,0.0,0.02
6441,0.32,0.04,0.6,0.04
6442,0.9,0.0,0.08,0.02
6443,0.0,1.0,0.0,0.0
6444,0.2,0.02,0.02,0.76
6445,0.98,0.0,0.02,0.0
6446,0.04,0.02,0.04,0.9
6447,0.92,0.02,0.04,0.02
6448,0.0,0.98,0.02,0.0
6449,0.0,0.98,0.02,0.0
6450,0.86,0.04,0.0,0.1
6451,0.02,0.0,0.02,0.96
6452,0.62,0.0,0.02,0.36
6453,0.0,1.0,0.0,0.0
6454,0.0,0.96,0.04,0.0
6455,0.02,0.16,0.82,0.0
6456,0.0,0.94,0.06,0.0
6457,0.82,0.18,0.0,0.0
6458,0.98,0.0,0.02,0.0
6459,0.02,0.0,0.0,0.98
6460,0.12,0.06,0.12,0.7
6461,0.86,0.14,0.0,0.0
6462,0.0,0.0,0.02,0.98
6463,0.0,0.92,0.08,0.0
6464,0.02,0.02,0.0,0.96
6465,0.0,1.0,0.0,0.0
6466,0.08,0.32,0.04,0.56
6467,0.02,0.02,0.92,0.04
6468,0.88,0.0,0.08,0.04
6469,0.0,0.02,0.98,0.0
6470,0.06,0.0,0.08,0.86
6471,0.0,0.98,0.02,0.0
6472,0.0,1.0,0.0,0.0
6473,0.02,0.02,0.92,0.04
6474,0.0,0.0,1.0,0.0
6475,0.66,0.0,0.0,0.34
6476,0.0,1.0,0.0,0.0
6477,0.82,0.02,0.0,0.16
6478,0.96,0.02,0.02,0.0
6479,0.02,0.0,0.9,0.08
6480,0.0,1.0,0.0,0.0
6481,0.0,0.0,1.0,0.0
6482,0.0,0.98,0.02,0.0
6483,0.02,0.06,0.8,0.12
6484,0.0,1.0,0.0,0.0
6485,0.0,0.96,0.04,0.0
6486,0.0,0.98,0.02,0.0
6487,0.0,0.02,0.98,0.0
6488,0.02,0.0,0.02,0.96
6489,0.8,0.14,0.04,0.02
6490,0.14,0.0,0.02,0.84
6491,0.08,0.02,0.72,0.18
6492,0.86,0.1,0.02,0.02
6493,0.0,0.0,0.02,0.98
6494,0.0,0.98,0.02,0.0
6495,0.0,0.98,0.02,0.0
6496,0.88,0.02,0.02,0.08
6497,0.0,0.96,0.02,0.02
6498,0.0,1.0,0.0,0.0
6499,0.02,0.0,0.02,0.96
6500,0.2,0.02,0.74,0.04
6501,0.0,0.94,0.06,0.0
6502,0.08,0.0,0.88,0.04
6503,0.0,0.98,0.02,0.0
6504,0.04,0.92,0.04,0.0
6505,0.0,1.0,0.0,0.0
6506,0.0,1.0,0.0,0.0
6507,0.02,0.0,0.0,0.98
6508,0.14,0.06,0.76,0.04
6509,0.0,0.0,1.0,0.0
6510,0.0,0.0,1.0,0.0
6511,0.0,1.0,0.0,0.0
6512,0.02,0.96,0.02,0.0
6513,1.0,0.0,0.0,0.0
6514,0.02,0.0,0.98,0.0
6515,0.0,0.0,1.0,0.0
6516,0.0,1.0,0.0,0.0
6517,0.0,0.98,0.02,0.0
6518,0.02,0.0,0.98,0.0
6519,0.98,0.0,0.02,0.0
6520,0.96,0.04,0.0,0.0
6521,0.02,0.94,0.04,0.0
6522,0.02,0.0,0.04,0.94
6523,0.04,0.96,0.0,0.0
6524,0.02,0.0,0.98,0.0
6525,0.0,1.0,0.0,0.0
6526,0.1,0.02,0.0,0.88
6527,0.88,0.02,0.04,0.06
6528,0.02,0.96,0.02,0.0
6529,0.8,0.02,0.0,0.18
6530,0.0,0.0,0.0,1.0
6531,0.02,0.02,0.0,0.96
6532,0.06,0.84,0.06,0.04
6533,0.0,1.0,0.0,0.0
6534,0.1,0.12,0.76,0.02
6535,0.66,0.06,0.0,0.28
6536,0.0,1.0,0.0,0.0
6537,0.04,0.04,0.72,0.2
6538,0.02,0.74,0.22,0.02
6539,0.0,0.86,0.12,0.02
6540,0.0,0.0,1.0,0.0
6541,0.0,0.94,0.06,0.0
6542,0.9,0.06,0.0,0.04
6543,0.0,0.0,0.96,0.04
6544,0.94,0.0,0.02,0.04
6545,0.0,0.9995180722891567,0.0004819277108433735,0.0
6546,0.68,0.02,0.02,0.28
6547,0.02,0.0,0.96,0.02
6548,0.0,0.04,0.96,0.0
6549,0.0,1.0,0.0,0.0
6550,0.86,0.0,0.0,0.14
6551,0.9,0.08,0.0,0.02
6552,0.92,0.0,0.02,0.06
6553,0.0,0.9795180722891567,0.020481927710843374,0.0
6554,0.0,1.0,0.0,0.0
6555,0.08,0.0,0.9,0.02
6556,0.02,0.98,0.0,0.0
6557,0.02,0.0,0.94,0.04
6558,0.04,0.96,0.0,0.0
6559,0.0,0.0,1.0,0.0
6560,0.0,1.0,0.0,0.0
6561,0.92,0.08,0.0,0.0
6562,0.0,0.0,0.98,0.02
6563,0.0,0.96,0.02,0.02
6564,0.98,0.0,0.02,0.0
6565,0.02,0.96,0.0,0.02
6566,0.0,0.98,0.02,0.0
6567,0.0,0.0,0.0,1.0
6568,0.0,0.98,0.02,0.0
6569,0.96,0.02,0.02,0.0
6570,0.0,0.02,0.82,0.16
6571,0.2,0.12,0.06,0.62
6572,0.82,0.02,0.14,0.02
6573,0.0,0.0,1.0,0.0
6574,0.0,0.0,0.9,0.1
6575,0.0,1.0,0.0,0.0
6576,0.0,1.0,0.0,0.0
6577,0.02,0.0,0.04,0.94
6578,0.0,0.98,0.02,0.0
6579,0.02,0.02,0.0,0.96
6580,0.94,0.0,0.0,0.06
6581,0.74,0.02,0.0,0.24
6582,0.0,0.0,0.96,0.04
6583,0.0,0.0,0.02,0.98
6584,0.0,0.94,0.06,0.0
6585,0.02,0.1,0.88,0.0
6586,0.0,0.98,0.02,0.0
6587,0.0,0.96,0.04,0.0
6588,0.02,0.0,0.96,0.02
6589,0.98,0.0,0.02,0.0
6590,0.0,0.0,1.0,0.0
6591,0.82,0.02,0.04,0.12
6592,0.0,0.98,0.02,0.0
6593,1.0,0.0,0.0,0.0
6594,0.0,0.0,0.98,0.02
6595,0.0,1.0,0.0,0.0
6596,0.04,0.96,0.0,0.0
6597,0.0,1.0,0.0,0.0
6598,0.7,0.0,0.02,0.28
6599,0.0,1.0,0.0,0.0
6600,0.0,1.0,0.0,0.0
6601,0.12,0.0,0.02,0.86
6602,0.0,0.98,0.02,0.0
6603,0.06,0.0,0.12,0.82
6604,0.24,0.02,0.0,0.74
6605,0.0,0.96,0.04,0.0
6606,0.18,0.02,0.02,0.78
6607,0.0,1.0,0.0,0.0
6608,0.0,0.0,0.0,1.0
6609,0.0,0.98,0.02,0.0
6610,0.0,1.0,0.0,0.0
6611,0.02,0.0,0.0,0.98
6612,0.14,0.0,0.06,0.8
6613,0.06,0.0,0.06,0.88
6614,0.0,0.3,0.7,0.0
6615,0.0,0.96,0.0,0.04
6616,0.08,0.02,0.0,0.9
6617,0.0,0.0,0.06,0.94
6618,0.0,0.5,0.5,0.0
6619,0.0,0.02,0.96,0.02
6620,0.0,1.0,0.0,0.0
6621,0.96,0.0,0.02,0.02
6622,0.0,0.0,1.0,0.0
6623,0.9,0.02,0.02,0.06
6624,0.82,0.08,0.1,0.0
6625,0.02,0.04,0.9,0.04
6626,0.0,0.98,0.02,0.0
6627,0.0,0.0,0.98,0.02
6628,0.9,0.04,0.0,0.06
6629,0.04,0.02,0.02,0.92
6630,0.0,1.0,0.0,0.0
6631,0.02,0.94,0.04,0.0
6632,0.0,0.0,0.0,1.0
6633,0.92,0.0,0.06,0.02
6634,0.0,0.98,0.02,0.0
6635,0.0,0.0,0.88,0.12
6636,0.0,1.0,0.0,0.0
6637,1.0,0.0,0.0,0.0
6638,0.0,0.98,0.02,0.0
6639,0.02,0.92,0.06,0.0
6640,0.0,1.0,0.0,0.0
6641,0.06,0.0,0.02,0.92
6642,0.0,1.0,0.0,0.0
6643,0.1,0.04,0.0,0.86
6644,0.46,0.0,0.0,0.54
6645,0.9,0.02,0.08,0.0
6646,0.04,0.02,0.92,0.02
6647,0.04,0.0,0.94,0.02
6648,0.12,0.0,0.0,0.88
6649,0.0,0.0,1.0,0.0
6650,0.08,0.02,0.8,0.1
6651,0.16,0.02,0.18,0.64
6652,0.02,0.36,0.62,0.0
6653,0.0,1.0,0.0,0.0
6654,0.0,1.0,0.0,0.0
6655,0.9,0.02,0.04,0.04
6656,0.0,0.0,0.04,0.96
6657,0.0,0.98,0.02,0.0
6658,0.0,1.0,0.0,0.0
6659,0.0,1.0,0.0,0.0
6660,0.0,0.28,0.72,0.0
6661,0.04,0.0,0.0,0.96
6662,0.02,0.0,0.94,0.04
6663,0.0,0.0,0.02,0.98
6664,0.98,0.0,0.02,0.0
6665,0.0,0.98,0.02,0.0
6666,0.9,0.04,0.04,0.02
6667,0.0,0.94,0.04,0.02
6668,0.0,0.0,0.02,0.98
6669,0.0,1.0,0.0,0.0
6670,0.0,0.98,0.02,0.0
6671,0.02,0.0,0.98,0.0
6672,0.04,0.02,0.0,0.94
6673,0.78,0.16,0.0,0.06
6674,0.96,0.0,0.04,0.0
6675,0.0,0.02,0.98,0.0
6676,0.0,0.98,0.02,0.0
6677,0.08,0.0,0.0,0.92
6678,0.0,1.0,0.0,0.0
6679,0.02,0.0,0.96,0.02
6680,0.0,1.0,0.0,0.0
6681,0.08,0.0,0.0,0.92
6682,0.0,0.98,0.02,0.0
6683,0.0,1.0,0.0,0.0
6684,0.0,0.02,0.96,0.02
6685,0.0,0.88,0.12,0.0
6686,0.06,0.0,0.0,0.94
6687,0.14,0.78,0.04,0.04
6688,0.98,0.0,0.02,0.0
6689,0.0,0.98,0.0,0.02
6690,0.98,0.0,0.02,0.0
6691,0.64,0.0,0.24,0.12
6692,0.04,0.22,0.74,0.0
6693,0.0,0.02,0.98,0.0
6694,0.0,1.0,0.0,0.0
6695,0.7,0.24,0.04,0.02
6696,0.0,1.0,0.0,0.0
6697,0.68,0.04,0.02,0.26
6698,0.82,0.04,0.1,0.04
6699,0.98,0.0,0.02,0.0
6700,0.0,1.0,0.0,0.0
6701,0.04,0.02,0.92,0.02
6702,0.02,0.98,0.0,0.0
6703,0.0,0.12,0.88,0.0
6704,0.7,0.0,0.3,0.0
6705,0.0,0.0,0.0,1.0
6706,0.0,0.98,0.0,0.02
6707,0.02,0.0,0.94,0.04
6708,0.0,0.02,0.0,0.98
6709,0.02,0.0,0.06,0.92
6710,0.0,0.0,0.02,0.98
6711,0.0,1.0,0.0,0.0
6712,0.94,0.0,0.06,0.0
6713,0.92,0.02,0.02,0.04
6714,0.0,0.0,1.0,0.0
6715,0.02,0.02,0.96,0.0
6716,0.0,0.02,0.98,0.0
6717,0.1,0.88,0.02,0.0
6718,0.08,0.74,0.18,0.0
6719,0.1,0.0,0.78,0.12
6720,0.0,0.98,0.02,0.0
6721,0.02,0.0,0.02,0.96
6722,0.94,0.0,0.06,0.0
6723,0.74,0.02,0.0,0.24
6724,0.16,0.12,0.72,0.0
6725,0.0,1.0,0.0,0.0
6726,0.96,0.02,0.02,0.0
6727,0.0,0.78,0.22,0.0
6728,0.0,0.0,0.02,0.98
6729,0.02,0.0,0.98,0.0
6730,0.0,0.96,0.04,0.0
6731,0.0,0.98,0.02,0.0
6732,0.02,0.96,0.02,0.0
6733,0.98,0.0,0.02,0.0
6734,0.0,0.0,1.0,0.0
6735,0.02,0.0,0.0,0.98
6736,0.04,0.96,0.0,0.0
6737,0.0,1.0,0.0,0.0
6738,0.0,0.0,0.0,1.0
6739,0.92,0.0,0.06,0.02
6740,0.14,0.02,0.04,0.8
6741,0.0,1.0,0.0,0.0
6742,0.0,0.98,0.02,0.0
6743,0.12,0.02,0.02,0.84
6744,0.86,0.04,0.02,0.08
6745,0.06,0.0,0.04,0.9
6746,0.14,0.02,0.0,0.84
6747,0.0,0.0,0.0,1.0
6748,0.94,0.0,0.02,0.04
6749,0.0,0.02,0.94,0.04
6750,0.04,0.04,0.0,0.92
6751,0.0,1.0,0.0,0.0
6752,0.02,0.0,0.02,0.96
6753,0.0,0.98,0.02,0.0
6754,0.74,0.0,0.0,0.26
6755,0.0,0.94,0.06,0.0
6756,0.0,0.0,0.0,1.0
6757,0.88,0.02,0.0,0.1
6758,0.0,0.9795180722891567,0.020481927710843374,0.0
6759,0.0,0.98,0.0,0.02
6760,0.0,1.0,0.0,0.0
6761,0.0,0.96,0.0,0.04
6762,0.02,0.0,0.98,0.0
6763,0.0,1.0,0.0,0.0
6764,0.04,0.0,0.96,0.0
6765,0.9,0.02,0.04,0.04
6766,0.0,0.96,0.0,0.04
6767,0.08,0.0,0.06,0.86
6768,0.02,0.98,0.0,0.0
6769,0.0,0.04,0.94,0.02
6770,0.0,0.0,1.0,0.0
6771,0.0,0.98,0.02,0.0
6772,0.0,0.0,1.0,0.0
6773,0.04,0.0,0.0,0.96
6774,0.02,0.92,0.06,0.0
6775,0.0,0.0,1.0,0.0
6776,0.96,0.0,0.02,0.02
6777,0.72,0.02,0.0,0.26
6778,0.0,0.94,0.06,0.0
6779,0.0,0.18,0.82,0.0
6780,0.86,0.0,0.04,0.1
6781,0.2,0.02,0.0,0.78
6782,0.0,0.0,0.02,0.98
6783,0.0,1.0,0.0,0.0
6784,0.78,0.16,0.0,0.06
6785,0.04,0.1,0.84,0.02
6786,0.06,0.0,0.9,0.04
6787,0.04,0.02,0.0,0.94
6788,0.14,0.02,0.02,0.82
6789,0.0,1.0,0.0,0.0
6790,0.02,0.94,0.04,0.0
6791,0.2,0.02,0.0,0.78
6792,0.0,0.96,0.04,0.0
6793,0.06,0.02,0.04,0.88
6794,0.0,0.0,0.04,0.96
6795,0.0,1.0,0.0,0.0
6796,0.0,0.98,0.02,0.0
6797,0.12,0.0,0.02,0.86
6798,0.72,0.0,0.0,0.28
6799,0.1,0.0,0.06,0.84
6800,0.02,0.96,0.02,0.0
6801,0.0,1.0,0.0,0.0
6802,0.0,0.0,0.02,0.98
6803,0.92,0.0,0.04,0.04
6804,0.06,0.0,0.04,0.9
6805,0.66,0.02,0.02,0.3
6806,0.12,0.0,0.02,0.86
6807,0.44,0.0,0.04,0.52
6808,0.02,0.98,0.0,0.0
6809,0.0,0.96,0.02,0.02
6810,0.0,1.0,0.0,0.0
6811,0.04,0.1,0.84,0.02
6812,0.0,1.0,0.0,0.0
6813,0.94,0.0,0.02,0.04
6814,0.12,0.0,0.02,0.86
6815,0.0,1.0,0.0,0.0
6816,0.0,0.0,0.96,0.04
6817,0.0,0.0,0.98,0.02
6818,0.88,0.08,0.04,0.0
6819,0.04,0.0,0.0,0.96
6820,0.04,0.02,0.0,0.94
6821,0.0,1.0,0.0,0.0
6822,0.22,0.76,0.02,0.0
6823,0.04,0.0,0.04,0.92
6824,0.86,0.0,0.0,0.14
6825,0.02,0.94,0.04,0.0
6826,0.0,0.0,0.0,1.0
6827,0.24,0.0,0.06,0.7
6828,0.0,0.0,1.0,0.0
6829,0.82,0.04,0.08,0.06
6830,0.0,0.02,0.96,0.02
6831,0.04,0.0,0.86,0.1
6832,0.02,0.0,0.98,0.0
6833,0.0,0.0,0.5,0.5
6834,0.98,0.0,0.0,0.02
6835,0.0,0.98,0.02,0.0
6836,0.98,0.0,0.0,0.02
6837,0.0,1.0,0.0,0.0
6838,0.02,0.02,0.06,0.9
6839,0.02,0.96,0.02,0.0
6840,0.96,0.0,0.02,0.02
6841,0.04,0.96,0.0,0.0
6842,0.04,0.02,0.92,0.02
6843,0.04,0.92,0.04,0.0
6844,0.0,0.98,0.02,0.0
6845,0.0,1.0,0.0,0.0
6846,0.0,0.94,0.06,0.0
6847,0.0,1.0,0.0,0.0
6848,0.0,0.0,0.04,0.96
6849,0.0,0.96,0.04,0.0
6850,0.2,0.0,0.02,0.78
6851,0.0,1.0,0.0,0.0
6852,0.08,0.02,0.0,0.9
6853,0.94,0.02,0.02,0.02
6854,0.0,0.0,0.94,0.06
6855,0.02,0.0,0.96,0.02
6856,0.0,0.94,0.04,0.02
6857,0.04,0.96,0.0,0.0
6858,0.0,1.0,0.0,0.0
6859,0.04,0.0,0.0,0.96
6860,0.86,0.12,0.02,0.0
6861,0.02,0.0,0.98,0.0
6862,0.04,0.0,0.02,0.94
6863,0.0,1.0,0.0,0.0
6864,0.0,1.0,0.0,0.0
6865,0.0,0.9995180722891567,0.0004819277108433735,0.0
6866,0.0,0.98,0.02,0.0
6867,0.04,0.94,0.02,0.0
6868,0.02,0.94,0.02,0.02
6869,0.0,1.0,0.0,0.0
6870,0.0,1.0,0.0,0.0
6871,0.1,0.0,0.14,0.76
6872,0.06,0.0,0.04,0.9
6873,0.0,0.98,0.02,0.0
6874,0.0,0.04,0.96,0.0
6875,0.94,0.04,0.02,0.0
6876,0.0,1.0,0.0,0.0
6877,0.92,0.0,0.0,0.08
6878,0.0,0.98,0.02,0.0
6879,0.1,0.0,0.0,0.9
6880,0.0,0.98,0.02,0.0
6881,0.0,0.0,0.02,0.98
6882,0.02,0.0,0.0,0.98
6883,0.0,0.0,0.0,1.0
6884,0.0,1.0,0.0,0.0
6885,0.0,0.02,0.96,0.02
6886,0.02,0.04,0.92,0.02
6887,0.88,0.04,0.04,0.04
6888,0.02,0.98,0.0,0.0
6889,0.02,0.0,0.98,0.0
6890,0.12,0.04,0.0,0.84
6891,0.96,0.02,0.0,0.02
6892,0.0,0.98,0.02,0.0
6893,0.02,0.0,0.06,0.92
6894,0.92,0.0,0.04,0.04
6895,0.0,1.0,0.0,0.0
6896,0.7,0.0,0.0,0.3
6897,0.0,0.39951807228915664,0.6004819277108434,0.0
6898,0.12,0.86,0.0,0.02
6899,0.0,1.0,0.0,0.0
6900,0.08,0.84,0.04,0.04
6901,0.0,0.02,0.98,0.0
6902,0.0,0.0,0.9,0.1
6903,0.0,0.0,0.06,0.94
6904,0.06,0.0,0.9,0.04
6905,0.08,0.02,0.0,0.9
6906,0.02,0.0,0.0,0.98
6907,0.02,0.92,0.04,0.02
6908,0.1,0.86,0.0,0.04
6909,0.92,0.0,0.04,0.04
6910,0.0,0.0,0.0,1.0
6911,0.84,0.04,0.02,0.1
6912,0.08,0.04,0.0,0.88
6913,0.0,0.02,0.96,0.02
6914,0.04,0.0,0.96,0.0
6915,0.02,0.0,0.12,0.86
6916,0.74,0.04,0.0,0.22
6917,0.0,0.0,1.0,0.0
6918,0.84,0.16,0.0,0.0
6919,0.02,0.98,0.0,0.0
6920,0.1,0.0,0.04,0.86
6921,0.2,0.78,0.02,0.0
6922,0.96,0.0,0.04,0.0
6923,0.0,1.0,0.0,0.0
6924,0.0,0.98,0.02,0.0
6925,0.0,1.0,0.0,0.0
6926,0.88,0.02,0.08,0.02
6927,0.92,0.0,0.08,0.0
6928,0.0,0.16,0.84,0.0
6929,0.02,0.24,0.64,0.1
6930,0.94,0.0,0.0,0.06
6931,0.1,0.0,0.88,0.02
6932,0.0,0.96,0.04,0.0
6933,0.02,0.0,0.04,0.94
6934,0.02,0.0,0.0,0.98
6935,0.08,0.0,0.04,0.88
6936,0.86,0.0,0.0,0.14
6937,0.0,0.98,0.02,0.0
6938,0.0,0.98,0.02,0.0
6939,0.0,0.04,0.9,0.06
6940,0.94,0.0,0.04,0.02
6941,0.08,0.0,0.04,0.88
6942,0.74,0.06,0.0,0.2
6943,0.92,0.04,0.02,0.02
6944,0.0,0.0,0.06,0.94
6945,0.02,0.96,0.0,0.02
6946,0.0,1.0,0.0,0.0
6947,0.02,0.0,0.08,0.9
6948,0.0,1.0,0.0,0.0
6949,0.0,0.0,0.04,0.96
6950,0.0,0.0,0.96,0.04
6951,0.0,1.0,0.0,0.0
6952,0.86,0.02,0.0,0.12
6953,0.1,0.86,0.02,0.02
6954,0.0,0.98,0.0,0.02
6955,0.0,0.98,0.02,0.0
6956,0.76,0.02,0.02,0.2
6957,0.0,1.0,0.0,0.0
6958,0.06,0.0,0.0,0.94
6959,0.0,0.98,0.0,0.02
6960,0.06,0.0,0.88,0.06
6961,0.02,0.0,0.98,0.0
6962,0.02,0.0,0.0,0.98
6963,0.0,1.0,0.0,0.0
6964,0.0,0.0,1.0,0.0
6965,0.0,0.98,0.02,0.0
6966,0.84,0.04,0.02,0.1
6967,0.0,0.96,0.04,0.0
6968,0.0,0.0,1.0,0.0
6969,0.0,1.0,0.0,0.0
6970,0.0,0.02,0.84,0.14
6971,0.68,0.0,0.26,0.06
6972,0.0,0.0,0.98,0.02
6973,0.18,0.0,0.02,0.8
6974,0.0,1.0,0.0,0.0
6975,0.0,0.9995180722891567,0.0004819277108433735,0.0
6976,0.0,0.0,1.0,0.0
6977,0.96,0.0,0.0,0.04
6978,0.02,0.88,0.1,0.0
6979,0.72,0.0,0.0,0.28
6980,0.0,0.0,0.02,0.98
6981,0.0,1.0,0.0,0.0
6982,0.02,0.94,0.04,0.0
6983,0.94,0.0,0.06,0.0
6984,0.02,0.02,0.94,0.02
6985,0.04,0.0,0.94,0.02
6986,0.0,0.0,1.0,0.0
6987,0.24,0.0,0.0,0.76
6988,0.0,0.0,0.02,0.98
6989,0.0,1.0,0.0,0.0
6990,0.96,0.0,0.0,0.04
6991,0.7,0.0,0.02,0.28
6992,0.06,0.02,0.02,0.9
6993,0.0,0.0,1.0,0.0
6994,0.0,1.0,0.0,0.0
6995,0.02,0.04,0.9,0.04
6996,0.02,0.9,0.04,0.04
6997,0.0,1.0,0.0,0.0
6998,0.08,0.04,0.0,0.88
6999,0.0,0.0,1.0,0.0
7000,0.08,0.02,0.0,0.9
7001,0.04,0.94,0.02,0.0
7002,0.0,0.0,1.0,0.0
7003,0.0,0.88,0.12,0.0
7004,0.94,0.0,0.04,0.02
7005,0.9,0.02,0.02,0.06
7006,0.86,0.02,0.06,0.06
7007,0.0,0.0,0.0,1.0
7008,0.1,0.86,0.0,0.04
7009,0.98,0.0,0.0,0.02
7010,0.8,0.0,0.02,0.18
7011,1.0,0.0,0.0,0.0
7012,0.04,0.0,0.02,0.94
7013,0.02,0.96,0.02,0.0
7014,0.0,1.0,0.0,0.0
7015,0.0,0.0,0.04,0.96
7016,0.04,0.02,0.06,0.88
7017,0.0,0.0,0.0,1.0
7018,0.0,0.0,0.02,0.98
7019,0.86,0.0,0.02,0.12
7020,0.0,1.0,0.0,0.0
7021,0.82,0.02,0.16,0.0
7022,0.0,0.94,0.06,0.0
7023,0.96,0.0,0.02,0.02
7024,0.04,0.0,0.02,0.94
7025,0.28,0.0,0.0,0.72
7026,0.08,0.0,0.04,0.88
7027,0.0,0.94,0.06,0.0
7028,0.0,0.02,0.98,0.0
7029,0.0,0.76,0.24,0.0
7030,0.06,0.02,0.04,0.88
7031,0.06,0.02,0.04,0.88
7032,0.02,0.0,0.02,0.96
7033,0.72,0.0,0.06,0.22
7034,0.06,0.04,0.88,0.02
7035,0.0,0.0,0.02,0.98
7036,0.94,0.0,0.02,0.04
7037,0.0,1.0,0.0,0.0
7038,0.0,0.96,0.02,0.02
7039,0.0,0.98,0.02,0.0
7040,0.02,0.02,0.9,0.06
7041,0.96,0.0,0.04,0.0
7042,0.14,0.02,0.82,0.02
7043,0.1,0.0,0.2,0.7
7044,0.06,0.0,0.62,0.32
7045,0.0,1.0,0.0,0.0
7046,0.0,0.0,0.02,0.98
7047,0.0,0.0,1.0,0.0
7048,0.0,0.9795180722891567,0.020481927710843374,0.0
7049,0.0,0.38,0.62,0.0
7050,0.9,0.0,0.02,0.08
7051,0.0,1.0,0.0,0.0
7052,0.04,0.94,0.02,0.0
7053,0.0,0.92,0.08,0.0
7054,0.04,0.02,0.12,0.82
7055,0.94,0.0,0.02,0.04
7056,0.04,0.9,0.06,0.0
7057,0.0,1.0,0.0,0.0
7058,0.06,0.92,0.0,0.02
7059,0.08,0.04,0.0,0.88
7060,0.0,0.0,1.0,0.0
7061,0.0,1.0,0.0,0.0
7062,0.94,0.0,0.06,0.0
7063,0.02,0.04,0.36,0.58
7064,0.02,0.0,0.96,0.02
7065,0.0,1.0,0.0,0.0
7066,0.06,0.0,0.02,0.92
7067,0.06,0.9,0.02,0.02
7068,0.18,0.0,0.82,0.0
7069,0.0,0.94,0.06,0.0
7070,0.0,0.9995180722891567,0.0004819277108433735,0.0
7071,0.02,0.1,0.84,0.04
7072,0.0,1.0,0.0,0.0
7073,0.0,0.96,0.02,0.02
7074,0.24,0.0,0.0,0.76
7075,0.0,1.0,0.0,0.0
7076,0.94,0.0,0.06,0.0
7077,0.04,0.0,0.8,0.16
7078,0.12,0.0,0.8,0.08
7079,0.8,0.02,0.06,0.12
7080,0.92,0.0,0.04,0.04
7081,0.92,0.0,0.06,0.02
7082,0.0,1.0,0.0,0.0
7083,0.0,0.98,0.02,0.0
7084,0.0,0.9795180722891567,0.020481927710843374,0.0
7085,0.0,1.0,0.0,0.0
7086,0.0,1.0,0.0,0.0
7087,0.0,1.0,0.0,0.0
7088,0.14,0.04,0.82,0.0
7089,0.0,0.0,0.98,0.02
7090,0.0,0.98,0.02,0.0
7091,0.06,0.04,0.9,0.0
7092,0.94,0.02,0.02,0.02
7093,0.0,1.0,0.0,0.0
7094,0.1,0.0,0.0,0.9
7095,0.02,0.0,0.98,0.0
7096,0.02,0.98,0.0,0.0
7097,0.0,1.0,0.0,0.0
7098,0.08,0.02,0.02,0.88
7099,0.06,0.0,0.0,0.94
7100,0.0,0.0,0.76,0.24
7101,0.06,0.88,0.0,0.06
7102,0.0,0.0,1.0,0.0
7103,0.14,0.0,0.0,0.86
7104,0.04,0.02,0.84,0.1
7105,0.02,0.98,0.0,0.0
7106,0.0,0.0,0.0,1.0
7107,0.0,1.0,0.0,0.0
7108,0.0,0.96,0.04,0.0
7109,0.12,0.82,0.02,0.04
7110,0.02,0.96,0.0,0.02
7111,0.0,1.0,0.0,0.0
7112,0.04,0.96,0.0,0.0
7113,0.0,1.0,0.0,0.0
7114,0.76,0.04,0.0,0.2
7115,0.0,1.0,0.0,0.0
7116,0.0,0.96,0.04,0.0
7117,0.96,0.0,0.02,0.02
7118,0.02,0.0,0.98,0.0
7119,0.0,1.0,0.0,0.0
7120,1.0,0.0,0.0,0.0
7121,0.0,0.0,1.0,0.0
7122,0.0,1.0,0.0,0.0
7123,0.0,1.0,0.0,0.0
7124,0.04,0.06,0.12,0.78
7125,0.32,0.56,0.06,0.06
7126,0.18,0.0,0.0,0.82
7127,0.0,0.96,0.04,0.0
7128,0.0,0.0,0.0,1.0
7129,0.02,0.02,0.06,0.9
7130,0.68,0.0,0.04,0.28
7131,0.1,0.02,0.0,0.88
7132,0.0,0.0,1.0,0.0
7133,0.0,0.98,0.02,0.0
7134,0.0,0.02,0.96,0.02
7135,0.0,0.98,0.02,0.0
7136,0.14,0.0,0.84,0.02
7137,0.02,0.0,0.98,0.0
7138,0.98,0.0,0.0,0.02
7139,0.94,0.0,0.0,0.06
7140,0.0,0.0,1.0,0.0
7141,0.0,1.0,0.0,0.0
7142,0.0,0.0,1.0,0.0
7143,0.0,1.0,0.0,0.0
7144,0.0,1.0,0.0,0.0
7145,0.78,0.18,0.02,0.02
7146,0.02,0.92,0.02,0.04
7147,0.86,0.02,0.0,0.12
7148,0.0,0.96,0.04,0.0
7149,0.04,0.0,0.0,0.96
7150,0.12,0.04,0.02,0.82
7151,0.02,0.0,0.96,0.02
7152,0.02,0.06,0.84,0.08
7153,0.02,0.0,0.98,0.0
7154,0.0,0.0,1.0,0.0
7155,0.92,0.0,0.04,0.04
7156,0.9,0.0,0.02,0.08
7157,0.04,0.0,0.94,0.02
7158,0.0,1.0,0.0,0.0
7159,0.02,0.0,0.98,0.0
7160,0.0,0.9995180722891567,0.0004819277108433735,0.0
7161,0.06,0.0,0.02,0.92
7162,0.0,0.0,0.08,0.92
7163,0.0,0.96,0.04,0.0
7164,0.0,0.02,0.08,0.9
7165,0.1,0.28,0.62,0.0
7166,0.02,0.9,0.08,0.0
7167,0.88,0.1,0.0,0.02
7168,0.0,0.98,0.02,0.0
7169,0.0,0.98,0.02,0.0
7170,0.0,0.94,0.06,0.0
7171,0.0,1.0,0.0,0.0
7172,0.18,0.12,0.7,0.0
7173,0.26,0.0,0.74,0.0
7174,0.0,0.02,0.98,0.0
7175,0.0,0.94,0.04,0.02
7176,0.04,0.02,0.08,0.86
7177,0.04,0.26,0.7,0.0
7178,0.0,0.98,0.02,0.0
7179,0.0,0.98,0.02,0.0
7180,0.04,0.96,0.0,0.0
7181,0.02,0.98,0.0,0.0
7182,0.76,0.0,0.02,0.22
7183,0.14,0.0,0.0,0.86
7184,0.02,0.02,0.96,0.0
7185,0.9,0.0,0.02,0.08
7186,0.02,0.0,0.0,0.98
7187,0.92,0.04,0.02,0.02
7188,0.0,0.0,1.0,0.0
7189,0.68,0.0,0.0,0.32
7190,0.9,0.0,0.06,0.04
7191,0.0,1.0,0.0,0.0
7192,0.0,0.98,0.02,0.0
7193,0.96,0.02,0.02,0.0
7194,0.04,0.88,0.06,0.02
7195,0.0,1.0,0.0,0.0
7196,0.12,0.0,0.04,0.84
7197,0.92,0.02,0.0,0.06
7198,0.0,0.98,0.02,0.0
7199,0.02,0.98,0.0,0.0
7200,0.06,0.02,0.0,0.92
7201,0.04,0.0,0.04,0.92
7202,0.02,0.0,0.96,0.02
7203,0.02,0.86,0.12,0.0
7204,0.02,0.9,0.02,0.06
7205,0.0,0.94,0.06,0.0
7206,0.02,0.0,0.9,0.08
7207,0.02,0.94,0.04,0.0
7208,0.0,1.0,0.0,0.0
7209,0.0,0.0,0.98,0.02
7210,0.0,0.98,0.0,0.02
7211,0.0,1.0,0.0,0.0
7212,0.0,1.0,0.0,0.0
7213,0.0,0.0,0.9,0.1
7214,0.06,0.0,0.68,0.26
7215,0.02,0.94,0.04,0.0
7216,0.92,0.04,0.02,0.02
7217,0.68,0.04,0.2,0.08
7218,0.9,0.04,0.04,0.02
7219,0.0,1.0,0.0,0.0
7220,0.9,0.0,0.1,0.0
7221,0.08,0.08,0.82,0.02
7222,0.02,0.02,0.0,0.96
7223,0.6,0.0,0.04,0.36
7224,0.02,0.0,0.96,0.02
7225,0.04,0.04,0.0,0.92
7226,0.0,0.98,0.0,0.02
7227,0.0,1.0,0.0,0.0
7228,0.0,1.0,0.0,0.0
7229,0.16,0.0,0.0,0.84
7230,0.04,0.0,0.96,0.0
7231,0.08,0.88,0.0,0.04
7232,0.0,1.0,0.0,0.0
7233,0.0,0.0,1.0,0.0
7234,0.82,0.0,0.02,0.16
7235,0.02,0.0,0.98,0.0
7236,0.1,0.04,0.02,0.84
7237,0.0,0.0,0.02,0.98
7238,0.0,0.0,0.04,0.96
7239,0.0,1.0,0.0,0.0
7240,0.74,0.0,0.02,0.24
7241,0.0,0.98,0.02,0.0
7242,0.76,0.2,0.02,0.02
7243,0.0,1.0,0.0,0.0
7244,0.86,0.02,0.02,0.1
7245,0.02,0.0,0.98,0.0
7246,0.14,0.0,0.04,0.82
7247,0.0,1.0,0.0,0.0
7248,0.02,0.02,0.96,0.0
7249,0.0,0.0,1.0,0.0
7250,0.0,1.0,0.0,0.0
7251,0.04,0.0,0.02,0.94
7252,0.04,0.02,0.04,0.9
7253,0.12,0.02,0.0,0.86
7254,0.12,0.0,0.0,0.88
7255,0.0,0.96,0.02,0.02
7256,0.0,0.98,0.0,0.02
7257,0.02,0.4,0.58,0.0
7258,0.0,1.0,0.0,0.0
7259,0.3,0.62,0.08,0.0
7260,0.0,1.0,0.0,0.0
7261,0.18,0.14,0.68,0.0
7262,0.0,0.92,0.08,0.0
7263,0.0,0.0,1.0,0.0
7264,0.0,1.0,0.0,0.0
7265,0.0,1.0,0.0,0.0
7266,0.04,0.94,0.02,0.0
7267,0.08,0.9,0.02,0.0
7268,0.02,0.0,0.96,0.02
7269,0.08,0.0,0.04,0.88
7270,0.02,0.94,0.04,0.0
7271,0.0,0.0,1.0,0.0
7272,0.0,1.0,0.0,0.0
7273,0.02,0.0,0.06,0.92
7274,0.0,0.0,0.92,0.08
7275,0.0,1.0,0.0,0.0
7276,0.98,0.0,0.02,0.0
7277,0.0,1.0,0.0,0.0
7278,0.02,0.0,0.9,0.08
7279,0.92,0.02,0.04,0.02
7280,0.84,0.02,0.04,0.1
7281,0.04,0.94,0.02,0.0
7282,0.0,1.0,0.0,0.0
7283,0.0,1.0,0.0,0.0
7284,0.88,0.0,0.1,0.02
7285,0.0,0.0,0.06,0.94
7286,0.0,0.0,0.98,0.02
7287,0.0,0.9,0.08,0.02
7288,0.02,0.96,0.02,0.0
7289,0.0,0.98,0.02,0.0
7290,0.0,1.0,0.0,0.0
7291,0.18,0.0,0.76,0.06
7292,0.96,0.0,0.02,0.02
7293,0.24,0.0,0.0,0.76
7294,0.84,0.0,0.02,0.14
7295,0.02,0.96,0.02,0.0
7296,0.0,0.98,0.02,0.0
7297,0.04,0.02,0.02,0.92
7298,0.86,0.02,0.02,0.1
7299,0.1,0.0,0.0,0.9
7300,0.02,0.04,0.94,0.0
7301,0.0,1.0,0.0,0.0
7302,0.1,0.9,0.0,0.0
7303,0.02,0.0,0.02,0.96
7304,0.98,0.0,0.0,0.02
7305,0.0,1.0,0.0,0.0
7306,0.02,0.24,0.74,0.0
7307,0.24,0.02,0.0,0.74
7308,0.2,0.74,0.06,0.0
7309,0.0,0.0,0.02,0.98
7310,0.02,0.3795180722891566,0.6004819277108434,0.0
7311,1.0,0.0,0.0,0.0
7312,0.0,0.0,0.02,0.98
7313,0.08,0.9,0.02,0.0
7314,0.92,0.0,0.08,0.0
7315,0.86,0.02,0.02,0.1
7316,0.02,0.0,0.0,0.98
7317,0.0,1.0,0.0,0.0
7318,0.0,1.0,0.0,0.0
7319,0.02,0.86,0.12,0.0
7320,0.0,0.98,0.0,0.02
7321,0.0,1.0,0.0,0.0
7322,0.08,0.14,0.78,0.0
7323,0.02,0.96,0.02,0.0
7324,0.0,0.0,1.0,0.0
7325,0.0,1.0,0.0,0.0
7326,0.0,0.0,1.0,0.0
7327,0.02,0.0,0.94,0.04
7328,0.02,0.0,0.9,0.08
7329,0.0,0.0,1.0,0.0
7330,0.0,0.24,0.74,0.02
7331,0.0,0.0,0.0,1.0
7332,0.12,0.06,0.02,0.8
7333,0.0,0.98,0.02,0.0
7334,0.0,0.94,0.06,0.0
7335,0.06,0.08,0.86,0.0
7336,0.78,0.04,0.0,0.18
7337,0.94,0.0,0.04,0.02
7338,0.84,0.0,0.0,0.16
7339,0.0,0.96,0.02,0.02
7340,0.0,0.0,1.0,0.0
7341,0.0,1.0,0.0,0.0
7342,0.0,0.02,0.94,0.04
7343,0.12,0.02,0.8,0.06
7344,0.0,0.02,0.96,0.02
7345,0.92,0.0,0.08,0.0
7346,0.0,0.0,1.0,0.0
7347,0.02,0.94,0.04,0.0
7348,0.82,0.0,0.0,0.18
7349,0.02,0.0,0.0,0.98
7350,0.0,0.94,0.06,0.0
7351,0.0,1.0,0.0,0.0
7352,0.02,0.0,0.0,0.98
7353,0.02,0.92,0.04,0.02
7354,0.0,0.0,1.0,0.0
7355,0.96,0.0,0.0,0.04
7356,0.0,0.98,0.0,0.02
7357,0.0,0.0,0.1,0.9
7358,0.0,0.98,0.02,0.0
7359,0.0,0.0,1.0,0.0
7360,0.0,0.0,0.0,1.0
7361,0.9,0.02,0.02,0.06
7362,0.0,0.96,0.02,0.02
7363,0.98,0.0,0.02,0.0
7364,0.0,1.0,0.0,0.0
7365,0.0,0.02,0.98,0.0
7366,0.8,0.14,0.04,0.02
7367,0.0,1.0,0.0,0.0
7368,0.0,0.96,0.02,0.02
7369,0.0,1.0,0.0,0.0
7370,0.0,1.0,0.0,0.0
7371,1.0,0.0,0.0,0.0
7372,0.02,0.0,0.0,0.98
7373,0.0,0.98,0.02,0.0
7374,0.04,0.04,0.92,0.0
7375,0.0,0.98,0.02,0.0
7376,0.0,0.0,1.0,0.0
7377,0.0,0.98,0.02,0.0
7378,0.02,0.96,0.02,0.0
7379,0.06,0.88,0.0,0.06
7380,0.04,0.0,0.0,0.96
7381,0.0,1.0,0.0,0.0
7382,0.0,1.0,0.0,0.0
7383,0.0,0.0,1.0,0.0
7384,0.06,0.0,0.0,0.94
7385,0.0,0.02,0.96,0.02
7386,0.0,1.0,0.0,0.0
7387,0.84,0.0,0.1,0.06
7388,0.0,0.12,0.88,0.0
7389,0.0,1.0,0.0,0.0
7390,0.0,0.0,1.0,0.0
7391,0.02,0.0,0.02,0.96
7392,0.02,0.04,0.94,0.0
7393,0.08,0.02,0.04,0.86
7394,0.98,0.0,0.02,0.0
7395,0.0,0.0,0.98,0.02
7396,0.16,0.74,0.04,0.06
7397,0.0,0.0,1.0,0.0
7398,0.0,0.98,0.02,0.0
7399,0.16,0.84,0.0,0.0
7400,0.04,0.0,0.0,0.96
7401,0.0,0.98,0.02,0.0
7402,0.98,0.0,0.0,0.02
7403,0.98,0.02,0.0,0.0
7404,0.96,0.0,0.04,0.0
7405,0.0,0.96,0.04,0.0
7406,0.74,0.2,0.0,0.06
7407,0.0,0.0,1.0,0.0
7408,0.9,0.0,0.06,0.04
7409,0.0,1.0,0.0,0.0
7410,0.1,0.2,0.66,0.04
7411,0.0,0.98,0.02,0.0
7412,0.02,0.0,0.0,0.98
7413,0.06,0.0,0.02,0.92
7414,0.04,0.0,0.02,0.94
7415,0.06,0.9,0.04,0.0
7416,1.0,0.0,0.0,0.0
7417,0.0,1.0,0.0,0.0
7418,0.1,0.0,0.02,0.88
7419,0.1,0.9,0.0,0.0
7420,0.98,0.0,0.02,0.0
7421,0.0,0.0,0.02,0.98
7422,0.08,0.04,0.02,0.86
7423,0.74,0.0,0.0,0.26
7424,0.0,0.02,0.98,0.0
7425,0.9,0.0,0.0,0.1
7426,0.0,1.0,0.0,0.0
7427,0.0,0.96,0.0,0.04
7428,0.92,0.04,0.04,0.0
7429,0.0,0.98,0.02,0.0
7430,0.0,0.96,0.0,0.04
7431,0.0,0.0,0.98,0.02
7432,0.0,0.98,0.02,0.0
7433,0.0,0.9995180722891567,0.0004819277108433735,0.0
7434,0.98,0.0,0.02,0.0
7435,0.04,0.02,0.0,0.94
7436,0.0,0.02,0.98,0.0
7437,0.12,0.0,0.86,0.02
7438,0.0,0.0,1.0,0.0
7439,0.06,0.02,0.0,0.92
7440,0.0,0.02,0.96,0.02
7441,0.02,0.98,0.0,0.0
7442,0.2,0.02,0.76,0.02
7443,0.06,0.0,0.04,0.9
7444,0.96,0.02,0.0,0.02
7445,0.02,0.04,0.94,0.0
7446,0.0,1.0,0.0,0.0
7447,0.0,0.98,0.02,0.0
7448,0.0,0.98,0.02,0.0
7449,0.72,0.02,0.04,0.22
7450,0.02,0.02,0.0,0.96
7451,0.0,0.96,0.04,0.0
7452,0.04,0.0,0.96,0.0
7453,0.0,0.9995180722891567,0.0004819277108433735,0.0
7454,0.92,0.0,0.0,0.08
7455,0.12,0.88,0.0,0.0
7456,0.02,0.0,0.0,0.98
7457,0.0,0.98,0.02,0.0
7458,0.92,0.04,0.0,0.04
7459,0.1,0.0,0.0,0.9
7460,0.0,1.0,0.0,0.0
7461,0.0,0.96,0.04,0.0
7462,0.0,0.98,0.0,0.02
7463,0.02,0.0,0.94,0.04
7464,0.82,0.02,0.14,0.02
7465,0.04,0.02,0.0,0.94
7466,0.94,0.02,0.0,0.04
7467,0.08,0.74,0.14,0.04
7468,0.0,0.96,0.04,0.0
7469,0.0,1.0,0.0,0.0
7470,0.98,0.0,0.02,0.0
7471,0.0,0.94,0.06,0.0
7472,0.02,0.06,0.92,0.0
7473,0.0,1.0,0.0,0.0
7474,0.9,0.04,0.04,0.02
7475,0.0,0.36,0.64,0.0
7476,0.0,0.98,0.0,0.02
7477,0.26,0.0,0.72,0.02
7478,0.02,0.0,0.0,0.98
7479,0.74,0.0,0.0,0.26
7480,0.02,0.9,0.04,0.04
7481,0.0,1.0,0.0,0.0
7482,0.02,0.02,0.94,0.02
7483,0.08,0.0,0.92,0.0
7484,0.02,0.0,0.9,0.08
7485,0.0,0.02,0.96,0.02
7486,0.0,1.0,0.0,0.0
7487,0.0,0.0,0.98,0.02
7488,0.94,0.0,0.06,0.0
7489,0.0,0.0,0.06,0.94
7490,0.02,0.98,0.0,0.0
7491,0.92,0.0,0.08,0.0
7492,0.02,0.96,0.02,0.0
7493,0.02,0.98,0.0,0.0
7494,0.16,0.78,0.04,0.02
7495,0.86,0.1,0.04,0.0
7496,0.82,0.02,0.0,0.16
7497,0.0,0.96,0.04,0.0
7498,0.0,0.0,0.04,0.96
7499,0.0,0.0,0.0,1.0
7500,0.0,0.98,0.02,0.0
7501,0.02,0.12,0.86,0.0
7502,0.02,0.98,0.0,0.0
7503,1.0,0.0,0.0,0.0
7504,0.92,0.02,0.06,0.0
7505,0.96,0.0,0.0,0.04
7506,0.0,1.0,0.0,0.0
7507,0.04,0.94,0.02,0.0
7508,0.0,0.0,0.04,0.96
7509,0.06,0.9,0.0,0.04
7510,0.08,0.0,0.0,0.92
7511,0.0,0.98,0.0,0.02
7512,0.0,1.0,0.0,0.0
7513,0.92,0.02,0.06,0.0
7514,0.02,0.0,0.06,0.92
7515,0.0,0.98,0.02,0.0
7516,0.02,0.92,0.04,0.02
7517,0.82,0.12,0.06,0.0
7518,0.0,0.0,1.0,0.0
7519,0.28,0.02,0.06,0.64
7520,0.02,0.0,0.04,0.94
7521,0.0,0.98,0.02,0.0
7522,0.84,0.0,0.04,0.12
7523,0.0,0.98,0.02,0.0
7524,0.78,0.06,0.06,0.1
7525,0.94,0.0,0.0,0.06
7526,0.0,0.02,0.96,0.02
7527,0.02,0.0,0.0,0.98
7528,0.1,0.02,0.0,0.88
7529,0.02,0.0,0.06,0.92
7530,0.0,1.0,0.0,0.0
7531,0.0,1.0,0.0,0.0
7532,0.9,0.0,0.0,0.1
7533,0.02,0.0,0.0,0.98
7534,0.0,0.12,0.88,0.0
7535,0.04,0.0,0.02,0.94
7536,0.78,0.18,0.04,0.0
7537,0.04,0.0,0.0,0.96
7538,0.0,1.0,0.0,0.0
7539,0.1,0.0,0.0,0.9
7540,0.02,0.98,0.0,0.0
7541,0.02,0.0,0.86,0.12
7542,0.0,0.0,0.0,1.0
7543,0.84,0.02,0.02,0.12
7544,0.96,0.0,0.0,0.04
7545,0.9,0.04,0.0,0.06
7546,0.0,0.98,0.02,0.0
7547,0.84,0.02,0.02,0.12
7548,0.96,0.0,0.04,0.0
7549,0.0,1.0,0.0,0.0
7550,0.04,0.0,0.0,0.96
7551,0.02,0.98,0.0,0.0
7552,0.7,0.0,0.0,0.3
7553,0.0,0.98,0.0,0.02
7554,0.02,0.0,0.98,0.0
7555,0.0,0.92,0.08,0.0
7556,0.9,0.0,0.0,0.1
7557,0.0,0.0,0.0,1.0
7558,0.04,0.0,0.02,0.94
7559,0.0,0.96,0.04,0.0
7560,0.92,0.02,0.02,0.04
7561,0.0,1.0,0.0,0.0
7562,0.0,0.0,0.02,0.98
7563,0.98,0.0,0.02,0.0
7564,0.0,0.0,0.1,0.9
7565,0.98,0.0,0.02,0.0
7566,0.94,0.0,0.02,0.04
7567,0.0,1.0,0.0,0.0
7568,0.08,0.0,0.7,0.22
7569,0.0,0.0,1.0,0.0
7570,0.18,0.0,0.02,0.8
7571,0.0,1.0,0.0,0.0
7572,0.08,0.0,0.02,0.9
7573,0.0,1.0,0.0,0.0
7574,0.0,0.0,0.02,0.98
7575,0.0,0.0,1.0,0.0
7576,0.12,0.0,0.0,0.88
7577,0.86,0.04,0.02,0.08
7578,0.0,0.0,1.0,0.0
7579,0.1,0.24,0.64,0.02
7580,0.06,0.02,0.9,0.02
7581,0.76,0.02,0.0,0.22
7582,0.1,0.02,0.8,0.08
7583,0.02,0.02,0.0,0.96
7584,0.06,0.0,0.0,0.94
7585,0.84,0.02,0.08,0.06
7586,0.0,0.02,0.98,0.0
7587,0.0,0.98,0.0,0.02
7588,0.02,0.02,0.94,0.02
7589,0.0,0.98,0.0,0.02
7590,0.06,0.02,0.06,0.86
7591,0.9,0.0,0.08,0.02
7592,0.0,0.0,0.0,1.0
7593,0.0,0.98,0.02,0.0
7594,0.0,0.0,0.0,1.0
7595,0.12,0.0,0.0,0.88
7596,0.0,0.94,0.04,0.02
7597,0.0,0.02,0.96,0.02
7598,0.02,0.98,0.0,0.0
7599,0.0,1.0,0.0,0.0
7600,0.0,1.0,0.0,0.0
7601,0.0,0.0,0.98,0.02
7602,0.0,1.0,0.0,0.0
7603,0.0,1.0,0.0,0.0
7604,0.12,0.0,0.0,0.88
7605,0.0,0.98,0.02,0.0
7606,0.16,0.02,0.08,0.74
7607,0.0,0.02,0.98,0.0
7608,0.0,0.0,0.9,0.1
7609,0.02,0.0,0.04,0.94
7610,0.08,0.0,0.0,0.92
7611,0.98,0.0,0.02,0.0
7612,0.0,0.98,0.0,0.02
7613,0.0,0.0,1.0,0.0
7614,0.06,0.0,0.0,0.94
7615,0.0,0.36,0.64,0.0
7616,0.14,0.86,0.0,0.0
7617,0.0,0.96,0.02,0.02
7618,0.12,0.0,0.04,0.84
7619,1.0,0.0,0.0,0.0
7620,0.06,0.02,0.9,0.02
7621,0.94,0.02,0.04,0.0
7622,0.0,0.94,0.06,0.0
7623,0.02,0.98,0.0,0.0
7624,0.0,1.0,0.0,0.0
7625,0.04,0.02,0.0,0.94
7626,0.0,0.8,0.18,0.02
7627,0.02,0.02,0.0,0.96
7628,0.96,0.0,0.02,0.02
7629,0.0,0.0,0.92,0.08
7630,0.72,0.0,0.02,0.26
7631,0.0,1.0,0.0,0.0
7632,0.02,0.92,0.04,0.02
7633,0.86,0.0,0.02,0.12
7634,0.06,0.0,0.92,0.02
7635,0.04,0.96,0.0,0.0
7636,0.04,0.96,0.0,0.0
7637,0.02,0.0,0.02,0.96
7638,0.0,0.0,0.98,0.02
7639,0.04,0.94,0.02,0.0
7640,0.0,0.19,0.81,0.0
7641,0.84,0.12,0.02,0.02
7642,0.96,0.02,0.02,0.0
7643,0.0,0.02,0.02,0.96
7644,0.0,1.0,0.0,0.0
7645,0.96,0.0,0.02,0.02
7646,0.98,0.0,0.02,0.0
7647,0.9,0.04,0.06,0.0
7648,0.18,0.12,0.64,0.06
7649,0.0,0.9995180722891567,0.0004819277108433735,0.0
7650,0.12,0.02,0.0,0.86
7651,0.0,1.0,0.0,0.0
7652,0.96,0.0,0.04,0.0
7653,0.0,1.0,0.0,0.0
7654,0.9,0.0,0.04,0.06
7655,0.0,1.0,0.0,0.0
7656,0.0,0.0,0.0,1.0
7657,0.14,0.0,0.02,0.84
7658,0.02,0.0,0.96,0.02
7659,0.96,0.0,0.02,0.02
7660,0.02,0.0,0.98,0.0
7661,0.8,0.0,0.0,0.2
7662,0.0,1.0,0.0,0.0
7663,0.0,0.92,0.06,0.02
7664,0.02,0.0,0.08,0.9
7665,0.18,0.0,0.74,0.08
7666,0.0,1.0,0.0,0.0
7667,0.0,0.98,0.02,0.0
7668,0.06,0.92,0.02,0.0
7669,0.0,1.0,0.0,0.0
7670,0.0,0.0,1.0,0.0
7671,0.92,0.0,0.02,0.06
7672,0.98,0.0,0.02,0.0
7673,0.06,0.9,0.02,0.02
7674,0.92,0.0,0.08,0.0
7675,0.02,0.0,0.02,0.96
7676,0.0,0.96,0.04,0.0
7677,0.0,0.0,1.0,0.0
7678,0.04,0.0,0.84,0.12
7679,0.0,1.0,0.0,0.0
7680,0.0,0.94,0.06,0.0
7681,0.0,1.0,0.0,0.0
7682,0.0,1.0,0.0,0.0
7683,0.94,0.0,0.0,0.06
7684,0.0,0.0,1.0,0.0
7685,0.04,0.02,0.92,0.02
7686,0.02,0.96,0.02,0.0
7687,0.0,0.98,0.02,0.0
7688,0.02,0.26,0.72,0.0
7689,0.02,0.0,0.16,0.82
7690,0.0,1.0,0.0,0.0
7691,0.98,0.0,0.02,0.0
7692,0.08,0.0,0.06,0.86
7693,0.0,0.98,0.02,0.0
7694,0.06,0.0,0.0,0.94
7695,0.0,0.0,1.0,0.0
7696,0.12,0.0,0.84,0.04
7697,0.04,0.0,0.06,0.9
7698,0.02,0.98,0.0,0.0
7699,0.02,0.0,0.84,0.14
7700,0.02,0.0,0.06,0.92
7701,0.08,0.02,0.0,0.9
7702,0.24,0.02,0.02,0.72
7703,0.02,0.02,0.94,0.02
7704,0.0,0.24,0.74,0.02
7705,0.02,0.96,0.02,0.0
7706,0.0,0.98,0.02,0.0
7707,0.0,0.22,0.78,0.0
7708,0.84,0.0,0.14,0.02
7709,0.02,0.02,0.02,0.94
7710,0.0,1.0,0.0,0.0
7711,0.16,0.02,0.04,0.78
7712,0.02,0.02,0.02,0.94
7713,0.0,0.14,0.86,0.0
7714,0.0,0.98,0.02,0.0
7715,0.0,0.0,0.0,1.0
7716,0.0,0.04,0.96,0.0
7717,0.0,0.98,0.02,0.0
7718,0.02,0.88,0.1,0.0
7719,0.04,0.0,0.0,0.96
7720,0.0,0.02,0.96,0.02
7721,0.94,0.0,0.0,0.06
7722,0.08,0.0,0.04,0.88
7723,0.96,0.0,0.02,0.02
7724,0.84,0.02,0.02,0.12
7725,0.94,0.04,0.02,0.0
7726,0.0,1.0,0.0,0.0
7727,0.0,0.86,0.14,0.0
7728,0.04,0.0,0.94,0.02
7729,0.84,0.0,0.14,0.02
7730,0.92,0.0,0.02,0.06
7731,0.0,1.0,0.0,0.0
7732,0.0,0.0,1.0,0.0
7733,0.9,0.06,0.02,0.02
7734,0.0,0.0,0.0,1.0
7735,0.12,0.0,0.78,0.1
7736,0.06,0.9,0.04,0.0
7737,0.0,0.0,0.06,0.94
7738,0.1,0.9,0.0,0.0
7739,0.0,1.0,0.0,0.0
7740,0.0,0.9995180722891567,0.0004819277108433735,0.0
7741,0.0,0.94,0.06,0.0
7742,0.02,0.96,0.02,0.0
7743,0.0,0.98,0.02,0.0
7744,0.0,0.02,0.98,0.0
7745,0.0,0.0,0.96,0.04
7746,0.86,0.0,0.0,0.14
7747,0.38,0.0,0.02,0.6
7748,0.0,1.0,0.0,0.0
7749,0.0,0.96,0.0,0.04
7750,0.0,0.0,0.0,1.0
7751,0.0,1.0,0.0,0.0
7752,0.08,0.02,0.02,0.88
7753,0.84,0.0,0.1,0.06
7754,0.98,0.0,0.02,0.0
7755,0.98,0.0,0.02,0.0
7756,0.94,0.0,0.0,0.06
7757,0.96,0.02,0.0,0.02
7758,0.02,0.0,0.98,0.0
7759,0.06,0.0,0.0,0.94
7760,0.04,0.04,0.86,0.06
7761,0.02,0.9,0.06,0.02
7762,0.0,0.0,0.98,0.02
7763,0.16,0.1,0.72,0.02
7764,0.0,0.96,0.04,0.0
7765,0.04,0.92,0.0,0.04
7766,0.16,0.02,0.02,0.8
7767,0.02,0.0,0.98,0.0
7768,0.94,0.02,0.02,0.02
7769,0.0,1.0,0.0,0.0
7770,0.84,0.0,0.1,0.06
7771,0.0,0.2,0.8,0.0
7772,0.0,1.0,0.0,0.0
7773,0.98,0.0,0.0,0.02
7774,0.0,1.0,0.0,0.0
7775,0.0,0.98,0.02,0.0
7776,0.0,0.96,0.0,0.04
7777,0.84,0.02,0.04,0.1
7778,0.0,0.02,0.98,0.0
7779,0.02,0.0,0.98,0.0
7780,0.0,1.0,0.0,0.0
7781,0.0,1.0,0.0,0.0
7782,0.94,0.0,0.02,0.04
7783,0.0,0.0,1.0,0.0
7784,0.02,0.0,0.92,0.06
7785,0.04,0.02,0.04,0.9
7786,0.0,0.0,0.98,0.02
7787,0.0,1.0,0.0,0.0
7788,0.0,0.96,0.04,0.0
7789,0.08,0.0,0.0,0.92
7790,0.06,0.16,0.78,0.0
7791,0.98,0.0,0.0,0.02
7792,0.0,1.0,0.0,0.0
7793,0.02,0.96,0.02,0.0
7794,0.02,0.96,0.0,0.02
7795,0.02,0.94,0.02,0.02
7796,0.0,0.0,1.0,0.0
7797,0.0,1.0,0.0,0.0
7798,0.04,0.94,0.0,0.02
7799,0.0,1.0,0.0,0.0
7800,0.0,0.98,0.02,0.0
7801,0.98,0.0,0.02,0.0
7802,0.08,0.04,0.0,0.88
7803,0.92,0.04,0.04,0.0
7804,0.08,0.0,0.8,0.12
7805,0.0,0.22,0.78,0.0
7806,0.06,0.0,0.0,0.94
7807,0.94,0.0,0.0,0.06
7808,0.04,0.0,0.0,0.96
7809,0.0,1.0,0.0,0.0
7810,0.0,0.0,1.0,0.0
7811,0.0,1.0,0.0,0.0
7812,0.0,1.0,0.0,0.0
7813,0.0,0.0,0.02,0.98
7814,0.0,1.0,0.0,0.0
7815,0.82,0.02,0.0,0.16
7816,0.94,0.0,0.06,0.0
7817,0.0,0.98,0.02,0.0
7818,0.84,0.0,0.12,0.04
7819,0.0,0.98,0.0,0.02
7820,0.86,0.02,0.02,0.1
7821,0.92,0.0,0.0,0.08
7822,0.06,0.9,0.02,0.02
7823,0.0,0.04,0.04,0.92
7824,0.0,0.96,0.04,0.0
7825,0.9,0.0,0.02,0.08
7826,0.0,0.96,0.04,0.0
7827,0.0,1.0,0.0,0.0
7828,0.06,0.0,0.94,0.0
7829,0.0,0.0,0.04,0.96
7830,0.02,0.96,0.0,0.02
7831,0.02,0.0,0.92,0.06
7832,0.0,1.0,0.0,0.0
7833,0.0,0.0,0.02,0.98
7834,0.08,0.0,0.68,0.24
7835,0.24,0.06,0.0,0.7
7836,0.0,0.98,0.02,0.0
7837,1.0,0.0,0.0,0.0
7838,0.96,0.02,0.0,0.02
7839,0.0,1.0,0.0,0.0
7840,0.06,0.0,0.0,0.94
7841,0.06,0.0,0.0,0.94
7842,0.02,0.0,0.88,0.1
7843,0.0,0.0,0.98,0.02
7844,0.02,0.92,0.06,0.0
7845,0.02,0.02,0.96,0.0
7846,0.0,0.98,0.02,0.0
7847,0.02,0.0,0.98,0.0
7848,0.98,0.0,0.02,0.0
7849,0.7,0.0,0.0,0.3
7850,0.0,0.0,0.04,0.96
7851,0.08,0.0,0.02,0.9
7852,0.0,0.96,0.04,0.0
7853,0.0,0.98,0.0,0.02
7854,0.0,0.98,0.0,0.02
7855,0.04,0.24,0.72,0.0
7856,0.0,0.0,0.96,0.04
7857,0.92,0.04,0.0,0.04
7858,0.02,0.0,0.22,0.76
7859,0.88,0.04,0.02,0.06
7860,0.98,0.0,0.0,0.02
7861,0.94,0.0,0.06,0.0
7862,0.06,0.94,0.0,0.0
7863,0.02,0.96,0.0,0.02
7864,0.0,1.0,0.0,0.0
7865,0.0,0.98,0.02,0.0
7866,0.0,1.0,0.0,0.0
7867,0.0,1.0,0.0,0.0
7868,0.06,0.0,0.06,0.88
7869,0.02,0.96,0.02,0.0
7870,0.92,0.0,0.0,0.08
7871,0.0,0.96,0.02,0.02
7872,0.02,0.0,0.98,0.0
7873,0.08,0.74,0.06,0.12
7874,0.96,0.0,0.02,0.02
7875,0.02,0.0,0.02,0.96
7876,0.0,0.0,0.02,0.98
7877,0.02,0.02,0.96,0.0
7878,0.0,1.0,0.0,0.0
7879,0.9,0.0,0.1,0.0
7880,0.78,0.04,0.04,0.14
7881,0.0,0.98,0.02,0.0
7882,0.88,0.02,0.02,0.08
7883,0.0,1.0,0.0,0.0
7884,0.1,0.84,0.06,0.0
7885,0.0,0.96,0.04,0.0
7886,0.0,0.0,1.0,0.0
7887,0.04,0.0,0.0,0.96
7888,0.0,0.0,0.02,0.98
7889,0.74,0.0,0.1,0.16
7890,0.02,0.88,0.1,0.0
7891,0.9,0.02,0.08,0.0
7892,0.0,0.0,0.82,0.18
7893,0.0,1.0,0.0,0.0
7894,0.0,0.0,1.0,0.0
7895,0.0,0.98,0.02,0.0
7896,0.02,0.0,0.0,0.98
7897,0.0,0.26,0.74,0.0
7898,0.8,0.02,0.04,0.14
7899,0.02,0.0,0.98,0.0
7900,0.02,0.0,0.02,0.96
7901,0.1,0.84,0.06,0.0
7902,0.86,0.02,0.0,0.12
7903,0.88,0.02,0.0,0.1
7904,0.0,0.94,0.06,0.0
7905,0.02,0.04,0.92,0.02
7906,0.0,0.96,0.0,0.04
7907,0.32,0.58,0.02,0.08
7908,0.0,0.94,0.06,0.0
7909,0.04,0.92,0.02,0.02
7910,0.72,0.02,0.22,0.04
7911,0.78,0.04,0.0,0.18
7912,0.02,0.0,0.0,0.98
7913,0.96,0.02,0.0,0.02
7914,0.0,0.02,0.96,0.02
7915,0.0,0.96,0.04,0.0
7916,0.84,0.0,0.0,0.16
7917,0.0,0.0,1.0,0.0
7918,0.0,0.98,0.02,0.0
7919,0.0,1.0,0.0,0.0
7920,0.08,0.0,0.04,0.88
7921,0.96,0.02,0.02,0.0
7922,0.02,0.0,0.98,0.0
7923,1.0,0.0,0.0,0.0
7924,0.0,1.0,0.0,0.0
7925,0.18,0.78,0.0,0.04
7926,0.9,0.0,0.02,0.08
7927,0.0,0.0,0.0,1.0
7928,0.98,0.0,0.02,0.0
7929,0.0,0.0,0.14,0.86
7930,0.14,0.7,0.04,0.12
7931,0.0,0.98,0.02,0.0
7932,0.04,0.92,0.04,0.0
7933,0.0,1.0,0.0,0.0
7934,0.0,0.96,0.04,0.0
7935,0.02,0.92,0.02,0.04
7936,0.04,0.9,0.04,0.02
7937,0.0,1.0,0.0,0.0
7938,0.06,0.92,0.0,0.02
7939,0.02,0.98,0.0,0.0
7940,0.0,1.0,0.0,0.0
7941,0.02,0.96,0.02,0.0
7942,0.84,0.12,0.04,0.0
7943,0.1,0.0,0.0,0.9
7944,0.96,0.0,0.04,0.0
7945,0.22,0.08,0.7,0.0
7946,0.98,0.0,0.0,0.02
7947,0.76,0.02,0.02,0.2
7948,0.92,0.02,0.06,0.0
7949,0.12,0.84,0.04,0.0
7950,0.0,0.9995180722891567,0.0004819277108433735,0.0
7951,0.06,0.92,0.0,0.02
7952,0.0,1.0,0.0,0.0
7953,0.88,0.0,0.12,0.0
7954,0.08,0.0,0.92,0.0
7955,0.04,0.0,0.94,0.02
7956,0.0,1.0,0.0,0.0
7957,0.0,1.0,0.0,0.0
7958,0.0,1.0,0.0,0.0
7959,0.94,0.02,0.02,0.02
7960,0.0,1.0,0.0,0.0
7961,0.0,1.0,0.0,0.0
7962,0.0,1.0,0.0,0.0
7963,0.9,0.04,0.0,0.06
7964,0.02,0.0,0.04,0.94
7965,0.0,0.0,0.04,0.96
7966,0.96,0.0,0.04,0.0
7967,0.18,0.0,0.02,0.8
7968,0.0,0.96,0.04,0.0
7969,0.0,1.0,0.0,0.0
7970,0.88,0.02,0.08,0.02
7971,0.1,0.0,0.02,0.88
7972,0.0,0.0,0.0,1.0
7973,0.0,0.0,1.0,0.0
7974,0.12,0.0,0.02,0.86
7975,0.0,0.0,1.0,0.0
7976,0.0,1.0,0.0,0.0
7977,0.0,1.0,0.0,0.0
7978,0.04,0.96,0.0,0.0
7979,0.0,0.0,0.98,0.02
7980,0.84,0.06,0.0,0.1
7981,0.0,1.0,0.0,0.0
7982,0.0,0.98,0.02,0.0
7983,0.0,0.98,0.0,0.02
7984,1.0,0.0,0.0,0.0
7985,0.2,0.02,0.02,0.76
7986,0.0,0.0,0.04,0.96
7987,0.12,0.0,0.04,0.84
7988,0.8,0.02,0.0,0.18
7989,0.0,1.0,0.0,0.0
7990,0.0,1.0,0.0,0.0
7991,0.86,0.04,0.02,0.08
7992,0.08,0.0,0.0,0.92
7993,0.0,1.0,0.0,0.0
7994,0.0,0.0,0.0,1.0
7995,0.94,0.02,0.04,0.0
7996,0.06,0.0,0.88,0.06
7997,0.82,0.0,0.0,0.18
7998,0.78,0.08,0.0,0.14
7999,0.12,0.02,0.02,0.84
8000,0.0,0.0,0.98,0.02
8001,0.06,0.0,0.86,0.08
8002,0.08,0.0,0.04,0.88
8003,0.02,0.98,0.0,0.0
8004,0.98,0.0,0.02,0.0
8005,0.1,0.02,0.02,0.86
8006,0.0,1.0,0.0,0.0
8007,0.02,0.02,0.96,0.0
8008,0.0,0.98,0.02,0.0
8009,0.08,0.02,0.82,0.08
8010,0.0,0.9995180722891567,0.0004819277108433735,0.0
8011,0.94,0.0,0.04,0.02
8012,0.08,0.0,0.02,0.9
8013,0.02,0.96,0.02,0.0
8014,0.06,0.0,0.0,0.94
8015,0.94,0.0,0.04,0.02
8016,0.96,0.0,0.04,0.0
8017,0.06,0.04,0.02,0.88
8018,0.0,0.0,1.0,0.0
8019,0.04,0.12,0.82,0.02
8020,0.98,0.0,0.0,0.02
8021,0.02,0.82,0.16,0.0
8022,0.0,0.0,1.0,0.0
8023,0.0,0.08,0.88,0.04
8024,0.0,0.0,1.0,0.0
8025,0.02,0.0,0.94,0.04
8026,0.02,0.0,0.96,0.02
8027,0.0,1.0,0.0,0.0
8028,0.04,0.0,0.02,0.94
8029,0.02,0.12,0.82,0.04
8030,0.08,0.0,0.0,0.92
8031,0.0,1.0,0.0,0.0
8032,0.88,0.0,0.02,0.1
8033,0.92,0.0,0.02,0.06
8034,0.0,1.0,0.0,0.0
8035,0.0,0.0,0.98,0.02
8036,0.16,0.02,0.8,0.02
8037,0.08,0.02,0.14,0.76
8038,0.0,0.0,1.0,0.0
8039,0.0,0.3,0.7,0.0
8040,0.22,0.02,0.0,0.76
8041,0.02,0.96,0.02,0.0
8042,0.04,0.0,0.02,0.94
8043,0.0,0.0,1.0,0.0
8044,0.08,0.02,0.0,0.9
8045,0.14,0.0,0.02,0.84
8046,0.0,0.98,0.0,0.02
8047,0.06,0.9,0.02,0.02
8048,0.04,0.0,0.96,0.0
8049,0.0,1.0,0.0,0.0
8050,0.82,0.0,0.0,0.18
8051,0.94,0.0,0.04,0.02
8052,0.22,0.02,0.7,0.06
8053,0.24,0.0,0.0,0.76
8054,0.1,0.0,0.0,0.9
8055,0.0,0.0,0.0,1.0
8056,0.02,0.0,0.02,0.96
8057,0.86,0.0,0.02,0.12
8058,0.0,0.02,0.96,0.02
8059,0.0,0.98,0.02,0.0
8060,0.02,0.9595180722891566,0.0004819277108433735,0.02
8061,0.0,0.98,0.02,0.0
8062,0.98,0.02,0.0,0.0
8063,0.08,0.88,0.0,0.04
8064,0.96,0.0,0.0,0.04
8065,0.0,1.0,0.0,0.0
8066,0.02,0.84,0.12,0.02
8067,0.04,0.02,0.94,0.0
8068,0.0,0.0,0.0,1.0
8069,0.0,1.0,0.0,0.0
8070,0.84,0.0,0.0,0.16
8071,0.0,1.0,0.0,0.0
8072,0.0,0.9795180722891567,0.020481927710843374,0.0
8073,0.02,0.0,0.0,0.98
8074,0.92,0.0,0.08,0.0
8075,0.98,0.0,0.0,0.02
8076,0.0,1.0,0.0,0.0
8077,0.88,0.0,0.1,0.02
8078,0.0,1.0,0.0,0.0
8079,0.02,0.0,0.02,0.96
8080,0.0,0.92,0.08,0.0
8081,0.96,0.0,0.02,0.02
8082,0.0,1.0,0.0,0.0
8083,0.96,0.0,0.0,0.04
8084,0.0,0.98,0.0,0.02
8085,0.1,0.04,0.02,0.84
8086,0.0,0.02,0.0,0.98
8087,0.06,0.92,0.02,0.0
8088,0.02,0.0,0.96,0.02
8089,0.0,0.98,0.02,0.0
8090,0.74,0.02,0.0,0.24
8091,0.86,0.0,0.02,0.12
8092,0.0,1.0,0.0,0.0
8093,0.0,0.98,0.02,0.0
8094,0.02,0.96,0.02,0.0
8095,0.0,1.0,0.0,0.0
8096,0.02,0.98,0.0,0.0
8097,0.02,0.98,0.0,0.0
8098,0.0,1.0,0.0,0.0
8099,0.04,0.0,0.0,0.96
8100,0.0,0.98,0.0,0.02
8101,0.0,0.0,0.06,0.94
8102,0.08,0.02,0.0,0.9
8103,0.0,0.0,1.0,0.0
8104,0.9,0.0,0.02,0.08
8105,0.02,0.0,0.98,0.0
8106,0.94,0.0,0.02,0.04
8107,0.34,0.02,0.0,0.64
8108,0.14,0.0,0.84,0.02
8109,0.0,0.98,0.02,0.0
8110,0.0,1.0,0.0,0.0
8111,0.08,0.14,0.76,0.02
8112,0.94,0.0,0.06,0.0
8113,0.06,0.0,0.02,0.92
8114,0.02,0.94,0.02,0.02
8115,0.04,0.92,0.04,0.0
8116,0.0,0.96,0.0,0.04
8117,0.0,0.94,0.06,0.0
8118,0.0,0.0,0.02,0.98
8119,0.0,0.98,0.02,0.0
8120,0.0,1.0,0.0,0.0
8121,0.24,0.02,0.74,0.0
8122,0.02,0.0,0.98,0.0
8123,0.02,0.0,0.98,0.0
8124,0.04,0.0,0.04,0.92
8125,0.0,0.96,0.04,0.0
8126,0.0,0.0,1.0,0.0
8127,0.94,0.0,0.04,0.02
8128,0.94,0.0,0.06,0.0
8129,0.06,0.02,0.92,0.0
8130,0.04,0.94,0.0,0.02
8131,0.06,0.0,0.94,0.0
8132,1.0,0.0,0.0,0.0
8133,0.02,0.02,0.96,0.0
8134,0.0,0.98,0.02,0.0
8135,0.06,0.0,0.04,0.9
8136,0.02,0.96,0.02,0.0
8137,0.0,0.0,0.02,0.98
8138,0.96,0.0,0.02,0.02
8139,0.0,0.0,1.0,0.0
8140,0.0,1.0,0.0,0.0
8141,0.88,0.02,0.0,0.1
8142,0.0,1.0,0.0,0.0
8143,0.0,0.02,0.98,0.0
8144,0.0,0.98,0.02,0.0
8145,0.98,0.0,0.0,0.02
8146,0.1,0.0,0.02,0.88
8147,0.06,0.8,0.12,0.02
8148,0.0,0.0,0.02,0.98
8149,0.0,1.0,0.0,0.0
8150,0.0,0.28,0.72,0.0
8151,0.82,0.08,0.08,0.02
8152,0.02,0.98,0.0,0.0
8153,0.02,0.94,0.02,0.02
8154,0.12,0.02,0.02,0.84
8155,0.06,0.0,0.92,0.02
8156,0.02,0.18,0.8,0.0
8157,0.0,0.9795180722891567,0.020481927710843374,0.0
8158,0.0,0.02,0.98,0.0
8159,0.0,0.96,0.02,0.02
8160,0.0,0.92,0.08,0.0
8161,0.0,0.94,0.06,0.0
8162,0.02,0.02,0.0,0.96
8163,0.0,0.0,0.0,1.0
8164,0.02,0.94,0.02,0.02
8165,1.0,0.0,0.0,0.0
8166,0.0,1.0,0.0,0.0
8167,0.02,0.0,0.0,0.98
8168,0.0,0.0,0.02,0.98
8169,0.94,0.04,0.02,0.0
8170,0.02,0.96,0.02,0.0
8171,0.94,0.0,0.06,0.0
8172,0.02,0.98,0.0,0.0
8173,0.1,0.06,0.0,0.84
8174,0.08,0.04,0.0,0.88
8175,0.0,1.0,0.0,0.0
8176,0.02,0.02,0.92,0.04
8177,0.0,0.98,0.02,0.0
8178,1.0,0.0,0.0,0.0
8179,0.8,0.04,0.0,0.16
8180,0.96,0.0,0.04,0.0
8181,0.0,1.0,0.0,0.0
8182,0.16,0.04,0.04,0.76
8183,0.0,0.0,0.04,0.96
8184,0.9,0.0,0.0,0.1
8185,0.0,0.18,0.82,0.0
8186,0.0,0.98,0.02,0.0
8187,0.02,0.96,0.02,0.0
8188,0.02,0.02,0.0,0.96
8189,0.0,1.0,0.0,0.0
8190,0.0,1.0,0.0,0.0
8191,0.0,0.98,0.02,0.0
8192,0.06,0.08,0.02,0.84
8193,0.96,0.0,0.04,0.0
8194,0.0,0.0,0.02,0.98
8195,0.0,0.94,0.04,0.02
8196,0.0,0.98,0.02,0.0
8197,0.0,0.0,1.0,0.0
8198,0.0,0.0,1.0,0.0
8199,0.04,0.0,0.0,0.96
8200,0.0,1.0,0.0,0.0
8201,0.02,0.9,0.06,0.02
8202,0.94,0.0,0.04,0.02
8203,0.06,0.02,0.04,0.88
8204,0.04,0.0,0.96,0.0
8205,0.0,1.0,0.0,0.0
8206,0.96,0.02,0.0,0.02
8207,0.0,0.04,0.02,0.94
8208,0.0,0.94,0.06,0.0
8209,0.92,0.0,0.08,0.0
8210,0.56,0.0,0.08,0.36
8211,0.0,0.98,0.02,0.0
8212,0.08,0.06,0.0,0.86
8213,0.88,0.04,0.0,0.08
8214,0.0,0.98,0.02,0.0
8215,0.02,0.98,0.0,0.0
8216,0.0,0.0,0.98,0.02
8217,0.72,0.0,0.0,0.28
8218,0.06,0.0,0.02,0.92
8219,0.0,0.0,0.98,0.02
8220,0.82,0.02,0.06,0.1
8221,0.08,0.0,0.9,0.02
8222,0.02,0.96,0.02,0.0
8223,0.34,0.0,0.02,0.64
8224,0.06,0.28,0.64,0.02
8225,0.04,0.08,0.88,0.0
8226,0.9,0.0,0.1,0.0
8227,0.06,0.0,0.02,0.92
8228,0.0,0.98,0.02,0.0
8229,0.0,0.0,0.0,1.0
8230,0.04,0.0,0.96,0.0
8231,0.8,0.0,0.02,0.18
8232,0.02,0.96,0.02,0.0
8233,0.06,0.0,0.9,0.04
8234,0.0,0.98,0.02,0.0
8235,0.62,0.04,0.04,0.3
8236,0.08,0.78,0.14,0.0
8237,0.0,0.0,1.0,0.0
8238,0.0,0.02,0.02,0.96
8239,0.04,0.0,0.0,0.96
8240,0.0,0.04,0.92,0.04
8241,0.02,0.0,0.98,0.0
8242,0.12,0.0,0.0,0.88
8243,0.0,0.02,0.98,0.0
8244,0.62,0.0,0.04,0.34
8245,0.84,0.04,0.04,0.08
8246,0.0,1.0,0.0,0.0
8247,0.0,0.98,0.02,0.0
8248,0.04,0.02,0.02,0.92
8249,0.04,0.0,0.88,0.08
8250,0.0,0.0,0.98,0.02
8251,0.02,0.98,0.0,0.0
8252,0.92,0.0,0.02,0.06
8253,0.02,0.0,0.02,0.96
8254,0.0,0.02,0.06,0.92
8255,0.0,0.02,0.96,0.02
8256,0.02,0.02,0.96,0.0
8257,0.0,1.0,0.0,0.0
8258,0.02,0.0,0.0,0.98
8259,0.02,0.0,0.98,0.0
8260,0.0,0.98,0.02,0.0
8261,0.0,0.98,0.0,0.02
8262,0.92,0.0,0.06,0.02
8263,0.86,0.0,0.0,0.14
8264,0.02,0.94,0.04,0.0
8265,0.98,0.0,0.02,0.0
8266,0.0,1.0,0.0,0.0
8267,0.0,1.0,0.0,0.0
8268,0.0,0.0,1.0,0.0
8269,0.0,1.0,0.0,0.0
8270,0.08,0.9,0.0,0.02
8271,0.0,1.0,0.0,0.0
8272,0.98,0.0,0.0,0.02
8273,0.96,0.0,0.04,0.0
8274,0.0,1.0,0.0,0.0
8275,0.0,1.0,0.0,0.0
8276,0.0,0.0,0.98,0.02
8277,0.06,0.0,0.8,0.14
8278,0.0,0.0,0.98,0.02
8279,0.52,0.04,0.36,0.08
8280,0.0,0.92,0.06,0.02
8281,0.0,1.0,0.0,0.0
8282,0.94,0.0,0.02,0.04
8283,0.0,0.96,0.04,0.0
8284,0.16,0.0,0.0,0.84
8285,0.06,0.0,0.02,0.92
8286,0.0,0.0,0.98,0.02
8287,0.02,0.0,0.14,0.84
8288,0.06,0.04,0.0,0.9
8289,0.9,0.0,0.04,0.06
8290,0.0,1.0,0.0,0.0
8291,0.98,0.0,0.02,0.0
8292,0.0,0.94,0.06,0.0
8293,0.0,0.96,0.0,0.04
8294,0.98,0.0,0.02,0.0
8295,0.3,0.0,0.12,0.58
8296,0.0,0.0,1.0,0.0
8297,0.02,0.0,0.0,0.98
8298,0.92,0.0,0.02,0.06
8299,0.0,0.0,0.02,0.98
8300,0.08,0.02,0.0,0.9
8301,0.0,0.0,1.0,0.0
8302,0.0,0.02,0.1,0.88
8303,0.0,1.0,0.0,0.0
8304,0.0,0.0,1.0,0.0
8305,0.0,0.28,0.72,0.0
8306,0.96,0.02,0.02,0.0
8307,0.0,1.0,0.0,0.0
8308,0.22,0.66,0.04,0.08
8309,0.02,0.0,0.0,0.98
8310,0.0,0.02,0.98,0.0
8311,0.02,0.96,0.0,0.02
8312,0.96,0.02,0.02,0.0
8313,0.0,1.0,0.0,0.0
8314,0.0,1.0,0.0,0.0
8315,0.7,0.02,0.02,0.26
8316,0.84,0.0,0.0,0.16
8317,0.0,0.0,0.04,0.96
8318,0.02,0.0,0.02,0.96
8319,0.04,0.18,0.76,0.02
8320,0.06,0.0,0.0,0.94
8321,0.88,0.0,0.02,0.1
8322,0.0,0.96,0.02,0.02
8323,0.02,0.0,0.0,0.98
8324,0.04,0.9,0.06,0.0
8325,0.12,0.02,0.04,0.82
8326,0.0,0.98,0.02,0.0
8327,0.0,0.98,0.02,0.0
8328,0.0,0.0,0.0,1.0
8329,0.02,0.94,0.04,0.0
8330,0.62,0.06,0.02,0.3
8331,0.14,0.02,0.78,0.06
8332,0.0,1.0,0.0,0.0
8333,0.06,0.02,0.04,0.88
8334,0.96,0.0,0.0,0.04
8335,0.66,0.0,0.0,0.34
8336,0.04,0.0,0.0,0.96
8337,0.0,0.0,1.0,0.0
8338,0.94,0.0,0.06,0.0
8339,0.02,0.98,0.0,0.0
8340,0.06,0.08,0.82,0.04
8341,0.0,0.0,1.0,0.0
8342,0.84,0.04,0.06,0.06
8343,0.1,0.04,0.0,0.86
8344,0.0,1.0,0.0,0.0
8345,0.84,0.02,0.0,0.14
8346,0.1,0.78,0.04,0.08
8347,0.78,0.02,0.0,0.2
8348,0.0,0.02,0.98,0.0
8349,0.0,1.0,0.0,0.0
8350,0.86,0.0,0.0,0.14
8351,0.0,0.04,0.94,0.02
8352,0.02,0.92,0.04,0.02
8353,0.0,0.0,1.0,0.0
8354,0.0,0.0,0.0,1.0
8355,0.92,0.08,0.0,0.0
8356,0.02,0.02,0.08,0.88
8357,0.02,0.0,0.94,0.04
8358,0.9,0.0,0.08,0.02
8359,0.06,0.0,0.02,0.92
8360,0.04,0.06,0.86,0.04
8361,0.0,0.98,0.02,0.0
8362,0.04,0.92,0.04,0.0
8363,0.0,0.98,0.02,0.0
8364,0.0,1.0,0.0,0.0
8365,0.92,0.0,0.02,0.06
8366,0.0,0.0,0.0,1.0
8367,0.02,0.02,0.9,0.06
8368,0.08,0.0,0.04,0.88
8369,0.04,0.02,0.04,0.9
8370,0.74,0.0,0.06,0.2
8371,0.0,1.0,0.0,0.0
8372,0.0,0.0,1.0,0.0
8373,0.12,0.04,0.04,0.8
8374,0.0,1.0,0.0,0.0
8375,0.0,0.96,0.02,0.02
8376,0.02,0.96,0.02,0.0
8377,0.0,0.98,0.02,0.0
8378,0.02,0.02,0.02,0.94
8379,0.0,1.0,0.0,0.0
8380,0.22,0.12,0.64,0.02
8381,0.1,0.0,0.02,0.88
8382,0.0,0.0,1.0,0.0
8383,0.06,0.0,0.94,0.0
8384,0.98,0.0,0.02,0.0
8385,0.0,0.98,0.02,0.0
8386,0.0,1.0,0.0,0.0
8387,0.0,0.98,0.02,0.0
8388,0.02,0.0,0.98,0.0
8389,0.0,0.98,0.02,0.0
8390,0.08,0.06,0.0,0.86
8391,0.0,0.0,0.02,0.98
8392,0.02,0.96,0.02,0.0
8393,0.92,0.04,0.02,0.02
8394,0.0,1.0,0.0,0.0
8395,0.0,1.0,0.0,0.0
8396,0.84,0.08,0.02,0.06
8397,0.78,0.12,0.1,0.0
8398,0.08,0.88,0.0,0.04
8399,0.0,1.0,0.0,0.0
8400,0.04,0.0,0.0,0.96
8401,0.0,0.0,1.0,0.0
8402,0.02,0.02,0.04,0.92
8403,0.06,0.0,0.04,0.9
8404,0.04,0.0,0.96,0.0
8405,0.02,0.96,0.02,0.0
8406,0.06,0.0,0.0,0.94
8407,0.92,0.02,0.06,0.0
8408,0.0,0.02,0.98,0.0
8409,0.94,0.0,0.04,0.02
8410,0.0,0.0,0.98,0.02
8411,0.0,0.0,1.0,0.0
8412,0.88,0.0,0.02,0.1
8413,0.18,0.0,0.0,0.82
8414,0.02,0.04,0.94,0.0
8415,0.0,0.0,1.0,0.0
8416,0.04,0.0,0.06,0.9
8417,0.12,0.0,0.08,0.8
8418,0.0,0.98,0.02,0.0
8419,0.0,1.0,0.0,0.0
8420,0.0,1.0,0.0,0.0
8421,0.0,0.0,0.0,1.0
8422,0.0,1.0,0.0,0.0
8423,0.06,0.08,0.2,0.66
8424,0.7,0.02,0.22,0.06
8425,0.0,0.98,0.02,0.0
8426,0.0,1.0,0.0,0.0
8427,0.06,0.0,0.9,0.04
8428,0.12,0.02,0.02,0.84
8429,0.1,0.02,0.0,0.88
8430,0.02,0.84,0.12,0.02
8431,0.0,0.0,0.86,0.14
8432,0.02,0.0,0.98,0.0
8433,0.0,1.0,0.0,0.0
8434,0.0,0.0,0.02,0.98
8435,0.3,0.02,0.64,0.04
8436,0.08,0.06,0.86,0.0
8437,0.0,0.14,0.86,0.0
8438,0.08,0.02,0.02,0.88
8439,0.0,0.0,1.0,0.0
8440,0.0,0.02,0.0,0.98
8441,0.0,0.0,0.98,0.02
8442,0.0,0.96,0.04,0.0
8443,0.1,0.02,0.84,0.04
8444,0.02,0.0,0.04,0.94
8445,0.0,0.98,0.02,0.0
8446,0.0,0.0,0.0,1.0
8447,0.9,0.0,0.02,0.08
8448,0.0,0.0,0.04,0.96
8449,0.04,0.0,0.02,0.94
8450,0.94,0.0,0.04,0.02
8451,0.0,0.0,0.04,0.96
8452,0.02,0.86,0.12,0.0
8453,0.94,0.0,0.0,0.06
8454,0.0,1.0,0.0,0.0
8455,0.94,0.0,0.0,0.06
8456,0.2,0.02,0.0,0.78
8457,0.06,0.0,0.04,0.9
8458,0.94,0.0,0.04,0.02
8459,0.0,0.9795180722891567,0.020481927710843374,0.0
8460,0.0,0.0,1.0,0.0
8461,0.02,0.98,0.0,0.0
8462,0.1,0.04,0.82,0.04
8463,0.02,0.0,0.98,0.0
8464,0.0,0.0,1.0,0.0
8465,0.02,0.0,0.04,0.94
8466,0.02,0.94,0.0,0.04
8467,0.0,0.32,0.68,0.0
8468,0.04,0.0,0.0,0.96
8469,0.0,0.98,0.02,0.0
8470,0.02,0.0,0.0,0.98
8471,0.0,1.0,0.0,0.0
8472,0.0,0.98,0.02,0.0
8473,0.0,0.88,0.12,0.0
8474,0.14,0.06,0.02,0.78
8475,0.02,0.02,0.92,0.04
8476,0.86,0.0,0.0,0.14
8477,0.0,0.0,0.0,1.0
8478,0.02,0.96,0.02,0.0
8479,0.0,0.22,0.74,0.04
8480,0.0,1.0,0.0,0.0
8481,0.02,0.0,0.02,0.96
8482,0.96,0.02,0.02,0.0
8483,0.0,1.0,0.0,0.0
8484,0.0,0.0,1.0,0.0
8485,0.0,0.98,0.02,0.0
8486,0.0,0.3,0.7,0.0
8487,0.98,0.0,0.02,0.0
8488,0.0,0.98,0.02,0.0
8489,0.04,0.8,0.16,0.0
8490,0.0,0.98,0.02,0.0
8491,0.0,0.98,0.02,0.0
8492,0.66,0.0,0.02,0.32
8493,0.0,0.98,0.02,0.0
8494,0.04,0.0,0.9,0.06
8495,0.98,0.02,0.0,0.0
8496,0.02,0.0,0.94,0.04
8497,0.02,0.14,0.84,0.0
8498,0.04,0.92,0.04,0.0
8499,0.02,0.92,0.06,0.0
8500,0.0,0.0,0.04,0.96
8501,0.92,0.02,0.06,0.0
8502,0.02,0.0,0.98,0.0
8503,0.0,1.0,0.0,0.0
8504,0.0,0.0,0.02,0.98
8505,0.0,1.0,0.0,0.0
8506,0.0,1.0,0.0,0.0
8507,0.0,0.94,0.06,0.0
8508,0.76,0.14,0.08,0.02
8509,0.02,0.0,0.0,0.98
8510,0.0,0.0,0.02,0.98
8511,0.06,0.02,0.0,0.92
8512,0.0,1.0,0.0,0.0
8513,0.08,0.0,0.92,0.0
8514,0.0,0.9995180722891567,0.0004819277108433735,0.0
8515,0.0,0.98,0.02,0.0
