,0,1,2,3
0,0.9949682575083276,0.0006523992572064818,0.0007960119232709585,0.003583331311194779
1,0.9938868703942707,1.367635707427552e-05,0.00032009002870707646,0.005779363219947967
2,0.011592158970546194,2.6049738476091588e-05,0.05911215810592656,0.9292696331850511
3,0.025854878755913094,0.0027373549015676075,0.007414270168881064,0.963993496173638
4,1.1161184056325181e-07,0.9994969471245906,0.00040451736894378575,9.842389462501115e-05
5,0.001946615106345856,4.175536469404819e-05,9.599213388591808e-05,0.9979156373950742
6,2.5258786857360405e-07,1.2759078428480483e-07,0.9998504535447593,0.00014916627658785283
7,4.289934613221529e-07,2.179346459035223e-07,2.2393943993012445e-07,0.9999991291324528
8,0.00026638137883056045,0.9763755856245588,0.023107012173825197,0.0002510208227853351
9,1.132643838788008e-07,0.9997205347110163,0.0001535673886816521,0.00012578463591817905
10,0.9932109727233809,1.6404744369954937e-05,0.0016858314444673174,0.005086791087781726
11,0.007451232639789527,0.9708766650178431,0.014224108836349237,0.007447993506017681
12,0.9987100643185342,0.0005583284849511431,0.00019903395880553363,0.0005325732377094314
13,0.02143095329414937,0.00021582923530861746,0.05885614553978293,0.9194970719307587
14,0.053120991918708636,0.007352097904390748,0.015969104650429593,0.9235578055264709
15,0.9812498879202967,0.0026563017545344868,0.0034195817628669446,0.012674228562301765
16,0.9863566192894927,0.00016299185161656535,0.0004398058914425351,0.013040582967447858
17,1.1620332966996805e-11,0.9999967515139678,8.650033713041305e-07,2.383471040516498e-06
18,0.004092401282404694,0.0028606641798494654,0.01387183811938325,0.9791750964183622
19,0.0007705866274070056,0.9335032287508003,0.06447819258205023,0.0012479920397423432
20,0.04255219635576343,9.654832534329405e-05,0.9031328109583957,0.054218444360497324
21,0.9801319560920866,0.010312083890149239,0.001298465019904505,0.00825749499785968
22,0.03470868410657035,0.0001915797379208219,0.01092502047420448,0.9541747156813043
23,0.975962011402752,0.0003830612694560048,0.0012245381216423434,0.022430389206149714
24,8.358711031468978e-07,3.5588730003233966e-07,5.105907254460781e-07,0.9999982976508714
25,3.7978868679473572e-06,0.9970746473076253,0.002800418178124967,0.00012113662738181544
26,2.2027752800949952e-05,0.993617427317673,0.006127583904980155,0.00023296102454606874
27,0.0008812551491065459,9.903892233554022e-06,0.9966749544556361,0.002433886503023747
28,0.011452990749315207,3.6140642732989786e-05,0.9767987715753949,0.011712097032556648
29,0.9877690241904802,0.006334803323604588,0.00039377097709146724,0.005502401508823758
30,7.359911549505961e-06,4.634337766075447e-06,0.9973053406567768,0.002682665093907623
31,2.540620767303072e-05,0.946018056883777,0.05190913586683265,0.0020474010417173604
32,6.776618648473936e-07,1.4482829828660165e-06,0.999456255078831,0.000541618976321418
33,1.2040620526912814e-06,7.26170817631435e-07,0.9993023205395004,0.0006957492276292693
34,1.926164498423594e-08,1.9608370100728772e-08,0.9998470969973631,0.00015286413262179525
35,1.73971441966577e-05,0.9961002082972642,0.00029222495012333054,0.003590169608415894
36,7.009333172642036e-06,0.9962355871852482,0.003747007274904911,1.0396206674335772e-05
37,3.4509791479375615e-05,0.9911449108829951,0.00857385837306419,0.0002467209524613035
38,0.998110109846462,3.684478223327094e-06,6.57377420347267e-05,0.0018204679332796425
39,0.9352173418482052,0.005652379861108755,0.011767149839413389,0.04736312845127297
40,2.595007927736548e-10,0.9999879247189692,1.8862351619067704e-07,1.1886398013777843e-05
41,1.5042559961584386e-08,0.9999143849601875,4.1942862639178743e-05,4.3657134613605926e-05
42,4.0922734240836544e-08,2.3882401744819847e-08,0.9999139867437731,8.59484510909985e-05
43,7.998606098416519e-07,0.9986830254701891,0.0013009386405332276,1.5236028667636972e-05
44,4.5416042904295936e-08,9.425181474567179e-08,0.999944715173239,5.514515890344641e-05
45,0.9801586040921006,0.00016897084833720778,0.004827399607906241,0.014845025451656025
46,0.9964651984422669,4.075648735512541e-05,0.0003022618465255613,0.0031917832238521735
47,4.3414472715912666e-05,0.06878716611421307,0.9308849685647476,0.00028445084832389274
48,5.3365353853205426e-05,0.9903523930017297,0.004240752652565734,0.0053534889918513545
49,0.0030830293656360654,0.013071117713005362,0.963343423166232,0.020502429755126443
50,8.168164908509832e-08,0.9999659607085444,1.1536361461609328e-05,2.242124834497555e-05
51,0.01097027496184259,0.0012604271147619763,0.0006582573803844617,0.9871110405430109
52,0.0002268640240069865,1.291009777020078e-05,0.00313483223747312,0.9966253936407498
53,6.286174842855376e-11,0.9999891810152449,5.413644264255405e-06,5.405277629046783e-06
54,7.821963819293859e-07,4.993722399363434e-07,0.9995139018604814,0.00048481657089684775
55,3.71404170000475e-07,2.224338220918537e-07,4.2151871104768686e-07,0.999998984643297
56,8.48326859628217e-09,0.9998500900183387,0.00012634503406318528,2.3556464329406104e-05
57,0.9197924162532383,0.008984111663091663,0.02357101270062118,0.047652459383048976
58,0.9245671188098539,7.608717635952004e-05,0.034846894305905304,0.04050989970788137
59,0.9996160994643263,1.731181292057668e-05,0.00029038022511024004,7.62084976429484e-05
60,0.9789276740695406,0.00011785140580971525,0.005048003296963499,0.015906471227685924
61,1.0898452024911821e-07,0.9995330793785229,0.0004452905238478389,2.152111310886123e-05
62,0.05498533086038266,0.008211843621926089,0.019245627216658314,0.9175571983010328
63,4.436338696660428e-05,0.0031050617142001752,0.9963012598407623,0.0005493150580707687
64,0.9930696027488587,1.8641815952839193e-05,0.0033989043101554117,0.0035128511250328035
65,1.7965395796749536e-05,0.9934210601703057,0.005989447398160238,0.0005715270357372018
66,0.0021642773023701507,5.743343091186513e-06,0.9834789499572503,0.014351029397288065
67,5.230845212209176e-05,0.9340947904482467,0.0644432677750288,0.0014096333246024887
68,0.00028456689706550335,0.9755707610040144,0.02407449961533561,7.017248358444663e-05
69,0.999442810180688,1.6405167622715512e-05,0.00013369656846870293,0.00040708808322053284
70,0.004785652891207394,0.9835517489018595,0.0018392564034895584,0.00982334180344365
71,8.850822168339381e-07,0.9985538241720744,0.0013480129192475756,9.727782646113343e-05
72,3.828286190931738e-06,0.9968270687966592,0.002625534649261097,0.0005435682678891295
73,0.00047642200410782454,0.000161482650627419,0.018416763024872305,0.9809453323203922
74,1.2202595240143758e-06,7.990715217555432e-07,8.6967907591779e-07,0.9999971109898783
75,0.984803918613664,0.0013145357367793677,0.005311348667998513,0.008570196981558068
76,2.0263637874373048e-05,0.9933487855630345,0.006580855247974639,5.0095551116662e-05
77,0.9888919425258785,0.00047957129745352837,0.0006207805745502405,0.010007705602117624
78,1.3967075466278605e-05,2.875352920572848e-05,0.9973029664428301,0.002654312952498014
79,0.006370638157580369,0.0009287434886386683,0.03155365382764072,0.9611469645261398
80,0.029302956825341637,0.0009214003828571851,0.0009271125330954483,0.9688485302587058
81,0.9928929969802655,2.177829706799885e-05,0.00011340239512876602,0.006971822327537867
82,0.9791087053345916,0.00011538181391086846,0.018991930167625192,0.0017839826838723365
83,0.0002599359260320624,0.9771195041892042,0.02207577095675807,0.0005447889280056715
84,0.026586874889657747,0.0002067352890404456,0.009149957080289404,0.9640564327410124
85,6.180858323453715e-07,0.9989931577702575,0.00036596471493908936,0.000640259428971146
86,0.052562721123318806,0.0002601003429371392,0.0012960600066228547,0.9458811185271209
87,3.1578953012205363e-10,0.9999757741947912,1.5956533013606082e-05,8.268956405739718e-06
88,1.783138026517169e-06,0.9657330445043324,0.033877198567605446,0.0003879737900354724
89,5.537059035579232e-08,0.99988652715116,1.7818359668567225e-05,9.559911858095135e-05
90,1.8938822154457035e-08,0.9998269346461444,7.079482149877851e-05,0.0001022515935346467
91,0.9759935892826196,0.0003865515215799869,0.0004648682662948978,0.023154990929505438
92,0.967603353755538,0.004350976836655881,0.0044207167212085945,0.023624952686597585
93,0.9617511673686305,8.098326602740135e-06,0.0010363089206575301,0.037204425384109084
94,0.04714045243494663,0.010698269320129926,0.021410644588471656,0.9207506336564516
95,0.0008274847258974708,0.9606577330663487,0.036711479444232614,0.0018033027635210774
96,6.868228468711826e-07,0.9988071620643455,0.001162367805224702,2.9783307582943025e-05
97,0.9990271814038404,5.1061327752641675e-05,0.00042991919631693354,0.0004918380720902391
98,1.3939917250412332e-08,0.9999135935361664,3.567666165079265e-07,8.603575729993467e-05
99,0.0026686133200559633,3.2863800981179536e-05,0.996348467793982,0.0009500550849809728
100,0.996308585944964,1.3748116569674653e-05,0.001971348417450549,0.001706317521015821
101,0.9328887125748235,0.008022302401401494,0.0361280304597019,0.0229609545640728
102,1.5554635486577061e-06,3.3292508097962506e-06,0.9990626479590602,0.0009324673265813147
103,0.9493344137212547,0.0013575321805997982,0.002512989716275711,0.04679506438186983
104,0.0008460355389914345,2.3857006178085166e-06,0.9953413966269383,0.003810182133452321
105,2.327253151117711e-06,0.997639534301253,0.0018080190110621997,0.0005501194345337161
106,0.9366272450719331,0.013067586823347715,0.024973027796524116,0.025332140308194733
107,9.39051518923115e-12,0.9999967349704098,1.025557470039716e-06,2.2394627296649146e-06
108,0.0005311008171915141,0.02902297795755219,0.9668232430900677,0.003622678135188759
109,2.1149782786126178e-12,0.9999977015849162,2.0405989088112435e-06,2.578140601477518e-07
110,0.9889705745714507,4.0063138135341354e-05,0.0014556070228882775,0.009533755267525574
111,0.9987937162728103,1.1227567042365919e-05,6.436548924612526e-05,0.0011306906709011987
112,0.019645464033408146,0.0011423399624885912,0.05844351694245778,0.9207686790616452
113,5.3114452052474065e-06,0.9963818539109138,0.003286056789181689,0.0003267778546991329
114,1.4123103930592274e-06,0.9982750277363373,0.001714794172912899,8.765780356806644e-06
115,3.228760674513976e-05,0.007167333801664716,0.9918258945721059,0.0009744840194843456
116,0.9819159258583833,0.0017341077862691732,0.0009072001175099328,0.015442766237837753
117,2.9187743070947543e-05,0.004409832023319944,0.9951632468477174,0.0003977333858918268
118,0.9759641041006849,0.0007039671611124318,0.0008986766333033731,0.022433252104899347
119,0.006171121429460368,0.0011693306759893991,0.9918499405600105,0.0008096073345395858
120,7.716761115057785e-06,4.667244878732345e-06,0.9970679517822972,0.0029196642117091036
121,2.817008247929848e-06,0.9975671973958226,0.002396359291287832,3.362630464176125e-05
122,8.243498936152043e-08,5.8840045591226907e-08,0.9999780939921323,2.1764732832674637e-05
123,1.670782651249129e-05,0.9939808662938737,0.005946278234186324,5.614764542759825e-05
124,0.055186809995411784,0.009480818943144498,0.02099375274392919,0.9143386183175146
125,0.9882195287133018,0.00016079549745928834,0.00037338472853652504,0.01124629106070242
126,0.015470122049253228,0.00386857274787653,0.024008414798292976,0.9566528904045772
127,0.9864872510608863,0.0001478251400160623,0.006959138497150611,0.006405785301947089
128,0.0005590965026848103,0.9902819086947884,0.0016724150557694054,0.007486579746757979
129,0.9869224954833956,5.6675261173307836e-05,0.0003988604302045189,0.012621968825226492
130,6.698728418871721e-11,0.9999938721003623,6.78154527203332e-07,5.449678123395226e-06
131,7.60665031959728e-08,4.611532409640253e-08,0.9997374403315096,0.00026243748666313077
132,9.001937100877776e-07,0.9690644917271982,0.0309100443801672,2.4563698924368324e-05
133,0.9952782512718953,3.6096598655021356e-05,0.0008551086601060555,0.003830543469343723
134,6.838016412698164e-12,0.9999972396499797,1.0518670263838991e-06,1.7084761559424091e-06
135,1.057881281992686e-09,0.9999481885888079,3.643403982759765e-05,1.5376313483066985e-05
136,0.9978710762137275,5.650947463915328e-06,0.0002192364558732575,0.0019040363829354926
137,5.057537460092641e-10,7.486479101909715e-10,0.9999785713181829,2.1427427415326917e-05
138,0.0007922241032539627,8.124733651659512e-05,0.01480828002143378,0.9843182485387957
139,2.232950065057762e-09,1.458895325472682e-09,0.9999571507674472,4.284554070735826e-05
140,0.9978274922855238,2.584210757288391e-05,0.00025597257254880614,0.0018906930343545185
141,1.0312452408247042e-12,0.9999991453666367,9.988110712817071e-08,7.547512247773497e-07
142,0.00016246086356359865,0.0687013359283124,0.929913871648518,0.0012223315596061374
143,6.288027893855464e-12,0.9999980098787324,9.929690734591986e-08,1.8908180722606105e-06
144,0.019572858663339292,0.0008300984028182319,0.04326858634468758,0.9363284565891549
145,3.0119127614575876e-05,0.9343668475520979,0.06457223591168347,0.0010307974086041134
146,0.05501666222104242,0.009069310636342061,0.032605570855885335,0.9033084562867302
147,5.206006532429995e-05,0.9888701512010196,0.00998913375640814,0.0010886549772479753
148,0.00024074623387685862,0.9319367590954011,0.06438868318009172,0.0034338114906301304
149,0.9598671290433037,0.004359920683896561,0.03231738675092649,0.0034555635218734026
150,0.04184613614756751,7.018374445837418e-05,0.9021484628169442,0.05593521729102955
151,1.8264021899885097e-05,0.9340027669209269,0.06456349616845675,0.001415472888716472
152,1.969586958831444e-06,1.1676954800096365e-06,0.9985234103812394,0.0014734523363218834
153,8.203740692552396e-06,0.9965022713945555,1.1772617509997898e-05,0.0034777522472420096
154,1.2712665562812164e-07,2.7195705645628767e-07,0.9999323861081313,6.721480815667435e-05
155,1.543414123834311e-05,8.978839127522158e-06,0.9958673463131174,0.0041082407065168025
156,0.05508808340189629,0.009904713179152341,0.022718614354546467,0.9122885890644049
157,0.0194330456775521,0.0008581098111652494,0.002441369403000522,0.9772674751082822
158,4.574563606582157e-05,0.9899617725860704,0.009901517543381672,9.096423448195183e-05
159,1.6228040538577498e-06,0.9981272889573821,0.0018299293386715967,4.1158899892364396e-05
160,3.300179982812958e-10,0.9999854950793265,1.2277358757537822e-06,1.3276854779747066e-05
161,1.541261360343258e-11,0.9999961376165853,2.2812844153101983e-06,1.5810835865841774e-06
162,0.00010865547867500515,0.9852425333271392,0.0144207119267133,0.00022809926747253804
163,3.055122525014542e-05,1.0138233865670177e-05,0.0012723471774756905,0.9986869633634081
164,1.8732070553535143e-06,0.960846332714897,0.038425908064199314,0.0007258860138485711
165,0.005930235646436645,1.985785548541556e-05,0.0013428750493027289,0.9927070314487751
166,0.9991150293764388,9.418695803642009e-07,0.0004198273644403238,0.00046420138954048415
167,0.9896583321535608,1.9109768451789238e-05,0.0014790638900397787,0.008843494187947616
168,0.9865321545172169,0.0001149918237047901,0.0005203645255980061,0.012832489133480151
169,0.05380180731965263,0.007757457348717408,0.013612531001513656,0.9248282043301165
170,0.947710287187066,0.0029371571546142395,0.002581437443168206,0.04677111821515162
171,2.9657647622934e-06,0.9971335695029508,0.0022808247019109273,0.0005826400303757607
172,0.00204069878572891,6.082600024435254e-06,0.9882931681627476,0.009660050451499166
173,0.9952039573584484,0.0007901679748632578,0.0009096712200342146,0.0030962034466544804
174,8.296708430978737e-06,0.9954614583350943,0.004064002615505583,0.0004662423409691266
175,2.3612922238253156e-07,1.0333659033367239e-07,0.999958559907264,4.110062692326651e-05
176,9.505766802440044e-06,0.9954442638810552,0.0044728384250771165,7.339192706517813e-05
177,8.665724460293266e-07,0.9986244808429566,0.0012945539689887613,8.009861560882189e-05
178,3.76736305236443e-05,0.9334940996140901,0.06454228263823082,0.0019259441171555062
179,0.9706146877658818,0.0004545881309646022,0.0007689658799912044,0.028161758223162588
180,9.650769051287278e-08,1.1241309729892319e-07,0.9996431304961143,0.000356660583097913
181,0.03601627029735516,0.0027383143813118193,0.008483688583048841,0.9527617267382845
182,1.4512772514069453e-06,8.770902362358223e-07,0.9987194716156779,0.001278200016834529
183,0.0047469112323853015,0.981408696861602,0.008706463382840007,0.005137928523172557
184,0.04650953899253562,0.0004471526169184959,0.00047307784234065645,0.9525702305482051
185,5.2771957970148035e-06,0.9421004367987855,0.05786992046446012,2.436554095741102e-05
186,0.08133956476812693,0.0011910932618989748,0.029082227042522814,0.8883871149274514
187,0.05459598587731934,0.010648759044288914,0.019437899215557587,0.9153173558628339
188,6.147020098871889e-08,0.999856871006588,1.7937514325864163e-05,0.00012513000888529996
189,0.9519427486621502,0.00029018799737651576,0.0009119049612062183,0.046855158379266806
190,1.2856977167752397e-10,0.9999981522035439,2.4767409016457417e-07,1.599993796206538e-06
191,0.9365146651776609,0.0049307571676554,0.011341122710892874,0.047213454943790915
192,1.8985706772055114e-07,1.1735993758626226e-07,1.7291589366607227e-07,0.999999519867101
193,1.5987388452858556e-10,0.9999891829255713,1.8149576822386172e-06,9.001956872590319e-06
194,1.897676159770893e-09,0.9999418629821729,5.00735084329585e-05,8.061611717881857e-06
195,2.7041386322658897e-07,1.6430054197905228e-07,3.0186508250144127e-07,0.9999992634205123
196,4.696130165146879e-08,7.931041967636496e-08,0.9997699138225861,0.00022995990569266964
197,0.003970162411367867,0.01041952709218026,0.9227297097777244,0.06288060071872735
198,0.005386802211223724,7.249986054572027e-05,0.37815012574895074,0.6163905721792797
199,2.0601262075494054e-07,0.9996348277177298,2.7546881034606498e-06,0.0003622115815459648
200,2.0798177040457815e-06,0.9985740247750413,0.00010027322846028202,0.0013236221787943285
201,0.0003785349857417272,0.9696603838415917,0.029818472032171774,0.00014260914049479066
202,0.9987451145520045,4.338493849716794e-06,0.0007427361935957085,0.0005078107605500216
203,2.0191763211477164e-08,4.367859509111705e-08,0.9999418676117635,5.8068517878177124e-05
204,0.0003966604624480742,0.030857381926604685,0.9680421279199412,0.0007038296910062304
205,0.9990162029847341,2.197896202587428e-06,0.000793823281705524,0.00018777583735766102
206,6.447506050083593e-05,0.9883943056449396,0.010887531898294767,0.0006536873962647762
207,3.6221352133450377e-10,0.9999711226906368,2.023294578003412e-05,8.644001369639137e-06
208,0.9465366107463397,0.011569455063348166,0.009987954954646406,0.03190597923566591
209,0.00700377598395579,0.001064414156831018,0.017792255025605653,0.9741395548336075
210,0.9858028220415522,7.726551369618441e-05,0.001969644107381119,0.012150268337370353
211,1.773495900816392e-07,1.1604456572016195e-07,2.054264748460798e-07,0.9999995011793693
212,3.43669235364066e-12,0.9999971109299297,2.6544911821773773e-06,2.3457545142426413e-07
213,3.2240489355730386e-09,2.6796678126373182e-09,0.9999394328474644,6.0561248818798856e-05
214,0.9891376758304952,0.00010427513800246223,0.00015098476461671917,0.010607064266885458
215,0.05258564188277885,0.0061208048591451306,0.0011349625264759995,0.9401585907316
216,1.8018336333560275e-09,0.9999697855628346,1.3518298325769229e-05,1.6694337006277353e-05
217,0.919846157404289,0.0018706547899219412,0.03266348788203724,0.0456196999237517
218,2.06631318550428e-07,4.176012019732367e-07,0.9999850277969123,1.4347970567276969e-05
219,4.769459439669432e-08,2.9431722238286345e-08,0.9997795425018225,0.0002203803718609553
220,0.03849260995787311,5.190361878024964e-06,0.9589429607025989,0.0025592389776498276
221,0.010670974976969075,0.0007582498663832034,0.004959807998854258,0.9836109671577934
222,6.196778007106595e-07,3.827451341513606e-07,0.9991729526082013,0.0008260449688637907
223,0.004662654317396995,2.8657237273972412e-05,0.0013771811287054312,0.9939315073166237
224,0.9958164306489373,2.7891144484873858e-05,0.0003531985762474035,0.0038024796303301922
225,0.03010570625305286,0.011100948131356696,0.059284023552124046,0.8995093220634667
226,3.3427622962302155e-06,2.0373751834969958e-06,0.9982912791734123,0.0017033406891079168
227,0.00031317886362577273,0.009669118667500145,0.9876744091388623,0.0023432933300117534
228,0.010098957170872721,0.0026680550941662754,0.0046461323181823,0.9825868554167783
229,5.394412323058108e-06,0.9587232844169029,0.040332785289953405,0.0009385358808204633
230,1.0127102494768578e-06,6.085031437903052e-07,1.15027521163486e-06,0.999997228511395
231,0.006164811561078336,3.9417784311697855e-05,0.0005720598527463625,0.9932237108018634
232,0.9505140712711541,0.0005836452103939867,0.0019854120959856615,0.04691687142246639
233,6.142433481910075e-08,0.9996389253547298,0.0003549962901163686,6.0169308191442176e-06
234,3.7195426883975406e-05,0.991126277290018,0.008566769931698914,0.00026975735139915335
235,0.9372904646588389,2.104518229411215e-05,0.023665068736328808,0.03902342142253827
236,2.3153345549666538e-06,0.9986179592447089,0.0005523784858515449,0.0008273469348847053
237,2.062361141163322e-06,0.9978808325405912,0.0020684503997737166,4.865469849408811e-05
238,4.1890542345834435e-05,0.9902939841246998,0.009589949982182176,7.417535077211395e-05
239,0.9973414816127346,4.412650220201623e-05,2.688333587517682e-05,0.002587508549188112
240,4.703945699157315e-10,0.9999755000234136,7.403908912931135e-06,1.7095597278778168e-05
241,1.9011854175529273e-06,1.054297938932994e-06,1.893368276754435e-06,0.9999951511483668
242,0.9853910597938667,0.0002818526229646195,0.0014990470800740673,0.012828040503094515
243,0.05264588307727825,5.937297615882959e-05,0.00056831143260627,0.9467264325139566
244,0.0009366022616580973,0.9325737125400264,0.06442783662523285,0.0020618485730828037
245,0.0014300471926494331,2.0449586445856087e-05,0.0017677374770577493,0.9967817657438469
246,9.475648922522622e-05,5.6728075341942046e-05,0.9894202305564938,0.010428284878939001
247,0.010226739911169468,5.046576873810943e-05,0.005509223142111678,0.9842135711779808
248,0.02651112343489702,9.813701582112941e-05,0.06071959640045301,0.912671143148829
249,6.8373139918032915e-06,0.9962906610427371,0.0028976089606038884,0.0008048926826671642
250,0.9993319132232423,1.3861221617294113e-05,1.8263451974140393e-05,0.000635962103166319
251,0.000158188348928082,5.217860438185973e-05,0.9346813821635881,0.06510825088310189
252,0.9872320953223698,0.00019784380841217128,0.008754911011712328,0.00381514985750574
253,0.0015140506526993872,0.00024630291357343235,0.024843817200492956,0.9733958292332344
254,1.919074107885663e-12,0.9999989412005709,1.7647111079628733e-07,8.823263992994485e-07
255,1.3426954956872593e-07,6.991956071738817e-08,0.999675651374511,0.00032414443637869664
256,9.94219592946923e-05,6.298101460040759e-05,0.9893308601065659,0.010506736919538826
257,0.015516354273327364,7.98118368909615e-05,0.010110021937120598,0.9742938119526612
258,0.9499696320104825,0.0013128348873633411,0.0018466108150128645,0.04687092228714156
259,9.262659283004202e-05,0.9855536294955027,0.014320734979649025,3.300893201822148e-05
260,2.904442670561203e-06,0.997676195315392,0.0020669828395111587,0.00025391740242623143
261,3.2075506450590764e-07,0.9995801402949707,0.0002490702607936123,0.00017046868917144927
262,1.4706077512433336e-10,0.9999885624229721,3.0989806059918266e-06,8.338449361372694e-06
263,0.9478422758902906,0.0021200315657459263,0.0032207752488035038,0.046816917295159834
264,0.9523071185196565,0.00017461516269284835,0.0006115386672193734,0.04690672765043136
265,1.6126524102820845e-10,0.9999905307206588,2.6002435414478905e-07,9.209093721853543e-06
266,3.0255083375416608e-05,0.9918963842148368,0.008049414440476785,2.3946261311007996e-05
267,0.0067952561973545576,0.0001336922480911051,0.0002290798318536344,0.9928419717227008
268,4.386224595260699e-08,5.900159422456156e-08,0.9998041618022323,0.00019573533392745423
269,1.3766887550130397e-07,0.9995585954572216,1.5857403210736664e-06,0.0004396811335819226
270,0.0236059690447131,0.00563463512771356,0.961976360297354,0.008783035530219481
271,2.9309815344534905e-06,2.8057672179584676e-06,0.9982704715747984,0.0017237916764491355
272,0.00605458734650066,0.9901112581910586,0.00047723089980108985,0.0033569235626396757
273,0.9899519620526994,0.0022930079788566968,0.005631194380206104,0.0021238355882376805
274,1.7555299772774678e-11,0.9999969145004262,9.991378569617535e-08,2.985568232802979e-06
275,6.4828427247711985e-06,0.057418271584693266,0.9425156910065222,5.9554566059998e-05
276,0.9978391298946093,0.00015092945551938806,0.0013386893812399657,0.0006712512686313431
277,5.5885007815235753e-08,2.161559254653411e-08,3.9981461287828364e-08,0.9999998825179383
278,0.002195437441486207,0.9292036211999303,0.06283472524885446,0.005766216109728909
279,1.943800455885615e-06,3.1403513770766617e-06,0.9990277371261013,0.0009671787220657961
280,0.007497691061499686,2.953394356805597e-05,0.9915969751498157,0.0008757998451160481
281,0.0003034224215072607,0.00018474549025079346,0.980488229679352,0.019023602408890058
282,0.9411522914377887,0.011580002979248053,0.006750637199150943,0.04051706838381217
283,0.9834633141407888,0.00011190360453324424,0.0028230064248038872,0.013601775829873972
284,0.9979998635997156,1.2083405726089942e-06,0.0014085576405446253,0.000590370419167279
285,0.9464655666313126,0.0019733506227421994,0.004709543849087539,0.04685153889685743
286,1.9513738283169398e-10,0.999980216167211,1.1047064934564712e-05,8.736572716977229e-06
287,9.278838674253922e-12,0.9999978043458883,9.938593057611017e-08,2.096258902196155e-06
288,3.609102675712228e-06,3.688724368641191e-06,0.9978336483257886,0.0021590538471669483
289,1.7579149621224135e-07,0.999581679122898,8.605246750089572e-05,0.00033209261810518344
290,1.255396419615916e-08,0.9999319457945041,5.429169085878432e-05,1.3749960672893815e-05
291,1.6789883440670139e-09,0.999969377416054,1.0370254911900732e-06,2.9583879466445786e-05
292,0.013200961222331695,1.4712707809940175e-05,0.0009396759898378297,0.9858446500800206
293,0.006876721697011999,0.0005166851744907936,0.00045604289904483113,0.9921505502294525
294,0.05416193046163613,0.008322279861835726,0.015297585312660955,0.9222182043638675
295,0.9978476109851021,0.00012874379146953527,0.00046402222178240524,0.0015596230016459549
296,1.3208459096477625e-07,0.9994141285585533,0.0004493587732229638,0.0001363805836327948
297,1.7201880196402169e-10,0.999986694850514,3.912066385528688e-06,9.392911081629439e-06
298,0.0034991387183935757,2.8752236557680052e-05,0.0014097409011997488,0.9950623681438487
299,1.1291141735266787e-06,0.9984768883794738,0.0015008063516103347,2.117615474215588e-05
300,0.05251343513387437,0.001894370112566406,0.0008143844559486651,0.9447778102976105
301,0.9995185724659491,4.090620311364858e-06,0.00044867137484842643,2.8665538891232965e-05
302,4.5585430085257005e-05,0.9900186984486901,0.009928625987578083,7.0901336465588964e-06
303,0.027850847390098805,0.0006625391932067098,0.004554523281206913,0.9669320901354876
304,0.020430173941374172,0.00017439454688419258,0.9223773981832541,0.05701803332848761
305,0.999477889060985,5.697522766074316e-06,6.909361718663535e-05,0.00044731979906226786
306,0.9608166373526303,0.011123554204893719,0.0050500499174508905,0.023009758525025178
307,0.9518551306112273,0.0005122771749395431,0.0006972764781825748,0.04693531573565063
308,0.9976627706671077,9.536070533234438e-05,9.845658371689836e-05,0.0021434120438431205
309,0.054542632729989604,0.008222014609761179,0.01744375468729197,0.9197915979729573
310,0.9862654797405741,8.952241842563073e-05,0.00023187558066408684,0.013413122260336386
311,2.287082300310041e-06,9.134641346636623e-07,1.8655392907446408e-06,0.9999949339142743
312,0.05254737091563466,0.006068610356782719,0.0017365042796322844,0.9396475144479502
313,0.0545293546380764,0.0064371173973105916,0.016989131620546133,0.9220443963440669
314,1.7206111985103124e-07,1.0766989733160427e-07,0.9995955157577923,0.00040420451119058966
315,0.9462139760007364,0.012633670447004199,0.016820459449831886,0.024331894102427372
316,0.9987994376895228,6.326366777893672e-07,0.0009872532102568343,0.00021267646354247442
317,0.018040205529821485,0.008667171517873204,0.009226272857042568,0.9640663500952629
318,1.3657647541321766e-07,0.9994557648042447,0.0005409274612085334,3.171158071319232e-06
319,0.00644593336792478,0.0017340710476935034,0.9876729754896449,0.0041470200947369504
320,2.056163856335946e-09,0.9999325344588795,6.413732971136947e-05,3.3261552453079848e-06
321,6.472492795391174e-08,3.921215004580063e-08,0.9997293774434075,0.0002705186195144514
322,0.0010003086637367742,6.340101798146942e-06,0.000632342644688411,0.9983610085897765
323,0.9986166778892069,3.5274256446450484e-06,2.598301593068147e-05,0.0013538116692176727
324,0.00022970501265722918,0.9769290120436894,0.022654639967949475,0.00018664297570391373
325,0.994746941668638,6.651790285895095e-06,0.003130542564460694,0.0021158639766152734
326,1.6142923540208002e-05,0.9943840175602208,0.005359643509541777,0.00024019600669730016
327,0.015558873492523587,0.00019983633917915457,0.0002175641037694256,0.9840237260645278
328,0.9376606853413163,0.015508937040348482,0.018060393503629674,0.02876998411470558
329,0.0011203886681711468,1.8110723101965917e-06,0.9894283221755746,0.009449478083944234
330,9.262142187707543e-09,0.9999041051092913,4.5481674860186526e-05,5.040395370665007e-05
331,3.582291125643404e-09,0.9999165487265923,7.776003296290058e-05,5.687658153620546e-06
332,1.2679058533708569e-05,0.994834458730183,0.005039675712679308,0.00011318649860396959
333,0.9535967652449147,0.008699049141761707,0.033807815028542104,0.003896370584781626
334,6.812491527893043e-08,0.999600365933869,0.00037662339987056036,2.294254134523823e-05
335,9.077245564122601e-07,0.998779740749268,0.000892027577751045,0.0003273239484244339
336,0.9990722574116213,2.186142270557369e-05,0.0003320329160682205,0.0005738482496047834
337,0.944412109054082,0.0027512410993785334,0.0059941385171949245,0.04684251132934443
338,2.3535042977350215e-05,0.9928412999930171,0.007077131092167864,5.803387183778353e-05
339,0.9983743830270652,6.275596068521084e-05,0.0012221194230419615,0.0003407415892078982
340,0.006675121497616249,0.000586521640149506,0.00020655066969892954,0.9925318061925351
341,0.93734806716016,0.00193348499399011,0.0139102854418879,0.046808162403962086
342,0.0007770950489366308,0.0007356808484106028,0.0009869129593159658,0.9975003111433369
343,7.747351989833413e-08,0.9995749985312852,0.0004029849976248207,2.193899756999934e-05
344,5.55025762721989e-06,0.9973231130684314,0.0009084909903457381,0.0017628456835957764
345,0.9510216437961702,0.0009822592656768268,0.0010873661000663146,0.04690873083808651
346,0.001965134435893522,0.00028212095602054253,0.9976072553037327,0.00014548930435348483
347,0.05240403615281475,0.0006229033376710091,0.0010851183254372073,0.9458879421840768
348,1.4622428042074285e-07,0.9994258935220995,0.0005448350104550173,2.912524316513641e-05
349,1.1454857024148586e-08,8.443679461949435e-09,0.9999817111924418,1.8268909021831822e-05
350,0.0008798647530598197,5.827101378767765e-07,0.9851851056964998,0.013934446840302487
351,1.2392105426957063e-08,0.9998819492357428,2.3057203849200865e-05,9.49811683024179e-05
352,3.987154305843037e-05,0.9905960622714703,0.009331882953415681,3.21832320554844e-05
353,3.123946816671128e-10,0.9999833544034942,9.56465010690387e-07,1.5688819100555476e-05
354,6.953243731632248e-13,0.9999993416317686,9.98931506012233e-08,5.584743854278308e-07
355,3.98947853665907e-09,8.627493930921638e-09,0.9999873749846167,1.2612398410838992e-05
356,3.4784730008163786e-07,2.059541840397722e-07,0.9998027707037234,0.0001966754947925715
357,0.9991241148040388,1.0560326654167115e-05,2.4097450068487202e-05,0.0008412274192384564
358,1.0839249969489899e-08,8.907989558555771e-09,0.9998910751052039,0.00010890514755656509
359,1.0303393519159745e-10,0.9999879965288249,5.100138851751188e-06,6.90322928925117e-06
360,0.9588348359470447,0.001294906335207861,0.03461155545072044,0.0052587022670269054
361,1.3310576261261326e-05,0.9945693896723599,0.005067430198560793,0.00034986955281806324
362,0.05238354509285776,0.003130031525563557,0.001837369407478049,0.9426490539741008
363,0.0030950684167176433,0.9917687034518158,0.001401993891771102,0.0037342342396953143
364,6.131326687036524e-06,0.00319581862607764,0.9965620618958186,0.00023598815141667517
365,1.7165962377387436e-05,1.0067089992905938e-05,0.9956902048700099,0.0042825620776197485
366,5.142036589787168e-10,0.9999698031115216,1.0657193877796567e-05,1.9539180397070312e-05
367,0.0004232180132729992,1.6251679924491865e-05,0.002830254379967737,0.9967302759268347
368,0.999519197446331,8.274813071365999e-07,2.2583537000917173e-05,0.00045739153536076936
369,1.3709493041247633e-11,0.9999987285947372,9.979460676143835e-08,1.1715969468969305e-06
370,0.9900722868327266,5.540159477455941e-05,0.001397013000846696,0.00847529857165224
371,0.0010862826723238308,0.00022108512808905603,0.025948989681399633,0.9727436425181873
372,8.771918954066596e-12,0.999996696434644,1.231230776500518e-06,2.072325807692382e-06
373,8.157465966585717e-08,6.597158241812124e-08,0.999703621923868,0.00029623052988983955
374,0.9980371529718214,1.7904229499621176e-06,0.00017956376714921854,0.0017814928380792707
375,0.003984401088053713,0.0003305174918111262,0.9948749304330964,0.0008101509870386635
376,5.396932740257798e-09,0.9999036016481729,9.269840903266233e-05,3.694545861639378e-06
377,0.9846966325038666,0.010337974025695371,0.002035188485337143,0.002930204985100828
378,0.9978547151109145,9.355034489661021e-05,0.00015389174054831288,0.0018978428036404722
379,9.13736221607784e-07,5.958662406898714e-07,0.999180504267119,0.0008179861304186231
380,4.048898998800793e-11,0.9999936578111008,2.2815710918516295e-06,4.0605773183416234e-06
381,0.054012705093277574,0.011216576814701578,0.017439624921093213,0.9173310931709278
382,0.9512447418604918,3.794438985081001e-05,0.0018051340045476697,0.04691217974510973
383,2.2222741192132473e-07,1.34815306523978e-07,0.9995372846252358,0.0004623583320457785
384,1.8304957807395909e-06,1.107580510124191e-06,0.9988790696549446,0.0011179922687645691
385,2.0015558207356272e-07,4.32925708100683e-07,0.9999544534488383,4.491346987145895e-05
386,1.2284300583575305e-09,0.999943072310139,4.653585690805427e-05,1.03906045229039e-05
387,1.7615278847499754e-08,0.9999527997804808,1.8272266625860083e-05,2.891033761446929e-05
388,0.9992744625274035,8.111273796288312e-07,5.800507360931457e-05,0.0006667212716077055
389,7.718015413084295e-06,0.9966857445231302,2.0287948989624012e-05,0.0032862495124672516
390,5.3684046106377913e-11,8.117736049642661e-11,0.9999938681719912,6.13169314735615e-06
391,0.0024010326631503263,0.0009157162363064438,0.989055860168813,0.007627390931730422
392,1.3011180877521802e-05,0.9351760622040172,0.06463215027299835,0.00017877634210683354
393,1.1377039623443774e-05,0.9950379464346417,0.004667431265269815,0.0002832452604650641
394,0.0007269206025256285,0.0030836823369336077,0.9854719180654687,0.010717478995072013
395,0.9957654851547932,2.1956099800004406e-05,3.48870442519089e-05,0.004177671701154684
396,0.05292565871584579,0.010655076734526049,0.010296714991493696,0.9261225495581348
397,6.913472077258935e-08,4.2670822197603504e-08,7.917982298119197e-08,0.999999809014634
398,2.7231220784741286e-11,0.9999956392036847,9.681142458558598e-08,4.263957659438327e-06
399,0.004264084415227823,0.018336594527815157,0.9402045209949965,0.037194800061960576
400,1.2009650713862315e-05,0.9342307083537844,0.06456309859440022,0.0011941834011014567
401,7.002701061890345e-05,0.9870522609147709,0.012155107318174627,0.0007226047564355459
402,0.9509335087684696,0.0005272833006524309,0.0016389324791194002,0.04690027545175838
403,7.6017366149122965e-06,4.622183179754032e-06,0.9970382178502636,0.002949558229941708
404,0.9811629884438683,0.010353742412033374,0.007828558387332936,0.0006547107567654487
405,0.9789542454535941,0.00018361185034476338,0.007104126806871843,0.01375801588918931
406,0.9991660296989536,3.8587525889823457e-07,0.0001924810442756131,0.000641103381511965
407,0.9973310685107234,0.0017595428724832877,0.00021211718303849937,0.0006972714337546793
408,3.633164525196346e-07,0.9991539830270121,0.0007977092997205384,4.7944356814666566e-05
409,0.9963651715580663,4.041341437565909e-06,0.0028554885947201965,0.0007752985057759137
410,0.9979045226632506,2.2228351597956404e-06,0.0003804907610557615,0.001712763740533825
411,0.9833039592827154,0.00010849963794336894,0.0005135763968287636,0.016073964682512386
412,8.432029286437592e-08,5.122459823435653e-08,0.9996930305728894,0.0003068338822194712
413,2.3080985889961025e-05,0.9931744225421352,0.00676929440498538,3.3202066989345655e-05
414,0.9963189819858161,5.045403774341991e-06,0.0013752037308309975,0.002300768879578675
415,1.725065482037774e-05,0.08693904069463082,0.9128531055387441,0.00019060311180455324
416,0.9765513339971615,0.00012505741553183207,0.017686902410155553,0.005636706177151087
417,1.6694971865038855e-08,0.9998262363029561,0.0001523643191353631,2.1382682936670682e-05
418,0.00017031418104929553,0.008054060918279964,0.9912388134990997,0.000536811401571082
419,2.0526571682000935e-07,0.9993420567079214,0.0006338360106568202,2.3902015704820605e-05
420,1.4876486970762842e-05,0.9345103404801747,0.06457772860551145,0.0008970544273434739
421,2.9000934420793837e-05,0.9921115542791502,0.006735431451405604,0.0011240133350231766
422,0.9890160073156888,0.0003581182415265449,0.00020865076668703615,0.010417223676097693
423,0.00037267641830260973,9.302242539046742e-06,0.0015238615091301376,0.9980941598300281
424,3.411927302275142e-09,5.5176887666423845e-09,0.9999407966036699,5.9194466714009585e-05
425,1.8684376637923025e-05,0.9935559569125619,0.0063729331287804255,5.2425582019796934e-05
426,1.245011254525233e-07,0.9995418274849578,0.00032648991344925147,0.00013155810046748117
427,6.31804673040724e-05,0.9886575414443362,0.011037331234066881,0.00024194685429278687
428,5.078596131692096e-11,0.9999945988243139,3.4495016073458967e-07,5.0561747394976e-06
429,3.4709657412548993e-09,0.999909038695551,5.7141397474530334e-05,3.3816436008722585e-05
430,1.6987806336286927e-05,0.9939040301388605,0.006016042932458793,6.29391223442925e-05
431,0.011570744822640557,6.727916120214163e-05,0.0001898730472768892,0.9881721029688804
432,1.752983221200484e-08,0.9997986353358754,0.00019281563481667364,8.531499475880742e-06
433,1.4061976842850303e-08,9.776108663947931e-09,0.9998854376393239,0.00011453852259071706
434,4.135186430947369e-05,0.00018146928559854204,0.9346870711332682,0.06509010771682391
435,4.894585591836558e-08,2.444201261799624e-08,4.994648411544419e-08,0.9999998766656473
436,5.1573537854064125e-08,3.146182980183049e-08,0.9997630440623599,0.00023687290227236745
437,7.612304211053156e-06,0.9958397519916071,0.003914753721532051,0.00023788198264991292
438,1.3582210845220282e-10,1.7926221807761204e-10,0.9999883738758714,1.1625809044345574e-05
439,0.0016871285456030915,0.0003125899196926452,0.9331055254670795,0.06489475606762486
440,2.9018802197488018e-08,0.9998402523132485,3.639728065406536e-05,0.00012332138729548138
441,5.224456946812242e-07,5.02970612635655e-07,0.9999547039049456,4.427067874705098e-05
442,5.521823048329011e-07,0.9988578407084386,0.0010775961429999028,6.401096625686229e-05
443,0.9996499029839054,3.333615067591226e-07,0.00017097590113433986,0.0001787877534534902
444,0.0006363910355221325,0.0339573705193593,0.965156495865738,0.0002497425793806831
445,0.005522895723719779,0.003353895595079984,9.453701874796635e-05,0.9910286716624526
446,0.9445067758412886,0.0020035923188186132,0.006634241248131284,0.04685539059176144
447,5.061846756085412e-05,0.9897261022958205,0.01006242517677183,0.00016085405984667784
448,0.04921871107134416,9.52127167046668e-05,0.012930433555407477,0.9377556426565439
449,0.052663865390511405,0.00026019705265205984,0.0009818505226907802,0.9460940870341458
450,0.0017628484118683496,0.9912849256383116,0.0016060050984047216,0.005346220851415037
451,0.0011374559934246502,0.0013174360457028334,0.00016495409943498974,0.9973801538614373
452,5.969449586854525e-11,0.9999993323311396,5.435091624694937e-07,1.2410000352767783e-07
453,3.015000573004155e-08,0.9997977088300858,0.0001998357897526906,2.425230155869255e-06
454,1.224867601083952e-09,0.9999706798979248,5.9443782128366826e-06,2.3374498994869886e-05
455,0.0001289731672590376,0.9808448570615542,0.01547184612327361,0.003554323647913267
456,2.4599112389407842e-05,0.9924716508767765,0.006959122859881894,0.0005446271509521372
457,3.0532631435623466e-09,0.9999504520193216,9.272456689370872e-06,4.027247072602843e-05
458,1.7102455771124485e-06,0.9980921737676192,0.0018929316600760364,1.3184326727672423e-05
459,0.0003064028341838877,0.9748283638194367,0.0246255812985721,0.000239652047807266
460,0.052553896433523414,0.0017726416655375887,0.0006236497941597216,0.9450498121067794
461,0.9657516928259441,0.0007118774292402333,0.0008624881564302913,0.03267394158838538
462,0.006441464786499629,0.9801457142544775,0.007448224646739562,0.005964596312283356
463,0.014625275737448458,0.00015923207881022886,0.9201890190880744,0.065026473095667
464,0.9925310710705693,0.00016075670386048375,0.004596045066879866,0.0027121271586904305
465,0.0009147580909690009,0.991874357489018,0.0017425035578697273,0.005468380862143372
466,0.04892879999945719,0.000739523640405444,0.05268067306154065,0.897651003298597
467,0.002554874816662609,2.108435093581222e-05,0.0006385554377261002,0.9967854853946756
468,0.7291545829152436,0.0003537192324700864,0.25288461162173725,0.017607086230549025
469,2.6066866580690512e-08,0.9998595323069647,5.9402276688517445e-06,0.00013450139850016733
470,0.9748988307750188,0.00018673335261074563,0.0024113029085092745,0.022503132963861232
471,3.0037750927132905e-09,2.547681587156183e-09,0.9999448484365769,5.514601196641677e-05
472,4.2474735518213725e-08,8.393763468442074e-08,0.9998267018594124,0.00017317172821727363
473,5.0783426256784066e-06,0.9964840694397217,0.0031682860148419005,0.00034256620281068495
474,0.04237303877408321,0.0029197936385272436,0.9189421733523911,0.03576499423499842
475,0.939634720215534,0.005469352130170654,0.007999281786324607,0.04689664586797076
476,5.351866123565518e-07,2.4898535992188716e-07,0.9999168781383247,8.233768970299499e-05
477,3.122083776005613e-10,0.9999850013063131,1.3097257798137676e-07,1.4867408900325287e-05
478,0.00013873386878320254,0.9814502020263803,0.016718189793711476,0.0016928743111249236
479,0.9316586906070681,0.0035602164371112094,0.017637097291698347,0.04714399566412216
480,0.00018043224826018548,4.592416484464219e-05,0.001506441377869316,0.9982672022090258
481,0.9519603095967104,9.555928921032237e-06,0.0010788769830367808,0.046951257491331486
482,0.019283618525835187,0.00036666423932298634,0.0003903835118145604,0.9799593337230272
483,3.1991880911293033e-09,0.9999122191350337,6.341474379267577e-05,2.4362921985621846e-05
484,0.9992866368449428,1.916789882885974e-06,6.456915129912438e-05,0.0006468772138754707
485,1.17159042778452e-08,1.576871756843851e-08,0.9999084619062086,9.151060916962124e-05
486,0.9425802217592033,0.005320867080763253,0.0053179423195765995,0.046780968840456766
487,0.9766053013483967,0.00017574036162205762,0.000644208806524082,0.02257474948345729
488,0.0006429612337221003,1.5642064251111207e-05,0.08809278730173761,0.9112486094002894
489,0.0029918421707416367,0.00024040846897470188,0.00013346517831920362,0.9966342841819644
490,0.05446326062852999,0.01295110351479593,0.022028203296822906,0.9105574325598512
491,0.00025400529505774724,0.04650354821682472,0.9442188553541383,0.009023591133978798
492,0.9970729799755355,2.9808378968998863e-06,0.00023311053075067247,0.0026909286558169207
493,7.139781170299129e-06,4.442008260727794e-06,0.9971387923674213,0.0028496258431476296
494,0.9526518386130123,6.206983313089078e-05,0.0003548207323641262,0.04693127082149257
495,7.06882103021501e-09,0.9998754436281475,0.00012274768288968928,1.8016201414977633e-06
496,0.9562879592170123,0.001068414305140752,0.0011840103062306837,0.04145961617161661
497,2.156535432807007e-10,0.9999781799315197,2.0041362526760093e-05,1.7784903000132097e-06
498,9.13396110276074e-09,0.9998515190223506,0.00013629886437011235,1.2172979318187875e-05
499,0.05324516151323808,0.007450095514960414,0.009691801490807093,0.9296129414809942
500,1.7696680621993132e-07,0.9994055767874662,0.0005712359916158878,2.301025411158197e-05
501,0.05257403807341357,0.0079421755420675,0.004287859396801581,0.9351959269877175
502,1.4222505550793754e-09,0.9999664328230812,9.449804897498448e-08,3.347125661955951e-05
503,0.9491458530659838,0.0009725109613033328,0.003004277111021429,0.04687735886169161
504,6.95698856951943e-08,3.8860982684834946e-08,6.057596610229847e-08,0.9999998309931655
505,0.05248691461922848,0.005417587280415959,0.0015937899724856304,0.9405017081278698
506,5.921584697251367e-10,3.8284801941631034e-10,0.9999832958280961,1.6703196897400036e-05
507,0.999645597781763,2.9323072891612166e-05,3.0264726233969724e-05,0.00029481441911142684
508,0.9517498346387991,0.0002748936133185722,0.0011048640719327815,0.04687040767594975
509,0.00039403087962229576,0.9730336995973917,0.026437278583898154,0.00013499093908783086
510,5.345385423098629e-07,0.9996145318358687,0.00016846041640620015,0.0002164732091826618
511,4.002051687586939e-06,0.997039537253171,0.0029297926637143535,2.666803142719019e-05
512,0.05250106107118777,0.004746334144020565,0.0016380494006459337,0.9411145553841459
513,1.5122524423374055e-05,0.9353032995182159,0.06456963147520614,0.00011194648215470774
514,0.9795408734795363,1.476433244077293e-05,0.010073980419689503,0.010370381768333319
515,0.003871374817499056,7.644871171301373e-06,0.9957198651932463,0.0004011151180832619
516,1.865881831527561e-05,0.9935841899492811,0.006354460162388854,4.269107001486592e-05
517,7.435774915298728e-08,1.527478335497955e-07,0.999772821555682,0.00022695133873525507
518,0.05222497338132709,0.00013335928593431677,0.0028728535807275306,0.944768813752011
519,0.9528505336567551,0.0001655900904289108,5.918466086807029e-05,0.04692469159194772
520,5.997710901282657e-07,2.679451601841859e-07,3.613263776472203e-07,0.999998770957372
521,4.4269503449252153e-10,0.9999940698418222,1.6533730914330255e-06,4.276342391291609e-06
522,0.011682297643221925,8.893039743562859e-05,0.006458813325494175,0.9817699586338482
523,0.9968710066534477,2.431733597614313e-05,0.0018993250232514232,0.001205350987324456
524,3.6806991821108905e-05,0.009555545208037943,0.9901811503282438,0.0002264974718971893
525,0.051761875170462095,0.005215340838890341,0.018507108075336516,0.9245156759153109
526,4.59205570911758e-09,0.9999332022836817,2.5196607145382378e-05,4.1596517117210787e-05
527,2.9864017153728517e-08,1.7717463990192574e-08,0.9998826763463305,0.00011727607218824493
528,0.9359306704327514,0.017131107587659834,0.015406429781314436,0.031531792198274705
529,0.9455142768410351,7.117159694669155e-05,0.007660245442991187,0.04675430611902682
530,2.8500339287006025e-10,0.9999855889211503,7.708879282462067e-07,1.363990591799071e-05
531,0.05346801108599761,0.010556284779239858,0.01418126734680218,0.9217944367879605
532,0.004108316156474912,7.981617554115497e-05,0.9309214189576736,0.06489044871031056
533,0.05262629338986584,0.0020543150477500692,0.0038902970378753114,0.9414290945245088
534,1.4679008015638095e-12,0.9999980500106124,1.5647841255860944e-06,3.852037941342457e-07
535,3.7941818326325085e-06,2.2822543963744605e-06,0.9985861622252566,0.0014077613385145844
536,0.004525712168207707,0.9837755414701969,0.003809955781743008,0.007888790579852735
537,5.3546054876428755e-08,0.9998347028967233,5.805762666601902e-05,0.000107185930555693
538,0.0017293426815758613,5.0368940483791244e-05,0.8933443068255915,0.1048759815523488
539,1.0110466135313856e-07,0.9995269957351118,0.0004572903443143686,1.5612815912567515e-05
540,0.9629816143560661,0.0003768240072653348,0.03496980669891818,0.0016717549377503473
541,2.669784602945388e-07,0.99933243655262,0.0006623378736885924,4.958595231069219e-06
542,0.9594732395959696,0.0008647059851217331,0.0012899238293073577,0.03837213058960127
543,8.127501149028803e-05,0.9502498690715313,0.0473548524389264,0.0023140034780519546
544,0.9944674040614627,8.216666083316576e-06,0.0012375893445501689,0.004286789927903816
545,0.05260845064791931,0.005879277540074345,0.002757009031687088,0.938755262780319
546,0.016963580922659618,1.4737589824183631e-05,0.026848232380530645,0.9561734491069857
547,0.0006035105152405305,0.0003622330925511596,0.9719599324256302,0.02707432396657808
548,0.00039610148340156156,0.9894964719560762,0.0016968506913808167,0.008410575869141335
549,2.0361071942804803e-11,0.999994415503005,2.9506825057803002e-06,2.6337941281684316e-06
550,0.018164997636273758,0.0001864138711626609,0.00012838284014272985,0.9815202056524207
551,0.9521919153806411,0.00028163155759902865,0.0005705077467598221,0.046955945315
552,0.013215437378047113,8.017849015545927e-05,0.05983530249655398,0.9268690816352436
553,0.9933336096170504,1.8732865761110873e-05,0.00026825646267789255,0.006379401054510799
554,5.595527199710308e-05,0.9888334137239865,0.011075828498558581,3.48025054577924e-05
555,1.0894107545249517e-08,0.999912341510675,2.1610525507611027e-05,6.603706970970092e-05
556,9.484233889968874e-07,1.4460108098238822e-06,0.9989897861257919,0.0010078194400093751
557,4.9715238059373835e-08,3.0983071800797614e-08,0.9998940248635182,0.00010589443817191894
558,1.3360672083960617e-06,2.8527154733279122e-06,0.9991635817765325,0.000832229440785817
559,0.9994601940170865,2.7010801863505817e-07,0.0004047063175664058,0.0001348295573284606
560,0.9330682426894954,0.007869572295182656,0.01164791718770594,0.047414267827616284
561,0.9436924008768509,0.005676876908449784,0.003836037382963505,0.046794684831735815
562,8.266999308347809e-06,4.95875608507051e-06,0.9969337268194981,0.0030530474251084104
563,0.05248118260420783,0.003960398837726955,0.0019338031292443806,0.9416246154288209
564,0.005861727934422342,6.271189904609811e-05,0.9928864343752232,0.001189125791308358
565,0.01016196774106253,0.951904209675114,0.035315662126956256,0.002618160456867237
566,2.4381431968323286e-10,0.9999865623429619,9.512093490414712e-08,1.3342292288908236e-05
567,0.052633706236649584,0.0073215805484276395,0.0024200237432844404,0.9376246894716384
568,6.691723368676622e-09,0.9999357367493702,2.642810559395133e-07,6.399227785034116e-05
569,0.9896786713634742,0.0038560277420386533,0.005891525976043076,0.0005737749184440984
570,3.4410799277934987e-10,0.9999831043658481,2.811334897337305e-06,1.4083955146553798e-05
571,8.865424533045085e-09,0.9999313729539755,1.7847421485651902e-05,5.077075911415805e-05
572,0.9977852230676897,3.184354341426948e-05,0.0005019224629868096,0.0016810109259091427
573,0.05369699146129832,0.007573705504947929,0.01311251919272818,0.9256167838410256
574,0.009161501970557439,0.9237456553689203,0.055330701351024275,0.01176214130949819
575,4.697435688704007e-06,0.9967122306552585,0.0030103952412474646,0.00027267666780538273
576,0.00037129044961991165,0.00014407934308327663,0.002969150490152146,0.9965154797171447
577,1.398352871027842e-05,0.9950745401253572,0.004776528763516419,0.00013494758241600215
578,0.00094849564486258,0.9976807749698459,0.0012321316417996124,0.0001385977434917499
579,0.936982092180041,0.004369240381928666,0.03477855964235421,0.02387010779567595
580,0.9733824299862454,0.0002310310862335267,0.00045735528880708865,0.025929183638714083
581,2.0129451047650064e-09,0.999946548011944,2.3842771793102745e-05,2.9607203317796176e-05
582,1.5697237660625547e-05,0.9940504600981429,0.0058183305197988455,0.00011551214439749735
583,1.0943352227686766e-05,0.9352802588796675,0.06467766614135108,3.113162675353954e-05
584,8.34101244499044e-05,0.9867498078953995,0.012482784161081237,0.0006839978190693002
585,6.808588748648402e-10,0.9999759681668153,4.327962358070928e-07,2.359835608999597e-05
586,5.984117672149449e-12,0.9999980527676657,1.8074196131132657e-07,1.7664843887561354e-06
587,0.0004285157535575266,0.9717529872240775,0.02672353956724851,0.0010949574551164635
588,0.0002449400684931326,0.9759040634331655,0.023041917214045728,0.0008090792842957034
589,1.3108753125633259e-06,8.032197674968548e-07,0.9987823003089512,0.0012155855959686069
590,8.300651412595735e-07,4.92774206720026e-07,9.37472893609889e-07,0.9999977396877584
591,0.006276799495418293,5.5944305901377944e-05,0.028366112152898908,0.9653011440457816
592,0.011105705699779245,0.0015523072821385822,0.00035173352951277614,0.9869902534885692
593,7.031376870734008e-08,0.9996037710366977,0.0002770795196593317,0.00011907912987421962
594,1.7847938456723688e-08,1.0878707654359136e-08,0.999871057172603,0.0001289141007507229
595,4.882219200876717e-09,0.9999052200894845,8.42175057901306e-05,1.0557522505981811e-05
596,7.802149868597485e-09,0.9998602961582168,0.0001244458697865299,1.5250169846589878e-05
597,0.0016397303929855896,5.353089817818737e-05,0.0006516685267651669,0.9976550701820711
598,0.9495672634512894,0.012809533233356374,0.012416183232387834,0.025207020082966426
599,0.9995214986304102,2.8398020666397052e-05,1.4871733602807747e-05,0.00043523161532060665
600,0.005887845176903733,0.0001008142053654581,0.059562419192588076,0.9344489214251427
601,6.227348337262478e-07,0.9988282460166251,0.0011476993327536916,2.3431915787519504e-05
602,3.3324480299450805e-08,2.8107881752995605e-08,0.999826786034751,0.00017315253288706015
603,2.9139016549319704e-07,1.7559269705408535e-07,0.9994437009043535,0.0005558321127839941
604,0.0015678467830763654,6.555088527826666e-05,0.0599600346669251,0.9384065676647201
605,0.00012047790455774441,3.308114299077372e-05,0.007809591789642706,0.9920368491628089
606,1.2302220129579033e-08,0.9998201509438123,0.00014834524193068474,3.14915120366945e-05
607,3.8818326741129365e-05,0.9671155797133508,0.026115689707907404,0.006729912252000536
608,0.0008671428961564631,2.937056994075316e-05,0.998176713803683,0.0009267727302198647
609,0.05241323536559904,7.213837572565791e-05,0.002216072668476455,0.9452985535901988
610,1.9944749249654954e-06,8.924177986305238e-07,1.8830387019032672e-06,0.9999952300685744
611,0.007939656438640788,0.0011507299306749905,0.9900815800948538,0.0008280335358300605
612,0.0033356731884809495,3.084852595301195e-05,0.0017253214658000963,0.9949081568197656
613,0.05279848627245596,0.007627613379075641,0.006403058183573916,0.9331708421648947
614,3.2926719089031875e-12,0.9999979891300185,7.207893821599413e-07,1.2900773067858507e-06
615,0.9958104040700899,1.6798977073594325e-05,8.055626102256594e-05,0.004092240691813782
616,0.022590938131075468,0.0015732057744386112,0.0001236054681057304,0.9757122506263802
617,1.8403106923375916e-06,0.9986079613435195,0.00015148894570876198,0.0012387094000793001
618,7.95660742163057e-07,0.9989487658701579,0.00044267675256035396,0.0006077617165396095
619,7.599304182442169e-06,0.9963160009885105,0.0036651233794458577,1.1276327861370531e-05
620,3.0574619850642e-05,0.9917896163078346,0.008034482582447641,0.00014532648986728455
621,2.4593228282420703e-06,0.9978465670831332,0.0020854253078973926,6.554828614121874e-05
622,0.00588062677510361,0.021477876347873216,0.9401372811455396,0.03250421573148374
623,2.02667357640743e-06,0.9979334523128551,0.002040222719258476,2.429829430995854e-05
624,8.060890606660389e-10,0.9999548675093637,3.344238699595413e-05,1.1689297551457946e-05
625,2.8785958249488716e-07,0.9992846956566683,0.0006266893399346253,8.832714381465319e-05
626,1.586287653266269e-08,1.8556581454455296e-08,0.9998817098414499,0.00011825573909212231
627,7.38437668408024e-10,4.5654986894669833e-10,0.9999839742881298,1.602451688261267e-05
628,0.05257287009945252,0.0014181958090981703,0.00046124521680768584,0.9455476888746417
629,0.999345929320605,8.151368034991514e-07,1.1517181061975446e-05,0.0006417383615297251
630,0.05498545739668575,0.010650381042916263,0.021452410715092515,0.9129117508453054
631,6.104854499629881e-09,0.9999206943231387,1.6774591486348194e-05,6.252498052061053e-05
632,0.0005624171280902051,2.359375395097247e-05,0.09603058731810452,0.9033834017998542
633,0.035965370392727534,1.841256708830015e-05,0.9268467316043513,0.03716948543583308
634,0.9232860069744867,0.001956492817546546,0.0368340871858335,0.037923413022133035
635,1.856997470176918e-08,2.782921577113095e-08,0.9999077193754796,9.223422532993182e-05
636,5.614683160934093e-05,0.9875021616187674,0.01006307016303981,0.0023786213865835777
637,0.9617002414419116,0.008157900817704653,0.0015547497691534168,0.02858710797123052
638,0.9346906543275723,0.002777478119379679,0.035874595462657796,0.026657272090390354
639,2.7720899125760825e-12,0.9999973808302169,1.8487903106379712e-06,7.703767004167972e-07
640,0.006776821509312483,0.976134438649513,0.012199638390651293,0.004889101450523022
641,1.5517515478979008e-05,0.0688515387573364,0.9309004369884888,0.00023250673869586088
642,0.9639310382197712,0.0008287554358727158,0.0015934067611913507,0.033646799583164945
643,0.9956938513725908,0.0002178247452843946,0.0006551466786925167,0.0034331772034321304
644,0.00016025649070244147,0.9830226208635051,0.016538709278895513,0.000278413366896721
645,0.9355680077290343,0.005293974705145054,0.011794415362789445,0.04734360220303132
646,3.009383861261554e-10,0.9999851000185236,1.2508119045400727e-05,2.391561492817538e-06
647,0.00307182871173769,2.2081072354211812e-05,0.006341293214949457,0.9905647970009585
648,0.0003266831895655228,0.9899007522617835,0.001723201853962645,0.00804936269468813
649,7.682375761047407e-10,0.9999548632998735,3.591078755744707e-05,9.225144331576764e-06
650,0.9875437467435652,0.000153462222975081,0.00018575571057365958,0.012117035322886115
651,4.6265081850412305e-08,0.9996409336849514,0.00021194414011336873,0.0001470759098533504
652,0.9756133931205015,0.0005828114976928768,0.02347643028231802,0.00032736509948754335
653,5.118422843088178e-06,0.9967645365753232,0.0032035655000501803,2.677950178348673e-05
654,0.009768383827113241,0.00023822911824596184,0.00022738595953207755,0.989766001095109
655,0.05265472996151857,0.00033872212381743977,0.0001768419066716408,0.9468297060079924
656,5.573780535368381e-09,0.999907666848046,2.6821076317063572e-05,6.550650185654863e-05
657,5.1740351417217595e-12,0.9999965716556559,2.637439811906408e-06,7.90899358240181e-07
658,6.540985265929414e-07,0.9987899418953843,0.0011731759372582639,3.6228068830991694e-05
659,2.979698915562234e-11,0.9999947028817427,1.383173435111728e-06,3.913915025150076e-06
660,1.639219385811201e-08,9.467430244938696e-09,1.8011392960598407e-08,0.999999956128983
661,1.592267347559119e-07,0.9994133505229322,0.0005699399266746565,1.655032365833671e-05
662,0.00015991307567042793,0.9332786593859376,0.06451201248532336,0.002049415053068515
663,0.0005512628725584553,0.9302660344695076,0.06245905599415428,0.0067236466637796526
664,6.755141824418463e-07,0.998703736247264,0.0008428626972186342,0.0004527255413347835
665,3.77476717407977e-08,0.9997375061092872,0.0002403121396106176,2.2144003430596996e-05
666,0.01154418489629125,0.006313054697543406,0.05911067716754781,0.9230320832386174
667,4.856949574337265e-07,0.9989239800418058,0.0009886588498649264,8.687541337172933e-05
668,0.0004136548584918933,0.9682961143424011,0.03117745880523856,0.00011277199386839303
669,6.27421633197538e-11,0.999994487884776,9.956299429205407e-08,5.412489487544076e-06
670,5.6873602811763914e-05,0.9352736383694726,0.0645587833949926,0.00011070463272297867
671,8.447955331514693e-07,0.9985850857824972,0.0012974395388315532,0.00011662988313809539
672,3.442717014422922e-10,0.9999799254851905,7.362813061213982e-06,1.2711357476471389e-05
673,0.008999636304958156,2.0410993193653046e-05,0.00274329645057911,0.9882366562512692
674,8.892066640062438e-05,0.9857978254577765,0.013923867941322469,0.00018938593450025366
675,0.05350211625790984,0.005073238235388509,0.011524513673097078,0.9299001318336048
676,0.9979599604856476,2.5049600458959774e-06,0.0016349617728823342,0.00040257278142400766
677,0.9486993326909544,0.0020005355560610487,0.002529211798214826,0.04677091995476954
678,3.640159297670976e-11,0.999995435000475,9.99742165016437e-08,4.464988906821545e-06
679,0.99869506449314,7.38793812058586e-05,0.0010113369969322397,0.0002197191287218161
680,7.351821485360964e-07,4.466841434093151e-07,8.380998647386176e-07,0.9999979800338433
681,6.930282846527207e-07,3.890962596909529e-07,7.610061718632835e-07,0.9999981568692838
682,0.05487258496797089,0.011316963011018973,0.021182429947230803,0.912628022073779
683,0.019104778784852824,0.0005634207285259981,0.05668544998109692,0.923646350505524
684,3.157723178661087e-07,0.9998202060928665,0.00016268804960334766,1.679008521246127e-05
685,3.9460591201936e-08,8.146993987833505e-08,0.9999014251454919,9.845392397699482e-05
686,0.9787138199986413,0.0002662254077179537,0.0002544744660755366,0.02076548012756536
687,6.682592611735136e-07,0.9992345830441357,5.615093052638347e-06,0.0007591336035506082
688,0.9926162096859773,0.0004199918468255649,0.004342709448637817,0.0026210890185594917
689,0.00023514382495599102,0.9767198003169854,0.022970763594763206,7.429226329565393e-05
690,7.215661823687336e-05,0.9633208169355374,0.03454440520934013,0.0020626212368858796
691,0.9989429329769044,4.849014819335076e-06,7.863039897246742e-05,0.0009735876093038125
692,0.9436483818050722,0.0037025250672697817,0.005845577203643362,0.04680351592401453
693,0.0005660999306714394,0.00013169523431209819,0.05997976479835557,0.9393224400366612
694,0.05262052394089174,0.0002379828079558829,0.0001384830647427068,0.9470030101864096
695,0.0013907805031432615,0.00015401681236292238,0.05299776229356328,0.9454574403909307
696,8.412903243534278e-05,0.9453090751699932,0.05450327431639619,0.00010352148117514586
697,0.004174884999907946,0.9940305825320199,0.0008976348998914126,0.0008968975681808923
698,1.0722943484110659e-06,6.212576054609743e-07,1.1987043538995988e-06,0.9999971077436922
699,4.5856580643738165e-07,6.94936555565988e-07,0.9998168748074002,0.0001819716902378651
700,1.4356653218123241e-05,0.993815568075399,0.005313038518694056,0.0008570367526889954
701,0.04268622551074747,0.008897475551505126,0.013890501354705563,0.9345257975830418
702,0.9403951322683797,0.0008279597097054313,0.011713516629260378,0.047063391392654384
703,0.0009904953635053249,2.949034143938467e-06,0.9950334929645306,0.0039730626378200904
704,0.9981499969144438,3.639911077748743e-06,0.0006353694872819865,0.0012109936871964036
705,0.0039748117126816316,1.7781154145625858e-05,0.019470928441846606,0.9765364786913261
706,0.9997497938433865,1.0152875684034107e-06,2.4534982041170354e-05,0.00022465588700389518
707,0.00048624669306528823,0.00010463792022910577,0.7750445274569985,0.22436458792970698
708,4.678316516214968e-09,0.9999184829715111,3.223202091371353e-05,4.928032925866573e-05
709,0.9996028883571626,2.4470568334655943e-05,4.610935117610163e-05,0.0003265317233266855
710,0.9729902701856323,0.00701610340086804,0.014413265995985344,0.00558036041751423
711,6.67083277201834e-07,0.9988176567174258,0.0009473360059257693,0.0002343401933710104
712,0.993518295460101,2.993845525969167e-05,0.0017131650996520483,0.004738600984987173
713,1.2506210593819036e-07,0.9994647542140462,0.0004196826395080395,0.00011543808434000708
714,0.026876048864586003,0.00047850847907946554,0.050525174307826826,0.9221202683485078
715,6.802521507897545e-07,0.9987566355600285,0.0012004050405035054,4.227914731703561e-05
716,0.05375083476454035,0.00809220295484314,0.013498108656552377,0.924658853624064
717,1.6414650149140527e-07,0.9993929073913365,0.0005741993510959825,3.272911106616317e-05
718,8.375488458813978e-06,0.9653070211654056,0.034406470876971455,0.00027813246916415674
719,0.005991573554965614,0.0048185772052493706,0.9245270518113311,0.06466279742845359
720,2.0691038007175307e-05,0.9936168031824092,0.006218794889256406,0.00014371089032710988
721,0.0014704507366652276,3.198107751399043e-05,0.059970390798229085,0.9385271773875916
722,0.0046203052106727404,0.9855666370887892,0.0020407222287556195,0.007772335471782513
723,6.234470679075113e-11,0.9999937864855887,9.848903758830654e-08,6.1149630289798215e-06
724,4.994105930193621e-08,0.9996717083502297,0.00032226384538749746,5.977863323673644e-06
725,0.00019285591239385168,0.9778192098056401,0.01967356769550193,0.0023143665864641975
726,8.107840075059171e-05,0.876932068056299,0.12286693185179597,0.00011992169115459665
727,1.3364415000968953e-06,7.085424391928286e-07,0.998903677550736,0.001094277465324717
728,0.00031486265771626763,1.3122328722888032e-05,0.0039919219638375495,0.9956800930497232
729,1.1304798452982963e-12,0.9999990210479754,9.611884855684207e-08,8.828320454443192e-07
730,8.514149057326105e-05,0.9317576942464868,0.06436567701845523,0.0037914872444847775
731,4.637513994059671e-08,2.8059240145924266e-08,0.9998590467989925,0.0001408787666275063
732,0.053918557529626016,0.013892919991273886,0.023565680754493536,0.9086228417246067
733,0.05490143344087898,0.011417832099103357,0.0214707811633769,0.9122099532966407
734,0.006523591462694604,1.726166703912465e-05,0.992370806644483,0.0010883402257832891
735,0.9988152410884841,7.539648455805496e-05,4.8984117592257496e-05,0.0010603783093656245
736,0.9978011627154242,2.057019792670895e-06,9.182621900680295e-05,0.0021049540457763185
737,0.005184674406274096,0.006987975331539964,0.9869766354750513,0.0008507147871347407
738,2.182658522518705e-07,1.2454833980588832e-07,0.9997057861368175,0.00029387104899038317
739,0.9322903627977577,0.005801892570454424,0.014374553958062522,0.0475331906737254
740,0.0018783610528798687,1.0855606854830177e-05,0.0008157814558007421,0.9972950018844645
741,2.7051456795375987e-09,0.9999267235471491,5.03108467077266e-05,2.2962900997755186e-05
742,0.9417425942192861,0.003199120690258226,0.008058470204518636,0.04699981488593703
743,0.9944765486820955,0.00027646765730644627,0.0021393042236699123,0.0031076794369280084
744,0.001077057416837361,2.992971140121794e-05,0.9987568152339941,0.0001361976377674475
745,1.1463663568086041e-10,0.9999877822233408,7.992314091271005e-06,4.225347931345882e-06
746,2.460237825027287e-08,0.9997641567823518,0.00021764871236712032,1.81699029028724e-05
747,0.9980049940997152,1.8804697496706163e-05,3.4466037052206835e-05,0.0019417351657359816
748,1.108990777259258e-06,6.890353718287301e-07,0.9995963505870237,0.0004018513868272896
749,1.8153821395342632e-07,0.9993755093520482,0.0005872229463322677,3.708616340563129e-05
750,4.3510390201101795e-06,0.9970579313813602,0.002926607807226771,1.1109772393077367e-05
751,0.010274186368270027,0.0023193155631783223,0.0003541123979761092,0.9870523856705756
752,0.017758395770119284,6.283987403436573e-05,0.0008713786346647833,0.9813073857211817
753,0.9363933857824398,0.007082605817359421,0.009382713479726404,0.04714129492047433
754,7.692576510404301e-06,0.9968241946015336,4.690187921415818e-05,0.0031212109427417407
755,8.473335032294911e-09,0.99990423943512,5.102001032566009e-05,4.4732081219558813e-05
756,0.9728485655215472,0.00548248432463766,0.020147684333166934,0.0015212658206483012
757,4.906451310988589e-05,0.9395352551057854,0.05659947799596038,0.003816202385144306
758,0.9363307852171296,0.005678489659652507,0.010876859549093598,0.04711386557412409
759,0.9352510089644174,0.0054729769914150265,0.011903135682600628,0.047372878361566804
760,0.9994793600210486,4.3822135387257254e-05,6.352632466797538e-05,0.0004132915188962071
761,0.00015730515036264055,0.9810542383376469,0.018750413570983986,3.804294100632486e-05
762,0.9947919299327367,3.7834840973905474e-05,0.004642885487551859,0.0005273497387375764
763,0.010575398097481052,0.002053707093617009,0.00132661995172901,0.9860442748571728
764,1.4031031509780176e-06,0.9982154120492102,0.0016654109665000265,0.00011777388113870703
765,2.615917452159255e-13,0.9999994654140701,9.44668461391405e-08,4.40118822033401e-07
766,0.052948305082539955,0.0012797983260518463,0.007594779102467961,0.9381771174889401
767,0.9973308653616685,1.9098338889261623e-05,0.002123956000015173,0.0005260802994272592
768,0.019499249473406272,0.004970818654189603,0.05983952099534452,0.9156904108770598
769,6.243670779111422e-05,0.9881874543753724,0.011741013759120102,9.095157716444429e-06
770,3.1335277379839115e-08,2.3720984693070603e-08,0.9998287022799501,0.0001712426637877748
771,0.004654020688146488,9.234249685682091e-06,0.045898739607718037,0.94943800545445
772,0.9735468761969,0.00018316067344972847,0.02407209731038186,0.0021978658192685022
773,0.9619297930702914,0.001277340537044296,0.0349725238236045,0.0018203425690598365
774,1.593049962311649e-06,0.9981430074872999,0.0017939427313172517,6.145673142037989e-05
775,0.9725539977453546,0.0009810686143221356,0.012002136897649746,0.014462796742673745
776,3.1150195848955643e-09,1.7945150346227217e-09,0.9999589623375348,4.103275293066999e-05
777,9.650303536876092e-07,1.005106735529624e-06,0.9997730083864258,0.0002250214764849679
778,0.9656737728783876,0.0003200201029507431,0.0010582514138822265,0.032947955604779276
779,2.7989608182072373e-10,0.9999735788631717,2.3672905243726272e-05,2.7479516882982728e-06
780,9.12802128367408e-06,0.05750491730009981,0.94231798220662,0.00016797247199637895
781,1.203384937439267e-08,0.9998411402385529,0.00015612276455823586,2.7249630395243443e-06
782,2.5442456663569977e-06,0.99803564314393,0.0008781411308835244,0.0010836714795201385
783,5.1749021582400246e-08,0.9996442537473916,0.0003238420292589377,3.185247432803449e-05
784,1.7740804815734736e-08,1.6657379719890966e-08,0.9998669133916162,0.0001330522101993874
785,0.010606057401729848,0.0003793532619904842,0.05844604638788105,0.9305685429483986
786,1.11303029481902e-08,0.9998741223477526,3.166209160868283e-05,9.420443033545418e-05
787,0.9974255972181221,2.111958447844829e-06,0.0020722651971872134,0.0005000256262428052
788,0.9472794152461496,0.0011923545379277777,0.004712803982184731,0.04681542623373782
789,1.003104151091099e-07,0.9997822754947311,1.946350361568865e-05,0.000198160691238043
790,8.362728319565761e-09,0.9999867982162751,1.1261029219123387e-05,1.9323917774586955e-06
791,0.012274224889520978,0.0002185968801019928,0.00011429736869884119,0.9873928808616781
792,0.012005877650479673,4.625587954164256e-05,0.9797097593323119,0.008238107137666772
793,8.30358193556321e-07,1.0241900476696751e-06,0.9990172641957226,0.000980881256036112
794,0.001081918374932687,1.2005363596167158e-05,0.9946391090840907,0.0042669671773802546
795,0.934835587496129,0.0019323894712017149,0.036164677176749614,0.027067345855919578
796,1.3797089895208612e-05,0.9942914638086466,0.005383317867101035,0.00031142123435724724
797,7.314747048108504e-07,3.304115533761999e-07,0.9999454809281937,5.345718554810269e-05
798,6.077118483901725e-08,0.9996192747412164,0.00035630488899852453,2.4359598600341182e-05
799,1.5897575782045367e-10,0.9999943080758673,3.3930231579570413e-06,2.2987419990857296e-06
800,2.804075297829908e-05,0.9921960333585604,0.007570777087270806,0.00020514880119047992
801,0.764789008849379,0.000491104057232166,0.007592062016125755,0.22712782507726334
802,1.8364629458129097e-06,7.68621710591593e-07,1.1779584639237116e-06,0.9999962169568798
803,0.9861926673437846,5.9592837286050735e-05,0.00032762017006889856,0.01342011964886048
804,0.05252053934133586,0.002233643783703567,0.0006680977715252517,0.9445777191034355
805,4.460140259909539e-07,2.76860183648922e-07,0.9993111000902241,0.0006881770355662443
806,0.010906152552108365,0.9512183418902548,0.02555605068869009,0.012319454868946866
807,6.434476491482277e-06,0.9962059071072956,0.003720788403996856,6.687001221581055e-05
808,0.035734721420554165,0.002525196018270147,0.005745192021961168,0.9559948905392145
809,0.9995916192262818,1.2178131803142394e-06,1.7498448185944616e-06,0.0004054131157195253
810,0.04614826068653574,0.0024404162876907336,0.017855770656461743,0.9335555523693118
811,1.0457137961705738e-09,0.9999826715470435,2.1851917158738732e-07,1.7108888071161696e-05
812,2.709866608649001e-07,0.9998378183108382,9.211877990816834e-05,6.979192259298525e-05
813,0.998045913756934,0.0003695596394860607,0.000834876051095103,0.0007496505524848441
814,0.9729002405618098,0.0005041575081488364,0.0015373233123271938,0.025058278617714234
815,4.962463771774948e-06,0.9968669762609627,0.003011697763462262,0.00011636351180336138
816,0.05251030348039256,0.0018389340594804353,0.001825391162774106,0.9438253712973528
817,0.996419939419194,9.585321761720341e-06,0.003272059903481881,0.0002984153555624266
818,0.05260153201018042,0.00042114076644222487,0.0007068588683468946,0.9462704683550306
819,0.018333543541312548,0.0019236259172374858,0.9152005728179659,0.06454225772348407
820,1.097644888886528e-05,0.9352884838750306,0.06466169863259917,3.8841043481372274e-05
821,0.005112787812629704,0.028089072325670088,0.9221647999526674,0.04463333990903277
822,1.058393654181709e-08,0.9999458620835111,2.7313579978190036e-06,5.1395974554484074e-05
823,7.12343508263695e-10,0.9999770884643633,3.950705826783341e-06,1.896011746638795e-05
824,0.008837193249837982,0.06825107162896463,0.9215112171347493,0.0014005179864481421
825,5.057387648188442e-05,0.9893778957793148,0.010543206321326347,2.8324022876863186e-05
826,0.004055140406255233,1.494259878109848e-05,0.931076206644352,0.06485371035061176
827,0.0018083135349277527,4.510999077396807e-05,0.010893632017830165,0.987252944456468
828,0.0015711633216159457,0.021101441606130363,0.9762298460883515,0.0010975489839022026
829,7.889913010160665e-08,8.857011018616959e-08,0.9996690960018848,0.0003307365288748689
830,1.4482622838431737e-06,0.9980705580321914,0.0017040793275280915,0.00022391437799664432
831,0.00030582811369367336,0.021310806306548205,0.9782363368381671,0.00014702874159101435
832,0.984772494340714,2.7586579622185334e-05,0.004515249583591054,0.010684669496072916
833,6.205470626825836e-07,0.9689174223300002,0.031063515431251604,1.8441691685535266e-05
834,0.9843277133889612,0.002090535485261615,0.0007918146425609673,0.01278993648321609
835,0.005897717734624795,0.00011147894228510557,0.9844618785782964,0.009528924744794037
836,1.0283840823678242e-05,6.233571831758474e-06,0.9966693959915122,0.003314086595832384
837,0.9284507187010288,0.006967640253164597,0.016953318672374554,0.04762832237343228
838,1.023959745857861e-08,9.734618251253896e-09,0.9998899606638124,0.00011001936197169982
839,1.2619374417771184e-08,0.9998960351624107,2.2985078764595372e-05,8.096713945032418e-05
840,0.05491498937432665,0.011448069897048437,0.02161663768095538,0.9120203030476693
841,0.968082117269578,4.33558230415981e-05,0.012705191334663125,0.019169335572717487
842,0.9337639114912692,0.004268200476353301,0.03578978247973379,0.026178105552643664
843,0.9501314882203271,0.001876611884011593,0.001142734815385578,0.04684916508027599
844,4.597573717700464e-07,2.815176545161018e-07,5.257782564833336e-07,0.9999987329467173
845,3.212502260339818e-05,0.00012002912214031823,0.0023019725866470432,0.997545873268609
846,1.3957165390118834e-10,0.9999845268257347,7.952950717323961e-06,7.520083976208027e-06
847,0.00017797621231842152,0.9818287730957989,0.017802043829930673,0.00019120686195197746
848,0.05265415869821031,0.0003204552864865745,0.0005514926198141724,0.9464738933954893
849,0.9516414383447444,0.0003453978798508142,0.0010934599755012253,0.04691970379990394
850,0.9964590371313731,0.00012180202330875534,0.00030807152505183544,0.003111089320266439
851,0.01555399377515493,0.21276343824756416,0.7480300344230902,0.02365253355419057
852,0.001099852805480607,9.640129995049278e-05,0.0012992625084228763,0.9975044833861457
853,1.4221519851184966e-06,0.9982253080956954,0.0017424220709802104,3.084768133927169e-05
854,8.230579635047926e-09,5.216055856578513e-09,0.9999443282933267,5.56582600379094e-05
855,0.9324329669893848,0.007652619683572609,0.01237143649919964,0.04754297682784309
856,1.4463735779266467e-05,0.9943208768821059,0.0054814771540644975,0.0001831822280505874
857,0.986596574783066,0.00017297188768151608,0.0003913743969336749,0.012839078932318665
858,7.86454508004078e-06,0.9422487102793661,0.05768001352763477,6.341164791889442e-05
859,0.9524123054782672,3.3239667502821345e-05,0.0006725709255027314,0.046881883928727386
860,0.0063420125335833105,2.6774080653994715e-05,0.059608986660591244,0.9340222267251714
861,2.796219481897384e-05,1.685055918571618e-05,0.9943167863107115,0.005638400935283812
862,4.266823519965125e-08,0.9997007651671576,0.000276672783776805,2.25193808304434e-05
863,0.00028169265564641227,0.00016755746189300934,0.981388698413386,0.018162051469074517
864,0.03186585179222354,0.003781441842458864,0.004816954236200049,0.9595357521291177
865,0.9521033699951982,0.013865425871534795,0.007719522431857936,0.026311681701409073
866,0.0018996630524003779,1.8785469294515155e-05,0.0023747940750910084,0.9957067574032139
867,0.029127528676736885,2.051400201907944e-05,0.0010068144399841175,0.9698451428812596
868,0.990393618867554,0.00010937387209146848,9.535672427160398e-05,0.009401650536083057
869,0.0033449776451860767,0.9895688584461494,0.0013011549312073524,0.005785008977456983
870,7.869319728500356e-05,4.77182515937222e-05,0.9903229878676514,0.009550600683469974
871,4.10389131131775e-06,0.9623474655866013,0.03727627760948278,0.00037215291260444004
872,0.003025353254070383,1.0352392337696392e-05,0.05985408089595582,0.937110213457636
873,9.513612006346341e-05,0.9855209778268935,0.01431262977317079,7.125627987215952e-05
874,1.3985121835118949e-10,8.813469212198009e-11,0.9999887185602562,1.1281211757948935e-05
875,0.053075425089188395,0.007046982833570803,0.008139153513874488,0.9317384385633666
876,0.9245302037859274,0.00656622116436276,0.021858229543849524,0.04704534550586026
877,5.112946592821501e-08,0.999713790375683,0.00019553349491185752,9.062499993905847e-05
878,5.327763964508773e-07,3.257576235240793e-07,0.9993615870545002,0.0006375544114797973
879,0.05454137683059157,0.010026957185742228,0.01864455374985092,0.9167871122338153
880,0.019813866393547944,0.00028309762638663874,0.00024954095016149297,0.9796534950299036
881,1.2403132488288262e-10,0.9999892457100222,7.684828846747853e-06,3.06933709970221e-06
882,1.3307702496901508e-06,0.9982866775938648,0.0016891370009184592,2.2854634966819943e-05
883,0.05493834879307568,0.011483014274637032,0.021889994884605135,0.9116886420476819
884,0.019363150378186787,0.00017769158504679161,0.0027460626447972647,0.9777130953919694
885,2.3111391553905296e-05,0.993383835438559,0.006256066191426936,0.00033698697845991216
886,0.0015389652208848792,0.0011795733548708165,2.6231347294090113e-05,0.9972552300769502
887,1.1397198554200938e-06,0.9982175157782522,0.0013746503661654402,0.000406694135726898
888,1.3097163611919646e-09,0.9999449728070582,5.2470758201087354e-05,2.555125024474337e-06
889,2.2760921513768271e-07,1.283244291981382e-07,2.503482810898775e-07,0.9999993937180746
890,4.7682924187066354e-07,1.0234803754506572e-06,0.9996623016141931,0.0003361980761896586
891,0.9966860942618754,2.5668496504654053e-05,0.000122446689106334,0.003165790552513546
892,4.728009190070483e-05,0.9908749642588601,0.008060042515900808,0.0010177131333383043
893,1.1910829525776444e-06,6.731355183339577e-07,4.6130480616850714e-07,0.9999976744767228
894,2.817176355295024e-07,1.738942026488169e-07,0.9994348342177288,0.0005647101704330357
895,8.44711304466576e-08,8.20476399581631e-08,0.999713664048796,0.00028616943243354076
896,0.0005805415337965591,0.0001059168725608364,0.8696766893360748,0.12963685225756771
897,0.05373757965853278,0.008994435306163923,0.01386516726098145,0.9234028177743219
898,0.0033235450614848973,5.054454225225268e-05,0.007566066498262539,0.9890598438980002
899,1.262915293021294e-08,0.9999167720434416,1.287554363146744e-05,7.03397837738939e-05
900,0.0026701062162480123,0.00044900450619971005,0.0010366244516077977,0.9958442648259443
901,3.799411248955223e-07,8.107656075333896e-07,0.9996140154414008,0.0003847938518668691
902,0.9987499837279141,9.910556839560755e-07,0.00018529044432533625,0.0010637347720765904
903,1.4096207237295626e-09,0.9999689117559315,5.42977580649095e-07,3.054385686696936e-05
904,0.9728423446483905,0.0013576335580186211,0.012353492757779836,0.013446529035811153
905,0.0001561412159737845,0.981445033501933,0.018307755534123123,9.106974797008445e-05
906,0.00254955077882839,6.971426771499232e-05,0.0006958482437110996,0.9966848867097458
907,0.004764751084441356,0.9942309973194651,0.0007243894279042297,0.00027986216818933564
908,0.9292490651874439,0.0038746827690580347,0.019741830488130056,0.04713442155536791
909,0.04889906700612545,0.00016425334687678134,0.01956378534281425,0.9313728943041836
910,3.407409941559824e-09,0.9999113637066126,7.805808657157619e-05,1.0574799405805541e-05
911,0.9570421594656465,0.0014439469497091726,0.02345066797548715,0.018063225609156897
912,7.345800065337875e-08,0.9997818620131512,4.1898170010573034e-05,0.00017616635883762515
913,9.53242645286627e-06,0.9954298657687038,0.004479632174992372,8.096962985087095e-05
914,8.407768901437899e-05,9.165622508674343e-06,0.002464003145661116,0.9974427535428158
915,9.641822877283635e-09,0.9998687351294215,7.763467236351637e-05,5.3620556392135935e-05
916,0.04093964336045506,0.004828976336527044,0.9206892922564968,0.03354208804652111
917,0.05490807945937147,0.00866964543975498,0.01906541361804569,0.917356861482828
918,0.053517340695884964,0.01024695770709742,0.013369541498700607,0.922866160098317
919,0.9438454616689219,0.013443183826261222,0.01659743150181067,0.026113923003006457
920,0.04640331304846019,0.0002038597115112907,0.020217895448022643,0.933174931792006
921,0.05456033199200341,0.0027947984052982054,0.01644278850415823,0.9262020810985404
922,0.008981186613825356,0.00132545277200052,0.0020148012040515817,0.9876785594101223
923,2.1868420928885915e-06,0.9979968061892357,0.0018870751343336351,0.00011393183433771673
924,0.0005848472663959804,0.9345128488849518,0.06457419685244768,0.00032810699620460795
925,2.832446085074289e-08,0.9997294069667915,0.00022824370807224538,4.23210006753872e-05
926,0.9588356652199206,0.0008484500102411777,0.03262032760303668,0.007695557166801779
927,1.2831696292319478e-12,0.9999990279962578,1.1255942997983763e-07,8.594430292107072e-07
928,1.303219065039556e-05,7.906958963960602e-06,0.9961074292871802,0.0038716315632054223
929,0.9960436834675884,6.954047901849414e-06,0.001457669444449137,0.0024916930400606017
930,0.052580088651467356,0.008191819709828489,0.0022840608234536344,0.9369440308152505
931,0.04243299507622774,0.006067891501268514,0.0059268548738792256,0.9455722585486245
932,0.9952329019404229,7.777128894896055e-05,8.332354341962155e-05,0.0046060032272087405
933,0.0031695566212105843,2.8226673302265782e-05,0.0061948649893903635,0.9906073517160969
934,0.9524043856975575,5.2375525379769914e-05,0.0005642250666958836,0.046979013710367085
935,5.86334028282628e-07,3.5658675172368903e-07,0.9991872647902328,0.0008117922889871228
936,0.9522051724143272,0.0002891188139097401,0.0006411251312459946,0.04686458364051702
937,5.673919399201502e-05,0.9893556125349092,0.004860665045630051,0.005726983225468843
938,2.1505366923338474e-07,8.95023547869133e-08,1.3185677502825847e-07,0.9999995635872009
939,0.007607460695186448,0.00046336610929948276,0.7921389349796415,0.1997902382158727
940,4.2991862134781665e-05,0.9913074494260087,0.008627121215765232,2.243749609125605e-05
941,0.05250907910400409,0.00025981971239769113,0.009623749254736563,0.9376073519288618
942,1.842076866634996e-07,1.1356354564763979e-07,0.999570426418843,0.000429275809924662
943,0.9999218826437822,2.02589496833999e-06,2.072890168904451e-05,5.536255956033759e-05
944,0.019879964141070388,0.004408690244993692,0.018991385838409553,0.9567199597755265
945,4.3016676160508534e-07,2.6421779314766056e-07,0.999449273133496,0.0005500324819493245
946,1.1530995273446233e-05,0.9346511596436776,0.06461178121836597,0.0007255281426831349
947,1.814055881685723e-08,0.9997791268329715,0.00017663330923710406,4.422171723252085e-05
948,0.002208101380575446,1.6987157477571167e-05,0.005848893732831616,0.9919260177291154
949,0.0003020494049018692,0.9743105414789414,0.024914592653042116,0.000472816463114726
950,0.9315308759929675,0.0010958587528860587,0.01976142042145751,0.047611844832689175
951,1.9655562915174223e-07,0.9994143803937967,0.00017932904794627213,0.00040609400262782164
952,3.963196963302792e-05,0.9340115681254991,0.06449900383652427,0.0014497960683436115
953,7.601065376862796e-05,0.9869936584346523,0.012798498946744228,0.00013183196483499164
954,0.0031961709110834846,0.0001316527769450805,0.9947983303284537,0.0018738459835176723
955,0.0006609281087931794,7.856774600310789e-05,0.014984107312680748,0.9842763968325231
956,2.7732920440282893e-06,1.5774374088840956e-06,1.1266339215109174e-06,0.9999945226366256
957,4.9089754706140795e-06,0.9973948748328748,0.0008089433645203157,0.001791272827134266
958,6.7349573657435144e-09,4.538894344452807e-09,0.9999338130000013,6.617572614704994e-05
959,0.9622011566336051,0.006349200408948228,0.017286014179783187,0.014163628777663641
960,0.0006711443516426116,2.3373733149660774e-05,0.9343055718053355,0.06499991010987206
961,0.9899371573682807,0.0003922001885154121,0.007837295544934297,0.0018333468982694408
962,0.0015867559526274641,1.6275677347041333e-05,0.004702097345900179,0.9936948710241251
963,0.9299691886670084,0.007974960146015024,0.02770588517511767,0.034349966011858885
964,1.0906431616600179e-08,0.9998313404658281,0.00014557505341875632,2.3073574321360256e-05
965,0.0551306463072529,0.010022056910424241,0.021114142423093746,0.9137331543592292
966,3.050597371006394e-07,1.219377457511352e-07,2.550092252085351e-07,0.999999317993292
967,7.972375587007667e-10,9.196756527374794e-10,0.9999711925400994,2.8805742987408044e-05
968,0.001668806438939676,0.986565939267212,0.0030527181997231697,0.008712536094125275
969,0.0003993851537343302,0.9704686560229179,0.029008215097962458,0.00012374372538539574
970,0.9386079534325844,0.0024936572869768505,0.011848662665823252,0.04704972661461559
971,0.0517325940605422,0.0004394586361540706,0.0031825266265095827,0.9446454206767942
972,7.484471830044579e-08,0.9995598067375537,0.00036811645593310283,7.200196179471766e-05
973,0.0027348475326193205,1.5371335944313647e-05,0.0016123124850947609,0.9956374686463416
974,0.0526378784123367,0.005126727943487529,0.003858318997265679,0.9383770746469101
975,5.91700410911654e-07,0.9988041481482448,0.001102989727765854,9.227042357842264e-05
976,0.9469991840907975,0.0018566009195388011,0.0043820706849507516,0.04676214430471274
977,3.1423118815318498e-09,3.2399716033014764e-09,0.9999349470729384,6.504654477803945e-05
978,0.9527599962709928,9.85472247819991e-06,0.0005192254684801476,0.046710923538049086
979,2.8587748697076872e-09,2.118289408087501e-09,0.9999472523709624,5.2742651973420446e-05
980,1.5856787058924438e-05,0.9948012885759866,0.004665031669984649,0.0005178229669699152
981,0.9740993794985696,0.0030774383999236893,0.004749153131017245,0.01807402897048924
982,5.693670961592519e-07,0.9993791026870751,3.206640675817976e-06,0.0006171213051528796
983,0.9529076677134206,0.00010956091384494029,7.276467047601368e-05,0.0469100067022586
984,6.509939723850303e-09,0.999869133497679,0.00010983494584422639,2.102504653700688e-05
985,1.9749903582104866e-07,0.9993524742171104,0.0006446940686642688,2.6342151893096745e-06
986,0.0001131976648536425,0.9829898053873583,0.01554081871870832,0.001356178229079905
987,0.03798348445463063,0.0024668230847729278,0.957249311102082,0.002300381358514445
988,0.9815485585977781,0.00021674607511998584,0.00026837277794366176,0.017966322549158222
989,3.259248811521554e-05,0.9915384707098397,0.008375571026295488,5.3365775749443417e-05
990,7.147515055239692e-10,0.999967851877779,1.46117090382482e-05,1.7535698431270403e-05
991,0.00011536847417651089,4.1278138941141754e-05,0.0024110373054173372,0.9974323160814649
992,7.422139880816508e-08,0.9995802025712789,0.0003930181223358196,2.6705084986496345e-05
993,2.961313844656681e-10,0.9999868911609482,2.554349866017662e-07,1.285310793378229e-05
994,7.525860857841493e-05,0.9351282618978417,0.0645664389055378,0.00023004058804258713
995,0.01998210593347786,0.009304949841871952,0.9593168648038696,0.011396079420780882
996,0.003209532785071338,5.5882867091097434e-05,0.003327213648261139,0.9934073706995765
997,2.5623327843463177e-09,0.9999511631028768,1.2488439849292752e-05,3.634589494103148e-05
998,5.817634296209732e-06,0.9475057913906793,0.05244296247640378,4.542849862104536e-05
999,0.9338240916249096,0.016805067425129126,0.016457594128959144,0.03291324682100172
1000,9.105094339770452e-11,8.58732161105142e-11,0.9999919775087311,8.022314344667062e-06
1001,7.006568555367596e-06,1.1630459205969333e-05,0.9983661446086157,0.0016152183636229396
1002,0.001692438451102007,0.00014280709639650854,0.00025263488335914186,0.9979121195691425
1003,0.9327433352856892,6.35731230321818e-05,0.03569950096552804,0.03149359062575029
1004,0.013725166445145433,0.000938900964543249,0.00019940334529929942,0.9851365292450122
1005,4.549466391665982e-10,0.999981227703282,1.059089394483895e-07,1.8665932831717173e-05
1006,3.2389964131823102e-09,0.999934510244524,2.593031990880378e-05,3.9556196570893554e-05
1007,4.083029714222438e-05,0.9352320009438599,0.06463872235970544,8.84463992924496e-05
1008,0.9984052441972923,1.4197008164041105e-06,7.274138559225028e-05,0.001520594716298968
1009,1.0892059874008194e-09,5.752641541550919e-10,0.9999685049923513,3.149334317863183e-05
1010,6.551746393577652e-05,0.9878600853526572,0.01196558459828143,0.00010881258512557194
1011,0.9993162566132451,7.224263935152044e-07,0.0002439591332955099,0.0004390618270659675
1012,0.0006569465120614607,0.00010787207416041406,0.017655269268418494,0.9815799121453596
1013,0.00041514031959477755,5.373671923675451e-05,0.059818120765333924,0.9397130021958349
1014,0.00013747346809804374,0.9821225638051598,0.017370818452643568,0.0003691442740987154
1015,0.0017063938208869004,0.0001427241669212205,0.059884860261955566,0.9382660217502362
1016,0.9967158956824533,0.0024325267862016003,0.0005381068974687957,0.00031347063387613983
1017,0.0010656812719029806,0.06832727812525113,0.9066688385016091,0.023938202101236983
1018,7.875007966304592e-11,0.9999906231714135,2.97531062148898e-06,6.401439214966946e-06
1019,0.04610204655949513,0.0008320242949276971,0.006274994431224899,0.9467909347143524
1020,0.023350685626288167,0.0018474837404644838,0.9707556093575592,0.004046221275688002
1021,2.674575474605985e-07,4.1473090918336476e-07,0.999835304775678,0.00016401303586532578
1022,0.0011840125237137676,0.0008992427914674732,0.05981945019196185,0.938097294492857
1023,0.00035227880966137514,0.9599648942298674,0.03810063409698521,0.0015821928634860076
1024,0.9944142596017067,0.00012631226385613017,0.00018467439393898057,0.005274753740498271
1025,2.1404255768922124e-13,0.9999995773836589,9.998639591176396e-08,3.226297313966243e-07
1026,3.7409266786450084e-06,0.9971998278751809,0.002764822295112601,3.160890302789927e-05
1027,0.03638523802635622,0.0005835244477180756,0.01424587021171253,0.9487853673142134
1028,3.1414575854180463e-07,0.9991313047119149,0.000807514170695048,6.086697163159533e-05
1029,6.104319352615995e-08,0.9996134887190846,0.0003490525993277636,3.7397638394071447e-05
1030,3.836706542800998e-07,0.9991214643693926,0.00015423545018816465,0.0007239165097651977
1031,0.0007050250681660586,0.06835028363163323,0.9251462168411098,0.005798474459090947
1032,0.9534237067548934,0.01263705481386698,0.017571268752031525,0.016367969679207922
1033,0.9755666550305393,0.0038438240170746408,0.01870058793795746,0.0018889330144287175
1034,1.402167063496011e-07,7.962632382047089e-08,0.9996259267017219,0.000373853455247994
1035,8.576286086639574e-06,0.9375485546791592,0.06225636874359034,0.000186500291163889
1036,0.00012242062002565984,0.019376642075286103,0.9801631842140173,0.0003377530906709839
1037,0.9947175592042985,0.00026421441723169676,0.00025701998828778623,0.004761206390181782
1038,0.05410287490179021,0.011268875518479679,0.03375698876678906,0.9008712608129409
1039,5.389801961757467e-07,0.9989424577111892,0.001028393423542788,2.860988507205228e-05
1040,0.09968105469636294,0.0007442094489036518,0.00023784764383754186,0.899336888210896
1041,1.5837002961707506e-10,2.0400125019433978e-10,0.9999880092941217,1.1990343507090787e-05
1042,4.4346918114155894e-05,0.9891799211656035,0.00949896010638491,0.0012767718098974047
1043,0.9213663100720285,1.897804951539114e-05,0.03341911256534713,0.04519559931310876
1044,0.9525784547886915,0.0002644289780876935,0.00019498462469133587,0.04696213160852962
1045,0.006869215538649221,8.686524688817825e-05,0.3252696186023471,0.6677743006121157
1046,0.052635451467459585,0.0003489028213782915,0.00029109976368927215,0.9467245459474727
1047,0.00013191986879850976,0.01945182679257209,0.9796989310102046,0.0007173223284249391
1048,4.410594874782964e-05,2.6732306598771356e-05,0.9928036057238163,0.007125556020837056
1049,0.05417544627045886,0.01388500804496621,0.02228406131998057,0.9096554843645945
1050,1.4198102581380193e-08,2.7858317702887205e-08,0.9998845406960783,0.00011541724750119673
1051,0.9403670557728084,0.000538779107711977,0.01219426986866668,0.04689989525081292
1052,6.385057868020038e-06,3.858185643492168e-06,0.9973666453213328,0.002623111435155645
1053,1.294117445917799e-08,0.9998915557731353,1.897137425338546e-05,8.945991143687996e-05
1054,0.9881998956695767,4.0498021640534644e-05,0.00867016385696634,0.0030894424518166023
1055,0.005715860645983876,0.9914852621097214,0.0013388352263804686,0.0014600420179141876
1056,0.05510548479119466,0.010049790828884244,0.021103749825274278,0.9137409745546468
1057,0.05256355279082394,0.002770522506691377,0.002984382428027933,0.9416815422744567
1058,3.0999380449976804e-07,1.949606183660917e-07,0.9994157551659887,0.0005837398795884166
1059,7.375471938581465e-08,0.9995775044271358,0.00035202373719595714,7.039808094874774e-05
1060,0.9395451640715778,0.0005135265560032293,0.012868974327280392,0.04707233504513873
1061,0.0014960201010026746,0.9978649672921555,0.00029825663645041873,0.0003407559703915119
1062,0.969122812061733,0.00046190582754448875,0.007825850135157169,0.022589431975565448
1063,3.8675446277620244e-05,0.9353034482874679,0.06457967012330212,7.820614295247812e-05
1064,0.052821379912239536,0.008883212899607112,0.0072309782844633,0.9310644289036901
1065,0.004171327488911405,0.9300005848862108,0.0643199144723367,0.0015081731525409432
1066,0.9527734517773746,0.0001369541251806642,9.925944765306402e-05,0.046990334649791736
1067,0.04904838115613311,0.0063231252491987855,0.05320166797689994,0.8914268256177681
1068,5.5457579173593756e-05,0.9891585988141728,0.010643108651913587,0.00014283495474019846
1069,0.05303004125326439,0.0033118670261973408,0.008333086017025065,0.935325005703513
1070,0.00482899468314353,2.473017179801495e-05,0.0005762639752092231,0.9945700111698494
1071,0.019165972432399005,0.009581461766808925,0.9086036612565238,0.06264890454426818
1072,0.9445945691358769,0.0017553483484557245,0.006872692030723839,0.04677739048494351
1073,1.5487752185751066e-05,9.35349743189293e-06,0.9957776951589021,0.0041974635914803025
1074,1.5095228490810044e-06,0.9980209190625338,0.0012776763886154622,0.0006998950260016586
1075,0.052011762698589245,0.002944050072841797,0.002841604630031153,0.9422025825985376
1076,0.9500302507071859,0.001494770430236318,0.0016651589499740282,0.04680981991260341
1077,2.4910760267626574e-09,0.9999331002489941,6.002252742311247e-05,6.874732506990386e-06
1078,0.0025146519505653423,8.571283701143618e-06,0.00047891042900705176,0.9969978663367267
1079,0.00013655773625873195,0.9348546652638069,0.06454034651386503,0.00046843048606936264
1080,0.9864825193626012,0.0002189613917572054,0.0004199005736702538,0.012878618671971341
1081,0.05256497591018478,0.0014420540607644001,0.00043680917166563914,0.9455561608573853
1082,2.7656629981351754e-05,0.941791041517698,0.057904470851843096,0.0002768310004775516
1083,3.677745215346834e-07,0.9991357889233101,0.0008261340981841697,3.770920398413027e-05
1084,0.9855488776193178,6.013006668879182e-05,0.001715799180178985,0.012675193133814391
1085,0.9436901701353191,0.004400624752864558,0.005200153272939085,0.046709051838877504
1086,0.9883398244211465,0.0004296852105804235,0.0008655327988048079,0.010364957569468156
1087,0.052440805645668685,0.005994446885373046,0.0011845404761671391,0.9403802069927913
1088,0.9366078258278996,0.0003676966599573282,0.016239172367192543,0.04678530514495052
1089,1.5096782805283142e-05,0.9332236708416788,0.06443478615688644,0.0023264462186291333
1090,6.17412517856664e-07,3.4976509829137155e-07,2.856206745468858e-07,0.9999987472017093
1091,0.9680824572686942,0.0007840547574306364,0.001649512363425958,0.02948397561044927
1092,0.0066400304176983185,0.9853849161619507,0.0010614525081205446,0.006913600912230233
1093,2.4545034967776002e-08,1.6030952450049974e-08,0.9999592343100204,4.072511399229975e-05
1094,0.05347426840256555,0.006686224102178779,0.01149390190625914,0.9283456055889963
1095,8.442665379753692e-07,4.1520816398959805e-07,0.9995158017523349,0.0004829387729631213
1096,2.7366251193674532e-05,0.5189524890456038,0.48069155507431116,0.00032858962889094665
1097,0.001886468515153731,4.937126000917909e-05,0.00035212706758779396,0.9977120331572492
1098,9.400042708918422e-05,0.9854520430869211,0.014082444328704525,0.0003715121572850274
1099,0.9982021249559059,8.16541919289557e-06,1.1280907162325831e-05,0.0017784287177388793
1100,5.103036558280959e-05,0.9893822527884676,0.010553110517839382,1.3606328110266878e-05
1101,0.051415134529505,0.0013337987208902205,0.003727577783672697,0.9435234889659322
1102,1.8637645847109574e-07,1.6794147160259768e-07,0.9996632115703317,0.00033643411173812633
1103,0.05458966461545701,0.0079810781718085,0.017561228151614584,0.91986802906112
1104,0.00037128129481322217,0.0073545383813896385,0.9909869137647134,0.0012872665590839643
1105,2.267884922765986e-07,1.3766298719487995e-07,0.9994928197996997,0.0005068157488207123
1106,0.9890359374249481,0.00041560926399040565,0.001440203621346004,0.009108249689715532
1107,0.007560809873042544,2.829289707430634e-05,0.04759351625558386,0.9448173809742992
1108,0.002543658212543717,3.4544584993083956e-05,0.9967297145409182,0.0006920826615448679
1109,0.9606623332682069,0.00036035630490720787,0.034337487618819384,0.004639822808066696
1110,0.9328196404931445,0.0009754584655251134,0.036795808451926676,0.0294090925894037
1111,0.05373751071913487,0.009675608746343009,0.013800655048978976,0.9227862254855432
1112,0.9528897155560805,0.0001393638836871571,6.794714686984583e-05,0.046902973413362505
1113,0.05265467631291228,0.00540036921871524,0.004705263420319447,0.9372396910480529
1114,6.748931665810337e-05,0.06864398174046954,0.9270137975604026,0.004274731382469419
1115,9.071962877502539e-10,0.9999664278231889,4.961571543005241e-07,3.3075112460735736e-05
1116,0.021538527869943876,0.0025267112437093162,0.00670742805043959,0.9692273328359071
1117,0.003694837847184947,0.9830263274348077,0.012565508367251529,0.0007133263507556715
1118,6.689457188290754e-12,0.9999977712442375,5.555632619715935e-07,1.6731858110623643e-06
1119,0.9306886637770985,0.017154177195338693,0.013599041010624917,0.038558118016937565
1120,0.007024706488261199,4.225002002492821e-05,0.0007399635285454547,0.9921930799631683
1121,5.305450479802518e-06,0.9965803770197265,0.0033801225815376754,3.419494825619685e-05
1122,4.799255944911022e-09,0.9999404233832891,1.4587085164842842e-05,4.498473228990234e-05
1123,0.0001723677476899216,0.9813397300959127,0.01692985500600142,0.001558047150395845
1124,5.690419109706085e-11,0.9999887068111453,1.075649790788894e-05,5.366340424288236e-07
1125,0.0012982210882486035,0.00015739975075694166,0.021266342459197705,0.9772780367017965
1126,2.7574249735308626e-06,0.997570443306824,0.0023814170572720316,4.538221093054459e-05
1127,2.4120464589329286e-06,0.9987650453270939,5.2827551852984175e-05,0.0011797150745940605
1128,2.8383421820075403e-05,0.9341863072073116,0.06453756494579761,0.001247744425070926
1129,5.609175440021264e-08,0.9996434469764789,0.0003450239220293132,1.1473009737339485e-05
1130,2.194229382399135e-05,0.9346568207695771,0.06454366641729915,0.0007775705192996753
1131,0.05258050687539724,0.0001727942367504627,0.0003287722332960113,0.9469179266545563
1132,0.011774773551277016,0.00012384279481880096,0.9605715287019226,0.027529854951981476
1133,0.00123669664288681,1.1448050706010093e-06,0.997741647252955,0.001020511299087677
1134,5.246730065424011e-06,0.9963582521383394,0.003104208123661299,0.0005322930079338139
1135,0.0007064257725858317,0.9333884710264183,0.06451267793881076,0.001392425262185125
1136,4.804252976306135e-05,0.9899489251703651,0.009185306741298674,0.0008177255585728753
1137,0.004529877936917316,0.9836729905451652,0.0019409878900999483,0.009856143627817499
1138,4.865926877772152e-10,4.971042494554047e-10,0.999982347560051,1.7651456252074486e-05
1139,0.9477633614035581,2.4514709661238902e-05,0.007479258415896994,0.04473286547088353
1140,0.0018110881567327544,0.001530266098842395,0.059796017195161505,0.9368626285492633
1141,0.9413766783490439,0.00029950650220920104,0.011302971996621499,0.04702084315212505
1142,0.0008312692469656836,1.454471070935976e-06,0.9989605425078881,0.0002067337740754186
1143,0.9734198743809017,0.0008949848109524918,0.0013528860888694743,0.02433225471927616
1144,1.3888683368901476e-07,2.9831783442795256e-07,0.9998935476710022,0.00010601512432975306
1145,6.580108477392283e-06,0.0031740572016104845,0.9968014047893203,1.7957900591520047e-05
1146,8.41362048735372e-11,8.848149417401184e-11,0.9999892297572729,1.0770070109296054e-05
1147,0.9521834134719487,0.0005372044995767098,0.00031952377671301725,0.04695985825176153
1148,1.0320015749174847e-06,4.808742592317842e-07,5.975412533507735e-07,0.9999978895829126
1149,1.541790479668449e-08,0.9998027809970519,0.00015145177760308968,4.575180744034352e-05
1150,0.05271478008670342,0.003102097474846301,0.005320728101090358,0.9388623943373599
1151,0.960869414166826,0.00015735226441452278,0.00013956360431293256,0.038833669964446586
1152,0.9971424849084716,8.938872050039349e-06,0.00021447030406681678,0.002634105915411768
1153,9.179054959742609e-08,5.588547741900137e-08,0.9999547576893444,4.5094634628505196e-05
1154,3.540109986839416e-09,0.9999357750453529,6.968056792068547e-07,6.35246088579729e-05
1155,1.727792793556217e-07,0.9993782677462546,0.00038343255640418977,0.00023812691806190925
1156,0.9992831377886913,0.00015890759417952694,0.00021294480080112573,0.00034500981632786047
1157,0.00113265056222305,4.3300654540359517e-05,0.9028463541991336,0.09597769458410295
1158,5.982926910161302e-10,0.9999629778035639,2.6853641809817764e-05,1.0167956333443564e-05
1159,0.0038730171985533186,9.97235353439444e-06,0.0008365190850370101,0.9952804913628752
1160,0.050936626067972106,0.004350898350416456,0.0012564758339711922,0.94345599974764
1161,0.005077569008701644,0.9936381936779097,0.00018954013888941628,0.0010946971744992004
1162,3.7903455603471724e-05,0.9907652054219163,0.009098762623494525,9.812849898545752e-05
1163,0.9537230522296637,0.013509777728493402,0.0212351953266548,0.011531974715188324
1164,0.0003508021080065389,0.9329199732937911,0.06435287387781732,0.0023763507203850474
1165,2.040957638235703e-08,0.9999047962316698,1.1294033987962584e-07,9.507041841405789e-05
1166,8.673745383837523e-08,9.729941778142422e-08,0.9997689120427251,0.0002309039204033794
1167,2.809148935977177e-05,0.9919795497708168,0.005323786309466595,0.00266857243035684
1168,0.9869308547072669,7.287881364028804e-05,0.00027061782856226536,0.01272564865053037
1169,0.0006804459716046155,2.070106968874635e-05,0.06002910940402341,0.9392697435546833
1170,0.937441650909773,0.00029606929529766814,0.015543298418788702,0.04671898137614055
1171,0.9489267669667588,0.000965896033678544,0.003186336234303677,0.046921000765258944
1172,0.9455269479099679,0.005050460608598849,0.0026935528729058597,0.046729038608527326
1173,0.9858133472313905,0.00011046070517801847,0.012576497854937974,0.001499694208493554
1174,0.9756256447486583,0.00043937687372851364,0.0015510018408934573,0.022383976536719627
1175,0.00024106662560936337,0.021495065181966908,0.9781323116766212,0.00013155651580264226
1176,2.3534127539041674e-05,0.993708523796495,0.006232511898961666,3.543017700414701e-05
1177,0.9956142970144637,1.2125051117134412e-05,0.0001416825671883881,0.004231895367230933
1178,0.031230510812796226,0.0009114719603776593,7.4194944152215e-05,0.967783822282674
1179,2.2640300830755848e-06,1.2086142883023005e-06,1.1802053347527205e-06,0.9999953471502938
1180,0.04068698370766405,0.001071277759605381,0.9252716687589656,0.03297006977376494
1181,0.9964862984874094,6.4071605442841654e-06,0.0029732883029807556,0.0005340060490655076
1182,6.398633831931834e-07,3.694743112800422e-07,0.9999688658650627,3.012479724269232e-05
1183,0.0006533774012175078,9.76700396000887e-06,0.060026241865102296,0.9393106137297201
1184,0.052081254565103395,0.00033789403736012155,0.004514462056763147,0.9430663893407735
1185,0.9572072443497036,0.00033532757232884107,0.03059579926102147,0.011861628816946253
1186,0.0020711553694207512,0.9949997108290071,0.0022736070746980147,0.0006555267268741667
1187,0.0007980443382116459,0.9336846870252807,0.06447000933294808,0.001047259303559461
1188,1.966984437417123e-07,0.9993149160501569,0.0003609910524474683,0.0003238961989519548
1189,8.203588799326182e-06,0.9968429384655102,7.684323730341074e-06,0.0031411736219600674
1190,0.9721559944335204,0.0005131095319350229,0.003160588894989082,0.024170307139555373
1191,4.5613828869435775e-11,0.9999918124952307,5.635750568091909e-06,2.5517085872782368e-06
1192,5.400054057800234e-06,1.0191330847356902e-05,0.9981076915461057,0.0018767170689891976
1193,0.00034036360802530057,0.03382667951870142,0.965244610003575,0.0005883468696983674
1194,1.5170489777620708e-08,1.57951796056109e-08,0.9998586571925603,0.00014131184177036568
1195,2.2288931557954263e-11,0.9999935904478435,3.4369954718288303e-06,2.9725343957577077e-06
1196,0.04012185277769632,0.005670946246049926,0.012017336919306868,0.942189864056947
1197,3.72456816023988e-08,0.9997042953014278,0.0002433055816342008,5.236187125625562e-05
1198,0.9333847971222939,0.003959528016899208,0.01625233143998671,0.046403343420820115
1199,0.038463731168772414,0.0012723027840261672,0.9593774771649606,0.0008864888822410056
1200,0.0002897236812532054,0.9758271085996725,0.023447097347022983,0.00043607037205132447
1201,2.127607014048299e-08,0.9997634601740698,0.00019952666646397139,3.6991883395978065e-05
1202,3.3346949463102225e-05,0.9625143157578793,0.03715007440885001,0.0003022628838076291
1203,1.127295372715805e-09,0.9999498042206059,3.987850556438408e-05,1.0316146534075129e-05
1204,2.5756649138552663e-05,0.9925640854809457,0.007110226301306083,0.0002999315686099117
1205,0.9983894273277863,7.124973592047751e-07,0.0009878745484109806,0.0006219856264435468
1206,1.9137174766412573e-08,1.153676108399314e-08,0.99985600891064,0.00014396041542416149
1207,1.3868188338433733e-05,0.9334363491692906,0.06454861214731611,0.0020011704950549784
1208,0.05258018216109626,0.00032094310338695467,0.001012441762603313,0.9460864329729134
1209,0.021062745744916584,0.0002348479262710794,0.018972833837289135,0.959729572491523
1210,0.9993130949907423,6.4797082564051675e-06,1.3046271180445509e-05,0.0006673790298208297
1211,0.9485403739401439,0.003981800889338317,0.0006455482754891943,0.04683227689502888
1212,0.0011707787406323427,0.0010661075358326165,0.03931963344037772,0.9584434802831573
1213,0.00012671041600034245,0.9831144541009377,0.016314735329941626,0.0004441001531202882
1214,0.05266811512974777,0.0032076187576372023,0.005285089949253142,0.938839176163362
1215,0.9990851222521501,1.2609544740653538e-05,0.00018351230295357993,0.0007187559001557252
1216,5.672753016240798e-08,8.386688090507167e-08,0.999757329509019,0.0002425298965700439
1217,0.05262240299436202,0.0009156374664382427,0.0015523121923226818,0.9449096473468771
1218,0.0027868542595184155,4.5390076023004214e-05,0.994554413274128,0.0026133423903307892
1219,0.00033868013357084655,0.9715015220317341,0.02797953245840436,0.00018026537629066235
1220,0.05249699677546905,1.9376405513422482e-05,0.002433869099825569,0.9450497577191919
1221,0.9518124783392814,0.0004400204881995439,0.0008581906024655787,0.04688931057005333
1222,9.369243239531692e-07,1.4915846304353317e-06,0.9990383949607872,0.000959176530258344
1223,2.3379237394322616e-10,0.999986745729837,2.391997534255419e-06,1.086203883617178e-05
1224,3.4760781241865107e-11,0.9999909397967985,6.08279069677143e-06,2.9773777439095413e-06
1225,0.00019761615302774373,0.9769405849625984,0.020545301038752357,0.0023164978456216086
1226,0.9891456523591129,0.0005340145308966463,0.0006600257487999568,0.00966030736119045
1227,2.794052687818756e-14,0.9999998045616246,9.999542177412552e-08,9.544292579051272e-08
1228,0.00973374679696545,0.0004350870852056932,0.05571725166199963,0.9341139144558291
1229,9.218539388420733e-05,0.9858203015386671,0.01394731624623751,0.00014019682121121384
1230,5.194194454574003e-07,0.998894154844539,0.001039350883842484,6.59748521729034e-05
1231,5.502827435283366e-07,3.7753968456305255e-07,4.3913003173149426e-07,0.9999986330475401
1232,2.3153704988765468e-06,0.9976651805131685,0.00193766889818875,0.00039483521814377107
1233,0.00031659936642998107,0.9727373186726447,0.0268981197180434,4.796224288197353e-05
1234,0.003783589543670818,0.0006273996116350544,0.0006717921102105679,0.9949172187344835
1235,0.0001261572148995042,0.9828495259937449,0.016817475996625416,0.00020684079473038872
1236,1.0725641159277258e-05,0.995249517753344,0.004672620639976865,6.713596551997886e-05
1237,0.0013569581024401652,0.00028316776653059136,0.9773756418813563,0.020984232249672528
1238,0.013200092466094866,8.357590844245731e-05,0.9415063798832193,0.04520995174224355
1239,8.415245281327395e-07,5.069025172382584e-07,0.9990471906685038,0.0009514609044506974
1240,0.008471144588390066,0.00014539922570493016,0.00011726227776140141,0.9912661939081435
1241,0.010734164237367257,0.0022729412117212145,0.014096032099070423,0.972896862451841
1242,3.4911093465517774e-08,0.9997292764261754,0.00026309477686347775,7.593885867621908e-06
1243,0.0037082862911936875,0.0014437959528996094,0.9920626813474288,0.002785236408477962
1244,0.05249796803495388,0.0002729273113711435,0.0013736796615864467,0.9458554249920883
1245,2.532136486775975e-07,0.9994918947704029,0.00030251948968364347,0.00020533252626487496
1246,2.2059592857208936e-05,0.9930104327217029,0.006941372534203633,2.6135151236306176e-05
1247,0.9634728318589435,0.0021204179313226903,0.004575040141568085,0.029831710068165703
1248,1.7037609148930333e-07,0.9993906981023593,0.0006026615738575516,6.469947691524733e-06
1249,2.88570592444825e-06,1.6189268058333233e-06,1.064901530651632e-06,0.9999944304657392
1250,0.9274143142254002,0.006202146655957959,0.018862144284371482,0.04752139483427021
1251,0.010075460645554639,0.9567549209242907,0.022979395214554783,0.010190223215599896
1252,0.9560886897885703,0.00014338598084333897,0.000293310117960969,0.04347461411262544
1253,0.0002789276619214082,3.0959705826115185e-05,0.05996973098508998,0.9397203816471624
1254,0.0003608252947299822,0.03282402319986535,0.9664790435186711,0.0003361079867335251
1255,9.574357497252746e-05,0.9841446415589553,0.009790226398998063,0.005969388467074159
1256,0.007641231582859367,0.9237289460658806,0.050356570401248364,0.018273251950011685
1257,4.370376625144003e-09,0.9998993105889967,9.412246664215531e-05,6.562573984483905e-06
1258,0.9597352462784247,0.000373253486223884,0.033621211048000824,0.006270289187350804
1259,0.0403794873848717,0.010898046187550326,0.021641153843793528,0.9270813125837843
1260,1.2853178753571186e-07,4.9623594144430074e-08,0.9997707559682184,0.00022906587639974258
1261,3.087960887641986e-07,0.9992792462755851,0.0007044945038890643,1.5950424437165533e-05
1262,3.744730381360945e-09,0.9999064555930671,7.94273824237349e-05,1.4113279778774543e-05
1263,0.021656833180576183,9.602009245849654e-05,0.0040676437912810694,0.9741795029356843
1264,0.02885912777372974,0.06358943043674935,0.8865873988033045,0.020964042986216586
1265,2.5858187944660725e-12,0.9999983024679407,6.180881516726351e-07,1.0794413220042603e-06
1266,9.096099538382303e-07,5.339008180546135e-07,0.999468321864892,0.0005302346243361534
1267,0.9961833529880451,0.0002715120472147012,0.0027865975572837105,0.0007585374074564652
1268,0.01393926414708406,0.06881282986187967,0.884874550553516,0.032373355437519624
1269,1.5264720440181247e-06,0.9980952592595304,0.001785939613834039,0.00011727465459151557
1270,0.982847491166727,0.0006137154834622923,0.010441001923619499,0.006097791426191097
1271,0.052671945473519166,0.00027207922430656,3.733991872131864e-05,0.947018635383453
1272,0.00025886499571032705,0.06844824438738609,0.9255321457544466,0.0057607448624566095
1273,9.749600304144624e-07,1.160018909872691e-06,0.9988890417337537,0.0011088232873059539
1274,0.0002422361001217456,0.00045867724767009374,0.0599211754632902,0.9393779111889179
1275,0.022662678216154895,0.002229492415928262,0.001505268290197804,0.9736025610777191
1276,3.844463444743962e-06,6.986908162937305e-06,0.9984831046246981,0.0015060640036942729
1277,5.899790599332829e-06,0.9965666190704708,0.003256575724779257,0.00017090541415060357
1278,0.0008728790978153345,0.9752692562943056,0.013214487034812593,0.010643377573066404
1279,0.003296491374266553,0.9453136094443051,0.042648797710691556,0.008741101470736812
1280,0.9947970697450572,9.190757441550843e-06,0.0003582486144930684,0.004835490883008122
1281,0.0011950183588242556,0.0018125322469921237,0.9939503128516018,0.0030421365425819143
1282,3.5927175902188225e-06,0.0016269526927988323,0.9982691397933596,0.00010031479625123719
1283,0.04504988736605843,0.0007500302451874713,0.002366544646175895,0.9518335377425782
1284,0.007868446854090846,2.795485210596859e-05,0.02118342813916531,0.9709201701546376
1285,0.05257938475271661,0.0009265666296410782,0.0005279689518428424,0.9459660796657993
1286,0.008843356319541619,0.9616994840257258,0.02103387797184035,0.008423281682892398
1287,1.1573813669998879e-08,2.479538906776961e-08,0.9999745604007088,2.5403230088306234e-05
1288,0.9755022819300752,0.0004898181969455082,0.0020193426800829027,0.021988557192896354
1289,3.6775802109748025e-06,0.9971038706093799,0.002765302781265237,0.00012714902914405347
1290,0.9384676642444149,0.0012044069177833945,0.01335421998865842,0.046973708849143
1291,2.2246377224678295e-06,0.9978149084220784,0.002176566589299555,6.300350899511192e-06
1292,0.0005768423746116425,0.9944450174516736,0.0036186805806905156,0.0013594595930240692
1293,0.9990955937920933,2.027475427629643e-05,0.0005099856082601488,0.0003741458453702211
1294,0.007708003306960181,0.9416190786474558,0.03558900966991483,0.015083908375669284
1295,0.9993683531033566,2.3398103230203082e-07,3.038438568698206e-05,0.0006010285299241307
1296,5.146117391400966e-07,3.132227223427381e-07,0.9993526939037072,0.0006464782618313985
1297,0.9342867642246684,0.0074741396707960995,0.034957121880553756,0.023281974223981556
1298,0.00013800939911209765,0.9351068009720276,0.06464336001182797,0.00011182961703246194
1299,0.0008662310459567239,6.149706652421874e-07,0.9985314939402903,0.0006016600430877181
1300,0.012501684873684825,0.00011565293811640701,0.9836896154651318,0.0036930467230669537
1301,0.015323574202620486,0.053410007911097505,0.9284090196170817,0.0028573982692001836
1302,0.9659114791264769,0.0009128615742840027,0.0065101594992219,0.0266654998000171
1303,0.05401169959379828,0.004951504025379037,0.014153240451334804,0.9268835559294878
1304,0.9515121066015252,0.0002899581645041287,0.001279467210436478,0.04691846802353449
1305,2.717954217540631e-11,0.9999928896801059,3.83004811244406e-06,3.2802446018732946e-06
1306,0.054146948543283675,0.00995792894591927,0.0237349747530158,0.9121601477577812
1307,0.9802892539328086,0.0001885224863546187,0.015288565037013205,0.004233658543823537
1308,0.0018849678470551122,1.4535233207793043e-05,0.0021173548997377094,0.9959831420199993
1309,0.0005943037169590647,0.000504310090287229,0.9721896955373133,0.026711690655440448
1310,0.006111110394368423,0.9855709717310563,0.0035384031872339513,0.004779514687341256
1311,9.174062970142663e-05,0.9854946459241822,0.014324719708872039,8.889373724427557e-05
1312,0.9733769028434228,0.010690884591872049,0.01029741319747909,0.005634799367226103
1313,0.002887649318382033,2.1381968070668012e-05,0.0009725644873113169,0.996118404226236
1314,4.143341748498042e-09,0.9999031731792878,9.017467936187472e-05,6.647998008659833e-06
1315,0.010010098153281974,0.021652261854633887,0.9132745806736157,0.05506305931846865
1316,6.923116363519477e-08,0.9998303324189757,6.030320256369298e-06,0.0001635680296041451
1317,5.554834703699976e-06,0.9961503679356174,0.00293620347863862,0.0009078737510403208
1318,2.9113189249551266e-05,0.9919057401007922,0.007978890784928645,8.625592502964427e-05
1319,0.001438077734714268,1.774056315968517e-06,0.99609305082745,0.0024670973815197838
1320,0.9997760625873072,1.491502542396854e-06,7.786068065738701e-05,0.00014458522949304514
1321,0.001992283565559876,8.748101223402034e-05,0.0005073555954711329,0.9974128798267348
1322,0.031622430283394495,0.0008100675078547873,0.0005190794934142789,0.9670484227153363
1323,0.9547168080878243,0.0017859449668324087,0.03477949771554033,0.008717749229802955
1324,1.145813211859808e-12,0.9999983499670125,1.2176281094113702e-06,4.3240373223446435e-07
1325,5.2088027915826225e-08,0.9996594085970317,0.0003309161408284257,9.623174111921179e-06
1326,0.0008858531685133066,6.151352874686364e-06,0.050193052756258565,0.9489149427223534
1327,0.00016234970127764262,0.0687818313729696,0.930024680413886,0.0010311385118671583
1328,1.3324979767065071e-08,2.5367626885679103e-08,0.9998877689378035,0.0001121923695896907
1329,5.419518291082179e-07,0.9989632456805968,0.0010036222662197442,3.259010135429497e-05
1330,3.745081899431478e-05,0.9910499529415817,0.008762054730456948,0.0001505415089669888
1331,0.005611219876253888,8.667951586447986e-06,0.9920374620722012,0.002342650099958686
1332,1.0489116031375837e-09,0.9999640658553316,4.624852421944691e-06,3.13082433350844e-05
1333,7.742228330809582e-12,0.99999698503377,1.0367753862054079e-06,1.978183101469129e-06
1334,0.9982443998802818,1.1607670141756384e-06,0.00018465323498941972,0.0015697861177146179
1335,8.877072221145351e-06,0.9955985822077184,0.0043680844196526,2.4456300407951117e-05
1336,0.99060059003221,2.0125501590594304e-05,0.006893476475858583,0.0024858079903406927
1337,0.05255521330138933,0.0006189551890114659,0.0003183824701370856,0.946507449039462
1338,1.0266774325714393e-08,5.755411988819386e-09,0.9999034441178861,9.653985992763482e-05
1339,3.5602098707119547e-06,0.9974328725890835,0.0020087598064324904,0.000554807394613317
1340,0.008451056274611445,8.679040782740148e-05,0.00489548469572184,0.9865666686218393
1341,1.138710679143493e-08,0.9998307571635375,0.00015086742607535913,1.83640232802984e-05
1342,0.00017981845026563973,0.978117693559185,0.01979040204141873,0.001912085949130786
1343,0.9505750528139397,0.00012113703582242852,0.0024920374874172284,0.04681177266282074
1344,6.603701378924851e-08,5.225257618233955e-08,0.9997815665900305,0.00021831512037961577
1345,0.0011687606223046768,0.9944321731545563,0.0017597621366339463,0.00263930408650491
1346,2.5312616561157544e-08,0.9998542961054769,1.0952193089780603e-06,0.00014458336259752202
1347,6.326134427015515e-14,0.9999997304262486,9.999877085076261e-08,1.6957491731607336e-07
1348,2.9891067762201907e-09,0.999925737774973,6.95933164761933e-05,4.66591944405233e-06
1349,3.489552666970167e-07,0.9991270137596178,0.0008623276302911478,1.0309654824508872e-05
1350,0.017848160447021696,0.0001244931756911514,0.9701807839780286,0.01184656239925844
1351,0.0017697795791815649,8.756172200421504e-05,0.004153009654806841,0.9939896490440072
1352,2.1620731100280016e-05,2.8891793978225514e-05,0.9961024399137297,0.0038470475611916345
1353,0.0005203718566812234,0.012743428985857843,0.981271487560157,0.005464711597304138
1354,1.1808980204756193e-11,0.9999976525614818,9.965068911923019e-08,2.2477760198443595e-06
1355,1.605103952453744e-08,0.9998597103589195,4.4400714357050396e-05,9.587287568402512e-05
1356,0.0011749154409487123,0.9331564686104379,0.06441119577158395,0.0012574201770294722
1357,0.9988085624485286,5.692217753599454e-06,0.0010278041193093233,0.0001579412144086526
1358,0.0023103319469651926,0.004531574853374852,0.9918985163986054,0.0012595768010543488
1359,0.05173330890693266,0.0018588560707398654,0.00511867390740752,0.9412891611149199
1360,1.5474050525472823e-08,1.010487372610438e-08,0.9998970382428053,0.00010293617827052088
1361,0.0006868496516128706,0.9974666940231102,0.00033484920308055565,0.001511607122196533
1362,1.541480354017628e-07,0.9994200470852957,0.0005712363526952278,8.562413973668964e-06
1363,0.05222010398673703,0.00030714384313319283,0.0023576721870671668,0.945115079983063
1364,3.0005622161938455e-08,0.9997545703567458,0.00014364370530596006,0.00010175593232640169
1365,1.1210023749073227e-06,0.9984391173198075,0.0015480482762351272,1.1713401582457688e-05
1366,7.78636587926881e-05,0.9865644713136829,0.012917632548365901,0.00044003247915871903
1367,1.2934343667867383e-06,0.9982608784035257,0.001630795259844376,0.00010703290226292011
1368,0.9962681183273878,0.00045796110678922997,0.0015868243931499932,0.0016870961726729368
1369,8.852365862212976e-09,0.9998480470400538,0.00011230723392007292,3.963687366007794e-05
1370,0.0020721162462854865,0.000553674053488222,0.9967661054204315,0.0006081042797946978
1371,4.724368010810738e-10,9.700723978925377e-10,0.9999863408685539,1.3657688936844439e-05
1372,0.030841562891299728,0.00041532461767932984,9.850819860043643e-05,0.9686446042924203
1373,0.04319245141184411,0.0022746648077882994,0.0035297071121565098,0.9510031766682107
1374,7.359634491602677e-08,0.9996090767447691,0.0003733914340316451,1.7458224854663488e-05
1375,0.9476016734187733,0.00485854154948647,0.0017044879753154048,0.04583529705642472
1376,0.006361384089881646,0.9825681831934199,0.0018702057204516736,0.009200226996246704
1377,1.0307361656965324e-07,0.9995580364082408,0.0004292442643310938,1.2616253811593009e-05
1378,0.0515114066529708,7.821215321747343e-05,0.00462694399351868,0.943783437200293
1379,8.082647904263604e-07,4.3263497142139133e-07,3.9724772167716513e-07,0.9999983618525164
1380,0.05291823399059033,0.010564015418524676,0.009612815723896552,0.9269049348669884
1381,2.077636702900919e-08,0.9997898936563335,0.00020141045952127575,8.675107778269886e-06
1382,0.00794752007834279,0.0013437544746230522,0.027826891472525133,0.962881833974509
1383,0.007730242747353374,0.000958231395921932,0.00036372719181953334,0.9909477986649051
1384,0.9485028313454505,1.4512349539184051e-05,0.004637195947305391,0.046845460357705
1385,0.977866626041028,0.00015004594557337336,0.00030473582088690423,0.02167859219251167
1386,0.009629236271464659,2.8092465058243246e-05,0.003942923560984372,0.9863997477024926
1387,0.9451468714939524,0.004831481911130164,0.03430901750823017,0.01571262908668699
1388,0.9920792138756264,0.0036442482244125026,0.002938728942506963,0.0013378089574542062
1389,0.9977324698806698,4.151390371758572e-05,0.0002152811172768635,0.002010735098335686
1390,0.0006059507206945431,0.001256994602576825,0.9976763759390473,0.0004606787376813547
1391,0.9616769801256013,0.0005693428313338255,0.03480343951936723,0.002950237523697746
1392,1.9570153473096518e-07,0.9993971198277819,0.0005691860246735984,3.349844600981604e-05
1393,0.0013982678636250596,0.9974344989786513,0.0010322964373697323,0.00013493672035421882
1394,2.2956145985624345e-07,4.0869083546495894e-07,0.9995952605054496,0.0004041012422550941
1395,1.2138281361910124e-05,1.3110979034649908e-05,0.9961609571437988,0.003813793595804613
1396,8.571744719851598e-08,1.4489829679569674e-07,0.9998202608244466,0.00017950855980928055
1397,0.0010094204209308356,6.24377785492818e-05,0.010719239484622192,0.9882089023158976
1398,1.5297434739618726e-09,0.9999555363333895,1.5545656397172708e-05,2.8916480469919875e-05
1399,4.2520035914111e-07,0.9993433291815081,7.53652168816641e-05,0.000580880401250945
1400,0.9512683588180779,0.0005003185753359704,0.0012913999103047232,0.046939922696281555
1401,0.027167398324424587,0.00029311237243287143,0.9620477180823679,0.010491771220774588
1402,3.123918894920326e-05,0.06872509392805565,0.9293719690485324,0.0018716978344630437
1403,0.035537078731736754,0.06824126196573989,0.8693974738672577,0.02682418543526575
1404,1.3644280586152765e-12,0.9999994049863902,9.993115482982354e-08,4.950810903787254e-07
1405,8.529483963977521e-07,0.9987360789541059,0.001243896792404032,1.917130509382951e-05
1406,1.1906017652623668e-11,0.9999958605156968,1.7208868193716307e-06,2.4185855777607183e-06
1407,3.607444341036266e-05,0.9904472074012226,0.008374953806098926,0.001141764349268186
1408,0.014803861758684526,0.00025255680886767057,0.020902764180872942,0.964040817251575
1409,0.008620098860610742,0.00032401040718438783,0.0004836335389629876,0.9905722571932417
1410,2.927187971530369e-08,0.9998442927192147,9.619355095620909e-06,0.00014605865381008576
1411,0.00019236116750452788,0.9788487270678744,0.020946825181139873,1.2086583481313512e-05
1412,0.997883089471953,3.4858814559122025e-06,0.0012308347338235214,0.0008825899127675686
1413,1.5385001528404466e-08,2.625476735833295e-08,0.999867846986562,0.0001321113736692438
1414,2.2072909480037394e-07,1.2700891780802985e-07,2.450174351896039e-07,0.9999994072445523
1415,0.9955368809353854,8.779689053519934e-06,0.0002906884739710289,0.0041636509015899326
1416,0.9500826296177111,4.193605497287594e-05,0.0030320792581156053,0.04684335506920047
1417,1.613335867768328e-06,0.9990465244129847,6.634139799982703e-05,0.0008855208531476046
1418,0.004005753723068116,0.9803241332462211,0.011178250700150801,0.004491862330559956
1419,0.9398329566143884,0.005258147574134821,0.008068600960995964,0.046840294850480975
1420,0.0017169678629447873,2.7810464015074843e-06,0.991456658022901,0.006823593067752673
1421,3.6716982422508876e-09,0.9999108765833303,4.246505591916111e-05,4.665468905228137e-05
1422,5.829988768189253e-11,0.9999946568270471,9.943235253900541e-08,5.243682300371701e-06
1423,1.175017215743963e-06,0.9983787037488702,0.0015663946147564986,5.3726619157597046e-05
1424,0.028828359492132753,0.0019228873234900291,0.011093279092437326,0.9581554740919401
1425,0.005279458861472296,3.956407316166628e-05,0.007995713423644165,0.986685263641722
1426,9.336233298795114e-09,0.9998887042107651,4.0353544247448634e-05,7.0932908754207e-05
1427,6.558577939008599e-09,0.9999337226269611,8.075963935219794e-06,5.819485052550989e-05
1428,0.9528429960782394,0.0003463060005503717,0.0008387296854303179,0.04597196823577996
1429,0.010972296269824338,0.00024220780428817768,0.9844139319937288,0.0043715639321589405
1430,0.9509819799140484,0.0004242901276661346,0.0016744530183536465,0.046919276939932
1431,0.0013768271769668858,0.0007181928679581079,0.9810445404926326,0.016860439462442308
1432,0.00011736725126966759,0.9346947147991674,0.06460840334535645,0.000579514604206554
1433,9.462327645151044e-09,1.6545396228602487e-08,0.9999012781318796,9.869586039646178e-05
1434,0.0016668872348329306,0.9759190418425658,0.016567569299423133,0.005846501623177936
1435,0.0012394019541003283,1.1232991175802133e-05,0.0018372933618538373,0.9969120716928698
1436,1.0707642399175501e-10,0.9999903657453195,2.2095869738077607e-06,7.424560630121696e-06
1437,0.02773646791663097,0.009576643100225489,0.8978676378324972,0.06481925115064613
1438,0.9458567259858743,0.006067113414036199,0.03199545885394804,0.016080701746141512
1439,0.0009772066479781937,1.4366819293458991e-05,0.9950647793228545,0.003943647209873728
1440,5.6398621931987726e-05,0.9395543958881529,0.05849439472821096,0.0018948107617039126
1441,0.9482515081583966,0.0036864525419628385,0.0043971707569699005,0.04366486854267079
1442,1.049110301031476e-10,0.9999859031020049,1.3569138346652238e-05,5.276547375435101e-07
1443,0.00041925839048670356,0.00011187323339768305,0.0029765529298139953,0.9964923154463016
1444,1.563004589660072e-06,0.9982089265006177,0.0017803538851599641,9.156609632750397e-06
1445,0.001473592814417857,0.9854438834063737,0.006189570676821976,0.006892953102386316
1446,2.8833172118238268e-05,0.002640325423673825,0.997014041597386,0.00031679980682173647
1447,0.00219129809454948,1.0918122494788663e-05,0.002858835343996325,0.9949389484389594
1448,0.9692323910029778,0.011176820031509003,0.017149577546103273,0.0024412114194102994
1449,0.052584969735254915,0.004041342737459941,0.00019991456279462008,0.9431737729644905
1450,4.435344699551855e-11,0.9999893420646082,8.993811264607745e-06,1.6640797737089338e-06
1451,0.0013368221436510905,0.05597126125025805,0.9324824745163863,0.01020944208970442
1452,5.610018171880458e-05,0.9353128078104926,0.0645606501479484,7.044185984017638e-05
1453,0.0008473798562229549,1.138700838792489e-05,7.605522096845452e-05,0.9990651779144206
1454,1.317928156909958e-07,7.249952971378017e-08,1.423424650200789e-07,0.9999996533651895
1455,0.05362331034056857,0.011489763364676926,0.016286495594058998,0.9186004307006956
1456,5.038938757331517e-08,0.99965092923643,0.00032313158858764015,2.5888785594922743e-05
1457,0.052534292688205114,0.00015309294973818926,0.0008933877799890295,0.9464192265820677
1458,1.5939700964901658e-11,0.9999970007018755,9.953194651406914e-08,2.899750238299704e-06
1459,1.071206447007857e-10,0.999987954914739,3.527052588515084e-06,8.517925551841056e-06
1460,8.346471115967519e-05,0.9863254445159655,0.01255861796650323,0.0010324728063715065
1461,2.298526908361154e-05,0.9501255370786202,0.04953007225417984,0.000321405398116301
1462,0.03564136457538251,0.0015566053493143513,0.8999315870458416,0.06287044302946142
1463,0.03985296613331063,0.00661145864802174,0.9217672365071856,0.031768338711482186
1464,0.05522018868055099,0.009175533207678646,0.020756250031803473,0.914848028079967
1465,0.9359618075926066,0.005478773352587451,0.011339831859284904,0.04721958719552099
1466,0.9940812720668635,1.7997285600832806e-05,8.699695499846526e-05,0.0058137336925372235
1467,0.042603045505396,0.00010680749244212855,0.05406889329624954,0.9032212537059122
1468,7.056006871826355e-07,0.9989193497715712,0.0010690162212649123,1.092840647679198e-05
1469,8.624332118717471e-09,1.515749301157018e-08,0.999904250676117,9.572554205781732e-05
1470,0.001506952987338551,0.9687537722142757,0.02839176607146789,0.0013475087269179478
1471,2.1789809797362706e-11,0.9999961168540894,4.2344243224441487e-07,3.459681688626344e-06
1472,0.9256518114866633,0.0004686541124133775,0.03758087358060666,0.03629866082031657
1473,5.899678358990898e-08,0.9996498322377784,0.0003264552049607457,2.3653560477337046e-05
1474,0.0009026549725928071,0.998988391597006,4.8494367808928585e-05,6.0459062592099145e-05
1475,0.007160468715358792,0.002700847908734157,3.657399120182429e-05,0.9901021093847052
1476,5.945696518999439e-07,0.9988090780122627,0.0011158806221492842,7.44467959358975e-05
1477,2.7136098049494523e-10,3.5308111594727327e-10,0.9999824759328706,1.752344268724034e-05
1478,0.975295558166114,0.0010449755876736435,0.021364892135741612,0.00229457411047081
1479,0.0009065585923428518,0.98913818710441,0.0009966108432804214,0.008958643459966817
1480,0.0012935200073324812,0.9293747636416679,0.06429078975229127,0.005040926598708246
1481,0.0004898316342962811,0.9681865741543284,0.02977354509128457,0.0015500491200907886
1482,0.05254674353500552,0.001953280140737302,0.0014211415885727334,0.9440788347356848
1483,3.9552206728995226e-07,0.9994535007166381,1.7010835902752596e-05,0.0005290929253918389
1484,0.9518543167530241,0.0007452752230097108,0.0004954060705090464,0.04690500195345731
1485,0.012567442951705055,2.816214978431377e-06,0.98573173656133,0.0016980042719867022
1486,0.001548664130689397,1.5918156960522547e-06,0.9932419173753714,0.005207826678243101
1487,6.1425043467874364e-09,0.9998715130722534,0.00010422140062760102,2.425938461480638e-05
1488,3.615063487008879e-07,2.1643604182373362e-07,0.9993909168205498,0.0006085052370595502
1489,0.001648849269477265,2.5644838561474787e-06,0.9917442594660212,0.006604326780645084
1490,0.9485229095902893,2.044836089206094e-05,0.004560167455237334,0.04689647459358139
1491,0.0014027842749854565,1.6537259702773727e-06,0.9789451354306709,0.019650426568373132
1492,0.0010470425349420895,9.693993055573618e-06,0.04661752162184829,0.9523257418501541
1493,8.648814976847814e-05,0.9861394859903031,0.013542690656402602,0.00023133520352589185
1494,0.05266543376868844,0.00014401945422212842,0.0001901509527592371,0.9470003958243302
1495,0.9924213512207256,4.4950453663229265e-05,0.0003424590263206345,0.007191239299290645
1496,0.003330132615772768,0.0005577708629145417,0.9958196825543852,0.00029241396692732856
1497,0.052723499262856514,0.0017407091836040907,0.0065913974970962345,0.9389443940564433
1498,5.7546664260239764e-05,0.9887352028502289,0.010800314068809741,0.00040693641670111854
1499,0.052726588624842384,0.008195594911763915,0.005311766171261503,0.9337660502921323
1500,0.0010075633772170616,0.00011112404784089835,0.00252945531628962,0.9963518572586523
1501,0.983880203048949,9.958997880302347e-05,0.0012659819234834817,0.014754225048764598
1502,0.02079983853836638,0.00017644083801112665,0.005904158090862183,0.9731195625327603
1503,0.9848911284183998,7.073154528161759e-05,0.0003217784322266466,0.014716361604091998
1504,2.019640208943303e-05,0.9931376191691024,0.00661294710823969,0.0002292373205685095
1505,2.635604277717308e-11,0.9999917584484501,5.971225774020501e-06,2.270299419751288e-06
1506,0.002003824938890047,2.7571707732909357e-05,0.01639550992782512,0.981573093425552
1507,0.0013445018040230555,0.9308518288589017,0.06442528406335489,0.003378385273720237
1508,0.0075758813844313735,2.2030899446889345e-05,0.0015978312159375424,0.9908042565001842
1509,0.8839911949047319,0.00015709099279188088,0.00014518726398738018,0.11570652683848887
1510,0.0002758326027365102,0.9762354225749861,0.02323093725254661,0.00025780756973084196
1511,6.63993008032349e-08,0.999591910847212,0.00036497990224169317,4.30428512453687e-05
1512,1.3124327635909933e-08,0.9998949335841564,2.1735454139031483e-05,8.331783737697805e-05
1513,9.976163043219327e-05,0.9361460471241698,0.06366305783863895,9.113340675920734e-05
1514,4.286443406763918e-05,0.011509847023743766,0.9883708196907304,7.646885145829726e-05
1515,1.842876681133412e-07,1.0430842042630542e-07,0.9998918773565019,0.00010783404740941793
1516,0.986131473050693,1.8032396689625954e-05,0.006247180837266423,0.0076033137153509334
1517,1.8273833740501686e-05,0.9936691611100148,0.006282538823324718,3.0026232919953256e-05
1518,0.053833274967077044,0.006673257854485051,0.013458851573078395,0.9260346156053595
1519,0.9904757445103833,0.00010132190631683046,0.000103173842839579,0.009319759740460377
1520,0.0012629545772469034,4.772581062774677e-05,0.00011829737580589912,0.9985710222363192
1521,0.05261516238516466,0.006933096705036871,0.0025240353362712027,0.9379277055735271
1522,7.6526955431779e-11,0.9999933279293819,2.389478226258871e-07,6.4330462684092785e-06
1523,0.0033638803360956405,4.378063772992259e-05,0.05985110883051269,0.9367412301956617
1524,0.9812025118606478,0.00013032087119179745,0.0006251025413548983,0.01804206472680561
1525,0.0004022662907029442,0.06869420542887729,0.9287667769970319,0.002136751283387723
1526,6.235748697112968e-06,0.9972409726166948,0.0009734326961546924,0.0017793589384533465
1527,8.755906165769525e-06,0.9560197366379998,0.043731204959708114,0.00024030249612630125
1528,0.9953168706449275,8.085167526458833e-05,0.0033312475818794364,0.001271030097928561
1529,0.9357679997415764,0.005726526925754536,0.011283615917030546,0.04722185741563852
1530,0.0006855758005106412,3.423818690880575e-05,0.008089693943251094,0.9911904920693295
1531,0.9549529234067305,0.00900895387437376,0.033698870129566655,0.002339252589328903
1532,3.1436123867516317e-06,2.553011437493632e-06,0.9981390105138936,0.0018552928622820842
1533,0.04929067864267139,0.0007059758901165994,0.005033758170185548,0.9449695872970264
1534,0.015325846922247562,0.9309523292080867,0.04392740776367244,0.009794416105993319
1535,9.925192176251015e-12,0.9999968118056781,9.86008197637286e-07,2.20217619905199e-06
1536,0.0033636765939046805,0.0006725765056644776,0.6604063125167579,0.3355574343836731
1537,1.6826094937191056e-09,1.7772970931803332e-09,0.999954132903976,4.586363611738831e-05
1538,0.0066010939094926805,2.40884900667214e-05,0.046370651439747994,0.9470041661606923
1539,0.9832772308628674,8.850713475603189e-05,0.0003177993849728058,0.016316462617403736
1540,1.8385348163612722e-07,0.999362157050345,0.0005995673615371954,3.809173463630272e-05
1541,0.00048790761942032925,9.95257698550314e-06,0.9344223859388125,0.06507975386478138
1542,0.0012823527390155702,0.1513865688613323,0.8190551723000208,0.028275906099631504
1543,0.9929670197217291,0.00021091276871748794,4.212557639344236e-05,0.006779941933159989
1544,5.174892877628012e-08,0.9998125455586304,1.4542104474932263e-05,0.00017286058796578573
1545,1.1504729137699326e-06,0.9986946904948318,0.00046002971031912186,0.0008441293219351582
1546,2.4771045270566452e-08,0.999752967860735,0.00022472708588542256,2.22802823343734e-05
1547,0.052611021964567614,0.001570443325928419,8.764431783462523e-05,0.9457308903916691
1548,0.9509668927004868,0.00030100831814779323,0.0018067453039617941,0.046925353677403775
1549,0.0013065555936475472,2.4109532159656564e-05,0.997789853672562,0.0008794812016307622
1550,0.003748456338270257,0.06877141577056958,0.8979088482275446,0.02957127966361563
1551,2.7900129373737178e-08,1.6828193354723782e-08,0.9998391398480614,0.00016081542361588472
1552,0.0035935900522048596,0.00020251953744409334,0.9945239927198618,0.0016798976904893184
1553,0.9518757664954017,0.000264522634084024,0.0009127279231197331,0.04694698294739434
1554,2.8804690690892193e-07,5.907537282337307e-07,0.9996654040550168,0.00033371714434796357
1555,4.608135618439157e-09,2.915078595617117e-09,0.9999383376167797,6.165486000614094e-05
1556,0.9429387925420633,0.001635658354354852,0.008609126219991926,0.046816422883590024
1557,0.006354885307802139,0.0006883480538348674,0.9911387059886543,0.001818060649708915
1558,8.9024360762938e-09,1.7449169255161066e-08,0.9999129159696282,8.705767876647197e-05
1559,0.01207264783533877,0.001600978235444281,0.9807557532613604,0.005570620667856768
1560,0.0025408088246213173,0.0018157557664035266,0.9950642677625855,0.0005791676463894028
1561,0.05249400660324414,0.0026406232024684772,0.0006131706950047544,0.9442521994992827
1562,0.9945461235520967,0.00016827792559283685,0.004740035217512063,0.0005455633047987601
1563,0.0043428329481547115,1.7565228869073482e-05,0.0008943889455064111,0.9947452128774698
1564,2.112143427228358e-09,0.9999276015823475,6.379869695271309e-05,8.597608556256417e-06
1565,1.0615316831696149e-09,0.9999548310582256,2.5229245896762562e-05,1.9938634345942708e-05
1566,0.0002740060412462176,0.00016488718781434216,0.981549660473371,0.018011446297568314
1567,0.05462298592145533,0.012682035428235733,0.022065104520057954,0.910629874130251
1568,0.05460645763501466,0.010755069387779002,0.020011640158114758,0.9146268328190916
1569,0.9249874148672147,0.0028535861398542987,0.024279503052425006,0.047879495940505945
1570,2.056787498515053e-07,0.9993349204421093,0.0006597862308348162,5.087648305906718e-06
1571,0.0009590728250560154,0.05058117962879465,0.940530913721946,0.007928833824203204
1572,0.00011791081369870295,0.9839512782435161,0.01589107592970711,3.973501307799121e-05
1573,1.3631834716651946e-08,0.9998512625641112,0.00014669426165296414,2.0295424011461168e-06
1574,1.0236129491458869e-08,4.774393162848475e-09,9.710702319853474e-09,0.999999975278775
1575,9.899805504798233e-06,0.9482025106616919,0.05147376224637693,0.00031382728642638795
1576,0.9611726745505123,3.4642475975605956e-06,0.0007057452548012926,0.038118115947088846
1577,0.0021342522093934814,0.0009639618792592889,0.0031035590091783383,0.9937982269021688
1578,0.05452789918287561,0.012856689815102669,0.022056121317151203,0.9105592896848703
1579,0.00016162147890837872,0.00011587475125302604,0.004641359056069134,0.9950811447137694
1580,5.87798617787169e-07,0.9989111184171557,0.000843770397677517,0.0002445233865489503
1581,1.814098116595998e-05,0.9963297097316334,0.0002070546526685139,0.0034450946345321028
1582,0.018212398736190936,0.0002110988337313197,0.9198151424914047,0.06176135993867333
1583,2.8230194264307768e-05,0.9352329196521904,0.06455938272962787,0.00017946742391748027
1584,0.9636642930295831,0.011376793510435409,0.017549512807689998,0.007409400652291512
1585,0.00031578534710832446,0.00019066338435131755,0.98003352940718,0.019460021861360467
1586,0.019306988105652956,0.00012056388979455503,0.0007722855166172378,0.9798001624879351
1587,0.9641005329254067,0.0006969321712162119,0.001358500491187347,0.03384403441218988
1588,0.05255168467022355,0.0026566270831014857,0.0022226016409841345,0.9425690866056906
1589,0.0019267221081207583,0.0462010348586302,0.9466418062469616,0.005230436786287402
1590,0.0023461775817603336,1.9289117940641697e-05,0.9860794039518131,0.011555129348485817
1591,0.9522468617717685,0.0004693436499105536,0.0004052088048965717,0.04687858577342417
1592,0.05263201401454714,0.000573780181064199,0.00027783985578640273,0.9465163659486023
1593,0.00013226340047600208,4.327766306253492e-05,0.0072671512322591445,0.9925573077042024
1594,0.00040055569744165584,0.9339971496824927,0.06445438755659075,0.0011479070634749765
1595,1.6615646635798904e-11,0.9999954341149969,1.7642944727855507e-06,2.80157391459869e-06
1596,1.762291991759718e-07,0.9993926278324389,0.0005905674852885376,1.6628453073346135e-05
1597,0.946739448060067,0.005030778617024327,0.0014693781689932165,0.04676039515391537
1598,5.860417455467002e-07,5.676480664526769e-07,0.9991443777355844,0.0008544685746037026
1599,3.96794517438198e-08,0.999764805174014,0.00020923464139334467,2.5920505140793963e-05
1600,0.9937005526919007,7.938981106097967e-05,0.0002512557388419955,0.0059688017581963
1601,2.0808682975982576e-07,0.9993251217226006,0.000659943189694191,1.4727000875436235e-05
1602,0.052345111206179774,6.174299451968186e-05,0.0071372964675786845,0.9404558493317219
1603,0.002664779966961413,1.9158683072825233e-05,0.0053511470653262,0.9919649142846394
1604,0.05275552030209309,0.009301633534981375,0.00634897168872368,0.9315938744742019
1605,0.006892506672203273,0.0016119323039900052,0.9268076907035256,0.06468787032028125
1606,3.7802016258923926e-07,0.9990283499053871,0.0008810087553462654,9.026331910415289e-05
1607,4.5429398015817165e-05,0.9906160165665295,0.009326064034723643,1.2490000731008013e-05
1608,0.007869296398814464,5.521039576505707e-05,0.0759903351489195,0.9160851580565008
1609,0.00011686140033828569,0.9835992732599877,0.016210783240128937,7.308209954503068e-05
1610,0.03870082631499714,0.0051530927391691544,0.018649304487785887,0.9374967764580479
1611,0.05253818211448862,8.761171576473929e-05,0.0013809426273792163,0.9459932635423677
1612,8.431444854441585e-05,0.986287419316662,0.007692512786565645,0.0059357534482280955
1613,0.9992542475267675,2.148668011199094e-05,8.046394604212168e-05,0.000643801847078274
1614,0.9993925039322948,0.00018414695733078582,0.0002229056920465278,0.0002004434183278584
1615,1.7587199709406773e-06,0.9980327275730492,0.0019320572935090932,3.345641347107348e-05
1616,6.250896301213842e-08,3.771256806196481e-08,0.9999120507999678,8.784897850105591e-05
1617,3.2658983966126485e-05,0.9917170426837535,0.007827413925606513,0.00042288440667395596
1618,1.880481279736794e-07,0.9999893055120523,1.645045865892222e-07,1.0341935233108542e-05
1619,0.9519422040775143,0.00035006258348969384,0.0008176392734495939,0.04689009406554671
1620,0.005787257235441087,3.094367125755611e-05,0.9292965129511997,0.06488528614210137
1621,0.003558860568723293,0.9695605563226329,0.022329580809437845,0.004551002299205862
1622,4.09701122575585e-07,0.9990715453531884,0.000923058371023543,4.986574665421124e-06
1623,2.725158036525697e-06,0.9975440055259169,0.002416616510902245,3.6652805144350856e-05
1624,2.478734788862788e-06,0.9978197900987448,0.002171784064523333,5.947101943218719e-06
1625,8.02189130958349e-05,0.9863333936259157,0.012995900270100988,0.0005904871908873749
1626,0.9993257926167112,0.0003689363305050866,9.50718687154048e-05,0.0002101991840682272
1627,7.132168727314073e-08,0.9996460459989818,0.00034820760756542035,5.675071765566924e-06
1628,0.013075640208613619,0.05127690702674396,0.8983979622078074,0.03724949055683473
1629,1.1873581384540715e-06,7.019168876561354e-07,0.9989559899313613,0.0010421207936126382
1630,2.1351125843064165e-08,0.9998124480943977,8.863117020157869e-05,9.889938427479664e-05
1631,0.0024985248117793193,0.003026135384764726,0.9793693069431063,0.015106032860349778
1632,0.05520378735758374,0.008566934148847344,0.02022696804732858,0.9160023104462401
1633,0.9954847134915579,1.1846859483279611e-05,4.6700788585968644e-05,0.004456738860372776
1634,0.9882338946138877,0.0011022032917758643,0.009975750378886806,0.0006881517154494353
1635,0.05511847041346548,0.009900570338525561,0.021060095941611737,0.9139208633063972
1636,4.8581663259308456e-08,0.999679409350717,0.0003168958592837529,3.646208336039919e-06
1637,0.0027897561662627154,0.031433127525325996,0.9063112481487948,0.05946586815961661
1638,0.979320279849001,0.00012702424187223334,0.000654000901479347,0.01989869500764733
1639,0.05448408303268724,0.010468863032183409,0.018528296135763143,0.916518757799366
1640,2.348741545571054e-08,0.9997788936648505,0.00020558092180375962,1.550192593046348e-05
1641,3.101820166945733e-07,0.9992856344464716,0.0007017432145699931,1.2312156941695462e-05
1642,0.9964573096217284,0.00019842537089120708,0.002621348899566022,0.0007229161078142022
1643,0.0016927059543037578,7.023462043728226e-05,0.002924589756728294,0.9953124696685305
1644,0.9865684016405162,5.41064342730425e-05,0.011240184038226669,0.002137307886984169
1645,2.323540713148771e-08,4.103290492635309e-08,0.9999627904932545,3.714523843325208e-05
1646,6.360738335581525e-11,0.9999941777817624,9.679631175463508e-08,5.725358318495778e-06
1647,0.0001468664008320914,6.851677883142136e-05,0.013347518146965907,0.9864370986733706
1648,1.0184671179610145e-06,8.95761671732203e-07,0.9996582529587515,0.00033983281245875065
1649,0.9766476419541564,3.710616879757596e-06,0.001552464787300504,0.02179618264166304
1650,2.9420493519109146e-07,0.9991882981829872,0.0007244841511727505,8.692346090481973e-05
1651,8.801009818946523e-08,0.9997589215791108,2.101524477362398e-05,0.00021997516601711249
1652,7.485216474884312e-10,0.999956257211675,3.412176256693807e-05,9.62027723638171e-06
1653,0.9998993507609323,3.2743401803252394e-05,6.578285004263754e-06,6.132755226006871e-05
1654,3.4175152142064256e-07,0.9992581630791104,0.0007367704635549235,4.724705813379656e-06
1655,2.066485884205236e-07,1.3258165540776739e-07,0.9995269236608386,0.00047273710891759303
1656,3.293794077883972e-06,0.9525303144781078,0.047440492587626636,2.5899140187863536e-05
1657,0.9524736290597529,0.00010405867576435382,0.00045669733064238174,0.046965614933840244
1658,8.259185046197708e-10,0.9999601992327419,1.9851098567738752e-05,1.994884277194424e-05
1659,0.03971792601049133,3.4102949717718544e-05,0.9348049311235362,0.025443039916254455
1660,1.4666675479956594e-08,2.5073523205985575e-08,0.9999061766367495,9.378362305174757e-05
1661,0.9969197554461126,9.358460668036541e-05,0.002426828841843515,0.0005598311053637151
1662,8.419062733129205e-09,0.9998639934556466,0.00013035301753413266,5.645107756496459e-06
1663,0.9967572603040105,0.00016162623644215684,0.0006064153521053507,0.0024746981074422587
1664,0.9627658966963841,0.0006236490977576492,0.012474627347043897,0.024135826858814304
1665,0.0004854323933166077,0.9437099642291591,0.05406988551435541,0.001734717863169139
1666,0.9990890873315316,0.00017450127767285517,0.0003502080652386569,0.0003862033255569314
1667,1.311349225051631e-07,7.400375469009683e-08,1.4449030125425896e-07,0.9999996503710216
1668,0.9932436365642844,1.6099275312657945e-05,0.005543810452261907,0.001196453708141054
1669,0.0001258813985858249,0.9345235937378149,0.06458711175656683,0.0007634131070321802
1670,9.69632809472695e-09,5.379895858114425e-09,0.9999743223738887,2.5662549887289392e-05
1671,0.0030186695153614665,2.1610883159568305e-05,8.552524165164767e-05,0.9968741943598273
1672,0.9364602257968974,0.00031535405713295814,0.03629722239752862,0.02692719774844125
1673,0.0006713439009262417,1.57256463938661e-05,0.06000135637680983,0.9393115740758701
1674,0.00023122323490093377,0.9750780150259253,0.02186921106228462,0.0028215506768889506
1675,0.0006940943711113243,0.9283008560801608,0.06423439940013033,0.006770650148597532
1676,0.0003852801336061177,0.0686079998205564,0.9281376723421105,0.002869047703726616
1677,8.701995085926309e-09,7.745669654930989e-09,0.9999019907240968,9.799282823837791e-05
1678,9.748509476398458e-06,5.867076651430228e-06,0.9966622551400708,0.003322129273801528
1679,5.523467308227097e-13,0.9999992094931947,2.3138657741349743e-07,5.591196755002719e-07
1680,0.01353541594958969,7.299290689902422e-05,0.0005467860642489519,0.9858448050792623
1681,0.013432276172898432,0.0019324183632967932,0.00690110143587248,0.9777342040279323
1682,0.003978981693359732,0.9854853381462224,0.004635985153665679,0.005899695006752296
1683,3.1777187195670835e-08,0.9998639301881436,2.987000642568637e-06,0.00013305103402659553
1684,0.023888825287891945,0.000750643982148131,0.0513829273092062,0.923977603420754
1685,0.9964871694043138,9.235383347160602e-06,0.0003546233137594943,0.003148971898579518
1686,0.03423724123623097,6.427154352467563e-05,0.007141105847566441,0.9585573813726781
1687,0.02451855884946425,5.9815640170113374e-05,0.060294544472542844,0.9151270810378231
1688,2.3759688228311943e-08,0.9997852876177354,0.00020646600570569577,8.222616870627669e-06
1689,0.000362527006300402,0.9742713097441983,0.02511290018673937,0.000253263062761981
1690,0.9946570505392551,0.00018190195707447525,0.00433656538112071,0.000824482122549537
1691,0.953321878824244,0.010819409818237945,0.002242128813094326,0.03361658254442334
1692,0.05220891524824573,4.2265788084930454e-05,0.002856299055682314,0.9448925199079871
1693,0.05285426219694496,0.00377100418962801,0.006980896068607712,0.9363938375448194
1694,0.0015815765208087534,0.0039041246400344574,0.9299788568219542,0.06453544201720235
1695,0.9926481371352445,0.00031436090260061585,0.003972449797689598,0.0030650521644653306
1696,1.3318396595947263e-08,0.9999139483546657,1.2395921485958848e-07,8.591436772281931e-05
1697,7.600780552138813e-06,0.9962459382728948,0.0035256472352501005,0.00022081371130298728
1698,0.04886788406669179,0.002711833116221422,0.016281399860042303,0.9321388829570443
1699,0.9946939527856024,5.301281161750286e-05,0.002531046601146192,0.0027219878016338426
1700,0.03831689542899755,0.006600671658832611,0.014475107546006992,0.9406073253661628
1701,0.05473358297639643,0.012398904597416004,0.02143150736616607,0.9114360050600216
1702,0.0010458567816830292,7.64182153874805e-05,0.00021589998703160768,0.9986618250158981
1703,0.0052297481679222345,5.753386621895328e-05,0.0011653321673830005,0.9935473857984757
1704,1.955943876765759e-09,0.9999395047477447,5.8677129695549955e-05,1.816166616055404e-06
1705,0.021310327214113602,0.0008945956451868472,0.03765592673745907,0.9401391504032403
1706,0.9761611856426562,0.0002792512381547599,0.00029741771716204125,0.023262145402026882
1707,0.9998988800548693,2.4040684282355656e-06,7.676955273017853e-05,2.1946323972258993e-05
1708,2.095118517207051e-06,0.997798697041,0.0020564925934624823,0.00014271524702030188
1709,0.0013162333247473195,0.00012131159385921314,0.0003679741840731741,0.9981944808973203
1710,0.9989570952176529,1.0326525972466142e-05,0.00019181138517922913,0.0008407668711954425
1711,0.9994196617985812,2.2991587820105546e-06,0.0005305241687171413,4.751487391969277e-05
1712,2.7329110411335562e-09,0.9999183488148743,5.1645671806055255e-05,3.0002780408736293e-05
1713,0.9752938840889667,0.007260528310017643,0.008433367072988002,0.009012220528027711
1714,0.052529277470550126,0.0014583742442802548,0.001945224612444808,0.9440671236727247
1715,8.965175757494501e-05,0.9856330845393413,0.014113473228546636,0.00016379047453702453
1716,0.00038498472227558564,0.9674370771310347,0.02816823595401065,0.004009702192678958
1717,0.011913673218575647,0.00010967511670469351,0.013544324295387598,0.9744323273693322
1718,0.0433582301528367,0.009931741702104391,0.021279565037025206,0.9254304631080338
1719,0.0002117745988151476,2.670125568926465e-05,0.060043531830271155,0.9397179923152245
1720,7.354230795544416e-08,0.9996027088081687,0.00039019249918959177,7.025150333868223e-06
1721,4.3888399968724963e-07,0.9989609070362859,0.0009215214251520795,0.0001171326545621738
1722,2.674966187488805e-05,4.697373372406019e-05,0.9961099954815178,0.0038162811228833154
1723,8.881023034468691e-06,0.9951252889369785,0.004122565496097442,0.0007432645438895344
1724,0.9982080397087609,3.5025284372330455e-06,1.2588036276976095e-05,0.0017758697265247512
1725,1.5027177489497097e-08,3.048483040302702e-08,0.9998972112002145,0.00010274328777757108
1726,0.9488028160267952,0.0013122059366096096,0.0030525542363729285,0.04683242380022218
1727,0.9927006930562765,2.016543192438242e-05,0.000247886553048466,0.007031254958750725
1728,4.754245132383531e-06,0.9969083957935608,0.002943288803417268,0.00014356115788943842
1729,0.0018458948491252899,0.0008561340312941506,1.0950180656558937e-05,0.9972870209389241
1730,1.144654911092754e-12,0.9999991406191976,9.93183153076531e-08,7.600613422533086e-07
1731,0.9500431709581187,0.0007893077477069124,0.002306352110663908,0.04686116918351058
1732,0.9484943543925772,0.0009011991017452132,0.003764089736434788,0.046840356769242704
1733,9.648551211870195e-06,0.9954030858175491,0.004548346210939378,3.8919420299610346e-05
1734,0.9292380501749509,8.433436690340202e-05,0.022620158186068523,0.04805745727207722
1735,1.9545669465531652e-07,0.999388409207856,0.0005892260316830347,2.2169303766356152e-05
1736,0.9344369303471403,0.0059646000733101275,0.012129175306694339,0.047469294272855206
1737,0.01530827168168344,0.00900718701938266,0.030635665113781275,0.9450488761851522
1738,6.104902960102505e-10,0.9999598238534572,3.057825903870271e-05,9.597277013621065e-06
1739,7.075062211462574e-07,0.9988186563835871,0.0006118042571326787,0.0005688318530587761
1740,5.135815536116069e-07,4.482439761673119e-07,0.9998875163492834,0.00011152182518686143
1741,0.9928382406157529,4.8723970614922834e-05,0.0014732662576875854,0.005639769155944777
1742,0.0015001965242992714,0.00017808037852483228,0.0006323651038468526,0.9976893579933289
1743,0.00015194691179196975,6.409677643256761e-06,0.0032508313112938315,0.9965908120992709
1744,0.9989154785799278,5.851170045753579e-06,7.350528261877115e-05,0.0010051649674076874
1745,0.002155209794840423,1.992103685946601e-05,0.00017159451366301898,0.9976532746546373
1746,0.054379440311211835,0.011595880051401051,0.019274325902444014,0.9147503537349431
1747,0.9527342087082469,0.00022238248756350425,0.00012108580278562819,0.04692232300140424
1748,0.05519556106857573,0.006349841818897937,0.020160321202109078,0.9182942759104173
1749,1.2537580975761985e-06,0.9983551146071721,0.0016082551869664888,3.5376447763882424e-05
1750,0.05471647552582595,0.012435967154706162,0.021883985732887103,0.9109635715865809
1751,0.9412386818922905,0.0004702790680752715,0.034703595645420186,0.02358744339421378
1752,1.72866112198762e-06,8.861904271736804e-07,1.8065928710215568e-06,0.9999955785555799
1753,2.779561113192731e-06,5.55306407581117e-06,0.9987836674198796,0.0012079999549314598
1754,0.9990606000334216,5.310364999549258e-07,0.0002819317865795395,0.0006569371434990135
1755,0.0008118164174121545,7.097009779873322e-07,0.9976451581884874,0.0015423156931223497
1756,0.0014897036681083523,0.00035971832733316386,0.019850033665502986,0.9783005443390557
1757,0.9946913374999706,3.216504460439335e-05,8.937132354640322e-05,0.005187126131878672
1758,0.9512217841397962,0.0008426751646039548,0.0010102176011194145,0.046925323094480526
1759,0.00013796147692057148,0.9822903494414954,0.017501119321133067,7.05697604509071e-05
1760,5.7387559465739787e-11,6.818167394356635e-11,0.9999917357365001,8.264137930805884e-06
1761,0.9983437852717275,3.304770327127823e-05,0.0013032763207373895,0.00031989070426394797
1762,3.572975474217969e-08,3.463180676676192e-08,0.9997865506756892,0.00021337896274925859
1763,2.2606119936577617e-05,0.9933526846482901,0.005878398465843412,0.0007463107659301237
1764,0.9876985627979706,4.325812449851787e-05,0.003069677931598326,0.009188501145932514
1765,0.9528401324593703,1.620820582350827e-05,0.00016611609968043915,0.04697754323512568
1766,0.0011454482976230558,0.9772787775269686,0.01813848580886282,0.003437288366545392
1767,9.644708856471849e-05,0.4567876716427733,0.5429178994071053,0.00019798186155641986
1768,1.1270950697018278e-07,5.75419516880343e-08,9.270353013323062e-08,0.9999997370450112
1769,0.00034183975742435444,0.0002154440075825114,0.9796557426944651,0.01978697354052799
1770,0.0005196469538998164,0.9322560774511903,0.06437452480725608,0.002849750787653744
1771,0.00010788180583111712,0.005622735668121589,0.9933043165756901,0.0009650659503573646
1772,0.9426051399453836,0.0158183592556153,0.019376082538503273,0.022200418260497692
1773,0.005228270599109032,4.999194397390648e-05,0.9884495925450127,0.006272144911904171
1774,0.021923036947730096,0.00030224136431992977,0.9123753674323862,0.06539935425556388
1775,0.9997245791054368,2.1763872671744092e-07,0.0001453960725469902,0.00012980718328947066
1776,0.0029945232007519136,0.9403570657329645,0.05616468585804227,0.0004837252082412325
1777,0.0025041622320103917,0.9917438744688695,0.004988542853910366,0.000763420445209513
1778,1.7909610316171472e-09,0.9999361614004286,5.776175205309849e-05,6.075056557174187e-06
1779,3.8729994056028716e-08,1.7551363072890774e-08,0.9998736572467996,0.0001262864718432632
1780,4.593798379913153e-05,0.9899877124175466,0.00984504364636296,0.00012130595229136786
1781,5.67450980410279e-08,3.6148391183224955e-08,0.9997599514675017,0.00023995563900911895
1782,2.5744318140041124e-10,0.999985677365197,1.5394890746620852e-06,1.2782888285148229e-05
1783,0.9516722374013864,0.0010529639442720309,0.0003356507118036432,0.04693914794253792
1784,1.9649195150247382e-06,0.9977211829705924,0.0019529027526861745,0.0003239493572061784
1785,0.020562714204177535,0.0002691039178588762,0.955356120290931,0.023812061587032952
1786,0.05264965796844218,0.0002860838456340129,0.0005703208541926279,0.946493937331731
1787,2.8810046331951875e-07,1.7352868111828034e-07,3.2795412875529204e-07,0.9999992104167269
1788,5.7145814739959295e-08,5.310906813309782e-08,0.9998076623712837,0.0001922273738333965
1789,2.2381325426378497e-07,4.263958739979615e-07,0.9999255783955118,7.377139536003988e-05
1790,1.3056336474273978e-06,0.9982928490170564,0.0016623376150917588,4.3507734204379966e-05
1791,4.1735316667194866e-05,0.004382095014391515,0.9938801021421207,0.0016960675268203717
1792,8.995616990024224e-06,0.06886912753846432,0.9309730968616433,0.00014877998290235267
1793,0.9914163664989668,5.2296456177652316e-05,7.649475013938272e-05,0.008454842294716243
1794,0.9975951245052231,0.0015334396519186807,0.0006524131352535477,0.00021902270760460632
1795,0.00642094164385384,3.484629157634382e-05,0.00025090568070859794,0.993293306383861
1796,4.326975251882792e-09,3.349302160951739e-09,0.9999333342903041,6.665803341862564e-05
1797,0.00015873368961808262,0.9349630443269087,0.06461050464976177,0.000267717333711412
1798,0.04629890254044353,0.0017096651245867118,0.007829175954515858,0.9441622563804538
1799,0.005797669417015408,6.553445118037067e-05,0.0011778481356758516,0.9929589479961283
1800,0.9706832457330236,0.00020553633393666308,0.022815562990515625,0.0062956549425241025
1801,0.9852072879946318,6.0408336933338965e-05,0.013678646847132193,0.0010536568213026904
1802,0.9955715118195632,4.8713003412762524e-05,0.0024658945669435188,0.0019138806100802658
1803,0.0011126793219702496,0.00013351246651335788,0.002814827441664496,0.995938980769852
1804,0.9596613717784267,0.00578399806777193,0.030126988304280677,0.0044276418495203945
1805,0.9800291791222699,0.00010732280522285522,0.002025198275695007,0.017838299796812385
1806,0.9357720398317386,0.005475061609513269,0.011491469674038352,0.047261428884709474
1807,0.0002747622929999281,0.973310489853623,0.025083045918277952,0.0013317019350989048
1808,1.1900536883741616e-07,0.9995158806203117,0.0004618302601984916,2.2170114120957035e-05
1809,0.003167950181609937,0.9847000905888176,0.0030975104420832207,0.009034448787489005
1810,4.604290549915384e-07,0.9993979697269822,2.2471015279838755e-06,0.0005993227424350637
1811,3.122438507309223e-05,0.9907505670550116,0.0075263569654042215,0.0016918515945113027
1812,0.9989026254794007,0.0001371019700015536,0.0003896772272086526,0.0005705953233887651
1813,0.05352801201775035,0.005622620355855609,0.019525453904330584,0.9213239137220635
1814,0.0012086208553427373,2.1043429802081956e-06,0.9897267387719659,0.009062536029711124
1815,0.0007379486178835953,9.90659749429492e-05,0.004387603636931109,0.9947753817702424
1816,0.0026678198930924543,0.000183320331992307,0.0007241573009947455,0.9964247024739203
1817,1.7998804539174817e-05,0.9575894188471027,0.042214762487334995,0.00017781986102292664
1818,5.216189428340619e-06,0.9970102660983838,0.0029034956133170177,8.102209887094595e-05
1819,0.001262044000578599,0.00023544143658810237,0.9968729035270538,0.0016296110357795783
1820,0.9933872176342902,0.0021841456273723244,0.0020400374254026027,0.002388599312934961
1821,0.00960185939371961,1.985299121675813e-05,0.016320219606463304,0.9740580680086001
1822,5.668163390291779e-05,0.06874858039281899,0.9305466984684055,0.000648039504872499
1823,0.0002034586763537069,0.9809739593718723,0.018634173419979007,0.000188408531795022
1824,0.037870473829916616,0.0004331896280662446,0.900450850444106,0.06124548609791129
1825,7.85715786413502e-05,0.9895200135342088,0.0032840606456051055,0.007117354241544831
1826,0.0019401336400569262,0.986241889691961,0.0026058477460961806,0.009212128921885894
1827,0.004175796968494617,1.4700304891668995e-05,0.0028679418005023603,0.9929415609261112
1828,0.007080491897966283,5.00706740978118e-05,0.059799009140900215,0.9330704282870359
1829,3.288641707223951e-09,0.9999482105322187,5.058721569181677e-06,4.67274575702627e-05
1830,0.9996395206622759,3.663581841180569e-07,1.8100686050693857e-05,0.0003420122934892869
1831,0.002946850568562033,0.0005022611911557647,0.059751437842901246,0.9367994503973807
1832,3.357833213053963e-08,0.9997350084970711,0.0002539804609704927,1.0977463626351828e-05
1833,2.731401628879124e-09,0.9999307396124537,3.410026560089104e-05,3.5157390543594984e-05
1834,0.9876034895535016,6.126578220209124e-05,0.00014211194802805232,0.012193132716268254
1835,3.510102909745201e-08,0.9996929055452379,0.00024159785387611033,6.546149985694279e-05
1836,0.003001796199955527,0.00034191814887422727,2.3002829866090384e-05,0.9966332828213039
1837,1.4580413148221772e-10,0.9999893677301124,1.8538609573729684e-06,8.778263126157291e-06
1838,2.6700473282743432e-05,0.9927457814676419,0.00717958014160369,4.793791747180337e-05
1839,0.9758599847090582,0.0008809112300486875,0.014281748643064408,0.0089773554178288
1840,0.9790885656901012,0.010524218015612019,0.004416399523811724,0.005970816770475323
1841,0.005009356288919038,1.6221030972625925e-05,0.9935490990757072,0.001425323604400934
1842,5.345352377530684e-05,0.9893265822991942,0.009947488203922755,0.0006724759731076204
1843,6.63368071394289e-08,0.9997850748234816,2.673116568421774e-05,0.00018812767402734754
1844,0.0006271510027242157,0.000137257841950654,0.8573541064817048,0.14188148467362025
1845,8.858773297386607e-08,0.9995175068009303,0.00036950502594487863,0.00011289958539192758
1846,4.8582091089657086e-11,0.9999890322109463,8.259452159246053e-06,2.7082883123295872e-06
1847,0.053626638355403905,0.009975809224819518,0.013948781017528064,0.9224487714022483
1848,2.9419954821503794e-11,0.999992658108419,3.604974881652702e-06,3.736887279452652e-06
1849,2.894492769436439e-09,0.9999588808788296,9.040590041770797e-06,3.2075636636026605e-05
1850,0.997744455530164,0.0009000405458326526,0.0004988327440367035,0.0008566711799666547
1851,0.9947009613373409,6.560661854589232e-05,0.0006529448556396865,0.004580487188473858
1852,1.1403632277212545e-08,0.9998354168276226,0.00013671761423678588,2.7854154508424523e-05
1853,0.05425588419185588,0.008561450804512191,0.016275927147323767,0.9209067378563082
1854,2.3108672416361547e-07,0.9994578972659403,6.111348278571223e-05,0.00048075816454982274
1855,0.054215080780672636,0.01088463804452652,0.01782435187409488,0.9170759293007058
1856,0.00017937955534589274,0.021009702561943233,0.9786285063999374,0.00018241148277350333
1857,0.00042461753339552763,2.0990451713332362e-05,0.05998639373635858,0.9395679982785327
1858,1.7154879513495582e-07,1.0390388377347147e-07,0.9995960012426475,0.0004037233046735569
1859,8.657244714975147e-06,1.0541650830377036e-05,0.9972783991398296,0.0027024019646249933
1860,7.745722035204309e-13,0.9999989414805462,4.5785390748542566e-07,6.006647716768591e-07
1861,0.9748562967028295,0.00019165877785327042,0.0004242598111060411,0.024527784708211115
1862,0.04468313479483742,0.021788586042946353,0.8777208246000874,0.05580745456212898
1863,1.7438061576008518e-05,0.9391711791434779,0.06001182836900636,0.0007995544259397455
1864,0.05305970013708492,0.009489392771765933,0.010155574830070837,0.9272953322610784
1865,0.006139857083740593,0.001023694549461093,0.0001024341349505861,0.9927340142318476
1866,7.47991010586339e-05,0.014264056938486182,0.9851786911434373,0.00048245281701777507
1867,0.04717896475690384,0.057015656614989155,0.8529217616216348,0.04288361700647209
1868,0.05262359547237743,0.0006865322553891332,0.0002116053081951363,0.9464782669640384
1869,0.9481718963928659,0.001357144469858725,0.0035991694001324954,0.046871789737142705
1870,4.3796919607933643e-11,0.9999922235867716,2.7566045612130406e-06,5.019764869961775e-06
1871,0.952764903851789,0.0001966175994294878,8.766126416542173e-05,0.0469508172846163
1872,0.9887760531662785,0.00012199921093949917,0.008096693866602847,0.003005253756179146
1873,2.251100770756646e-06,0.9611463647139818,0.03835331830933629,0.0004980658759109406
1874,6.189327769567577e-08,0.9998000303197803,2.337861699355029e-05,0.00017652916994851428
1875,8.06457882090919e-07,0.9988210714157056,0.0005415511422590282,0.0006365709841531991
1876,8.595856609070664e-07,1.8286857207661693e-06,0.9998327575668787,0.0001645541617395028
1877,5.010026577693564e-08,3.075363313789151e-08,0.9998637880153012,0.00013613113079998253
1878,1.178409681775111e-07,0.9994787704102447,0.0004877082516029887,3.3403497184177324e-05
1879,4.15593704750291e-11,0.999991212500837,6.02248066466935e-06,2.7649769391694787e-06
1880,0.027182583305973177,0.00031642307489467605,0.009632105711570133,0.9628688879075621
1881,1.8350185470840186e-05,0.9936371318684548,0.00614873850388935,0.00019577944218488402
1882,0.00021007002010712075,0.9777093330641914,0.021717053873345445,0.00036354304235591107
1883,0.029490412027667962,0.00019543076285698035,0.9525867079489201,0.01772744926055506
1884,9.636650780255807e-08,0.9995581770083425,0.0003402337016932859,0.00010149292345633097
1885,0.9946771950300598,5.725466221004459e-05,0.0019504151881777972,0.003315135119552552
1886,1.774520882250471e-10,0.9999906458136222,1.0003565917470439e-07,9.253973266340551e-06
1887,0.00016486299270292962,0.9824407364452246,0.01702967692118806,0.0003647236408843295
1888,1.2026987002393288e-05,0.9948835300087002,0.005074093057212445,3.0349947084829046e-05
1889,1.2883301981103456e-10,0.9999827026621915,1.601661852382336e-05,1.2805904515381567e-06
1890,2.844246797784635e-06,3.018129146145987e-06,0.9980587377539865,0.001935399870069536
1891,1.81857226944763e-09,2.7451841645956084e-09,0.9999661286394567,3.386679678692002e-05
1892,0.00019216798344944523,1.7314473876797388e-05,0.004283775051571131,0.9955067424911028
1893,4.6551798822345954e-08,0.9996774665722736,0.0003111018715948055,1.1385004332896621e-05
1894,0.9819133571134127,0.0004001036654028394,0.0025346120527845605,0.015151927168399892
1895,1.5563691670685845e-09,0.9999365645313913,5.175074639045314e-05,1.1683165849030445e-05
1896,1.467820643460968e-07,0.9994542587510115,0.0005406739158797709,4.920551044392719e-06
1897,0.00026374055222362327,0.9337564809412385,0.06450729000524381,0.0014724885012939077
1898,7.40435691662209e-08,1.0945041876898827e-07,0.9996974244667363,0.0003023920392757808
1899,3.3325999877305427e-09,0.9999258595814376,7.226181872561364e-05,1.8752672368358814e-06
1900,2.4833200942245883e-05,0.9908922645831012,0.0016035566746678811,0.007479345541288922
1901,0.002564197575367124,0.004527322806673218,0.9810829877154245,0.01182549190253519
1902,0.9520781014653004,0.0002250511593336315,0.0008114669486897695,0.04688538042667616
1903,2.784913639841074e-11,0.9999942701437714,2.081565249587257e-06,3.64826312992608e-06
1904,0.0013323058190535951,3.703010000097084e-05,0.00045987745881033865,0.9981707866221349
1905,2.462832037006345e-07,0.9992735346661745,0.0007056696917456679,2.0549358876304985e-05
1906,7.265328295812112e-06,4.396463659315024e-06,0.9973554045848605,0.002632933623184262
1907,3.4026979081610735e-07,4.796729095649709e-07,0.9993185237742239,0.0006806562830756811
1908,3.675652834592896e-10,0.9999690416372689,2.430745438127603e-05,6.650540784538012e-06
1909,6.044280092935938e-09,0.9999328704356939,1.4082833822961428e-05,5.3040686202986855e-05
1910,3.905782041541463e-06,0.9971453368133428,0.002658650412893516,0.00019210699172210677
1911,0.0017176948017810507,3.4714107099612034e-06,0.9943332886869085,0.003945545100600545
1912,0.003897632290226884,0.00014878856213889312,0.0019296599546193935,0.9940239191930148
1913,0.004728416716799626,0.9845643585219493,0.0018950022834675745,0.008812222477783524
1914,0.007279360938215361,0.945733091656644,0.032136123284912145,0.014851424120228674
1915,0.9039861192641861,0.003638405663973994,0.07021325608770788,0.02216221898413219
1916,4.9385314008505285e-09,0.9999082779232148,3.492810889837147e-05,5.67890293553558e-05
1917,2.553593814856123e-08,0.999763276613504,0.00014318906660179241,9.350878395627028e-05
1918,6.203843119245907e-07,0.9995480823085698,7.9829447293895e-05,0.00037146785982430263
1919,1.8328472292040828e-07,0.9994281108310814,0.0005119595721612348,5.974631203444893e-05
1920,0.033481278136616784,0.003081209902732225,0.000790419095217578,0.9626470928654332
1921,0.9968462392468063,5.864195013533459e-05,0.0019676125631620366,0.0011275062398963857
1922,0.0015136029553140438,0.00019517128061438961,0.059903897007740264,0.9383873287563315
1923,0.00015995324599360665,0.9807860929957078,0.019008181614287703,4.5772144010886646e-05
1924,7.627739154625736e-07,0.9986556704962074,0.0012702253987525633,7.334133112453995e-05
1925,0.9824247377635623,0.010351439547130623,0.0036708198832192496,0.003553002806087802
1926,0.0005824313403612441,8.341397591609416e-05,0.015910992951239124,0.9834231617324836
1927,0.0014606537723073703,1.5102574000109835e-06,0.9873005003819965,0.011237335588296125
1928,3.444725659724003e-11,0.9999955415009806,9.993820697032197e-08,4.358526365188003e-06
1929,0.9807030186492933,0.00012329148080624183,0.018279505324036535,0.0008941845458638026
1930,0.03892899567040073,9.176042219164007e-06,0.9482143641075401,0.012847464179839896
1931,0.03247894128767809,0.06417893011278392,0.8455881840591312,0.0577539445404067
1932,0.001757658094497694,0.992854419119866,0.004355349033417424,0.0010325737522187523
1933,4.373708196140388e-12,0.9999983560137532,1.754558104761304e-07,1.4685260624774757e-06
1934,1.782234414482994e-11,0.9999934477856691,4.743069307452333e-06,1.8091272011952443e-06
1935,0.0008752680817925322,0.9955276775137195,0.0011386116826023374,0.002458442721885711
1936,2.660919441226697e-07,0.9992970180449409,0.0006808758203503137,2.1840042764743194e-05
1937,0.9984736098336878,5.962559141686367e-06,7.206326894142709e-05,0.001448364338229075
1938,7.70934719189972e-05,0.0027905573490749694,0.9960484012984111,0.0010839478805949926
1939,0.9905135336468951,0.00022928522276733862,0.008894665254562133,0.00036251587577546495
1940,1.1509114178954657e-06,0.9986664879588859,0.0005867639429613697,0.0007455971867349823
1941,0.013801180808528438,4.734596179220918e-06,0.9827448202850108,0.003449264310281659
1942,0.001179623629559534,0.0005266694186692519,0.9889879786079102,0.009305728343861031
1943,1.2360954557121445e-05,0.9948797190244675,0.004762429124123453,0.000345490896851862
1944,0.0388458639108401,0.00019869980400421018,0.9007107854549502,0.06024465083020539
1945,0.00031118014707145927,0.0001872437126911104,0.9803541505951494,0.019147425545087943
1946,0.0009742688193632795,0.9235337440623542,0.0620100916345564,0.01348189548372597
1947,0.002369672647350788,2.235741182864676e-05,0.01971050623449187,0.977897463706329
1948,1.6451027937421115e-08,0.999914184517404,3.7487591281903105e-06,8.205027243976129e-05
1949,0.05255291732776854,0.0006659176166590371,0.0006674014396978306,0.9461137636158747
1950,0.0024781430325074134,0.9950387434962175,0.000620533092378031,0.0018625803788970233
1951,3.59725539810417e-05,0.9386678694133701,0.061228009753094864,6.814827955391776e-05
1952,1.0211620503015465e-09,0.9999728013968896,2.040637334162709e-07,2.6993518214825727e-05
1953,0.042916742109200094,0.06455660897265621,0.8597733216817666,0.03275332723637733
1954,1.4897729240752546e-06,7.832997931578792e-07,9.595221905548497e-07,0.9999967674050921
1955,1.864693896273541e-13,0.999999603283802,9.985038986431935e-08,2.9686562177627386e-07
1956,0.000743512667354922,3.922035295099874e-06,0.9902279807389386,0.009024584558411115
1957,0.0022004592762568174,2.248660038816832e-05,0.5366116884988966,0.4611653656244582
1958,0.05465136832880363,0.0062882535242646,0.017935656270387495,0.9211247218765446
1959,0.002785672920715457,0.00015949376543867308,0.8521046778559423,0.1449501554579035
1960,1.0669370992542954e-10,0.999989989835651,2.2933106583931377e-06,7.716746997072904e-06
1961,2.875534113377012e-08,1.78026242866464e-08,0.9998228986414789,0.00017705480055551725
1962,0.00021877773055052152,0.9302950286841395,0.06443113210483634,0.005055061480473802
1963,0.0019476556379002155,0.0005899007343893834,0.03395547233999202,0.9635069712877185
1964,0.9663257931162484,0.000877502563342043,0.000738237601257423,0.03205846671915208
1965,4.7821145844422304e-08,0.9997030561364267,0.0002783826546667252,1.851338776075116e-05
1966,0.01896139307243574,0.005852778280415733,0.01987316459077096,0.9553126640563775
1967,1.5935259916896413e-10,0.9999943650192437,7.766965694013325e-07,4.858124834339569e-06
1968,0.0007728704984596269,0.0004220228885911066,0.03709031502248275,0.9617147915904665
1969,0.042617088190243166,0.009192170591452572,0.016010984705161217,0.9321797565131429
1970,7.492132475719547e-09,0.9998602235772117,0.00011721128015717175,2.2557650498820063e-05
1971,9.823429551522224e-07,0.9984171160318648,0.001405725379668361,0.0001761762455116108
1972,2.358025430587112e-11,0.9999960620992431,5.66614192534298e-07,3.3712629841721554e-06
1973,0.9984854344462096,0.00015855796796968252,0.0006276518460229137,0.0007283557397975687
1974,0.9719444403088388,0.00017425092482143298,0.02081133690846933,0.007069971857870404
1975,0.9528564799174246,0.0001497949614738461,3.785878153318049e-05,0.04695586633956859
1976,0.9845527303248656,5.315437620817922e-05,0.01172636851586697,0.003667746783059279
1977,1.619024501135547e-10,0.9999907421143303,6.267986845278473e-07,8.630925082807299e-06
1978,0.002345524991862022,0.06848692453359342,0.9268495276748516,0.002318022799693035
1979,0.01759160109709116,0.020244195212547517,0.10722391121049178,0.8549402924798695
1980,0.0355311038909908,0.0001584168173185036,0.0017672856029878363,0.9625431936887028
1981,0.010328058278843835,0.003629215680300727,0.008396111656522594,0.9776466143843326
1982,0.0008804637528136662,3.2817540367963186e-05,0.9860941165822328,0.012992602124585598
1983,5.609626115820932e-07,1.1826594855256521e-06,0.9999294581733154,6.879820458743494e-05
1984,3.2988101665266395e-07,1.9904740716084673e-07,0.9994156554292198,0.0005838156423563077
1985,0.05508695492683756,0.009437148385893058,0.02052199508284835,0.9149539016044211
1986,1.3490898122919553e-06,0.9982929720885171,0.001693853651209342,1.182517046145797e-05
1987,7.786820571938414e-06,0.9548155072583732,0.04510460900642128,7.209691463347644e-05
1988,0.0017715693294115319,0.0003071841972981633,0.03189908948750408,0.9660221569857862
1989,0.9972989656555555,2.0316642607464853e-05,0.0009326126507542751,0.0017481050510825774
1990,7.809797111608745e-07,0.9989805122588543,0.0006583473807299245,0.00036035938070444663
1991,7.841186564805202e-07,0.9991008597228022,0.000320515073833157,0.0005778410847083025
1992,1.9839888839094064e-09,0.9999401202315995,3.079199396945108e-05,2.908579044225407e-05
1993,9.466637212465418e-05,0.014000581019362874,0.9858095401623322,9.521244618033176e-05
1994,3.1351041622443998e-12,0.9999973155199929,2.2308828501319753e-06,4.535940220186009e-07
1995,1.4078978562258187e-08,2.959882053629124e-08,0.999900698127183,9.925819501790248e-05
1996,3.648809902259688e-06,0.9506900284472114,0.04921288130156718,9.344144131914975e-05
1997,0.05502439071113575,0.008857118137445255,0.019987127175944374,0.9161313639754747
1998,0.931520611958422,0.00881749821950114,0.012216061697240328,0.04744582812483677
1999,1.5244431273358532e-08,0.9998170270886321,0.0001737536104704923,9.204056466357267e-06
2000,1.561754406104326e-08,3.111022354398535e-08,0.9999864213387502,1.353193348211886e-05
2001,1.8430088920772878e-08,0.9997951266685207,0.0001881368845988719,1.6718016791594626e-05
2002,0.052744967482329534,0.003450983798967916,0.006161253196705293,0.9376427955219973
2003,3.137977651540661e-07,0.9991920976496594,0.0007978351770245709,9.75337555093758e-06
2004,0.0005346851259564699,0.0027011583272338164,0.0596180711485416,0.9371460853982679
2005,1.7411939669010327e-07,0.9995326180474662,1.8751141014270638e-05,0.0004484566921226999
2006,3.212461280498985e-06,0.9970983001766057,0.0021493337655848627,0.0007491535965289849
2007,0.0002966708324895901,0.9607137370986389,0.03873375859560775,0.00025583347326329364
2008,0.9491573180058722,0.002297970542895587,0.0017388421014025842,0.04680586934982945
2009,0.9437728964438493,0.006540276065160435,0.034752630062985526,0.01493419742800495
2010,0.951528678229161,0.0002233902678047969,0.0013094992713706712,0.04693843223166327
2011,0.006440382470549284,0.00021657295636672735,0.00028415953290617153,0.993058885040178
2012,1.798960817716895e-07,3.2493240191347195e-07,0.9996089380853307,0.00039055708618564134
2013,3.1672842652091676e-09,0.9999174594909663,8.159716557367036e-05,9.401761757558296e-07
2014,3.4603935198438767e-11,0.9999950683088614,6.063929570116168e-07,4.325263577735155e-06
2015,0.9546082605949401,0.011188548977229294,0.011550880591152267,0.02265230983667826
2016,0.9944751418117609,3.777605599556706e-05,0.005000146427197924,0.0004869357050455608
2017,0.0004138207662650984,0.9334910954048774,0.06452600265896025,0.001569081169897229
2018,7.039052911078445e-07,5.237466396126025e-07,0.9991993302869833,0.0007994420610860726
2019,0.054668873968554924,0.012433554550930741,0.021884171452544218,0.9110134000279699
2020,0.04735979409852412,0.008695266795700676,0.020781667209080274,0.9231632718966948
2021,0.9697085398432105,0.0004579194476707035,0.00046509583836466063,0.029368444870754233
2022,0.052675220326337334,0.002107602869859862,0.005528268770015119,0.9396889080337875
2023,0.052746990422929955,0.006567559846412729,0.008673801654959986,0.9320116480756975
2024,0.0051092663950193405,1.606349138130065e-05,0.0007825059838119337,0.9940921641297871
2025,1.7200400824511275e-05,0.9352389058295745,0.06464372207323824,0.0001001716963627138
2026,0.0006466805284558087,0.9900683853026994,0.0015283899718897985,0.007756544196955183
2027,3.2360733690883066e-09,6.007078545302104e-09,0.9999800962057827,1.989455106529009e-05
2028,1.1250597868059777e-05,0.9352487309629024,0.06466188007176532,7.81383674643584e-05
2029,1.0313041225857202e-13,0.9999996800340347,9.99825823964337e-08,2.1998327972270587e-07
2030,0.003155556370657077,0.9945690768909501,0.001297695807292182,0.000977670931100619
2031,2.883944455628937e-07,0.9991697246308814,0.0006742797801818104,0.00015570719449107016
2032,0.0014762691143042055,3.7751884420825826e-05,0.9063928718837756,0.09209310711749925
2033,0.0416482199457028,0.022388077484431272,0.912393206116118,0.023570496453747886
2034,1.839055462423934e-08,2.892965335553213e-08,0.9999092107031194,9.074197667270017e-05
2035,0.999488515311486,1.4462182361137584e-07,0.0003132223366468705,0.00019811773004372376
2036,0.9480249061598944,0.0009106263417157677,0.004197327925172828,0.046867139573216955
2037,5.311163289835813e-08,0.999761217441018,2.4622134166071925e-05,0.00021410731318289534
2038,4.237823876762948e-06,2.57004903421685e-06,0.9977913121670574,0.0022018799600316778
2039,0.0014013822689481772,0.0022307092028867334,4.2470386054470996e-05,0.9963254381421107
2040,0.004238085625279206,0.9302263676613504,0.06347892703208081,0.0020566196812895916
2041,1.1519874503937265e-09,0.9999454101125608,4.436804381784288e-05,1.0220691633797772e-05
2042,4.735032684314901e-07,1.918190357958664e-07,0.9999203149855626,7.901969213326345e-05
2043,0.9486523030485459,0.0026965596708957177,0.001826478503937084,0.04682465877662133
2044,3.2710609270095316e-11,0.999990737790659,6.889705684670671e-06,2.372470945889446e-06
2045,0.00469339324321974,2.494283554158436e-05,0.9942036361891066,0.0010780277321321829
2046,7.285849049354621e-10,0.9999580561514089,3.700959427386595e-05,4.933525732313737e-06
2047,0.002117413205528183,0.06861063897139637,0.9279074056265869,0.0013645421964888342
2048,1.0532568618364959e-05,0.9539983584099115,0.04597244748163814,1.866153983221534e-05
2049,0.002861195237413899,4.2601326418810277e-05,0.0010260778321347565,0.9960701256040324
2050,4.1092097349878313e-05,0.9903534098563722,0.008472405420726446,0.0011330926255514592
2051,8.273623858775458e-05,0.06885678809330971,0.9305213200443745,0.0005391556237283121
2052,0.9765894693713835,1.9546965963165507e-05,0.014697752835294241,0.008693230827359273
2053,0.0007515290908516595,0.9606100259276621,0.035597248729410794,0.003041196252075337
2054,0.01653374123747579,0.00015494479902306262,0.00029792742493263733,0.9830133865385688
2055,0.9512015408641057,0.0007803499387910392,0.001134686270671084,0.04688342292643224
2056,0.94596331852482,0.0014042981224040285,0.00586656536437119,0.04676581798840473
2057,9.892702279886024e-05,0.8713466381855387,0.1281671756120451,0.0003872591796172133
2058,1.3331061710289072e-08,0.9998829560948376,1.7376128314380715e-05,9.96544457865177e-05
2059,1.1502949510895496e-06,5.619361415580096e-07,0.9991857138560927,0.000812573912814808
2060,0.0024721544167907172,0.9705275434796297,0.020128712265754467,0.006871589837825066
2061,1.0311587651268085e-06,6.133311239592887e-07,1.167468019790667e-06,0.9999971880420911
2062,0.00012178975509080173,6.941646484603215e-05,0.008064476867833714,0.9917443169122296
2063,1.6259256294967524e-07,1.0987581848564737e-07,0.9998138813677815,0.00018584616383705624
2064,4.42464768176867e-07,0.9990266357546485,0.000954934678780166,1.798710180328529e-05
2065,1.1028258809741715e-10,1.5812252215241125e-10,0.9999883166080439,1.1683123550895576e-05
2066,0.9507174771176495,6.211583830764805e-05,0.0022885478990448873,0.04693185914499814
2067,9.532437852788053e-05,0.9853853683761151,0.014506405217880432,1.2902027476551966e-05
2068,0.05263598436509774,0.00027786624341101914,0.0004281447239361744,0.946658004667555
2069,0.9473521899508939,0.00012169508050901834,0.005681633948469452,0.04684448102012778
2070,0.0016660412849185567,0.99029771401304,0.001313841559438559,0.006722403142602955
2071,0.9927658973227291,0.005308414498203872,0.0012101161690042468,0.0007155720100630241
2072,0.0010045401674682738,0.00038831214086443283,0.013428848129381697,0.9851782995622855
2073,0.9981106138415169,1.2232597669457166e-05,0.000364173499747721,0.0015129800610659385
2074,0.020592409072926948,0.00023826125745905977,0.9706574946473601,0.00851183502225397
2075,6.804764036984647e-07,1.3159339969084444e-06,0.9996940098579904,0.00030399373160899394
2076,2.5623980569495667e-06,0.9616972675580285,0.037508426946157934,0.0007917430977564024
2077,0.0014610169390908267,0.00014023485844868536,0.9334156559007734,0.06498309230168693
2078,0.00019568307490424287,0.9785518367544028,0.02113140686339319,0.00012107330729983677
2079,1.4130060159562119e-06,0.9999529931498444,1.2308963049233875e-05,3.32848810903158e-05
2080,0.002523475739867847,0.99259537940569,0.002543742128073456,0.002337402726369008
2081,1.8168668074814864e-10,0.9999867081184193,1.0072591621085151e-05,3.2191082730726437e-06
2082,0.0387139568244364,0.003279775149149934,0.0020699888136624022,0.9559362792127514
2083,0.9390908428817251,0.005578526406853484,0.00845480388962929,0.046875826821792435
2084,0.05129628967897708,0.007588615990908108,0.019117034798416564,0.9219980595316984
2085,0.01977471072556984,0.0031405556502589155,0.0034011201880663065,0.973683613436105
2086,2.314638700166575e-06,0.002206106094590908,0.9977600007712358,3.157849547339231e-05
2087,0.0009316097717854331,3.865259976791962e-06,0.9982904434914283,0.0007740814768093956
2088,3.426741455261082e-08,7.081614960777877e-08,0.9998883248017586,0.00011157011467708573
2089,0.05421542252676255,0.008257106731621125,0.01592289337630685,0.9216045773653095
2090,8.660728614030125e-09,6.303152799234553e-09,0.9999019774387736,9.800759734500544e-05
2091,0.9361251415128997,0.0018731894294588252,0.015224857915244281,0.04677681114239715
2092,1.0474887966810229e-09,0.9999528150577367,3.971055058290888e-05,7.473344191699107e-06
2093,0.03143538788930563,0.00045704635134759475,0.017087789799037825,0.951019775960309
2094,0.987115366518908,8.876134212872333e-05,0.0026060725978876696,0.010189799541075545
2095,0.004483309644668718,1.4848492375932024e-05,0.976373374283037,0.019128467579918287
2096,4.654399934325901e-08,0.9996634307527352,0.00030755242135926096,2.897028190613431e-05
2097,1.177987659678175e-11,0.999996949046106,8.846070170337759e-08,2.962481412319799e-06
2098,0.0006496925172975358,0.9976514675930005,0.0004014890150594487,0.001297350874642566
2099,0.9983642121636802,1.3316894949277936e-06,4.258576328101154e-05,0.0015918703835438128
2100,0.029757753624090662,0.0001803308745990727,0.006671019372909516,0.9633908961284007
2101,0.0013650962313527472,0.00024250123312356115,0.9976508488084823,0.0007415537270415004
2102,0.029358035962857486,0.002231251206623176,0.9614982456897732,0.006912467140746258
2103,6.680451526842027e-07,4.405639463960739e-07,7.770519796410988e-07,0.9999981143389213
2104,0.026562330930421547,0.00012361349212499276,0.9717156544524969,0.0015984011249563133
2105,0.998685284309619,9.891602801383062e-07,0.0002360314483554434,0.0010776950817454856
2106,7.980591144837801e-07,0.9986840365844287,0.001295691327673798,1.9474028782902247e-05
2107,0.05246846484655389,0.001558748564923205,0.0012413129738526845,0.9447314736146702
2108,0.00014985448021196226,0.9815919574289214,0.016678413335079443,0.0015797747557870687
2109,9.659284015606603e-08,0.9995609199631358,0.0004293463482524656,9.637095771629365e-06
2110,7.390039604404365e-07,1.1988896887972737e-06,0.9998874647223347,0.00011059738401619102
2111,1.4051278114973884e-06,2.8810345816701797e-06,0.9993635543870725,0.0006321594505344817
2112,1.8543161044211047e-07,0.9993554525482263,0.0006269308340036596,1.7431186159637405e-05
2113,2.433855587503644e-10,0.9999747824456334,1.8791560925780362e-05,6.425750055056087e-06
2114,7.854322258445202e-07,0.9996856071438248,7.604028792799292e-06,0.00030600339515662574
2115,1.4703182937954634e-05,0.9942912499454657,0.005479227612662125,0.00021481925893409722
2116,8.345616220671358e-09,5.184271220547849e-09,0.9999217615570719,7.822491304081974e-05
2117,0.9317937241787493,0.007161652077291528,0.013623619957244794,0.04742100378671414
2118,5.206046257994104e-09,3.46023966043762e-09,0.9999837428169928,1.6248516721228682e-05
2119,0.05260009284492748,0.0011352041238303662,0.00036038167191367173,0.9459043213593282
2120,0.0008122812850917007,0.9880141703089337,0.007539204659546504,0.00363434374642794
2121,1.1593467250031227e-08,7.50379297618427e-09,0.999891741000803,0.0001082399019366224
2122,6.9330051422580975e-06,6.311899488101014e-06,0.9984078558287204,0.0015788992666492402
2123,7.857080484747126e-05,0.9868381721771636,0.01306726920887933,1.5987809109523187e-05
2124,0.9991594800079695,1.2748907867434305e-05,0.000294287249256275,0.0005334838349068201
2125,8.166015962729784e-08,9.259006234561399e-08,0.9998807551150372,0.00011907063474078716
2126,0.054330843029857114,0.013396670563127759,0.022145712138991355,0.9101267742680236
2127,6.838259742369359e-06,0.9961402568073234,0.0021904430365828845,0.0016624618963514048
2128,0.03946691309686469,0.0124271338715196,0.8876338729052342,0.060472080126381667
2129,6.4440323251435195e-06,0.9966590161531995,4.416769756221325e-05,0.0032903721169131187
2130,0.9994332606871268,2.38294161253899e-06,0.0004728208606901094,9.153551057063187e-05
2131,0.9391503403056513,0.007928892535068593,0.03577931982500435,0.017141447334275837
2132,1.0857098520217817e-07,7.690557170463445e-08,0.9997759588687429,0.00022385565470015915
2133,2.3584544692247478e-06,0.9981484738266977,0.00042920941756026675,0.0014199583012726098
2134,0.0016282155137150132,0.0002415395997464985,0.00034362299994749945,0.9977866218865911
2135,4.726190454764677e-07,0.9988662406182592,0.0008956694143309245,0.000237617348364549
2136,0.05429460876073966,0.008739407222137124,0.01643404558978715,0.9205319384273359
2137,0.976142776328615,0.010322891493151298,0.004292895384005277,0.009241436794228279
2138,0.005790639727705582,2.034869165186017e-05,0.0008617748733371428,0.9933272367073053
2139,0.010668179160469193,0.06918329188288036,0.8872327935689958,0.03291573538765475
2140,8.691003234998312e-08,0.9997521356287047,2.6901324076575057e-05,0.00022087613718633153
2141,7.192224640221629e-08,0.999737203848333,5.633521414293434e-05,0.0002063890152778238
2142,0.0002093534741568843,0.8632215759015289,0.1354324962321565,0.0011365743921578854
2143,0.9369313660565677,0.0003650890785420988,0.03596963579637367,0.026733909068516876
2144,0.03654630174506545,0.014101764148011208,0.04827190379462187,0.9010800303123018
2145,0.00013383918012116857,0.931971875632018,0.06390124550304715,0.003993039684813508
2146,0.01739102294382287,0.0032209723538731386,0.018945936474665977,0.960442068227638
2147,0.9977003473789039,1.1267444961962843e-05,0.0007215285024171445,0.001566856673717085
2148,0.053959935911722295,0.005631926013513126,0.014378588535353863,0.9260295495394106
2149,2.7368458253727387e-05,0.9395575011058376,0.05969339483259564,0.0007217356033127355
2150,0.9313791222501728,0.00010539635667127856,0.03043975496235777,0.03807572643079817
2151,0.0031991403444558,9.36210165193964e-05,0.0004684404414257043,0.9962387981975992
2152,2.3974957027606477e-05,1.4487751243700552e-05,0.9947315006329931,0.005230036658735483
2153,2.47646351659983e-09,0.9999571917212375,2.4938451543849196e-07,4.2556417783660013e-05
2154,0.03904999470744439,1.980780638704369e-05,0.9397495460071689,0.02118065147899965
2155,1.4047739939029395e-08,8.766489168323758e-09,0.9998750604272183,0.00012491675855267923
2156,0.9962734194358647,4.416344308111101e-06,0.002486248181602547,0.0012359160382246753
2157,0.9984465897035172,1.0869914196103504e-06,0.00064499902483935,0.0009073242802238296
2158,0.9423142249834755,0.0006692895530011273,0.0343041638257025,0.02271232163782082
2159,3.8346031967745913e-11,0.999995269546426,1.6751554463927322e-07,4.562899683475914e-06
2160,0.9997596289151012,3.5726880138802125e-07,9.008445847908289e-05,0.00014992935761838982
2161,0.9959586001676823,3.385757781712947e-05,0.0004910440154330915,0.0035164982390673352
2162,0.048042142967492214,0.00023917901425853907,0.01555470912882133,0.9361639688894281
2163,3.2451099628852777e-06,0.9981575233619843,9.733506098818595e-05,0.0017418964670649498
2164,1.4876956105489247e-05,0.002931037446187822,0.9965782559500684,0.00047582964763808936
2165,0.9624227290608244,0.0003828856869204126,0.03483666754218917,0.002357717710066196
2166,0.009136441823171524,0.00010905993343750203,0.0012865970738800544,0.9894679011695107
2167,0.00025447341342560594,0.9783604298349216,0.02079019212909356,0.0005949046225593185
2168,9.838323543633028e-08,1.9648881796948295e-07,0.9998880967718026,0.00011160835614406398
2169,0.9484126242971213,0.002110257868170038,0.002717858793190562,0.04675925904151816
2170,3.421913509357835e-05,0.9349240121274626,0.064614320484207,0.0004274482532368072
2171,0.0052479873839754625,4.138355178414085e-05,0.008258077386472697,0.9864525516777677
2172,6.84140489073959e-05,0.987394235701391,0.012097457541996273,0.00043989270770565964
2173,5.418143881602752e-07,0.9988430534802991,0.0007710065247091584,0.00038539818060362094
2174,0.018344393062975153,0.0013909669354390999,0.9155139215225307,0.064750718479055
2175,0.05343160192150136,0.003682449999634736,0.011081110074691364,0.9318048380041722
2176,8.333469120687375e-06,0.9392116255506333,0.060594213113397334,0.00018582786684858728
2177,6.957485669822945e-07,1.2395576371796692e-06,0.9996180977686493,0.0003799669251466769
2178,1.442191624077799e-06,0.9980197142201024,0.0015648440305968832,0.00041399955767672594
2179,2.8627878730744227e-09,6.202445464609493e-09,0.9999688249017253,3.1166033041385945e-05
2180,0.043022138824440996,0.002394282266092235,0.008094144462332782,0.9464894344471341
2181,0.0028720681875379866,3.322542410482433e-05,0.059909608012949596,0.9371850983754078
2182,5.83064554002575e-07,0.999346771748765,8.802669650603127e-06,0.0006438425170303948
2183,0.9672599293387144,0.00026749712503125,0.004055157218027269,0.028417416318227234
2184,3.163957248643259e-05,0.9927186285994111,0.0072390494976242205,1.0682330478339615e-05
2185,5.004157712084201e-07,3.369742121437169e-07,0.9994722314222068,0.0005269311878097512
2186,1.3088967086444247e-05,0.9945978766905547,0.005330436082540413,5.859825981828343e-05
2187,0.012334126101084959,2.4004469411534033e-05,0.9850439943822958,0.0025978750472078985
2188,0.005946564884211487,2.1200224875372396e-05,0.0010360754273312095,0.9929961594635819
2189,0.03334691007021612,0.006210324342883404,0.01636582985500105,0.9440769357318994
2190,3.010777758736309e-08,1.8615933906583507e-08,0.999921079730732,7.887154555650756e-05
2191,0.001286568469835375,0.00021071991409917396,0.00029803595883060686,0.9982046756572351
2192,6.15647641247464e-06,4.879950886482423e-06,0.9977299489722291,0.00225901460047203
2193,0.020481962812448365,0.0003477718403672142,0.0012662334591344105,0.9779040318880501
2194,7.922624463824544e-08,4.742401324264375e-08,0.999765954977474,0.0002339183722681413
2195,0.05260226946620485,0.0011615157324924694,0.00040990014695701447,0.9458263146543454
2196,4.208151984235168e-10,0.9999694566845234,2.172458737986122e-05,8.818307281605523e-06
2197,0.951860795627796,0.0002220816483796595,0.0009872656941136665,0.04692985702971069
2198,3.472917384484298e-05,0.9919211500081174,0.007167547733368467,0.0008765730846690886
2199,1.2115628407955528e-12,0.9999990992502088,1.1179476045652681e-07,7.889538192621519e-07
2200,0.001200866367884094,0.9921064377654697,0.004857410240639088,0.0018352856260070384
2201,0.9867976279624104,0.0006454461670131157,0.0012826386344750738,0.011274287236101492
2202,1.0774502696731823e-07,1.697740928963617e-07,0.999732145239158,0.00026757724172224076
2203,0.004444901334709464,2.914882614931408e-05,0.05976063302049212,0.9357653168186492
2204,3.954565811007865e-09,4.037959774071631e-09,0.999960504696515,3.948731095939573e-05
2205,6.766100327607967e-08,3.793059704603722e-08,0.9998209778499341,0.00017891655846581406
2206,1.858187372306155e-08,1.062293928000882e-08,0.9998872029596219,0.00011276783556517049
2207,4.738748989753228e-09,4.746446175733331e-09,0.999939954806967,6.0035707837995625e-05
2208,1.0812471273964043e-10,0.9999847689994692,8.915284970472338e-06,6.315607435586232e-06
2209,4.713244342148278e-09,5.642302978870626e-09,0.9999184695108042,8.152013364855101e-05
2210,8.628084065170776e-05,0.00159543502456012,0.9980837382718272,0.00023454586296108783
2211,5.095745177902831e-05,0.9893445367955044,0.010260187948154942,0.0003443178045617707
2212,2.323674960441994e-10,0.9999911382660936,5.93386979893419e-07,8.268114559138523e-06
2213,0.002600690982135308,0.0011022105898092955,0.05988222771440748,0.9364148707136478
2214,0.9998169897323511,3.0627381183665915e-06,0.000108962507571219,7.098502195930002e-05
2215,1.731693701589761e-09,2.7330685391761187e-09,0.999968888251589,3.110728364877063e-05
2216,6.324634349947242e-07,3.6049470691437793e-07,4.006129836905239e-07,0.9999986064288744
2217,0.9258899022601761,0.003449299177399256,0.022676098941467236,0.04798469962095754
2218,2.183978670217295e-08,4.505550279398884e-08,0.9998648736521227,0.0001350594525879217
2219,2.468518041383647e-06,0.9977726531241109,0.002186871369493819,3.800698835402787e-05
2220,0.0009139472193716583,0.00033193360660564535,0.9937513382880742,0.005002780885948335
2221,1.2067358225807825e-09,0.999995584601637,1.0185710188050296e-06,3.3956206085193883e-06
2222,8.11631166793143e-07,0.9657165321254653,0.03423148700822999,5.116923513788086e-05
2223,2.6313962514399386e-10,0.9999862873157935,2.77664806917083e-06,1.0935772997751794e-05
2224,1.591774054910629e-09,1.6122751387332444e-09,0.9999607940143704,3.9202781580357e-05
2225,1.2094171626371455e-08,1.2832090565027955e-08,0.9998956967950645,0.0001042782786733384
2226,0.0014633714094700826,3.6670298884374627e-05,0.00016597263397852237,0.9983339856576671
2227,0.9518321414010605,3.532331310689252e-05,0.0011796343828965237,0.04695290090293595
2228,7.598563112098062e-08,0.9995664476075989,0.00030770750864478135,0.00012576889812520542
2229,4.011096343931359e-08,1.7467217291125942e-08,0.9999121859082057,8.775651361357126e-05
2230,3.629827756829908e-09,0.9999673892758904,3.283178942175289e-06,2.932391533977414e-05
2231,0.04400123713072385,0.062358288868448575,0.8712591975787722,0.022381276422054938
2232,4.650871228961035e-08,0.9997910076741253,4.267523216734583e-05,0.00016627058499502512
2233,1.5220898265566754e-08,0.9999006020843878,3.239853582320089e-05,6.69841588908098e-05
2234,6.613661977224798e-07,1.0104586380414462e-06,0.9999757817897427,2.2546385421484063e-05
2235,1.2408002816438396e-06,1.6141701662137504e-06,0.999004647079891,0.0009924979496612465
2236,0.994413942437843,0.0012669990516322957,0.000279667600278363,0.0040393909102463136
2237,1.5952784807922633e-07,1.2873482591193607e-07,0.9996608300176854,0.0003388817196406013
2238,3.831023462246293e-08,0.9996882411896071,0.00027581295202254447,3.5907548135631773e-05
2239,1.8806892941510761e-06,0.9979467425329895,0.0019920059713388824,5.937080637757004e-05
2240,0.0043651603961991775,0.9295890399168042,0.0643180269824863,0.0017277727045099606
2241,0.9996777796939692,1.039450320972487e-07,0.00010601261006690836,0.00021610375093193527
2242,0.0011243446333934674,0.0002552408988092117,0.0599532818386484,0.938667132629149
2243,2.8648195149839495e-10,4.677813143986937e-10,0.9999835914766658,1.6407769070904428e-05
2244,0.031987953568040184,0.005349732447436432,0.0002958422743254655,0.9623664717101978
2245,0.004322906334441048,0.00010439011367778842,4.6590595232375636e-05,0.9955261129566487
2246,0.9913818612984769,1.645459820957296e-05,0.003748099408323368,0.004853584694990385
2247,9.828480817903975e-08,0.9995525945879455,0.00031270813911196194,0.00013459898813442963
2248,4.6163256105948845e-05,0.9929596475848859,0.0019998207791381813,0.004994368379870118
2249,0.9790338325349678,0.0007808801050582585,0.0012478482228462523,0.018937439137127678
2250,0.00011962275596633983,9.747025529470982e-05,0.006609398189572679,0.9931735087991665
2251,0.0001458996657858112,7.3372584570936814e-06,0.9421406272990742,0.057706135776683036
2252,0.9865514483852014,0.004050956228746975,0.0028762607885090886,0.006521334597542455
2253,0.0004218484516443332,7.119351659517517e-06,0.003539722843762178,0.9960313093529337
2254,0.9412498954564856,0.011090801645824232,0.0015947333953157112,0.04606456950237433
2255,0.9835209975710484,6.964622466344208e-05,0.01164449907571664,0.004764857128571485
2256,1.9958369975368424e-07,1.2304021626347652e-07,0.9997459394381056,0.0002537379379783333
2257,1.71866076449956e-08,3.513952977441717e-08,0.9999083652549418,9.15824189207325e-05
2258,5.2216079633942e-07,0.9990486585682304,0.0009325276230610409,1.8291647912249485e-05
2259,0.05269827110587167,0.00019885874084196826,5.475786010221343e-05,0.9470481122931842
2260,0.0005465537864462533,3.355079416941397e-05,0.009055162269141192,0.9903647331502432
2261,0.0006802521034385081,0.0002366923344001708,0.025757401744260357,0.9733256538179008
2262,0.05460412642393913,0.003624247262775805,0.01709948227392333,0.9246721440393619
2263,0.0028992881741455234,9.003818344804203e-06,0.9854732433759932,0.011618464631516215
2264,0.9788997631955536,0.0002915429809310227,0.0011183933997667163,0.019690300423748714
2265,1.73639601883817e-08,0.9998100391047251,8.437418377734263e-05,0.00010556934753717979
2266,4.7756558061773965e-06,0.9968702915273605,0.003078091171102508,4.684164573080433e-05
2267,3.681674856827452e-12,0.9999991182129682,9.989805088961014e-08,7.818852992486322e-07
2268,6.901258421116151e-11,0.9999878152531085,7.636050755434994e-06,4.5486271234928726e-06
2269,0.9921697022429158,2.8298110224556017e-05,0.000724623085987939,0.007077376560871806
2270,0.0009136114240787756,0.9986322687038574,0.00028549921272460495,0.00016862065933938782
2271,0.00020928470060592019,0.9785253734480167,0.021201480696294486,6.38611550829544e-05
2272,0.9488292677824754,0.0017075396328025247,0.0026418353457070016,0.04682135723901515
2273,0.9996294064053491,1.1344253690775391e-05,3.7897868930388925e-05,0.00032135147202963174
2274,3.95648172847099e-05,0.9909164161751215,0.00894471654942057,9.93024581731573e-05
2275,0.9539550217731152,0.0006294834559788947,0.013656568803930739,0.031758925966975306
2276,0.9982116203277229,1.6362476707942908e-06,0.0002072437854926546,0.0015794996391136232
2277,1.9217386858534257e-05,0.962933154051267,0.03691620628527945,0.000131422276595118
2278,0.053332540322871255,0.010489627645470474,0.01256504850683382,0.9236127835248245
2279,5.834576582810651e-06,0.9964806635510858,0.003495405812721755,1.8096059609690266e-05
2280,0.020406934220650822,5.7052589029357335e-05,0.9753822325873687,0.0041537806029513435
2281,5.119389094755983e-09,0.9999136970647754,8.267008599734846e-05,3.627729838301379e-06
2282,9.645440066871366e-05,0.0138070878651447,0.9841227939252324,0.001973663808954106
2283,7.182626078765967e-10,0.999980183501261,6.958241156576852e-07,1.9119956360673344e-05
2284,0.054703735694390146,0.012264801298289394,0.022061589969075472,0.9109698730382451
2285,0.9936909421900039,2.082738962198029e-05,0.0007470631357908111,0.005541167284583218
2286,1.8778089968505424e-10,0.9999872464725309,3.593313251734872e-06,9.160026436366563e-06
2287,0.04195422395532504,0.005639468346194294,0.019348264493765522,0.9330580432047154
2288,9.784585961141174e-05,0.00014129243828609449,0.060004903517331044,0.9397559581847715
2289,0.9860716738623033,0.00017711517264635773,0.001271622916778486,0.012479588048271574
2290,0.0008276596743505338,1.939096517790981e-05,0.9988907875256435,0.0002621618348281852
2291,0.9861076660467317,0.00040703149575608595,0.01004074495864308,0.0034445574988692398
2292,0.9958385839140819,4.2481497099461644e-06,0.001804486524187844,0.002352681412020418
2293,0.9330035249913642,0.004566937623639634,0.015804562963803684,0.04662497442119254
2294,0.000289568379742653,2.2226294633478948e-05,0.0013677905470834242,0.9983204147785404
2295,0.004859161213338649,0.9825185896094291,0.0029863209870243964,0.009635928190207975
2296,4.396595620439191e-05,0.4579933744792224,0.5418745010355415,8.815852903136493e-05
2297,7.356872169966903e-07,0.9985712609744294,0.0010165400677412033,0.0004114632706124564
2298,2.1349713580982373e-07,1.6510037249566363e-07,0.9996747391807145,0.0003248822217772203
2299,2.4054108584664704e-07,0.9992752442579461,0.0007099909432479241,1.4524257720019318e-05
2300,1.1525988042307264e-08,7.165454964510807e-09,0.9999441710684354,5.581024012156392e-05
2301,0.9996703619300629,1.6389776810983726e-06,0.0001658986933200337,0.00016210039893600276
2302,0.00019809433813570352,0.9417072919970711,0.05788476870261681,0.00020984496217648868
2303,0.0028337500629526382,0.9770300652696295,0.01519851591298133,0.004937668754436262
2304,9.654386436731306e-08,4.610041095008515e-08,0.9998342353743875,0.00016562198133713484
2305,0.9983384619205085,4.348773766024951e-05,0.00044185313979254,0.0011761972020386253
2306,0.0005467325584141583,0.0008858931700194357,0.9946693720263565,0.0038980022452097577
2307,1.2772919797340568e-06,0.9983158451781187,0.0014341838134774576,0.0002486937164241596
2308,0.05418873962519973,0.012677171677094961,0.02023732581167627,0.9128967628860291
2309,0.001142171200354284,9.090213789018526e-06,0.0001377683231113583,0.9987109702627452
2310,9.397298357861496e-12,0.9999955954665096,2.5406195711569842e-06,1.8639045217901435e-06
2311,0.0006137947371098963,0.06833990437111742,0.9193481093523985,0.011698191539374273
2312,0.001959180103772357,0.9966167291805959,0.0007722577843754347,0.0006518329312565722
2313,6.92229969751271e-05,1.6856015135313287e-05,0.004755853061280931,0.9951580679266088
2314,3.7705020394533037e-06,0.9980963847406189,0.0013560587888745324,0.0005437859684673085
2315,0.9340098777320408,0.017315880123295962,0.016857719939512635,0.03181652220515071
2316,0.05361974885721744,0.008009987949275819,0.0123567344668484,0.9260135287266583
2317,0.05425423353906403,0.0038507110219355377,0.015579974999491358,0.9263150804395093
2318,1.619040537093054e-13,0.9999995953066521,9.854022877776846e-08,3.061529570690022e-07
2319,0.006103463023823784,0.9278872413009494,0.0562586265381522,0.009750669137074775
2320,3.348942600295848e-06,0.9972695924472149,0.0025799505954095746,0.0001471080147751739
2321,0.004927945890632888,0.9937423554944097,0.0009647218736336424,0.00036497674132388865
2322,3.2193050036200376e-07,1.3451002596504866e-07,2.8440903517880536e-07,0.9999992591504384
2323,1.1216939519000766e-05,0.9957727095244668,0.004146675415866441,6.939812014771871e-05
2324,6.612412461721193e-08,4.165721282402077e-08,0.9998181889697053,0.000181703248957148
2325,1.5333166643842766e-07,0.9993879099902885,0.0005636589167022316,4.82777613428744e-05
2326,1.2108770112985876e-06,0.9985099828920388,0.0011335370124911722,0.00035526921845857324
2327,0.0008985488191268377,0.00010418557103461839,0.06324502276060448,0.935752242849234
2328,0.01692926774344667,0.0015670470190774983,0.978634386187943,0.0028692990495328935
2329,0.003760147024544707,0.9289471970124955,0.06130138488704834,0.005991271075911409
2330,8.646800462537648e-06,0.9978539991975123,3.5157372600816624e-05,0.0021021966294242508
2331,0.9478761137793618,0.001908890328777091,0.0034165214648720138,0.04679847442698898
2332,0.0525319352077278,0.00014061572396233796,0.0014702270206585594,0.9458572220476514
2333,0.950962159950558,0.001305667428430099,0.0009074334664859392,0.046824739154525945
2334,0.970915531804284,0.0002066782092244585,0.024185899725722392,0.004691890260769144
2335,0.003078082061752904,0.0004711936774432199,3.3629495947891715e-05,0.996417094764856
2336,0.05254155465016232,0.005997532264846487,0.004128881700157892,0.9373320313848331
2337,3.727534605062969e-07,1.9992528387366142e-07,1.9869465049488315e-07,0.9999992286266052
2338,0.9661794057573816,0.0004904710376374316,0.01314780150773021,0.0201823216972509
2339,0.001368514505076215,0.00010364785468165717,0.017318549719460934,0.9812092879207811
2340,0.04814246837911292,2.6154410329580868e-05,0.05822788866571987,0.8936034885448375
2341,1.3922776504796833e-05,0.9949511869894956,0.005016133855802932,1.8756378196731373e-05
2342,9.58103980040691e-10,0.9999602629414339,3.906157161846257e-05,6.745288436232593e-07
2343,0.0001781158481202164,0.9813371867842042,0.017780370164777938,0.0007043272028974838
2344,0.9461760198646603,0.005692455816235904,0.0014771576600717128,0.04665436665903233
2345,0.017162246721161806,9.052531660700855e-05,0.060115528331104014,0.9226316996311275
2346,0.0023781814052661996,0.03527040094313864,0.9370203365993075,0.025331081052287777
2347,0.0003411496415778361,0.9707434932704344,0.02477476195336086,0.004140595134626831
2348,0.9988609283919185,1.9610237007236198e-06,1.2750926109521228e-05,0.0011243596582713128
2349,0.013058395058255219,0.0018865898948916173,0.9819412241462236,0.0031137909006296134
2350,9.188084560707555e-14,0.9999996861408798,9.993318407954828e-08,2.1392584452195284e-07
2351,0.0005829115907257186,0.004163986766810179,0.9881251118274952,0.007127989814969041
2352,0.05289052876668081,0.01084946458894792,0.015218575050940568,0.9210414315934307
2353,7.258395923993898e-08,0.999606122678366,0.0003879824015810464,5.822336093548038e-06
2354,0.9966899116163093,0.0014087573472638826,0.0010962062486620208,0.0008051247877647681
2355,0.0014398327696827319,0.9754618088770182,0.018286232707403195,0.004812125645896101
2356,3.490313469882613e-09,2.2389725100839195e-09,0.9999705592961733,2.9434974540750137e-05
2357,0.05468508529763737,0.009249106000403027,0.018885314646170333,0.9171804940557893
2358,0.004909523635642794,0.9846020672360389,0.0008854866964393022,0.009602922431879012
2359,0.0011504018577186631,0.9873192713855898,0.0021466736017540303,0.009383653154937367
2360,0.0001006047859893917,0.9854916526358429,0.014334852372156726,7.289020601087363e-05
2361,3.3341215572889928e-12,0.9999980173650562,7.126428922325442e-07,1.26998871740521e-06
2362,0.9825374549553437,0.0002308721810934445,0.0008612193507439268,0.016370453512818954
2363,0.054729776884573735,0.012236231883188245,0.021669349441889165,0.9113646417903489
2364,2.1337381463667908e-06,1.544058526861063e-06,2.4116829676592037e-06,0.9999939105203591
2365,1.8540771657048814e-07,1.23222401941171e-07,2.1469748192349554e-07,0.9999994766723995
2366,1.1998913555062543e-06,0.9982073992974653,0.001258469385617246,0.0005329314255620082
2367,0.052707623685970775,0.00016208125819770002,0.00010984566433876402,0.9470204493914928
2368,0.052622358869236024,0.0006916851804965984,0.0002020214830116444,0.9464839344672555
2369,1.76326177051092e-07,3.156488695364603e-07,0.9997563459488336,0.0002431620761197117
2370,0.0025205004553326806,0.0003982972893962104,0.02135640502490835,0.9757247972303629
2371,0.031915473326805506,0.0035377214520020423,0.9000370201684694,0.06450978505272319
2372,8.1896097926687e-11,7.527693280744442e-11,0.9999904775640281,9.522278798918332e-06
2373,6.531406049477764e-11,0.999987264170245,1.126128966888164e-05,1.4744747720426898e-06
2374,5.082482158530384e-07,3.0778954281231276e-07,0.9999416791933354,5.7504768905811956e-05
2375,5.516120460091156e-07,0.9989899302495124,0.0005651546033464547,0.0004443635350949124
2376,0.052291463450258334,0.012767991515701195,0.02944330307103831,0.905497241963002
2377,4.913713931402556e-09,0.999897865722009,4.927306522830878e-05,5.285629904874689e-05
2378,4.9515138447967984e-05,0.9369343191271877,0.06227019522825902,0.0007459705061051786
2379,6.568103301298676e-05,0.9876827602765372,0.011855074706320266,0.0003964839841294145
2380,0.0001041448182554415,0.9843631800666657,0.015255411799246279,0.0002772633158325189
2381,3.216300416906789e-05,0.9915680464905962,0.008369850640824898,2.9939864409900818e-05
2382,0.9992988390245128,9.227482621411009e-06,6.521897798655113e-06,0.0006854115950672714
2383,0.9496191350517794,0.0005747787039188156,0.0029396501575791787,0.04686643608672241
2384,0.992500052974593,0.00010365138191580974,0.0006209886836853615,0.006775306959805891
2385,0.9859619388376395,0.0005794268613690339,0.011480285148215133,0.001978349152776431
2386,0.9708663911549231,0.0002569723303279671,0.0008276533415966351,0.02804898317315217
2387,0.05341443316839031,0.008220091246173714,0.011654162350676303,0.9267113132347599
2388,0.05256022731182366,0.00015520686180651162,0.0010626049128664948,0.9462219609135034
2389,0.0400726482901374,0.00023796189952499696,0.013680544827235838,0.9460088449831018
2390,0.002110179122456924,0.010852651764488613,0.9297267465164192,0.05731042259663543
2391,6.117362784803086e-06,0.996296582583416,0.0030326213987621137,0.0006646786550370721
2392,7.888528147258546e-08,4.8284384996108596e-08,0.9997256483300954,0.0002742245002380953
2393,1.0661612025982768e-11,0.9999973076634793,1.1870469911670024e-06,1.5052788679959345e-06
2394,0.05258074013945254,0.002708023747190788,0.004109843925279335,0.9406013921880775
2395,1.5299296023711254e-07,8.163280534879158e-08,1.1555338222267877e-07,0.9999996498208522
2396,1.5050106774693403e-05,0.9943728654079034,0.005561985954707556,5.009853061449581e-05
2397,0.0009159601861848061,2.410947421434763e-05,0.9974434932312489,0.0016164371083522248
2398,0.935128545593815,0.0001491040828339771,0.021445490866327566,0.043276859457023836
2399,0.9939161208207142,2.9203755504960108e-05,0.0003236213714387051,0.005731054052342266
2400,1.0382408194755993e-12,0.9999992035929951,9.975665483592857e-08,6.966493118241193e-07
2401,0.0001497857514996562,0.9811906868354726,0.018201733649660882,0.0004577937633668871
2402,0.9998901210747357,1.0921187727820496e-06,2.9244761151170128e-05,7.954204534029725e-05
2403,0.006864435999306494,0.9839570154967184,0.0013592807752111499,0.007819267728764009
2404,0.0002902955851695549,0.00011146756255920874,0.017527921556251474,0.9820703152960198
2405,0.002333391015661743,6.275307865884482e-05,0.013415695486719895,0.9841881604189594
2406,0.9990835860713881,1.952953308674743e-06,0.0002694391556790621,0.0006450218196243193
2407,7.285295817427602e-06,0.995998216221854,0.003963048267597287,3.145021473115074e-05
2408,9.92919561128933e-06,0.9953215183953441,0.004643978628390088,2.457378065447771e-05
2409,0.003254043541860241,0.06666610035769749,0.9132789947352384,0.01680086136520391
2410,0.9768445076443154,2.2416085762570362e-05,0.012958848999234688,0.010174227270687024
2411,1.9128337971669508e-10,0.999986905880559,2.9708744114580066e-06,1.0123053746027354e-05
2412,0.0002502844636906609,4.2005610523682176e-05,0.0014886816153776288,0.9982190283104081
2413,0.9680067995726809,0.0007394791923330308,0.0007091107710658358,0.03054461046392047
2414,1.5295642170312557e-05,0.9941630893062752,0.005745865483970192,7.574956758416872e-05
2415,0.0017053033676078127,1.476423709253953e-05,0.00018384913873558162,0.9980960832565638
2416,0.011476894311820262,0.00040147745329823187,0.0032751126624758447,0.9848465155724054
2417,1.0661956652517854e-07,0.9997275580085125,0.00026278517109151706,9.55020082943884e-06
2418,0.0001905204468073788,0.0687179790395297,0.9302407650263861,0.000850735487276657
2419,0.001025514692527101,8.282182976117164e-05,0.0019255984670685108,0.9969660650106431
2420,2.546104772663687e-07,0.9993626805504224,1.916591585344574e-06,0.0006351482475148077
2421,0.0009392129617896624,0.06828061033463582,0.91962230012181,0.011157876581764462
2422,0.052600039046927026,4.156380812078043e-05,0.000297426875008122,0.9470609702699442
2423,0.013598261972321063,0.0076160301469801696,0.9754857202095638,0.0032999876711351226
2424,0.9979980525370066,5.482308000627205e-06,0.00017251352351838962,0.00182395163147441
2425,6.777466877659352e-06,4.129482825392728e-06,0.9971998834796005,0.002789209570696507
2426,0.9975954392942924,3.055282411804675e-05,0.00011210899452848969,0.00226189888706087
2427,6.196805413011949e-07,0.9988509760800617,0.0011438779573557972,4.52628204108312e-06
2428,5.306583285368597e-07,0.9988235444834315,0.0009998464603676856,0.00017607839787215049
2429,0.0006030874709723282,0.0004579163470309385,0.0366736587045175,0.9622653374774792
2430,9.72240954488152e-07,5.515837629648808e-07,7.058846915476685e-07,0.9999977702905909
2431,0.9269095447676007,0.004548746994465354,0.03699959436085198,0.031542113877082056
2432,1.8035125911071812e-06,0.9981099869701332,0.0010506801181718575,0.0008375293991037501
2433,0.9845812602561274,8.43452370020403e-05,0.0007401399573259041,0.014594254549544586
2434,0.9527446429155876,0.00017677008632145,0.00013791848885516628,0.046940668509236054
2435,0.9889960385895605,0.0037127639005667436,0.0016745306683946955,0.00561666684147815
2436,0.0013042156028333879,0.9936956010375048,0.004662701819258,0.00033748154040391014
2437,0.008493837591315596,0.00010263563271420863,0.9853073649454692,0.006096161830501151
2438,6.068528340278464e-10,0.9999657542288648,3.29532820604001e-05,1.2918822219443607e-06
2439,8.755684014375867e-10,0.9999537464376438,3.1785167753554843e-05,1.4467519034392589e-05
2440,5.282171354703756e-05,3.222554978375922e-05,0.9920761740818214,0.007838778654847863
2441,1.1921524913586861e-09,0.9999513611636706,4.630334045521614e-05,2.334303721734287e-06
2442,2.8988611250404113e-08,0.9997281781294884,0.00024073335443314955,3.105952746709268e-05
2443,0.008757486445870103,0.0005774131711154398,0.9885548615846633,0.002110238798351111
2444,5.554833625426242e-09,6.337595043745494e-09,0.9999114834495871,8.850465798421551e-05
2445,5.276835443423824e-13,0.9999993447951653,9.902861243004236e-08,5.561756944670494e-07
2446,0.004836349469984989,0.004715379861125858,0.9885508440480318,0.0018974266208574289
2447,0.9519983501039404,1.5338926334165114e-05,0.001033951589913972,0.046952359379811306
2448,3.672245233227004e-11,0.9999914626301151,8.188586957816144e-06,3.4874620444976533e-07
2449,4.011076968859851e-12,0.9999981286776476,4.2591995592503975e-07,1.4453983854421198e-06
2450,0.989890547248878,1.2254980454068482e-05,0.0013230122969747024,0.008774185473693396
2451,0.955464439185416,0.0003238443140577733,0.013100577943410872,0.031111138557115718
2452,7.86249882133552e-06,0.9351167605885347,0.06465976921891799,0.00021560769372586377
2453,2.918107492581029e-08,2.708906096380563e-08,0.9998114960297566,0.00018844770010744292
2454,5.0094553743851835e-09,0.9999047236636774,5.684272010458953e-05,3.842860676266412e-05
2455,1.5413674362884403e-06,0.9981688810668294,0.0010094267695498454,0.0008201507961845717
2456,0.9914209525933465,0.00026944924368128273,0.007068596645468229,0.0012410015175039009
2457,3.25901238483987e-05,0.9912967906776521,0.008456839948314017,0.00021377925018535476
2458,1.3090927702396785e-08,1.7491474061440196e-08,0.9999063649893257,9.3604428272614e-05
2459,0.0028608287196563395,0.0001835121271103968,0.9960875631893438,0.000868095963889464
2460,0.023793197846050086,0.007877389923452018,0.020403316859655338,0.9479260953708426
2461,0.05260655678940031,0.0008261910750294569,0.0002437403088052039,0.946323511826765
2462,0.013746540871604401,0.0026694588261932982,0.008114926076925582,0.9754690742252768
2463,0.9525019574531188,0.00028491372846383887,0.0002599797330846066,0.04695314908533282
2464,0.0029125140172562678,9.377898114347291e-05,0.0010539551761061224,0.9959397518254942
2465,5.723578338714879e-09,0.9999322878706093,1.0787084501806674e-05,5.691932131046502e-05
2466,0.001455624945260621,0.0001923461571699021,0.05987184550539593,0.9384801833921733
2467,4.2708008594507525e-06,0.9968981921825237,0.002947592778266826,0.00014994423834994425
2468,0.006928155854202129,0.0009036210304713794,0.9848233343757787,0.007344888739547692
2469,0.9885661013248053,0.0023455304834551992,0.0016720142877852567,0.0074163539039544535
2470,0.9946077546334303,1.4489556580440688e-05,0.0038488566045860014,0.0015288992054031676
2471,0.954155571487258,0.00011072208571180819,0.002530949605490737,0.043202756821539484
2472,0.984694852272649,0.0009126029969929825,0.003220017617591445,0.011172527112766624
2473,0.9961031513215873,0.0011539359091158957,0.0008858761747633964,0.0018570365945332732
2474,9.102502394900182e-06,0.9623337819266077,0.03648335412212003,0.0011737614488773107
2475,0.0059177809744388335,0.9820961365648305,0.004868225919035535,0.0071178565416952595
2476,0.052225232439235277,4.5756784339152675e-05,0.05433342267257575,0.8933955881038499
2477,4.253756360505919e-09,3.747559313266591e-09,0.9999288479670727,7.114403161159794e-05
2478,7.946381714417341e-11,0.9999861762991595,1.2658201526759112e-05,1.1654198497542938e-06
2479,1.5479242279585899e-06,0.9981805156326636,0.0017893635676953126,2.857287541303755e-05
2480,6.408429332109151e-06,0.004228552536900725,0.99551101902069,0.00025402001307723974
2481,4.0952861024669664e-08,8.641661377326887e-08,0.9998837042458535,0.00011616838467178966
2482,0.00033501279281464806,0.00045425410162476716,0.06000508996122064,0.93920564314434
2483,3.6024372227754654e-09,0.9999584242118233,5.298775448792226e-07,4.1042308194545294e-05
2484,0.9927470718726683,0.000244669726832557,0.0013169809155336397,0.00569127748496556
2485,0.0030305013201581193,1.9660108971092334e-05,0.05412893900560322,0.9428208995652675
2486,8.955787569758306e-09,0.9998506736778754,0.00012035910996105761,2.8958256376021737e-05
2487,0.98143568947694,7.172830466224758e-06,0.002706038790519153,0.015851098902074527
2488,0.03896067438645216,0.00017543658088390443,0.05706748140091447,0.9037964076317494
2489,5.448460860499392e-07,0.9988122411736405,0.0010192632729550159,0.00016795070731842813
2490,8.048952724191443e-08,1.1050843529166561e-07,0.9998889123836997,0.00011089661833774329
2491,3.315900640646907e-08,0.999804368971801,5.403387106453146e-07,0.00019505753048174493
2492,8.363716291330755e-08,0.9995580716919303,0.00039384093657869547,4.800373432801487e-05
2493,2.366162060948861e-10,1.4433947392648953e-10,0.9999855126167285,1.4487002315723433e-05
2494,9.323982066246938e-07,4.5539443017857046e-07,9.129996596646417e-07,0.9999976992077035
2495,8.737999993720158e-09,5.295891600210638e-09,0.9999614755858098,3.8510380298522005e-05
2496,2.3575829670957807e-08,0.9997754463203634,0.00021211731259611775,1.241279121075178e-05
2497,0.9442460362941802,0.0005558918884557765,0.008326970399482197,0.046871101417881776
2498,0.00012118540608214607,0.9601703096147575,0.03351247537644817,0.006196029602712067
2499,0.9518879416007728,0.0005934946160334653,0.0005751882174299314,0.046943375565763744
2500,3.3497990766814885e-06,0.9973013468853873,0.0026807879261476833,1.451538938826618e-05
2501,1.1634313871955157e-09,2.480196368306924e-09,0.9999939413044937,6.05505187851618e-06
2502,1.1514278092495133e-05,0.9950519493210884,0.0048717622708157075,6.477413000320807e-05
2503,0.0005801083553391051,0.9450672595265415,0.05018159052833736,0.004171041589781986
2504,3.126538443287197e-05,0.9917365979757672,0.007083855642209296,0.0011482809975907407
2505,1.1728405234972487e-06,1.714800304803418e-06,0.9992964940552738,0.0007006183038979062
2506,0.006048941357606642,0.9713935523557099,0.011511942780634589,0.011045563506048971
2507,1.4043206634749656e-07,0.999441912213001,0.0005350999053595312,2.2847449572897214e-05
2508,8.859046614003604e-06,0.9968743375031623,0.0008268500597947819,0.002289953390428599
2509,1.7840015058295483e-06,9.416243494548007e-07,0.9987624661587677,0.0012348082153769357
2510,0.000554149087422528,0.03308613795281917,0.956431946394776,0.009927766564982014
2511,8.777858598819666e-08,5.3176538562624203e-08,0.9996853249336769,0.00031453411119847756
2512,0.00014396774765501112,0.9824820314580327,0.015995176487923816,0.001378824306388355
2513,4.3140692975097204e-05,0.9912367339916455,0.008667230757289373,5.289455809021481e-05
2514,0.9426982726785691,0.0035894336674325445,0.006869719320114594,0.04684257433388386
2515,6.024386752609763e-10,0.9999680244099227,3.093447014980066e-05,1.0405174887830046e-06
2516,3.156046957556681e-06,1.9295272293049207e-06,0.9980950601522393,0.0018998542735738167
2517,0.9972113826351958,7.861627194562003e-05,0.0013376246386129888,0.0013723764542454735
2518,1.4454971189560933e-07,0.9994348714371329,0.0005450243848102607,1.9959628344880304e-05
2519,2.1553075146342198e-09,0.999979685108917,2.9743430513624446e-06,1.7338392724213266e-05
2520,0.05405216624679213,0.00972341030528223,0.015691134700880068,0.9205332887470455
2521,0.9960122245017669,0.00018059470340072318,0.002147240713958986,0.0016599400808733175
2522,0.053294858324687874,0.010178579680388138,0.011242693156796301,0.925283868838128
2523,4.6985887665362547e-07,2.8023745355281346e-07,5.316207894542847e-07,0.9999987182828802
2524,0.9544316657437357,0.00010963741271340277,0.00161640947944205,0.04384228736410898
2525,2.405354322218763e-05,0.9927256561208767,0.00721383876109917,3.645157480183821e-05
2526,0.9978523132747318,3.743619710708409e-06,9.14266847744782e-05,0.002052516420783064
2527,0.0013591179829896263,0.0006550364576569864,0.00021097861976773866,0.9977748669395857
2528,0.999606348992523,1.476848530959048e-07,1.1569780883766107e-05,0.00038193354174042676
2529,3.2552901859872536e-07,0.9991550503009231,0.0008189475173698164,2.5676652688258566e-05
2530,0.038397821409594295,0.0014711988362954662,0.9571801368672388,0.0029508428868714955
2531,0.9409512198816252,0.005774252393561907,0.04975124707832933,0.003523280646483741
2532,0.05456705346345929,0.012669301387453567,0.021944605038453524,0.9108190401106333
2533,5.325822009595121e-11,0.9999910619215137,4.772137258325827e-06,4.165887969661916e-06
2534,0.9498467498030054,0.0005915842679783247,0.0026506679922733657,0.04691099793674286
2535,2.722079426690449e-07,5.098846549937305e-07,0.9996794150506655,0.0003198028567370544
2536,5.32081429105081e-07,3.205557910150908e-07,0.9992303809163501,0.0007687664464298916
2537,0.00010480363236966414,0.9323766553937972,0.0644697107371871,0.003048830236645849
2538,2.095364885930775e-08,0.9998717424442919,4.155756838503787e-06,0.00012408084522074525
2539,0.03206795750099081,5.190540994488265e-05,0.0012532129401222345,0.9666269241489419
2540,0.0550617927538977,0.010511821781434292,0.02107843509944586,0.9133479503652221
2541,0.0041989651043914025,0.00022505203493782683,0.00020199642697118906,0.9953739864336997
2542,0.004785441051098322,0.004146522466000847,0.00041395077854970653,0.9906540857043511
2543,2.4905895754162224e-08,0.9997487814053929,0.00014250125061059414,0.00010869243810105521
2544,0.9348557396292185,0.005682439293437798,0.01199646172386418,0.04746535935347939
2545,0.9802053508829002,0.00014785575752711722,0.006284676304101136,0.013362117055471419
2546,7.50503924499824e-09,7.832339731162904e-09,0.999980255691357,1.972897126416172e-05
2547,0.9353667226323641,0.005492002440751978,0.011765392340951338,0.0473758825859327
2548,0.054858827809121706,0.010189153087211026,0.019873014560957192,0.9150790045427102
2549,0.05485613580252142,0.005035919457567692,0.018396145382963375,0.9217117993569476
2550,0.0035352477282811923,0.0005392491623882976,0.9956432413507795,0.00028226175855076773
2551,0.936669704690642,0.0010851110380445405,0.021724272300193165,0.040520911971120246
2552,0.9950841384447505,3.6343557949029746e-05,0.0015797358843084653,0.003299782112991797
2553,0.0009266763259610672,3.874963504000364e-05,0.05992816920514019,0.939106404833859
2554,0.9893761697903459,0.000164894067940177,0.006029064267431375,0.0044298718742827045
2555,0.01353442549317908,0.9338185931958936,0.04788405176374613,0.004762929547181372
2556,0.08111681377520981,0.02152269474627792,0.8411756466532526,0.0561848448252596
2557,2.5356244025218725e-05,0.9941469264680379,0.0003557106398280765,0.005472006648108812
2558,1.704013691239263e-10,0.999986640793811,4.054696055616749e-06,9.30433973179776e-06
2559,0.9347901662229633,0.005668500932090982,0.012137331094629944,0.047404001750315714
2560,0.00017888207681325863,0.06878949343380199,0.9300345110411904,0.0009971134481945136
2561,0.0012829087050105494,0.0010656806535013813,1.4810712369203062e-05,0.9976365999291189
2562,5.269693208467304e-11,0.999991654965631,3.502514713072784e-06,4.842466958982821e-06
2563,2.9786028107273936e-10,2.7872424630764246e-10,0.9999910194450773,8.979978338259635e-06
2564,0.004504940993155019,0.06841969014191024,0.9243961128744371,0.0026792559904980804
2565,0.006274406842402307,3.517560161718063e-05,0.0007692424077522012,0.9929211751482284
2566,0.05317498287168895,0.003628122771058611,0.009015785385018371,0.934181108972234
2567,0.999478261334098,1.9164797788760234e-06,0.00030279083634266097,0.00021703134978071607
2568,0.002485279652374166,0.00013311543884385197,0.0026628867077867734,0.9947187182009951
2569,0.0005147274542746092,0.0003003632079668755,0.934154851633358,0.06503005770440065
2570,1.6321643902709688e-08,1.3948884448041473e-08,0.9999417028317987,5.826689767312542e-05
2571,0.01412196486888571,5.993723587024133e-05,0.9825531164225652,0.003264981472679051
2572,0.00011564807197856336,0.9838538331387837,0.01596145356202092,6.90652272167031e-05
2573,0.9997999830644375,9.040966498892896e-06,7.040454843962551e-05,0.00012057142062383907
2574,0.9517756699098933,0.00014050752360159424,0.0011872081802232523,0.04689661438628185
2575,0.052595260529357604,0.0010679938372563733,0.0002853489189014437,0.9460513967144845
2576,0.947113982301645,0.00037286195770595165,0.005804454026304301,0.046708701714345026
2577,7.903935791098279e-08,0.999750402587935,1.7239462413789143e-05,0.00023227891029340423
2578,0.008485834369078847,0.0026169676447275136,0.9807698420309165,0.00812735595527738
2579,1.9123963455633755e-10,0.999981765566995,9.1111900162612e-06,9.123051749198994e-06
2580,0.03297570137585678,0.009801381858431327,0.021219994774272527,0.9360029219914393
2581,9.861966034260632e-05,0.9850114166038312,0.014871688384600746,1.8275351225462915e-05
2582,0.9926475729693489,2.7220851169001753e-05,0.006490754904030225,0.0008344512754518888
2583,1.0620292754247467e-07,0.999512006814602,0.00047216412955326857,1.572285291711097e-05
2584,0.99447422051477,6.0319057469580875e-05,0.0004115746060431123,0.005053885821717245
2585,0.013837260129853254,2.6288300619899514e-05,0.001773761669078455,0.9843626899004485
2586,0.9926653502931222,1.910870288267917e-05,0.007084481108605891,0.00023105989538932156
2587,0.018420529993518186,0.00016143709667985163,0.9163098910143925,0.06510814189540948
2588,3.2044735212993666e-08,4.463061219797666e-08,0.9998083780736288,0.0001915452510239072
2589,0.9947091662134019,1.8245554381049333e-05,0.002571509270149325,0.002701078962067816
2590,1.327697282722391e-05,0.9944535114074688,0.005343635281164589,0.00018957633853915125
2591,2.030668798321656e-05,0.05939305003968318,0.9404912772835382,9.536598879503095e-05
2592,9.041361484387756e-09,1.1507367393871562e-08,0.999887897046229,0.00011208240504194694
2593,1.26430601315541e-11,0.9999966143614499,8.114605196470483e-07,2.5741653872176665e-06
2594,1.12930228687342e-05,0.9669140849230279,0.032831096471486285,0.00024352558261692646
2595,4.0561076624674787e-10,0.999967535050589,2.5024339721258333e-05,7.4402040791829265e-06
2596,3.0598022601358324e-06,0.9974804639716236,5.392236319317285e-05,0.0024625538629231354
2597,8.482253080870239e-07,0.9987852333532435,0.00111436671347159,9.955170797693701e-05
2598,0.0052853219254726126,2.36894811653516e-05,0.059347365546119746,0.9353436230472424
2599,0.9250042299829027,0.010804898032127601,0.016699722575791862,0.0474911494091777
2600,9.378712102809635e-09,0.9999140022974602,9.868494567615164e-06,7.611982926002504e-05
2601,0.009940213428672275,6.572228014261431e-05,0.9676098859528435,0.022384178338341984
2602,4.3259747789292085e-07,0.9990122847995834,0.000947443510993029,3.983909194565297e-05
2603,0.9203006183400234,0.004534231964474108,0.05241827756105346,0.02274687213444907
2604,0.0027542147001235915,0.00016756637733529258,0.00021061067464871988,0.9968676082478924
2605,0.00010980055911489972,0.378715203817956,0.6190455147367175,0.0021294808862116453
2606,1.439401655728568e-07,0.9995225448284497,0.0003169538264506488,0.0001603574049342268
2607,0.054945723427476,0.004450809191054618,0.018639007974395706,0.9219644594070734
2608,0.004521243251240158,7.312386887741751e-05,0.05978375169549542,0.9356218811843872
2609,0.004594041293051446,0.0028931520963489487,0.059015270904509094,0.9334975357060905
2610,0.05464262532107464,0.012637457615526019,0.021815220107326505,0.9109046969560729
2611,7.42268192380016e-08,0.9996990865943979,1.2713148836562725e-05,0.00028812602994639924
2612,3.660191892272837e-08,0.9997505686736956,0.0002485104634183169,8.842609671390635e-07
2613,6.470257483373487e-11,0.9999938744049011,1.4312672726037512e-07,5.982403668978214e-06
2614,0.9491963906810702,0.001629693381637541,0.002361992990541204,0.04681192294675104
2615,0.0035173043575430656,2.7749666341373057e-06,0.9835888486854166,0.012891071990406042
2616,8.095551893866124e-06,0.9979548694882732,0.00036312101270609507,0.0016739139471268522
2617,0.002120412997408105,1.56699073647668e-05,0.00044475364244639897,0.9974191634527806
2618,0.0002399510896962325,0.9554588175649318,0.04347896654250759,0.000822264802864485
2619,0.9616458275884555,0.0012624215224178352,0.034975181396695317,0.0021165694924312663
2620,0.04406437297489403,0.003994947893372494,0.004304635627079287,0.9476360435046545
2621,7.282092671859916e-07,1.1940226168667112e-06,0.9991829071441092,0.0008151706240066475
2622,2.751379954017362e-08,5.391650021337043e-08,0.9999398922703518,6.0026299348460724e-05
2623,0.005793157241678021,0.0019086548474702327,0.000926999780895866,0.9913711881299558
2624,0.00048591500453024327,0.962131790003572,0.031711460829404986,0.005670834162492697
2625,7.482272501445789e-06,5.253279233367382e-06,0.9974174544967676,0.00256980995149763
2626,0.003488054411008614,0.0005992568454787836,0.9936511827844633,0.0022615059590491257
2627,2.6040452280777236e-07,0.9992584683247058,0.0006461584489907814,9.511282178054131e-05
2628,0.9612076052654784,0.0004691199385021346,0.0034821425972625165,0.034841132198757105
2629,0.0010949614458471012,0.9952070269547186,0.0006305935562819468,0.003067418043152194
2630,0.004961550140936731,1.505451788643328e-05,0.0009733686956651359,0.9940500266455117
2631,3.656793325874345e-06,0.9971438949245902,0.002799909862702323,5.2538419381678654e-05
2632,0.9650421430547865,0.0061050602063357755,0.02555988151011123,0.003292915228766421
2633,2.7717079096286136e-07,0.9992492938646967,0.000699140946427311,5.1288018084877516e-05
2634,5.825543429815886e-08,6.39204639561079e-08,0.9998103494144694,0.00018952840963221083
2635,0.00018994838483008618,0.944322091133509,0.05434602690380367,0.001141933577857406
2636,0.9521423929282723,9.94025407902947e-05,0.0008421428306077618,0.04691606170032961
2637,6.120411812672108e-06,3.671188211245627e-06,0.9975547842375788,0.0024354241623973385
2638,0.0005217470450431696,3.4623665772142864e-05,0.060023856362166526,0.939419772927018
2639,0.05259290468248175,0.0002554967615687939,0.00017740172680620904,0.9469741968291432
2640,0.9777407722872947,2.1944272547130388e-06,0.014551438787109343,0.007705594498341275
2641,0.006080916271974708,0.9840754647991895,0.0009113161293849874,0.008932302799450438
2642,0.05259477292218917,0.0076181687529898404,0.0021778674754819563,0.9376091908493389
2643,0.003513754654487024,3.140907933402582e-05,0.0007260354479108748,0.9957288008182683
2644,9.551680739322928e-09,1.074738406858454e-08,0.999978220879152,2.175882178324604e-05
2645,1.0816453436791824e-06,0.998454435644364,0.0015112062389443812,3.327647134818502e-05
2646,1.7788919044805878e-09,0.9999306922373763,5.3781653848668444e-05,1.5524329883112755e-05
2647,5.255472088739567e-12,0.9999968155808009,1.9646018485283895e-06,1.2198120951745183e-06
2648,1.2833898359173696e-13,0.9999996476672589,9.999456512936402e-08,2.5233804750754035e-07
2649,0.05240856013519506,0.0032921316246680237,0.008941112682194292,0.9353581955579425
2650,0.9441586069243103,8.252680099899158e-05,0.008836323070224788,0.04692254320446588
2651,0.006793804024774828,0.9820801611821072,0.004591361066409546,0.006534673726708642
2652,3.444463521677544e-08,0.9997466790679771,0.00023312369082599456,2.0162796561518634e-05
2653,0.0009929850162208585,0.9970616612078146,0.0014177464601831079,0.00052760731578191
2654,0.050548276841665886,0.00010612928459219505,0.013483926953166121,0.9358616669205759
2655,1.725864602451952e-07,1.0042978717742807e-07,0.9996573446244974,0.00034238235925528396
2656,0.009079111731056062,6.077814278010247e-05,0.9785259665169321,0.012334143609231605
2657,0.05255780720278442,0.00482253930826126,0.0003152324666850199,0.9423044210222693
2658,0.995811033696601,0.0002648709220757684,0.00038751449657869634,0.0035365808847447086
2659,1.1218999280499364e-10,0.9999830436601741,1.339451322721663e-05,3.5617144086361517e-06
2660,0.00034407502349237943,4.689209406580803e-05,0.14599739863534442,0.8536116342470974
2661,0.0033257414200806275,0.928229504132549,0.06422800296700526,0.004216751480365105
2662,4.1037475169145313e-07,2.487407418232193e-07,0.9993151263308434,0.0006842145536631078
2663,5.080448021091125e-06,0.9965131917581527,0.003287866044569247,0.00019386174925702936
2664,7.560723588981453e-09,0.9998681349708209,8.758401002139976e-05,4.427345843413762e-05
2665,8.898658327570096e-09,0.999861831556478,7.972269738667446e-05,5.843684747683742e-05
2666,1.2327727026271888e-08,2.6262577717628166e-08,0.9999085114196369,9.144999005842894e-05
2667,0.9972208092118754,0.0002155639076679023,0.0005513601856947972,0.002012266694761906
2668,0.053472844812765485,0.004098554954526343,0.011544323395191243,0.930884276837517
2669,0.9849265323362056,0.001244862306408162,0.001708984580885695,0.01211962077650002
2670,2.7564151069905477e-08,0.9997296973738196,0.0002231756972070772,4.709936482228125e-05
2671,0.05238682584487075,0.009661506190943863,0.005572598013877449,0.9323790699503076
2672,0.05263918817955011,0.0005537554018699499,0.0005376152953754377,0.9462694411232044
2673,1.106716361007914e-09,0.9999583224905237,3.8027441686137724e-05,3.648961073704226e-06
2674,0.0022379448021018476,3.367726733444333e-05,0.059951396109475474,0.937776981821088
2675,3.22279838868542e-08,1.9987095727059855e-08,0.9999123146813117,8.763310360853732e-05
2676,0.052585116045066084,0.0007104911334106885,0.0001267542230268653,0.9465776385984964
2677,3.112210027934882e-07,1.5887599976816181e-07,3.2205538307535326e-07,0.9999992078476143
2678,0.9930322299500334,0.00013812037674858295,0.0028942036132973033,0.003935446059920762
2679,5.651037936123873e-08,3.6366014680649174e-08,0.9997545404788707,0.00024536664473542294
2680,8.705902487972751e-07,3.453191254679106e-07,6.320148037363492e-07,0.9999981520758221
2681,9.462405449083517e-07,5.775540879918149e-07,0.9989590792489541,0.001039396956412987
2682,0.0008381620784835621,7.71684251893109e-06,0.9989788284348303,0.00017529264416722148
2683,0.008547750022045913,0.9542459110550786,0.033320344949426164,0.003885993973449408
2684,0.9991101134805876,1.1414442947129124e-06,0.0004471320123378903,0.00044161306277956804
2685,0.994760292949385,0.00017088204796159275,0.003464962785509558,0.0016038622171439085
2686,5.681659171622177e-06,0.9964621867868226,0.003493834120521761,3.829743348377748e-05
2687,0.027824632206675925,0.000462945537578695,0.0607778732783114,0.910934548977434
2688,0.9949392921621268,1.5702794014644595e-05,0.0011894277264004444,0.0038555773174582704
2689,0.9981847079890893,0.00017438011502601892,0.0013288737979158761,0.0003120380979689739
2690,1.6035122171882272e-07,0.9993848059611372,0.0005770985900245382,3.7935097616449e-05
2691,0.0002484434458440162,0.9770937554612742,0.02249515405864235,0.00016264703423956187
2692,2.6189846155070494e-07,0.9993194033699593,0.0006514199065651449,2.8914825014001155e-05
2693,3.739603616747419e-08,0.9998783801053097,2.8725636888469735e-06,0.00011870993496502728
2694,7.947737004216315e-09,0.9998634409175392,0.0001228502904009111,1.370084432303668e-05
2695,0.999324638288296,3.005464096824572e-07,4.162257770648901e-05,0.0006334385875877342
2696,1.8232148960348224e-07,0.9996348649072946,7.912879905794789e-05,0.0002858239721578109
2697,2.6902326548493335e-05,0.9926647518483982,0.007131459177444348,0.00017688664760901255
2698,6.36530812669253e-09,0.9998695420385766,9.880709451808569e-05,3.164450159713018e-05
2699,0.052671404489801885,0.00039397865169762134,5.246227550283438e-05,0.9468821545829976
2700,0.00015169640943670412,0.934975901494852,0.06464246390104093,0.00022993819467007526
2701,9.898285290408043e-06,0.995709151490442,2.8907291154510985e-05,0.004252042933113053
2702,9.873451263761792e-05,0.0013871161462050469,0.9972538645982801,0.0012602847428771207
2703,0.05234182581993241,5.973302123122702e-05,0.04710993565370286,0.9004885055051335
2704,0.010402532405564942,3.632271211121927e-05,0.00037704423936404344,0.9891841006429598
2705,4.717583217848239e-09,0.9999178416135059,3.8801997714127465e-05,4.3351671196724995e-05
2706,2.042609186378873e-06,0.9977823084337664,0.001954122075931804,0.00026152688111534284
2707,0.0005320031598522054,0.9959569122314715,0.0013088485452540438,0.002202236063422323
2708,0.9476017289846097,0.002710363162743921,0.00287402009370409,0.04681388775894226
2709,8.213031916679037e-09,1.745015868040168e-08,0.9999772478365728,2.2726500236768792e-05
2710,7.03977618478457e-05,0.987863611524842,0.006910849023775501,0.005155141689534554
2711,0.9732884082243994,0.0004495996232609758,0.000500422549704059,0.025761569602635644
2712,0.9943436011773653,3.476266423220994e-05,0.0002630128225389985,0.005358623335863463
2713,0.00014912329357329157,0.06875351878593945,0.9296607037135233,0.001436654206963844
2714,0.052649935194668575,0.00042860697745871867,0.0005006945811364626,0.9464207632467364
2715,0.9361213284366716,0.00017757856711337068,0.016788433608449446,0.04691265938776554
2716,0.05276053641593232,0.0021585501982853196,0.007525982101453596,0.9375549312843287
2717,0.005396860560203419,4.123894513038425e-05,0.9180026058300015,0.07655929466466466
2718,0.225600986914793,0.0012159908028215156,0.4822339214416517,0.2909491008407337
2719,0.0017581786470233002,0.9841331065279164,0.00605085778290109,0.00805785704215949
2720,0.00047985963441834264,0.9645796165104202,0.03146513743538603,0.0034753864197756327
2721,0.9569809825545248,0.00032583220846508224,0.0003552310457754013,0.042337954191234796
2722,0.0013703884702026894,1.138156993910232e-05,0.9931173492763509,0.005500880683507386
2723,0.0014146392975923254,5.347173152623746e-06,0.001538143419883069,0.9970418701093717
2724,0.9993027609540752,1.5240335709057958e-06,0.0001804725764801765,0.0005152424358737147
2725,0.949855354601051,0.00142903039475558,0.001885591066758742,0.04683002393743484
2726,0.052483893468446396,8.963058246426499e-05,0.0019472006935525494,0.9454792752555365
2727,3.3590628737038306e-05,0.9912790026410719,0.008471110501695217,0.00021629622849574575
2728,0.004116393109125261,1.566071338053051e-05,0.0009536198163113805,0.9949143263611829
2729,9.260197224253006e-11,0.9999851304454163,9.900325027871796e-06,4.969136953884034e-06
2730,1.8063010960490426e-07,0.9993857659637401,0.0005470283703883417,6.702503576209416e-05
2731,7.848006478904908e-09,4.250151193685927e-09,0.9999750886579855,2.4899243856806303e-05
2732,0.0001331066937787092,7.333680838368405e-05,0.9879944757559097,0.011799080741927957
2733,0.002439795742655763,0.0006892117700218604,0.0031085269445142046,0.993762465542808
2734,3.499104315402833e-05,0.9911827614846546,0.008755894024036218,2.635344815515176e-05
2735,1.1224067836890192e-07,0.9995199231992297,0.00044576612248966484,3.419843760227533e-05
2736,0.05460221518243724,0.01276638725731567,0.022001154784691487,0.9106302427755554
2737,0.000843920531572752,0.05385568988278942,0.9136735650061093,0.031626824579528624
2738,0.052740146796855875,0.007527974143675477,0.014132625289896304,0.9255992537695722
2739,1.2790835824442105e-05,0.9959175806060495,1.6175093930647647e-05,0.004053453464195674
2740,7.045439147825751e-07,4.3281310407439766e-07,0.9996127412502147,0.00038612139276647284
2741,0.00013554591432715288,0.017686207292200235,0.977649334430785,0.004528912362687464
2742,6.655290418398643e-05,0.9879962315798698,0.011640175056863293,0.0002970404590830443
2743,0.030701535438175515,4.684917542442447e-05,0.0003873256622099778,0.9688642897241899
2744,0.00021630527130033509,0.9346471974252909,0.06453741397005579,0.0005990833333525707
2745,0.9839321617523136,0.00045896593721927396,0.0006873041262652109,0.01492156818420177
2746,0.05337376180296961,0.008404352369371697,0.01049402378402233,0.9277278620436364
2747,2.8906266276420725e-09,0.9999210315575788,7.47674969218334e-05,4.198054872870247e-06
2748,9.213908526383298e-08,0.9997138798096784,3.5286730003041544e-05,0.00025074132123363124
2749,0.020405050779065823,0.00018852903976637663,0.9141931472452599,0.06521327293590767
2750,0.9897983083551404,2.1241288225262157e-06,0.0015009353989443963,0.00869863211709253
2751,8.027202223662505e-09,5.210453632502442e-09,0.9999077383252628,9.224843708142052e-05
2752,0.05293293607107186,0.009512531420787795,0.01596947114382883,0.9215850613643113
2753,0.9635007858606346,0.0003678890526148412,0.03499715892196031,0.001134166164790369
2754,1.982262403505107e-07,0.9994178025312503,0.0005107404995677393,7.125874294171439e-05
2755,0.0009241842106363936,0.00031238028791662784,0.9980619766527865,0.0007014588486605783
2756,1.2689239504163486e-09,2.3888520123388116e-09,0.9999693590414686,3.063730075546877e-05
2757,3.5935751652035925e-09,0.9999112461640216,8.604235918468728e-05,2.707883218521902e-06
2758,2.5472725358456036e-10,0.999974373552494,2.0138681905594426e-05,5.487510873192681e-06
2759,0.0009783524530759832,0.0003941163473393411,0.9964159722881172,0.002211558911467447
2760,0.01379670913347981,0.004001675395927422,0.01608473971576084,0.966116875754832
2761,0.000810430615798366,0.00011904028515436468,0.9984038287122822,0.0006667003867647843
2762,0.9681509960771676,0.0002603638302838133,0.0030958374727691443,0.02849280261977956
2763,0.9958338010837333,5.232427513562818e-06,0.0002767516034169082,0.0038842148853361434
2764,4.0001940829609456e-05,0.9905379715918854,0.009316531700635743,0.0001054947666492449
2765,0.04463582240386036,0.0019189272058860488,0.0011008972224087663,0.952344353167845
2766,0.9503984983042694,0.0004183347216918042,0.002299228371760189,0.046883938602278734
2767,0.0001898513126297587,0.9291024380512815,0.0642961328875933,0.006411577748495464
2768,6.3582177197655805e-06,0.9962614700418425,0.0037080513018372435,2.412043860047681e-05
2769,0.9372579834369908,0.005718865012402899,0.00989992943579587,0.047123222114810695
2770,0.025944924149625875,0.07011765639706544,0.8770355537614904,0.026901865691818228
2771,0.001810219653237987,1.4557151739167304e-05,0.9972919840889946,0.0008832391060283798
2772,0.998291193668247,5.401613191107029e-05,0.00010051056827975162,0.0015542796315622283
2773,0.9963944153972202,0.0003999202451774913,0.0014053924758815365,0.0018002718817209567
2774,0.00013436708721086948,0.004281621584155537,0.995246432283192,0.00033757904544155006
2775,0.984448513730049,0.0004962793276223483,0.0001882019700473861,0.01486700497228105
2776,0.00014011150882938713,1.4300193913452655e-05,0.06006125956530348,0.9397843287319537
2777,0.05252341537380585,0.0010404195670340917,0.0014647926278934318,0.9449713724312665
2778,0.05257230897791161,0.008665098347940254,0.001571208268287666,0.9371913844058604
2779,1.5828536652238565e-06,0.9986463598759742,0.0009132255222465029,0.00043883174811429104
2780,0.001467729394361867,1.2006256121756114e-05,4.953679274118375e-05,0.9984707275567752
2781,5.6802471928582605e-12,0.9999980044765091,2.461486690043271e-07,1.749369141706998e-06
2782,0.05486961397216653,0.01132592051472917,0.021375302575858325,0.9124291629372459
2783,7.497135448182236e-09,4.940339198761188e-09,0.9999113311901775,8.865637234779509e-05
2784,0.00010558300420398165,2.6124379342988753e-05,0.042344048373929695,0.9575242442425234
2785,3.5809468967986526e-09,0.9999141452566809,4.37564032278423e-05,4.20947591445108e-05
2786,4.090680167288674e-05,0.9906826627163838,0.009095261530366942,0.0001811689515764412
2787,2.3331561117661957e-13,0.9999995715451732,9.99914248463081e-08,3.2846316871535783e-07
2788,0.02037191182265348,0.013657333336893215,0.9008972919125949,0.0650734629278586
2789,0.9797948592301089,0.0007515494137363897,0.007052408959518805,0.01240118239663591
2790,6.082705773564719e-09,0.999944879993992,6.966112294575249e-06,4.8147811007523174e-05
2791,6.973672380543713e-11,0.9999939470484922,9.876535327399603e-08,5.954116417601256e-06
2792,8.650994424350067e-10,0.9999770252487874,1.0722629638791528e-07,2.28666598166415e-05
2793,0.9526190700708356,0.0002424766166685273,0.00015467033249539066,0.04698378298000039
2794,0.04656075546155887,0.012235467113172338,0.035925463618080834,0.9052783138071882
2795,0.05450347544697322,0.012280955509496412,0.020850301268337774,0.9123652677751924
2796,0.9316106594639165,0.00031006864006421337,0.03716085978892247,0.030918412107096782
2797,3.8427232973366715e-09,0.9999032607767463,6.79847729800502e-05,2.8750607550353913e-05
2798,1.0496613631901172e-06,5.938225749129863e-07,1.1589719010272212e-06,0.9999971975441609
2799,0.00036534299375411545,0.9709992048606945,0.028147301253888046,0.0004881508916634549
2800,5.074452597591038e-05,0.9897730765223901,0.010114349427546946,6.18295240872148e-05
2801,0.003508312967518137,0.9881426901369005,0.0019315704329413888,0.006417426462639869
2802,0.0024856153494799567,0.005725434678651805,0.9707791941042059,0.021009755867662412
2803,9.15745676554834e-05,0.9873694272414896,0.012434523999246728,0.00010447419160820424
2804,0.052493786844798454,0.004848952283225637,0.0023513533557494625,0.9403059075162264
2805,4.036580212023255e-06,0.9970629116705579,0.002793884630621742,0.00013916711860830793
2806,1.744622501144804e-07,3.185725414877221e-07,0.999601267694442,0.00039823927076634
2807,1.0646472792347362e-07,0.9996963138571983,3.9013472343074675e-05,0.00026456620573069836
2808,0.0156376312288515,2.8264282482236996e-05,0.0354216629144696,0.9489124415741964
2809,0.994731384798261,1.2227118416714766e-05,0.00012271574092485258,0.0051336723423975215
2810,0.004985565480703393,3.5133178709734684e-05,0.007641591404193804,0.987337709936393
2811,0.0025494520353204126,0.0006525584495955019,0.986501038670542,0.010296950844542126
2812,0.048549066097167304,0.008718969255928941,0.0436100608752182,0.899121903771686
2813,0.019231003094205303,7.65016468924635e-05,0.004436701012152489,0.9762557942467498
2814,4.509835484281086e-06,0.9970729493670057,0.0028820963163129513,4.0444481197215295e-05
2815,4.687819656427021e-05,0.9898075910633232,0.010128582512946271,1.6948227166261236e-05
2816,3.963659541362179e-09,3.946122649311722e-09,0.9999835381111514,1.645397906651469e-05
2817,0.000558148920701416,0.9674696684018692,0.03172759596545452,0.0002445867119748395
2818,0.006990852630589212,2.7431056017367772e-05,0.0048106240968164155,0.9881710922165771
2819,3.1754706991768936e-07,0.9992564868833679,0.0007175696664574229,2.5625903104948656e-05
2820,4.7746580635572685e-09,1.0156154359558974e-08,0.9999482858946109,5.1699174576694335e-05
2821,0.9896729695966606,3.0028279740416532e-05,0.0014581232133644754,0.008838878910234212
2822,0.000148498166100316,0.9804481099240842,0.018132716553581483,0.001270675356233905
2823,8.324185760994509e-07,0.9988488643001573,0.0011403148706021285,9.988410664500032e-06
2824,0.0002821547695458706,0.9743022884450443,0.025308092237942593,0.00010746454746736877
2825,0.9461842817086665,0.012596512223087778,0.016166266088421154,0.025052939979824614
2826,1.328395295817053e-07,0.9996551721830925,9.074245492049643e-05,0.00025395252245758473
2827,1.3872217798171606e-06,7.885808917119445e-07,1.499096089366583e-06,0.9999963251012391
2828,0.0270846628628144,0.0007147456400749774,0.06076895636890878,0.9114316351282018
2829,0.001425862483369959,1.9077818153152262e-05,0.0005312298470699865,0.9980238298514069
2830,5.245704655208266e-05,0.99260212063766,0.0011688167849817324,0.006176605530806272
2831,5.028346974082656e-11,0.9999941157638749,8.574002156546076e-07,5.026785625918005e-06
2832,0.001622099757935332,4.7322859439323825e-05,0.00015628300904025998,0.998174294373585
2833,3.3980351124712466e-05,0.048425417224080065,0.9481830138983618,0.0033575885264334553
2834,1.0486122667469431e-07,0.9995294678114921,0.0004647868591128136,5.64046816835968e-06
2835,1.4569718615533335e-05,0.9942645663258675,0.005370435595003954,0.0003504283605130452
2836,0.0030466945760737065,2.874315697091673e-05,0.0004046021108271025,0.9965199601561285
2837,0.9346290128426664,0.005956216724903302,0.012008028138645207,0.04740674229378528
2838,4.0942116801903195e-09,2.4458388792974514e-09,0.9999550021129983,4.4991346951240914e-05
2839,2.4647018989177366e-07,0.9992358159445145,0.0007035234357354627,6.041414956038504e-05
2840,0.0526612373881136,0.0006318724104456523,0.00034634110701789233,0.9463605490944229
2841,0.054083137082124345,0.009302076908057847,0.015887057866943437,0.9207277281428743
2842,0.9954611594176792,4.236070861435168e-05,0.0003289988872029092,0.004167480986503584
2843,1.6712379615285667e-05,0.9947003586467602,0.005145425733335018,0.00013750324028964975
2844,0.0001294801310068702,0.004858268484957471,0.9941792459900127,0.0008330053940231697
2845,0.05445537855358027,0.012627731246852495,0.022780660520702573,0.9101362296788651
2846,0.99835025519159,1.7993565722215074e-05,0.0007203944481659902,0.0009113567945216592
2847,0.039971246028138833,0.014874573166307857,0.053782850549366594,0.8913713302561871
2848,0.027172232414390887,0.003036781025292644,0.007899184004403542,0.9618918025559129
2849,0.004820293530510205,0.9927067291858054,0.0005010248723310773,0.001971952411353076
2850,0.009163678575583459,0.0010467220564650964,2.1288528073187944e-05,0.9897683108398784
2851,7.89948078929259e-06,0.9459729831912551,0.053830674473986644,0.00018844285396909095
2852,6.034352415064777e-10,0.9999692907700191,1.3833740651923875e-05,1.687488589391731e-05
2853,0.0014817613660551732,2.8546622256273e-06,0.997666618855272,0.0008487651164473017
2854,0.0002646038930417911,0.9772799337353015,0.021622319697910147,0.000833142673746539
2855,8.79239517466244e-11,0.9999921370677721,7.280187922419461e-07,7.134825511806111e-06
2856,7.287078841155526e-08,0.9998109409170144,1.305428661947683e-05,0.00017593192557768152
2857,0.0017675868970491774,0.9273861060965586,0.06334707377166976,0.00749923323472243
2858,2.6867986681842885e-12,0.9999986877515618,9.995136740343904e-08,1.2122943840028193e-06
2859,6.550108248049447e-07,3.8018097671496823e-07,7.076240943676185e-07,0.9999982571841041
2860,1.0691842586733077e-07,0.9995193823223876,0.00047826267353145324,2.24808565509904e-06
2861,0.03559189848359395,0.014099934843096374,0.051420104227378,0.8988880624459316
2862,8.291177170268604e-07,0.9992475225642466,6.255749342311937e-05,0.000689090824613184
2863,5.13491939842743e-09,0.9998821730132904,9.339925862660645e-05,2.4422593163785672e-05
2864,1.4884103336843123e-06,3.174122384572257e-06,0.9990836289398877,0.0009117085273941813
2865,8.551328470681662e-09,0.9999317199020563,1.17375372176776e-06,6.709779289355605e-05
2866,0.9976711407932439,5.445141936513573e-05,0.0008834219388131699,0.0013909858485778195
2867,0.007958646706472046,0.0003634215040525713,0.0002064047791485852,0.9914715270103266
2868,0.0008393412419589561,1.1955320391363042e-05,0.9989584418775472,0.00019026156010256074
2869,0.9549548241634362,0.014555088292078393,0.0017796873649538383,0.02871040017953143
2870,0.9986763483067338,5.069719620221972e-06,0.0008287148661381166,0.0004898671075078308
2871,0.0027128581883539148,1.1683797174718245e-05,0.00041968172884967477,0.9968557762856215
2872,0.9970988108604476,1.0915425186831611e-05,0.0024302198958748695,0.00046005381849059364
2873,0.9611461644009852,0.0008149496855705671,0.0017593725427388848,0.03627951337070518
2874,0.9962417636785524,0.00042067092944473504,0.0005343296034400537,0.0028032357885626347
2875,7.664801235262786e-09,0.999921537575784,9.667547571625326e-06,6.87872118433152e-05
2876,1.2035406531211624e-05,0.002925305531703645,0.9970479627965652,1.4696265200148862e-05
2877,0.023471868040364243,0.00012121452587383342,0.9109090347747153,0.06549788265904667
2878,0.9822198324967606,0.010148418807758701,0.0022918136979495304,0.005339934997531323
2879,0.0012717857814344346,9.861905815435472e-06,0.047835513934412016,0.9508828383783379
2880,0.055059700870519396,0.01065164612744457,0.02136699816373424,0.9129216548383019
2881,0.0018729559216533376,0.00010227768363934111,0.0002822281247749206,0.9977425382699326
2882,5.312231391481157e-05,0.9889241685783358,0.010685459649507808,0.000337249458241721
2883,6.284462915883911e-08,3.899929535678513e-08,0.9999005826355541,9.931552052124131e-05
2884,5.458100003605848e-09,0.9998818192852069,0.00010123576803795381,1.6939488655200225e-05
2885,0.019624827450112545,0.0016617092195307349,0.0058045409798758866,0.9729089223504805
2886,0.9950832488663984,0.00017633395411799062,0.0021354669924746484,0.00260495018700892
2887,7.219221430027897e-10,4.566639605110366e-10,0.9999757589282591,2.4239893154764404e-05
2888,6.949589191130036e-07,0.9987837714795427,0.0009055246811836139,0.0003100088803546745
2889,0.9977042382666653,3.037799930292338e-05,9.308841381341297e-05,0.0021722953202184567
2890,0.9786957639677163,0.00013461475979346441,0.00027292385526085254,0.02089669741722954
2891,3.368143357877745e-05,0.9914177270842578,0.00850637328388194,4.221819828133327e-05
2892,0.02321077883860216,0.02386735982987875,0.8862032347293746,0.06671862660214446
2893,8.803179023625634e-05,0.9857641787199227,0.013969737742285977,0.00017805174755501288
2894,5.171932145100754e-09,0.999897384479135,5.885902257448177e-05,4.375132635812684e-05
2895,0.0026029678605932133,0.9887853872191856,0.0024079696100931217,0.0062036753101276975
2896,8.612415462114778e-08,1.6230319468816608e-07,0.9998219388335506,0.0001778127391001526
2897,8.385501077868087e-09,8.264450920821915e-09,0.99993433010672,6.56532433280978e-05
2898,6.952476205895768e-11,0.999990114359071,9.188545019512597e-06,6.970263846668541e-07
2899,0.023994284453003722,0.0049843916114044534,0.012490187347497619,0.9585311365880941
2900,9.139854973587313e-06,0.995234683381769,0.0030259144217696706,0.0017302623414877155
2901,0.0009706231800823843,0.0005413036695094088,0.9928957758650356,0.005592297285372616
2902,3.701455148546985e-08,7.656920855297833e-08,0.9999345004562588,6.53859599811842e-05
2903,1.756442479439378e-09,0.9999354325485741,5.7632131199852895e-05,6.933563783615492e-06
2904,6.014279511949185e-07,6.435914156000329e-07,0.99922956396096,0.0007691910196732937
2905,0.9544455839282361,4.8572296862902053e-05,0.0007412535269136796,0.0447645902479876
2906,9.629683455963626e-12,0.9999974815760164,1.4930505298254268e-07,2.3691093007564688e-06
2907,0.05110474708631676,7.440030727857767e-05,0.0057937077345688775,0.9430271448718356
2908,0.004794055839118426,8.988875792368824e-05,0.005813961193560514,0.9893020942093972
2909,1.4395139946893504e-06,7.530474924682531e-07,1.4648776484162508e-06,0.9999963425608644
2910,9.268682759910807e-07,0.9996369017949461,0.00035927087571618925,2.9004610615086108e-06
2911,8.778519955014617e-07,0.998513372983055,0.0012286826050915609,0.00025706655985795787
2912,0.9924938023217184,3.226073047459968e-05,0.0002913348237651457,0.007182602124042166
2913,0.006517408047838683,0.0006775674790249422,0.989142971653072,0.0036620528200645734
2914,0.9722340124121375,0.0005237696120983409,0.0008468579187399577,0.026395360057024354
2915,1.0172420927439591e-07,6.439251038356832e-08,0.9996619404491852,0.0003378934340952436
2916,0.001294672067547142,4.602465953726184e-05,0.005886883024784384,0.9927724202481312
2917,4.13897577538394e-08,0.9996989177749771,0.0002911869098831561,9.85392538201658e-06
2918,1.739395517550139e-08,0.9998029992993142,0.00018895056664670063,8.032740083829329e-06
2919,1.446450072272569e-06,7.941823785000223e-07,1.1709119893214959e-06,0.9999965884555599
2920,2.5614089301513806e-06,0.997615454220477,0.0023331169113397178,4.8867459253076294e-05
2921,0.0010064003798333503,4.410111945646468e-06,0.9960121038149959,0.0029770856932251227
2922,0.010917674713567135,0.07040496836652063,0.8769661850167678,0.04171117190314461
2923,0.0013160493250942134,0.00027353940766005816,0.02694215203068906,0.9714682592365567
2924,4.554414341210317e-06,0.996800578518031,0.003090304816509207,0.00010456225111837664
2925,0.9860025737693188,0.010273741828167945,0.0029880571474640337,0.000735627255049062
2926,0.9991048403779418,2.579083550162345e-06,0.0006830078663233094,0.0002095726721845823
2927,9.367240531508315e-05,0.9317199687522287,0.06448147091287434,0.0037048879295818
2928,3.0108692177247103e-06,0.9986928066198605,2.0507571779297952e-05,0.0012836749391424165
2929,0.0009826049026303574,2.1685206282563005e-05,0.004835167824423438,0.994160542066664
2930,0.04084461012334265,0.001388117965269875,0.004443427006756555,0.9533238449046311
2931,1.2550684563239515e-05,0.0031456835654531993,0.9960883426817302,0.0007534230682532044
2932,0.9445122706296325,0.01504454698815669,0.022439368961670605,0.018003813420540127
2933,0.004209576363622958,0.9330409903575152,0.044849151097124965,0.017900282181737157
2934,0.9830780579046833,1.7656396529080602e-05,0.003123196050568766,0.013781089648219122
2935,0.0541303416547331,0.011135033180343378,0.017496274005959468,0.9172383511589642
2936,4.938883254335382e-07,0.9988949240391556,0.0009808733145987667,0.0001237087579201765
2937,1.0252066586715682e-08,0.9998512436458566,0.00014185284934722695,6.893252729528028e-06
2938,0.004644962181340132,0.00011776310984665581,0.00028141536162679836,0.9949558593471863
2939,0.983762775040053,0.004932059224843867,0.005222663074223822,0.006082502660879262
2940,0.0076444214176112,2.7138497206090644e-05,0.05956335082944459,0.9327650892557379
2941,0.05430904211887788,0.011604312150792268,0.01896803160395926,0.9151186141263705
2942,0.0007833862304096142,5.056893390836472e-05,0.06003169809075908,0.939134346744923
2943,0.05264674319686382,0.0035279011715272537,0.004397389109091794,0.9394279665225171
2944,0.0001095464633589575,0.9841944546460749,0.015603402418337466,9.25964722286906e-05
2945,6.427471737933792e-06,3.906568223836822e-06,0.9972781533178677,0.0027115126421703595
2946,0.0036686055894957757,0.9847109988168703,0.009484692108066774,0.002135703485567374
2947,0.003483375562536004,0.0014621542209350019,0.9905066527461053,0.004547817470423545
2948,0.038905856221263024,0.0065260699941696405,0.9316729976168376,0.022895076167729726
2949,0.9579800072842304,0.011630376135634082,0.009584088920130334,0.020805527660004642
2950,0.023079752908740644,0.07027722892644316,0.8719488434472594,0.034694174717556654
2951,0.01656125409346506,0.008308296130366297,0.010661961914263773,0.9644684878619051
2952,3.743504232186194e-06,0.99716054973791,0.002821209943335309,1.4496814522557117e-05
2953,0.05205039750530053,0.0076236619334174435,0.0031642370029329966,0.9371617035583493
2954,4.885415909325916e-05,0.011439151626228283,0.9878072100714694,0.0007047841432091588
2955,0.02340430584677895,7.017168073111663e-05,0.013029090442176445,0.9634964320303135
2956,0.007182435427987113,0.00014233996815477036,0.9918924135864982,0.0007828110173599561
2957,1.0145415491992626e-06,1.0962405953469438e-06,0.9993777141526755,0.0006201750651800033
2958,1.08197365438617e-07,5.584195518626835e-08,7.556239072843322e-08,0.9999997603982886
2959,0.9984672205527559,2.4350216367760645e-05,9.74768022239666e-05,0.0014109524286522069
2960,0.0002311573652984415,0.9766500653333077,0.022988679539990706,0.0001300977614032175
2961,0.0019923840123852836,0.9907826876217867,0.002689808982337239,0.004535119383490817
2962,0.9522048754456464,0.00035466352965568266,0.0005028134868728085,0.04693764753782509
2963,0.001234333092554351,0.06831310352698743,0.9202688379380883,0.010183725442369904
2964,1.3288733881837724e-07,0.9994453222485004,0.0004788506138271793,7.56942503339842e-05
2965,1.1664320198759196e-05,0.9946975083451507,0.0035660577919437797,0.00172476954270681
2966,0.001977083920987587,3.275690823090806e-06,0.98522842705442,0.012791213333769204
2967,1.0304722240715378e-08,0.9998595680324458,0.00013621185281226554,4.209810019446707e-06
2968,1.4478855855205542e-08,2.466028472943899e-08,0.9999766998262247,2.326103463492025e-05
2969,0.005793157241678021,0.0019086548474702327,0.000926999780895866,0.9913711881299558
2970,1.8948703902834104e-05,0.9936711501398213,0.006201686847268724,0.00010821430900686991
2971,0.04550368162978587,0.0007803726736884208,0.02403631463101316,0.9296796310655128
2972,0.0003275729880700895,0.00019820370569593684,0.9796487838461264,0.019825439460107647
2973,0.9989940897985348,2.5625696904772334e-06,0.0004546764254273252,0.0005486712063475794
2974,0.00012189477510204676,1.808302259518904e-05,0.005291276732559344,0.9945687454697435
2975,2.476121787840303e-09,0.9999230378662892,5.9996506233462125e-05,1.6963151355558105e-05
2976,0.0032608211025207156,0.007274793923323368,0.9524328980354584,0.0370314869386975
2977,0.0028502305422394136,0.00019060645342329767,0.9955338841981776,0.001425278806159937
2978,0.000705596643046742,1.9432825114726445e-05,0.9342883630862889,0.06498660744554964
2979,0.00294246779655549,0.0001610749902330377,0.9945790581316433,0.0023173990815681584
2980,0.0059857015529959055,1.0787050767056893e-05,0.059631589343353504,0.9343719220528837
2981,5.033646435656292e-07,2.5951452218928176e-07,2.538725245857177e-07,0.9999989832483097
2982,0.05252911160397713,0.00666088176699641,0.0038225150695276352,0.9369874915594989
2983,7.658229536650485e-08,0.999548648367529,0.00038047507832931777,7.079997184645956e-05
2984,0.0026095870227374556,1.2059282872023268e-05,0.00013117477397846822,0.997247178920412
2985,1.6741817668480458e-05,0.9591706502973629,0.040753449565886626,5.915831908167108e-05
2986,0.981567855799906,0.0001367551329684479,0.0005065115832068455,0.017788877483918657
2987,2.392953629433027e-06,1.7148641215086078e-06,0.9984029370465836,0.001592955135665591
2988,1.5982755707078064e-09,0.9999389146117058,5.540746056681539e-05,5.676329451892146e-06
2989,0.05260326951134927,0.0006923496851399304,8.550024593564847e-05,0.9466188805575751
2990,0.05516949889848629,0.007750445135238719,0.020378282854684706,0.9167017731115901
2991,0.002262623603517206,0.0003693957133019964,0.05155855489937066,0.94580942578381
2992,0.9974192220118114,8.896612030365884e-06,0.001320755047457942,0.001251126328700114
2993,0.9925189322670265,1.7217967075292562e-05,0.0005260479274632135,0.006937801838435124
2994,0.9846533665951449,0.010352100815110996,0.0012653953584343817,0.003729137231309781
2995,0.9973709749133465,9.932869810864632e-06,9.830451426437358e-05,0.0025207877025784234
2996,0.00019870656470453473,0.00012037445839432595,0.9843438733692523,0.015337045607648758
2997,0.0009885804183726343,0.004833913568075361,0.9896262405078837,0.004551265505668317
2998,0.009665264419202561,0.9574574684511625,0.022466282936612875,0.01041098419302222
2999,1.9312355947029563e-07,0.9994331775220698,0.0005611200471029917,5.5093072675104484e-06
3000,0.0019297464010881555,1.777999169985649e-05,0.0029712557562861885,0.9950812178509257
3001,0.05259320055041205,0.0015019580785732907,0.002902126125938593,0.9430027152450761
3002,0.9511174291128696,0.0011116506618445508,0.0009122069614573396,0.046858713263828705
3003,0.0006957487838023711,0.06906637742404487,0.9012396736029515,0.028998200189201382
3004,3.5403304258828317e-09,0.9999148686168966,8.219221354718944e-05,2.9356292260254176e-06
3005,0.008215565383196,4.088876450986409e-05,0.0016563621287008939,0.9900871837235931
3006,0.0031945407957247474,4.772481147306102e-05,0.0006717575054687425,0.9960859768873337
3007,0.9509208903513482,0.0005432302687443224,0.0016825907821483434,0.046853288597759196
3008,1.5147718967727137e-07,0.9994254441367779,0.0005626201193989417,1.178426663344767e-05
3009,3.6523272500030004e-07,5.000342193506093e-07,0.999493591850117,0.000505542882938563
3010,0.0014723567035000518,0.9964914781631398,0.0004968541833430204,0.0015393109500173542
3011,0.012729841978011141,0.9180289433750377,0.058274682635840645,0.010966532011110704
3012,0.00015137534749679778,0.00011399191484748152,0.010956577575632741,0.988778055162023
3013,2.4663339166184274e-06,1.8133438180076832e-06,0.9985500232411532,0.0014456970811122442
3014,0.00035238362254156003,0.97064460626364,0.02871340165172049,0.00028960846209783575
3015,2.2028956609412652e-07,1.1972365555785967e-07,0.9999428480337711,5.681195300731376e-05
3016,1.1380308275130128e-06,0.9983583916463757,0.0015406147387295207,9.98555840671574e-05
3017,0.0020594029861081557,0.9943389909537056,0.0034049201523151,0.0001966859078712444
3018,0.9774434390877028,0.010355629791053013,0.004388940832059343,0.007811990289184724
3019,0.00010597840831817495,6.104770311759419e-05,0.041557815558689676,0.9582751583298746
3020,1.6729167149739648e-06,1.353149829190294e-06,0.9992305115240511,0.0007664624094047772
3021,2.7729606353313858e-08,0.9997733194161094,0.00011678977760376322,0.00010986307668052764
3022,3.3597545750946467e-06,1.5644067292218508e-06,0.9986701488427139,0.0013249269959818592
3023,0.0003379635515199875,5.870429075818199e-05,0.011209967561355843,0.9883933645963661
3024,1.3475449719507623e-10,1.1541588263663174e-10,0.9999919610213659,8.038728463548328e-06
3025,0.0008957597407912976,4.301696636074317e-05,0.9981817069132645,0.0008795163795836615
3026,8.916289574124735e-08,0.9996210963952722,0.0003606830386931213,1.8131403138939155e-05
3027,1.2747362374944442e-05,0.995318124450807,0.004643770161763173,2.5358025054816447e-05
3028,1.443105412295702e-06,0.9981951206508323,0.0011445991139582838,0.0006588371297972071
3029,9.557941251539708e-09,5.831149134309195e-09,1.0893008058684063e-08,0.9999999737179016
3030,9.071090746131035e-05,0.9844097865875648,0.005511666438309427,0.009987836066664466
3031,3.378129435363139e-07,4.7181336569611107e-07,0.9996517520685965,0.0003474383050942762
3032,0.9358965898454378,0.0069923679384815505,0.009870472746978099,0.04724056946910266
3033,3.0292510140173882e-06,0.9974851918696591,0.0024265822929292807,8.519658639747919e-05
3034,6.563981820692255e-08,1.4044205796050154e-07,0.9998152547235726,0.00018453919455125114
3035,0.00045437648776400935,0.0001063711093468202,0.01800321265359276,0.9814360397492965
3036,9.72216061310995e-07,5.11907851357632e-07,1.026387836755849e-06,0.9999974894882505
3037,0.9535162993247955,0.0007279775314252639,0.033844027231316465,0.01191169591246275
3038,8.169909800680296e-07,0.9985829965922545,0.0011867647904712558,0.00022942162629418846
3039,1.787218381129626e-08,1.5534783615362263e-08,0.9999350801939336,6.488639909879393e-05
3040,0.05338169595860907,0.004535075682791232,0.011487303303979292,0.9305959250546205
3041,2.3940359007850437e-05,0.9949040512947439,0.0003483975474455071,0.004723610798802883
3042,0.0006353794743747372,9.758048905520769e-05,0.8811354564337591,0.11813158360281131
3043,1.9347435889262431e-07,3.305694847376311e-07,0.9999518024347769,4.7673521379538206e-05
3044,0.9610519340622077,0.001483563236082307,0.033219696222918614,0.004244806478791707
3045,9.895563738742847e-08,0.9995242746669114,0.0004411131012428619,3.45132762083823e-05
3046,3.7898244327091e-09,2.4773132255944577e-09,0.9999632476001074,3.674613275508256e-05
3047,4.411238821271405e-09,9.287768621076019e-09,0.9999831162369948,1.687006399785381e-05
3048,0.006466049005335566,0.985653261780015,0.005072355312913052,0.0028083339017366676
3049,0.0028955302930498863,0.9960332709845895,0.0006169904971933809,0.0004542082251672588
3050,3.382946523560446e-08,0.999741644185941,0.0002185357100676078,3.9786274526279417e-05
3051,0.9925548862599649,1.94947738716395e-05,0.0030079674592917226,0.004417651506871841
3052,3.321761469209492e-05,0.991379355321586,0.00844659829444777,0.0001408287692739094
3053,2.6895341203945386e-06,0.9977799531125392,0.002160119991683483,5.7237361656923675e-05
3054,1.8107510820678389e-10,0.999990436261867,9.992995982603825e-08,9.463627098066318e-06
3055,1.943588972286871e-06,0.9988246761031021,1.4114880817883745e-05,0.0011592654271078025
3056,1.585188842402438e-07,0.9994158748940439,0.0005813693704366423,2.597216635218744e-06
3057,3.4262523887815964e-07,1.5375553267384622e-07,3.250620061105468e-07,0.9999991785572223
3058,0.00016258301556569012,1.5967811012734168e-05,0.9277705785697123,0.07205087060370897
3059,2.2569441137405376e-05,0.9925631883015649,0.006786921882995996,0.0006273203743014559
3060,0.05292545956206574,0.0004644275250707195,0.012190668647479398,0.9344194442653841
3061,1.565573317212652e-06,0.998154138877683,0.0016241189467665733,0.00022017660223303236
3062,0.9993112772891266,4.613964239729312e-06,4.166754348764663e-05,0.0006424412031459419
3063,1.6385212437461015e-06,0.9981270933555322,0.001864107285662682,7.160837561343775e-06
3064,0.9932225706335213,1.4830204237553304e-05,0.0021180074896909834,0.004644591672550322
3065,0.9378994008036565,0.0038753869201656583,0.01096270543258442,0.047262506843593295
3066,0.006280091160156264,0.9809408391040569,0.00354192407724497,0.009237145658541411
3067,1.622037339562446e-08,0.9998088168537107,0.00016470232239003947,2.646460352596969e-05
3068,2.02098466780898e-06,8.385138316954037e-07,1.7357491194374988e-06,0.999995404752381
3069,2.7662119785410362e-08,0.9998182605157723,6.061675445734364e-05,0.00012109506765053884
3070,0.051410262456167664,0.0032666609684710505,0.013905650762435915,0.9314174258129254
3071,1.670763684288356e-08,1.793146034281024e-08,0.9998619237314046,0.0001380416294983528
3072,0.002494627351961036,0.2613703677585051,0.7345162662097722,0.0016187386797618774
3073,0.01105009658846021,0.0030920228212162884,0.0009899416293120702,0.9848679389610113
3074,7.889556801412885e-05,0.047808768580640496,0.9496169487672592,0.002495387084086085
3075,0.040051411963822794,0.004833228195575695,0.019250034111185917,0.9358653257294155
3076,1.6708773521217613e-08,0.9998062522985637,0.00016795411332326708,2.57768793392889e-05
3077,2.4943195498065028e-08,4.751258354829731e-08,0.9998629968505587,0.00013693069366221236
3078,7.738327168970551e-07,0.9986241782423062,0.0007540438069743298,0.0006210041180025808
3079,1.6578862990153674e-09,0.9999646860253838,1.016278534840686e-06,3.4296038195059825e-05
3080,1.1750881363097725e-08,6.986159548077804e-09,1.3292662236984513e-08,0.9999999679702969
3081,0.9406874259890924,0.006314520596718223,0.03616058358169416,0.01683746983249534
3082,2.2289715691814933e-07,1.3835974411820853e-07,0.999503915091093,0.0004957236520059568
3083,0.03665533214581466,0.0030111316188511073,0.0085927616541834,0.951740774581151
3084,2.4172310897209133e-08,5.090254161232062e-08,0.9999445912159919,5.5333709155612034e-05
3085,0.9871006124107058,4.3345561378664514e-05,0.003335376990316397,0.009520665037599097
3086,1.2140479213147668e-06,6.339624371991067e-07,1.116284256288385e-06,0.9999970357053852
3087,0.016338194875846528,0.00018408607790645448,0.9256019324441452,0.057875786602101596
3088,0.00016511910830859517,7.387361229253209e-06,0.0013645694989239232,0.9984629240315381
3089,1.4465678380621159e-08,0.9998783563512261,1.478735412358717e-05,0.00010684182897190634
3090,0.0003499599908603307,0.9342661808999199,0.06455895579522357,0.0008249033139963847
3091,0.9959405202263022,0.00015282836835857236,0.002318184264369757,0.0015884671409695898
3092,1.7218502402603825e-07,0.9993624734300564,0.0006006811723908385,3.667321252881726e-05
3093,2.6013349475371356e-10,0.999984024560573,5.375618586908747e-06,1.0599560706631019e-05
3094,0.0522482644729806,0.007782929721167982,0.008828972168472879,0.9311398336373785
3095,1.1639092782144973e-06,6.529054197218642e-07,4.60711262804116e-07,0.9999977224740392
3096,0.026698843465236793,0.011648702507767608,0.9273862443587392,0.03426620966825621
3097,5.727610082104634e-09,1.0242967166515044e-08,0.9999241880221758,7.579600724707743e-05
3098,0.05252488225948009,0.001781647348215116,0.0016099420421261058,0.9440835283501786
3099,3.87497673753503e-07,1.9689616202739476e-07,2.8131130013884096e-07,0.999999134294864
3100,7.36946920143885e-10,0.9999649086666681,2.2813342832981374e-05,1.2277253552066698e-05
3101,0.0030551357710892724,0.00022779655140240694,0.0038978740376228098,0.9928191936398854
3102,1.7314801561012027e-06,0.9979980743217997,0.0018767871762957755,0.0001234070217484666
3103,0.9918685111221347,2.59697622214736e-05,0.00012328323298632668,0.007982235882657663
3104,0.9962052320843698,1.8808770748713808e-05,0.0009755251072290078,0.0028004340376523574
3105,0.0024489923281567003,5.874143220163537e-05,0.6896277144344543,0.30786455180518757
3106,5.541537004521863e-09,3.4564189046676735e-09,0.9999218829623456,7.810803969842824e-05
3107,0.9912090621786959,2.138297551529893e-05,0.00696726901951292,0.0018022858262757373
3108,3.257171408110721e-08,2.037252854756527e-08,0.9998551132066283,0.00014483384912895045
3109,0.9986702274598546,8.930197679654922e-07,0.000674009746655418,0.0006548697737220843
3110,0.005300092265597241,2.0703847147525555e-05,0.0003234047418410713,0.994355799145414
3111,0.00023246052542108946,0.976709983069327,0.02291790135166688,0.0001396550535850848
3112,0.9604154597701937,0.0007628207204324836,0.034144628593858764,0.004677090915515105
3113,1.5940952332005554e-07,1.1563722804330633e-07,0.9995832340458966,0.0004164909073521151
3114,2.1327755972348337e-11,0.9999970081795988,8.669846195819234e-07,2.124814453748486e-06
3115,4.2959113895974445e-12,0.9999973998209511,1.354913485665416e-06,1.2452612671767743e-06
3116,2.3466675808843517e-09,0.9999227126714675,5.398213360144942e-05,2.3302848263660616e-05
3117,4.616272211618962e-08,0.9997702598192455,9.814569204043313e-05,0.00013154832599207822
3118,6.252756747229425e-10,0.9999811294581059,9.788931399097718e-08,1.8772027304463482e-05
3119,4.831620663468683e-08,0.9996455113923444,0.0003026439327501371,5.1796358698760456e-05
3120,5.130718584346097e-06,0.9967260393898613,0.0032201742859020843,4.865560565220911e-05
3121,0.9852231444558737,6.804864380082574e-05,0.0036586565448921767,0.011050150355433377
3122,0.05471445486822989,0.01222488771121549,0.021797807500825574,0.9112628499197291
3123,2.913652095254412e-05,0.004954033716243675,0.9915584881018411,0.0034583416609623805
3124,0.9492281311542413,0.003181896242038463,0.0007793880947708921,0.04681058450894913
3125,6.819160435761348e-10,0.9999578718605755,3.065614000580213e-05,1.1471317502683662e-05
3126,2.56686778524619e-08,0.9997815231873222,0.00020288472690708096,1.5566417092942053e-05
3127,0.024857808529167545,0.00039817842460748275,0.06182640432982872,0.9129176087163962
3128,1.4901345259457696e-06,0.9980806961930685,0.0017630791412817026,0.00015473453112380337
3129,0.9457556028395953,0.005723570871906884,0.0017255572307160545,0.04679526905778172
3130,1.1810678866531486e-10,0.9999911906181902,1.0910274100973568e-06,7.718236292927561e-06
3131,0.9934124659338661,0.000278628946806718,0.005005941541471873,0.0013029635778551815
3132,1.1365559472180566e-05,0.9616808530713666,0.03818242347253258,0.00012535789662840608
3133,0.9478867998897268,2.501567758880742e-05,0.016861636108916587,0.035226548323767544
3134,3.730477369845996e-09,2.26483345119191e-09,0.9999774211680584,2.257283663071286e-05
3135,0.9521881185437711,8.026629088487297e-06,0.000844370597209482,0.0469594842299311
3136,0.0001362875851273967,0.9823424957434949,0.017514702770116908,6.513901260655303e-06
3137,3.6474407586031424e-10,0.999985504360083,2.7865216530374706e-07,1.4216623007519227e-05
3138,2.8506915682570387e-07,0.9992271925686365,0.0007454292544764577,2.7093107730248594e-05
3139,0.05269596904905924,0.0001283382270575756,6.238930998717981e-05,0.9471133034138959
3140,1.9499989394300982e-07,4.0081197193694915e-07,0.9996846622021994,0.00031474198593463645
3141,5.678516242122226e-07,0.9988796667206924,0.0011007506793083456,1.9014748375171662e-05
3142,0.015740957442715645,0.9317591096431226,0.04960993095485056,0.0028900019593109598
3143,1.604615171042372e-05,0.9943178024834559,0.005639046128962225,2.7105235871369398e-05
3144,1.9741091432838574e-06,0.99781245217407,0.0015316280282057823,0.0006539456885812996
3145,0.9990834693763235,5.16085378186365e-06,0.0002755740081703375,0.0006357957617242193
3146,0.002146714126231052,7.878640090619634e-05,0.9963638875178318,0.0014106119550310041
3147,0.9353239746712892,0.013662079216825565,0.033572137999788365,0.017441808112096998
3148,0.9539997202693705,0.00047947054544782456,0.0009737912038880321,0.04454701798129382
3149,1.4989409249811054e-09,0.9999600280783102,3.8034088955625845e-06,3.616701385340019e-05
3150,0.007339953526119849,3.4698356033043066e-05,0.059773396966423704,0.9328519511514234
3151,0.0472179017474464,0.006280258268815193,0.04547200004350653,0.9010298399402317
3152,0.01058932794477493,0.9223418557327846,0.062012802807508434,0.00505601351493174
3153,2.612167954814656e-05,0.9923064753324422,0.006973871336087966,0.0006935316519215529
3154,0.0044804740189669,0.9941597404269729,0.0012148004140478989,0.00014498514001218678
3155,8.224085114729163e-05,0.9856830331574359,0.013224657627272197,0.0010100683641447632
3156,5.155370889936204e-06,0.9966202279128634,0.0033224020166362765,5.221469961021674e-05
3157,0.9524103512407763,0.00027441011673053214,0.00040409796242967504,0.046911140680063516
3158,0.0010929425546108316,0.9852811536449604,0.004407767295916145,0.009218136504512727
3159,4.185910970073704e-06,0.9966816731389252,0.0028458592299731873,0.00046828172013154264
3160,3.794144578111387e-08,8.283907381297785e-08,0.9999380552682879,6.182395119237215e-05
3161,1.5315531302710175e-08,3.1709964910273816e-08,0.9999334610849057,6.649188959818668e-05
3162,2.971821384319784e-08,5.465834509631827e-08,0.9999251336066282,7.478201681284218e-05
3163,0.054167523384395025,0.004624540624516032,0.015369566864631022,0.9258383691264583
3164,0.9940518574342374,6.756848793118614e-05,0.00026901328920095064,0.005611560788630453
3165,0.9322167593574834,0.0035581217916079316,0.01693152016132841,0.04729359868958027
3166,8.744516602733634e-07,4.900509657685291e-07,9.505745556411231e-07,0.9999976849228183
3167,1.2954195529158026e-06,7.015022877386499e-07,1.3981297270175337e-06,0.9999966049484323
3168,0.038716226075002774,0.003266809597068402,0.9461752710917378,0.011841693236190784
3169,1.1071830487327273e-07,6.13432336075027e-08,5.3037655146623555e-08,0.9999997749008064
3170,3.765769132760398e-12,0.9999978603779388,7.708901578243332e-07,1.3687281375096777e-06
3171,0.03612948123510069,0.02171957764837419,0.019416008353045817,0.9227349327634793
3172,0.00014119001611127667,0.9350185257993338,0.06453168366012442,0.0003086005244306848
3173,7.262526126002917e-07,1.5725472560976213e-06,0.9993332229349684,0.0006644782651628515
3174,1.461218671691312e-06,5.000460708785293e-07,7.505562680256807e-07,0.9999972881789894
3175,0.9809442242586829,6.048870745910262e-05,0.008458910476082496,0.010536376557775558
3176,0.0001303151297255669,0.9831726355720979,0.01661626569930237,8.078359887435396e-05
3177,1.3145829181225798e-06,5.925806158131034e-07,0.9998294923642099,0.00016860047225614923
3178,0.0543734394362638,0.004746307530098178,0.01612514601935971,0.9247551070142782
3179,0.0028661601919408855,0.00014350489350197477,0.9947979563754924,0.0021923785390648366
3180,0.010992389683253279,0.007879622084506793,0.4304409680580461,0.5506870201741936
3181,0.0033683675826283012,0.9856662003438676,0.0015539149401959031,0.009411517133308019
3182,6.94124036871699e-09,0.9998824548591447,0.00010485578452799525,1.2682415086836703e-05
3183,0.00012256260045980847,0.9823019654430961,0.016175658620174234,0.0013998133362699877
3184,0.9973912680095346,3.1546555762404894e-06,0.001311570113279132,0.0012940072216099552
3185,8.171089687897185e-08,0.999600421701854,0.0003935080859561558,5.988501292833965e-06
3186,0.00601269041064566,0.001422314795286645,0.9386773697383423,0.05388762505572525
3187,0.002793862191482137,1.996771737465786e-05,0.9322660544183725,0.06492011567277076
3188,7.576442071536207e-05,0.9560880597779502,0.043189759930527996,0.000646415870806112
3189,0.05261295649143255,0.0068710118647388845,0.0007533622035484074,0.93976266944028
3190,2.3926138419867696e-06,5.1239053818744354e-06,0.9986756845676857,0.0013167989130904746
3191,5.331867047225254e-07,0.9989946533870042,0.0010002586637690727,4.554762521831997e-06
3192,0.005753837732033427,3.331811409812485e-05,0.0007423469306504112,0.9934704972232181
3193,1.3178291475855962e-09,1.6097415169127566e-09,0.9999574230151562,4.257405727312169e-05
3194,0.002997640517926394,0.9311649044328478,0.06429952210963837,0.0015379329395874912
3195,0.007569981279704947,0.003967285916556073,0.9704501111353078,0.018012621668431456
3196,0.004063101785353305,3.711500714520556e-05,0.007220777855330781,0.9886790053521706
3197,6.33081932188134e-12,0.9999961378089702,3.299468502242728e-06,5.627161967041763e-07
3198,1.0155625484610629e-06,6.17956926703288e-07,0.9989238033990198,0.001074563081505165
3199,5.456925632110343e-10,1.0082895891156201e-09,0.9999882203770902,1.1778068927715606e-05
3200,0.9706313198654696,0.00023126760691552704,0.0014480543368348485,0.02768935819078016
3201,0.020966492729395155,0.0001756362832774191,0.955622065453201,0.02323580553412613
3202,0.022269091066867516,0.002873978904888334,7.917214674743306e-05,0.9747777578814968
3203,5.554765787458841e-07,0.9989016279650236,0.0009932887460517507,0.00010452781234591408
3204,9.021126170216122e-07,0.9985688342173723,0.0013711802484452564,5.908342156545807e-05
3205,0.003859356455322323,0.00011551582848377505,0.009847255684062134,0.9861778720321317
3206,0.0008343259586236757,2.0996056296867877e-05,0.934100657820419,0.06504402016466045
3207,8.777622999735489e-09,1.0704813358556452e-08,0.9998889958060756,0.00011098471148804396
3208,0.016421396140947963,0.006729842211371015,0.971898879593525,0.00494988205415604
3209,1.0588066992685907e-05,7.362532704527481e-06,0.9967900258704201,0.003192023529882651
3210,0.029968844292664897,0.0004100093494285524,0.004935138653020901,0.9646860077048854
3211,0.9360104843346246,0.0014943222285589534,0.015756852406007098,0.04673834103080943
3212,0.0056545161769219875,0.9894202955412995,0.0033998222223003294,0.001525366059478324
3213,1.0546008086025824e-05,0.9950643720384055,0.0047635455445520355,0.0001615364089564912
3214,1.3143525855823049e-05,0.9947651407468693,0.005101335716436026,0.00012038001083876395
3215,0.9453802659840207,0.005988423779583184,0.0017999250656063697,0.04683138517078967
3216,3.39667084175295e-10,0.999978643081681,7.674584085747631e-06,1.3681994566167563e-05
3217,0.05326695489811537,0.0028190620234345752,0.00995995968836153,0.9339540233900887
3218,1.0281283478808395e-09,0.9999514116363728,4.654445209900217e-05,2.042883399782642e-06
3219,0.0008440462962510803,0.9975827359656314,0.001050161477627087,0.0005230562604901697
3220,0.9885502979214839,0.0009502273999078608,0.0016461747908528047,0.008853299887755448
3221,3.6766931964265224e-07,2.2350707971974596e-07,0.9993569274850518,0.0006424813385489052
3222,0.0006126935199914454,9.790329529903899e-05,0.9986929691478846,0.0005964340368247251
3223,1.2163852190484524e-06,1.374277053108247e-06,0.998800697970332,0.0011967113673958933
3224,0.9632957259892777,0.0003622931948296377,0.00100513506902512,0.035336845746867435
3225,0.005730536353150183,0.0006944082670967456,0.002319356792929694,0.9912556985868233
3226,8.368664134440835e-07,4.866917201301647e-07,0.9997899781862135,0.00020869825565277212
3227,0.05486713232792497,0.011626261525915236,0.02189631533838518,0.9116102908077742
3228,1.0475426172938687e-05,0.9958065933696295,0.004159179879316699,2.37513248810818e-05
3229,0.01652220200799659,0.0002020040183092765,0.004935715677667712,0.9783400782960265
3230,7.1203575037263445e-06,0.9955747995629866,0.0031829193420410884,0.0012351607374684324
3231,0.9389265104821612,0.009406519799650221,0.00526010501462669,0.046406864703561784
3232,9.119552107032847e-07,4.3224982301988967e-07,5.300680542844155e-07,0.999998125726912
3233,0.9810814606315538,9.559266267697207e-05,0.0020929083290541876,0.0167300383767151
3234,8.382043793267141e-11,0.9999923916547865,4.416019006219984e-07,7.166659492360234e-06
3235,0.003231391923987079,0.06841323725404995,0.9241153351716976,0.0042400356502653525
3236,0.9353111068060852,0.005706458132453835,0.011693223015067618,0.047289212046393435
3237,0.0006863657444292442,9.44241707771247e-05,0.0032976802524701376,0.9959215298323234
3238,0.004064715609185479,0.06819859995383797,0.9207180086767942,0.007018675760182243
3239,0.9992670727356969,2.160042827072552e-07,0.00012908604462218343,0.0006036252153980302
3240,0.00195503603836579,0.0014639696202140662,0.009900580287849773,0.9866804140535708
3241,1.0679601757061576e-09,0.9999532971354586,4.484414865964993e-05,1.8576479215739179e-06
3242,0.000829507750569423,0.9924806660057848,0.006390324639864343,0.00029950160378129246
3243,0.9354028261988465,0.00565045707515251,0.011613042952190207,0.04733367377381088
3244,0.9269131777736466,0.014252938797211345,0.013655997827622494,0.045177885601519294
3245,2.1122773058769864e-09,0.9999481375276039,1.7904711408323787e-05,3.395564871032388e-05
3246,2.1906990931942798e-08,0.9997730158335874,0.00019247903937917544,3.448322004264269e-05
3247,0.0032646186727212515,4.2584608941895807e-05,0.010085732621884693,0.9866070640964523
3248,0.0009062903247586058,0.9919453348619796,0.006026404045592922,0.0011219707676686731
3249,0.0003542285619281128,0.9302183466715221,0.0643472768863748,0.005080147880174833
3250,0.0005809477538710592,4.648162989007867e-05,0.21454035510402217,0.7848322155122167
3251,2.1821874570042227e-05,0.9958382451181792,0.001068729270860504,0.0030712037363901296
3252,0.004472779647815887,5.763781775240406e-05,0.993459591116388,0.002009991418043407
3253,0.0006035398987012182,0.000255668951101386,0.00217282207325681,0.9969679690769406
3254,1.3935922651509513e-05,0.9351398096656417,0.06464871186638708,0.0001975425453197979
3255,0.00484926618052408,0.0004760383154137102,0.025982845532189987,0.9686918499718723
3256,1.1431630321997105e-06,0.9987716484946692,0.0011675352246017106,5.967311769700503e-05
3257,1.9132854464259468e-07,9.398412610695498e-08,1.8973301207666158e-07,0.9999995249543171
3258,8.451228274954877e-06,5.1146594022606645e-06,0.996874233928031,0.0031122001842917475
3259,0.9938877098874253,3.46278950661318e-05,6.257121044331748e-05,0.0060150910070653684
3260,4.838238078587977e-06,0.9970650827737022,0.0011285910646614168,0.0018014879235576915
3261,0.05324318946320464,0.008381516678523757,0.009851768430084312,0.9285235254281872
3262,0.0028128934229565412,5.983423428465554e-05,0.0005602002046534608,0.9965670721381055
3263,3.452613090088136e-10,0.9999857219180758,1.003390925439733e-07,1.4177397570435427e-05
3264,2.1452027926513653e-08,0.9997959778208731,0.0001524250358204167,5.157569127856628e-05
3265,0.0005547294588120512,0.9336111376699864,0.06454693916893729,0.0012871937022642845
3266,7.389621534613288e-12,0.9999978215241084,9.935576235957961e-08,2.0791127395925612e-06
3267,0.9330257558748463,0.006091510606164839,0.013315611365251938,0.04756712215373686
3268,7.2330895476937705e-06,0.9960845903362818,0.0038234423376049924,8.473423656565347e-05
3269,1.549685100766545e-07,9.195650681103365e-08,0.9996057512839279,0.00039400179105510434
3270,9.95577015684216e-06,0.995329737404588,0.0045590177142492356,0.00010128911100583945
3271,2.489788227117513e-08,0.9997936310746364,0.0001979401437514435,8.403883729786048e-06
3272,8.382374484439231e-07,0.9986588426825689,0.0013316756000173913,8.643479965449705e-06
3273,0.05282445142031109,0.000611131946297937,0.005742858139832646,0.9408215584935584
3274,1.8667021689167315e-07,0.9993161420718627,0.0005751412873894509,0.00010852997053080406
3275,0.05243635190432495,0.005130243134394035,0.00697269955813891,0.9354607054031422
3276,0.020092783545069944,0.004514083665184651,0.019106224710708178,0.9562869080790373
3277,4.005976395530145e-08,5.2770534122707274e-08,0.9999756445351848,2.4262634517172727e-05
3278,2.1519161107661237e-05,0.04960444706091996,0.9499168097970547,0.00045722398091740767
3279,0.9657279549261586,0.011181043274569178,0.01079951785125019,0.012291483948022148
3280,5.70338313301858e-08,3.3294651771538746e-08,0.9997974080580414,0.00020250161347554077
3281,4.767695986898198e-07,7.554440645932216e-07,0.9999737065655266,2.5061220810137877e-05
3282,0.05258734955222669,0.0004144964729331784,0.0016288685373730997,0.9453692854374669
3283,0.05431181279653406,0.005249644824523172,0.016011803248882978,0.9244267391300597
3284,7.513833137619692e-05,0.9869212806239366,0.012933068412952407,7.051263173499161e-05
3285,1.8663146923821312e-09,1.1713410151175977e-09,0.9999547682973575,4.522866498678911e-05
3286,0.0012566470659565602,1.0965086377516346e-05,0.05999177447043182,0.9387406133772338
3287,3.4931914833214204e-07,0.9991175366797375,0.0008305073493693224,5.16066517449622e-05
3288,0.9917247382082721,2.3648066602416112e-05,0.002336688083620132,0.005914925641505309
3289,1.5392858223208113e-08,0.9998139776157728,0.0001561232430301224,2.988374833906412e-05
3290,0.008272379626562368,0.9726066000246082,0.01687697206277599,0.002244048286053434
3291,0.965660652744272,0.0005930268016011794,0.0030704337878239684,0.03067588666630301
3292,1.1065787562238187e-09,0.999954214994822,4.518007691267847e-05,6.038216865783153e-07
3293,0.959390893841322,0.01180123693238792,0.005285923278498568,0.023521945947791723
3294,0.9350476989327583,0.005835188073484442,0.011762285651983381,0.04735482734177395
3295,0.9890509880038066,8.55275921436935e-05,0.004762194260663223,0.0061012901433863745
3296,6.645203271834019e-13,0.999999396344926,9.996586347966519e-08,5.036885461101626e-07
3297,1.0771763508330436e-05,0.9965653554560429,7.349658001235234e-05,0.003350376200436556
3298,0.9946768880443282,5.9392813828521815e-05,0.00022130217524765972,0.005042416966595498
3299,2.239424924608146e-06,0.9977882921391867,0.0021944691411343925,1.4999294754474734e-05
3300,9.31360125418736e-09,7.676148786364298e-09,0.9999062953281768,9.368768207329166e-05
3301,8.022661794342073e-10,8.3343786284012e-10,0.9999782558324067,2.1742531889033173e-05
3302,0.004956239244665448,0.00010724916284089405,0.00045523474349431874,0.9944812768489993
3303,2.593820454418184e-07,0.9996035554781514,2.5011454861912335e-05,0.0003711736849411739
3304,0.005418838842327615,0.0003674509033873788,0.026776496584440087,0.967437213669845
3305,3.0592261107875185e-08,1.863271362691043e-08,0.9998875125798089,0.00011243819521644464
3306,0.05282934983258569,0.007343200314723203,0.0068348693538816925,0.9329925804988095
3307,0.9432378167591252,0.00017795229562531328,0.009858902731234515,0.04672532821401521
3308,0.007131296096844148,0.00024457714737743426,0.9880380229861632,0.004586103769615196
3309,2.1820900660121926e-07,0.9992755650816014,0.0006520341550341505,7.218255435796847e-05
3310,0.007258558850574126,0.00030969308653255113,0.0006869651374675828,0.9917447829254257
3311,2.8903139190034357e-05,0.9678783598927072,0.03192535702460733,0.00016737994349545684
3312,1.1868171808863498e-07,7.751599104822911e-08,0.9996356574456572,0.0003641463566337773
3313,0.9482037347850567,0.001282307650520464,0.0036702015506990195,0.046843756013723724
3314,5.435604913748934e-05,0.988508973660374,0.010777870496590798,0.0006587997938976422
3315,4.1774090445201566e-08,0.9997133088687438,0.00025566234825418973,3.098700891153392e-05
3316,0.0023492195661302825,4.0655105064476816e-06,0.9958261282964982,0.0018205866268649568
3317,0.05102234424347019,7.268382076715531e-05,0.05581961585007139,0.8930853560856913
3318,0.055101410793847706,0.010793605790709645,0.02151211557720364,0.9125928678382389
3319,0.05066227516479348,0.010957969030640207,0.015058142259516771,0.9233216135450496
3320,4.876470400895289e-07,0.9989687994808716,0.0010074159321286384,2.3296939959764122e-05
3321,1.1051933247703254e-05,0.9951205204370207,0.004861954691685352,6.472938046325064e-06
3322,1.914380219689887e-06,0.997977349806551,0.0020027474688345858,1.7988344394665778e-05
3323,5.4750982352255784e-05,3.269656865119593e-05,0.9920082829611324,0.007904269487864081
3324,2.767709229613528e-11,0.9999944006163279,2.030052765780482e-06,3.569303229256947e-06
3325,9.117963990992582e-07,5.627762569147135e-07,0.9995410719558789,0.00045745347146515015
3326,1.60693994464427e-07,0.9996899848111781,0.00010322682727838561,0.00020662766754902485
3327,2.082827917158857e-06,0.9979013541323212,0.002084189474780965,1.2373564980677458e-05
3328,3.581967479485487e-08,2.287045396425506e-08,0.9998058755937089,0.00019406571616215968
3329,0.9501223758986983,0.0003483682723176679,0.002671537447639899,0.04685771838134407
3330,2.7449872983843622e-06,0.9976705921591627,0.002280076732445338,4.6586121093539334e-05
3331,3.133900934289482e-06,0.9977668574837967,0.0007475283209671074,0.0014824802943019708
3332,1.2290562481919825e-06,0.9984792111655039,0.0015062951176075228,1.3264660640413828e-05
3333,0.0006490619697768591,0.03339561493343298,0.9612182589558034,0.0047370641409869105
3334,0.007317335790818665,0.00010907482259757878,0.0014791064712836013,0.9910944829153001
3335,0.0011937249196837501,1.4443786271569934e-05,0.9338311555161531,0.0649606757778915
3336,1.9826443215210826e-05,0.9568620393138756,0.04303219277589222,8.59414670170318e-05
3337,0.0035557722762495506,0.000671726692395512,0.059887221297598686,0.9358852797337562
3338,0.9477880586910605,0.005018100118060974,0.00039938437382528184,0.046794456817053354
3339,7.565400013263824e-08,0.9996170219225557,7.257510387339237e-05,0.0003103273195707021
3340,0.005306538148761436,0.9831877258910557,0.004843307185579274,0.006662428774603625
3341,0.9975265169792803,2.1843301097075455e-06,0.0005832518029110633,0.001888046887698858
3342,4.349679688490527e-06,0.9969071754345082,0.0030604820070257496,2.7992878777673638e-05
3343,0.002616131586374789,0.996580656581121,0.0003341837647462076,0.0004690280677581393
3344,0.9997691216492387,3.388128648553841e-07,8.912492667447726e-05,0.00014141461122190734
3345,8.064717012145473e-08,0.9995419932319286,0.0003792989299625198,7.862719093889317e-05
3346,5.848170369122748e-07,0.9988603738018548,0.001094732321858977,4.430905924927732e-05
3347,0.0005607361904984652,2.683227664395567e-05,0.00356599008059876,0.9958464414522589
3348,2.2974191622492166e-07,0.9992043507232049,0.0006181964097888336,0.0001772231250900743
3349,0.9352616856024554,0.005832737485090803,0.011561122089263019,0.0473444548231909
3350,0.00019570830838964865,0.006224607218917569,0.9909691234326528,0.0026105610400401036
3351,0.010903184832173762,0.0009546172641705242,0.0005256919969060156,0.9876165059067495
3352,0.045913384667452636,0.0010944794771003332,0.020005379311199903,0.9329867565442471
3353,9.503710156740036e-05,8.94958065577217e-05,0.053110735790959804,0.946704731300915
3354,0.9259376694388177,0.0002157554811262084,0.025861929176045764,0.04798464590401037
3355,0.0019008394262692257,0.00011786408598125812,0.018845532723380323,0.9791357637643693
3356,0.0005761954962564678,0.03140715192452534,0.9393327368239492,0.02868391575526866
3357,2.247600392401582e-06,0.9980882166807792,0.001845628256814078,6.390746201432553e-05
3358,9.188001420596015e-07,0.998780498600953,0.0005675727834422375,0.000651009815462748
3359,1.885524290748291e-12,0.9999983092955002,7.824837702497685e-07,9.08218843977661e-07
3360,0.00018364336779411224,0.9347956049417249,0.06459210622225146,0.00042864546822949897
3361,0.05255444378990616,0.0037833743833568505,0.002578027409551346,0.941084154417186
3362,0.05265256129558378,0.002981864203403915,0.0047600698682277644,0.9396055046327845
3363,8.369337381600879e-07,4.787980435384697e-07,0.9994691443894951,0.0005295398787232311
3364,0.00019632783443544692,0.022419637926592826,0.9768061522684363,0.0005778819705354478
3365,0.9175637124257683,0.007577762911752753,0.037456339778107264,0.037402184884371796
3366,0.03401779605042835,0.00010800255640594722,0.9020978051608294,0.06377639623233597
3367,1.0096881226489026e-07,9.862225616661834e-08,0.9996694735438969,0.00033032686503468953
3368,0.0014493866443011222,3.467222217067128e-06,0.9935419306055449,0.005005215527936901
3369,1.9644999501865863e-09,0.9999629645400933,4.6026239953257906e-06,3.243087141159503e-05
3370,2.293639574307235e-07,4.663573424274514e-07,0.9998356871099257,0.00016361716877450676
3371,0.9616179185208262,0.0005285083411098538,0.034034775915203916,0.003818797222859848
3372,0.0033048274981414805,0.0001193874503914001,0.9839894276588474,0.012586357392619695
3373,0.0013287354606469268,1.6257099184280798e-05,0.0047814568504054395,0.9938735505897633
3374,0.023290831462231276,0.00013736919926408687,0.7014954899694597,0.2750763093690449
3375,0.9911870835356656,2.4677698807185153e-05,0.005212534227979848,0.0035757045375474864
3376,0.9806835163931665,0.010407257635047077,0.006029429819750369,0.002879796152036261
3377,0.0008311571945251586,0.0001873718292779211,0.9980332680445874,0.0009482029316098662
3378,0.002033922582788892,0.00031293354890528103,0.9972572976369967,0.00039584623130925034
3379,0.9523650205372307,0.00010512048331728562,0.0006483338033794826,0.046881525176072456
3380,0.9637369177924554,0.0007319960050834999,0.029854238949866663,0.005676847252594575
3381,2.932586727125498e-07,1.2401462185924538e-07,2.618600802108272e-07,0.9999993208666252
3382,0.0003670497882474624,0.9696938787401427,0.02923397720616486,0.0007050942654449192
3383,2.0167277804913153e-05,0.9350942423033041,0.06463380829275074,0.00025178212614033254
3384,0.9351921082478427,0.006477778357242103,0.011080054314247814,0.047250059080667074
3385,0.00044126224312579423,0.03211380594297355,0.9660822117043405,0.0013627201095599375
3386,0.00016582037224191262,0.0006944319040056611,0.059943599305317244,0.9391961484184352
3387,0.9338143170260276,0.005839471524136425,0.012855276850314441,0.0474909345995218
3388,0.9992437371990773,1.6837598986224256e-05,0.0002758548079686518,0.0004635703939677322
3389,0.9981065396361241,2.0491635129019104e-05,0.0005130743551680531,0.0013598943735789414
3390,0.0028411006236634005,2.5929264398450703e-05,0.0005882069565369398,0.996544763155401
3391,0.9274440589948258,0.01117499503984296,0.021635435447219076,0.03974551051811245
3392,3.485629938962915e-05,0.9563602207211731,0.04356300897111441,4.191400832317749e-05
3393,6.585122522060259e-05,0.9877526100633076,0.012010884993277862,0.00017065371819379843
3394,0.0005870584716151642,2.5436514456116076e-05,0.00604809853278047,0.9933394064811485
3395,0.9671076705156889,0.004521818210628597,0.004191698408804894,0.024178812864877677
3396,0.003936376593546129,3.0409688285295515e-05,0.01028110984263789,0.9857521038755307
3397,0.9817650210881336,0.00011541546593292288,0.0008465084547009906,0.017273054991232627
3398,1.0127975307107218e-05,0.934887759576174,0.06454558416525565,0.0005565282832633119
3399,9.0211285804037e-07,4.4813908206366527e-07,8.935639414297887e-07,0.9999977561841186
3400,0.9897363348040399,9.871191225850372e-05,0.0010152093729713205,0.009149743910730146
3401,0.005554693523362794,3.727164801753078e-05,0.0051027145798067915,0.9893053202488131
3402,0.9480329574912355,0.004190806358382829,0.0009418138333002005,0.04683442231708158
3403,5.186386510035853e-05,3.0239971880750025e-05,0.9923991645347828,0.007518731628236005
3404,0.051305395059418196,0.018697154890985567,0.027049673264707582,0.9029477767848887
3405,0.0009217130978484143,0.9232295541479191,0.06060988902003638,0.015238843734195859
3406,2.724742445209381e-08,1.63500140859653e-08,0.9998680455830337,0.00013191081952768245
3407,4.7251637110961494e-05,0.9899240455944507,0.0098406369906606,0.00018806577777781382
3408,6.950554629465939e-05,0.9345585487833907,0.0644942544123098,0.0008776912580047524
3409,0.0014328843953223941,0.0002083869113382736,3.8794243050221315e-05,0.998319934450289
3410,4.062946127863568e-06,0.9972002521467442,0.002591150501845293,0.00020453440528252683
3411,0.0006004423857732486,0.9899555998764323,0.003528667689538591,0.005915290048255974
3412,2.3468810940708156e-08,1.4583197170917301e-08,0.9999097082463752,9.025370161665628e-05
3413,8.43744344335509e-07,0.9986864129787796,0.001235831858303574,7.69114185725408e-05
3414,1.8377411514595132e-08,8.5524315150946e-09,0.9999888429532792,1.113011687780419e-05
3415,4.9349309583806536e-11,0.9999887214909587,9.024496696783586e-06,2.253962995249148e-06
3416,2.961479213822762e-07,1.6054510354699923e-07,3.196687667552478e-07,0.9999992236382083
3417,0.004019222833385646,0.9221303734978186,0.06331922937742367,0.010531174291371698
3418,8.10672254896119e-11,0.9999917518830898,1.6558409794051064e-06,6.592194863641548e-06
3419,0.052626916716644656,0.007850719813445192,0.0033612325356345077,0.9361611309342754
3420,0.05494687934916787,0.010900915937775677,0.021494437856245607,0.9126577668568108
3421,0.9595420417104077,0.000195528381415518,0.0003850474478703264,0.039877382460306546
3422,0.046564556712823994,0.00699603183811038,0.017066184544353748,0.929373226904712
3423,5.459203359532207e-06,0.9966489243796955,0.0032513664640756697,9.424995286933132e-05
3424,0.041327652435092295,0.0026026531143063894,0.013396981651598144,0.9426727127990032
3425,0.0007731569492824102,0.9244384642411718,0.05840031189600669,0.016388066913539213
3426,2.691559788387558e-06,0.9975352059387814,0.002309418954301984,0.00015268354712822145
3427,6.512107988102172e-06,0.9482538469312227,0.051718416999066874,2.122396172231393e-05
3428,1.935161809078198e-07,0.9993773281844422,0.0004674302103307536,0.00015504808904614738
3429,0.001284283440701738,0.0001083500816122074,0.0004815928048870464,0.9981257736727989
3430,0.9849017037665909,0.00013770777147910989,0.010645861770468267,0.0043147266914617685
3431,0.9990872338452443,7.363620070575323e-06,0.0004716794283118589,0.0004337231063731875
3432,9.688501463574175e-09,6.429517384136339e-09,0.9999123342201177,8.76496618634385e-05
3433,0.9518228984371356,0.0011217936959591972,0.00013070285204910237,0.04692460501485621
3434,0.04523851044226353,0.0056411986919145535,0.018988843297862962,0.930131447567959
3435,0.004949189039686734,0.9837175186362194,0.0015259199308523153,0.009807372393241464
3436,0.012190313419847588,9.496582642040964e-06,0.05953031360951891,0.9282698763879916
3437,0.054422079387822835,0.013190891808977675,0.022217572273973855,0.9101694565292255
3438,0.9907602004931408,4.285123209202756e-05,0.00819068529799548,0.0010062629767715284
3439,0.9424623843232014,0.002776600459720039,0.007918531776042933,0.046842483441035344
3440,2.698574091491199e-07,0.9991674193136951,0.0007111473696046778,0.00012116345929115455
3441,0.008138146191172776,0.0023478123793650493,0.9577657210831494,0.031748320346312954
3442,0.9983703469090508,8.550467305677853e-06,3.450287936160034e-05,0.0015865997442823417
3443,2.1245442024767903e-08,1.1833832260277295e-08,2.324490255507897e-08,0.9999999436758232
3444,4.727191312042841e-05,0.11774300613635345,0.8820381206446601,0.00017160130586604263
3445,2.3380201379160343e-05,0.935335015260999,0.0645855453831285,5.60591544932629e-05
3446,0.9512444677320243,0.0011232182340862142,0.01776288393016635,0.02986943010372297
3447,7.315227238658637e-10,0.9999590050594883,2.6300227198878006e-05,1.4693981790239178e-05
3448,1.4767409121880255e-05,0.9944632159006993,0.0055052670221964846,1.6749667982438312e-05
3449,2.5925627977903463e-05,0.9366712517263743,0.0618054730619843,0.0014973495836634184
3450,2.0065180854459163e-06,1.1042059587107682e-06,1.178001863627176e-06,0.9999957112740921
3451,0.9048813304394969,0.0009923356777645804,0.049270870292297424,0.044855463590440924
3452,4.2056228912883996e-10,0.9999700161313263,1.5583240728225175e-05,1.4400207383222687e-05
3453,1.4070687612073036e-12,0.9999988751353698,9.422112381676087e-08,1.03064209915621e-06
3454,0.012735181149100225,6.659858299087938e-05,0.00018120738307316123,0.9870170128848357
3455,0.007270523266330005,0.00043412852038655155,0.037912951639063955,0.9543823965742196
3456,0.0009096199995836116,0.0002205878262535771,0.9985490165934623,0.0003207755807004251
3457,3.245789422653017e-09,0.9999140021181567,5.542208158725683e-05,3.057255446643943e-05
3458,0.052668918225351476,0.006787833991152933,0.009265122999787928,0.9312781247837076
3459,7.04708585772081e-05,0.0687793959903964,0.9297973732492483,0.0013527599017781591
3460,3.6417496994355884e-10,0.9999695451278535,2.3295691298889257e-05,7.158816672516612e-06
3461,0.9998426256338271,1.7840125123356348e-07,6.546798143534803e-05,9.172798348643679e-05
3462,0.05258786880735409,0.0006786145463145447,0.00032093983858152763,0.9464125768077499
3463,0.00010010405829860871,0.9866704985125716,0.013026460394938131,0.0002029370341916994
3464,1.5257703534617646e-07,0.9995521556347248,0.0001558228947790682,0.00029186889346072086
3465,1.138293073214665e-06,0.9984996894324802,0.0014475481526715695,5.162412177493423e-05
3466,0.0011727153630572895,2.326561830958278e-05,0.0002833917338105905,0.9985206272848224
3467,0.0005218678044926634,0.940254463924548,0.0435348127379117,0.01568885553304782
3468,1.5959712638381234e-07,1.0468283702347396e-07,0.9999007465487608,9.898917127581265e-05
3469,1.1120850875908583e-08,0.9998352074221156,0.00014753982445441107,1.7241632579341258e-05
3470,1.1209046045029692e-08,0.9999156960347779,1.2133899077108622e-07,8.417141718518697e-05
3471,1.2537605697568729e-05,0.9945656997178247,0.005142916484421441,0.00027884619205647095
3472,8.878317511641453e-07,0.9988670880293075,0.0004086284171501328,0.0007233957217913043
3473,0.0025493887302996915,0.06823949517229819,0.9162526123844305,0.012958503712972047
3474,0.0006644868958388494,4.890805599282709e-05,0.05996035116907461,0.9393262538790933
3475,0.0007360261641913478,0.9963408544380095,0.0025635241568698563,0.0003595952409295226
3476,0.00014687507635460174,3.743861412552376e-05,0.9347425331654555,0.06507315314406457
3477,5.773632590202386e-09,0.999887259810961,0.00011086149942982918,1.8729159764007406e-06
3478,0.05569152607217161,0.0003104003758760543,0.038199396322552016,0.9057986772294009
3479,2.8326331325442685e-10,0.999989194464523,7.151712655930575e-07,1.0090080948278837e-05
3480,4.826814181843328e-05,5.1046766728409806e-05,0.009077315633675259,0.9908233694577777
3481,0.05199435737916015,0.0011462882580843931,0.0035294692908278396,0.9433298850719277
3482,0.04620442034324079,0.005980048060227069,0.017178878074565918,0.9306366535219661
3483,0.03775219179031488,0.003306401445075867,0.004947722855542977,0.953993683909066
3484,2.926468666930715e-08,0.9997722684874779,0.00018998727545914377,3.77149723761585e-05
3485,1.6354698840483715e-08,0.9998117453897605,0.00018292621839768191,5.312037143037242e-06
3486,0.00015376982431098752,0.982457784268675,0.016906397514736344,0.00048204839227739037
3487,0.004447624465111871,0.007057477879111048,0.9875067843532627,0.0009881133025143258
3488,0.00024574251667256695,0.9335959096058624,0.06447341283380265,0.0016849350436623483
3489,1.3265138901910369e-07,0.9994677984964561,0.0005204337406442195,1.1635111510433558e-05
3490,0.9503364191957125,1.6090239803244953e-05,0.0027320203964331284,0.046915470168051115
3491,1.8684076961157008e-06,1.6435888762584974e-06,0.9985242405891146,0.0014722474143131082
3492,0.00105592414912068,1.4963517189802299e-05,0.0005507098110274826,0.9983784025226622
3493,5.835809067871488e-06,0.9963612891733188,0.0021780370923053676,0.0014548379253078961
3494,5.897476832013335e-08,3.533417167879215e-08,6.696894591203735e-08,0.9999998387221141
3495,0.004971693689704285,0.00206035746148116,0.9897033738212995,0.0032645750275148737
3496,1.4371844676813167e-10,0.9999893166904359,2.2349688959785455e-06,8.448196949799388e-06
3497,0.006689181370230792,0.9817477341042874,0.005102936100874054,0.006460148424607591
3498,0.0041595345934532756,0.9872896875052418,0.004016860080504842,0.00453391782080033
3499,4.1690241528298865e-10,0.9999699531946866,2.9004265086311695e-05,1.042123324646771e-06
3500,0.9520883397966301,0.0004043392128513846,0.0005655009953276727,0.046941819995190516
3501,0.996831223190462,8.99673702232727e-05,0.00014397060708717778,0.002934838832227519
3502,0.9970032285506389,4.416547418558187e-06,0.00019284694761832573,0.002799507954324069
3503,0.00035958329147583166,0.983083020861265,0.008483434079124637,0.00807396176813462
3504,2.6565817083959657e-07,1.9221779765041554e-07,0.9995780500871406,0.0004214920368909024
3505,5.972760659440996e-07,1.294463169349505e-06,0.9994023372903669,0.0005957709703978402
3506,4.014889493694849e-06,2.4963349934512567e-06,0.9981910722727747,0.0018024165027381793
3507,2.8667036604996272e-09,1.7525759472127323e-09,0.9999824583343182,1.753704640215345e-05
3508,1.7292775098074227e-06,0.997940286237583,0.0016868464562383874,0.0003711380286688399
3509,2.9931994881782757e-09,0.999957954274592,1.8906901693164157e-06,4.015204203936572e-05
3510,8.665826503373872e-09,5.476155113101145e-09,0.9999704136128587,2.9572245159676157e-05
3511,0.001042387927231651,7.761664585993933e-06,0.9971449967768827,0.0018048536312996507
3512,3.2446102936331625e-11,0.9999951980968511,7.491270975250848e-07,4.052743605200876e-06
3513,0.0005957753588249282,0.0025913770883469684,0.9853399764090166,0.011472871143811719
3514,0.029473737871096015,0.010753544699236122,0.9592074869480037,0.0005652304816641434
3515,0.051477551318363346,0.009714826803936611,0.03146261814115832,0.9073450037365419
3516,0.0519245455696201,0.00011293079885201636,0.0036618370650824757,0.9443006865664454
3517,9.770014309496641e-05,0.9849846473659504,0.01472636257553728,0.00019128991541741448
3518,1.6414046748743813e-10,0.999987148826795,3.805013767466633e-06,9.045995296958426e-06
3519,0.013822301558400717,0.002451031481370742,0.01434848475829498,0.9693781822019335
3520,0.9988409315362271,4.3002410475864486e-05,0.0007703146776253735,0.00034575137567172397
3521,0.001030106310553985,4.792134443243574e-06,0.9879720048952181,0.010993096659784771
3522,1.6446125963243497e-07,1.8983420080913295e-07,0.9995733476999865,0.0004262980045529703
3523,6.120522812773161e-07,3.5096010322730777e-07,0.9996118197177566,0.000387217269858809
3524,6.812841499780294e-09,1.3223571562453134e-08,0.9999463623216662,5.361764192069423e-05
3525,1.3238641117828456e-10,0.9999903852355326,2.078471408953711e-07,9.406784940059836e-06
3526,0.9517553658597286,0.012185485108103048,0.012714555168014742,0.02334459386415364
3527,0.047463324104253246,0.009189300036297449,0.015109055000675374,0.9282383208587738
3528,0.9966120587660884,7.877217474485668e-05,7.861124202571113e-05,0.0032305578171410295
3529,2.4014812101784277e-08,0.9998699056003157,3.139514072398013e-05,9.867524414806618e-05
3530,0.0007873483592293684,0.00047032150647047135,0.9954324767833769,0.0033098533509232963
3531,3.288835743060823e-06,0.9973285692315789,0.0025529293383823944,0.00011521259429553884
3532,5.395177685988419e-09,1.1029235327081769e-08,0.9999733524327159,2.6631142871199293e-05
3533,0.006932480946974097,0.0016615673934833575,5.599360817875204e-05,0.991349958051364
3534,0.00015318535503692,0.001631819952951456,0.997869377523496,0.00034561716851551057
3535,0.0006763353609748207,0.9309355254391368,0.06440298477607591,0.003985154423812803
3536,0.0005031084604684846,0.9633734867475654,0.02558291457444965,0.010540490217516367
3537,0.9525349496176231,0.00013684661206588675,0.00043058326792080176,0.04689762050239006
3538,0.9764192099244423,0.0011050657155455678,0.0007454637991754923,0.021730260560836653
3539,0.054976057925129364,0.010955363387975802,0.02146880298406451,0.9125997757028302
3540,4.7274932200415034e-09,0.9998954431376713,9.443236076262635e-05,1.0119774072908386e-05
3541,5.96391876563031e-09,7.492286757949373e-09,0.9999336959438672,6.629059992728877e-05
3542,6.163060472055331e-08,3.712364959174628e-08,7.017632031702722e-08,0.9999998310694254
3543,0.9993737799521687,2.4960233104812396e-06,2.6966783082065935e-06,0.00062102734621271
3544,0.04078811928153763,0.006064161869032233,0.923919122632322,0.029228596217108282
3545,2.4676681703795065e-07,0.9994018962151968,1.0521013263180662e-06,0.0005968049166598917
3546,8.84442074107592e-08,0.9995679139683874,0.00037846400560960546,5.35335817956245e-05
3547,0.9834596022123392,0.0003181871707095429,0.011856587132095175,0.004365623484856078
3548,4.191190351753552e-06,0.9970340909524558,0.002947164502831568,1.4553354360967623e-05
3549,0.9854509312257071,0.009835889842206376,0.0039804740410423305,0.0007327048910442475
3550,0.012384894169428918,0.03853539175821161,0.9391599600848922,0.009919753987467344
3551,0.0017940469603457115,5.8181563766747815e-05,0.00019943116988271398,0.9979483403060049
3552,0.05459233673335267,0.008600236260628032,0.018041690450327268,0.918765736555692
3553,0.9511032488470496,0.0003495657163762537,0.0016043959272348644,0.046942789509339694
3554,1.7208084159097759e-06,9.609807265034655e-07,7.092191907313332e-07,0.9999966089916669
3555,3.222447932855748e-05,0.9912603497343275,0.008371869345417527,0.00033555644092618276
3556,8.170135531335412e-05,0.9860923170610023,0.012257268327304416,0.001568713256379943
3557,0.006670186817670281,5.746518903620276e-05,0.992119082145637,0.0011532658476566208
3558,1.6123998774083752e-08,9.615187664885135e-09,1.8257681151452182e-08,0.9999999560031324
3559,1.3925958674134935e-06,0.9981755019181942,0.0017116396479038695,0.00011146583803437307
3560,1.5309748935423248e-06,1.6507149512518092e-06,0.9986174722189075,0.0013793460912476848
3561,0.05428712781922494,0.005997937565039997,0.01595759022521855,0.9237573443905166
3562,6.555221114836543e-06,0.9546277259344715,0.04497773085050362,0.00038798799390968937
3563,0.9333602250244666,0.006974309696972594,0.012141645617359009,0.047523819661201804
3564,1.2755599448463443e-09,0.9999688204755245,6.154652975784136e-06,2.5023595939666085e-05
3565,1.5498151467103548e-11,0.9999969251426206,1.722128096149419e-07,2.9026290715707033e-06
3566,4.4840007805831937e-08,0.999649816937345,0.0002591771644373581,9.09610582100166e-05
3567,0.031348287019974594,0.0034131178312045594,0.9455830798383099,0.019655515310510567
3568,0.9932125457589465,2.708657215875125e-05,0.005428560734429438,0.0013318069344651882
3569,4.3175307166743576e-10,0.9999661989648168,2.3823820263156022e-05,9.97678316714745e-06
3570,0.008139059156703352,0.9192928854444443,0.06071277584821724,0.011855279550635063
3571,4.2931399979494474e-06,0.9970466038048015,0.002943482977381991,5.62007781864418e-06
3572,0.0013122875502898945,7.628608347059457e-05,0.05992440016362944,0.93868702620261
3573,0.0017268343000425826,3.559826138957791e-05,0.9914783167108046,0.006759250727763577
3574,2.6962968336543045e-09,1.3973266496494553e-09,0.9999647745929571,3.5221313419260055e-05
3575,0.9508126021486398,0.00010265999856407092,0.006532628378078009,0.042552109474718165
3576,0.01249660453846551,8.502159899221994e-05,0.9197428431170451,0.06767553074549708
3577,0.001183554199565169,0.021729485847396535,0.9295287623984376,0.047558197554600605
3578,1.2504435409878236e-07,0.9994413089833103,0.00038421934695333785,0.00017434662538228686
3579,6.262100521134578e-11,0.9999885166304321,1.0841016894000533e-05,6.422900528713785e-07
3580,0.002557689085566263,5.682656134026992e-05,0.996565284604651,0.0008201997484421488
3581,0.00021844421073413344,5.5276880004732615e-05,0.010636514222928958,0.989089764686332
3582,1.6718941609466433e-10,0.9999835170251564,1.1463572370444826e-05,5.019235283450254e-06
3583,0.9813670378161771,0.010379631724548382,0.00461781326682743,0.0036355171924472235
3584,0.005602513467027927,2.1724495931366968e-05,0.9800534449445797,0.014322317092460736
3585,0.9997097850661382,2.494151298199935e-06,0.0001467197566711509,0.00014100102589248046
3586,0.00047707256998001717,0.00022686763171553297,0.025676020916527948,0.9736200388817766
3587,0.9341534647091149,0.00019557260483120054,0.01825101889926515,0.047399943786788815
3588,0.9477549649730961,0.0018176749478814734,0.0036151756861719925,0.04681218439285028
3589,6.923973407496751e-07,0.9988809871841168,0.0010823667771580447,3.595364138431274e-05
3590,5.513115156668586e-07,0.99903717029398,0.0009572844086319169,4.993985872517496e-06
3591,9.520351156564042e-08,6.064720388556438e-08,0.9999748725947779,2.4971554506758746e-05
3592,0.9977181938861971,0.0002376813834381323,0.0005695530581553628,0.0014745716722092594
3593,1.1029761312786769e-09,0.999966123936095,9.08277004343409e-06,2.4792190885528744e-05
3594,0.9545033386235207,0.0002953643554834875,0.008180839532623253,0.037020457488372474
3595,0.9606912947803203,0.0015074360320626807,0.03431108146915932,0.0034901877184576884
3596,0.03535550063412902,0.00448808167797783,0.01741681955064175,0.9427395981372515
3597,0.991722184909083,0.001960733137802766,0.004311340510911568,0.002005741442202583
3598,4.3024401069080474e-05,0.9552806532749561,0.04465486176924142,2.1460554733369498e-05
3599,1.3910212167913469e-05,0.004959904002719115,0.9949274520795554,9.873370555778902e-05
3600,0.009972328795285932,0.916786543204502,0.057960649043977366,0.015280478956234718
3601,1.1228528834072902e-06,5.109659445525317e-07,1.0548730511909916e-06,0.9999973113081209
3602,4.2700828325440426e-07,9.318118962344717e-07,0.9994763324203466,0.0005223087594740955
3603,0.0009857135917031462,0.00044151949139309936,0.036947834586377216,0.9616249323305264
3604,1.0301456975348483e-11,0.9999977310563359,9.781216887786236e-08,2.171121193584806e-06
3605,0.9527948238169912,0.0024479167060246936,0.008857947341933702,0.03589931213505028
3606,0.020415651503091707,0.00015674987317212583,0.2495973645458204,0.7298302340779159
3607,2.326867980244961e-11,0.9999960385434569,4.140860630796591e-07,3.54734721136944e-06
3608,0.01754918753402089,0.0009742754889538845,0.031413659964362496,0.9500628770126632
3609,0.055168134158174766,0.008886104628290842,0.022140200240595286,0.9138055609729392
3610,0.033979138511820904,0.0001234264066348844,0.002332324457054943,0.9635651106244892
3611,0.9875530014770221,4.058002691790977e-05,0.004091209139416475,0.008315209356643599
3612,0.00014088530494577145,0.981957076355122,0.017847004220685685,5.503411924658291e-05
3613,9.699131287005358e-07,0.9987084442735652,0.0012821840602241328,8.401753081901175e-06
3614,0.04631919697446593,0.001791653763632492,0.059101031365286445,0.8927881178966152
3615,0.011542526964532328,7.802958345516181e-05,0.0013345584787769103,0.9870448849732356
3616,5.8436253368602314e-08,6.461364489046212e-08,0.999713860874091,0.00028601607601073687
3617,1.1223485895248187e-06,1.9681087002554127e-06,0.9992908005046426,0.0007061090380674767
3618,0.0008979291490832338,0.0002120843684921568,0.020771590362671205,0.9781183961197534
3619,0.049231766704022344,0.004045785692584445,0.05728549921296779,0.8894369483904255
3620,9.155434435687901e-07,5.506216093237309e-07,0.9991167262324071,0.0008818076025399937
3621,2.244277575899812e-06,0.0013591024654606662,0.9986195022178194,1.9151039144132102e-05
3622,2.21272995799061e-09,0.9999260452905081,6.680135807726252e-05,7.1511386847960926e-06
3623,0.05217220893981876,0.0048368630644934725,0.0021690259333740835,0.9408219020623136
3624,3.6828624278637408e-06,2.2268472379583553e-06,0.9982034800448963,0.0017906102454378577
3625,1.5327156753472092e-08,0.9998141164808099,9.206873144907174e-05,9.379946058431492e-05
3626,1.272469792421488e-05,0.9942496977325823,0.0040680539866900095,0.0016695235828032581
3627,0.004627537024309972,5.987510824942296e-05,0.3878222226059268,0.6074903652615138
3628,6.057296199411953e-07,0.9988548113503132,0.0011101309703024813,3.44519497643664e-05
3629,1.4596375323712041e-07,9.107179919512724e-08,0.9995947630914036,0.0004049998730439873
3630,1.4275721799588979e-05,0.9349057824048879,0.06463506277034403,0.00044487910296850397
3631,6.521726488284424e-06,0.9961688122996849,0.0037397142450115318,8.495172881515092e-05
3632,0.0025926890718129506,0.0001237659002630347,0.005544186494931012,0.9917393585329932
3633,1.3947547093486744e-05,0.9947278864682133,0.004756496437476349,0.0005016695472168873
3634,4.159724437345442e-08,1.5229137070362727e-08,2.8088384722487333e-08,0.9999999150852339
3635,1.3992362546207696e-06,0.9985172777243613,0.0006025120883437914,0.0008788109510402836
3636,0.008876875708227814,0.9227232934688602,0.05165621977814624,0.01674361104476591
3637,0.9991105809872305,6.805421021735691e-06,0.0003106420625488385,0.0005719715291989853
3638,0.05270566051627868,0.00016377685136560724,5.4216385000585365e-05,0.9470763462473551
3639,0.9767507824024567,0.00036074524007082535,0.0014364641948595744,0.021452008162613004
3640,3.420946850456656e-13,0.99999947567539,9.998279432345366e-08,4.2434147358516503e-07
3641,1.1501096361614031e-07,7.275164848993022e-08,0.9996408090452535,0.00035900319213446686
3642,6.237602122577105e-10,1.3542426033025875e-09,0.9999968455333087,3.1524886885853806e-06
3643,0.0183742061531806,0.00281984222534172,0.9716686113245439,0.007137340296934045
3644,0.9566292585823035,0.0006196427797535485,0.004976667352074743,0.03777443128586816
3645,4.221528357614849e-08,0.9996967429599608,0.0002931367620556924,1.0078062699967784e-05
3646,0.964109820638747,0.011055109547773504,0.004401595731662096,0.020433474081817563
3647,1.006074145844148e-05,0.995195463983462,0.004589435174877968,0.00020504010020160735
3648,0.002018058314632704,0.9609774785102494,0.030915662349443273,0.0060888008256746555
3649,0.9583626524109656,0.0023316511191669976,0.030536909519017438,0.00876878695084991
3650,0.008357799751903544,0.9640938152516924,0.02679720342834178,0.000751181568062197
3651,0.0016903697630228434,9.399998791375511e-06,0.9332819391146411,0.06501829112354438
3652,0.995784019411896,4.540200508622767e-06,0.0017939301094872955,0.002417510278107851
3653,7.90896633988158e-09,1.6366854369436507e-08,0.9999773061705205,2.2669553658729194e-05
3654,0.9974129428730764,3.6807662768278363e-06,0.00024145236624402091,0.002341923994402722
3655,0.9255336718238851,0.002654042559869418,0.02450460427762085,0.04730768133862487
3656,3.392600674655811e-05,0.9909140086930381,0.006004479947282434,0.003047585352933006
3657,0.009138624948723677,0.9609823748503162,0.022712072383030524,0.007166927817929448
3658,0.9468078982787297,0.00015646551388828455,0.022829283910628596,0.030206352296753402
3659,5.278049663910653e-05,0.9308365977225131,0.06439701885709562,0.00471360292375228
3660,0.0007613317187701262,0.00011622018428954919,0.05671616730586926,0.9424062807910709
3661,7.340427738586598e-06,0.0035375145582338097,0.9962242864714558,0.00023085854257169018
3662,0.0012287373331027539,1.0908238110212532e-06,0.9972933500879233,0.001476821755162987
3663,0.05275274081321799,0.0036644048681440207,0.006474493871544701,0.9371083604470932
3664,0.9998942205928586,1.69012264448664e-07,8.280771200058782e-06,9.732962367699456e-05
3665,1.0487998126796392e-05,1.0539426677529775e-05,0.9962709855722106,0.0037079870029848856
3666,4.7058833560781844e-11,0.999995090395219,9.805054488981153e-08,4.8115071775018515e-06
3667,0.999091388084294,2.4438140052313015e-06,7.746115385398155e-05,0.0008287069478466748
3668,0.013052252288356466,0.0018825672628312077,0.980846680268864,0.004218500179948325
3669,9.35733013695666e-07,7.412700352588068e-07,0.9991141128874649,0.0008842101094862086
3670,2.7755840243423146e-05,0.9328208098457591,0.06448351814395083,0.0026679161700464754
3671,4.1096145756771855e-07,0.9991518909484836,0.0006254816039117634,0.0002222164861471374
3672,1.0525333780637283e-07,5.5563225168644883e-08,0.9997102009633785,0.00028963822005860946
3673,0.02078442784836863,1.5630690914632247e-05,0.0003854785971299116,0.9788144628635868
3674,0.9526168962767314,0.00011478301214251996,0.0003503587868635404,0.04691796192426269
3675,4.894633020564205e-08,6.958634636372907e-08,0.9997608721127222,0.00023900935460118792
3676,0.0339129930774368,0.002426426153604623,0.0025966393696737196,0.9610639413992849
3677,2.920999427799622e-05,0.9930412394079957,0.006758234180321297,0.00017131641740509784
3678,0.05255615803175707,0.0011715547648876768,0.0005530728971816042,0.9457192143061738
3679,0.001565250409549083,0.9954958243233833,0.002574319620069721,0.0003646056469976466
3680,0.9787068152804711,0.002464653573474996,0.0042851207625684146,0.014543410383485833
3681,0.0023855808957030057,1.616262010514816e-05,0.0031129735450821654,0.9944852829391096
3682,2.1863003810675832e-05,0.9924083810281829,0.005473031615686095,0.0020967243523202987
3683,0.9513679801702722,1.5788248690559254e-05,0.001679826978275954,0.04693640460276107
3684,8.46402173613771e-06,0.9957075205049508,0.004251322716220228,3.2692757092736564e-05
3685,1.391212472002803e-10,0.999990243832408,2.815135013613858e-06,6.940893457274969e-06
3686,0.9818697045508867,9.915778519960356e-05,0.0008241953841940945,0.017206942279719625
3687,9.212841206044108e-06,0.06884039080802998,0.9308878142125755,0.00026258213818836605
3688,0.05475871449098614,0.009291225479155844,0.018635901308637893,0.9173141587212199
3689,1.7641403963306192e-06,0.998078916786004,0.0019076558178974612,1.1663255702174863e-05
3690,1.4800702744033228e-05,0.10316806167472616,0.8967448733544604,7.226426806973698e-05
3691,1.4666262288590942e-08,0.9998281535756609,0.00016234425187000145,9.487506207039743e-06
3692,3.0735662986350576e-05,0.9340685690057188,0.06449694499242893,0.0014037503388658636
3693,1.8502012095417848e-05,0.06882075761641367,0.9308317906368478,0.0003289497346432851
3694,0.002072793655237657,0.00019426139851487926,5.355943187092803e-05,0.9976793855143764
3695,5.372100256627457e-06,0.9967346367800691,0.0032499616453999292,1.0029474274528652e-05
3696,3.31257368691709e-07,0.9991766677981936,0.0008134290274568754,9.571916980922303e-06
3697,0.052587984251625586,0.001633451106678742,0.0011358260665895,0.9446427385751062
3698,0.015881395589371957,0.9286094578624012,0.048894598508368185,0.006614548039858796
3699,7.83064014672968e-07,4.8733789873259e-07,0.9990670445717725,0.0009316850263140594
3700,1.024571327202754e-06,0.9983794349125326,0.001236638199420848,0.00038290231671915504
3701,2.353731613124844e-09,0.9999458659171694,2.0282925572800454e-05,3.384880352635364e-05
3702,0.935892490236219,0.005791602965722939,0.011132307526344636,0.04718359927171339
3703,1.480470590999727e-07,0.9997208208959231,0.0001341015471945076,0.00014492950982347624
3704,0.9505029434167712,0.0007452537396579822,0.023051184117763128,0.025700618725807565
3705,0.053086396630441866,0.00019736960044875135,0.01604761098203578,0.9306686227870736
3706,0.9920825236892921,1.9000401391563394e-05,0.0006409216459644621,0.007257554263351967
3707,4.0851739007251625e-07,2.503286985832274e-07,0.9993173081107399,0.0006820330431711475
3708,0.00372465642488625,1.9466426947174266e-05,0.9314118514704298,0.06484402567773673
3709,1.2116477239649343e-05,0.995045148965383,0.0048402130895981,0.0001025214677792076
3710,4.632226346613723e-12,0.9999973285447744,1.2261335161832761e-06,1.4453170772929488e-06
3711,0.0065955583541604775,5.862965672522273e-05,0.0012687765209324743,0.9920770354681817
3712,5.9827563876374e-09,4.281738409163361e-09,0.999920615504852,7.937423065329731e-05
3713,0.9699509603279056,0.0038694946212870047,0.016786488574378016,0.009393056476428938
3714,9.77949008974894e-11,0.9999848399275283,1.3299463780099349e-05,1.8605108966192763e-06
3715,0.017839920301328784,0.017165575328419315,0.032072266829967055,0.932922237540285
3716,2.203460744991504e-07,1.53753637230137e-07,0.999605115678002,0.00039451022228614006
3717,2.28980541858606e-06,0.9978675901461268,0.0008375767132372431,0.0012925433352173978
3718,1.2203464322080648e-07,0.9994867063179589,0.0005049754985254195,8.196148872555856e-06
3719,0.053034469718259945,8.554973029598817e-05,0.027183320046543884,0.9196966605049001
3720,0.9971854194906584,0.0005264401567162147,0.0010889263724520935,0.0011992139801735079
3721,3.5609120574817016e-08,2.4079837922126556e-08,0.999804482706983,0.00019545760405836733
3722,1.9756215426316237e-07,1.0010299835631336e-07,1.601659572669604e-07,0.9999995421688902
3723,0.0008045122524382016,8.847445618014117e-05,0.0036553251346032505,0.9954516881567783
3724,1.0780010306787027e-11,0.9999951607637569,2.9916067645702144e-06,1.8476186983753097e-06
3725,0.0009572485051860003,2.6895215109953937e-05,0.9403672495861102,0.058648606693593786
3726,0.0002155869030843561,3.302839560320422e-05,0.0025037090580043767,0.9972476756433079
3727,3.696079477403207e-06,0.9968790059677397,0.0025721654361707644,0.0005451325166121135
3728,0.9356871457874417,0.0055765372089725635,0.011465328227150512,0.047270988776434875
3729,0.9801640001845633,0.00020920777435197408,0.00030575708638331243,0.01932103495470142
3730,8.881611343455507e-06,0.9960907897627378,0.003880651181816322,1.9677444102572853e-05
3731,1.726761731516854e-08,0.9999299780529571,2.195561722033053e-07,6.978512325337973e-05
3732,0.9982442887359355,1.0391447535878178e-05,0.0001171330654679635,0.0016281867510606351
3733,0.05267959758948911,3.765704244117832e-05,0.0003862616968979165,0.9468964836711717
3734,1.594223019742456e-11,0.99999675603766,2.556099320823766e-07,2.988336465746205e-06
3735,3.0102833796256667e-09,0.9999149177784787,7.716793346361405e-05,7.911277774438743e-06
3736,8.715052012476051e-06,0.9956278243783713,0.0043103801987569995,5.308037085932924e-05
3737,6.039637263421399e-08,0.9997663012705426,2.240570514768675e-05,0.00021123262793709091
3738,0.0006865323247018112,0.9987040957751422,0.00014192984248792852,0.00046744205766805933
3739,0.9738486069125591,0.0007061819318143076,0.0035586930676785107,0.021886518087948118
3740,3.4455627597075103e-06,0.9970953275428053,0.0021572225282898132,0.0007440043661451587
3741,8.326510442053221e-08,5.054243239636539e-08,0.999694166300321,0.0003056998921421734
3742,1.9136274384486998e-07,1.1632229703585135e-07,0.9995391631386535,0.00046052917630555565
3743,2.961663878637143e-07,6.342366767442676e-07,0.9997188894073525,0.0002801801895829698
3744,0.00026719447099428904,0.06864288144432934,0.9273307770055529,0.0037591470791232865
3745,8.68211567471029e-06,0.9956531838320356,0.003906913185457492,0.00043122086683221154
3746,0.0012784536020742539,0.16062368459057125,0.8361324041260517,0.0019654576813025516
3747,0.020638849470528613,0.0013118918722993184,0.0003412603863601455,0.9777079982708119
3748,0.9903805525091334,8.811843334010184e-05,0.000695779267767412,0.008835549789759093
3749,0.9965142124593199,9.65331031029747e-05,0.0024933718361991497,0.0008958826013778122
3750,0.9520919017266481,2.1029111746159887e-05,0.0010003524735286422,0.04688671668807714
3751,3.1286069911774306e-06,0.9977238876395984,0.002161802994283457,0.00011118075912695521
3752,0.02206659481517256,0.0706817966651203,0.8618427465792549,0.04540886194045242
3753,0.9781846581357889,0.00016822011931125457,0.00042563315421453076,0.021221488590685414
3754,0.04139061461474327,8.999549493526798e-05,0.061121288333059486,0.8973981015572619
3755,2.0840811086367852e-05,0.9930008638615759,0.006553980480635853,0.0004243148467017105
3756,0.00974178326376632,0.0028899243444252026,0.014516978621784075,0.9728513137700244
3757,0.01569242477077005,0.003342336787233704,0.9763086407076331,0.0046565977343632605
3758,0.004983891182760557,7.389968469884473e-05,0.8820992458792486,0.112842963253292
3759,1.2674602134601158e-06,7.717035918971469e-07,0.9988023081304174,0.001195652705777316
3760,0.054151519116228855,0.007102987632772495,0.015090486214234524,0.9236550070367642
3761,3.958768932399279e-05,0.9905156218160714,0.0057024010141729755,0.003742389480431428
3762,0.008854836452137303,5.666851037342674e-05,0.006416065676285627,0.9846724293612037
3763,6.0843728794753635e-06,0.9397269000159313,0.06010472841681264,0.00016228719437670996
3764,1.4433375686806414e-05,0.9940839238927172,0.0054168630297903725,0.00048477970180550863
3765,0.0025254959098989873,2.5606117975603e-05,0.03989614259950893,0.9575527553726162
3766,7.924660264417338e-06,0.9960700523243976,0.0038845289224230576,3.749409291472015e-05
3767,0.052995702431451734,0.011259434701275012,0.011747056109612474,0.9239978067576607
3768,1.9863031990984496e-08,0.999787720671698,0.0001330250514375298,7.923441383243732e-05
3769,0.037670409157501174,0.007517786912694996,0.018392633186464558,0.9364191707433392
3770,1.8845027249924264e-10,1.4292828031061692e-10,0.9999895402318552,1.0459436766424464e-05
3771,0.9922683633658668,4.8377474762333574e-05,0.0012179515336130401,0.00646530762575773
3772,2.3675755657944177e-05,0.9934810048470821,0.006436431261064262,5.8888136195528646e-05
3773,8.165258293497026e-06,0.9957949243172263,0.00419286820426599,4.042220214252205e-06
3774,0.9853388287141883,0.005173346616936148,0.008653309268095844,0.0008345154007796163
3775,1.1056600848715442e-09,0.9999734020545981,9.832984255462791e-08,2.649850989940979e-05
3776,8.182274075885641e-10,0.9999652375798691,3.381645402240059e-05,9.45147881220623e-07
3777,0.0020635788240661083,1.4188786694034364e-05,0.05990586602722907,0.9380163663620109
3778,0.043130593596471804,0.008108558403625581,0.9154593094897722,0.033301538510130325
3779,0.9985478752183378,1.4430120991269433e-05,2.309432155364933e-05,0.0014146003391173193
3780,0.005101387925961697,0.984653509898733,0.0006010829908541014,0.009644019184451161
3781,0.000559725302117701,0.9318346542237625,0.06426318566035182,0.0033424348137678556
3782,8.682721916381205e-07,0.9986232172354473,0.0013546203750698885,2.12941172911167e-05
3783,1.8247600231374694e-07,0.9994143263276191,0.0004514497594861879,0.00013404143689222392
3784,1.461363366233138e-08,0.9998249588358837,0.0001694577401538539,5.568810328753344e-06
3785,0.0006542542667199748,9.164690438171817e-07,0.9984003430390548,0.0009444862251812312
3786,0.0005859150074817483,0.06879603482304733,0.9301830447277514,0.0004350054417196143
3787,0.0014026467063788075,6.6788350141706895e-06,0.968918232524426,0.029672441934180813
3788,0.03853708028113741,1.3065946021421952e-05,0.9450811696701569,0.01636868410268434
3789,0.00012905968147990533,0.9343101556520012,0.06449650758101338,0.0010642770855053693
3790,0.014664364748284085,0.00016910872950675373,0.01435060377010791,0.9708159227521013
3791,0.0002110107324028805,0.0001265117608777728,0.9839086941210408,0.01575378338567848
3792,2.435289166034223e-08,0.9998037482686299,0.0001908493912451024,5.37798723320808e-06
3793,0.0008773638215268959,1.2082271642980713e-05,0.055421958671119535,0.9436885952357107
3794,0.9325996378747387,0.00650150217867536,0.013442914102744404,0.04745594584384158
3795,0.0002970558796099759,0.002913658501392382,0.9816137898270851,0.01517549579191252
3796,5.814350009361978e-07,0.9992548055065896,7.05198557524537e-05,0.0006740932026570244
3797,1.567765597769949e-05,0.994747062959172,0.005231255637248247,6.003747602015642e-06
3798,0.000191465689545132,0.024964305941447388,0.974318910037425,0.0005253183315825008
3799,0.9699266666327362,0.009601954639046522,0.009517714542170415,0.010953664186047006
3800,0.05176552794617366,0.000511698017731308,0.015755870183560953,0.9319669038525341
3801,0.0001314888732290038,0.014673929439569685,0.982506352516683,0.0026882291705184764
3802,4.4383248610918405e-08,0.9996983924113076,0.00022904142622318818,7.252177922069648e-05
3803,0.002319142166516762,3.58888183748666e-05,0.9956657992119815,0.001979169803126788
3804,0.0550140105692843,0.010828802389722093,0.021062567980793614,0.9130946190602
3805,1.4509273767859713e-06,0.9988416791351574,0.001115259856321592,4.1610081144344184e-05
3806,8.248931025001592e-06,0.9353567090527701,0.06455975896512164,7.528305108328881e-05
3807,5.27441571072151e-05,0.989196091417831,0.010254546988903143,0.0004966174361586694
3808,2.4371467742785218e-06,0.9976200245629631,0.0017719900699988077,0.0006055482202638899
3809,0.9993192340990658,1.8532652107523635e-05,0.0003504321348606831,0.00031180111396583504
3810,0.9935364900678242,0.0002473783692199898,0.0037048878874395264,0.002511243675516403
3811,0.9963078187926889,2.1148582509889592e-05,0.0031080608295940325,0.000562971795207245
3812,2.633802136236385e-07,1.4900923031049975e-07,2.8782905748475836e-07,0.9999992997814986
3813,0.052607266886774084,0.001727345151184538,0.0005237157962508283,0.9451416721657905
3814,2.4139657428435104e-13,0.999999595640102,9.971846026596773e-08,3.0464119624864256e-07
3815,0.9714724011192242,0.00047907356385876046,0.007261887315226529,0.020786638001690606
3816,7.876287434075133e-08,5.24321686929838e-08,0.9999366196018117,6.324920314545784e-05
3817,1.6981795411191704e-05,0.9938964293232418,0.006046672023433231,3.991685791376546e-05
3818,0.01363563051480685,0.00227297238545345,0.005041069466104325,0.9790503276336353
3819,0.0008404072125268881,0.0008739095514876993,0.9926863308485017,0.00559935238748363
3820,0.0018154982406243785,8.715987924741325e-05,2.383156698177134e-05,0.9980735103131465
3821,6.635780376009442e-06,1.3596462620449993e-05,0.9980083153961122,0.0019714523608912677
3822,0.00425236171655714,2.695079057957743e-05,0.05978504155821548,0.9359356459346477
3823,0.9914942027165825,0.0048173412671397705,0.002255453888885126,0.0014330021273927201
3824,2.1584020683514418e-08,0.9997586136183961,0.0001868417133688813,5.452308421441825e-05
3825,3.0300226840585375e-06,0.9974127514336589,0.002493746626419865,9.047191723704269e-05
3826,3.3271725068887955e-09,0.9999102220971492,7.99959196198167e-05,9.778656058639803e-06
3827,0.9994837320856507,2.5235359691228354e-06,5.987939592248526e-05,0.00045386498245787645
3828,0.9918135863577903,0.00010614603745387377,0.00020724429249241737,0.007873023312263602
3829,3.9158032594183194e-10,3.420940994187757e-10,0.9999814859097986,1.8513356526927563e-05
3830,8.179274121242132e-10,0.9999545133366293,4.049338690284798e-05,4.992458540401863e-06
3831,4.9916069267775226e-05,0.9893452450619171,0.01045449666403756,0.0001503422047776913
3832,0.0061341471599886885,0.06900986023528269,0.8941805309664813,0.030675461638247338
3833,0.05308914534021198,0.00268231343424757,0.016990728028709132,0.9272378131968313
3834,0.000794999264844273,0.431665642256953,0.5634079771354653,0.0041313813427373836
3835,0.00032232095082921155,1.2968688401236255e-05,0.9346437125485602,0.0650209978122093
3836,0.9991873756874426,1.462953589929037e-06,1.0775132660884503e-05,0.0008003862263066224
3837,0.012220464557067127,7.990105192757421e-05,0.0008157022856971368,0.9868839321053081
3838,0.9285942966081123,0.014528662050215278,0.012235376694530281,0.04464166464714176
3839,0.9908293112389835,3.41501304181759e-05,0.0048213284929171365,0.00431521013768104
3840,0.05265680878430524,0.0007487547135574609,0.00031002869109470035,0.9462844078110425
3841,0.04740723528586753,0.008385121401938032,0.01308657501324851,0.9311210682989458
3842,2.827343633567115e-06,1.7050320253475825e-06,0.998293822581084,0.0017016450432570612
3843,4.499414686309326e-12,0.999998339145967,1.0792356518556385e-07,1.552925968390659e-06
3844,0.0036906248496950548,0.988235333756577,0.005520239691841561,0.0025538017018863417
3845,0.0001393614298543401,0.00023467513562774626,0.009569286336223337,0.9900566770982946
3846,0.9391647905180169,0.005497698765747139,0.008392496854046375,0.0469450138621896
3847,2.823563867041733e-09,0.9999170963933092,7.565834816814312e-05,7.242434958657207e-06
3848,1.1025644678611917e-06,6.712905451241689e-07,0.9998841774479733,0.000114048697013689
3849,1.314088614512837e-05,0.994859613281281,0.004988041401340405,0.00013920443123342853
3850,2.4705466929645946e-06,0.9976519222123313,0.0022234370189584607,0.0001221702220172221
3851,6.698698262952926e-05,0.9877297691012951,0.012099867899140781,0.00010337601693470382
3852,1.537075423709928e-06,0.9982440839715949,0.0017375966434025822,1.6782309578836924e-05
3853,0.0007917440783027286,9.921819873199915e-07,0.9969830803091118,0.002224183430598028
3854,0.990273968398632,2.4977100683007187e-05,0.007971527780558811,0.0017295267201260815
3855,0.05465294193763536,0.008734531099818353,0.018224728951961932,0.9183877980105845
3856,0.9970980502566776,9.452640387475197e-05,0.0015694940159712283,0.0012379293234764846
3857,3.032871438832715e-11,0.9999956000029171,3.94917236840715e-07,4.0050495172795435e-06
3858,0.0023151548678320487,4.7866190275215464e-05,0.0028921608837070402,0.9947448180581855
3859,0.9502202577054312,0.0008404352610738423,0.0021033525405185776,0.04683595449297647
3860,0.006444626489395837,2.0352803152851853e-05,0.001104509622707273,0.992430511084744
3861,0.0003705265026091826,0.9702518886803403,0.029285449155857842,9.21356611926057e-05
3862,0.00032579521925793064,0.975033773408388,0.0233890797120027,0.001251351660351355
3863,1.4171115600419147e-11,0.9999948699274364,2.7143882342110545e-06,2.4156701583461662e-06
3864,8.639049309699039e-13,0.9999991789672134,3.350674937385159e-07,4.859644290557975e-07
3865,2.8014239835455723e-08,3.214168957586479e-08,0.9999083308536125,9.160899045792625e-05
3866,1.5029690169448071e-06,0.9983715331713158,0.0016219784858490305,4.985373818546262e-06
3867,0.00038359005793152753,0.0001142236131926031,0.01895780628676217,0.9805443800421136
3868,2.7652537775043988e-06,0.997591979337185,0.0022392251175960384,0.0001660302914413271
3869,0.02429609454107306,2.0124056260755548e-05,0.0016164859802639865,0.9740672954224023
3870,1.0898680972897852e-11,0.9999973080381844,2.913294037216496e-07,2.400621513402952e-06
3871,0.0003505146830246679,0.9707125848370973,0.028650071761439286,0.00028682871843857294
3872,2.1537010458998146e-09,2.658805619417729e-09,0.9999695033204591,3.0491867034330396e-05
3873,8.400857568581303e-07,4.812192088968715e-07,3.5217980425675977e-07,0.99999832651523
3874,0.00013751198995702482,0.9312255168163328,0.06442649937561133,0.004210471818098784
3875,0.00034459666062168693,0.9266838294607592,0.06389486635987886,0.00907670751874037
3876,4.992691819268237e-10,0.9999675127338513,2.9160504029361347e-05,3.326262850096256e-06
3877,4.223507762547587e-06,0.9970673751294674,0.0029136687748474847,1.4732587922493455e-05
3878,0.033510163551957156,0.0011636535088714493,0.0012416496256829465,0.9640845333134885
3879,0.002487248027314179,0.0003859035646691734,0.9969116971686908,0.00021515123932599531
3880,4.0778287843514674e-07,8.447550005307541e-07,0.9996952427663717,0.0003035046957493747
3881,1.7026958941417684e-08,1.0460420928108804e-08,0.9999323088481088,6.766366451139633e-05
3882,9.900317867487135e-11,0.9999899699219151,2.2462494792915837e-06,7.783729602206706e-06
3883,0.007234683634676305,0.015618153938215449,0.9654877646083131,0.011659397818794917
3884,3.802347820494073e-12,0.9999970113793023,2.0429192801509205e-06,9.45697615079295e-07
3885,1.1343347723195569e-07,4.4259150183638054e-08,8.759043579319049e-08,0.9999997547169368
3886,7.86139174593113e-10,6.95173535687549e-10,0.9999754958464849,2.4502672202485918e-05
3887,6.3754290186611e-08,0.9996192142608843,0.00036636041734433144,1.436156748112061e-05
3888,6.7966606770605705e-06,0.9960519601770081,0.003812023381678306,0.00012921978063661627
3889,2.183722259826905e-06,0.9988471600489173,2.9895135400252087e-05,0.0011207610934225194
3890,1.3756374365880648e-05,0.9945115456957819,0.005464808753291107,9.889176561184645e-06
3891,1.0148869570226335e-11,0.9999951549766722,3.00250220353085e-06,1.8425109755248322e-06
3892,5.176448012068828e-07,0.9989620786243157,0.0008940638844618858,0.00014333984642100734
3893,0.0012288133154737266,2.8438609438995656e-05,0.007419733085873661,0.9913230149892137
3894,0.020023567454481927,0.00042662411041801166,0.0006494403891029904,0.9789003680459971
3895,2.1458369506111624e-08,0.9997598965589093,0.0001955199576293255,4.4562025091975716e-05
3896,7.107888608878791e-05,0.9525800349615274,0.04725872894540184,9.015720698201739e-05
3897,1.4564406071816496e-06,0.9979944060128738,0.0015726668922436632,0.0004314706542753501
3898,6.097323840006359e-08,0.9997311515340944,2.707521704882512e-05,0.0002417122756184316
3899,5.5347599017494163e-08,0.9997533292473986,3.215511621173863e-05,0.0002144602887906592
3900,2.3613114514194804e-05,0.0024675761423553592,0.9974761757821483,3.263496098214336e-05
3901,1.2533262418920746e-09,0.9999535988764412,2.3791261528477975e-05,2.260860870383881e-05
3902,1.7406783450040645e-07,0.9993833512845632,0.0003999328205978778,0.00021654182700460783
3903,0.0007816960671403487,0.9313720850323771,0.06073632468619384,0.007109894214288753
3904,7.790902370985814e-06,0.9352627911104577,0.06466465428287159,6.47637042997428e-05
3905,0.022000989792605407,0.005984483173929164,0.019356363212579865,0.9526581638208859
3906,0.0001073126390460466,0.9347881212768774,0.06463501870725936,0.00046954737681720435
3907,8.607720040951939e-05,0.0037746100550904793,0.994859639313612,0.0012796734308879749
3908,0.05259300753453685,0.0019411020131620842,8.188426400721677e-05,0.9453840061882939
3909,4.53740977558191e-05,5.1845324045952204e-05,0.005281328760089463,0.9946214518181087
3910,0.05363125706428575,0.008042735245757228,0.012449319915682489,0.9258766877742747
3911,0.9893773884112655,5.518911762871871e-05,0.0001247464435764622,0.010442676027529322
3912,0.9629569827095189,0.0008480942129990938,0.0008333547970213863,0.03536156828046063
3913,0.9519204805557584,0.0007749180173918463,0.00043029278339935405,0.04687430864345048
3914,0.9974175710908186,2.6926147866732734e-06,0.0007405757069279727,0.0018391605874669788
3915,9.380086932184647e-07,0.9985818408400722,0.0009342610175900222,0.00048296013364475954
3916,0.05516112054684968,0.010361342466989228,0.02143990728149518,0.9130376297046658
3917,0.0017113267555740168,1.979292568817712e-05,0.001187864909965143,0.9970810154087726
3918,0.9998933272159146,4.750718172233098e-08,1.4247250405169106e-05,9.237802649843187e-05
3919,6.760411688522943e-08,3.589286056915614e-08,0.9997958705796905,0.00020402592333200044
3920,0.9551617516585306,0.00033607420562712785,0.0006609831530052213,0.04384119098283697
3921,1.550682431624212e-06,9.048395681204528e-07,1.7403959128006095e-06,0.9999958040820874
3922,0.052563548578719546,0.0006725949123217511,0.0005081984155596168,0.9462556580933991
3923,0.9986231686191789,8.703519337761967e-07,0.000340159579441698,0.001035801449445577
3924,1.3763088565684555e-05,0.9945623075767362,0.0035471133886236074,0.001876815946074441
3925,7.439526174927827e-05,0.9876625852308283,0.011515706902585023,0.0007473126048373794
3926,0.987716984133904,6.0401071427928296e-05,0.007985578163626278,0.004237036631041981
3927,0.9654465057057097,0.0006592183144696782,0.004967720498815654,0.028926555481005173
3928,0.9547902014145679,0.0012274190092210608,0.01767244536830992,0.026309934207901016
3929,4.630764655970627e-06,0.9590334696988637,0.0405587653060652,0.00040313423041527094
3930,1.8646255849669617e-10,0.9999942735908323,7.52410571372949e-08,5.65098164796529e-06
3931,8.660763398576818e-11,0.9999877722846889,1.1440776540284853e-05,7.868521630735298e-07
3932,1.4497351871182611e-05,0.9949073754597394,0.00487441793641986,0.00020370925196964296
3933,0.01507026440453409,2.5795840752580016e-05,0.0026360940337242047,0.9822678457209889
3934,1.221488259464e-06,7.369953613021985e-07,0.9994393212978245,0.0005587202185548501
3935,0.00022049406742543257,0.9775014694702006,0.021965975306143217,0.00031206115623088395
3936,5.534163547360877e-06,0.9964631544471527,0.003457709171881939,7.360221741799495e-05
3937,3.0555243610192e-06,0.9976024143565569,1.0296607442545948e-05,0.002384233511639314
3938,0.944333241183198,0.004254522227999648,0.0045911866595533,0.04682104992924874
3939,7.973924536395571e-09,7.547242874329584e-09,0.9999020286721503,9.795580668229931e-05
3940,0.0555025225272091,0.00907476321582346,0.040595358207331206,0.8948273560496364
3941,2.2062086437395186e-11,0.999995474801905,1.7382798691253967e-06,2.7868961639880657e-06
3942,0.05135851304108812,0.0011462729063396056,0.012325338838888174,0.9351698752136841
3943,0.05515683365769141,0.009813618494458392,0.02123441893143243,0.9137951289164177
3944,0.023204488102104483,0.00016445260148710173,0.9418726720202864,0.034758387276122335
3945,0.9682854045174359,0.0002639705252477177,0.0029445288420482307,0.02850609611526782
3946,0.001629900748944833,0.9910185665999264,0.004995266236406618,0.002356266414722549
3947,0.9784694779482348,0.00897419734552584,0.0038406427866400387,0.008715681919599294
3948,1.594854240793078e-09,0.9999347375905688,4.586847085081188e-05,1.9392343726059412e-05
3949,0.0225301148285489,0.02095602445820217,0.8897400055198109,0.06677385519343787
3950,0.0001875761968994696,0.9801880932087693,0.019586705323349784,3.762527098146318e-05
3951,1.178071622658945e-06,7.448394887750768e-07,1.3556676050931655e-06,0.9999967214212835
3952,4.1221682730009047e-05,0.9904726560796911,0.009481187436563137,4.934801015692991e-06
3953,0.0013373418941815107,0.9982245181242339,0.00020000357789842324,0.00023813640368588145
3954,0.054384282058574415,0.013109095582364469,0.022046323393644422,0.9104602989654168
3955,0.009471326881885159,0.0015125813627287945,0.012984895222380248,0.9760311965330057
3956,0.9998822452326019,7.382117683812795e-06,2.629993380375347e-05,8.407271591056746e-05
3957,0.9354047393768911,0.005627206821030756,0.011696931843449764,0.04727112195862835
3958,2.3492914413732652e-05,0.9927909823629194,0.006850373305257378,0.00033515141740973466
3959,5.969526668744997e-07,2.807529559970197e-07,5.787098462470618e-07,0.9999985435845308
3960,1.0580490165381507e-08,0.999841118468271,0.00014748158396261032,1.1389367276243771e-05
3961,0.000999597460265066,0.9985217023228818,0.00033450944777727823,0.0001441907690759718
3962,0.9997711100949422,3.5885548004747454e-07,1.825387536487607e-05,0.00021027717421269994
3963,0.008996081389127929,0.0003470993036243055,0.05976347649363371,0.930893342813614
3964,3.508800574618699e-07,0.9991148452905732,0.0007775004005356403,0.00010730342883376719
3965,0.012324005432080109,0.00012309548106813486,0.0012104843212768321,0.9863424147655749
3966,1.4252276120422396e-09,0.9999479119419076,2.8109037978124827e-05,2.3977594886605336e-05
3967,0.0005607963208858662,0.015294462320880976,0.9789931790459088,0.005151562312324327
3968,2.9555797368636254e-05,0.9929295173978122,0.0069013191131768814,0.00013960769164225048
3969,0.03780631444169993,0.00014392927964108839,0.06168508549411275,0.9003646707845463
3970,0.9709366602774627,0.011050480129877907,0.0158492716077707,0.0021635879848888053
3971,0.991277061887804,2.4365707946334284e-05,0.0008133496225293353,0.007885222781720224
3972,3.111517383196751e-13,0.9999994992142105,9.999711773486624e-08,4.0078836068896777e-07
3973,0.9939734253316633,6.314411935987718e-05,0.0015598498020460907,0.004403580746931005
3974,0.0005666184807665189,0.0003419176005377373,0.9728450513513835,0.02624641256731241
3975,1.081105863941005e-08,0.9999206722714102,1.8029185214483471e-06,7.751399900968567e-05
3976,7.214266452804782e-07,0.998731122872471,0.0012179314330787502,5.0224267804818115e-05
3977,1.4031103816533823e-07,0.9994375375719063,0.0005378907208883031,2.4431396167194136e-05
3978,0.05311099058865051,0.008748585966213657,0.009285985363664123,0.9288544380814717
3979,6.233758357801903e-05,0.9604014709540514,0.03916165353692964,0.0003745379254409882
3980,1.0947594996277216e-07,7.359552505101154e-08,0.9996626849162856,0.00033713201223934796
3981,0.0005847085616786767,9.790080509091636e-05,0.016454751571942674,0.982862639061288
3982,0.05472839493026333,0.008667100018702509,0.01879878902150852,0.9178057160295255
3983,0.0068552262318265,0.9837033214991213,0.001463808119718751,0.007977644149333184
3984,0.9874489459383391,0.008020797186364588,0.0031387277580862743,0.0013915291172098814
3985,1.548390695128677e-09,0.9999410354815138,3.746254064264707e-05,2.150042945297157e-05
3986,4.848114866442563e-05,0.002723642058625405,0.9970221472862707,0.00020572950643936704
3987,0.9992795262503357,2.3811866991895685e-05,8.734472868357726e-05,0.0006093171539888717
3988,0.005053319006630992,0.984548903540138,0.0007684513300202971,0.009629326123210758
3989,0.964243175798596,0.0007452958720736877,0.02354093799206375,0.011470590337266728
3990,0.008465522679200114,0.000211912773445072,0.0014929972709566508,0.9898295672763981
3991,1.4703437723077512e-08,0.9998817826557926,9.265916940357652e-05,2.554347136601264e-05
3992,5.964764479075717e-05,0.8862982630194144,0.11301027808928946,0.0006318112465054836
3993,0.0256936657734841,0.00039096865368831604,0.06012791613324821,0.9137874494395792
3994,0.0002940378974358734,0.9349223887993073,0.06461952248669979,0.00016405081655718437
3995,0.038187997720240445,0.0050332819727954845,0.019449925515084596,0.9373287947918795
3996,0.051955655038503044,2.0945229990795716e-05,0.005102825030891907,0.9429205747006142
3997,0.9683980259145483,0.01119917134749693,0.016998501493740808,0.0034043012442140775
3998,6.61570694117738e-10,0.9999625719972423,2.6654805544558005e-05,1.0772535642556053e-05
3999,1.6628519785237539e-10,0.9999829350086381,8.366476213223507e-06,8.698348863532443e-06
4000,1.203283323696158e-05,0.934855022014062,0.06456185465706067,0.0005710904956400632
4001,7.800379181258905e-05,0.9349467178726052,0.06460938921421046,0.0003658891213719066
4002,2.856480817802563e-09,0.9999187465630643,5.4173829522328646e-05,2.7076750932400175e-05
4003,2.309648811744802e-09,0.9999610529911258,2.6888442323587904e-06,3.6255854993126046e-05
4004,0.0001500696490846205,3.5920278725385764e-05,0.008184121653972804,0.9916298884182168
4005,2.3126918001613308e-09,0.9999277237490649,6.878671459876699e-05,3.4872236443615235e-06
4006,2.2511548792029175e-07,0.9992461865317191,0.0006611671711149173,9.242118167808206e-05
4007,0.9966457657751717,0.0007267435504193813,0.0014965079156486565,0.0011309827587602562
4008,0.052442972650904245,0.0001427225811956948,0.0019666590293898048,0.9454476457385103
4009,5.391740613794892e-08,0.9998432533841077,6.930492206988289e-05,8.738777641614956e-05
4010,0.03828243357910094,0.0030793793845111384,0.0016581709105632783,0.9569800161258245
4011,0.9855402958431323,5.305861590128788e-05,0.01069843386650586,0.003708211674460568
4012,0.000703663008789403,0.0508817034967732,0.9153316831147978,0.033082950379639514
4013,0.9404611339828239,0.0014897603274552503,0.011200328882377448,0.04684877680734356
4014,0.0011836217378093973,9.456532899708676e-05,0.0017366381000313922,0.9969851748331624
4015,0.05488330791082452,0.0067705528688054685,0.019234199286802072,0.9191119399335678
4016,1.144326408409219e-12,0.9999988641957281,4.885385905765946e-07,6.472645370130101e-07
4017,0.00044192748175871734,0.9681244841237534,0.031143265246152574,0.00029032314833519617
4018,7.804479498568793e-10,0.9999711278367568,7.454692032495119e-06,2.1416690762761796e-05
4019,0.9478919118274527,0.00493712062062282,0.0020599294955425643,0.04511103805638198
4020,0.0009285171102703759,6.172052863234631e-05,0.9983800484718041,0.0006297138892931901
4021,0.05252847768666779,0.0034311689871645576,0.0012089703473935926,0.942831382978774
4022,0.0413667494245251,0.03487020066732227,0.8969405641398326,0.02682248576832024
4023,0.05360837363647316,0.0023445420572449824,0.011998607106165848,0.9320484772001162
4024,0.0470439480115919,0.0017428438944340522,0.002601374503908191,0.9486118335900658
4025,7.440782736287179e-06,0.9962992394424421,0.0016490207997998745,0.002044298975021741
4026,0.05460132049600405,0.012685644312600957,0.021926316563024302,0.9107867186283707
4027,9.855386530425818e-06,0.9349317674785405,0.06463575066749873,0.0004226264674304857
4028,0.9245709990003762,0.000613945129335069,0.031061397939506796,0.04375365793078172
4029,0.9445685548908668,0.0025417423550791267,0.005995458224209994,0.04689424452984377
4030,0.015129511317202846,0.04592582216273916,0.9026533520295819,0.03629131449047631
4031,0.041213270458636514,0.00014911384003892672,0.02841201435311543,0.9302256013482091
4032,0.9948039383879768,3.663926717619808e-05,0.0011052850104142657,0.004054137334432865
4033,0.0001016105555077223,0.9847600392151462,0.01498952038573869,0.00014882984360731362
4034,0.9989488150208489,1.6271095229343397e-05,7.531031817204349e-05,0.0009596035657496695
4035,0.9835331657781268,7.823750769435292e-05,0.008368825102233085,0.008019771611945855
4036,1.5344661468589974e-06,0.9982370115533941,0.0017395081681918297,2.1945812267160648e-05
4037,0.002772910230520587,0.9846371794566801,0.003700952118163778,0.008888958194635336
4038,0.9601015084558365,0.0004063522435452607,0.0025941764073266747,0.036897962893291544
4039,0.0005690125455901006,0.23916485003029478,0.7565723442713352,0.003693793152779945
4040,0.9481561347498861,0.00718082675723296,0.0013199514881392404,0.0433430870047414
4041,5.479418855344651e-08,0.9996558430281501,0.00029538564171012455,4.871653595119555e-05
4042,4.89649351930494e-07,2.0450986866073741e-07,3.3063151238952586e-07,0.9999989752092671
4043,0.002798453844498897,0.0002043324801700232,2.1188459715654034e-05,0.9969760252156153
4044,0.999674615464354,2.002674836022245e-06,1.8691482836216563e-05,0.00030469037797394797
4045,0.9976052667397851,1.802747357256265e-06,0.00014940753304609362,0.002243522979811411
4046,0.9503502133061099,0.0015123874853897373,0.0012571891908583722,0.0468802100176422
4047,0.9585203925992132,0.005509292521760856,0.03489725500132669,0.0010730598776991854
4048,0.05250746502518851,0.0033631002390690835,0.0008400817674265463,0.943289352968316
4049,0.0007985360238480036,0.06853496141546776,0.928616206690154,0.0020502958705302878
4050,0.00010586224005280328,0.050026471842965124,0.9491405265885522,0.0007271393284299737
4051,0.00012953797508108734,0.9838712542812685,0.01595942346328406,3.978428036642092e-05
4052,0.0006866133402256301,0.9251190521103867,0.0633762692069126,0.010818065342475215
4053,2.106646948896572e-06,0.9979095163454762,0.002082616757495954,5.760250078797578e-06
4054,3.5577751373982685e-07,0.9991439215588869,0.0008443840094530606,1.1338654146169748e-05
4055,0.9564923513781651,9.247052215198212e-06,0.0013944889178153922,0.04210391265180425
4056,1.4055981401265921e-09,0.9999679950985368,1.3578598087883826e-05,1.842489777712667e-05
4057,0.04199215197827572,0.0036634291254967165,0.016638058364438987,0.9377063605317885
4058,0.0001070281297259714,0.9845423692943339,0.015271364765177152,7.92378107628959e-05
4059,0.9527183001556285,0.0002604984944684927,5.480156588131475e-05,0.0469663997840217
4060,0.9989731457794219,1.8669246316393572e-05,3.610620226996935e-05,0.0009720787719916787
4061,0.995860232200908,5.243106103140107e-06,0.002204580929778468,0.0019299437632104809
4062,0.9865647428519467,0.0005413029440351801,0.002514838232281013,0.010379115971737027
4063,1.4720146453410134e-05,0.0017953024957685923,0.997871102333999,0.0003188750237791691
4064,0.9814669265560927,9.993199641727698e-05,0.007822482006391464,0.010610659441098538
4065,0.9974845878330848,0.0004007205392960352,0.0018626678564450405,0.0002520237711740069
4066,0.0023852046366634773,7.850606667066942e-05,0.003941651205855596,0.9935946380908101
4067,9.864545257414895e-06,5.930084160686782e-06,0.9967510125495851,0.0032331928209967603
4068,1.990881746066992e-05,0.9929189366454255,0.006479120052376031,0.0005820344847377725
4069,0.05466488047598666,0.010172681476547317,0.019478618521029275,0.9156838195264366
4070,0.04938321149189872,8.022835445558433e-05,0.007358116565173195,0.9431784435884726
4071,0.9347630886208566,0.0058533906787251,0.01195899222814239,0.04742452847227595
4072,0.0008516493283737751,3.434298159434831e-06,0.9990506527410785,9.426363238841449e-05
4073,1.56712250268991e-11,0.9999967321304728,3.027626234076173e-07,2.9650912326368936e-06
4074,0.05491700147486759,0.0012442280639227677,0.034303294607539885,0.9095354758536698
4075,0.9519440605383964,0.00028676625859847926,0.0008634287834452483,0.046905744419559796
4076,4.134515728231911e-08,0.9998452065048037,9.871672952861295e-06,0.00014488047708607023
4077,0.9965340596688735,7.068291830302344e-06,0.0001686189296813835,0.003290253109614702
4078,1.3491666588691082e-12,0.9999990480080555,9.998351780299519e-08,8.52007077366916e-07
4079,0.9865096287064946,0.0006234625083317348,0.0012282612629272043,0.011638647522246316
4080,0.00010360408218306746,0.009863593246730222,0.9896245288442413,0.00040827382684517936
4081,3.564793427198001e-09,0.9999074019879699,7.76618360827614e-05,1.4932611154167278e-05
4082,0.00035039951486661683,0.00020731427447202427,0.9791601814205549,0.02028210479010639
4083,0.05259203710403544,0.0001010654484151748,0.001583235712519289,0.9457236617350301
4084,2.7859128904101966e-07,2.003794316077411e-07,0.999482558078055,0.0005169629512243558
4085,0.9946575268468918,0.0012689313499103792,0.0003627946066848966,0.0037107471965129877
4086,0.9851757627976834,0.0001323168510131808,0.0006669744591139829,0.014024945892189472
4087,0.9957895821936207,1.542657160081727e-05,5.990109071083656e-05,0.004135090144067754
4088,0.017944611214562034,0.07057160860776793,0.8654046831964096,0.046079096981260864
4089,0.054806843370926235,0.009403768917860694,0.019126533171417482,0.9166628545397955
4090,0.9954944578865095,0.00010803469226647113,0.0017062135390274308,0.0026912938821965823
4091,0.99979157635918,1.1852316391149189e-06,4.853398158791014e-06,0.00020238501102192225
4092,0.9465769013782744,0.0013847017294787401,0.005270628134730456,0.04676776875751617
4093,4.319747709916809e-09,0.9999507632955358,1.0248073180746202e-06,4.820757739839702e-05
4094,0.9423642640701339,0.003626284286140755,0.0070908229704119705,0.046918628673313575
4095,0.9993900468369367,8.141988223271593e-06,0.0001254501212445466,0.0004763610535954794
4096,3.107115907242158e-05,0.9916951240041575,0.008227517147626782,4.628768914350717e-05
4097,0.9990978843813894,2.883298286372578e-06,9.426925557055829e-05,0.0008049630647536461
4098,0.0004549563612678775,0.9661932433050493,0.03164437232777686,0.0017074280059060846
4099,0.9917132548670061,2.513224495378598e-05,0.00013943855624230642,0.008122174331797771
4100,1.963010660516297e-08,0.9997789254121789,0.00020018476040997466,2.0870197304552367e-05
4101,0.0009145588992633898,5.936085982769561e-07,0.9981866126369426,0.0008982348551955629
4102,0.009417652546317644,0.9260140248240694,0.06264110114292314,0.0019272214866900507
4103,0.9503463838270116,0.0011989985594709437,0.0015963583888349037,0.04685825922468234
4104,3.0365141928595325e-07,0.9992768841882234,0.0007103009398486167,1.2511220508647179e-05
4105,0.008382056029065311,0.000117026463247264,0.05871705648401473,0.9327838610236727
4106,1.3929735890160054e-09,0.9999669349045721,2.8990714179869025e-06,3.016463103622853e-05
4107,0.05255831456559659,0.0025632452492521905,0.0009891979293677328,0.9438892422557833
4108,1.210289951666229e-06,0.9983634363120976,0.0016096438902133132,2.5709507737506672e-05
4109,2.1424898842767506e-06,1.146907406720945e-06,2.1295977043079427e-06,0.9999945810050047
4110,1.1623250918864696e-05,0.0037490066263517353,0.9960307641027973,0.00020860601993215045
4111,1.1192492915146634e-05,0.9953106588421243,0.004409780940524356,0.00026836772443616236
4112,0.0522217254591144,0.005270435047353874,0.0018474130882153838,0.9406604264053164
4113,8.678262738870029e-06,0.9353037066298124,0.06457934435426069,0.00010827075318781052
4114,7.478255444664053e-07,4.4490134504563234e-07,0.9991099410325401,0.0008888662405703045
4115,0.9709010832311042,0.0005536201333362466,0.0007339416838779893,0.027811354951681768
4116,0.05444191832752145,0.013091025917521643,0.02211959155645712,0.9103474641984998
4117,0.0020582745844531397,0.9873967959033408,0.005563100266653163,0.004981829245552832
4118,1.1249091746093938e-05,0.06875772017438142,0.9309295906554104,0.00030144007846228847
4119,2.1568093246875897e-08,0.9997699292626664,0.0002042549248321172,2.5794244408312447e-05
4120,1.9305373569760716e-06,1.3722641944810585e-06,0.998544770295412,0.0014519269030364996
4121,0.9884099843084673,0.0008251914048057179,0.005199960619211105,0.005564863667515833
4122,6.553103445960762e-08,0.9997346865642489,1.1622736872364211e-06,0.00026408563102955636
4123,6.940161856574783e-10,0.9999778441605118,1.710867131710365e-06,2.044427834013343e-05
4124,2.123065093325089e-06,0.997857260310188,0.0021277643362656255,1.2852288452989198e-05
4125,3.0085348921126964e-05,0.9920103529058356,0.0046700913602320615,0.0032894703850113744
4126,0.9995307990108078,6.809592671336986e-07,0.0001235931940143324,0.00034492683591087476
4127,0.011365779162681451,0.002311490087711314,0.0029472421143756163,0.9833754886352317
4128,5.175283609099671e-09,4.861647280324192e-09,0.9999255540804932,7.443588257585108e-05
4129,0.9645144825900982,0.00035290268519109266,0.0010274920310230505,0.03410512269368755
4130,0.0026907769019754446,0.0003160357382741518,0.00022716180690668766,0.9967660255528439
4131,3.5539873887147652e-12,0.999997834279924,9.001845939059845e-07,1.265531928270354e-06
4132,0.054084461825177677,0.009535983624748369,0.01988540661457812,0.9164941479354959
4133,0.0010190949649604966,5.738430476169191e-05,0.2800076803974104,0.7189158403328677
4134,8.35258883963669e-08,0.9996873899391914,0.0001146197383590261,0.0001979067965612315
4135,0.05265829758113721,0.00030291368950992277,0.0006016281076727205,0.9464371606216802
4136,1.692723285321446e-07,0.9993931288635978,0.0005944111487206351,1.2290715353148434e-05
4137,0.9990669727184321,1.1371251535477059e-06,0.000366385738894402,0.0005655044175197361
4138,0.05265217034041323,0.00027887347290794545,0.0003743124873095521,0.9466946436993694
4139,0.9515209890082091,0.00046254656852015347,0.003167538750228299,0.04484892567304226
4140,6.892387773751142e-05,0.9888204125403225,0.011035731959719937,7.49316222199877e-05
4141,1.8054100333626074e-08,0.9998007404611003,0.00019194212506074327,7.299359738769724e-06
4142,3.448403146559691e-05,0.9910615088736398,0.003725819622497649,0.005178187472397015
4143,0.8436281251272948,0.00012324135849505806,0.004643360031025457,0.1516052734831847
4144,0.997524834522748,0.00030411024181363304,0.00027907664333963445,0.0018919785920986554
4145,0.9298000573658601,0.009687806475628086,0.013084299355916058,0.04742783680259564
4146,0.9504383028370552,0.0008478953487693953,0.0019073118443817827,0.046806489969793544
4147,0.03958099077885596,0.0016915242592651738,0.9382977961158088,0.02042968884606994
4148,0.0531928041093169,0.010342402541789251,0.021982004104127362,0.9144827892447666
4149,3.298365897372901e-09,2.368366740364694e-09,0.9999622491231686,3.7745210098758986e-05
4150,0.005038310806711498,0.9802162985880254,0.004721266918739339,0.010024123686523983
4151,0.001369321071346958,0.00020156579302559304,0.003921707544307213,0.9945074055913202
4152,0.9278337696203163,0.017130408274937014,0.016583260852808812,0.03845256125193774
4153,0.052525635350077364,0.004828529610087374,0.0009050663073015016,0.9417407687325337
4154,0.000521601946246905,4.0886415561644904e-05,0.47543307457266404,0.5240044370655274
4155,1.0343337601511054e-08,0.9999033551148665,4.41613601620366e-05,5.2473181633843644e-05
4156,5.167070761081811e-06,0.9978101687900985,0.00018813234131049504,0.00199653179782987
4157,1.8123389494394464e-07,0.9993333353825788,0.0006117928725858752,5.4690510940233305e-05
4158,8.876897219799275e-05,0.9872792158461106,0.011962200200179123,0.0006698149815122746
4159,1.0668631733279284e-07,0.9996140754985912,0.00011114510003801825,0.0002746727150534714
4160,0.0010366148642115324,0.9291590910548214,0.06426625918286206,0.005538034898104874
4161,9.341909322114415e-06,0.9956274115390835,0.004349449213594771,1.3797337999459805e-05
4162,0.0007247376972513446,3.746793734941047e-06,0.966070652203503,0.0332008633055105
4163,2.596883301870026e-05,0.9934805146350849,0.006419696244320443,7.382028757599373e-05
4164,0.013750742773875934,0.002935005997766595,0.00023634644884431083,0.9830779047795132
4165,0.020476641597053633,0.006169255954405881,0.9083790316305048,0.06497507081803548
4166,0.0005681262274871809,0.0003399724430221646,0.9968378323554297,0.0022540689740609856
4167,2.168957801151494e-07,1.649828917716108e-07,0.9998846512019626,0.00011496691936561104
4168,4.665691959251179e-07,3.8112442191695013e-07,0.9992783708287059,0.0007207814776763442
4169,1.6225097137399513e-08,0.9997930069873628,0.00016140902300880994,4.556776453122294e-05
4170,0.00020616007402705265,4.002350327430811e-05,0.06003428860318653,0.9397195278195122
4171,1.2611872106943532e-06,2.682874000274941e-06,0.9992803542675132,0.0007157016712759403
4172,0.007752339557854009,0.00044298220620994535,0.016449818153412562,0.9753548600825235
4173,0.0011659472783700712,5.9875251827675465e-06,0.9901534522557266,0.008674612940720269
4174,0.0012840882595188256,8.1117880448256e-05,0.060018314522472895,0.9386164793375601
4175,0.0005882357899049174,1.1208141894240742e-05,0.0031460530948069928,0.996254502973394
4176,6.702668238608902e-07,3.4690907888870836e-07,0.9995027003222724,0.0004962825018249371
4177,0.9428912928757572,0.0028349664484289445,0.008436503557024702,0.04583723711878915
4178,0.9684041574228373,0.00024808057761837357,0.02768684741426285,0.0036609145852814296
4179,0.001418774282086716,2.1581388041956778e-05,0.0006061953688556422,0.9979534489610157
4180,1.971462242484064e-06,1.2325313147005593e-06,0.9984995945368232,0.0014972014696197377
4181,0.05422165267658116,0.008456849368338083,0.015875873990510613,0.92144562396457
4182,4.940679709493962e-08,3.668580378207531e-08,0.9998124573928365,0.00018745651456254154
4183,0.05256441907209641,0.0025933345345518243,0.00033676007104598634,0.9445054863223059
4184,8.146111159031942e-07,0.9988204618708408,9.963068418610054e-05,0.0010790928338572005
4185,2.899812556508058e-05,0.9347813210514345,0.06455897472165391,0.0006307061013465046
4186,3.5908413405505194e-13,0.999999498281081,9.999929195316888e-08,4.01719267921271e-07
4187,0.959520220685623,0.01371258559227789,0.022422682465043003,0.004344511257056306
4188,2.396958439856094e-11,0.9999960666254323,9.896966480962823e-08,3.83438093329287e-06
4189,0.9865846296943777,6.339435219452304e-05,0.004850260973446581,0.008501714979981154
4190,0.9466794184307388,7.269119185879092e-05,0.008762179857076263,0.044485710520326335
4191,3.997981716368677e-06,0.9970531712094416,0.0029205364908169882,2.2294318024727386e-05
4192,0.029023997531025043,0.06384744216162283,0.8621326639698429,0.04499589633750946
4193,0.006336742746676925,2.2971295051844913e-05,0.9915808160781047,0.0020594698801666648
4194,4.017068011586587e-09,0.9998998138420089,8.947078684817178e-05,1.0711354074891295e-05
4195,0.023846213969175713,0.024175851546719144,0.8852681420211287,0.06670979246297647
4196,5.056883129278825e-07,0.9996959941349484,4.0110028125826365e-06,0.000299489173926058
4197,0.00018665269053575582,0.9793087744870003,0.02013730049171553,0.00036727233074841924
4198,0.9958107711051376,2.090930754425575e-05,0.0001747992090975396,0.003993520378220516
4199,1.687050332695022e-07,0.9994083014818235,0.000582933704082892,8.596109060269666e-06
4200,1.3217439090654931e-05,8.00054813558017e-06,0.9960898154267152,0.0038889665860587894
4201,0.9943295450125231,1.0994580966692311e-05,0.00016763038724575444,0.005491830019264456
4202,0.007086605423447218,1.1190707923655314e-05,0.05983152921341635,0.9330706746552129
4203,2.3724491909345185e-07,9.014417514502189e-08,1.3463604291108982e-07,0.999999537974863
4204,0.038902761135408706,0.00020716215522242082,0.033368871315116504,0.9275212053942522
4205,2.2796150604139122e-10,0.9999791277445907,1.8933228527786457e-05,1.9387989200462534e-06
4206,2.2361147941156885e-05,0.959970246587955,0.03994134816935435,6.604409474944712e-05
4207,0.010161854559579096,0.9593003474105871,0.024256036029771028,0.006281762000062832
4208,7.380441976810656e-05,0.9871145764262813,0.012790774467020292,2.084468693024368e-05
4209,0.055368369133001534,0.0021912391740279836,0.04669087195324203,0.8957495197397286
4210,0.001042678802460356,8.71040482851569e-06,0.0022529236252755323,0.9966956871674354
4211,1.5548417978866715e-08,3.179636889730415e-08,0.9999645294042634,3.542325094972202e-05
4212,1.2536315794806474e-09,1.946582966731599e-09,0.9999655913747562,3.440542502927047e-05
4213,1.8745721591725998e-06,0.9981621818098572,0.0017274121597346838,0.00010853145824908195
4214,0.9521677897281057,0.00047891691026255616,0.00047636654328186767,0.046876926818350075
4215,0.9681709637911146,0.000539675593387029,0.0032424427941417106,0.028046917821356813
4216,0.9979723397002807,1.939322722456109e-05,2.770254296920624e-05,0.001980564529525704
4217,0.05256540533372821,0.002033199653955237,0.0013506044014096946,0.9440507906109068
4218,0.01112635965604069,7.48665188665845e-05,0.0398129882724084,0.9489857855526842
4219,7.563343931907878e-05,0.013680981614886801,0.9836057639242044,0.0026376210215897124
4220,0.05127332534986948,0.0005783407824230354,0.008694183825524603,0.9394541500421831
4221,1.955405072478532e-07,0.9994265066364969,0.000559736079458855,1.356174353705755e-05
4222,3.7066039876617037e-09,0.9999198941709054,7.465401545436804e-05,5.448107036191685e-06
4223,0.9926417048763704,5.27681409811573e-05,0.0006918851914256769,0.006613641791222795
4224,0.00022715253560632315,0.9766920240486174,0.022815851469353894,0.0002649719464224148
4225,0.9804121889519337,0.0006460326584539546,0.0018739105300885927,0.01706786785952357
4226,0.9998095833127203,8.297030563514661e-07,1.2266567487006652e-05,0.00017732041673643357
4227,1.998669278789646e-07,4.23739200173134e-07,0.9999266464406492,7.272995322289215e-05
4228,0.025036254860728618,0.008334237081746772,0.020033603050482032,0.9465959050070424
4229,0.9981487161784315,7.705713919250477e-06,0.00013373961478449094,0.001709838492864804
4230,3.304247118010596e-10,0.9999844871290456,2.292310633929208e-06,1.3220229895727012e-05
4231,1.3896748169486365e-12,0.9999988454031351,4.5291909508798746e-07,7.016763799777386e-07
4232,6.353332871406787e-09,1.2815377642206284e-08,0.9999719424597429,2.8038371546694156e-05
4233,0.028713276434380767,0.0004397280503262479,0.051622527484038484,0.9192244680312543
4234,0.9973275555751261,0.00023715179268051558,0.0011642825646503388,0.0012710100675431106
4235,0.052630378956555326,0.0009490677604120962,0.00029263933514077454,0.9461279139478918
4236,0.9965662696442094,4.917562212308552e-06,0.00016215600952912957,0.00326665678404905
4237,2.1022737950912967e-06,7.223340978407634e-07,1.3615196459186623e-06,0.9999958138724611
4238,0.004774105924876381,3.452135363929488e-05,0.0009229405122933742,0.9942684322091908
4239,2.653879298297616e-07,0.9992691559698018,0.0005214339864219826,0.0002091446558462158
4240,0.0002885014007661577,0.009031719200649477,0.9905026589954256,0.00017712040315887901
4241,0.011292224989795216,4.87696947704935e-05,0.7616061666499041,0.22705283866553008
4242,2.477201955523036e-09,0.9999581034266343,4.753985889145002e-06,3.714011027451711e-05
4243,0.9978842013321038,0.00041344698995320604,0.0008145240487440642,0.0008878276291991333
4244,0.00017370004002811225,0.9828795444852174,0.016263729352122155,0.0006830261226324889
4245,6.217039913929515e-09,0.9998760520225597,7.518641984976496e-05,4.8755340550646666e-05
4246,9.04546388366572e-06,0.9957248010224644,0.004126133804490833,0.00014001970916117817
4247,1.3203683688408769e-11,0.9999952731941955,2.8799359824512407e-06,1.8468566185323852e-06
4248,4.657216618352094e-07,2.2021846480359822e-07,2.797087340205366e-07,0.9999990343511393
4249,0.9888266947137259,3.358347908800658e-05,0.0070611215129543084,0.004078600294231931
4250,0.9498659429188089,0.00018619028799635062,0.005720916074819218,0.04422695071837582
4251,0.9438714027409949,0.0023011929731405895,0.006857084280086555,0.04697032000577792
4252,6.418754170775324e-08,8.411020104111819e-08,0.9997449782273196,0.00025487347493761606
4253,0.9914168787934566,0.0005198969297913668,0.00587111647205563,0.002192107804696383
4254,0.9673246610460468,0.001340076906871353,0.026859803112790365,0.004475458934291501
4255,0.00256541233923284,4.577379087533609e-05,0.899544540441335,0.09784427342855666
4256,0.9728409475373329,0.00018576434571870257,0.0031625286215465178,0.023810759495402074
4257,0.0031775067957835303,0.06861008450099845,0.8978697418647641,0.03034266683845347
4258,0.9829643641178676,0.006060588639548126,0.008894127928733184,0.0020809193138507614
4259,2.3489020102924076e-06,1.0804076102722812e-06,1.2261693669064848e-06,0.9999953445210125
4260,1.6085350941293193e-07,0.9993420975489297,0.0005380722950569652,0.00011966930250405187
4261,9.324232933674613e-07,5.730174446700335e-07,0.9989806069486188,0.0010178876106432678
4262,3.1555437176811676e-06,0.99782255341106,2.484440290868017e-05,0.0021494466423136885
4263,0.03170900930082044,7.928544873554571e-05,0.9489490521222311,0.019262653128212806
4264,1.1634727587617569e-06,1.0962461129352897e-06,0.9991015123320931,0.0008962279490351672
4265,3.967816279031539e-05,0.9906879171253764,0.009231420304057122,4.098440777612297e-05
4266,2.1228187950645435e-07,1.2250192400495767e-07,2.348175546483709e-07,0.9999994303986417
4267,0.012890257732904508,5.900556143933023e-05,0.0014000136647367432,0.9856507230409194
4268,2.9720829629372075e-11,0.9999912685833371,6.839495046021988e-06,1.8918918958800534e-06
4269,0.9967959621135317,0.0011288652156764326,0.0005863225412685594,0.0014888501295233585
4270,1.0590195136525528e-08,0.9998522252865181,0.00010131173854587054,4.6452384740917004e-05
4271,0.9984837494315811,2.2744432218959264e-06,0.0013446802645590238,0.00016929586063782335
4272,5.212274094374536e-05,0.9904885171316494,6.453269099692309e-05,0.009394827436409759
4273,0.9523805055940887,0.0005238584868311346,0.0007461534037539312,0.04634948251532639
4274,0.9489397107116235,0.0014262132755332012,0.002807698919541472,0.04682637709330144
4275,0.0096821337843968,3.243689743783276e-05,0.059055346287818805,0.9312300830303468
4276,6.281014655025669e-07,0.99885893938303,0.001110781076352992,2.965143915146896e-05
4277,0.9346058300647547,0.005825183214683025,0.012105756902341265,0.04746322981822101
4278,1.7847838719647224e-10,0.9999899282540157,1.5662984707775372e-06,8.505269035241117e-06
4279,0.9513238318504248,0.0002830847992934005,0.0015130650491234573,0.046880018301158406
4280,0.05504777319402918,0.005468220547486213,0.019653569127609988,0.9198304371308748
4281,0.9999217898610654,1.1974465135271698e-06,3.968571994958034e-05,3.7326972471466765e-05
4282,6.516382876344868e-07,3.5577590600379624e-07,7.017353004063808e-07,0.999998290850506
4283,0.9369568150466606,0.005427403101525464,0.01047047340442049,0.04714530844739339
4284,6.020295062055141e-09,0.999910615998711,2.9129188332729615e-05,6.0248792661022225e-05
4285,0.982208698691293,5.653850408519068e-06,0.005656460101634443,0.012129187356663927
4286,0.9642412952294261,0.0006339348853983357,0.0004622514276824342,0.034662518457493206
4287,2.7529446687098785e-05,0.9924610819923937,0.007481209261859695,3.017929905942898e-05
4288,0.0001259360810503169,0.9818931364177884,0.013540401495075351,0.004440526006085696
4289,1.6832002186313758e-09,0.9999689479350645,4.7481001133770726e-07,3.0575571723985975e-05
4290,0.00628155946942073,0.9862750194612183,0.003855155918740425,0.003588265150620605
4291,0.053599507215341735,0.01101449684893085,0.015175633453729244,0.9202103624819985
4292,2.0300939094405463e-08,0.9997770680089174,0.0001394128497086827,8.349884043448761e-05
4293,4.417817201334023e-07,8.186119465278007e-07,0.9993915798551039,0.0006071597512294705
4294,0.002294352709165132,0.9951496158514473,0.0007621265294501483,0.0017939049099375442
4295,0.9997303642678801,1.092425014067878e-06,3.8421616550187935e-05,0.00023012169055566483
4296,1.814252657423658e-09,1.1101925315838546e-09,0.9999574981770298,4.2498898525003816e-05
4297,2.8974244265798442e-05,0.9351310915199827,0.06455947082865343,0.0002804634070978993
4298,3.5736865636605555e-06,0.9643887195003722,0.035484472733629736,0.00012323407943454445
4299,0.0004240456461414329,0.9650564719641279,0.029810567853902365,0.004708914535828376
4300,1.8112038742024873e-05,1.0810600937613883e-05,0.9954829233329954,0.004488154027324931
4301,5.193157976844534e-06,0.996901909860038,0.0029574615372509206,0.0001354354447344378
4302,4.490730899658726e-07,0.9989979180078062,0.0009681913177571491,3.3441601346456334e-05
4303,0.0004033209201244952,0.9689052201955158,0.030660641544977052,3.081733938255066e-05
4304,0.0013357310619536167,0.9962120329308407,0.0012314668520410645,0.0012207691551649018
4305,2.957956083257786e-10,0.9999888864076221,2.0610746814188595e-06,9.052221900778769e-06
4306,4.14795636593532e-08,2.5092524030942215e-08,0.999823271620344,0.00017666180756835948
4307,0.05265431866752551,0.0002171101826869255,2.9767798295121587e-05,0.9470988033514925
4308,6.351853178510986e-13,0.9999992909789346,9.92899888553023e-08,6.097304413877674e-07
4309,0.9998779279227853,3.5227884151454706e-07,3.737424085708232e-05,8.434555751618177e-05
4310,0.05466821861568558,0.0088524038440082,0.018154047170140606,0.9183253303701655
4311,7.711634850649342e-05,0.9865848582702484,0.012797243684476023,0.0005407816967692033
4312,1.1879895186645783e-05,0.9954613327037108,0.0044660631568677524,6.072424423452978e-05
4313,1.410237967164077e-10,0.9999817142067229,1.3208853948972149e-05,5.076798304332814e-06
4314,0.005361240799855289,8.784643301663965e-05,0.00012900197399880902,0.9944219107931294
4315,0.020031020860292334,0.00029362342318957975,0.009244864490334136,0.9704304912261842
4316,1.0382167062031052e-05,0.9350683228263783,0.06465267598522031,0.0002686190213393174
4317,3.0015637630707723e-07,0.9992390503747016,0.000728453613263356,3.219585565882801e-05
4318,1.2899871268444274e-08,1.5937959948848346e-08,0.9998668332714327,0.00013313789073598033
4319,1.1963212239745633e-07,1.1097353122001472e-07,0.9999483491443092,5.1420250037241866e-05
4320,1.648056361352428e-05,0.9409794088282398,0.05863753028043416,0.00036658032771261717
4321,4.261082377366685e-09,2.550329922349155e-09,0.9999771034552604,2.2889733327368174e-05
4322,6.310644724029281e-09,0.999885726284891,0.00011023569659497279,4.031707869299516e-06
4323,0.054686098011942165,0.0038278121162319506,0.017360800873423513,0.9241252889984023
4324,0.02824765428900905,5.247032539561638e-05,0.9666928884646511,0.005006986920944261
4325,0.0013347045233878764,0.9793714460350278,0.015082001829046328,0.0042118476125379885
4326,0.952311318144126,0.014593198434406162,0.004292316115629735,0.028803167305838172
4327,0.0010053900940224436,8.86751313830607e-06,0.9954558324534771,0.003529909939362172
4328,3.1767641058931058e-09,0.9999157040311343,8.02920100365599e-05,4.000782064950291e-06
4329,0.9907333891385437,2.986828818938067e-05,0.0002248559059994619,0.009011886667267587
4330,1.6592298183417047e-12,0.9999989254194649,9.940211827586674e-08,9.75176757856978e-07
4331,0.9829553417910586,0.0003836765712917151,0.0008334990784015379,0.015827482559248082
4332,0.029660591061440617,0.0001364654198763712,0.006508681663799464,0.9636942618548835
4333,8.4401829509134e-08,1.360983692038866e-07,0.9999677919833178,3.19875164834132e-05
4334,9.653978729094458e-08,2.0025645610158755e-07,0.9998625311674263,0.00013717203633028532
4335,2.8228604297545046e-05,0.9353514655964216,0.06456526183446888,5.5043964811867316e-05
4336,5.19198611456198e-05,1.4811224673171565e-05,0.004122532814124139,0.9958107361000571
4337,0.9932003162642842,0.00034122452671443574,0.003826262874616123,0.0026321963343852164
4338,0.9269830448889032,0.008052665857241882,0.036806128208514456,0.028158161045340364
4339,0.9973149077145446,0.0003945317997197647,0.0003878750910467504,0.0019026853946890673
4340,6.83603170415468e-07,4.149994006411316e-07,0.9992883736178098,0.0007105277796190457
4341,0.0011039747651958806,0.9983061875352959,0.00032003099795230235,0.00026980670155558466
4342,0.9928164781548886,1.5075995571618232e-05,0.005089533238408891,0.0020789126111307064
4343,1.192644771146863e-10,0.9999869071832388,3.948500187439876e-06,9.14419730917607e-06
4344,2.4848803036380936e-07,1.5126736881785688e-07,0.9994703246422336,0.0005292756023673347
4345,5.6788183464157865e-06,0.9964756187108935,0.003483879136399507,3.482333436053956e-05
4346,3.8649405599518344e-08,0.9998327238088784,1.6842058571203607e-07,0.00016706912113020975
4347,0.9464563598062831,0.00190050042216309,0.004850140147734706,0.046792999623819165
4348,0.9378609664160027,0.0035983483517369108,0.01124606353080431,0.04729462170145621
4349,1.735555965589115e-06,6.566314743261639e-07,1.1458694205988867e-06,0.9999964619431395
4350,0.0001528807755658091,0.9811023609661996,0.01852500811085279,0.00021975014738199824
4351,3.012399860936746e-06,1.61106393804171e-06,1.4867959353030992e-06,0.9999938897402657
4352,0.9877240855285264,3.746978577256014e-05,0.009031713970874922,0.003206730714825945
4353,2.2440624322584924e-05,1.3635839778875204e-05,0.994869512672213,0.0050944108636856505
4354,0.023194061239761733,0.001056267006313197,0.9722368923729882,0.0035127793809370954
4355,0.9696797213672758,0.005420155877925822,0.023012656786769614,0.001887465968028969
4356,1.938414731317493e-07,0.9995040969338616,0.00046968129976306,2.6027924902465732e-05
4357,0.9354066046027194,0.005340256804439864,0.011898257044573266,0.04735488154826748
4358,1.9938320903097972e-07,0.9995696560810985,7.819274163956612e-06,0.0004223252615286896
4359,1.5693574001893704e-09,0.9999675745275107,1.3119544134290828e-06,3.111194871863979e-05
4360,2.283518754142753e-13,0.9999995597399903,9.999050528005845e-08,3.402692760246545e-07
4361,0.05418691009025975,0.013638635802751178,0.02279054336062201,0.9093839107463669
4362,0.00020246915640157018,1.6928115698060698e-05,0.004547081149626457,0.9952335215782738
4363,2.20118071918577e-06,0.9978428239021916,0.0013925005911050727,0.0007624743259839988
4364,0.022485687467106125,0.004652267319942694,0.016911137392212647,0.9559509078207383
4365,0.9996859974487784,7.1772255524161244e-06,7.19043368218934e-05,0.00023492098884726417
4366,8.510690986752939e-09,5.28642107701821e-09,0.99995973682858,4.0249374307914945e-05
4367,1.5657268662840989e-07,0.9996699797441764,3.244732197788383e-06,0.0003266189509393988
4368,7.592529653684059e-08,3.8777148855778924e-08,7.877318626441215e-08,0.9999998065243684
4369,8.462240693154555e-07,0.9987009846193173,0.0011814543393988367,0.00011671481721457979
4370,0.9494773784966409,0.002391264598472274,0.001310096308760051,0.046821260596126506
4371,0.9296377086902426,0.011394895453904938,0.034002854720188595,0.02496454113566392
4372,0.00038267421769590205,0.9345153000384974,0.06460025120002574,0.0005017745437810426
4373,0.00500368670385983,0.00011002574555701377,0.000908935072831417,0.9939773524777517
4374,4.09535077907726e-05,2.669218734958958e-05,0.06004650298007208,0.9398858513247875
4375,8.649725161252335e-11,0.9999892818878711,7.931199755300467e-06,2.786825876521541e-06
4376,3.13021322130296e-08,6.455879514252997e-08,0.9998687198029208,0.00013118433615190694
4377,0.9999167462437971,2.968584187309208e-07,2.440907029591545e-05,5.8547827488386095e-05
4378,0.9989532031833102,1.3433777412977295e-05,0.0005209834011021292,0.0005123796381747968
4379,0.05238291665853346,0.0009607995431832218,0.006117718769178941,0.9405385650291045
4380,3.512035037995486e-05,0.0025084451736281273,0.9973122204958423,0.0001442139801493205
4381,3.7163826893994335e-06,0.996840033659701,0.0024994948323321746,0.0006567551252773145
4382,0.0001908819234575262,0.9787478225604217,0.020429843357306774,0.0006314521588140347
4383,3.5724463528593484e-05,0.9904871920338059,0.007792366189358189,0.0016847173133072372
4384,0.000417281501771851,0.00023074864031392528,0.023213688900673414,0.976138280957241
4385,6.128997151404287e-06,0.9964460291839962,0.0016798911540003578,0.0018679506648522158
4386,0.05202338010685635,4.285468312820404e-05,0.0036617852588789984,0.9442719799511364
4387,0.999179899251176,5.8877201999377354e-06,0.0005240320229161379,0.0002901810057078968
4388,1.025161374573877e-06,1.8040221078544558e-06,0.9989921461911648,0.0010050246253527377
4389,7.987869527181797e-09,5.399456598148088e-09,0.9999670826772257,3.290393544828542e-05
4390,3.272088340745291e-10,0.9999716522139166,2.4724834114297854e-05,3.622624760345585e-06
4391,7.324685396456525e-05,0.9402517856608635,0.05956148975675569,0.0001134777284164217
4392,1.9341109475557347e-08,1.3139256428332997e-08,0.9998555041114919,0.00014446340814211383
4393,0.05263745342075419,0.0084503567618565,0.004955876645122337,0.9339563131722669
4394,1.4989638375697511e-09,0.9999374148244854,5.403228315221873e-05,8.551393398588162e-06
4395,3.134271226178345e-11,0.999994948973047,1.1642535055453198e-06,3.886742104837414e-06
4396,0.9884154993302552,8.974765714632208e-05,0.00975136759984253,0.001743385412755897
4397,0.00048316415166321927,3.526348987807001e-05,0.5125454900795996,0.4869360822788587
4398,0.031222243646563654,0.00012057908278383048,0.9611922106148189,0.007464966655833555
4399,0.0015479401874930062,0.00032548006411706724,0.00010438670941217226,0.9980221930389778
4400,0.052533267890103756,0.0021582995189142716,0.0021771577439306977,0.9431312748470514
4401,0.0001569249957559309,0.9414756898142532,0.054261245507616795,0.004106139682374059
4402,0.9979798766620355,4.257434572614476e-06,5.83095985194183e-05,0.0019575563048725357
4403,2.8640234411011813e-06,1.7184270873552903e-06,0.9982030061709019,0.0017924113785698162
4404,9.234066786846562e-11,0.9999901173671926,2.926006216165387e-06,6.956534250487361e-06
4405,2.6305355497229844e-09,0.9999672531061632,9.98743639047149e-08,3.2644388937266875e-05
4406,1.3367359702372968e-10,0.9999903916782489,8.878001098737507e-07,8.720387967727973e-06
4407,1.1471306156049124e-07,7.034572508949951e-08,0.999639892985378,0.0003599219558353934
4408,1.1293968720232955e-08,0.9999220016061947,5.758814382393691e-07,7.741121839826465e-05
4409,2.5925671230780105e-05,0.00786118658419306,0.9920309227841818,8.196496039427434e-05
4410,0.0011042599735929686,0.9954886676851632,0.0012887443614712042,0.002118327979772886
4411,0.00011507747850645745,0.9858100934428132,0.013890250173962322,0.00018457890471814916
4412,0.03611787544436497,0.010584767746711023,0.036345375397217466,0.9169519814117064
4413,2.9088360017564105e-09,0.9999266332032535,6.632089397291193e-05,7.042993937490988e-06
4414,1.331281391390065e-10,0.9999836648229339,9.336920250503374e-06,6.998123687430809e-06
4415,0.022422665557083492,7.647322993291269e-05,8.311999602251665e-05,0.9774177412169609
4416,0.0011459711332347322,0.06842059927651063,0.9256675201939844,0.004765909396269881
4417,0.0006647684833662851,0.0004004121760652675,0.9704063000830042,0.028528519257564125
4418,0.004392178834171736,0.9846779791155608,0.0012068754678845907,0.009722966582382715
4419,1.5240478731152818e-08,0.9998004596043651,0.0001467845439573678,5.274061119874177e-05
4420,0.0036280093027208494,0.06868678862219346,0.9038218077374971,0.023863394337588436
4421,1.3060844416814003e-07,0.9995979051362089,2.851373594057095e-05,0.000373450519406247
4422,0.000778842159956911,1.4446295140573941e-05,0.00011557949013547978,0.9990911320547669
4423,7.556737219235797e-09,0.9999332894304971,1.5265218234203502e-06,6.517649094202644e-05
4424,5.23843375604427e-05,0.9351881617774342,0.06457605281795496,0.0001834010670503407
4425,0.0085518562511976,0.0015967427819653236,0.05968475089031049,0.9301666500765264
4426,6.073256121805659e-08,1.253546656033125e-07,0.9999639233583195,3.589055445348465e-05
4427,1.071098677992216e-07,0.999550554739665,0.0004227969472154121,2.6541203251674492e-05
4428,4.27467241858341e-09,8.881403486395102e-09,0.9999640977112431,3.5889132681178234e-05
4429,0.9972275275298556,0.00016212514048257238,0.0014656377412292955,0.001144709588432682
4430,1.0370771213664895e-10,0.9999870859794485,6.246987570818135e-06,6.666929272840996e-06
4431,1.5505393923774268e-05,0.0054684427307571185,0.991447867639713,0.0030681842356059764
4432,0.0006811303928599467,0.00010816361762484771,0.015858788633092456,0.9833519173564227
4433,1.9134774171738034e-08,0.9998095544448055,0.00017859807968911018,1.182834073121013e-05
4434,0.9941315220803442,0.00012150074570823149,0.0007453266624437754,0.0050016505115038174
4435,0.9995353128825176,5.483245997374129e-07,3.698378432017286e-05,0.0004271550085624844
4436,0.00010757927950716647,6.53101433530146e-05,0.9886705568330751,0.011156553744064763
4437,0.00017746028676122943,0.9809479022088137,0.01879853076543719,7.6106738987737e-05
4438,3.149700913275546e-10,0.9999728211295996,1.696470526018846e-05,1.0213850170048558e-05
4439,0.9989843436529457,3.3484224452233118e-06,0.0005636605693019449,0.00044864735530714215
4440,0.970605783726447,0.0005733053046901001,0.028108572706153002,0.000712338262710044
4441,0.9500365174485019,0.000581192923624159,0.002555969201763679,0.04682632042611005
4442,6.750963860414498e-07,3.366092989494387e-07,6.933440587827737e-07,0.9999982949502563
4443,1.9113495495970404e-06,0.99778467739459,0.0012274919240963047,0.000985919331764202
4444,9.540547268054409e-12,0.9999954575351593,2.8920079459099077e-06,1.650447354184454e-06
4445,1.2662627267207424e-10,0.9999829235766169,1.0968556783007377e-05,6.107739973844784e-06
4446,7.179286578757203e-08,1.5145539680103036e-07,0.9999068578455764,9.291890616097908e-05
4447,0.03597289671424982,8.715380823986144e-05,0.44134499610370187,0.5225949533738086
4448,1.7193470672580636e-10,3.013882616741776e-10,0.9999903593072093,9.640219467757653e-06
4449,0.10443485391383196,0.0003699369868937078,0.024311016058924762,0.8708841930403494
4450,0.0469788039344609,0.02287834555930855,0.025598844441638794,0.9045440060645915
4451,1.0860115500635106e-08,6.45238253768803e-09,0.9999662293169831,3.37533705189921e-05
4452,0.03251430961578295,0.0003681512318501156,0.006006751934855382,0.9611107872175118
4453,0.001893530206207734,0.00025405048640402797,2.8670478146755406e-05,0.9978237488292415
4454,4.794938305111342e-07,2.2459860501100868e-07,4.3371627638088826e-07,0.9999988621912882
4455,0.003910869709121993,1.651104219733342e-05,0.005528480680876698,0.9905441385678039
4456,4.072920632577373e-05,0.9901850062949252,0.006245032250007277,0.0035292322487418685
4457,8.613994643066043e-07,0.9987535392427042,0.0008548862113797862,0.0003907131464517725
4458,0.9358680519993781,0.005408452221466285,0.011462839490027152,0.04726065628912844
4459,0.00015809049659309504,0.980857830711934,0.01881343175738021,0.00017064703409276055
4460,0.0016926332399433345,0.00111529382659997,0.9902690648856939,0.006923008047762974
4461,0.9801358982775313,0.00010007468304185772,0.016523940304537865,0.003240086734888816
4462,5.174848881248716e-07,0.9990868592585634,0.000907467933219944,5.1553233283210385e-06
4463,1.1946808968282287e-06,0.9983907633428325,0.001579898869791527,2.814310647910392e-05
4464,5.712112421431475e-07,0.9989584659310087,0.001015738860627828,2.5223997121182794e-05
4465,0.00035608215641302394,0.970739553327884,0.027410234006020964,0.0014941305096821725
4466,0.05363728233770285,0.0038809683890459554,0.03415224463540651,0.9083295046378448
4467,0.001176750017488608,1.0004739479322676e-06,0.9964713864135303,0.00235086309503336
4468,0.013356069577213452,5.708795464639607e-05,0.029508136573586217,0.957078705894554
4469,0.9632613474580854,0.0011675746587073424,0.008818846145378284,0.0267522317378291
4470,0.9922525625146501,0.0003642743402615329,0.005158133876474602,0.0022250292686140393
4471,4.603114307125984e-05,0.9351868990510667,0.06456452059424626,0.0002025492116156431
4472,0.043619666403366626,0.0005044863275794327,0.9096927136218346,0.04618313364721965
4473,5.290584111009974e-09,3.2147613870321413e-09,0.9999349784483467,6.501304630785952e-05
4474,0.9441470985505968,0.0006672714270225656,0.013221583223987908,0.04196404679839283
4475,0.0028139726293555036,0.004713702467771202,0.9873855272517897,0.005086797651083717
4476,0.9903695238018275,0.0008820416748642421,0.0009452263755240858,0.007803208147784223
4477,3.2673115338264395e-05,0.9919797384133081,0.007913017111777616,7.457135957576253e-05
4478,0.0012534659903798912,1.8228938224279584e-05,0.9983291564764415,0.00039914859495413576
4479,3.2734236046367883e-06,1.9556921620382553e-06,0.9981743331505016,0.0018204377337317245
4480,0.9982029008916813,6.688654239408547e-05,0.00024446824895197835,0.001485744316972634
4481,0.9961724847174364,1.1217316033668908e-05,2.1085937841862728e-05,0.0037952120286881535
4482,7.54181470039155e-09,0.9999083778606382,3.960270344226774e-05,5.201189410466082e-05
4483,0.9520349146997046,0.00012488287970693367,0.0008828243694139169,0.04695737805117453
4484,0.0250686593278291,0.004005828294777337,0.033502464878209605,0.9374230474991837
4485,0.0035843892436998397,6.200455801414865e-05,0.9953010650270304,0.001052541171255717
4486,0.00010763449560355728,0.27846938634324614,0.7204831588207239,0.0009398203404263955
4487,0.9924753268451848,7.28312859866884e-05,0.0061036687300903255,0.001348173138738191
4488,0.001055784183939494,5.726229202816162e-05,0.9986137347023502,0.00027321882168247427
4489,1.6575379482026783e-06,9.242993062118765e-07,7.781359176886545e-07,0.9999966400268279
4490,3.6640867182743383e-07,1.6629920211085413e-07,3.5106891425291055e-07,0.9999991162232118
4491,1.6544058530500287e-11,0.9999937868858739,4.306800497027474e-06,1.9062970849065394e-06
4492,3.157457911032959e-08,1.857787077937931e-08,3.383650073335939e-08,0.9999999160110493
4493,0.9292919008620987,0.004220883462166645,0.01886376490899783,0.04762345076673672
4494,0.9983136934348292,7.26056899203535e-06,0.000676970069730699,0.0010020759264479998
4495,4.371475840017852e-06,0.9968437204650225,0.0030625002064443205,8.940785269313217e-05
4496,0.05272978091090018,0.0017229547604487346,0.005238720884932431,0.9403085434437184
4497,0.00034254248626431743,1.1619956907191321e-05,0.07369861416221049,0.9259472233946181
4498,3.804162963119692e-05,0.05057238826698834,0.9478456206642266,0.0015439494391538975
4499,0.9812099728857399,7.452385606635224e-05,0.011150024872858197,0.007565478385335731
4500,0.05490968361809344,0.010068582614027908,0.020093873704293816,0.9149278600635846
4501,0.000251911370500367,0.9750212755404654,0.023934681627025348,0.0007921314620090997
4502,0.9994512150251842,2.917733182229063e-06,0.0002934314540339124,0.0002524357875996753
4503,0.9423515546330552,0.014499822642041743,0.01479582995019345,0.02835279277470963
4504,0.9873701551719763,5.428460275863222e-05,0.00814530003303075,0.004430260192234271
4505,6.433434383159404e-08,0.9999609532993077,2.7129435757113967e-07,3.871107199095043e-05
4506,0.0005067035299423922,0.06879777109175167,0.9299985960004531,0.0006969293778527606
4507,0.035106811180838374,0.00019779899674534198,0.9584320746851105,0.0062633151373060305
4508,0.03602903545792996,0.001328641190754909,0.0012271966076616368,0.9614151267436534
4509,9.356288539334078e-06,0.9954484058758319,0.004319921709631307,0.00022231612599755746
4510,0.0372981472142657,5.148419670238834e-05,0.9588769020721626,0.0037734665168695745
4511,0.9452360761825164,0.0014113941293454032,0.006392809931231971,0.04695971975690665
4512,0.9991630491223307,3.4644685516853055e-06,0.00042881047721841746,0.0004046759318992815
4513,0.000503195459651189,0.010520284547174956,0.9888464173750844,0.00013010261808976564
4514,1.4719231877233105e-07,0.9994330077981407,0.0005474761132551113,1.936889628538669e-05
4515,0.05255128515780912,0.005949357399886886,0.0015419740186010536,0.9399573834237028
4516,2.329654028727745e-09,0.9999317212795424,5.5883074785335585e-05,1.2393316018303644e-05
4517,4.617417593789056e-08,3.927702620883605e-08,0.9997769864992838,0.00022292804951410617
4518,0.9990878756366227,2.7438046964228624e-07,0.00045999078147141174,0.00045185920143624554
4519,0.0021467064720667507,3.1443595131362746e-05,0.05990016303154004,0.9379216869012614
4520,0.019428917635263398,2.5731756693934462e-05,0.014796263884506628,0.9657490867235362
4521,0.00011882924609788094,0.9351207668161872,0.06457399753154254,0.0001864064061724536
4522,6.736011521009365e-08,0.999940562653786,1.2703565171183886e-06,5.809962958159814e-05
4523,3.833317718109668e-05,0.9406662972139408,0.059099745539307205,0.00019562406957089422
4524,0.9503740875777852,0.0007169514448931484,0.0021043082523835932,0.04680465272493807
4525,0.0026364394638803217,0.9912352284208031,0.0007408318486310778,0.005387500266685434
4526,0.0032881490870417212,0.9917453699479332,0.004515366685467756,0.0004511142795574652
4527,0.036954595736888377,0.006888262945377305,0.9480564025303828,0.008100738787351597
4528,2.9565755210092782e-06,0.9977185056676243,0.002034458827685694,0.00024407892916889358
4529,0.006879834579017252,0.000202705345851207,0.001096881335266767,0.9918205787398645
4530,0.00034962360702666604,0.9689296856918338,0.026371316444662233,0.0043493742564772305
4531,0.9345077876652446,0.005983664842277721,0.012048375635710545,0.0474601718567672
4532,0.031015910210140413,0.0067462247664151626,0.9588046647259474,0.0034332002974969576
4533,0.9995212119524102,3.396721892522548e-05,0.0001161162351642327,0.00032870459350042283
4534,2.682969620695968e-05,0.9337327546591094,0.06453824367620756,0.0017021719684760643
4535,9.82439783433492e-10,0.9999501519322508,4.310080775225858e-05,6.746277557207352e-06
4536,6.416096817819294e-06,0.9407163209418191,0.059099870349351144,0.00017739261201211594
4537,0.0003160479703380368,0.00039278917228751986,0.00311629194832768,0.9961748709090466
4538,1.816046419571577e-07,1.1003676891955396e-07,0.9996342837743829,0.00036542458420605716
4539,0.008896000532171476,0.00018179770488670527,0.015682196722984255,0.9752400050399576
4540,0.9819335159024992,9.960891799770224e-05,0.0003995436596989019,0.01756733151980422
4541,0.9628954102084876,0.0090914650374688,0.011303432681140353,0.016709692072903213
4542,4.759004805309802e-07,0.9989963440690317,0.000989823828981963,1.335620150587857e-05
4543,0.005307426712588105,6.627578967529819e-05,0.05323129532652715,0.9413950021712094
4544,0.9987420140859101,6.880239930301946e-05,0.0008852378541844999,0.00030394566060240786
4545,7.428940008465878e-07,3.8552303415644065e-07,7.743860601466955e-07,0.9999980971969049
4546,2.6697761427737314e-05,0.9923108274449763,0.007642198700103164,2.027609349276237e-05
4547,0.9463693476908307,0.00010826040459102963,0.006729528895693007,0.04679286300888508
4548,0.9352718451021039,0.006049562500715803,0.011442269786857239,0.04723632261032317
4549,2.0660349063662252e-07,0.9992747351779708,0.000624907316025731,0.00010015090251291307
4550,0.006378978119095697,0.9803984490222711,0.0036336329188907963,0.009588939939742002
4551,6.724751053379278e-08,0.9996046741549016,0.00036118143610101996,3.4077161486944794e-05
4552,1.429293356621692e-07,8.70170197261506e-08,0.9996258455938097,0.0003739244598349197
4553,2.7143884601475086e-08,3.5335951471414904e-08,0.9999802283971843,1.9709122979730583e-05
4554,0.9986124956287911,1.2601240719172272e-06,2.8798177880074756e-05,0.0013574460692568906
4555,0.002629842928955157,0.9296594450776408,0.06435364680613248,0.003357065187271382
4556,0.9413152075073706,0.004093659696292,0.007792823432855371,0.046798309363482025
4557,0.93929716553692,0.0036670710969049134,0.03425906673077919,0.02277669663539611
4558,2.532047712237902e-08,0.9997367186679654,0.00018373691697798082,7.951909457932954e-05
4559,8.240592337192777e-10,0.9999552946965958,4.0286418209930364e-05,4.418061135077806e-06
4560,1.3993464433310831e-05,0.9383390046725031,0.06158518786294635,6.181400011731496e-05
4561,1.4599582544798075e-06,6.582544707442248e-07,1.1949262821515622e-06,0.9999966868609925
4562,0.00020589197592898797,2.3998795197182864e-05,0.0036515303625237684,0.9961185788663501
4563,2.2403222208436542e-06,1.2935569308615695e-06,9.570579947469283e-07,0.9999955090628535
4564,0.05256036850687391,0.00038374501855205085,0.0013621501160192766,0.9456937363585547
4565,0.0037558904546338575,0.0002634315553351523,0.9550127110913328,0.04096796689869829
4566,2.062870456264689e-06,1.171431316634399e-06,0.9987760963167224,0.0012206693815048322
4567,0.94825095413318,0.009226966934914604,0.033972727519164525,0.008549351412741128
4568,0.9606331796427756,0.00036944284797968716,0.03459691410727505,0.004400463401969771
4569,0.0014360096240083758,3.141365200603072e-05,0.9917025683236984,0.006830008400287256
4570,0.039784196809678374,0.002666543311094408,0.9261205315885798,0.03142872829064745
4571,0.00018375944385425747,2.7840761106430526e-05,0.0947761688213009,0.9050122309737385
4572,1.2185106946620748e-05,0.994696403423842,0.00495585009779475,0.00033556137141643906
4573,5.940105382063848e-09,0.9998856838272714,0.00010745729953920476,6.852933083933711e-06
4574,0.05503971730214296,0.009860233285397589,0.020567965004764127,0.9145320844076954
4575,0.054858827809121706,0.010189153087211026,0.019873014560957192,0.9150790045427102
4576,0.9985971841418476,0.0001282791674151275,0.00041184074236356083,0.0008626959483737052
4577,3.767364617976663e-10,0.9999765502187564,1.2681306059839974e-05,1.0768098447240519e-05
4578,0.05249719281334728,0.007213287712928576,0.002134591255898907,0.9381549282178254
4579,2.416692053813757e-06,1.3461839814862816e-06,8.815720033824436e-07,0.9999953555519613
4580,5.978150041261916e-07,3.4825455433769516e-07,0.999946132846871,5.2921083570631315e-05
4581,2.3096296495816322e-07,0.9992722694237571,0.00069519824435379,3.2301368923879545e-05
4582,6.299726753200301e-07,2.772499454225402e-07,5.735199200495893e-07,0.9999985192574592
4583,3.2026718007077595e-09,0.9999180567787422,7.855604648608419e-05,3.3839721001359587e-06
4584,8.051435038439399e-07,4.112389021710573e-07,6.156874178756455e-07,0.999998167930176
4585,1.7358151432312533e-05,1.8313440463604906e-05,0.9949963205657615,0.004968007842342529
4586,0.9990419546069154,4.660071862278292e-07,0.0005257305182764986,0.00043184886762183
4587,1.4212909562753993e-10,0.9999833429237655,9.72544112690572e-06,6.931492978359228e-06
4588,0.00021818210463078316,0.0012671032716987222,0.9979701015993128,0.0005446130243580747
4589,3.216403153025707e-13,0.9999994823892913,9.91576925319423e-08,4.184526944779709e-07
4590,0.9303716482638487,0.012902943346553914,0.034965199351868224,0.0217602090377289
4591,0.0023025211871346785,9.30063524683158e-06,0.9970482877934547,0.0006398903841636343
4592,0.01371075013510012,0.006317422118990851,0.024487938534289534,0.9554838892116194
4593,0.9984662998997662,4.8558402789337e-06,0.001148234324393512,0.00038060993556120865
4594,9.039134268946648e-09,5.248951326308232e-09,0.9999054527361345,9.453297577991963e-05
4595,0.9889680092233993,0.005458857438556462,0.004041699144126862,0.0015314341939173149
4596,0.02553351439192631,9.911213716619315e-05,0.9087696491360037,0.06559772433490381
4597,0.9387695951304675,0.00635790630343741,0.03559803520300505,0.019274463363089994
4598,4.522937398903719e-05,0.9348559515533995,0.0645898286618857,0.0005089904107257172
4599,0.9619955777201705,0.0006754617418612479,0.03402265293233806,0.0033063076056302604
4600,8.794305310352315e-08,4.8203659582198944e-08,0.9999516864953277,4.8177357959501026e-05
4601,0.9470324375763823,0.0026507818986905084,0.0035307361713367916,0.04678604435359043
4602,0.0008045051694044747,6.207288946839869e-06,0.7798875234554871,0.21930176408616148
4603,6.253039656373493e-05,0.9350228054750549,0.06455247739909489,0.00036218672928622854
4604,0.0024074807520348468,1.8774637298101488e-05,0.9851958721141905,0.012377872496476683
4605,9.626211964497071e-05,0.9367741933646019,0.06277284082157741,0.00035670369417560983
4606,0.007155258708491562,0.9750208921558471,0.00806873465835839,0.009755114477302694
4607,3.4322988071454875e-09,2.5969569897012767e-09,0.9999468293948368,5.316457590727665e-05
4608,1.838303895095585e-05,0.9353416253073811,0.06459516286345107,4.482879021712545e-05
4609,0.9507945396161542,0.0010370039154855774,0.0013401460331451541,0.04682831043521509
4610,0.9976092271753784,2.0622297574588617e-06,0.00034583672082318665,0.002042873874041126
4611,0.008682738814007272,0.0001394027791476147,2.0474967666750685e-05,0.9911573834391784
4612,0.045381711923224405,7.040698456674071e-05,0.03101347927049914,0.9235344018217098
4613,0.00016373155586294836,0.9426627700322863,0.056734703157082636,0.00043879525476782925
4614,3.723683080181427e-13,0.9999990963229026,5.594412279946644e-07,3.442354971181902e-07
4615,8.817865241504253e-06,0.9962895256347825,0.0033197356439239544,0.00038192085605224515
4616,6.247020814470135e-05,0.9878852029673314,0.011549419011487046,0.000502907813036787
4617,0.0002961719690104207,8.709347524511041e-06,0.9346192411892371,0.06507587749422808
4618,0.0008230433233350155,3.510046991627492e-05,0.0014727596951129014,0.9976690965116357
4619,2.1529328548631165e-05,0.9937458444311108,0.0056780905835082,0.000554535656832319
4620,1.005386189295084e-05,0.9955839364259371,0.002244858347232888,0.0021611513649370034
4621,0.9865441643018543,5.6707693517247215e-05,0.0003892726910400041,0.013009855313588567
4622,5.249524678704699e-05,0.9888212582697795,0.006707525694756815,0.004418720788676518
4623,0.9994606216590382,3.04635721806271e-06,0.00028685728325054044,0.00024947470049317374
4624,2.6667805375565574e-06,0.9658493953795778,0.03389613575849291,0.0002518020813917835
4625,0.00250697781509499,0.0006340994351508655,0.9942998202103664,0.0025591025393879078
4626,0.001165549272410203,3.765355896280737e-05,0.9897520178654289,0.009044779303197819
4627,0.945301469915217,0.003318826182545851,0.0055729624177517385,0.045806741484485415
4628,0.00041338498976186056,0.9709451201380753,0.028537796912496857,0.00010369795966613048
4629,0.04750011870645189,0.005064216794053891,0.0012415459734337216,0.9461941185260606
4630,0.993835311252352,2.1531982127344316e-05,0.005320732805099587,0.0008224239604209393
4631,0.05502181281726525,0.008604777215502835,0.02003553257598109,0.9163378773912507
4632,1.6457160615528896e-10,2.1613814745403617e-10,0.9999870060004992,1.2993618791192373e-05
4633,2.6595031712882216e-08,1.3592115942202048e-08,2.7669256379901195e-08,0.999999932143596
4634,1.6278904129925495e-06,0.9980902195375251,0.001851954519973282,5.619805208886937e-05
4635,1.3565645757410115e-06,0.9981815191790049,0.0015988518663373117,0.00021827239008199905
4636,2.3913693433129093e-08,1.6844478371591506e-08,0.999964902918643,3.5056323185083626e-05
4637,0.9658816426199438,0.0007530612707920235,0.0005273791604805226,0.032837916948783526
4638,1.6346640144044458e-06,1.0020073399239526e-06,0.9986333950569948,0.0013639682716508352
4639,9.920812033339507e-07,5.962528115574908e-07,0.9990763152308723,0.000922096435112931
4640,4.425052215255463e-05,0.9892410647872734,0.009544248959574786,0.001170435730999247
4641,9.060640917384094e-07,0.9984816726877829,0.0013336197941696355,0.00018380145395564912
4642,9.691762870466943e-13,0.9999988320226085,4.890278697714428e-07,6.789485524572608e-07
4643,2.057380424948781e-09,0.9999486162111816,3.075820224343911e-05,2.0623529194672877e-05
4644,5.638084561702518e-08,4.028776458740498e-08,6.740509440393756e-08,0.9999998359262954
4645,2.3055516194614265e-07,9.651975539485493e-08,2.009497745228874e-07,0.9999994719753083
4646,0.053410146982162496,0.002808252422938113,0.010853966643104871,0.9329276339517945
4647,0.0037114645231344136,0.00023899708454681715,0.05987448325994386,0.9361750551323746
4648,1.1103911611093124e-07,1.5167862898862702e-07,0.9996240729703089,0.00037566431194609455
4649,8.141960113763064e-08,1.7205069311047423e-07,0.9998939429155109,0.00010580361419494331
4650,1.4071441576207418e-05,8.555194843498644e-06,0.9959488395049345,0.00402853385864564
4651,0.932023688715258,0.008725354064271065,0.011912933304639306,0.047338023915831744
4652,0.9355323644845039,0.005480658643693192,0.011636595012444071,0.04735038185935867
4653,0.000978549392594055,0.9960752232608107,0.0005357143130270265,0.0024105130335683443
4654,0.00012119997177606057,0.9837705323864641,0.013161818873704365,0.0029464487680557097
4655,0.9937481459934958,2.560903843109979e-05,0.0009414487411708472,0.005284796226902131
4656,1.7158424425882195e-07,1.0440318799071717e-07,0.9995572500093352,0.00044247400323239866
4657,7.86870377241063e-05,0.010915914290488323,0.9879909409838955,0.001014457687891962
4658,0.052660127370657527,0.0007618774513029245,0.004212259424935062,0.9423657357531048
4659,0.9349072191912644,0.005554625482298484,0.012141881934128813,0.04739627339230814
4660,4.596051443737174e-05,0.9343604621301783,0.06455559832581619,0.0010379790295683617
4661,4.2629142388082565e-11,0.9999947411484266,1.7879853355987137e-07,5.080010410711556e-06
4662,0.05255465236947127,0.0012168303064514082,0.00027722647772968756,0.9459512908463475
4663,2.9179139844804e-05,3.112876692323218e-05,0.006057164389459089,0.9938825277037729
4664,0.0018366061150397325,2.9606960065621462e-05,0.0016096390693327274,0.996524147855562
4665,1.808703184495388e-09,0.999966500367347,1.565437161791101e-06,3.193238678805035e-05
4666,3.5048054042410047e-11,0.999996406255795,9.77177828893774e-08,3.4959913739890537e-06
4667,0.9670230067037846,0.00025030044762190977,0.006381007285905836,0.026345685562687765
4668,2.588557238143076e-09,3.9773314754010155e-09,0.9999612919104586,3.870152365278752e-05
4669,2.5764983458272124e-05,0.003087779457411801,0.9966883012983738,0.00019815426075614392
4670,6.544174979187149e-06,0.9384500361531732,0.06140489872663947,0.0001385209452080814
4671,0.952223674932238,9.258227995916089e-05,0.000721356115474103,0.046962386672328736
4672,3.2974385401161774e-08,0.9997045290827904,0.00024193316748218782,5.350477534210044e-05
4673,1.2068836518113297e-07,0.9997131103688986,2.3591832309291757e-05,0.00026317711042701537
4674,0.9983829765483034,1.719601250941236e-05,0.00020993931616631163,0.0013898881230207589
4675,3.9205658153739515e-07,8.266666908307763e-07,0.9995740913274407,0.00042468994928698145
4676,0.006003345655117415,0.00011414325137645164,0.01745467045872326,0.976427840634783
4677,0.03936925160077922,0.0052428200826872585,0.9176968052327126,0.037691123083821235
4678,1.0797557593720455e-07,0.9994636777348345,0.0004307602626547094,0.00010545402693480158
4679,1.950763245902524e-08,1.4109123810356573e-08,0.9998871995135428,0.00011276686970108212
4680,7.223686581210448e-07,0.9987870000791597,0.0011929459121064452,1.9331640075784325e-05
4681,3.827888745962455e-08,2.3387543390501175e-08,0.9998189933541995,0.00018094497936960863
4682,2.4997883090272643e-06,1.4078426104566472e-06,2.7564211103085158e-06,0.9999933359479702
4683,0.9318107935103667,0.006393509127352409,0.014676064816558167,0.04711963254572251
4684,1.043593079123271e-05,0.9669842371455712,0.030761120842153426,0.0022442060814843287
4685,0.9518000240455653,0.00017089850879660451,0.001095295691874672,0.04693378175376362
4686,5.0611957474194e-06,0.9968409672051545,0.0031248190451278173,2.915255397025947e-05
4687,0.9925567620644296,2.005512537308894e-05,0.006936021825413077,0.0004871609847842633
4688,2.654536205327438e-09,0.9999492250936585,9.218424277787284e-07,4.985040937764512e-05
4689,0.9896629036573071,0.00020270614453764152,0.0012779807911814187,0.008856409406973895
4690,0.0021480187409245156,0.00012187466701542172,0.0012754722200140646,0.996454634372046
4691,0.9547934225110889,0.006781953195875303,0.03347745737062551,0.004947166922410222
4692,0.0003782287793319685,0.9694348654541,0.029625133177810466,0.0005617725887576916
4693,2.8897047866694984e-09,0.999948575520031,1.1436149961236151e-05,3.9985440302972424e-05
4694,0.0020129351153848917,0.0683820647966294,0.9220438034144518,0.007561196673534272
4695,0.9563999306126931,0.0004298032146555463,0.03501412542884085,0.00815614074381045
4696,0.0011764649695024992,2.8704667091890982e-05,0.05993968608731971,0.9388551442760859
4697,1.5262635573779432e-12,0.9999990214614638,9.996301405492628e-08,8.785739959176041e-07
4698,0.05415204351021565,0.008276071364394311,0.015480925402331605,0.9220909597230583
4699,5.280083333445643e-10,0.9999889002936456,9.59410101615539e-07,1.0139768244557743e-05
4700,0.00011827040994400432,0.9293022241145394,0.06353370241479085,0.007045803060725798
4701,0.052579131496381916,0.005133386060855895,0.001317599225748781,0.9409698832170134
4702,0.005147791149914811,0.00015486271876248215,0.002596815507418378,0.992100530623904
4703,0.009428076111857722,4.2111713130142276e-05,0.48216897206077397,0.508360840114238
4704,1.7210200940988288e-05,0.9938907985841042,0.005037276654825904,0.0010547145601290174
4705,0.9770896359131793,0.0002414756512183827,0.00029911223871643326,0.022369776196885908
4706,2.057129267372254e-07,3.810731206796645e-07,0.9998876918949489,0.0001117213190037527
4707,0.0001195417191573335,0.9835347719999499,0.016305429944531193,4.025633636163818e-05
4708,0.004907822940710999,2.2045991890354323e-05,0.9636870719495153,0.03138305911788324
4709,0.0007603113458670598,0.9292923149788633,0.062349443541471906,0.007597930133797716
4710,1.1100652446600231e-10,7.006159337612808e-11,0.9999896174547536,1.038236417841953e-05
4711,0.0002832616747191394,0.0032405532201092383,0.9957323811357568,0.00074380396941478
4712,0.9897820267905088,7.57519523260294e-05,0.0016229502102838877,0.008519271046881376
4713,0.015700688797201406,0.0017070388805716383,0.9796881928274571,0.002904079494769772
4714,1.1494488533949132e-08,1.5939542767829244e-08,0.9999728653155555,2.710725041320806e-05
4715,0.9424458316838487,0.002974662756973564,0.007632582278772239,0.04694692328040545
4716,6.395263818143156e-07,0.9986928995258647,0.0010280460362655163,0.00027841491148790153
4717,0.004797265960273775,0.00014362572793527657,3.1280351689225775e-05,0.9950278279601018
4718,0.94701807281968,1.852762839432602e-05,0.02101829644006267,0.03194510311186284
4719,0.9537675113933873,5.624222350529357e-05,0.0055625461422839735,0.040613700240823496
4720,0.9787783180185887,0.0001717156071170774,0.0007051742649843731,0.02034479210930964
4721,7.336736567742354e-05,6.033569657802277e-05,0.9905871314576831,0.009279165480061595
4722,0.0024520458474683263,0.0007927036205407907,0.994020570282237,0.002734680249753942
4723,3.6171150764610194e-06,1.974305741653713e-06,1.425775393385769e-06,0.9999929828037886
4724,0.003148194824255597,3.132925558748184e-05,0.007952816007302053,0.9888676599128549
4725,0.974032167648269,3.522672436227466e-05,0.018286317201286408,0.00764628842608238
4726,0.9729676197283433,0.006814250256915095,0.008819396649215359,0.011398733365526065
4727,0.05236843125220927,0.0007562786094110187,0.0021458853294701774,0.9447294048089094
4728,1.9360892775132058e-09,0.9999536460785405,3.849293197369876e-05,7.859053396629583e-06
4729,0.0006875943005349843,0.007516749355587562,0.9734413738935747,0.01835428245030273
4730,0.004060215890582866,0.0021459847416773954,0.00046026090429204184,0.9933335384634479
4731,0.9531594607635199,0.0005453796290363052,0.000915217127240548,0.04537994248020317
4732,1.6795835643503153e-05,0.9938702575178177,0.0027833117430549723,0.003329634903483854
4733,0.9998623759572322,2.511825397991841e-07,2.114161711516454e-05,0.00011623124311300476
4734,0.009732263010555268,5.168112463013971e-05,0.00018438763441064844,0.9900316682304038
4735,2.8135259767470805e-10,3.1825032999039016e-10,0.9999947909166613,5.208483735644013e-06
4736,0.0009797358630439788,0.9920685746082456,0.0017113671644127212,0.005240322364297903
4737,2.4046602943449283e-07,0.9994108629085284,0.0002512614432311433,0.0003376351822109607
4738,0.05457959609154313,0.012741544324176039,0.021888876904405656,0.9107899826798751
4739,9.101013072097636e-06,1.6082835277963345e-05,0.996935932977146,0.003038883174503868
4740,6.861713761332583e-08,9.346744478032728e-08,0.999713059837415,0.00028677807800239855
4741,0.9646490217663299,0.0012865487058934496,0.002697355373899524,0.03136707415387714
4742,0.0003240152050566818,7.681840751453497e-05,0.013892113649323629,0.9857070527381052
4743,1.110889041437684e-07,0.999620334399862,6.565334078123511e-07,0.00037889797782619426
4744,0.9861093221900857,1.8009241266835564e-05,0.004675756984509576,0.009196911584138177
4745,3.3386930978467976e-06,0.9973897246689141,0.002562616969899582,4.4319668088595134e-05
4746,5.558260722043918e-08,0.999684007687766,3.2463819681986248e-06,0.0003126903476586991
4747,0.9475627160268735,1.2939039714399332e-05,0.005532878182924992,0.04689146675048726
4748,3.1073159633270228e-09,2.0160686967302725e-09,0.9999433239178321,5.667095878338298e-05
4749,0.9993087791579017,1.9874576294575052e-05,0.0003090047756077363,0.00036234149019591003
4750,5.9355730060832855e-06,0.996093978177507,0.003455870027013557,0.0004442162224733705
4751,8.653262243164908e-08,0.9997067901562208,4.076355992315687e-05,0.00025235975123368806
4752,1.920098157295298e-06,0.9673213845103303,0.03250466861433833,0.00017202677717385103
4753,5.87230226440396e-10,9.934583414500816e-10,0.9999768907325449,2.3107686766460277e-05
4754,0.03582973481204135,0.00014382114952195567,0.008132889793056455,0.9558935542453804
4755,0.9895350227768739,3.322656530032157e-05,0.0005454828071307471,0.009886267850695024
4756,0.9977187761235335,8.10602238346018e-05,0.00026758491462362414,0.0019325787380082226
4757,0.995489785010876,2.12556187387421e-05,0.0015549319890774973,0.0029340273813075564
4758,0.998760463747967,2.1561380289948985e-06,0.0011246787155119466,0.00011270139849208521
4759,9.689601803220736e-07,5.231237952069043e-07,4.989697704667097e-07,0.999998008946254
4760,0.00029118834470754637,0.9738126272636165,0.0258251631025168,7.102128915919356e-05
4761,0.0023562574757850685,0.00013686943550112894,8.615949258381818e-05,0.9974207135961298
4762,7.949978375271568e-08,0.9996167259523558,0.0003763273959641362,6.867151896421447e-06
4763,0.9755677803612368,0.0007513860995603427,0.0045028827920759506,0.019177950747127165
4764,0.0015940611038850454,0.002278780786310518,0.05965193000271146,0.9364752281070933
4765,3.5014226622723413e-06,0.9634332897708416,0.036482303724023425,8.090508247236426e-05
4766,1.0117774174123074e-06,5.936851383335785e-07,1.1372497239380375e-06,0.9999972572877204
4767,1.0132896383893947e-08,0.9999008619561299,3.0057172840498103e-05,6.907073813308538e-05
4768,0.9357224666774556,0.005828363511193684,0.011193999535102061,0.047255170276248974
4769,1.9221552828896795e-08,0.999804191913653,0.00019060088918267662,5.187975611572006e-06
4770,0.9715511213864094,0.00026730596290674535,0.0007665213647433523,0.02741505128594051
4771,6.063208725415898e-07,0.998734622308261,0.0008791664609933657,0.00038560490987290516
4772,2.5297396695756e-08,1.899354592278546e-08,0.9998360913719284,0.00016386433712906894
4773,0.004384614854613874,0.0019402527151959554,5.1246151704198876e-05,0.993623886278486
4774,0.9944424870117486,0.0007245049408320843,0.0020040532306745858,0.0028289548167447793
4775,0.00015331821131213893,3.586734728155123e-05,0.06358713654440311,0.9362236778970034
4776,0.9527552848222559,0.00014680448456764038,0.0001893126614464724,0.046908598031730045
4777,0.9992419896768324,5.124304798904473e-06,0.0007077882865019293,4.509773186659123e-05
4778,0.0005629417082030192,0.02695594556365082,0.9718361962685582,0.0006449164595880501
4779,5.285784387475617e-10,0.999978221830048,5.514849738702884e-06,1.6262791634935723e-05
4780,9.800102663934963e-07,0.998690678764436,0.0012352147312633835,7.312649403430918e-05
4781,0.9945439228223262,0.00035811165805593975,0.0011354370933363645,0.003962528426281418
4782,0.9949915027268832,2.835819659642446e-05,0.0016124525565457781,0.0033676865199744875
4783,3.6225232051686344e-06,0.9477811366156902,0.052178227654853075,3.701320625139598e-05
4784,0.3940167838114661,0.0002525788342163532,0.00039318063038093894,0.6053374567239368
4785,1.1016098417146603e-08,0.9998395417780396,0.00015031247931895496,1.0134726543132199e-05
4786,0.002380843077980618,0.00017926929942697878,0.9971925648431158,0.00024732277947675307
4787,6.573132663190682e-05,0.012649227397196913,0.9871560850116115,0.0001289562645594562
4788,1.334724895881044e-06,0.9981889382518807,0.0016434741863433024,0.00016625283688006284
4789,1.614938552323102e-08,0.9998137527418207,0.00017444075426222214,1.1790354531444848e-05
4790,0.00010125646110118085,3.9743048479697526e-05,0.0023840028441106074,0.9974749976463086
4791,1.470689011968423e-06,0.9981804357493058,0.0017719096977757002,4.618386390636279e-05
4792,9.074132473041212e-07,0.9985989969015497,0.0013921152589667812,7.980426236165488e-06
4793,0.9633717034576017,0.0007330141757233859,0.034980714002032884,0.000914568364642308
4794,0.9958585254806924,9.902496614783623e-06,0.0005264372163611611,0.00360513480633164
4795,6.541098371559509e-05,3.964514475990607e-05,0.991153103576352,0.008741840295172389
4796,0.0011658906799742355,4.051948970352787e-05,0.059952385142879906,0.9388412046874424
4797,0.007766729050611184,0.00040237278971646097,0.034657917617774384,0.9571729805418981
4798,3.1321615162087814e-10,0.9999841614166103,1.4814308529625734e-05,1.0239616440630178e-06
4799,0.9979733207932951,5.289911170121147e-06,0.0008423665562903522,0.0011790227392443591
4800,0.9816800562235597,0.010224056211181248,0.0023292246216977653,0.005766662943561289
4801,6.781450197439578e-06,0.9957632095750735,0.003469641489700038,0.0007603674850290551
4802,0.9641181389357477,0.0003542380233034184,0.0007660050496059152,0.03476161799134288
4803,0.0002871190750174397,0.0053866938990535605,0.9839972003833304,0.010328986642598433
4804,0.00880462182247945,2.4684732483286024e-05,0.001846867222864435,0.9893238262221729
4805,1.2576405581766087e-06,0.9999899945465126,3.41524502237704e-06,5.332567906761616e-06
4806,0.007873920622141041,0.0007916086696597486,0.9812992577089018,0.0100352129992973
4807,0.00018012625124080086,0.9787884338970145,0.02007291506536033,0.0009585247863843532
4808,0.9587135734902683,0.005848744232818738,0.035077001406869805,0.0003606808700432554
4809,1.3299951636335661e-06,0.9992713388545794,0.0006266463164571398,0.00010068483379985029
4810,8.069112454100451e-08,0.999595459505787,0.00039606847059954205,8.391332488875094e-06
4811,0.9990051114287113,3.996548172603206e-05,0.0002887120317808682,0.0006662110577814873
4812,0.9510842733977882,0.0010592874768794755,0.0010197478922242566,0.04683669123310805
4813,2.5987908555975694e-10,0.9999741355160595,2.1685088593286363e-05,4.179135468111195e-06
4814,7.078729904356506e-07,3.603420216613148e-07,7.309419853928544e-07,0.9999982008430025
4815,0.9986002116129031,1.290607964849649e-05,0.0010715506746933172,0.0003153316327549768
4816,1.9596879302902733e-07,0.9993555737680935,0.0006242856550091479,1.9944608104599666e-05
4817,0.03299753791249743,0.0031101854066758103,0.9625113781636017,0.0013808985172251208
4818,0.0011291704469300098,0.00015751673855517428,0.05197210600373186,0.9467412068107831
4819,0.0030694227701491836,4.523629738471037e-05,0.00011517284125929714,0.9967701680912069
4820,3.6492041427491694e-11,0.9999904065026701,7.767056188894165e-06,1.8264046490165934e-06
4821,1.2852949466903994e-05,0.9946255863119975,0.005227208030942272,0.00013435270759316835
4822,0.033941457279620564,0.007610581575234901,0.9448858539100676,0.013562107235076662
4823,0.0031493991314595544,0.00030952074614943036,0.0010234455441556027,0.9955176345782355
4824,0.9949324044497584,8.736275201870599e-06,0.004668449876336335,0.00039040939870349007
4825,0.000377777917613254,0.9696443423761468,0.029746935454928618,0.0002309442513112927
4826,0.9936493552256692,2.2668659803634902e-05,0.0024229218956520033,0.0039050542188751734
4827,5.089003496860903e-09,0.9999015317259241,7.051962334264992e-05,2.794356172985547e-05
4828,0.03676361981699069,0.004680315356974572,0.005791743240056542,0.9527643215859781
4829,0.9945870208018501,4.040084932231013e-05,0.00031299435243838553,0.00505958399638922
4830,9.972376292490022e-06,0.9965847160174766,0.00018247081224787313,0.0032228407939831525
4831,0.00024509207171965255,0.9760386999593862,0.02347818164547637,0.0002380263234179775
4832,0.0367593735733593,0.005178508701201242,0.019841344549386863,0.9382207731760523
4833,0.003379914380262283,0.9884676924042893,0.001058795211923034,0.007093598003525545
4834,0.00013546132875241995,0.9807622631731895,0.016843817773740596,0.002258457724317423
4835,0.008332471790996433,0.00021948228180476142,0.0005474704922900554,0.9909005754349086
4836,3.6923853187723766e-08,2.2860296819162105e-08,0.9999319821514305,6.795806441954968e-05
4837,0.9510228881342626,0.012807337888284106,0.018076868422575644,0.01809290555487763
4838,0.03416779885116784,3.6979531837279626e-05,0.9219639729685216,0.043831248648473015
4839,0.055005349558298715,0.009992854845655407,0.019900529233679777,0.9151012663623661
4840,0.010415576327605956,0.0002742659260175294,5.24808174974784e-05,0.9892576769288792
4841,0.0009848760779024733,3.192653808489489e-05,0.002082737033646992,0.9969004603503654
4842,0.0013478544259898275,0.0003725555200279561,0.03436650550542205,0.9639130845485601
4843,0.035592479726814175,0.0015959343438928647,0.012896447734545928,0.9499151381947472
4844,1.180448381462201e-05,0.9353722822048337,0.06456177285208661,5.414045926508084e-05
4845,0.000238878725372158,0.9762714409231067,0.023417843109193336,7.183724232784225e-05
4846,0.05422280524637266,0.01368478107973515,0.02221793970779366,0.9098744739660983
4847,4.513641777146404e-08,2.4378062478023025e-08,0.9998383384208295,0.00016159206469043116
4848,0.9296617372258252,3.0188882446444292e-05,0.026530840800613138,0.04377723309111516
4849,2.6497098117682097e-07,0.9992057460539161,0.0007141709893844732,7.981798571814003e-05
4850,3.2878125562136927e-10,2.2417348640618742e-10,0.9999816704236475,1.832902339786068e-05
4851,1.5501918068597916e-09,3.244316916074712e-09,0.9999673032753137,3.2691930177662945e-05
4852,0.001996122234650605,1.8402633552816208e-05,0.0009634631169183568,0.9970220120148783
4853,2.4825189983600138e-05,0.9924823589146532,0.0073732410932119226,0.00011957480215106603
4854,0.9850969771366518,0.0049187416550892085,0.003971719953222676,0.0060125612550364005
4855,1.2836809066859657e-07,1.9017351870299064e-07,0.9996195872224964,0.0003800942358941159
4856,6.016935217403879e-10,0.9999821677454337,8.64999796143714e-07,1.6966653076529772e-05
4857,2.0492680509697266e-08,1.2850552790908711e-08,0.9999048103389294,9.515631783722577e-05
4858,6.000727724526279e-05,0.9884413878023653,0.011467414098709005,3.119082168043179e-05
4859,1.9388327227787857e-05,0.9946972423806897,2.9210817664691397e-05,0.005254158474418019
4860,0.0034407659282176054,0.0004694984821839019,0.9949620078804768,0.0011277277091218142
4861,0.12389332127374433,6.632902087494262e-05,0.8724388694829444,0.0036014802224362138
4862,0.05486735077504173,0.008431723761395267,0.019502419190862888,0.9171985062727
4863,8.760028585514933e-07,5.757834437630526e-07,8.647052835281284e-07,0.9999976835084142
4864,0.007297479158291289,0.9791034618589344,0.00710387508503207,0.006495183897742128
4865,2.6569917597022834e-10,0.9999736335409759,2.0066602807123734e-05,6.299590517524231e-06
4866,1.0038953497134458e-07,2.086266632073961e-07,0.9999245357913676,7.51551924341971e-05
4867,0.9719736521450887,0.00038498090368400815,0.0007132753044738902,0.026928091646753312
4868,9.818900896718172e-09,0.9998512765762546,8.642182528712274e-05,6.229177955738856e-05
4869,1.0038569424990703e-05,6.171502116110079e-06,0.9965927908218296,0.003390999106629272
4870,1.6009188813303123e-09,0.999943089062548,4.591007912194425e-05,1.0999257411335248e-05
4871,1.7745215448374536e-07,1.1680737616358255e-07,1.9896233186684893e-07,0.9999995067781375
4872,1.2054236334878486e-06,0.9983889837524801,0.001588606425695064,2.1204398191190164e-05
4873,9.311833103403071e-10,0.9999609404415895,1.8450529972085698e-05,2.06080972551245e-05
4874,9.90788940943317e-11,0.9999910941372746,9.267643827592228e-08,8.813087208364523e-06
4875,0.9527767240191595,0.0001519955642029158,0.00010997678884831679,0.046961303627789386
4876,2.0406083245042235e-08,0.9997927194109901,0.00017566555768144766,3.159462524509363e-05
4877,0.9783697382566181,0.00019310086101102014,0.019211198342383266,0.002225962539987545
4878,0.0006402982912025964,3.1754785390931694e-05,0.0059715687079006565,0.9933563782155058
4879,0.9701586163381548,0.004403037825341597,0.02394812485116556,0.001490220985338054
4880,3.745542235274355e-05,0.005457682083538773,0.9938547625399564,0.00065009995415193
4881,5.037706421592653e-06,3.2018638790708494e-06,0.9980089674876604,0.001982792942038992
4882,0.9916312236708337,0.0013629390480125946,0.004713257818959397,0.0022925794621942797
4883,0.002547004879247416,3.655533268428162e-05,0.0004953892347990824,0.9969210505532692
4884,3.7197489236674593e-06,0.9636566657881324,0.0361619000590596,0.00017771440388423794
4885,8.107324416859893e-07,0.999400369940797,7.109047770011292e-05,0.0005277288490611681
4886,0.008633488844987647,5.251431988554585e-05,0.9532796006494025,0.038034396185724066
4887,0.0008895602167133867,0.000390785180510376,0.6833272884639214,0.3153923661388547
4888,2.705478538996155e-09,0.999926764369839,4.0029914306908896e-05,3.320301037572713e-05
4889,0.9510759676620311,0.0004411266045623728,0.0015545418036331104,0.046928363929773405
4890,1.697787128626454e-08,9.829901678847332e-09,0.9999027158064783,9.725738574885325e-05
4891,5.213312841536887e-06,3.1609955592759244e-06,0.9975452468806529,0.002446378810946087
4892,0.9523076092841595,0.00023255875804110033,0.000495581809377664,0.04696425014842199
4893,0.9848375763910965,0.0002709991050576062,0.009348533248876769,0.005542891254969027
4894,0.9998422850157662,8.789695383408898e-08,6.746082628067015e-06,0.00015088100465186698
4895,8.134968430356404e-06,0.06881545888768197,0.9303423968007082,0.0008340093431793254
4896,4.3755547382397813e-10,0.9999685871459032,3.02563290801642e-05,1.1560874609263085e-06
4897,0.9521825741793379,0.0004723666875507282,0.03430314849473314,0.013041910638378102
4898,0.05521933695889982,0.009723631417375162,0.02029044221954047,0.9147665894041844
4899,0.022316633380419622,0.00014167190187761627,0.9120737121219945,0.06546798259570792
4900,5.784523115855591e-11,7.832698557317323e-11,0.9999925293938716,7.4704699562144736e-06
4901,3.4996239529596104e-05,0.9921791116433364,0.007661723331505505,0.00012416878562868789
4902,2.5981189954800607e-06,1.6260847898425602e-06,0.9983404707420371,0.0016553050541775255
4903,1.3999875939273981e-05,0.9944197724172438,0.005506705229367416,5.952247744947808e-05
4904,1.4097877275818998e-05,0.9594829575627972,0.04003987495712662,0.00046306960280029734
4905,0.9449900296509988,0.008493787725627509,0.004476366113834628,0.04203981650953894
4906,1.8589777935775157e-06,0.997909026710783,0.0019029194970423791,0.00018619481438097605
4907,0.05442867378356057,0.013190355415390332,0.022072829883918715,0.9103081409171303
4908,6.033945276455704e-06,0.9964573105370782,0.0018927701127092408,0.0016438854049359477
4909,0.009969664275613448,0.00038983844305364406,0.03221627451329681,0.957424222768036
4910,0.03543994967930496,0.0016462089494983401,0.00019422560252728825,0.9627196157686694
4911,6.529315555154268e-09,0.9998750242846963,7.928212440436237e-05,4.5687061583592506e-05
4912,0.9760461554229714,7.600962634299393e-05,0.004920094187264244,0.018957740763421375
4913,0.004888477300848327,0.9813309630696567,0.0038050390596384436,0.009975520569856391
4914,1.2057094830827277e-07,1.1524544663945191e-07,0.9997581193813303,0.00024164480227464023
4915,0.010192280172865461,0.9469574331295125,0.028079994649905966,0.014770292047716207
4916,0.053356466406500054,0.008895179287935906,0.011579106123356315,0.9261692481822076
4917,9.591508583455278e-08,5.4124267686247126e-08,0.9997648282276843,0.00023502173296230226
4918,0.05152734522091106,0.0014676674658179716,0.014791217915566382,0.9322137693977046
4919,0.00029655493315809185,3.473454291081576e-05,0.003510060723879365,0.9961586498000519
4920,1.3197665835031323e-06,0.9982083234858331,0.0016188948214243507,0.0001714619261589015
4921,0.054935241649010445,0.00882786530136229,0.019484971263368712,0.9167519217862585
4922,1.6241037679363308e-05,0.9940664990113158,0.005834800405768182,8.245954523670727e-05
4923,3.3645687161073182e-12,0.9999985838787212,9.989201489414814e-08,1.316225899427209e-06
4924,0.00025066975695731537,0.02198868684331702,0.9772447273508515,0.0005159160488741286
4925,6.684048421070333e-05,0.9863466898503709,0.009203257822354668,0.004383211843063752
4926,0.981470819994465,0.0007336158125640503,0.0004590205988203152,0.017336543594150607
4927,0.030678123001303178,0.00617605326175129,0.017934025540521384,0.9452117981964241
4928,0.9964784960017672,4.124854293210721e-06,0.0014557894383861146,0.002061589705553392
4929,1.5168534082600724e-06,1.6257179299853893e-06,0.9991330908923175,0.0008637665363443066
4930,1.9934200517478773e-05,0.993406881218318,0.006488663938801895,8.4520642362581e-05
4931,1.2653292609379403e-07,0.9995381596904214,0.0004606093199330506,1.1044567195398736e-06
4932,0.005310302908706449,0.984413788419669,0.0006048053305420017,0.009671103341082805
4933,5.8469593774712066e-06,0.08296942373979738,0.916807983283255,0.00021674601756985212
4934,0.9987088481751126,2.088598424571912e-06,8.619379162257388e-05,0.0012028694348401932
4935,0.005985336845048758,0.9701425122951912,0.02298861983194916,0.0008835310278111297
4936,3.8862410091859833e-07,0.9990999097054181,0.0008858477899986767,1.3853880482401735e-05
4937,0.02669676025953249,0.0004460316765774853,0.012997508227083815,0.9598596998368061
4938,6.414996757459295e-12,0.999998123498258,9.992560764152888e-08,1.7765697193273094e-06
4939,0.011664454937839654,0.00018822037737759975,0.004864522339774153,0.9832828023450089
4940,0.00034095056095688963,0.9691565707091824,0.02704249184169118,0.0034599868881695648
4941,0.0002134399825757514,0.005276892165272598,0.9932111072092601,0.0012985606428916193
4942,2.272324998555354e-11,0.9999965203548072,1.0305165304585688e-07,3.376570816437232e-06
4943,1.8656322649618898e-08,0.9997736060005049,0.00017389074631592145,5.248459685659477e-05
4944,0.988175148118919,8.720480357913763e-05,0.011100969795289302,0.0006366772822125559
4945,0.00039260933287441334,0.9717713821775195,0.026532612043379002,0.001303396446227096
4946,0.010997393491491257,0.0001943267266331922,6.340692398205606e-05,0.9887448728578937
4947,0.005187176998709351,9.393800485262587e-06,0.9909914345047471,0.0038119946960582436
4948,0.9791372947204665,0.0015402490009317974,0.0010519502820323097,0.01827050599656924
4949,5.595693319004862e-08,3.090755324192261e-08,0.9997756596100932,0.00022425352542022528
4950,0.011650226850193035,0.0684822639601076,0.8886619805916879,0.03120552859801134
4951,5.2987986193718004e-05,0.9891504178590743,0.009222089923470891,0.0015745042312612378
4952,0.0006055334287286725,3.356079172822138e-05,0.003166306758690446,0.9961945990208529
4953,8.144942013921335e-07,0.9985384465866932,0.0010895629250713846,0.00037117599403415724
4954,0.9419018815124064,0.001753349673928578,0.02534980695103323,0.030994961862631436
4955,9.591665927821185e-08,0.9996856999825825,8.345700237414049e-05,0.00023074709838405435
4956,0.001075214978888376,1.2923919814003994e-05,0.004115383811173825,0.9947964772901238
4957,4.531380411486435e-05,0.9899617135782797,0.009976155409736018,1.6817207869226665e-05
4958,4.981418782150527e-07,2.896084914853784e-07,0.9994292149647517,0.000569997284878596
4959,0.05377156210458194,0.007906055461441552,0.013170412850552756,0.9251519695834237
4960,0.9418864726051279,0.006645317332719607,0.034723272154957484,0.01674493790719491
4961,2.1308743646572535e-06,1.1439099049171706e-06,1.3979047559982181e-06,0.9999953273109745
4962,1.183134402682926e-07,7.286824420233477e-08,0.9996491675281909,0.0003506412901245473
4963,2.8883820876085755e-08,1.7394836604342912e-08,0.9998824217193796,0.00011753200196288432
4964,4.278522468487702e-08,0.9996982595176006,0.0002978359100966772,3.861787078161358e-06
4965,3.988410851650063e-05,2.4214610347572385e-05,0.9931284112664658,0.006807490014670198
4966,6.776076060128221e-05,0.01101637984460523,0.9849926298573404,0.003923229537452987
4967,0.9756922354937856,0.00017892839373304318,0.022997422189417662,0.001131413923063683
4968,0.950762406491499,0.0010188571720304654,0.0013557218828345785,0.046863014453635936
4969,1.2102980363863179e-07,7.343648461020486e-08,0.9996303778102433,0.0003694277234684858
4970,1.395149213798799e-07,2.8966455155318304e-07,0.9998754217125285,0.00012414910799858945
4971,0.9916551113266745,0.00043650359301341347,0.0022178898547896633,0.005690495225522453
4972,0.9918220346277081,0.0031286745946661363,0.001001799586825824,0.0040474911907997894
4973,0.054240529608467355,0.012655371060732617,0.02061072648023703,0.9124933728505629
4974,1.4363024799849235e-06,8.20920973336536e-07,1.5922701644096323e-06,0.9999961505063822
4975,3.811237337873806e-09,0.9999848859551249,1.101412149337071e-06,1.4008821488285681e-05
4976,0.04343866150585435,0.0012598931014080968,0.9098435614133721,0.04545788397936566
4977,0.934447592326587,0.0063051397231863905,0.011866521668067518,0.04738074628215907
4978,2.3852192123852697e-08,5.224030283003018e-08,0.999895088397687,0.00010483550981792072
4979,9.955586018901359e-08,7.167856743655297e-08,0.9999341359104896,6.569285508277377e-05
4980,2.6363783394218355e-09,0.9999447437678843,7.661884433765404e-06,4.7591711303639774e-05
4981,0.05257536015389505,0.0011729661259259224,0.001943554188889673,0.9443081195312895
4982,0.9470275495097954,4.544431675291363e-05,0.006167410802995147,0.04675959537045661
4983,0.025434871289925165,0.00024821731033763386,0.004390557415125933,0.9699263539846112
4984,0.00028921933740446565,0.9270562928338381,0.06401191611864972,0.008642571710107582
4985,0.9981723763686722,3.43884423890685e-05,0.001610921903111969,0.00018231328582661883
4986,0.9864820933632618,0.0001562551994341872,0.00018149422173174246,0.01318015721557223
4987,5.426136654728353e-10,0.9999811695659612,1.5230690248272027e-07,1.8677584522760192e-05
4988,0.9910792707786714,0.0007072061084699785,0.001103105640969016,0.007110417471889528
4989,0.002316965206103607,0.00010677041573608982,0.9714693935289581,0.026106870849202234
4990,3.4905726119085845e-08,0.9997913771973641,0.00018968123732350148,1.8906659586307127e-05
4991,0.9802647191611267,0.005698551539033719,0.007768233687299432,0.00626849561254022
4992,6.273702070830057e-09,0.9999344798677584,2.2022396166516326e-06,6.331161892301145e-05
4993,0.9977190400512825,6.071900770482793e-05,3.600278393827697e-05,0.0021842381570744466
4994,3.5138452256941166e-06,0.9970328901748337,0.0021914171349841894,0.0007721788449566075
4995,2.9324615843957434e-06,0.9973935156904267,0.002478293777620253,0.00012525807036868955
4996,0.9304952022499559,0.009758659655218754,0.012447617771395277,0.04729852032342996
4997,7.75877724149576e-11,0.9999930802139729,2.794510693916485e-07,6.64025736995312e-06
4998,0.9870169642928013,0.0004200149664466068,0.0004983501459285808,0.01206467059482367
4999,0.05456172272760054,0.011986873230017119,0.02299125668446343,0.9104601473579188
5000,4.233627462975915e-06,5.800757534407571e-06,0.9977968171430663,0.0021931484719363075
5001,0.039988075060499166,0.007473177654689425,0.02017710636284541,0.932361640921966
5002,0.9691768704847563,0.00015372386092050533,0.004843074431431234,0.025826331222891786
5003,5.034237316411132e-06,3.073171368007239e-06,0.9975900546963524,0.002401837894963135
5004,4.7018009879503996e-09,0.9999065980896352,5.1591333346385815e-05,4.1805875217492295e-05
5005,0.00012172136609085423,0.9832983117614149,0.01655291404919107,2.705282330304162e-05
5006,4.896421480909821e-06,0.9968259260154235,0.0029515534755452095,0.00021762408755036952
5007,0.9508237923495074,0.0013332900200323484,0.0009691525801925566,0.04687376505026763
5008,3.916296367442609e-06,0.9972965057447626,0.0026557420848655256,4.383587400455972e-05
5009,1.6533723025484737e-11,0.9999968341425433,9.782633458575585e-08,3.068014588567961e-06
5010,1.6115619841025604e-05,0.9936514167295404,0.0028871716935553017,0.003445295957063368
5011,0.01570769890205123,2.6341953669345873e-05,0.9734919418597278,0.010774017284551933
5012,0.9922452485263519,3.505062595751546e-05,0.004562635168867255,0.0031570656788234433
5013,9.404379832643597e-05,0.0031171787988075058,0.9954721720773363,0.0013166053255297026
5014,9.464736683479762e-09,0.9998519394508313,0.0001323236768197889,1.572740761224929e-05
5015,0.025185128417422112,0.00012746250662420893,0.0024607017807957462,0.9722267072951578
5016,0.9836673160131592,0.0004487578863069465,0.0004015954760866653,0.015482330624447226
5017,1.4162660078201893e-06,8.549454615435528e-07,1.6149021538980416e-06,0.9999961138863767
5018,4.749607625745772e-06,0.9967417644135032,0.0029908302284597527,0.00026265575041122647
5019,4.709147361374858e-08,0.9996872049548852,0.0003098363807080627,2.911572932977395e-06
5020,0.004523778863304344,0.0004997654180397763,0.0012319771533787693,0.9937444785652771
5021,0.05256608092891192,6.417643609852302e-05,0.0017224503630907312,0.945647292271899
5022,1.5652809353965075e-09,0.9999408483768905,5.665832227727359e-05,2.4917355514015196e-06
5023,1.701865860314411e-12,0.9999991077155421,9.997327148307399e-08,7.923094847079541e-07
5024,1.8869995116495694e-05,0.9934584067220023,0.006374116539067113,0.0001486067438140188
5025,9.789529855321036e-05,0.9858252954711448,0.013146807284256837,0.0009300019460451626
5026,1.8594842660397525e-09,0.9999350057233505,3.852339276407974e-05,2.6469024401204893e-05
5027,0.005087643814445201,3.778694586428919e-06,0.97759085071043,0.017317726780538337
5028,0.9979407415399021,1.2482605779995952e-06,0.0014189236106341657,0.0006390865888856706
5029,2.1222269706460698e-07,0.9993252656320204,0.0006677490554819321,6.773089800752984e-06
5030,0.053022749030553665,0.004916146649658117,0.02139381706458062,0.9206672872552071
5031,0.9861835721243148,0.004082799074816933,0.006586222456692342,0.0031474063441759422
5032,0.9969559984533558,4.336299619668512e-06,0.00012627922973128933,0.0029133860172933846
5033,9.709180374917241e-05,3.227369245319846e-05,0.04461536565529662,0.955255268848501
5034,0.0028426259879859583,9.23488206602937e-05,0.9481144586073293,0.04895056658402462
5035,0.002715174153286159,0.0005720636122732645,0.981592110572786,0.015120651661654574
5036,3.664896571086728e-08,0.9997074882177156,0.00027182408532713944,2.0651047991504528e-05
5037,0.9962210118450722,7.5000912325079e-05,0.0026069138161167885,0.0010970734264860718
5038,3.2806486478473066e-13,0.9999993187868674,3.4846024603014837e-07,3.3275255834938756e-07
5039,0.989191683868879,0.00015956521879964246,0.0004885442300598343,0.010160206682261532
5040,2.2654866856080647e-07,1.3807230639989123e-07,0.9994936171876587,0.0005060181913662624
5041,3.264445613081886e-07,0.9992249778973534,0.0006059407151423039,0.00016875494294303246
5042,0.014396129808023047,0.9374522015744814,0.04295436340102504,0.005197305216470459
5043,0.9983947866820977,2.0297722159611344e-06,0.0013789515364777346,0.00022423200920873216
5044,0.00934032277379388,0.9578123120016607,0.023708768535144985,0.009138596689400145
5045,0.004551224412041192,0.94591067689523,0.04002774548813253,0.009510353204596157
5046,6.436456713698243e-06,0.9963851962092969,0.003558124597708978,5.024273628040176e-05
5047,2.3745406460780198e-08,1.4477403788767176e-08,0.9998844945395801,0.00011546723760980318
5048,3.102602672537605e-06,0.9972210906541371,0.002531930531543696,0.0002438762116465144
5049,9.340363969174761e-07,0.9985895312830291,0.0012659801376554004,0.00014355454291842303
5050,0.004127771072130948,0.00022045426302237227,0.05984396797727,0.9358078066875765
5051,0.0018629389783335535,8.711145508064043e-05,0.3631130440958834,0.6349369054707024
5052,5.851424233186794e-09,0.9999246701196993,1.879020934585146e-05,5.653381953051715e-05
5053,2.2590232641958894e-10,0.999992646290223,4.539934761568144e-06,2.81354911313009e-06
5054,0.9459483891523413,5.196156526283429e-05,0.007130980965581235,0.046868668316814716
5055,2.73883872268274e-08,0.9997565875130611,0.00023635858355139282,7.026515000233133e-06
5056,6.165749154820258e-07,0.9987994127238581,0.0011159950760693531,8.397562515730702e-05
5057,2.471286099557688e-07,2.754388925695344e-07,0.9993967347813895,0.0006027426511079986
5058,1.2691265756234858e-07,5.80021850840399e-08,0.9999421005830968,5.771450206047939e-05
5059,6.40201408347875e-06,0.9962888858825544,0.003699333582218051,5.3785211442031624e-06
5060,1.990596385595144e-09,2.1390083740380427e-09,0.9999515622561596,4.843361423566868e-05
5061,1.1976968812631357e-09,0.9999847957090945,9.112740505178484e-07,1.4291819158095652e-05
5062,9.55251262801244e-08,5.7004588000615476e-08,1.0804206633000859e-07,0.9999997394282194
5063,1.604595667199755e-06,8.934123268813918e-07,0.9987746373063067,0.0012228646856992712
5064,0.9853925045902854,0.0001622066710811639,0.00039090769073283276,0.014054381047900773
5065,2.2097622252098618e-05,0.9938091133171459,0.00577085914386038,0.0003979299167414344
5066,0.021956607517193073,0.001865581820864154,0.006609196878917061,0.9695686137830255
5067,1.9055294186932696e-11,0.9999935228975917,3.958791945074974e-06,2.5182914079051275e-06
5068,0.9978091220110392,7.0036715541604995e-06,1.230830345136926e-05,0.0021715660139554065
5069,0.0016473471904427156,0.0020214880028412473,0.9316710239761358,0.06466014083058017
5070,1.6469299853981206e-09,0.9999681495846174,8.020979219735358e-06,2.3827789232888767e-05
5071,0.9840566459223938,6.922501548199873e-05,0.005156286048087393,0.01071784301403669
5072,0.00019690886633335334,0.9440161877602489,0.050371593749733795,0.005415309623683975
5073,4.217068801244248e-08,4.35211177257648e-08,0.999785457772405,0.0002144565357891071
5074,0.007204135525723398,0.005561089304203442,0.9610492898649634,0.026185485305110057
5075,8.367158891479901e-10,0.999953403466398,4.035555662813432e-05,6.240140257921258e-06
5076,0.00017693551358007866,0.9797556127944177,0.02005894616199128,8.505530010925297e-06
5077,0.05226518638129197,0.0004929568618224889,0.0019255929874008382,0.9453162637694849
5078,0.9998839930938671,6.698199951142542e-07,7.774356526397653e-05,3.7593520873608314e-05
5079,5.943494448788796e-05,0.9545418317187876,0.040370697542032485,0.005028035794691753
5080,2.1670721010777068e-07,4.477548766004026e-07,0.9996767245360906,0.00032261100182259486
5081,1.076335464975842e-06,0.9983286542112797,0.0014425636222872593,0.0002277058309678445
5082,0.040726242449132845,0.007158016483004818,0.0077765456340119265,0.9443391954338503
5083,0.05432252366409752,0.013357459662793355,0.022105971797309856,0.9102140448757993
5084,5.038439801475374e-07,0.9988671829282532,0.0009690543431948884,0.00016325888457186083
5085,8.558260350636666e-07,1.516732736774454e-06,0.9997158980986366,0.00028172934259151824
5086,0.00022256192112932337,0.01904155071595021,0.9796913288161706,0.0010445585467502157
5087,0.938960314314714,0.005566789914627453,0.008556438842672258,0.04691645692798604
5088,0.0012198608097891417,9.803435554371847e-06,0.995315517967462,0.003454817787194133
5089,4.4072035093978875e-08,2.6462757309851983e-08,0.9999619924822488,3.793698295873199e-05
5090,0.054008352939960445,0.009597258712784478,0.015231961836777743,0.9211624265104773
5091,1.9360975826224895e-10,0.9999815119069189,9.40312900801833e-06,9.084770463260873e-06
5092,0.0005777476195969954,0.9911207642315136,0.0021650186179234155,0.006136469530966089
5093,0.9500601934416689,0.0009167925751091872,0.002143354966832685,0.04687965901638913
5094,0.9402348986898759,0.010086352179950278,0.0033861688251143394,0.046292580305059804
5095,1.149805971006056e-06,6.376776497128352e-07,5.133388992630988e-07,0.99999769917748
5096,1.42851650257226e-09,0.9999393316345748,4.405781532809352e-05,1.6609121580551114e-05
5097,1.8948141023457583e-10,2.447282936593336e-10,0.9999849410406568,1.5058525133520334e-05
5098,1.2163289329418903e-11,0.999996692818636,6.972059930510441e-07,2.6099632076288513e-06
5099,0.003734058296952174,0.0013436303724575782,2.719607169350155e-05,0.9948951152588966
5100,0.010153137789293065,6.283859455142834e-05,0.002658460313628134,0.9871255633025274
5101,8.304978066931143e-06,0.9849853914014078,0.005914941217947254,0.009091362402578195
5102,0.9955642647122641,1.234201209634627e-05,0.0013614635089352226,0.0030619297667042367
5103,4.811165681214228e-09,2.990623173606321e-09,0.9999671163581083,3.2875840102761445e-05
5104,0.9977455484041746,8.058042006909585e-06,0.0019566722191940713,0.0002897213346245884
5105,0.9993845690494919,1.2396771388313667e-06,0.0003548640616652541,0.00025932721170396654
5106,0.001405588526550569,0.9976826960552899,0.0004844513733824909,0.0004272640447772009
5107,2.223795944090618e-13,0.9999994515486488,2.223539075673274e-07,3.260972213798553e-07
5108,0.05447413910679852,0.01011433775804874,0.018256350610295655,0.9171551725248571
5109,1.0697950111432796e-06,0.9984329565910836,0.0015085811713901227,5.7392442515073286e-05
5110,0.0005603736207111283,0.0003437493168546478,0.031986857418833906,0.9671090196436002
5111,0.0007081477699902271,2.559154717773183e-05,0.9690396241023899,0.030226636580442168
5112,0.9821115737538636,9.607478475205962e-05,0.00030297411497493183,0.017489377346409173
5113,0.05357769294100759,0.008717158503339761,0.021365883022111145,0.9163392655335415
5114,4.172116218768585e-06,0.9985596369599067,2.161740288469437e-05,0.0014145735209895904
5115,0.00012081927643099323,0.9330478761717894,0.06453508843744277,0.002296216114337043
5116,4.099363261594109e-05,0.9342811809405085,0.06453958142580463,0.0011382440010706662
5117,9.268833108610675e-06,1.7397804086989852e-05,0.9970289629019203,0.002944370460884083
5118,0.9919889161793877,0.0002204545948554037,0.004671398568228109,0.003119230657528596
5119,0.992723439722842,0.00012505730653386587,0.00011280245955319973,0.007038700511070983
5120,0.9946846370680797,9.991991857933168e-06,8.351393577716287e-05,0.005221857004285101
5121,0.933934769503189,0.006509605496605506,0.012064771833595259,0.047490853166610274
5122,1.3551818580745496e-08,0.9998799628961802,3.279262817284555e-05,8.723092382825958e-05
5123,0.9304150388855137,0.014026573612249621,0.010647320833286395,0.044911066668950374
5124,1.5586357781648028e-08,9.283355362295472e-09,0.9998689626130014,0.00013101251728548472
5125,6.261420791656879e-10,0.9999804656629558,2.1669118714175164e-06,1.7366799030566592e-05
5126,0.052541213001364724,0.0010647972463258702,0.0009064334962824759,0.945487556256027
5127,9.740813229989622e-11,0.9999845007047101,1.0628028199361317e-05,4.871169682618163e-06
5128,0.9996840984147793,3.720545967723807e-05,3.7834685141208305e-05,0.00024086144040239485
5129,3.346312048853084e-08,0.9997693062237812,0.00015867102281197956,7.198929028626751e-05
5130,0.0003522284805235758,0.03287565704440425,0.9666528144455687,0.00011930002950355104
5131,4.553786128424263e-08,0.9996786418207078,0.0003084607690090066,1.2851872421846924e-05
5132,0.0005435374939201788,0.9687474033010347,0.03036908512423803,0.0003399740808071038
5133,3.2263716861040097e-09,0.9999148992385802,5.637691585860925e-05,2.8720619189583134e-05
5134,0.9455058216316337,0.0022696129646691742,0.005449903820651661,0.04677466158304527
5135,3.164535160412996e-06,0.9973062190074676,0.002296828844853732,0.00039378761251813077
5136,5.433905681773262e-07,3.3733792311468674e-07,0.9992201102775667,0.000779008993941932
5137,0.0004309104441642113,0.8697668511168427,0.12962361418444304,0.0001786242545500544
5138,0.000274629301970675,0.9784222197267388,0.021208794112542565,9.435685874801012e-05
5139,5.399512568113352e-07,2.8859075553117955e-07,2.7600321768785063e-07,0.9999988954547699
5140,0.9784200170668135,0.00016546393295540775,0.0011011148084452947,0.020313404191786018
5141,0.005693285546418062,0.9883396939498267,0.0009419427119403624,0.005025077791814817
5142,1.541257932392271e-07,0.9993746509004854,0.0005449121027291711,8.028287099215385e-05
5143,0.9525757953452912,0.00019116625475596482,0.0003269920899351682,0.04690604631001756
5144,5.281367941697268e-09,0.9999331613187328,1.5278665413453618e-05,5.155473448585259e-05
5145,1.2882949757749946e-05,0.9942677694528875,0.005162925433807818,0.0005564221635470412
5146,3.952008433532155e-06,0.9971278374256476,0.0028180995768277367,5.011098909097529e-05
5147,0.010420211301474082,0.00011416430714980947,0.0009798726132386256,0.9884857517781376
5148,2.6455253351895947e-05,0.07751178811861015,0.9221226325283934,0.0003391240996446268
5149,1.4227545969352076e-05,0.9350822632980601,0.06466032302156897,0.0002431861344015887
5150,0.01439063598633513,0.0035224995940558433,0.6854135755095461,0.296673288910063
5151,2.7269410165206972e-06,1.6729782634039785e-06,0.9982346755275906,0.00176092455312955
5152,0.9956787362779916,0.00034301209366031205,0.002006781120761929,0.001971470507585985
5153,1.0901582791857986e-07,1.4902268774272468e-07,0.9996196941116798,0.00038004784980469
5154,0.9961943189087608,4.930225244595199e-06,0.0002147998859031886,0.003585950980091314
5155,0.9523004347346359,0.00010384482049027947,0.0006290949108021471,0.04696662553407144
5156,4.791643299346614e-07,0.9989910149975343,0.0010057193563624204,2.7864817736441497e-06
5157,2.440590358286177e-05,0.008400813231368022,0.9914719603074114,0.00010282055763797527
5158,2.129540424243539e-07,0.9993239965155444,0.0005473551080756267,0.00012843542233746682
5159,0.9490454443209179,0.01418126738463825,0.008634632417617921,0.028138655876825867
5160,0.01311477286001769,0.33377087649922393,0.6514162672148847,0.00169808342587403
5161,7.168804578184955e-05,0.9876186309280779,0.01224123147495293,6.844955118724288e-05
5162,0.05993630725453522,0.4216860254752956,0.41984563095748506,0.0985320363126841
5163,0.001993950056197625,5.980957409615319e-06,0.059881797266146834,0.9381182717202461
5164,0.032221446037247116,7.984078174711704e-05,0.006010058968704642,0.9616886542123011
5165,0.038708744331863436,0.0018093381665290802,0.9496569501015656,0.00982496740004176
5166,0.005226783748414523,0.9916529360304284,0.0009067967855339991,0.0022134834356233486
5167,0.9776230407719487,0.00039255764234129417,0.001611259315976587,0.020373142269733593
5168,0.0255465438323318,0.013512556546491132,0.9591778880912947,0.001763011529882459
5169,0.9462040969553743,0.0011157543983272697,0.005714615227834941,0.0469655334184632
5170,4.318946913138146e-09,0.999934409436232,1.872260144832515e-05,4.6863643372872564e-05
5171,3.337832441381457e-06,0.9972150171147315,0.0026710243105618064,0.00011062074226536073
5172,1.3772519830106583e-06,0.9983034709660956,0.0016473189533240903,4.7832828597411434e-05
5173,2.9483755038881634e-06,0.9975671880895055,0.0023556516279552462,7.421190703533745e-05
5174,0.055203637432917396,0.00918517744753901,0.02073108705974454,0.9148800980597992
5175,0.001374600810879672,0.004163000451654642,0.9935991301959914,0.0008632685414741186
5176,2.315614238997676e-06,0.9978052309226176,0.0011401059058308315,0.0010523475573125441
5177,3.095689791332395e-05,0.0025731461541851517,0.9969884994071523,0.0004073975407494112
5178,0.00019598091635285566,0.9786468965531333,0.02101402636864461,0.00014309616186932477
5179,0.022931434046507947,0.003201913610286074,8.636044612152605e-05,0.9737802918970846
5180,5.067674847303965e-07,3.096205532288214e-07,0.9992387286646572,0.0007604549473047343
5181,3.805719408268232e-06,0.9968695978399181,0.0022210729163517915,0.000905523524321654
5182,0.006183187526662964,5.349422394544974e-06,0.0008701447032694064,0.9929413183476731
5183,1.5578432848848932e-06,2.748996104453983e-06,0.9996655505559613,0.0003301426046493439
5184,0.009693097072763326,0.9213351583694026,0.06255000297463348,0.006421741583200738
5185,0.00013262297278910984,0.007652074614910964,0.9902163592786554,0.001998943133644696
5186,0.014510279229294386,0.00014938634183121058,0.05995931916519758,0.9253810152636768
5187,9.176818236648e-06,0.0013486678657542832,0.998533155341148,0.00010899997486143271
5188,7.13114094870927e-09,4.222769485975513e-09,0.9999712361310414,2.875251504818522e-05
5189,3.985195541589444e-07,2.0604256230717003e-07,0.9997518399061563,0.00024755553172712684
5190,0.0009180137975952464,1.5780616547750515e-05,0.0012190933304578953,0.9978471122553992
5191,0.005451430617502356,0.9941483697037142,0.0001094756751785579,0.0002907240036047094
5192,3.328491749717926e-05,0.9918966404748989,0.008037314603544662,3.27600040592661e-05
5193,0.9556300905031008,0.012287620721387262,0.007971280566154799,0.024111008209357153
5194,7.470443681868489e-10,0.9999565291277581,3.8284135281751196e-05,5.185989915721931e-06
5195,1.710209007502982e-05,0.9352580769826762,0.06466396380652276,6.0857120726095364e-05
5196,0.052922223130922,0.008701810938730974,0.007861907129533514,0.9305140588008136
5197,0.9506377184543902,0.0002803808050819048,0.002200268568541968,0.04688163217198639
5198,0.9941429611683298,0.00010366797032932104,0.004461724190877505,0.0012916466704632854
5199,0.9996293188873967,2.671118540085541e-06,4.668234496095907e-05,0.0003213276491019701
5200,8.583182955602305e-13,0.9999992176897533,9.9382003526028e-08,6.829273847242732e-07
5201,5.519426449136436e-06,0.9965953026416735,0.003389151994838097,1.0025937039391136e-05
5202,0.00011885404362063431,0.9835072417490607,0.01630955719677018,6.434701054865674e-05
5203,1.1496980552567692e-06,0.9996969114115763,0.000229895386376033,7.204350399221062e-05
5204,1.5406490626044175e-06,0.9980446546916685,0.0017718180755976203,0.0001819865836712403
5205,3.7001579381430124e-08,6.748052944995775e-08,0.9999610475301182,3.8847987773031456e-05
5206,0.05253292405199466,0.0015383783956869792,0.0024861282253269353,0.9434425693269914
5207,0.05427336860729413,0.013389994278218208,0.022217344888989,0.9101192922254987
5208,0.0006718673085152205,0.0020045558347752215,0.9883302000204786,0.008993376836231087
5209,0.00026361433002511185,0.9298112132780407,0.06425700392912247,0.005668168462811819
5210,0.9988565130234088,4.744828448191948e-06,0.0004030660185451825,0.0007356761295976977
5211,0.0021379547456769833,4.6598320362365884e-05,0.0012279286365860357,0.9965875182973747
5212,2.4192619374178543e-08,0.9997470506743528,0.0001857301433900982,6.719498963779041e-05
5213,0.0017796200657153375,1.4079321609867591e-05,0.0003339085850857343,0.997872392027589
5214,3.3017625647684582e-09,2.643392766250598e-09,0.9999416134621858,5.8380592658884235e-05
5215,0.0017883134632129885,4.2682518472919034e-06,0.00094518776488911,0.9972622305200504
5216,0.005847857101301399,0.000845394594905086,0.00831385418990255,0.984992894113891
5217,0.9482512607635454,0.0007703662507702378,0.004189121580462752,0.04678925140522176
5218,7.83822062345272e-09,0.999910460370656,4.1579801135229834e-05,4.7951989988231674e-05
5219,1.5812699965165052e-11,0.9999956868490536,1.6859104511151257e-06,2.6272246825786124e-06
5220,0.009185981310020457,0.0004975718320444436,0.9867684421051718,0.003548004752763033
5221,0.055182884277834694,0.009803559048423924,0.020952617805814724,0.9140609388679266
5222,2.428326620101909e-08,4.8777179805446476e-08,0.9998931225608138,0.0001068043787404352
5223,0.01854299354262233,7.812073187263288e-05,0.00013591881730647603,0.9812429669081988
5224,0.0008698809968088537,5.0054947555446506e-05,0.00021100711863834476,0.9988690569369973
5225,3.936977756506747e-08,2.3863969165281646e-08,0.9998199360251265,0.00018000074112659758
5226,8.83556609385933e-07,5.211590283930697e-07,9.95199626997997e-07,0.9999976000847353
5227,9.656347405883667e-11,1.0801018904340044e-10,0.9999897470121235,1.0252783302797592e-05
5228,4.07873747713552e-08,0.9997636603126547,8.991421713511849e-05,0.00014638468283528883
5229,0.052625624697944684,0.008678531762415743,0.0016728588583638877,0.9370229846812757
5230,0.9624137947981366,0.00010659309673388456,0.00015600432118506954,0.03732360778394444
5231,8.845649032433847e-06,0.9956188793738704,0.004214464289618182,0.0001578106874790151
5232,8.891010278974875e-05,0.9840170821360422,0.012187729992354533,0.003706277768813424
5233,0.9598577545349131,7.315924814317552e-05,0.00014436761402131698,0.039924718602922404
5234,2.3104243157782068e-11,0.9999931567229304,6.373259841184605e-06,4.699941239250429e-07
5235,0.01813671166829575,9.353089035363383e-05,0.978719046648903,0.003050710792447722
5236,1.1819772086479821e-07,2.1968673040520434e-07,0.9999468110358337,5.2851079715028834e-05
5237,0.9779819541795882,0.003129829268062944,0.0003466102745762015,0.01854160627777262
5238,0.0016726766872943346,0.9328395779233613,0.06442381474162985,0.0010639306477143744
5239,0.9999086834470347,3.046950873851287e-07,3.337941888592971e-06,8.767391598950855e-05
5240,2.0083317634341874e-06,1.809891341614925e-06,0.9987104398822442,0.0012857418946508156
5241,5.495954269809304e-09,3.404229121524125e-09,0.9999588844116245,4.11066881919736e-05
5242,0.03825312096117898,0.0009112332407974577,0.9560593648926996,0.004776280905323825
5243,0.958518175519155,0.0011153056123343994,0.034943876885558285,0.005422641982952334
5244,0.0002131788980089139,0.9795315727277604,0.02007309154427995,0.00018215682995069755
5245,2.9758369289625346e-12,0.9999979764620553,8.497167135002081e-07,1.1738182552179373e-06
5246,5.506739082585049e-13,0.999999349461765,9.982596476112244e-08,5.507117195705171e-07
5247,7.80096657646708e-07,5.361084510086115e-07,0.9991634771756904,0.0008352066192009881
5248,2.995021911006308e-11,0.9999911483852667,7.528660577965392e-06,1.322924205009344e-06
5249,0.0007813096963902547,1.6527144062820527e-05,0.0014411109111909137,0.9977610522483561
5250,0.997720324372881,0.0005905467264202481,0.0015962702356730125,9.28586650258204e-05
5251,5.746053717304153e-08,0.99963800374489,0.000346066670543767,1.5872124029264672e-05
5252,4.887495686983556e-07,0.9989889159637918,0.0009972774772936874,1.331780934597389e-05
5253,4.2723395556945146e-07,8.923606536000692e-07,0.9998425699977967,0.00015611040759406188
5254,1.575053329598266e-05,0.9943240855534923,0.005626956665117216,3.320724809462164e-05
5255,3.0888914620979127e-06,0.9977830625417975,0.0021710841455329106,4.27644212076808e-05
5256,0.0009586616327299728,1.9707421192716222e-05,0.00041924046018814056,0.9986023904858891
5257,0.9515253254961155,5.575135476889824e-05,0.001468459594659708,0.046950463554455805
5258,0.9586005085175477,1.1774086783368175e-05,0.0008369761575384488,0.040550741238130183
5259,0.05465772621253757,0.012291320640141563,0.021558893916524706,0.911492059230796
5260,0.9519348354778683,0.0006559803671952045,0.0005251803216880651,0.046884003833248464
5261,7.578128979579694e-06,0.9963343946901518,0.003647189275141678,1.0837905726795555e-05
5262,0.002980574915254022,0.9323743767449291,0.06450509247414578,0.0001399558656712507
5263,7.956293164593076e-09,1.7180233335975847e-08,0.9999259758630653,7.39990004081634e-05
5264,0.00020319051037157542,0.9782641192401252,0.02137540426482931,0.00015728598467388657
5265,2.780442223825716e-07,0.9992436659377472,0.000728322951072891,2.7733066957642003e-05
5266,6.260812554594637e-05,0.008872514198455257,0.9891955695426122,0.0018693081333864805
5267,5.331723767983482e-08,2.6895565558933674e-08,5.506299257897336e-08,0.9999998647242042
5268,1.2424552978365318e-05,0.9349101991914601,0.06462826347918489,0.00044911277637678105
5269,6.941596134971262e-08,0.9995827679080356,0.00033223037725120416,8.493229875178479e-05
5270,0.9496434825854361,0.0011474394593865853,0.0023856280142889254,0.04682344994088817
5271,0.029461434326596248,0.0005325572816896785,0.00028353184401271427,0.9697224765477013
5272,9.296519742412377e-09,0.999872311905966,0.00012409190764430298,3.5868898698916855e-06
5273,4.4913287691028817e-08,0.9997369690897355,0.00022583510930417982,3.7150887672717675e-05
5274,2.9914416530342204e-08,0.9997364735830568,0.00017597079485512682,8.752570767153464e-05
5275,0.008565836440378843,0.00034534467341110545,0.030058335765896886,0.9610304831203131
5276,0.052562272910200554,8.289400312700656e-05,0.002170471809162517,0.9451843612775099
5277,0.00028048858260581067,0.9740130857291839,0.025425045637673463,0.0002813800505368699
5278,1.4866649585608145e-08,0.9998212585593679,9.264861126511961e-05,8.607796271748002e-05
5279,8.282536371989113e-12,0.999996334913298,1.9500511988454854e-06,1.7150272205830093e-06
5280,0.952559682873887,0.0002241710828227051,0.0003038414107117855,0.04691230463257861
5281,0.001215293409070882,1.3872679010667284e-06,0.9980140622836103,0.000769257039417715
5282,0.9997406900618488,1.799145677392009e-07,5.648971321032842e-05,0.00020264031037317188
5283,1.0219928353183477e-12,0.9999989797808447,2.951919249110629e-07,7.250262083347999e-07
5284,0.0065598895522725135,0.9583846782120111,0.03036611238668387,0.0046893198490324806
5285,0.00802432637379366,5.0610085609677786e-05,0.0012106257768598034,0.990714437763737
5286,0.0025958429966943053,0.0018516655452423978,0.9948603357148436,0.0006921557432196593
5287,2.6645157995447296e-12,0.9999976031400045,1.4833098115537206e-06,9.13547519539649e-07
5288,2.781845467684541e-07,1.5588640691819093e-07,3.053072193383259e-07,0.999999260621827
5289,0.9520718736806296,0.0003284534628965637,0.0006594944756842728,0.04694017838078938
5290,0.04339492600057108,0.0002238356495451565,0.018958330231257613,0.9374229081186262
5291,0.9367314161317934,0.0053531950197669665,0.010728034853041043,0.04718735399539842
5292,0.9526492636801916,0.00010118181093676112,0.00027434807668830674,0.046975206432183184
5293,3.4533419345302916e-10,0.9999770424736163,1.0577960698722889e-05,1.237922035096831e-05
5294,0.03264223245478598,0.00036686163236213185,0.006767384227385603,0.9602235216854663
5295,0.007270781176133145,6.135512277060237e-05,0.008640656905487336,0.9840272067956087
5296,0.01601742873696263,0.0016194941184242283,0.02361904502507951,0.9587440321195336
5297,3.0530401564245465e-09,0.9999159438526878,7.929489384407732e-05,4.758200428157796e-06
5298,8.874126807862593e-07,0.9986808081032414,0.0010395958468580532,0.00027870863721984575
5299,7.577881279756452e-05,0.9879352579182001,0.011868173126397638,0.00012079014260465935
5300,0.931770093897486,0.00013319964810854244,0.020353221388450946,0.04774348506595469
5301,0.7928092168227187,0.0002604709203528234,0.013938939244761646,0.19299137301216687
5302,8.81309510363904e-07,0.9985737109494462,0.0013496263643358135,7.578137670761311e-05
5303,0.051644380952334194,3.392914553985121e-05,0.004383454176958241,0.9439382357251678
5304,1.5805229424296945e-05,0.9351144126459198,0.06460653270749725,0.0002632494171588395
5305,7.703570823361829e-05,0.8976823957622933,0.10207857502871796,0.00016199350075516553
5306,0.9936417849323897,1.9018398399002915e-05,4.38885263228084e-05,0.0062953081428886
5307,7.606231529687813e-08,0.9995935351312352,0.0004007170240958414,5.671782353878803e-06
5308,0.027550049856970165,0.0003502919974924756,0.060662849258963134,0.9114368088865743
5309,3.143480720772083e-05,3.112932584957695e-05,0.9562461667330037,0.043691269133939004
5310,2.062725675074172e-06,0.9661765938336855,0.033631183064955855,0.0001901603756836234
5311,6.350332325276524e-07,2.2374981240258347e-07,3.919381354902244e-07,0.9999987492788195
5312,1.0627327135219028e-07,0.9997176971032936,3.5019230331840235e-05,0.0002471773931032983
5313,0.05512201609455404,0.010335487521228955,0.021148610379233584,0.9133938860049834
5314,0.9981052013634324,1.4435868175817096e-06,3.1602399435454276e-05,0.0018617526503144624
5315,0.01639998331530219,0.006807224862849281,0.017914488395833015,0.9588783034260152
5316,0.013934527703392877,2.442188000284063e-05,0.00507453841347821,0.9809665120031258
5317,0.0016975692965446052,4.2262000294941085e-06,0.9920970486706646,0.006201155832761245
5318,6.130223485141054e-08,3.7838497652095905e-08,0.9997371506908944,0.0002627501683731019
5319,2.5108817771510048e-08,1.5714133879811015e-08,0.9998919572508094,0.00010800192623882148
5320,5.268583807322728e-07,3.293406964870669e-07,0.9992274950130874,0.0007716487878352561
5321,3.2390028580089086e-10,0.9999739090752677,2.437134687158234e-05,1.7192539603096349e-06
5322,1.2006692496642519e-06,9.530541936262216e-07,0.9988280753510402,0.00116977092551652
5323,0.05331665756394948,0.007336815979960969,0.010522540932066773,0.9288239855240227
5324,1.356889049727016e-05,0.9945059554675537,0.005392009343011751,8.846629893725138e-05
5325,0.02431656478910255,0.07055263927309137,0.860849955172094,0.04428084076571232
5326,0.00017649123537873799,0.9800111870305541,0.01960392685991539,0.00020839487415173262
5327,0.9933502174134201,2.8128256404477165e-05,4.716959125988384e-05,0.00657448473891557
5328,0.9939953276437645,1.0966305919995097e-05,0.0016718388317144375,0.004321867218600976
5329,1.3754885059835369e-10,0.9999903985651438,1.0434016744567921e-06,8.55789563262101e-06
5330,0.00019649019450420786,0.06867175739871259,0.929693552759016,0.0014381996477677988
5331,0.03386555393096829,0.008901623611574754,0.02092747715566657,0.9363053453017902
5332,2.112526124425312e-06,8.662616808899721e-07,1.781329833756822e-06,0.9999952398823609
5333,0.05257740916224774,0.002644114011669101,0.00014562350517456532,0.9446328533209084
5334,0.0204214504202027,0.06843445974766595,0.8853618617436315,0.025782228088499788
5335,0.026491565983681707,0.0006277225306868733,0.9507358781646587,0.022144833320972706
5336,0.985264349829532,6.805494203575474e-05,0.0038860902290275513,0.010781504999404778
5337,0.024553187939839058,0.004849805406565511,0.00012767782225695865,0.9704693288313383
5338,0.9926829456191225,0.0012615938816647734,0.004543564535201461,0.0015118959640111785
5339,3.872364742244328e-12,0.9999968945479367,2.4332065084631633e-06,6.722416823537168e-07
5340,0.983333598204214,0.010317684330878787,0.0012392147226788033,0.005109502742228498
5341,4.6439578345593536e-09,0.9999657111501484,3.3877104415907155e-06,3.08964954520826e-05
5342,0.002055342618093981,0.00012688199141582912,0.00015074701307243494,0.9976670283774177
5343,0.9936548669708583,6.272279160875581e-05,0.00021972409723382537,0.00606268614029905
5344,0.9133286812651265,0.00038142504594526036,0.06424406060752401,0.022045833081404006
5345,0.9359579230270335,0.0010520481113638531,0.01622074143563401,0.046769287425968094
5346,0.9511818864493725,0.0007057008856529529,0.0012759418453436302,0.046836470819630764
5347,0.002287092750006303,1.2820768316012038e-05,0.0002033804261026178,0.997496706055575
5348,0.05259287100999134,0.001749190263689758,0.0002975443251163737,0.9453603944012025
5349,0.006976903175964976,0.0019716318797292935,0.03122534817969071,0.9598261167646148
5350,0.0233811560824284,0.0012142639730186651,0.00013366774096412336,0.9752709122035887
5351,7.912614451059909e-10,0.9999575800560975,4.0562756252775025e-05,1.856396388374771e-06
5352,0.931862944531472,3.384647703110005e-05,0.020669571767011594,0.04743363722448553
5353,0.9509869575048616,1.6287423560975442e-05,0.0021049543853161722,0.04689180068626118
5354,0.004182198436444105,2.5986188731651223e-05,0.007113682993141332,0.988678132381683
5355,0.00028730188641741755,0.9292221736151826,0.0625808104948318,0.00790971400356833
5356,2.3478487268989096e-08,0.9998491802512013,6.967971338532264e-05,8.111655692610858e-05
5357,3.513415066724731e-14,0.9999997845743308,9.989037033595113e-08,1.1553526361827796e-07
5358,1.8581156242574065e-05,0.99362913792155,0.0059318242675512525,0.00042045665465619957
5359,0.0005515823370419705,0.9645238722568805,0.03476850888844643,0.00015603651763095424
5360,0.00013872210627525897,0.98240251604879,0.01744361145870132,1.5150386233498804e-05
5361,0.0009356682366517461,0.9457481824290549,0.05225770540041704,0.0010584439338761022
5362,1.3462895723896913e-07,0.9994945538384389,0.0004698370638043887,3.547446879951849e-05
5363,7.796124887247985e-07,0.9987302419913991,0.001265610902513975,3.3674935980499324e-06
5364,1.948312286362841e-11,0.9999966719645474,1.2678889975536489e-07,3.201227069562512e-06
5365,5.080808795251694e-08,0.9997419961049219,6.534620459408304e-05,0.00019260688239617173
5366,1.7955028529561607e-08,0.9998409405787854,0.00012586352735926293,3.3177938827060436e-05
5367,0.0025591847254295684,3.220001897852325e-06,0.9934393060938889,0.003998289178783811
5368,0.9472160849369304,9.415825256717497e-05,0.0059069446983250895,0.046782812112177274
5369,7.885968702782462e-09,0.9999130855309079,1.1743270025838653e-05,7.516331309766274e-05
5370,0.002426304104878971,0.9467993117111589,0.050301197580152876,0.00047318660380945725
5371,0.9372427646774655,0.005233177057916099,0.010373954013973815,0.04715010425064472
5372,0.002681784537295357,3.491507419134219e-05,0.00039550419936003204,0.9968877961891534
5373,0.005142876472612664,0.9736928347193169,0.015801600535968525,0.005362688272101888
5374,1.1002214651370764e-09,0.999961742228859,2.220938165745931e-05,1.6047289261973536e-05
5375,0.05262734593629169,0.0008287396114013809,0.0005136310210631191,0.946030283431244
5376,0.0041403965268798255,4.3139308541395595e-06,0.9785335031633898,0.017321786378876294
5377,8.603638175039626e-05,3.437869501438531e-05,0.06000852292259967,0.939871062000635
5378,1.7160300880585254e-07,2.3600237407309863e-07,0.9995184218279279,0.00048117056668933104
5379,0.053995710238610294,0.005839504218054268,0.01443165538896227,0.9257331301543733
5380,0.9923245950509489,0.0004877801655140333,0.002040361450926336,0.005147263332610929
5381,0.0008455329610005453,0.0001119069789564017,0.904892973328854,0.0941495867311891
5382,0.05414512527337558,0.011161104365378139,0.017929654505190743,0.9167641158560554
5383,4.0392515108272984e-07,3.829952428759906e-07,0.9999290331525157,7.017992709036977e-05
5384,0.9440327229123006,0.014244255755407696,0.022820032230190843,0.01890298910210086
5385,1.7843135904418738e-07,9.514668746976716e-08,1.852421599766217e-07,0.9999995411797934
5386,0.008730148970270317,0.06792754827838461,0.9187897824897111,0.004552520261633998
5387,0.005058668589298047,2.7843584126276693e-05,0.9300674579074532,0.06484602991912247
5388,0.933129721472723,0.003051375334255846,0.016358132865603038,0.04746077032741833
5389,0.9521210011367769,9.761582310923315e-05,0.010895383101921946,0.036885999938191735
5390,0.982740408540802,0.00029955201564486384,0.00034553019509000094,0.01661450924846307
5391,1.196878131940415e-10,0.9999856174024323,7.980090466044063e-06,6.402387413956268e-06
5392,4.131680510389583e-05,0.9905458443430427,0.009219576647823639,0.00019326220402979347
5393,0.0002257592961374516,0.97855386087917,0.019213196590024115,0.0020071832346684423
5394,0.9808164759924628,0.0005629934902086689,0.001859731819752365,0.016760798697576275
5395,1.5408571361718437e-12,0.9999989428283546,1.6150964354082537e-07,8.956604612690151e-07
5396,6.983318768279925e-06,0.9410444215308895,0.05856816765366794,0.00038042749667425974
5397,3.4744881964931857e-06,2.639440873254236e-06,0.9981562207528398,0.001837665318090364
5398,4.650130431730619e-05,0.9909903072550645,0.008213779148828221,0.0007494122917897575
5399,0.9976724425099304,2.3871713338285592e-05,0.00013566154548082222,0.002168024231250581
5400,0.9751904952514734,0.0002941571396493826,0.0011750579274926532,0.023340289681384612
5401,4.415197950255192e-05,0.9903986349327869,0.009499712687378653,5.7500400331981786e-05
5402,7.789739437266864e-08,1.6288530274510588e-07,0.9999491498681532,5.060934914965024e-05
5403,3.1099207789556664e-09,0.9999115192618296,7.72957158795364e-05,1.1181912370103796e-05
5404,0.019054045295472753,0.0024461650188232703,0.9758049633411516,0.002694826344552194
5405,2.5458563429307377e-07,1.3471179710230252e-07,0.9997966631192681,0.0002029475833005731
5406,8.83123501077084e-09,0.9998605152796968,0.00013502583678798305,4.450052280051663e-06
5407,0.9988257894219962,5.5026075176145146e-05,5.821978632103165e-05,0.0010609647165067914
5408,9.686889863883513e-09,0.9999101567888754,1.657640403740941e-05,7.32571201974366e-05
5409,8.056174958349399e-09,5.10225542184069e-09,0.9999756346972968,2.4352144272910032e-05
5410,0.001049245885583398,2.124553828646603e-05,0.9986552759933582,0.00027423258277168113
5411,0.0386388729584155,0.006295586714307083,0.012657192715949488,0.9424083476113276
5412,0.052537280102157496,0.0006311205744494339,0.000997806076271093,0.9458337932471219
5413,0.9956515643782973,1.7379937117781128e-05,6.46620614237119e-05,0.00426639362316122
5414,0.027727686192406002,0.0035584847611345866,0.009228418721972043,0.9594854103244874
5415,1.1521157581277438e-09,0.9999547536371914,2.3414135823572204e-05,2.1831074869120694e-05
5416,5.757110289217042e-08,3.379755867698186e-08,0.9998143797407699,0.000185528890568489
5417,0.9940334349408573,1.6671505820162224e-05,0.0020031159211810526,0.003946777632141548
5418,0.9995679435266731,2.9175684351811305e-05,0.00013272908402100475,0.00027015170495387674
5419,4.496625313570535e-07,0.9990007340960299,0.0009792009532499839,1.9615288188706454e-05
5420,0.00012978955487559868,0.0030441332868465444,0.9966619542618896,0.0001641228963883732
5421,1.740913564974796e-05,1.0657365625610325e-05,0.9954939034600144,0.0044780300387103475
5422,1.3381962731544257e-10,0.9999891932316589,2.6157846700161636e-06,8.190849851470587e-06
5423,0.934701693845421,0.0056651323889385,0.012193653299722666,0.04743952046591782
5424,9.75992491144208e-08,0.9995388271107339,0.00044337143660230067,1.7703853414582343e-05
5425,0.9606245465691263,0.0004977186583878776,0.0347986106895601,0.004079124082925777
5426,0.9548867197312929,0.00012023663385759467,0.0014344216219301738,0.04355862201291944
5427,0.9992144089560019,0.00014635026551942663,0.00014400119945268377,0.0004952395790260586
5428,0.9996471037438592,3.350834195024057e-05,0.00023909239819709034,8.029551599351937e-05
5429,0.015450197153637876,7.961684300803082e-06,0.05873602650772769,0.9258058146543338
5430,0.00027419945408975065,0.933464468195701,0.0645576017485811,0.0017037306016284288
5431,0.9867638710882297,0.004982959882871055,0.0013064499010926472,0.006946719127806375
5432,0.9772468745969043,0.00014482592147877456,0.0019467488030473637,0.02066155067856958
5433,0.9994337722026276,2.6548411761093607e-06,4.510299862453733e-05,0.000518469957571768
5434,0.9952675859899511,2.2242692851969487e-05,0.0006502530790717967,0.004059918238125155
5435,0.006540070160694196,0.9760292394468603,0.008555336861023492,0.008875353531422178
5436,1.0035864114307879e-05,0.0026389062952415923,0.9962346960985016,0.001116361742142499
5437,6.609888102816796e-05,0.9878020667624399,0.012042649189823418,8.918516670851625e-05
5438,0.9518384815104173,0.0007657736306223797,0.0005192249538500363,0.04687651990511042
5439,6.979311348542314e-07,3.863652601438381e-07,3.1636675802834586e-07,0.999998599336847
5440,0.9858262788786428,0.0002382307623492048,0.00034409357357576383,0.01359139678543214
5441,0.9782060511512505,0.0019897073648003413,0.007296922917886875,0.012507318566062102
5442,6.011489567459629e-11,0.9999883265057219,1.0263642651485674e-05,1.4097915116178136e-06
5443,1.2083462964808152e-07,0.999658217076448,3.848431262250668e-06,0.00033781365766002254
5444,0.0005629515834515528,0.0003394356070333101,0.972905128969296,0.026192483840219122
5445,0.9974368277030183,3.6460851512573817e-06,0.0004960747330599691,0.0020634514787704443
5446,2.4136751658327794e-06,1.320566582359192e-06,1.4411495426733162e-06,0.9999948246087091
5447,4.752913209537522e-05,0.9582623452306975,0.040710591232744786,0.0009795344044623304
5448,0.0004247117707217655,1.5037758923243477e-05,0.10293314838110276,0.8966271020892522
5449,9.482629997497486e-07,6.018830786179263e-07,0.9989655874566571,0.0010328623972646386
5450,0.00016347350210936296,9.832471919772915e-05,0.9858732629696711,0.013864938809021827
5451,2.1235710684677893e-09,3.2988336524589253e-09,0.9999531675803495,4.6826997245642424e-05
5452,0.9964311731333774,3.9943504449456535e-06,0.0023441230434605212,0.0012207094727171752
5453,0.0002812950650785904,0.018405469855615857,0.978752871233455,0.0025603638458504964
5454,1.4270773475022433e-11,0.9999971477521064,1.2982506406823976e-07,2.722408558841146e-06
5455,2.2099598261264033e-06,1.268681212258438e-06,9.909592241341042e-07,0.9999955303997374
5456,0.9475921921791377,1.9851353305465105e-05,0.005729664024686555,0.046658292442870085
5457,6.290663224915615e-07,0.9988328988820306,0.0010169002083022416,0.00014957184334446212
5458,0.005343299092004354,0.001030607510154547,0.059759707404238555,0.9338663859936024
5459,0.005496743881023705,0.06927880872557995,0.8929216042942933,0.03230284309910297
5460,5.570813624473322e-09,0.9999245105084686,2.2043196790632162e-05,5.344072392705925e-05
5461,0.985605593469726,0.0024830223481250085,0.003718802863315625,0.008192581318833266
5462,1.846625563689962e-08,0.9998343984754134,1.453959709498989e-06,0.00016412909862165885
5463,0.9978831536993651,4.219308535827213e-05,0.00012287134180205794,0.0019517818734744914
5464,7.04247736290382e-11,0.9999881573044794,1.140626835554568e-05,4.3635674028857635e-07
5465,7.051566459189211e-05,0.9350012827664183,0.0645524383514444,0.00037576321754545955
5466,0.9379038443934232,0.005457232453632118,0.009706540364822047,0.04693238278812263
5467,0.00707644755635506,0.0020484534064178247,0.0586213215725041,0.932253777464723
5468,0.0536683823185279,0.008567888785315269,0.013126903828547625,0.9246368250676092
5469,0.00023495044137458577,0.9250415165033125,0.06328257514558217,0.01144095790973069
5470,0.993505405437028,1.5782793757344242e-05,0.00014537538392454447,0.006333436385290038
5471,0.05244635327042743,0.005786354191776546,0.0028827308170223894,0.9388845617207734
5472,7.704789641337972e-06,0.9675751585612086,0.03237665274283034,4.0483906319712346e-05
5473,0.9982352429313089,0.0007656302901343166,0.0003400245051903674,0.0006591022733663835
5474,0.987617073727309,0.0013831176366507923,0.0025584671322870177,0.008441341503753122
5475,0.0009784547555682858,0.00040830690931356465,0.036924687605165624,0.9616885507299524
5476,3.214862401979584e-07,1.7480212766256515e-07,2.2578906838574264e-07,0.9999992779225637
5477,0.0008038848834653778,2.9964529356247167e-05,0.04488809698488487,0.9542780536022932
5478,0.0002788245250805438,0.017129608856360258,0.981261586533011,0.001329980085548219
5479,0.9909868023035451,2.7129509061411382e-05,0.008038554822412598,0.0009475133649808275
5480,0.0010655906604152318,0.06868039733873041,0.9000228341492396,0.030231177851614718
5481,1.6975025818121005e-09,0.9999660570464262,1.662297230258332e-06,3.227895884102657e-05
5482,5.074031079449275e-07,9.977445727369444e-07,0.9993190771933842,0.0006794176589350955
5483,0.9998301908794032,4.63830882765566e-07,1.4405993989701563e-05,0.00015493929572412828
5484,1.1671377505810478e-06,0.9996649029310178,0.00015593251283403472,0.00017799741839764866
5485,6.366922115813246e-08,0.999799929537937,2.3938148994932643e-05,0.00017606864384704166
5486,4.129070218108404e-07,0.9991233965538134,0.00086719666481431,8.993874350408117e-06
5487,4.506879771039109e-07,0.9990691504959089,0.0009206885099077224,9.710306206211752e-06
5488,1.613618377276557e-09,0.9999439230356106,3.1713348497855946e-05,2.436200227297434e-05
5489,0.00044609013949251325,0.6085914691817407,0.3906332813135967,0.0003291593651704215
5490,0.9487731335425312,0.0008445516182752123,0.003506194563691256,0.04687612027550247
5491,0.9959034691336781,1.5035028382996304e-05,0.0037770734349760055,0.00030442240296270833
5492,3.8008309429824e-07,2.0681716284487955e-07,4.0939896328329885e-07,0.9999990037007795
5493,1.265818742440507e-13,0.9999996399127716,1.388697449315015e-07,2.2121735701377878e-07
5494,2.505555567300276e-07,0.9992511857604496,0.0007232133003176668,2.5350383675931303e-05
5495,1.48430916401016e-11,0.9999938796333389,5.2241635345234595e-06,8.96188283540621e-07
5496,2.6612782772141345e-05,0.937505986269684,0.06213018764228206,0.00033721330526189573
5497,0.008101246121236904,0.0009561376995331618,0.9859455470259849,0.0049970691532448
5498,0.9987569533671788,3.6372577751094393e-06,4.44431902716004e-05,0.0011949661847743536
5499,0.9804946206549957,0.010289607728654797,0.004642955984036247,0.004572815632313211
5500,3.2648948039557108e-12,0.9999974830247099,1.5110850188101285e-06,1.0058870065026383e-06
5501,9.293804036743637e-06,5.654313555465222e-06,0.9967325100375612,0.0032525418448465554
5502,4.406702214722519e-05,0.9945192271312341,0.0003271243088476963,0.005109581537770896
5503,0.05256495507204695,0.0025665243670280787,0.0013076685739790996,0.9435608519869457
5504,3.990311761492165e-06,2.5262906346959947e-06,0.9982739703387747,0.0017195130588291223
5505,0.00020123538998671685,0.0003749870956365347,0.05995916208221569,0.939464615432161
5506,0.010126061936938043,0.00013831606710318567,0.024060748565902953,0.9656748734300561
5507,0.03201150342256598,0.00717012282562342,0.9569473409202591,0.003871032831551344
5508,6.042951575268222e-10,0.9999737846951765,8.0670653705535e-06,1.814763515786799e-05
5509,5.1181092302769634e-08,0.9996316956743487,0.0002953202593751507,7.29328851838071e-05
5510,2.2569612612085944e-08,1.30447188368688e-08,0.999973730639467,2.6233746201512738e-05
5511,0.0004731824373706652,4.5662199602388116e-05,0.9107812206696692,0.08869993469335782
5512,8.23472210882783e-08,4.4207454997487485e-08,0.9997862822967437,0.0002135911485801822
5513,4.813425063439474e-08,0.9997490078452366,8.258093668920936e-05,0.00016836308382354212
5514,2.2888124446302546e-07,0.9992175250010439,0.0005106339344376512,0.00027161218327404174
5515,0.052220971246838534,0.00033014518380997224,0.0033726725287007825,0.9440762110406509
5516,2.063650120839412e-06,0.9979402406042719,0.0019151278532641791,0.00014256789234297693
5517,8.39146492231688e-09,0.9999527140520472,2.3560481161486204e-06,4.492150837186205e-05
5518,0.9903496686450806,0.0002544134600900741,0.00023710359799330804,0.009158814296836112
5519,2.0022155827695006e-07,3.024008712633179e-07,0.9995279502589557,0.00047154711861462095
5520,0.00015737092149479997,0.9346245938891959,0.06453730896249853,0.0006807262268106453
5521,1.6183968586255048e-07,3.453565348499854e-07,0.9996485615431248,0.000350931260654484
5522,1.0569820443212676e-06,6.280741830415002e-07,0.9990873389532432,0.0009109759905295424
5523,2.3207098791943217e-06,0.9981644673520788,0.0007583198587195695,0.0010748920793224824
5524,0.0525284756777597,0.0037135215121152066,0.0014791939755077225,0.9422788088346172
5525,5.286649796159674e-12,0.9999983013062275,9.990308005607848e-08,1.598785405898725e-06
5526,0.9994884537255596,8.014747667942079e-07,0.00011408482726408434,0.0003966599724093595
5527,0.0011428743860178445,5.379216577227045e-07,0.998054364932645,0.0008022227596793682
5528,0.954927480786807,2.831014980861731e-06,6.738565698918009e-05,0.04500230254122309
5529,6.53131960537845e-09,0.9998999789932982,9.417381027058478e-05,5.840665111653434e-06
5530,0.983644228345279,0.00022953535277817714,0.000293582699935336,0.015832653602007626
5531,2.773388749556854e-09,0.9999568048305603,8.078643431414262e-07,4.23845317077319e-05
5532,0.00047784717416010923,0.00021677236939162298,0.02534710189434773,0.9739582785621007
5533,0.03849282927477432,0.0015148629494458144,0.951521948627826,0.008470359147953792
5534,1.2526429458499402e-05,0.9947395433335847,0.005189763142385703,5.816709457096151e-05
5535,0.05383571614464744,0.003991914967610746,0.013144254520806477,0.9290281143669354
5536,8.15167326763478e-05,0.9854353741109831,0.01310828427769505,0.0013748248786452913
5537,1.7815952607810147e-05,0.9938416739894806,0.006120985704286628,1.9524353624751316e-05
5538,9.075475630933051e-10,0.9999635510087301,2.6169343157918706e-05,1.0278740564143856e-05
5539,2.6095281695058387e-09,0.999921991090025,7.418720629998972e-05,3.8190941469222174e-06
5540,7.785930141539442e-08,8.305534785988557e-08,0.9996803577198591,0.000319481365491704
5541,0.0012350669750533963,7.61921727644665e-06,0.9947524336708674,0.004004880136802649
5542,0.0004655145114483223,0.9673044945491341,0.03143248483996224,0.0007975060994552519
5543,0.05004494550678213,0.00042216608375522034,0.0037638744640314066,0.9457690139454312
5544,5.92108060730971e-05,0.005777207769585102,0.9940130187519475,0.00015056267239393838
5545,0.9799838768872539,0.0019171617398597203,0.00663044290365261,0.011468518469234051
5546,0.0017687176587258167,0.0035585971088678173,0.9775723575617192,0.0171003276706874
5547,0.9758602078935332,0.0005313667101697963,0.0021067702693588317,0.021501655126938093
5548,0.9980275917741512,3.050914990757208e-06,0.001353928107503564,0.0006154292033544126
5549,4.904027451594675e-13,0.9999993890937874,9.99869532055606e-08,5.109187687297133e-07
5550,3.425459462637125e-05,0.9631535094862114,0.036366853382660366,0.00044538253650190174
5551,7.135570443173942e-07,0.9986822175189717,0.0012156135021027935,0.00010145542188105336
5552,0.9866082086083027,0.00011133694183550567,0.005692853568952236,0.007587600880909849
5553,0.9515599936391316,0.00042712656986193363,0.001086979522327857,0.04692590026867881
5554,0.9457517322900302,0.0019764522477026315,0.005494679299062556,0.046777136163204544
5555,4.298355030540424e-07,0.9998234320671118,0.00017345214130925512,2.6859560757459216e-06
5556,0.0011194113143275447,2.179170320564853e-06,0.9978901304971565,0.0009882790181953557
5557,0.9511691256588415,6.370631735605412e-06,0.00191273995629298,0.04691176375312977
5558,0.054521762895160336,0.007966744972166501,0.017277933595596227,0.920233558537077
5559,1.1815623884134e-08,6.923619494964651e-09,0.9999154925061272,8.448875462925125e-05
5560,0.01661274436593932,0.00028229561162133003,0.9768106447841908,0.006294315238248597
5561,1.6934173784929633e-08,0.9998999353181639,1.0552701874628667e-05,8.949504578776428e-05
5562,1.027145106712389e-05,0.9958614323399553,0.004106936911153357,2.1359297824393765e-05
5563,0.951873997756317,0.0006087854583593324,0.0006531415009638042,0.04686407528435973
5564,0.0010916978681908922,0.99861023031009,0.00017518356418716333,0.00012288825753194833
5565,0.025356564880294002,0.0005297070733985839,0.0011440694969886188,0.9729696585493187
5566,3.140750216491032e-06,0.9971215524409166,0.002405121035890084,0.0004701857729767492
5567,4.1276195051973786e-07,2.4422516993016125e-07,0.9997118787714347,0.00028746424144483914
5568,4.597189910918731e-09,0.9999372714142102,8.839248848755273e-06,5.388473975097489e-05
5569,0.018884459578316082,0.00021072969863754332,0.9159531300529871,0.06495168067005948
5570,6.601605063024466e-09,9.022409109595189e-09,0.9999650951110419,3.488926494379741e-05
5571,0.9982189997308532,0.0004453543528941395,6.348121154895207e-05,0.0012721647047036545
5572,2.9098728294646883e-08,4.084042248017916e-08,0.9999334352632981,6.649479755111873e-05
5573,0.0010616148215640655,4.8362966930346266e-05,0.9029925356154046,0.09589748659610084
5574,4.112077081270042e-09,0.9999048207626015,8.525082583842839e-05,9.924299482884948e-06
5575,0.027598015225706526,0.00036962726937696174,0.06078083966399076,0.9112515178409261
5576,0.949908087269765,0.0023110843212083227,0.0009498819855450527,0.046830946423481686
5577,0.04625165247069661,0.034801798134774777,0.8753652426775417,0.04358130671698701
5578,0.0042296544201080154,0.9755981500927671,0.016865653415506488,0.0033065420716185748
5579,0.05258569802332014,0.0003889041633301811,0.00011151567732774537,0.9469138821360219
5580,8.611292892396677e-09,4.202055067645789e-09,0.9999177696623995,8.221752425249182e-05
5581,0.004517959315152655,0.027452092376761106,0.9614483381099026,0.006581610198183857
5582,3.473693297631403e-08,2.464875639594318e-08,0.9998854672949786,0.00011447331933194499
5583,0.9617925755114465,0.011382150116112103,0.003982870160900529,0.02284240421154096
5584,0.9941802752405356,3.5031427537397274e-05,0.00014333719199238488,0.005641356139934366
5585,0.011964411667176314,0.00014615928638906945,0.9230713152206258,0.06481811382580867
5586,0.9464248712884197,0.00295230836390177,0.0038564526367893806,0.04676636771088922
5587,0.05520414328273386,0.00968046382353261,0.020947276182689375,0.9141681167110441
5588,0.9920628700037497,4.028595343581644e-05,0.0001938906354576688,0.007702953407356671
5589,3.970140199562738e-06,0.06877432043788538,0.9310345054652849,0.0001872039566303313
5590,3.647039220435139e-05,0.9567753042275644,0.042031328825293486,0.0011568965549379002
5591,2.7260992548627786e-09,1.9646147257148397e-09,0.9999891047181089,1.089059117718436e-05
5592,0.008759636593391537,0.0022960776798354545,7.377913548678893e-05,0.9888705065912864
5593,0.0020758975676645366,6.52735452740768e-05,0.05070017238638284,0.9471586565006785
5594,0.006467022896249496,0.001238066468888894,0.9905176524267183,0.0017772582081434709
5595,0.9738015844533677,0.0004210392250600129,0.000947009275281025,0.02483036704629144
5596,1.7698588847285025e-05,0.9341383173424762,0.0645032704064523,0.001340713662224151
5597,4.968365893594778e-07,2.573063559151314e-07,5.170043898076405e-07,0.999998728852665
5598,1.9986584144247387e-07,0.9992683589331385,0.0005929364999664832,0.0001385047010536586
5599,9.08865991098055e-06,0.0012763290199646095,0.9981835185753133,0.000531063744811105
5600,2.7630284773578386e-07,5.752724683790423e-07,0.9995293394785213,0.00046980894616257835
5601,0.951244495214127,1.2753009781053232e-05,0.0018716497372148983,0.04687110203887693
5602,0.9998231645648238,2.2414561417231925e-07,3.2662653661770165e-05,0.00014394863590006055
5603,3.7262367416797036e-05,0.06869443853888008,0.9287161090039842,0.0025521900897190683
5604,0.0031749567687815133,3.5643285242443425e-05,0.20093549652775683,0.7958539034182189
5605,0.9986993483099381,3.652501052241405e-06,0.0001519622664046548,0.0011450369226050049
5606,3.2168103817133446e-05,0.9917891973895169,0.008114090848881981,6.454365778386887e-05
5607,0.9800369851058691,1.4419729683803885e-05,0.004035752039371114,0.015912843125075675
5608,0.994407163569073,0.0028331739938237603,0.0023231484014662475,0.0004365140356367931
5609,1.4673674058766863e-11,0.999995666198086,1.677083612155059e-06,2.6567036282746398e-06
5610,0.9988047828958635,9.187320406915614e-06,0.0005150157361219325,0.0006710140476076114
5611,0.0008719985090078337,2.1108565183072472e-06,0.9975471106834667,0.0015787799510071604
5612,5.045265410081191e-07,0.998826329483731,0.0008935325665751773,0.00027963342315291554
5613,0.9992812239647969,1.6592337738200195e-06,0.0002520428705752967,0.00046507393085406764
5614,0.038333836909964926,0.0009900585900909072,0.9593343194235289,0.0013417850764152466
5615,0.03848537157433605,0.0007857289741226317,0.9571204135171907,0.003608485934350361
5616,1.732632780148811e-12,0.9999989298211344,9.992200688951592e-08,9.702551260478052e-07
5617,0.00515441537049759,0.9838893099802409,0.001745082106764119,0.00921119254249743
5618,1.6839941560782928e-07,2.639221136253327e-07,0.9996944106837687,0.0003051569947019449
5619,0.04364976798757403,0.03746665463012916,0.8968739383646641,0.02200963901763252
5620,0.9779170518521073,0.00043735590556246275,0.0004494061443886825,0.021196186097941425
5621,0.03544268601709482,0.00014474490248501948,0.0027776893543303093,0.9616348797260897
5622,1.4516245361257006e-10,9.122773268797379e-11,0.9999930931942242,6.906569385491769e-06
5623,0.9326463135211631,0.01028841129991284,0.011029371849731667,0.04603590332919202
5624,0.00032148267500939256,1.789983496883924e-05,0.0027947947838728743,0.9968658227061491
5625,0.9849347936343609,0.001169220355803212,0.008653234760103705,0.005242751249731971
5626,0.0021313331431286474,0.9958190604189261,0.0004801920354501463,0.0015694144024949717
5627,0.001041075620889107,1.8652574735665147e-05,0.996893073362106,0.0020471984422693193
5628,1.2958680026021537e-07,7.886198224146806e-08,0.9996205889808392,0.0003792025703783513
5629,0.9311422658529686,0.0001912196978114428,0.037272734752775344,0.03139377969644439
5630,0.05455552047067224,0.012819326079448448,0.022436458983906477,0.910188694465973
5631,1.8235857165597403e-05,0.9932674790670193,0.005654919710399419,0.0010593653654158424
5632,5.398196261861902e-06,0.9965885888502133,0.003392456122934269,1.3556830590692438e-05
5633,0.0013927322256965344,0.00028551482790797444,0.9977436622853694,0.000578090661026231
5634,1.428616364993152e-06,0.9982903599928137,0.0015231013168376343,0.00018511007398372054
5635,9.031814866017681e-07,0.9985607320931402,0.001248367014008899,0.00018999771136429689
5636,0.002264904463891241,1.8377975654890893e-05,0.6011248090113241,0.39659190854912946
5637,5.118454586491762e-10,0.9999807491611041,9.272689086473083e-08,1.9157600159685227e-05
5638,1.0842062556063665e-07,0.9995170169446931,0.00046745852067005495,1.541611401114556e-05
5639,0.05262407956665593,0.0003971217057922453,8.996584663542957e-05,0.9468888328809166
5640,1.744630631908559e-05,0.0057282441756691255,0.9941035322067544,0.00015077731125753794
5641,4.590150931115516e-12,0.9999980826422822,4.5887451749876636e-07,1.458478610370908e-06
5642,0.046787514079045515,0.02512068024406741,0.8821331222216807,0.04595868345520657
5643,2.1465563762850245e-06,0.9658875432674069,0.03409486902537435,1.5441150842428185e-05
5644,4.54232799333038e-05,0.9891406502934365,0.009631882408232118,0.0011820440183980695
5645,0.9997210394805415,1.3888462624989339e-05,5.297640177959502e-05,0.00021209565505411897
5646,1.7090732378394209e-07,7.670117647422538e-08,8.765004644504052e-08,0.9999996647414532
5647,3.7795959901004795e-09,2.321811220302683e-09,0.9999403084504352,5.968544815743075e-05
5648,7.306694506508019e-07,3.51073644541158e-07,0.9993783878919248,0.0006205303649799857
5649,1.1585838259607541e-10,0.9999916752481445,3.7773837455328904e-07,7.94689762254295e-06
5650,3.482831249941285e-06,1.9552570255329544e-06,0.9981676201353881,0.001826941776336472
5651,4.171196677996929e-09,0.9999427247048758,2.1309496389789894e-05,3.596162753780182e-05
5652,2.7507901190422216e-05,0.9916218522570021,0.007509643467926682,0.0008409963738808116
5653,0.005808041748611618,3.9851250051135595e-05,0.00034940386549723077,0.9938027031358402
5654,0.002104056760513998,0.0440364922712644,0.9507012828203989,0.0031581681478225574
5655,2.20199754903041e-05,0.993789925113282,0.00600821945604663,0.00017983545518103613
5656,0.00026544959720688465,5.841730730768067e-05,0.00707344960864921,0.9926026834868366
5657,0.0017191255872709467,1.9060533175745525e-05,0.00035705542771153416,0.9979047584518418
5658,6.495124225055801e-07,0.998812413186558,0.0011731013450973497,1.3835955922209972e-05
5659,0.00011894736419676563,0.9832247266115446,0.01628568585887197,0.0003706401653866607
5660,0.9900108526016521,0.00023999636927735495,0.00010489802961334807,0.009644252999457207
5661,0.052335826706244086,1.5978660411995654e-05,0.003131208005593892,0.9445169866277503
5662,0.9991934637479701,3.672469646161299e-06,0.0002640964398108684,0.0005387673425730433
5663,1.199124843840649e-06,2.560460680501088e-06,0.9992468613246561,0.0007493790898194306
5664,0.003313778590219849,7.63944982342922e-05,0.00027243054059691504,0.9963373963709489
5665,0.007328707589196678,0.9697760542615943,0.020668992178628155,0.0022262459705808804
5666,0.9357554547857787,0.005432529581409707,0.011544256758461631,0.047267758874350044
5667,0.05520580061444205,0.008689527472779577,0.020416252693351365,0.915688419219427
5668,1.9151070431197377e-05,1.2356564486520647e-05,0.9966960046817205,0.0032724876833617727
5669,1.3775581322546687e-05,0.9347920759135264,0.06453015801731256,0.0006639904878384273
5670,3.081170204636532e-09,2.369445798710882e-09,0.9999422687055449,5.772584383901364e-05
5671,0.9526194092922277,0.0001719625289294297,0.0002887634227080654,0.04691986475613454
5672,0.9910961905923664,0.0012440905481779687,0.005619658733927769,0.002040060125527949
5673,0.9346686325432011,0.005772491562427733,0.012083634191925595,0.047475241702445735
5674,3.436843228857e-07,7.435384896116787e-07,0.9999374111032644,6.150167392296044e-05
5675,7.497932390701859e-10,0.999959547526764,3.973642474904961e-05,7.152986937891183e-07
5676,0.004664627266642292,0.005652119702270717,0.9559954430882784,0.03368780994280857
5677,1.1242562201766765e-08,0.9998869373831882,2.1936626007874867e-06,0.00011085771164862755
5678,1.4538994903236054e-06,7.966804745933428e-07,7.06572339062121e-07,0.9999970428476961
5679,0.9965492986772433,5.9213443170323956e-05,0.0009335289062244128,0.0024579589733621085
5680,7.12207839945368e-07,0.9987545746075707,0.0010060567541184079,0.0002386564304709495
5681,0.0520883029689007,0.000110684139837593,0.005267123855273717,0.9425338890359881
5682,1.8477562006676255e-08,1.0267329929269685e-08,0.9999461248540618,5.384640104636426e-05
5683,5.982125124619757e-07,3.49358808995917e-07,0.9993276317948934,0.0006714206337851771
5684,1.2399628809109893e-08,0.9999127562300589,5.598946716047543e-06,8.163242359630436e-05
5685,3.782804530528337e-08,7.58877642731217e-08,0.9999232917812204,7.659450296994002e-05
5686,1.2925110762647741e-07,0.9995317938902976,0.00034811227279711105,0.00011996458579779849
5687,0.9573211321771313,0.005682746762330033,0.034327321587077665,0.002668799473460864
5688,4.370627069774159e-10,0.9999663606982706,2.6549898281155327e-05,7.088966385510574e-06
5689,0.997049332564839,0.00024091928367867173,0.00025515592209342345,0.0024545922293891438
5690,0.9614778548247243,0.00011643937863160957,0.00024096525636107383,0.038164740540283085
5691,0.9887492763147274,0.00015515685241523873,0.007001422982222724,0.004094143850634673
5692,3.766062312805112e-11,0.9999910566529627,5.385869502401486e-06,3.55743987447008e-06
5693,0.0006682570528288541,0.000859444815328804,3.4066057825916136e-05,0.9984382320740163
5694,2.390573721903684e-07,1.4150855903173638e-07,0.999498324834367,0.0005012945997017862
5695,0.026095248060587953,0.0002685540343159763,0.31024930154085806,0.6633868963642381
5696,0.004690471385611196,0.9846497694167171,0.0009487454161826462,0.009711013781488694
5697,4.6831916810995054e-07,0.9996832435895194,0.0002649016411928835,5.138645011963974e-05
5698,1.714944282496877e-05,0.934526930901873,0.06453211002899174,0.000923809626310252
5699,0.055097254642403296,0.010240964375289003,0.021265896380433205,0.9133958846018746
5700,0.002429140252916838,0.00066059028617035,3.071828443469593e-05,0.9968795511764782
5701,0.9976698776134493,3.7820009009267466e-06,0.0008315282716050516,0.0014948121140449285
5702,6.292999422605635e-08,4.104083362197351e-08,0.999927053965774,7.284206339802472e-05
5703,0.0008721196220531437,1.2454995718508579e-05,0.05999618101225727,0.9391192443699712
5704,6.066489644142863e-08,0.9996346524304915,0.00034900997810656396,1.6276926505579815e-05
5705,0.04778280911994409,0.0037892907703543817,0.007076268271802104,0.9413516318378993
5706,0.0013196884896570314,0.004299646225433032,0.9919933699965424,0.0023872952883674517
5707,0.9942004205481805,5.570533912493352e-05,0.000831919822391967,0.004911954290302646
5708,0.0414701555050448,0.009235573741217484,0.017741295327151747,0.9315529754265858
5709,2.6417442272566976e-05,0.006257466163608951,0.9936302833463772,8.583304774121847e-05
5710,4.6764477917120514e-08,0.9997292189975174,0.00014217441537607342,0.0001285598226287018
5711,0.04028041577224077,0.006946489480608992,0.9268721544704684,0.02590094027668175
5712,0.0019199432937158502,6.145066599243905e-06,0.0006744338054545274,0.9973994778342304
5713,0.013286724578038065,0.00016600042420853275,5.42471363421814e-05,0.9864930278614111
5714,4.6588358051489653e-11,0.9999966131702859,8.591605688034123e-08,3.300867068906243e-06
5715,0.0029955549273638173,7.201357299610129e-07,0.996573633177749,0.0004300917591570335
5716,0.001959719519630659,0.00014632309904332458,0.0012696334111709175,0.9966243239701551
5717,0.0016554255837039537,9.99057565680281e-06,0.0015600723847081699,0.9967745114559312
5718,2.147691537970382e-08,0.9997816965582793,0.00020877283811070646,9.509126694522459e-06
5719,0.05522769409856645,0.00950517333037957,0.020869125391168215,0.9143980071798858
5720,2.3925577258952777e-10,0.9999828086226534,6.598683043978802e-06,1.0592455046622282e-05
5721,5.858229979938383e-09,0.9999385581208329,2.254473315749323e-06,5.91815476211275e-05
5722,0.0009029108187028203,0.004296409365832847,0.057604496690120646,0.9371961831253439
5723,0.0003033299134113542,0.0001008564391218821,0.013643492881366218,0.9859523207661004
5724,0.9791057520083271,0.00023919646719045573,0.006105802805627348,0.014549248718855202
5725,0.004865472392773063,0.0014575204350374964,0.9888023399739023,0.004874667198287002
5726,0.053173458421144584,0.003383480116031649,0.008954976865048227,0.9344880845977759
5727,3.862035134537471e-06,0.9968721916041674,0.0027649250392870316,0.00035902132141120045
5728,0.997898705291837,1.1629118897796955e-06,0.0010469269445399021,0.0010532048517333454
5729,7.030431055751187e-07,0.9987131061767963,0.0008966526450684226,0.00038953813502966495
5730,0.052617771712168575,0.0002979299025435813,0.00010486324321128252,0.9469794351420765
5731,0.9687680658252175,0.0007368437188518119,0.0003759241118764451,0.030119166344054194
5732,0.004422786271834076,1.2501640169958237e-05,0.0010841626905071405,0.9944805493974885
5733,8.762813079267665e-06,0.9960723543562587,0.003803315437061637,0.0001155673936002583
5734,0.011251655231148289,0.9322052295405415,0.04373236987730115,0.012810745351009152
5735,1.7387385856019922e-07,0.9995983493681501,2.4735381669833182e-05,0.0003767413763215474
5736,2.2409001573651597e-08,0.9998715950053195,2.6088809367201283e-05,0.00010229377631171209
5737,5.814716192019378e-07,0.9992762130755765,8.602689655835241e-05,0.0006371785562461018
5738,0.011760315185216783,0.002836873131377144,0.059831454564017165,0.9255713571193891
5739,6.651540233042671e-06,3.984910708573653e-06,0.997299263836509,0.0026900997125493356
5740,1.552930954457987e-08,0.9998494469985103,5.8020781254736384e-05,9.251669092546743e-05
5741,0.023245768936342052,0.004010236254784176,0.01981389841836995,0.9529300963905037
5742,1.7522763855933378e-06,0.9607859085370362,0.03916332754790252,4.901163867567377e-05
5743,3.172335440683278e-08,1.6500540439942605e-08,0.9999236056157209,7.634616038425845e-05
5744,0.0001346751740472347,0.9837413638362345,0.016090769569455043,3.319142026330378e-05
5745,2.453390808616527e-08,4.8690614605454054e-08,0.9999513531572577,4.8573618219583684e-05
5746,1.3929078161551097e-06,7.513703326161023e-07,7.002365123752721e-07,0.9999971554853389
5747,1.9736236959565896e-06,0.9980540969507761,0.0018676560037496652,7.627342177856538e-05
5748,0.0016934552577116753,0.0008991388311094741,0.9834662025381407,0.013941203373038193
5749,0.0062755020980225455,3.210280751390474e-05,0.05910148120392225,0.9345909138905412
5750,0.005960884627314576,0.0026626189806364833,3.1905288844556204e-05,0.9913445911032045
5751,0.0029451272237480505,0.996118470499698,0.0008735519611502954,6.285031540356622e-05
5752,0.00045391831045764374,0.9609318339399231,0.03787750502936007,0.0007367427202591775
5753,5.272555579244628e-06,0.996558435616162,0.0033620888299924338,7.42029982663312e-05
5754,1.4792553849619881e-10,3.2453698037095353e-10,0.9999934680199088,6.531507628661275e-06
5755,0.0016085708638151218,1.136141892674959e-05,0.9523810760423224,0.04599899167493574
5756,0.9526658832914352,0.00017477182939268991,0.00020054515224561835,0.046958799726926626
5757,2.9825769396653e-06,0.9982632859299835,0.0004570241931095962,0.0012767072999673706
5758,0.017349648050820884,0.004883037468515938,0.01237568841896422,0.9653916260616989
5759,0.00015485515902755886,0.9813052824641764,0.018432580369268738,0.00010728200752724561
5760,0.0032609845703551756,7.532047531961046e-05,0.9270371455416491,0.06962654941267628
5761,0.9987454560493272,3.5217817661520856e-06,0.0002309459570006819,0.0010200762119059108
5762,6.2706451727181695e-09,0.9999461249694779,3.460114320149105e-06,5.0408645556960626e-05
5763,0.0012930088589617487,0.9401150737686933,0.056314437675754114,0.0022774796965907315
5764,0.00030026369416822046,0.07360432216418146,0.9242163257951455,0.0018790883465047636
5765,0.9987758228777203,5.123270827907441e-06,7.996498559255995e-05,0.0011390888658593433
5766,6.794150567578976e-08,4.258812640637963e-08,0.999725249102751,0.00027464036761685285
5767,2.404557068919633e-07,5.078643651708578e-07,0.9999914085565312,7.843123396744409e-06
5768,0.05258457274444805,0.0007654337566861205,0.0003788513692657,0.9462711421296002
5769,6.583438113924875e-09,0.9999334147435716,1.1300699246302516e-05,5.527797374410051e-05
5770,0.003260727000325329,0.9881023619728468,0.0015756540546586813,0.007061256972169129
5771,0.008706179594508204,7.566968755055032e-05,0.01206622156487524,0.9791519291530661
5772,0.052316042984312625,0.00014236058620951603,0.0030357355370747457,0.9445058608924033
5773,0.9525184886043896,2.4725884828317476e-05,0.0004769237282132657,0.046979861782568785
5774,0.9597549022598614,0.0004212397322700638,0.003201467367739029,0.03662239064012942
5775,2.7893649340312296e-07,1.5226580028945925e-07,3.022159606483074e-07,0.9999992665817456
5776,0.0001897362450774199,0.980941556794237,0.017287751538767767,0.0015809554219178908
5777,0.00028169330168240184,0.9288546480601921,0.06338355621668035,0.007480102421444978
5778,1.7732699963005345e-07,0.9996164179852755,1.1176349830650784e-05,0.0003722283378943974
5779,0.9472143858957659,0.00013108613202001966,0.03509164522786792,0.017562882744346205
5780,1.3076708042464014e-07,1.8230228747069967e-07,0.9997484798356913,0.00025120709494075825
5781,0.02850469126848283,0.0075938459412725175,0.9228940593344409,0.04100740345580375
5782,0.9304030061022137,0.0008603165751874105,0.037241067794654345,0.03149560952794461
5783,0.01804307183391806,0.0016873361182177255,0.0026704108120417067,0.9775991812358227
5784,3.3473126633517117e-07,7.148432976499118e-07,0.9998597977265056,0.000139152698930528
5785,6.95459831008158e-06,0.9960250351674123,0.0038738204346178587,9.418979965960449e-05
5786,0.000777064002654765,0.0078449322098466,0.990127864977699,0.0012501388097996824
5787,0.005731020201700384,0.000202353305289949,0.9892775903423764,0.004789036150633288
5788,1.5886206883208227e-05,0.9933283035580702,0.005246106096312169,0.0014097041387343885
5789,2.136704375920621e-06,0.9975599984126048,0.0017280290336578919,0.0007098358493613335
5790,0.040821455008539405,0.00047053598867042315,0.9303617160728753,0.028346292929915095
5791,0.0506256073492927,0.001191012522539576,0.004597340867230204,0.9435860392609376
5792,0.022622418390946576,0.0018918986149781773,0.0014902451970707704,0.9739954377970045
5793,0.010268940285064072,0.00013854872436750186,0.0022893698258470902,0.9873031411647213
5794,1.1065138700068988e-05,0.9950980635867318,0.004638144071829686,0.00025272720273848855
5795,0.0029581925441098276,0.9906452856851476,0.004572107289968296,0.0018244144807743692
5796,1.025209736561593e-08,0.9998987999702328,1.6587882958161822e-06,9.953098937395401e-05
5797,0.016417979021977575,0.009330955779286892,0.9389430178662659,0.03530804733246979
5798,1.4598107018257039e-07,1.0126103725032979e-07,0.9997903658698251,0.00020938688806740145
5799,5.593195553190255e-11,0.9999886608182338,7.25567408650185e-06,4.083451747875113e-06
5800,0.01293543703091087,0.0001253743299515809,0.05815721807456331,0.9287819705645741
5801,1.137213874054489e-06,0.998302289539889,0.001419690879456606,0.0002768823667800398
5802,0.005230444751682547,1.5249491782080054e-05,0.9711145034104754,0.02363980234605973
5803,0.05266743465973443,0.0004260191733246772,0.0001869461382303835,0.9467196000287105
5804,0.0014234254163172984,0.9915734825688342,0.003866584971443163,0.0031365070434050354
5805,1.1568054648798695e-06,5.680102428032709e-07,1.1692522208704734e-06,0.9999971059320715
5806,0.013985179363602076,0.00848462486642321,0.016610738743262188,0.9609194570267127
5807,0.9456014961697614,8.632657004723373e-05,0.010669140313328943,0.04364303694686254
5808,0.05465883478964302,0.010674382125884802,0.019473050682934766,0.9151937324015372
5809,0.02947241128651505,0.0002834022989109915,0.07112547872161375,0.8991187076929605
5810,3.0280471512457298e-05,0.9624325803058675,0.035084109564882504,0.0024530296577373535
5811,5.908855111606561e-11,0.9999888589385242,1.0500370803456017e-05,6.406315837649828e-07
5812,4.365145005071133e-11,0.99999003827183,7.043698351806299e-06,2.9179861667177523e-06
5813,0.0002940265148289502,0.9314446073192731,0.06404483565476585,0.004216530511132096
5814,0.9991127247885173,1.3903108525860384e-06,0.0006576466233983552,0.00022823827723168638
5815,1.568099076787617e-08,1.1320336303686738e-08,0.9998974974094509,0.0001024755892219488
5816,1.5281001747934448e-07,0.9994217901656357,0.0005585418019939921,1.95152223527082e-05
5817,0.04370756074191227,0.0010852517100955706,0.06038048563929184,0.8948267019087006
5818,4.748946971526025e-10,0.9999680525680701,3.15956527778319e-05,3.513042572090952e-07
5819,0.9479833948547627,0.0016610460924358587,0.03338293625627949,0.016972622796522077
5820,0.9604934054790832,0.0001009089084440335,0.00023577601258205949,0.03916990959989061
5821,0.0008994659450002686,6.351569685806224e-06,0.00032972240467356935,0.9987644600806401
5822,0.05264520550637844,0.0007410471474592682,0.0008019102968321334,0.94581183704933
5823,5.542341209847407e-09,0.9999382301440122,5.235713079992908e-06,5.6528600566629425e-05
5824,1.9737047936493013e-06,1.4972952705232718e-06,0.9985529212403373,0.0014436077595984323
5825,1.2842780280764375e-08,1.4317241240633252e-08,0.9999227989454902,7.717389448842815e-05
5826,6.423637788355031e-08,0.999678862572036,0.00031835725755870365,2.715934027513578e-06
5827,0.03816950508559686,0.0038934425974010683,0.014657962255046387,0.9432790900619553
5828,0.03957386447261773,0.0002653567855150638,0.011858611011856934,0.9483021677300105
5829,0.05472582543488471,0.0028568123187391855,0.017555533801135937,0.92486182844524
5830,0.002023253297355014,7.045615600762708e-05,0.0021014503139584755,0.995804840232679
5831,1.3043860241473956e-09,0.9999595947049918,1.4594252270216841e-05,2.580973835200592e-05
5832,0.0006072070611992372,0.0009870734801715115,0.0007375755435881442,0.9976681439150412
5833,0.0027339182820848972,2.7595713529771535e-05,0.00022654297821422215,0.9970119430261709
5834,6.227481418714361e-09,0.9999270896182747,1.3647581812104479e-05,5.9256572431729435e-05
5835,1.6328403205896002e-09,1.5156942848671229e-09,0.9999610451522073,3.8951699258138995e-05
5836,1.3932129333618125e-06,8.265783514147012e-07,1.5726645855873773e-06,0.9999962075441298
5837,0.0005332740028808565,1.4558378940920406e-05,0.9657339771713775,0.033718190446800564
5838,4.3327631742412765e-10,0.9999832951539641,1.535636845784608e-06,1.5168775913886916e-05
5839,0.9473545153897891,0.0008707580977271501,0.004884082291111578,0.04689064422137218
5840,2.2224841535665753e-07,0.9995362403568534,4.681422020823181e-05,0.0004167231745230132
5841,0.052622346572782926,0.00042416305035562025,0.00020834309596891407,0.9467451472808927
5842,1.4131322376211102e-08,0.999861352412883,5.5359814553618996e-05,8.327364124109133e-05
5843,0.024640461628626494,0.0013655856769217375,0.9095163201397455,0.0644776325547064
5844,4.7725311277158685e-08,9.01730907965826e-08,0.9997906186310366,0.00020924347056148086
5845,1.3754956509996971e-08,2.974339454353058e-08,0.9999286513876597,7.130511398922505e-05
5846,1.9271642312951794e-05,0.993514975595908,0.006276648080277022,0.0001891046815020911
5847,3.861218304644092e-06,0.9972711959589374,0.0015875472206057744,0.0011373956021520754
5848,1.3772947769961028e-09,2.9438005558255066e-09,0.999973588725833,2.6406953071600824e-05
5849,1.0273374147685603e-05,6.23416632281758e-06,0.9965494979365579,0.00343399452297148
5850,0.0309202490651906,0.002429889168047774,0.0018726484732142145,0.9647772132935472
5851,0.00012201495267173665,0.6344817957646466,0.360837544130896,0.0045586451517856405
5852,0.9494136686106428,0.0011924053051233546,0.0025638028431113915,0.0468301232411226
5853,0.004105328735636959,7.891898711252606e-05,0.013848167765019771,0.9819675845122304
5854,2.523512135268888e-07,0.9992359662646976,0.0006529239315624043,0.00011085745252653786
5855,4.249992192005119e-07,0.9994496530476052,1.6346030203000273e-06,0.0005482873501553311
5856,0.24595918507649076,2.479968192251127e-05,0.00017346792672583736,0.7538425473148606
5857,8.462805490821466e-06,0.9969109922126282,0.0019525058803703046,0.0011280391015106017
5858,1.9455009640092989e-10,0.9999792620731087,1.8620681857374817e-05,2.1170504838541235e-06
5859,2.00097447964335e-10,0.9999862858416153,8.775372755792427e-08,1.3626204559828631e-05
5860,0.00021741347362126361,0.00013318778255750694,0.009776712435279018,0.9898726863085423
5861,0.9779261156648942,0.00013108820725798206,0.015100311182501323,0.006842484945346692
5862,2.1704413374108932e-10,0.9999869802377449,1.793705895532253e-06,1.1225839315520058e-05
5863,0.9968341809178782,1.3842882131092087e-05,0.0008159198596226226,0.0023360563403679035
5864,0.03785850540867784,0.0016943147638573905,0.9581640952960719,0.0022830845313929413
5865,1.4201733600028326e-10,0.9999829287938142,9.908265445482464e-06,7.162798722733932e-06
5866,0.05273636744942727,0.006991542209801076,0.006277928068047363,0.9339941622727242
5867,1.8013801709350588e-07,0.9993182064222988,0.0005814201383803869,0.00010019330130374722
5868,0.00925862936282268,0.0002620897046892272,0.9881791562858356,0.0023001246466523525
5869,8.969577942894509e-06,0.9435809700567006,0.056218851242609266,0.00019120912274702025
5870,0.00044481930769020757,0.9686020390353739,0.03073438737332344,0.00021875428361247697
5871,5.9602216497872164e-05,0.9564976530943866,0.04305263625780078,0.000390108431314958
5872,0.011135067025488428,0.0011221825600106964,0.0001730785984381183,0.9875696718160627
5873,0.0254142791181782,0.004164277492290894,0.053673874572300585,0.9167475688172301
5874,0.004327892471269831,1.8344995034923485e-05,0.0005444786277124741,0.9951092839059831
5875,4.632610108659397e-07,0.9996673037954869,0.0001624076758452167,0.00016982526765707749
5876,1.150022701309882e-08,0.9998336318942701,9.06176182527553e-05,7.573898725020764e-05
5877,0.052618045913110395,0.00013037252951812237,0.0001588007739152234,0.9470927807834562
5878,0.002028609016124591,6.573864392723246e-05,0.0070637173479732,0.9908419349919748
5879,1.0644673074041243e-06,5.967946016626341e-07,1.1678368712232295e-06,0.9999971709012196
5880,0.9959843891570492,0.0009698547766140676,0.00021642313643372072,0.0028293329299030694
5881,0.038585374771838064,0.00018476654193006774,0.9485295312827309,0.012700327403501285
5882,0.05256066243369754,0.0025451803291342504,0.0005983400475971784,0.9442958171895711
5883,2.2924134686420727e-07,0.9992626705352211,0.0006641361357367433,7.296408769532548e-05
5884,6.658392865938598e-07,3.0241369766559567e-07,6.079876901933344e-07,0.9999984237593256
5885,0.05517999439654564,0.0003611812605115319,0.03543410785324553,0.9090247164896974
5886,2.8468437137582114e-06,0.997380241056466,0.0016350697816661598,0.0009818423181539898
5887,2.6442668798965747e-06,0.9975860965490291,0.002355893252791204,5.536593129968918e-05
5888,0.9783996102923128,0.0009703583929113485,0.0035147507430655514,0.01711528057170995
5889,0.00027535323655155134,0.9728232563476213,0.02435661320220017,0.002544777213626896
5890,0.9471683655239198,0.0018578221460986975,0.004177981787036817,0.04679583054294472
5891,4.595507409451311e-08,2.5240117344935368e-08,0.9998888650331272,0.00011106377168127292
5892,3.46458556798846e-06,6.5089447600993445e-06,0.9982354183099396,0.0017546081597323584
5893,0.9940945902335313,1.2035038222150387e-05,0.0005223172229357824,0.0053710575053107406
5894,4.1824608231411896e-05,0.9915724346977305,0.008201006597948195,0.00018473409609003272
5895,0.002507316308573138,0.00023001511915507735,0.0049451546298348295,0.9923175139424371
5896,0.9525980104443421,0.00025195522700983817,0.0001870865819710733,0.04696294774667692
5897,0.9901819740352809,0.0007674354613468264,0.0004719222657248946,0.008578668237647503
5898,6.132022414790924e-07,3.839089135779317e-07,0.9991679423865222,0.0008310605023229306
5899,8.70824210114187e-06,0.9579162625937694,0.04121391756719661,0.0008611115969327152
5900,0.05459529153130857,0.012735263888848958,0.021820363468636483,0.910849081111206
5901,0.04004029418038441,0.06119365208711214,0.8438489161820716,0.0549171375504319
5902,0.013939683402405279,1.7729123451468814e-05,0.9834023031742615,0.002640284299881801
5903,5.8142415130450726e-08,0.9996379226136977,0.0003515898259047706,1.0429417982573008e-05
5904,5.193420398687334e-07,9.785917454510682e-07,0.9997125347986254,0.0002859672675892462
5905,0.0011978468560810112,6.283341199024669e-05,0.05992187788689936,0.938817441845029
5906,2.3095259547888465e-11,0.999995357195316,1.9267191276751858e-06,2.7160624611519884e-06
5907,1.6444216730722064e-06,8.465842660946279e-07,0.9999512664266074,4.624256745344941e-05
5908,0.9424637986960741,0.0001839977919221972,0.03534405295465971,0.022008150557343755
5909,3.8158662511736255e-08,2.3777546542188824e-08,0.9998443056020729,0.00015563246171785674
5910,1.2288900383017866e-11,0.9999970984170703,9.815226712918411e-08,2.8034183736395147e-06
5911,8.380570616394978e-06,3.591363224392106e-06,0.997718111870544,0.002269916195615095
5912,0.042698971717666664,0.0012078049481485417,0.0010421604424684563,0.9550510628917163
5913,0.05250842766709883,0.001488821705421005,0.0005367864966962783,0.9454659641307839
5914,1.1664545435259105e-07,7.172248673828759e-08,0.9999005727284747,9.923890358411128e-05
5915,0.9882143732470762,0.0014486544076471974,0.005816067191180676,0.00452090515409612
5916,7.809200372824368e-05,0.9867265870399571,0.013125331121544459,6.99898347702907e-05
5917,0.009085712904436492,0.00011266752536750408,0.056973381199908184,0.933828238370288
5918,0.9415356142806132,7.05123760592178e-05,0.011450962158487904,0.04694291118483969
5919,0.9652620363486378,0.0010973571891996292,0.001395839231769153,0.032244767230393365
5920,0.006955141095184896,0.00010370833525327876,0.0004550508667741785,0.9924860997027874
5921,1.3350919157341767e-05,0.9352459860882643,0.06461540050494338,0.00012526248763533221
5922,0.9511746134978953,0.000939925896226047,0.0010293956228237893,0.04685606498305458
5923,1.8629184420949058e-06,1.0790482567657117e-06,0.998663326786244,0.0013337312470569883
5924,3.011513463898253e-10,0.9999919453844281,1.277752331192443e-07,7.926539187225289e-06
5925,0.053260065252176254,0.007724662702733985,0.009788096582916609,0.9292271754621731
5926,1.167926777841049e-05,0.0013488719898240634,0.9983101960343199,0.00032925270807761356
5927,0.052601935945447854,0.00018709668305323963,2.3727779441686004e-05,0.9471872395920571
5928,3.9284544871923593e-07,0.999017034678688,0.0008970412078874852,8.553126797586606e-05
5929,0.9870774650404641,0.0010596189274224416,0.003610562576679977,0.008252353455433372
5930,0.0005603837174253079,0.8330941960078425,0.16582464297117386,0.0005207773035585094
5931,2.8973117949800046e-09,0.9999167006958624,6.794888902930317e-05,1.5347517796677033e-05
5932,1.0629676164791748e-08,4.713013371424884e-09,9.667287656176524e-09,0.9999999749900228
5933,0.00427267269450752,0.0013064161770436286,2.4674693771474366e-05,0.9943962364346776
5934,0.9730991922950034,0.00030641975595417105,0.011082012344278944,0.01551237560476373
5935,6.067284973349989e-05,0.9000272753833897,0.09967301735960014,0.00023903440727681777
5936,2.3857788361917572e-06,0.997766900450466,0.0021943089111570047,3.6404859540572655e-05
5937,0.9957931087855887,3.521557141627039e-05,0.0029723737484554304,0.0011993018945396102
5938,0.052908109387582954,0.009726047998554855,0.009140736803694923,0.9282251058101674
5939,1.4891807224645736e-08,0.9998111133006778,0.00017617264253818747,1.2699164976837655e-05
5940,0.9971624446175099,0.00022195359169299275,0.0018343610587548676,0.0007812407320422641
5941,0.05377995219527769,0.01068019838568178,0.015685764790340583,0.9198540846286998
5942,0.9998645892944859,3.5885696220372923e-06,5.051397590925699e-05,8.13081599828579e-05
5943,1.0481101013367686e-05,0.9953465070768542,0.004635762799613026,7.249022519341012e-06
5944,0.0028054270559503304,0.8550546982465156,0.13174418956286485,0.010395685134669114
5945,0.9972721523492137,3.4215345861535087e-06,0.002239815842426633,0.00048461027377334027
5946,9.172413213233161e-05,0.985570962720974,0.014204113091593347,0.00013320005530026416
5947,0.00026560113017279027,0.9773493991803204,0.022306746997048273,7.82526924586603e-05
5948,0.9524925285630235,0.00010944539233519201,0.0004188810374427253,0.04697914500719839
5949,0.997524834522748,0.00030411024181363304,0.00027907664333963445,0.0018919785920986554
5950,0.9779250975083238,0.002962077637171516,0.0031090351025828506,0.01600378975192202
5951,2.5855284570468928e-08,1.339700758078811e-08,0.999914728151678,8.523259602986754e-05
5952,0.05403938727455844,0.0032978963190869845,0.014507589190801452,0.9281551272155533
5953,4.1002801179470654e-07,0.9991017464154036,0.0001803713776646146,0.0007174721789197465
5954,0.053412823171959396,0.0029393175756095573,0.01101844272927599,0.9326294165231551
5955,1.702806044748353e-07,3.613140563244988e-07,0.9997879602957936,0.00021150810954549676
5956,0.026185075371273167,0.000335204321441256,0.003733958591731965,0.9697457617155537
5957,0.9961846558483797,1.6334390805860725e-05,2.976026575039894e-05,0.0037692494950641556
5958,0.028674488021604962,0.0004107841693984266,0.06096184966662574,0.9099528781423707
5959,0.003155008682701154,3.716033005327446e-05,0.9085092610620297,0.08829856992521604
5960,0.05087827058780635,0.008686177339067751,0.01664911869564617,0.9237864333774798
5961,0.004810302854316269,0.00023447629943659283,0.027187692727878614,0.9677675281183686
5962,7.173652199800344e-09,0.9998684856498666,0.00011918839092895133,1.2318785552203084e-05
5963,0.0001225483844182802,0.9845600046060634,0.01509888977350802,0.0002185572360103177
5964,0.9674904773512644,0.00016579461812787365,0.004778119228636673,0.027565608801970842
5965,4.07152526253683e-08,0.999701955876628,0.00027990818043940635,1.809522767997438e-05
5966,1.046793934335017e-12,0.9999991130187378,1.2424887282694196e-07,7.627313428222711e-07
5967,0.05076752346836029,0.002937733428451757,0.01011146222918573,0.9361832808740022
5968,0.0018982330154378297,0.0016508248350122676,0.9757226732718349,0.020728268877715048
5969,0.008016898892332798,0.00013381946585344523,0.0007581351242049074,0.9910911465176089
5970,0.9522278282156869,0.00019867815027036002,0.0006221089238380068,0.04695138471020479
5971,0.9873641004888984,4.286182731634315e-05,0.010276198060788664,0.0023168396229965014
5972,3.033572473837415e-13,0.9999994983138388,9.983523502491167e-08,4.018506228079404e-07
5973,2.6059875517439448e-06,0.9974554645108866,0.0023104299024546628,0.00023149959910705574
5974,0.0053629182551436965,6.627434359309939e-06,0.0008125412559940502,0.9938179130545028
5975,0.018184641851645967,0.0006666611392835332,0.9048325565769227,0.0763161404321481
5976,0.002567202500553544,1.706716971854384e-05,0.003261696951225595,0.9941540333785023
5977,1.3772338791232918e-07,8.555296719673525e-08,0.9996517793649419,0.00034799735870293206
5978,0.0540883247404454,0.0033547835956670054,0.014517209656147804,0.92803968200774
5979,0.005631967371702651,0.0067052620067317836,0.05953994765471628,0.9281228229668496
5980,0.042723832259158274,0.008783334284648059,0.03101408210497253,0.9174787513512211
5981,0.9771265295706847,0.004421414989893107,0.011877635247137676,0.006574420192284488
5982,0.006226895791434356,1.2612986465917392e-05,0.9908733441024246,0.002887147119675213
5983,4.3940327355094897e-07,0.9990114348086843,0.0009621172141692314,2.6008573873088385e-05
5984,5.983523177273821e-07,0.9988118234140902,0.0011217715389180483,6.580669467403435e-05
5985,1.089966775218199e-06,0.9994551183075402,0.00010535309167257745,0.000438438634012123
5986,1.358702998285992e-05,0.9941472115636824,0.005087317217365066,0.0007518841889697184
5987,5.251962870437612e-07,0.9988080432604938,0.0009638633840028178,0.00022756815921647696
5988,2.295682280983673e-07,1.7078948147335968e-07,0.9995113017359041,0.000488297906386325
5989,0.9524155030710182,0.0001894292002258413,0.0004929502883485531,0.04690211744040709
5990,0.9933199290489403,1.6585482698759965e-05,0.006486862978317007,0.00017662249004397185
5991,1.5951580961669235e-05,0.9349712442129824,0.06463634174366555,0.000376462462390372
5992,2.639825636147012e-07,0.9994657788928704,7.57870707693258e-05,0.00045817005379677464
5993,0.00015894835254851727,0.008904390963813626,0.9904239234376256,0.0005127372460121504
5994,0.22562760666371073,0.009941649578042994,0.11024546488371982,0.6541852788745266
5995,0.9950331621780503,1.4936148423217041e-05,0.0046127450400248425,0.0003391566335018088
5996,0.02309293107661312,0.00011076377788260635,0.004929824713180022,0.9718664804323244
5997,0.9525275693434705,1.983354208080322e-05,0.0005306227657252382,0.04692197434872339
5998,0.00426932986346464,0.9942702006280213,0.0013852509678675062,7.521854064642898e-05
5999,2.294380791381972e-05,0.9936189415627401,0.006200085738430435,0.0001580288909156003
6000,0.05517145515689806,0.00987248175513726,0.02101420395433717,0.9139418591336275
6001,3.106120040729047e-08,2.719627909388289e-08,0.9998301309588677,0.00016981078365281202
6002,0.9925164515411616,2.3136083240970483e-05,0.00022436914638139228,0.007236043229216006
6003,0.9994445801602094,2.0537066107709744e-06,0.00011017957718677054,0.00044318655599311226
6004,0.053578815993365635,0.0016578011865319333,0.01147059464738672,0.9332927881727159
6005,0.8733207460369562,6.337381807987909e-05,0.001234686566129879,0.12538119357883393
6006,0.05487504165661264,0.010816295831591959,0.02286670791328237,0.9114419545985128
6007,9.00416463010934e-06,0.9351587844488,0.06465738230942172,0.00017482907714823825
6008,1.9315111782017108e-05,0.9939253211599272,0.003238643516559053,0.002816720211731918
6009,1.3663449619008516e-05,0.9945543294780398,0.005352030794681301,7.997627765991841e-05
6010,0.9907229268463915,0.00012348559995014702,0.008410606328473128,0.0007429812251850122
6011,1.1170021787113535e-09,0.9999532204195573,2.5777599984198474e-05,2.1000863456378848e-05
6012,4.714349332338623e-10,0.9999857748471086,1.7102515099954678e-06,1.2514429946503615e-05
6013,0.9962158845052161,0.00012020718659320934,0.00021724489389610545,0.0034466634142944364
6014,0.00016803158442175057,0.0006428173462800757,0.9848785379378583,0.014310613131439906
6015,3.9681397270111815e-05,0.9906176660393644,0.009325338329415836,1.731423394956231e-05
6016,0.003160189773267585,8.128332366314281e-05,0.0011012042834774398,0.9956573226195917
6017,1.3318047637714337e-05,0.9946778875516842,0.0052888481877696285,1.994621290834119e-05
6018,0.0066712851810001965,2.6332228586660964e-05,0.9821450615795512,0.011157321010861794
6019,4.271895345901283e-06,2.5601323208015636e-06,0.9978341117046067,0.0021590562677265093
6020,0.0017104738466640261,2.9656797897087274e-05,0.5806454181064178,0.41761445124902113
6021,6.124572770320393e-06,0.9396128937476887,0.06035782921344862,2.315246609232639e-05
6022,3.400209672231242e-05,0.003842581736824273,0.9947292747495747,0.0013941414168784337
6023,0.055050314191644585,0.009539690167923809,0.02036188227526754,0.9150481133651641
6024,6.001346719964621e-10,8.321752696890306e-10,0.999976043341469,2.395522622111776e-05
6025,0.9927891434781703,0.00010044457573868951,7.477521020516892e-05,0.00703563673588601
6026,0.0038962033043577287,0.0003158569471287599,0.03866977057023059,0.9571181691782831
6027,0.05261142341340487,0.001934814016769347,0.001966379219400032,0.9434873833504258
6028,6.415639745278525e-07,0.9989667714736269,0.0010026139568115387,2.9973005587029604e-05
6029,0.008840886417478289,0.06865103766074793,0.8767380009983164,0.04577007492345732
6030,5.119231718134442e-07,2.8068280478501823e-07,0.9994878557326325,0.0005113516613907794
6031,0.00011945538064173948,0.3361079324202535,0.6634682159261551,0.0003043962729497586
6032,0.005826828971159596,0.9815926619678815,0.004927731824387711,0.007652777236571074
6033,1.1078034438041479e-11,0.9999969694519089,1.4240387517292093e-06,1.6064982615071988e-06
6034,0.9929423848378611,4.547549831814578e-05,0.0005239991277410761,0.006488140536079783
6035,5.88727190012608e-10,0.9999837552237213,3.690957903479544e-06,1.2553229647947089e-05
6036,0.01605922935213664,0.00012114917317888367,0.6642132426300215,0.3196063788446632
6037,0.9986663908498581,1.0271486478981666e-05,2.693731370090366e-05,0.0012964003499617914
6038,0.05257872520166478,0.00013740721733461507,0.0012867754985657308,0.9459970920824347
6039,0.9982615352964588,5.0066725823055445e-05,0.001554946879673577,0.00013345109804452617
6040,0.04423646074180757,0.000805564675708567,0.00020301160573600344,0.954754962976748
6041,0.0005880223042667463,0.06828220852868563,0.915357413718281,0.015772355448766828
6042,1.1077789524697327e-09,9.245731981073922e-10,0.9999826697267045,1.7328240943363765e-05
6043,4.121652293208955e-09,8.448637599018359e-09,0.999945994501148,5.399292856207648e-05
6044,0.9415927424672123,0.0015248371799934173,0.010203824981570256,0.04667859537122398
6045,5.848618323054271e-13,0.9999988087001117,8.367808729557891e-07,3.5451843067671897e-07
6046,1.212944772013224e-06,0.9987633013443122,9.580691130493115e-05,0.0011396787996107004
6047,0.9623402137348236,0.011918958822925376,0.010518751796367187,0.015222075645883655
6048,0.02272186076496828,0.00043680468112780634,0.928188693741935,0.04865264081196898
6049,3.1551325291464683e-06,0.9971290726521029,0.0022843797741877157,0.0005833924411802231
6050,3.4252858143727344e-09,0.9999587198927754,1.0488434633195577e-05,3.078824730552817e-05
6051,0.9471654252335682,0.012491090586210427,0.01524323426138625,0.025100249918834715
6052,0.0001463635702895714,2.279198555169846e-05,0.9348204245896696,0.0650104198544892
6053,8.71169797299658e-06,0.9958184599176408,0.004167479931780418,5.34845260573828e-06
6054,0.8205661339637685,8.2647064030943e-05,5.973528559072493e-05,0.1792914836866093
6055,0.00023996476625163794,9.110371466975278e-06,0.9405668789402842,0.0591840459219971
6056,7.789808832916164e-08,0.9995880327690992,0.000405978808523975,5.9105242883479675e-06
6057,0.01822646662129091,0.017071600650030123,0.03154138047748131,0.9331605522511977
6058,0.09487059660543515,8.371783376089324e-05,0.0007399417876640502,0.9043057437731399
6059,4.274573557718563e-07,0.9990048915433798,0.0009440106417503495,5.0670357514151524e-05
6060,0.00011706919304099809,0.08609960678353998,0.9128494028148865,0.0009339212085325742
6061,0.0004035351434265186,0.9711331059843048,0.027815829113524242,0.0006475297587445042
6062,8.536041045022499e-05,0.15699632260665353,0.8414988680209516,0.0014194489619445494
6063,0.00022939654633476108,0.9773294942439109,0.022355347724446584,8.576148530771325e-05
6064,5.07584522438032e-09,1.0754376926042967e-08,0.9999441484686298,5.58357011480649e-05
6065,0.9740346451345762,0.0014410287073739773,0.018225047516657662,0.006299278641391946
6066,0.030438223639579425,0.011976082636904842,0.9142410181808748,0.04334467554264099
6067,0.9581802014637588,0.0003969078553290653,0.034925695070109584,0.006497195610802491
6068,0.000903692362498526,0.9900206843322614,0.008997849796815647,7.77735084246928e-05
6069,4.037409047517275e-09,0.999955115786467,7.784719422663653e-07,4.4101704181586147e-05
6070,0.979710907861473,8.924386367930887e-05,0.011723351393058072,0.008476496881789631
6071,1.3107073605242269e-08,0.9998493445725448,7.501528487219404e-05,7.562703550938432e-05
6072,2.0515954709305964e-08,1.1955278478004865e-08,0.9998572305294374,0.00014273699932942265
6073,2.1173755732034245e-08,3.64745885605369e-08,0.9999583490344612,4.15933171945679e-05
6074,1.333713956745986e-09,2.5213705957790062e-09,0.9999646107217,3.538542321551508e-05
6075,1.3645433517427604e-08,0.9998519337078259,0.00012373178424253574,2.4320862497995046e-05
6076,0.9990440682169056,1.050886401511516e-05,0.00014801921003560094,0.0007974037090437337
6077,0.04645619263336618,0.00015614389380700605,0.008686771959666877,0.9447008915131603
6078,0.004594388563280295,0.0002723702932840981,0.01867983683822144,0.9764534043052141
6079,0.9991858707657768,3.4476412518502983e-06,0.0007399272643156197,7.075432865566306e-05
6080,5.69306329306698e-09,0.9999002551842062,5.6289693147685905e-05,4.344942958292969e-05
6081,0.017367454030550792,0.00010244875505541018,0.00025521620288816856,0.9822748810115057
6082,1.4754565649498146e-06,0.9982196270063123,0.001730745988987452,4.815154813512319e-05
6083,3.355029924814205e-05,0.9914494036169672,0.008251393690707098,0.0002656523930774301
6084,0.9594153043285286,0.0003658303271047432,0.03469354949396357,0.00552531585040306
6085,0.02522646578625718,0.00014979623893132522,0.013584902743920832,0.9610388352308906
6086,1.757814404701228e-07,0.9994336589437105,0.00037798358131750496,0.0001881816935314591
6087,0.004663877515030662,0.0009885619399803412,0.9886710240109464,0.005676536534042523
6088,2.6040196061750267e-09,5.301884605484277e-09,0.9999866245022092,1.3367591886604157e-05
6089,7.913855153889426e-06,0.9958329549453754,0.004070481099687838,8.865009978278399e-05
6090,0.003978916730138759,2.5759223365234873e-05,0.059786176550129244,0.9362091474963667
6091,0.9862340686884763,0.0025695937248326633,0.004431913786107355,0.006764423800583379
6092,1.6166605010214214e-13,0.9999994578638746,3.061831676681428e-07,2.3595279600116104e-07
6093,0.9588980045849764,0.011376236264107099,0.00889970240245974,0.02082605674845684
6094,6.23796845084443e-09,5.624009827741831e-09,0.9999180041744098,8.198396361191006e-05
6095,4.278504375001162e-10,0.9999825574024194,8.18737351496798e-07,1.662343237855193e-05
6096,0.002014279436739848,0.9450067732714064,0.04704211009643254,0.005936837195421273
6097,0.04056876239148065,0.00036787277331044,0.9406956948071219,0.01836767002808714
6098,0.987775827381968,0.009936613529520362,0.00042990792545694295,0.0018576511630547094
6099,0.0016093932382661858,1.2680043317694975e-05,0.004867303539715972,0.9935106231787
6100,0.004858223826755107,1.710042114025659e-05,0.0005366533077668114,0.9945880224443379
6101,0.9559879753492275,0.00025510552974928257,0.00013290062020542725,0.04362401850081758
6102,6.600256612217934e-07,1.4206598424523387e-06,0.9998419013102944,0.0001560180042019819
6103,0.9989758731087469,9.34136528609305e-07,0.0002626590007172044,0.0007605337540073155
6104,0.019261266603822907,0.00010228632203431847,0.007002885694322977,0.9736335613798199
6105,8.620826114895808e-10,7.370309370004372e-10,0.9999698981171466,3.0100283739709977e-05
6106,2.449362111315798e-06,0.9989549452398593,0.00019800597009615194,0.0008445994279331784
6107,6.4326511880372786e-06,0.9581073387250093,0.04177554756325887,0.00011068106054363795
6108,0.00866603713545486,1.0358679448874028e-05,0.0006981430269541989,0.9906254611581421
6109,0.9950548840306463,0.0011323759136465299,0.0036082065963458777,0.00020453345936126969
6110,0.995880918815053,1.3323446379998197e-05,0.001602458979621345,0.002503298758945475
6111,0.05506771970501889,0.010590494516006998,0.021308766739576417,0.9130330190393976
6112,4.168241477190449e-10,0.99998236901766,3.094339460349167e-06,1.4536226055370685e-05
6113,0.05439642488036776,0.005260696240122623,0.0309375015325266,0.9094053773469831
6114,8.315486962024675e-06,0.9955219510369714,0.0037644425151435335,0.0007052909609231156
6115,0.0013800153181738534,0.982297225364956,0.01619976206334758,0.00012299725352256662
6116,0.0005134917320204253,5.38384886510088e-05,0.0027171684749086908,0.9967155013044197
6117,0.9804834845884632,0.0004421175975913269,0.00041059925302613703,0.01866379856091944
6118,0.022568248250757535,5.46195434708879e-05,0.0029965999742067595,0.9743805322315648
6119,5.959326015174182e-06,0.9966836547834597,0.003269186872225065,4.119901830008966e-05
6120,1.8090376396680704e-06,0.9988382302504807,0.00011943108518192586,0.001040529626697618
6121,3.5513684365573755e-10,2.1524141210907238e-10,0.9999892113558569,1.0788073764919825e-05
6122,2.115747481036509e-11,0.9999931150163784,4.632664095502471e-06,2.252298368720357e-06
6123,1.4254032995793492e-08,6.587282121425402e-09,1.3268475178867687e-08,0.9999999658902097
6124,8.30643250200857e-07,4.843356076017561e-07,0.9995919582050672,0.0004067268160749708
6125,1.2648605808251528e-05,0.9964408637525052,0.00013945486771712383,0.003407032773969422
6126,0.9953841912165123,3.456252945059977e-05,0.0022799538934721126,0.002301292360565008
6127,5.995556490169907e-13,0.9999992140510795,2.3557463746674294e-07,5.503736836079847e-07
6128,0.0028415030744103342,0.0010387471769961586,0.009530846293292719,0.9865889034553009
6129,2.805208605892055e-07,0.9992917014210377,0.00033880947088500105,0.00036920858721660856
6130,0.9585682261047447,0.007578393323376581,0.00890519482753293,0.024948185744345767
6131,0.9969060380660165,0.00026141140732325875,0.0014525824535566022,0.001379968073103596
6132,0.0026299893892852456,1.2140966817231292e-05,0.0006123883980319939,0.9967454812458654
6133,0.9353637800003093,0.0055338685099596595,0.011756057545722825,0.04734629394400812
6134,4.952792935274511e-09,0.9999372066561847,2.3935897274949636e-06,6.039480129451367e-05
6135,9.989834824548658e-06,0.9952477461849476,0.004559569921533283,0.00018269405869440186
6136,0.004447071203537423,0.987177107946465,0.0022296894850769196,0.006146131364920705
6137,0.053661046744609336,0.00038731895325910354,0.022900554189427158,0.9230510801127044
6138,3.246342617240332e-06,0.9973149830174286,0.002635966494142431,4.580414581179243e-05
6139,0.0335782703717848,0.0008597783292524983,0.0005620945633025675,0.9649998567356602
6140,0.05291484579287503,0.003474830242456586,0.007804155643778172,0.9358061683208905
6141,0.0008718349492227704,0.9296114336084816,0.0643634198152507,0.005153311627044765
6142,4.3479030282162336e-08,2.83594889466765e-08,0.9998456538203657,0.0001542743411149298
6143,1.2351590322902971e-05,0.9352057908016557,0.0646302328111209,0.00015162479690054297
6144,0.0037333178638590653,0.002141288941967341,0.012065213112111206,0.9820601800820622
6145,2.001701065467187e-08,1.1707139992371645e-08,0.9999213303396899,7.863793615947158e-05
6146,0.9631778146217503,0.0006760145967335473,0.031160112551067893,0.0049860582304481205
6147,5.821548559793117e-07,3.5581064040132665e-07,0.999200742058185,0.0007983199763185418
6148,1.530902723161362e-10,0.9999820443170264,1.6821192611705157e-05,1.134337271674213e-06
6149,0.0013110340007307856,0.00012067340202534558,7.306812665614938e-05,0.9984952244705875
6150,0.0021941188994602638,0.0002944757507550047,0.00047177257984909243,0.9970396327699356
6151,1.2786089388677102e-05,0.9945137870277957,0.005208004150684761,0.0002654227321310053
6152,0.9506236310415189,0.0003859350527701885,0.0021073703029966086,0.046883063602714256
6153,1.796782129421422e-05,0.9936991366263036,0.0062280009891262905,5.4894563275874484e-05
6154,0.05267333237601507,0.00010681316808755393,5.1937302846023596e-05,0.9471679171530516
6155,8.307589008096364e-06,5.561208991977745e-06,0.9970031787472498,0.0029829524547501196
6156,0.0002566506915143943,0.9780434755045324,0.021124357835835484,0.0005755159681175829
6157,0.9504953750967076,0.0004498878909035719,0.002206457541714397,0.0468482794706743
6158,5.5940893006798635e-06,0.9965761219680686,0.00338300791809027,3.527602454050317e-05
6159,2.0677898508848792e-10,0.9999772767741448,1.8869269903197047e-05,3.853749172806571e-06
6160,0.988738458734518,3.187364712695684e-05,0.001901382077454226,0.009328285540900816
6161,0.9918836297899215,2.1866755510488633e-05,0.0015443105918388422,0.006550192862729198
6162,0.00021509059132705796,3.955345387781893e-06,0.05999010501722111,0.9397908490460639
6163,4.18438618751682e-07,0.9991684053515215,0.0008226882452395352,8.48796462028438e-06
6164,0.9994176597510402,1.3997986808200226e-05,7.256487543909558e-05,0.0004957773867125526
6165,0.0038779899439864395,0.0037434820705682125,0.9276407487866329,0.06473777919881231
6166,0.05469937399119229,0.005727213810522829,0.018067350823058256,0.9215060613752265
6167,0.005483155131675175,0.9792851770066646,0.005065015472813678,0.010166652388846497
6168,0.9777697817733113,0.00014422639736412596,0.0008619779344346939,0.021224013894889922
6169,0.33003013304649265,0.009281731690202,0.24589009632702616,0.4147980389362793
6170,7.609656945259271e-09,7.892221104183997e-09,0.999908557508852,9.14269892699607e-05
6171,0.985169047211639,0.007339556037115189,0.0024457963044483316,0.005045600446797649
6172,8.803556749729739e-10,0.9999563990364716,3.878785499641835e-05,4.812228176453566e-06
6173,0.04257612917738934,0.010266229941564441,0.021275009182010467,0.925882631699036
6174,0.9726940665002841,0.002394833513922579,0.0015032384023444493,0.023407861583448986
6175,9.571184484756279e-05,0.9860941011908775,0.012917757132714642,0.0008924298315605588
6176,3.5151890816408574e-06,0.9973025974241947,0.0025492432641268385,0.00014464412259688217
6177,8.203188946586709e-07,4.5058742970146256e-07,8.909790044822436e-07,0.9999978381146711
6178,3.390955117548262e-09,0.9999256994364648,4.0057276075151895e-05,3.4239896504969276e-05
6179,4.2255498259990375e-06,0.9686174668202264,0.03119353696333107,0.00018477066661674784
6180,2.670824417283022e-06,0.9976986373862776,0.0021979197904952474,0.00010077199880994838
6181,0.0009979164314773976,2.1298900714258724e-05,0.06001261047476197,0.938968174193046
6182,0.9954917470937159,8.880508492671812e-06,0.0034431363760317767,0.001056236021759811
6183,9.421818964336417e-06,0.995574472750994,0.004307420706465757,0.00010868472357586857
6184,1.726676293410766e-10,0.9999904072273417,1.3435205405670676e-07,9.458247936678846e-06
6185,5.345356125485589e-08,0.9996971790809939,0.00030158582469312075,1.1816407516897122e-06
6186,0.0525629872429726,0.0011673342633426946,0.0011794942042012283,0.9450901842894834
6187,6.660586518851386e-10,0.9999774706446748,1.0081576845348097e-07,2.2427873497802885e-05
6188,0.9749494836999055,2.0872680754879027e-06,0.003911064892971478,0.02113736413904759
6189,1.2156222730682627e-06,6.506130421036852e-07,1.3019479009322047e-06,0.9999968318167839
6190,0.05259077466596996,0.007228156592356186,0.0006101360695199558,0.939570932672154
6191,1.1143942946729964e-08,0.999894830499753,3.6839205282021854e-05,6.831915102200257e-05
6192,0.013388094450702697,3.596358585389315e-05,0.00457646110501956,0.9819994808584239
6193,8.842694025750218e-05,0.9855326902815172,0.012674184003753282,0.0017046987744718995
6194,0.9943499183109825,0.0006114147482324924,0.004249847853951061,0.0007888190868338568
6195,0.043896895376106665,0.010311618518975456,0.02137285619789591,0.9244186299070218
6196,0.0012005551179430553,0.0001425524595824332,0.0008174756471603945,0.9978394167753141
6197,1.2045270074503987e-08,1.1153014694646967e-08,0.9998835606964035,0.00011641610531177484
6198,0.9569840769909247,3.371941344156522e-05,0.0015115707566180593,0.04147063283901604
6199,0.05260565860493543,0.0003498517398342469,0.00030784661222106054,0.9467366430430092
6200,1.3435918284646388e-06,2.823080564769273e-06,0.9991517801466338,0.0008440531809730228
6201,0.031933561305177736,0.010578939101244078,0.02798947201145892,0.9294980275821196
6202,7.412371969982897e-05,0.9869930364276912,0.012866682807050901,6.61570455580382e-05
6203,0.9993836863292497,2.0674951292751866e-05,0.0005654895702181731,3.0149149239319855e-05
6204,0.9864544764163288,0.010024887905482295,0.002300961009072127,0.0012196746691166785
6205,0.0007707786993862307,0.0003760155884214041,0.0336969942003633,0.9651562115118292
6206,8.898586284809144e-09,5.562792747986641e-09,0.9999137670553128,8.621848330821255e-05
6207,0.035628310488129186,0.0007971221379217187,0.951443351111359,0.012131216262589891
6208,0.9812988243128997,4.584915817082767e-05,0.007774131802658587,0.010881194726270882
6209,0.9956285524442058,1.763897482054989e-05,8.370730099622603e-05,0.004270101279977656
6210,0.002614939444238744,0.9378694914208815,0.049890931551008676,0.009624637583871066
6211,1.57384967346097e-08,0.9997991207638742,0.00017633844040772012,2.4525057221069713e-05
6212,0.9686610560187856,0.010456829965879023,0.011780529617022953,0.009101584398312311
6213,0.99920586069729,8.62968525812457e-07,0.0005507789731173479,0.00024249736106695402
6214,0.016996176502833603,0.0001412138746451672,0.981556881977895,0.0013057276446261314
6215,2.845137203231683e-12,0.999998667804988,9.998563582374108e-08,1.2322065311585092e-06
6216,1.5404404490015173e-11,0.9999974051228476,5.108173864901798e-07,2.0840443611948982e-06
6217,1.5042290013273176e-09,0.9999454745066352,3.997635537076377e-05,1.4547633765013998e-05
6218,0.0006088455041232245,1.970714606600134e-05,0.002502817343542415,0.9968686300062684
6219,0.943583626961523,0.000544407537464381,0.009169648375010974,0.04670231712600184
6220,0.9522433171743211,0.00041218141820145384,0.0003960115247965714,0.04694848988268095
6221,0.024401155952911008,0.007635012247650866,0.005106075296583188,0.9628577565028552
6222,0.9957486934053212,3.1232133564169654e-05,4.912165021395214e-05,0.004170952810900751
6223,0.00011443414351343299,3.219060789877817e-05,0.0014277959603085889,0.9984255792882791
6224,0.0526988029181994,0.009117291807753555,0.0056572211321500865,0.9325266841418971
6225,8.614911444086253e-06,0.9953223754034867,0.003929789045700269,0.0007392206393692779
6226,5.6230110325869726e-05,0.9882705501332754,0.011057303719015695,0.0006159160373829973
6227,1.9731904495361417e-13,0.9999995661583497,9.904452280928209e-08,3.347969298554594e-07
6228,0.04235296861451685,0.0024671481915076988,0.060712186433538866,0.8944676967604362
6229,0.9555254420291803,2.5005427482779364e-05,0.0010071824132486913,0.043442370130088157
6230,0.006081751950519165,4.438302703695151e-05,0.0014427281100824405,0.9924311369123614
6231,8.834326980935303e-13,0.9999988216618633,5.423910781571481e-07,6.359461753583255e-07
6232,0.0014459543812311813,2.111112289481452e-05,8.814099381489169e-05,0.9984447935020591
6233,3.199762255541459e-05,0.9346730130302263,0.06453147688290305,0.0007635124643152616
6234,0.9993765044328022,3.294309384791006e-07,0.0004945035465872553,0.0001286625896719766
6235,9.180274930860648e-06,0.9495432575882975,0.04959367889217556,0.0008538832445957567
6236,0.006720414207360762,0.9834759312352194,0.00235159575632551,0.0074520588010943455
6237,0.05344268114974348,0.00029159858481486267,0.020331875314925207,0.9259338449505166
6238,0.9645450355088931,0.001275637868364111,0.010459402816870942,0.02371992380587187
6239,0.0001287134581404487,2.638786979721332e-05,0.0070129816228560625,0.9928319170492065
6240,0.0001895464862284274,0.0001046010131879322,0.9856464513006687,0.014059401199914844
6241,4.236255461068793e-09,0.9999469323649542,1.5886985015431132e-06,5.147470028884046e-05
6242,1.5227920171084825e-10,0.9999868339627498,4.00063548339117e-06,9.165249487676144e-06
6243,0.0028099652238926438,7.48565225664706e-05,0.9879767206681245,0.009138457585416218
6244,0.950484962772036,0.0010693436631349052,0.0016060759707001255,0.04683961759412909
6245,0.018230695543549908,0.0676824567401736,0.8945692364356069,0.01951761128066952
6246,0.007867861467329464,2.382887317327653e-05,0.0022994992060709385,0.9898088104534262
6247,1.7480031892049958e-06,7.388290772094326e-07,1.4323974416708022e-06,0.9999960807702919
6248,5.812808928944603e-06,0.9647816928773729,0.03325438869132098,0.0019581056223770877
6249,3.1052511549572564e-07,0.9991754005087421,0.0008078272710050566,1.6461695137261183e-05
6250,6.725108119530327e-08,0.9997508181443492,5.531164270672417e-05,0.00019380296186301328
6251,0.0008298701259680224,3.805802056583892e-06,0.998384761399186,0.0007815626727892815
6252,0.05257351118301487,0.001469089829280868,0.0004330749615133399,0.9455243240261909
6253,1.647869604022037e-08,0.9998014241232369,0.00017176394029104296,2.679545777604197e-05
6254,0.05265564333639739,0.010257893352827008,0.007557892552283885,0.9295285707584918
6255,0.9977045330981994,5.1226521302218786e-05,0.0014645172652412984,0.0007797231152571908
6256,6.579652188290848e-07,5.570834390786099e-07,0.9996348826877112,0.00036390226363089233
6257,2.766604919347866e-08,5.6107558159145023e-08,0.9998467404822334,0.00015317574415914836
6258,0.999205156851139,2.86110639550612e-06,0.00011355467750014673,0.0006784273649653461
6259,1.4461911871930304e-07,0.9994157334137986,0.0005517776003760109,3.2344366706706824e-05
6260,0.04817642389608665,0.0005755487429426614,0.05817993614773516,0.8930680912132354
6261,3.9733601911888975e-08,0.9997011197780776,0.00028920479053209567,9.635697788284257e-06
6262,0.023551861188380763,0.00023367502795890453,0.027285971495748487,0.9489284922879117
6263,5.72942526314319e-06,0.9578212339246954,0.04198189342941816,0.0001911432206230163
6264,1.9535449494071102e-09,0.9999330297515513,5.53804169777418e-05,1.158787792612834e-05
6265,0.0016199212924565614,0.00034755248085529503,7.944243827366621e-05,0.9979530837884145
6266,0.0001182047502888206,0.9840642546871939,0.015774067072087533,4.34734904298675e-05
6267,0.949788285340614,0.01176743261318897,0.018601485274517045,0.019842796771679914
6268,1.9312499450377385e-05,0.9359161944732752,0.06341386845350715,0.0006506245737670198
6269,2.986947500478419e-06,0.9974618386061193,0.0025243276742120783,1.0846772168183e-05
6270,0.05298679856271894,0.010883698800950043,0.011110290990042099,0.925019211646289
6271,5.263308875073013e-08,3.868788589456248e-08,0.9998102184283086,0.00018969025071671622
6272,0.9638153999370682,0.0005757871924915359,0.0013653163557940092,0.0342434965146462
6273,3.030162392162424e-06,0.9511665579782319,0.048746163119588355,8.424873978746162e-05
6274,6.94839932397629e-05,0.987475745381913,0.012330597026179502,0.00012417359866773883
6275,8.356588347797703e-11,0.999992555139088,8.405837765989818e-07,6.60419356947307e-06
6276,0.9734023985604401,0.0015847435519085768,0.0005271899049600599,0.02448566798269128
6277,0.9865789407870916,6.242625728610135e-05,0.0121906461758218,0.0011679867798005017
6278,0.0010714090079372847,1.9496268488273055e-05,0.00019831296323012473,0.9987107817603446
6279,0.0008017878829882998,0.0032102266743580412,0.9869704795554486,0.00901750588720505
6280,0.979557572027899,3.098270112587397e-05,0.01063856542881168,0.009772879842163316
6281,1.7153080646325622e-08,2.602664500757174e-08,0.9999234235740487,7.653324622542169e-05
6282,1.0158710796493701e-09,7.52798758380534e-10,0.9999720854067523,2.791282457790427e-05
6283,0.001872357853558417,0.00019546275667284586,0.9976740710089329,0.0002581083808356229
6284,0.05512807267887926,0.009147190946164225,0.020393986972374645,0.9153307494025817
6285,0.950626932148321,0.00042975668093905985,0.002037582362745762,0.046905728807994214
6286,0.9831179906195076,3.2044319535917806e-05,0.006116043580355529,0.010733921480600832
6287,0.05512586903953007,0.004684744544299031,0.019337003324293098,0.9208523830918778
6288,0.9481783489197143,0.0006925082007773521,0.004275497714490364,0.04685364516501788
6289,0.02968188190992162,0.007992820891331838,0.0013642552010978961,0.9609610419976485
6290,0.0018866995376353262,0.9842498053249304,0.013622411768071354,0.00024108336936301338
6291,0.9523880087630532,0.00020100200253779383,0.00045431673445029796,0.046956672499958864
6292,1.3645214672140638e-08,0.9998242014704731,0.00016525183997957891,1.0533044332584103e-05
6293,1.0065626872844855e-05,0.9949442407962444,0.0045689405441513686,0.000476753032731262
6294,0.8349124288335122,0.0001056778050850533,0.01621267905958047,0.1487692143018223
6295,6.806537847781473e-11,0.9999919779383222,1.9818403758744144e-06,6.040153236637228e-06
6296,0.9338320467963331,0.005915066551981742,0.01269754954556041,0.04755533710612465
6297,4.9184889954296866e-08,0.9997479317233563,0.00015300012277272786,9.901896898109398e-05
6298,3.123067471918194e-05,0.9918094467373169,0.00815122304243564,8.099545528406218e-06
6299,0.9621578945125535,0.0003994049210291564,0.03484359213581326,0.0025991084306039823
6300,0.9998132277388571,4.2892146402102976e-08,2.551903476016498e-05,0.0001612103342364013
6301,0.008830656703739056,0.0033879351375126145,0.9803266846843278,0.007454723474420388
6302,7.21248197288467e-05,0.9888266544691371,0.010914130551375984,0.0001870901597581209
6303,0.02024689556045513,0.0002590147853440062,0.0008048957631648562,0.9786891938910361
6304,8.185192373978078e-08,7.101137838153291e-08,0.9998860932124699,0.00011375392422785071
6305,0.0007132806739000944,0.013239126728316635,0.9811895727316917,0.0048580198660915465
6306,5.023623773722894e-10,0.9999660809594048,3.2382091477340164e-05,1.536446755572786e-06
6307,0.9985089154184963,2.3375764281083e-06,4.1444106825890485e-05,0.001447302898249635
6308,0.0003691443813659089,0.00022329539634891773,0.978321364352005,0.021086195870280124
6309,0.05318922457340647,0.0077181908666524805,0.00946721385431426,0.9296253707056269
6310,6.937097046520001e-07,1.2209907955671423e-06,0.9993122826128561,0.0006858026866435005
6311,0.055263671129470636,0.00642756330308585,0.02028797214651339,0.9180207934209301
6312,1.6471990246765563e-08,0.9998370986495854,8.426502687746906e-08,0.00016280061339766033
6313,0.002191192392581486,6.880897740672551e-05,8.286269020506044e-05,0.9976571359398069
6314,0.94757897919647,0.001128326594913718,0.004413551257847801,0.04687914295076837
6315,0.9356064416773865,0.001701715936839391,0.015925547122290558,0.04676629526348368
6316,0.9973453470657677,1.787415437162143e-06,0.0014025539298934302,0.001250311588901715
6317,0.004656759500576999,3.153770896569853e-05,0.0009585330513392456,0.994353169739118
6318,0.9530855992511857,3.5308116997809516e-06,0.00011420670308975492,0.04679666323402463
6319,0.007210114815782292,0.000501664095327606,0.002256245875395901,0.9900319752134943
6320,3.2545427066880415e-06,0.9971896556994694,0.0023613273918927113,0.00044576236593130516
6321,1.504982367440766e-06,0.998767066090943,0.0006471399406928791,0.0005842889859967173
6322,2.650701451973581e-05,0.9928640277900721,0.006052832807058114,0.0010566323883497912
6323,0.9521375199491752,0.00020120577124582597,0.0006983736846640949,0.046962900594914765
6324,1.1047009396911617e-05,0.9950738445608613,0.004815564784474943,9.954364526684582e-05
6325,3.2214832225805665e-12,0.9999971565296113,2.1647233248081576e-06,6.787438423989928e-07
6326,1.865499999068963e-05,0.9352587803847273,0.064564292792479,0.0001582718228029635
6327,1.9953935000289487e-06,0.9978550148911395,0.001992758721572697,0.00015023099378775622
6328,0.9485585817791504,0.01144852944845494,0.017729300235659492,0.022263588536735157
6329,0.9789933158375093,0.00022176368189672795,0.0002582256416519345,0.02052669483894229
6330,1.865144501104862e-07,0.9992968320381326,0.0005383837890415131,0.00016459765837566044
6331,0.991075955122057,0.0002521397454842674,0.007905530938127975,0.0007663741943307043
6332,2.1439372407006717e-08,3.777211082183431e-08,0.9999625665539837,3.737423453298364e-05
6333,0.9795163895648219,0.00024996778228216995,0.0021396849821158194,0.018093957670780182
6334,1.1040333264215316e-10,0.9999914126222249,8.348720839170177e-07,7.752395287990994e-06
6335,0.9501033259898184,0.0009010461309390403,0.0021875408203104216,0.04680808705893206
6336,0.9707959108022597,0.005108626452993842,0.019065015112699105,0.005030447632047328
6337,0.0030733590110848122,2.436782586297073e-05,0.9871671168788471,0.009735156284205215
6338,8.299140704910767e-09,1.8069474570866325e-08,0.9999938433675758,6.1302638091004055e-06
6339,7.207122994189961e-08,3.240258606931005e-08,6.517231679531508e-08,0.9999998303538672
6340,0.9767741151857114,0.0002407678572199318,0.0022374783824067,0.020747638574661734
6341,0.03378292975207016,0.003344236963496625,0.013379866018329478,0.9494929672661038
6342,1.0070751772904243e-05,0.9958675110538954,0.004059292588800412,6.312560553116346e-05
6343,1.170811335020468e-10,0.9999863009555087,6.492723451623934e-06,7.2062039584840885e-06
6344,0.9972052204356759,7.889529093852884e-06,0.0010283059103369059,0.001758584124893408
6345,0.0006935490616804415,4.061191125125138e-05,0.9343139734623651,0.06495186556470312
6346,0.00578816507606934,5.503203593300916e-05,0.9325873016023138,0.06156950128568374
6347,5.626247502230305e-07,0.9998511248331471,0.00011867033080846286,2.964221129413218e-05
6348,0.006164299568798731,0.9831528206997439,0.00687721932009301,0.0038056604113645594
6349,5.938422517952767e-11,0.999991668582205,2.490174020684045e-06,5.84118438998042e-06
6350,8.994044749772818e-10,0.9999669986390819,1.4742961841368415e-05,1.82574996721359e-05
6351,0.0016324033180090654,0.06869367488368885,0.9287430815968484,0.0009308402014537624
6352,7.707482014755164e-07,0.9986844582787564,0.0012609369939836196,5.3833979058486415e-05
6353,1.0244808996662082e-08,6.272859822171465e-09,0.9999507447412964,4.9238741034658825e-05
6354,6.264050396994698e-10,0.9999764364307298,2.2871584908987105e-05,6.913579561890302e-07
6355,0.009344349661554098,0.00018152923454277769,0.0013778074020982514,0.9890963137018051
6356,8.237618198498339e-07,3.034288683890696e-07,0.9996901547663708,0.0003087180429409922
6357,1.5832045016003503e-08,0.9999026883739773,2.246035327639268e-05,7.483544070127735e-05
6358,0.9908913720954964,0.00027437124604207276,0.000376410203797035,0.008457846454664601
6359,0.0353010678611444,0.00022602067618821665,0.061730398881784894,0.9027425125808825
6360,8.698875646131245e-08,0.9995671090391864,0.0004294148594616873,3.3891125951849127e-06
6361,2.331956296077902e-06,8.399265074029669e-07,0.9994968505838752,0.0004999775333214113
6362,0.0003976501712295701,0.9700730954782144,0.02932846923369447,0.00020078511686147117
6363,0.0010088916258715298,3.593964040144031e-05,0.003208862447814792,0.9957463062859121
6364,0.00029031960280720106,0.9347954872443696,0.0646332155545484,0.0002809775982747708
6365,0.04327437493269277,0.0004890326078017984,0.37836825754906495,0.5778683349104403
6366,0.00012468788334075252,0.9834127132315728,0.01643906138365748,2.3537501429073483e-05
6367,0.0016778259386431372,2.9227682757901942e-05,0.05997949532551153,0.9383134510530876
6368,0.9495770840906632,0.0008652699648451294,0.0027586134302170972,0.04679903251427444
6369,0.004110526469737249,2.624378289088391e-05,0.0041836179604733325,0.9916796117868987
6370,4.87767001860929e-05,0.9897865807402381,0.000790724970433051,0.009373917589142624
6371,3.0327669567181183e-06,0.9974422780271254,0.0025072560550605046,4.7433150857433694e-05
6372,0.0009446752022668663,7.796025967879695e-06,0.00018442942159549347,0.9988630993501698
6373,2.62058728039742e-06,0.9659712980498695,0.03385884730646381,0.00016723405638620798
6374,0.004460725662784384,9.863492334765247e-06,0.9928279151683393,0.0027014956765415194
6375,0.0001848785513219258,0.9801908633158914,0.019386691867044743,0.00023756626574181832
6376,5.497537487119119e-09,0.9998939307963527,6.160458880099645e-05,4.445911730889829e-05
6377,1.1880529963726398e-10,0.999982659981084,1.4648670863589128e-05,2.691229247220879e-06
6378,0.05473358297639643,0.012398904597416004,0.02143150736616607,0.9114360050600216
6379,3.222524724574218e-07,0.9991065918115501,0.0007876159932557442,0.00010546994272141275
6380,0.9224420571515055,5.3337172281e-05,0.03654071657619612,0.04096388910001733
6381,1.8208100755173298e-06,0.9979775884322919,0.0018899337534918972,0.00013065700414064289
6382,1.2405341577048939e-05,0.966258595388529,0.033610522777815365,0.00011847649207834793
6383,9.217066429437402e-05,5.590974180460834e-05,0.9894620231057343,0.010389896488166586
6384,0.0023794454619510768,0.993244921478963,0.0007500037551616716,0.003625629303924083
6385,0.9802727097767024,0.00011671589797968932,0.0007163278988698002,0.018894246426448047
6386,5.890286405860254e-06,0.08547576025315627,0.9140044676788021,0.0005138817816358887
6387,0.00016996440561612848,4.179556313836712e-05,0.03869949178495148,0.9610887482462941
6388,0.9997574012876218,5.688977945249898e-07,0.00011512003239416912,0.0001269097821895134
6389,0.027423781022759428,8.524270757752863e-05,0.9147168613733905,0.05777411489627265
6390,0.054984514011645995,0.01121026176173613,0.021534611967354955,0.9122706122592629
6391,0.00029637433225041725,0.001281277704034526,0.9906606470263174,0.007761700937397862
6392,0.0004037958140496133,0.9690078106379402,0.030412841424821917,0.00017555212318823881
6393,1.8659850617062944e-05,0.9940879883657676,0.005745297119113017,0.000148054664502544
6394,1.0583437522994612e-09,0.9999718016100294,6.049637780691216e-07,2.7592367848554188e-05
6395,0.9350136633582187,0.0029378289337999306,0.0358805062985944,0.02616800140938664
6396,1.856032379546924e-10,3.143000258105011e-10,0.9999981975116159,1.8019884807339996e-06
6397,0.003703619893038409,0.0005084891293715415,0.9940127256798378,0.001775165297752545
6398,0.05264973997324252,0.0003639831781835216,0.0034002505166862394,0.9435860263318878
6399,0.00013399762044842634,4.770216906953202e-05,0.007837106846434416,0.9919811933640477
6400,4.246035693616892e-10,0.9999668108448289,2.8662156479385775e-05,4.5265740882905476e-06
6401,4.981356473581745e-05,0.9900994642956944,0.00033717599893232233,0.009513546140637331
6402,0.9451372559341827,0.005879123208236273,0.024218189999994703,0.024765430857586392
6403,0.017339083083476352,0.0026956786773699097,0.9740364963033057,0.005928741935848078
6404,0.05257904448422273,0.006605367220223086,0.002555955051445626,0.9382596332441085
6405,0.012834655052089267,0.00010238390571347647,0.05914386064430937,0.9279191003978879
6406,6.973555803656643e-08,0.9997035205613584,9.234056341502153e-05,0.000204069139668558
6407,2.2011618450660294e-06,0.0016281390942629252,0.9981666536981314,0.0002030060457608446
6408,5.484466907362324e-05,0.9890462507805836,0.010408831091790393,0.0004900734585524985
6409,6.973819387972932e-11,0.9999932544983723,2.2079666513392196e-07,6.5246352243651255e-06
6410,0.05254834926173425,6.854167063317307e-05,0.0013318885317199344,0.9460512205359124
6411,4.756209701762656e-09,0.9999452918922991,2.933794458588899e-06,5.176955703266635e-05
6412,1.1378786854358382e-09,0.9999687244362074,4.811302786340296e-06,2.646312312760752e-05
6413,1.7539510722573398e-09,3.536126875958126e-09,0.9999612799142811,3.871479564085994e-05
6414,2.6231360575953247e-10,0.9999752687334111,2.2703973244580636e-05,2.027031030582034e-06
6415,0.0009701519530014582,0.9285363818889768,0.0643058055193767,0.006187660638645126
6416,0.001509840946665607,2.4054369870487123e-05,0.06000306178227394,0.9384630429011898
6417,2.4097760745420228e-06,0.997756085092293,0.0021307434508625826,0.00011076168076980876
6418,0.017122348173156207,0.00011511855486468003,0.0036322557294358247,0.9791302775425433
6419,4.4110696813965125e-10,0.9999723922447783,1.3358019674302479e-05,1.424929444043288e-05
6420,0.05270982820004819,0.0024916308731689485,0.005111140833887424,0.9396874000928951
6421,0.0051556028413826055,0.992370395062375,0.001844552918861471,0.0006294491773809263
6422,7.129156726442686e-10,0.9999686915811157,1.2535586054122497e-05,1.877211991459259e-05
6423,9.315717345245923e-08,1.5818011808942795e-07,0.9998877860880696,0.0001119625746388796
6424,2.7602212592950054e-07,2.3033347699647831e-07,0.9994468897362389,0.0005526039081581713
6425,0.9919628667877665,0.0001222246698335377,0.00021991585750127737,0.007694992684898683
6426,0.05409360467990736,0.004612778818347747,0.014649369170173964,0.9266442473315709
6427,6.052912118024017e-06,0.0032022806782701333,0.9966702815309526,0.00012138487865939237
6428,3.44522406818621e-07,1.7737770904337912e-07,3.2691532852604924e-07,0.9999991511845556
6429,1.8664742330596972e-05,0.9935951028000133,0.006374685666805469,1.1546790850640464e-05
6430,0.9384113384228477,0.005237625293215487,0.009505661835950259,0.046845374447986324
6431,2.5314325025088235e-10,0.9999866716036948,1.0195026263907417e-06,1.2308640535644297e-05
6432,0.0009427725776007318,0.00013190679430851658,0.011427273062837508,0.9874980475652531
6433,3.857152833287442e-05,0.0029599112218580284,0.9969416649768897,5.985227291912107e-05
6434,1.209774167005264e-06,0.9983819739427081,0.0015990381404754554,1.7778142649407936e-05
6435,0.9800757359498231,0.004127689722157981,0.003257845464561631,0.012538728863457346
6436,0.05275277445483798,0.0033777240575754938,0.008769343745044466,0.9351001577425423
6437,0.9969019164406421,7.460379627149228e-06,0.0006652680290258756,0.00242535515070499
6438,0.019754263483212908,0.0001849916372729006,0.9149816911156469,0.06507905376386741
6439,0.00022730059068014252,0.9775437592735963,0.021452208482746125,0.0007767316529773138
6440,0.012115159171189091,0.9450895999745079,0.033813320009643065,0.00898192084465999
6441,0.019439743921097503,0.06824959982367046,0.8828056955541793,0.02950496070105278
6442,0.9798153937629727,0.0015947098601090566,0.008682399352614549,0.009907497024303337
6443,0.0002896732148519684,0.974792094197735,0.024695030158834435,0.00022320242857870045
6444,0.052540793162904,0.002116100273473709,0.0008593380148247682,0.9444837685487977
6445,0.9870950619459902,0.0002400399002725964,0.007468220829143824,0.005196677324593427
6446,0.05139432265619626,4.415805893826866e-05,0.008517492036331332,0.9400440272485341
6447,0.9986829091052436,1.3374591563783867e-06,0.0007559499763151632,0.0005598034592849296
6448,1.238458648110442e-05,0.9947632401976992,0.005143296728291909,8.107848752801104e-05
6449,4.767917839362764e-05,0.9916532964225341,0.0036662557954916714,0.004632768603580552
6450,0.937873272915759,0.0035351138805593155,0.011915718680508239,0.04667589452317334
6451,0.05426890241787398,0.013467194888793305,0.022176289267559417,0.9100876134257735
6452,0.7763265951757616,0.0005708370944349367,0.048057850707394476,0.1750447170224091
6453,1.1616162383645818e-07,0.9994800064377084,0.00048378270849419206,3.609469217387818e-05
6454,1.5016148603372839e-05,0.9949292025483079,0.004897933850698141,0.00015784745239048547
6455,4.659451815332339e-05,0.06877872268420847,0.9303085346592517,0.0008661481383866972
6456,2.0990104960861048e-05,0.9932161604929572,0.006654604903986631,0.00010824449809519663
6457,0.9565588154080711,0.00838687163258433,0.033948593150843545,0.001105719808500985
6458,0.9973069952999049,2.5555427770852513e-06,0.00010426487117798723,0.002586184286140125
6459,0.012245149386938447,0.00015453241149209903,0.0005921107871501999,0.9870082074144193
6460,0.056023744365868135,0.0002045871041211045,0.04233982421290097,0.90143184431711
6461,0.9896672490395881,0.00631332167869813,0.0005096713122391961,0.0035097579694745424
6462,0.01753998257400359,0.00041611851492745857,0.003544312280181979,0.9784995866308871
6463,0.00015793007801282648,0.9809559975725917,0.018834783065107455,5.1289284288204315e-05
6464,0.008505184703225473,0.00010174816108097185,0.001393840617385248,0.9899992265183084
6465,0.00012783660669527652,0.9828632940649128,0.016881248867334345,0.00012762046105744233
6466,0.025863831633371817,0.015883705142203233,0.0301570537251903,0.9280954094992347
6467,4.973711828399681e-05,3.0024021598630127e-05,0.9923920306134115,0.007528208246705738
6468,0.9525475896186211,0.00020229420482294417,0.0002598651909508872,0.04699025098560482
6469,0.0003907598464484526,0.0029426583201362182,0.9868154443821702,0.009851137451245242
6470,0.0005456986615089034,0.00030726384333220973,0.03178304379122306,0.9673639937039359
6471,6.671502033251906e-07,0.9988620343329064,0.001125582964417421,1.171555247288419e-05
6472,6.038837671592392e-07,0.9992655527705374,9.143231429777007e-06,0.0007247001142655082
6473,2.6427170544060417e-06,1.6704474771061443e-06,0.9982785267674857,0.0017171600679828937
6474,3.3846431865556706e-10,5.941738497619289e-10,0.999990926917456,9.072149906009473e-06
6475,0.6305838313023399,0.00028389609157454505,0.0024508462522464386,0.3666814263538388
6476,4.980604000904494e-11,0.9999947996725802,4.044078572168023e-07,4.7958697564112905e-06
6477,0.9869558539188065,0.00039368600866861257,0.000739588563006291,0.011910871509518653
6478,0.9989083048705668,2.9440433189358663e-06,0.0002940191378446041,0.0007947319482695436
6479,3.336268825211389e-07,3.0860259392552144e-07,0.9996609209334625,0.00033843683706114903
6480,1.3930960877873448e-08,0.9998307229706175,0.00015967666626145942,9.586432160387025e-06
6481,1.690409428628327e-08,9.952512576248867e-09,0.9999104451564065,8.95279869865946e-05
6482,9.252103409560216e-11,0.9999923999952759,9.923934584763844e-08,7.500672857377353e-06
6483,0.00016355272256911063,0.00011183608937408736,0.9859973041126681,0.01372730707538865
6484,0.0005374094689637253,0.9527797675684373,0.04654607518224403,0.00013674778035472127
6485,1.8511538180490684e-05,0.9346676368126434,0.06460670924251372,0.0007071424066622676
6486,3.141534097225819e-08,0.9997416391546181,0.0002565236658791896,1.8057641618400583e-06
6487,7.284843667394217e-08,4.425068833964207e-08,0.9998372401461927,0.00016264275468224381
6488,0.0005750962891123744,1.432431242358239e-05,0.004308225789551186,0.9951023536089127
6489,0.9870626163449542,0.010285285725361491,0.0003334782622638687,0.002318619667420245
6490,0.007422563053155236,0.00022545036799413753,0.000245802223359933,0.9921061843554906
6491,0.021177706978158822,0.000242833852201704,0.9133209511753887,0.06525850799425065
6492,0.9363001212192353,0.016021999622545236,0.018300349981922544,0.02937752917629675
6493,0.0057549439227530565,6.11650179251268e-05,0.0007010126827282599,0.9934828783765937
6494,0.0018149156086941134,0.9961765896683116,0.0006197899555232902,0.0013887047674711322
6495,6.067325830350225e-05,0.934401515237069,0.0646040305151662,0.000933780989461328
6496,0.958564095102214,0.00015036352098140242,0.0011059224340539014,0.040179618942750635
6497,4.5536488146355e-06,0.9656926984146752,0.03307325405337745,0.0012294938831329978
6498,4.951424021051917e-10,0.9999805190948756,1.973241783506926e-06,1.7507168198424925e-05
6499,0.05222193609889251,0.0005453667180490987,0.0024487516132037793,0.9447839455698548
6500,0.027893091136668144,0.0011452108911092957,0.9576427430907558,0.013318954881466779
6501,2.0753388401335643e-05,0.9352147334653365,0.0646052361770081,0.00015927696925445678
6502,0.0005279619036377702,0.0003174116685825133,0.9738607838483018,0.02529384257947805
6503,1.7982799811404074e-10,0.9999891421588097,5.301146482434132e-07,1.032754671399005e-05
6504,1.6502850148418296e-05,0.9344454742616778,0.0645739775243574,0.0009640453638162321
6505,3.2776250312228233e-07,0.9992558895807728,0.0007190320109907375,2.475064573342467e-05
6506,0.0001311074154320047,0.9826286049258499,0.017092041397632946,0.00014824626108506144
6507,0.042598318318980644,0.0011390115877540877,0.0003419805281713463,0.955920689565094
6508,0.017540427088081643,0.007427266947046848,0.9634834238547966,0.01154888211007504
6509,0.002213220439175941,5.167679733844639e-05,0.9964389850528093,0.0012961177106761053
6510,0.00013628387978621673,0.0014378064519455411,0.996634660619417,0.0017912490488512136
6511,6.235032687129993e-10,0.9999779792983009,4.671197350389249e-06,1.7348880845444697e-05
6512,1.1656107551792475e-06,0.9983886523873993,0.0015550473833722284,5.513461847341478e-05
6513,0.9994927071502324,4.296863887667229e-07,7.729070052686715e-05,0.0004295724628518446
6514,0.0014812991870205693,8.818562131478255e-05,0.9977706692795502,0.0006598459121143636
6515,1.357729865341532e-09,9.3885441503729e-10,0.9999683251318198,3.167257159597636e-05
6516,1.9682286161000102e-10,0.9999876301808834,5.932915495431979e-07,1.1776330744034059e-05
6517,5.839311915094353e-07,0.9988872447569985,0.0011014844280682814,1.068688374171969e-05
6518,0.002715059086582661,0.0004703937568856986,0.991432873985802,0.005381673170729491
6519,0.9972217663424621,4.006580205775414e-06,0.0013605725189486356,0.0014136545583836788
6520,0.9985869135749801,3.3836971426051666e-05,0.0004536772104747983,0.0009255722431190345
6521,2.847374915769231e-10,0.9999865087750446,7.900181504761064e-07,1.2700922067408714e-05
6522,0.00306359055641546,1.038549467633099e-05,0.0014335187844462486,0.995492505164462
6523,0.000782878351193202,0.9966662148599136,0.0005661294071231099,0.001984777381770133
6524,0.0010379360816389805,0.00013398843053587765,0.9983017479220718,0.000526327565753379
6525,4.3994977699560905e-05,0.990012277433257,0.009802353442730097,0.00014137414631330592
6526,0.05399294989895238,0.00826558281876934,0.014776392438943084,0.922965074843335
6527,0.9988041073705538,4.6559873907620215e-06,4.4732179539915234e-05,0.0011465044625153125
6528,4.041986309040586e-05,0.944782178447485,0.05490099766684491,0.00027640402257965874
6529,0.940889991221799,0.005189469134400944,0.0070475997482156655,0.046872939895584394
6530,0.0013832830841217475,6.32371831097586e-05,0.0003697202317545652,0.9981837595010139
6531,0.0035001817899112057,2.5781456654423266e-05,0.0005316676143376037,0.9959423691390967
6532,1.7886391092905475e-05,0.9946307893742315,0.0031778817960363033,0.0021734424386391712
6533,0.00028895191384454346,0.9431328164516344,0.05651104083000209,6.719080451888178e-05
6534,0.021110735464086216,0.06863207345746923,0.9058554213513962,0.004401769727048357
6535,0.933872149474212,0.006465903061289056,0.01216600784289871,0.04749593962160023
6536,5.18235646691742e-09,0.9999123778836311,7.857569041740929e-05,9.041243594965778e-06
6537,0.0005288416108895481,0.0035145757935011995,0.931121376084828,0.06483520651078103
6538,0.000225024488232371,0.977464614026918,0.021957583019920738,0.00035277846492886607
6539,0.0001774329104632733,0.9349155528846511,0.06457016318525793,0.00033685101962778284
6540,3.351786953845688e-09,2.92224492810825e-09,0.9999498298760827,5.016384988522024e-05
6541,0.00010392962871929078,0.9868709073086951,0.012479174761855833,0.0005459883007300095
6542,0.9949571086566906,3.235539458216516e-05,4.576918886650101e-05,0.004964766759860698
6543,6.013013253919261e-05,1.6096799479759704e-05,0.9348882656875966,0.0650355073803847
6544,0.94130842073627,8.601979173468476e-05,0.011514440889865007,0.047091118582130595
6545,2.2673776575216236e-05,0.9930922667663945,0.006802014788592273,8.304466843797277e-05
6546,0.9355338228778179,0.001680409318524216,0.016069454033575927,0.04671631377008225
6547,0.0015675188607240842,3.954138536964989e-06,0.9735054289876995,0.02492309801303935
6548,0.0009364719250547378,0.002509272689591703,0.9941073256471461,0.0024469297382076916
6549,8.913575723844279e-10,0.999964713495449,1.4419838206938842e-05,2.086577498644042e-05
6550,0.9391995463326815,0.003673761774952645,0.009964546889715292,0.04716214500265043
6551,0.9618996593625143,0.011472392954050248,0.004307315382693985,0.022320632300741043
6552,0.9520608095682632,0.0001121376921862716,0.0008619746774393342,0.046965078062111205
6553,5.835505946033427e-09,0.9998864288890857,0.00010957283584515259,3.992439563164245e-06
6554,6.862640547718831e-07,0.9986938568562379,0.0011645915450875866,0.00014086533461980964
6555,0.016659218592716546,0.003665157381186977,0.976375779419274,0.003299844606822492
6556,0.00125098792576118,0.997895780466073,0.00032846981087516255,0.0005247617972906608
6557,2.1497946319917677e-07,1.320089272312987e-07,0.9995580170464285,0.0004416359651809749
6558,2.9317008793302475e-09,0.999948189306802,1.5577346985496827e-05,3.623041451179753e-05
6559,2.2304477448246713e-07,3.562669932633967e-07,0.9996116514550643,0.0003877692331678427
6560,6.093924605968198e-11,0.9999937119299857,9.855428921872389e-08,6.189454786026812e-06
6561,0.9974330960264333,0.00020942612108535317,0.0003534911323810575,0.002003986720100365
6562,0.0008637133508315162,4.2906771598049376e-05,0.9934033853422929,0.00568999453527756
6563,0.0021922600149409644,0.9622955919765753,0.028843124590279136,0.00666902341820457
6564,0.9996843245659389,4.168611189106589e-07,9.875235830040487e-05,0.0002165062146417951
6565,4.773887468853685e-12,0.9999981771029846,9.792492417044108e-08,1.7249673175618307e-06
6566,3.908779057857325e-06,0.9972252961745639,0.0015690124145348412,0.001201782631843326
6567,7.101991066157405e-07,3.24022256669183e-07,4.631648214493754e-07,0.9999985026138153
6568,4.372907253818812e-10,0.9999812344364342,1.315228917538436e-06,1.7449897357576042e-05
6569,0.9964924584841788,9.686398916193056e-05,0.0027787572968063874,0.0006319202298530932
6570,9.73993362370129e-05,1.2813779895334296e-05,0.9493962646456253,0.050493522238242224
6571,0.04487096542562486,0.014210469100349551,0.05473058262085327,0.8861879828531725
6572,0.9620392329147871,0.0003556900437659799,0.031338565965949264,0.006266511075497545
6573,5.789467332735184e-08,3.63481196765211e-08,0.9997595109982577,0.0002403947589492745
6574,0.022436452301269578,0.00013585863405446446,0.9119417082128102,0.06548598085186584
6575,4.694218412020634e-11,0.9999891628914868,7.509160634059041e-06,3.3279009369257426e-06
6576,6.091219343559736e-11,0.9999888064351383,1.0194397492762437e-05,9.991064566562771e-07
6577,0.0015429944487267782,1.2772806263891111e-05,0.0024001779835450595,0.9960440547614642
6578,1.556600192565945e-07,0.9997033549543709,6.421943874882307e-05,0.00023226994686105195
6579,0.0021188667436800993,0.0003267471114651363,0.00019450385107351283,0.997359882293781
6580,0.9751194673949278,0.00018541461043051601,0.0018671843340558496,0.022827933660585647
6581,0.9350672203519829,0.005510616128249591,0.012039590042504872,0.04738257347726268
6582,0.005719182642098241,0.0009245112397297179,0.9786340873519477,0.014722218766224386
6583,0.002176279146774417,1.4767709291009886e-05,0.0036812073974606375,0.9941277457464738
6584,3.77955601785471e-05,0.9345262159041688,0.06453230325802792,0.0009036852776246176
6585,0.0037570331970814418,0.06819843808469037,0.9094739947607849,0.01857053395744306
6586,3.6200239167305312e-12,0.999997915179318,9.516430364756131e-07,1.1331740254133395e-06
6587,9.397166889663216e-05,0.985468547920168,0.014427300067404173,1.0180343531056174e-05
6588,9.935457212583302e-06,5.939892024330952e-06,0.996667109607438,0.00331701504332509
6589,0.9888932389602093,0.00023202607196921325,0.005946870917222779,0.004927864050598763
6590,1.473261656191092e-09,2.345791032267643e-09,0.9999658137877151,3.418239323214825e-05
6591,0.9499499009037641,0.00024178042509643394,0.00291339971498926,0.04689491895614999
6592,5.781597036965787e-08,0.9996624408955093,0.0003314122376038261,6.089050916584795e-06
6593,0.9576597354041203,0.0009232337890027474,0.0005809615215425758,0.04083606928533405
6594,0.006067231397272019,0.006995112270661804,0.9315691776607161,0.05536847867134988
6595,3.586160881784838e-10,0.9999757605925219,1.0142266960666965e-05,1.4096781901370792e-05
6596,0.0001295903048782891,0.9432408872631474,0.05478059293686146,0.0018489294951127752
6597,3.143689678414142e-08,0.9997101965319539,0.00018405139947715962,0.00010572063167188285
6598,0.9435153774653509,0.004491094147231011,0.005231460311196334,0.04676206807622197
6599,8.466166862778922e-11,0.9999854080679635,1.1311616453631967e-05,3.280230921141005e-06
6600,2.4117149362996448e-06,0.9976782546138775,0.0020248822167563776,0.00029445145442982747
6601,0.05260036751814259,0.0019499787261653063,0.0006402333694697917,0.9448094203862223
6602,8.726210154763143e-08,0.9995599617225003,0.0003600374283182912,7.991358707992117e-05
6603,0.0020930793524365885,0.00018200318381319202,0.05991480491522952,0.9378101125485208
6604,0.01600738569978672,0.005562774171066228,0.0059592804124796225,0.9724705597166677
6605,7.783081686025402e-05,0.9657812517792106,0.03274739465375628,0.0013935227501730206
6606,0.052585675867020815,0.000316121926963781,0.00048188300430270317,0.9466163192017125
6607,1.582169439602326e-09,0.9999717067296002,5.171523919080052e-06,2.3120164311117062e-05
6608,0.005281050155708257,2.603800994865553e-05,0.0006983794101754648,0.9939945324241677
6609,0.0007295779773316674,0.9455278504233873,0.044028397733328506,0.00971417386595207
6610,3.9464732526435824e-08,0.9996823961877954,0.00022468282482177642,9.288152265035833e-05
6611,0.0019962242257914498,3.387554143057512e-05,0.00012803037732331973,0.9978418698554548
6612,0.02700582990622889,0.00014199662607000262,0.027542582456471405,0.9453095910112298
6613,5.343571265242176e-07,2.8780755704524687e-07,5.734887290816157e-07,0.9999986043465873
6614,0.00010383721525553126,0.5433667152688569,0.4530619212591155,0.0034675262567721143
6615,3.00817973662845e-12,0.9999986633955792,1.0571398687370311e-07,1.2308874259602435e-06
6616,0.05391892283129566,0.0035831983804970875,0.013817968164585815,0.9286799106236214
6617,0.0009078542304623495,5.917657430611243e-05,0.13709430400154954,0.8619386651936819
6618,2.312730609490234e-06,0.9599830661052041,0.03996435709023584,5.0264073950782406e-05
6619,5.173309087606974e-07,3.141225651511624e-07,0.9992332212972533,0.0007659472492727985
6620,3.433658685489851e-08,0.9997486310319844,0.00022262974299510005,2.8704888433689008e-05
6621,0.9951734933178816,1.9464336312240953e-05,0.00018552205007105362,0.004621520295734973
6622,4.691727293575086e-09,6.3560144521381606e-09,0.9999384617756167,6.152717664155568e-05
6623,0.9728421736201377,0.0037282265885297435,0.019035352993743947,0.004394246797588905
6624,0.9924012903519417,0.003776603141257358,0.001315440138996661,0.002506666367804428
6625,0.0002055482826882558,0.012447821043765142,0.9854385269312197,0.0019081037423269091
6626,1.227375188197358e-08,0.999831480447433,0.00011555969193253748,5.294758688269997e-05
6627,0.0016239155104538529,0.00029917967931608716,0.9966266595928034,0.0014502452174267042
6628,0.9939378223013832,0.0003541336687589289,0.0005749701298213753,0.005133073900036436
6629,0.019269926353740446,0.004459646152898093,0.019144146439002745,0.9571262810543589
6630,4.670603048031365e-08,0.9996719727626058,0.00031216320193939485,1.581732942429908e-05
6631,3.235757982648886e-05,0.9334308863134496,0.06450348059398618,0.0020332755127376806
6632,5.664431217734611e-07,3.122688828716359e-07,3.116393811113676e-07,0.9999988096486142
6633,0.9839893729559781,0.0001136964032269852,0.014593205420218889,0.0013037252205759856
6634,6.856540481673412e-09,0.9998706772943718,0.00011354914331753475,1.576670577025629e-05
6635,1.3029893532721434e-05,7.969724459456734e-06,0.9961103825692453,0.003868617812762596
6636,6.144564758451888e-05,0.9650349976427056,0.03429856987992666,0.0006049868297831365
6637,0.9795163460109546,0.000121064798044733,0.0007061604206300759,0.019656428770370642
6638,2.3729033181279884e-05,0.9928832480675579,0.00707428266435571,1.8740234905171754e-05
6639,5.004692597307541e-07,0.9993534792707254,3.203734099296148e-05,0.0006139829190221239
6640,3.381606064479726e-13,0.9999994827879306,9.99432568912986e-08,4.1726847436501217e-07
6641,0.041949632612350005,0.0005175460605222325,0.0011611095280056373,0.9563717117991222
6642,4.3433954530154494e-14,0.9999997629040673,9.993841347943492e-08,1.3715747596169375e-07
6643,0.052671891595089816,0.0032203616689767504,0.005272903019424063,0.9388348437165095
6644,0.7788016412003451,0.00015863387655839866,0.0001359293988612452,0.2209037955242353
6645,0.9927828185199693,1.2799819818605122e-05,0.004428192962255942,0.0027761886979562117
6646,0.00011166863611495815,6.806195384908881e-05,0.9883906682546769,0.011429601155359084
6647,8.698836322933732e-07,1.0073109431171337e-06,0.9994933371237212,0.0005047856817032236
6648,0.05498381569058507,0.00648687622749728,0.01937585055005531,0.9191534575318625
6649,1.8351985627055802e-07,1.8642205453235199e-07,0.9999479216534384,5.170840465081918e-05
6650,0.0051566000233789116,1.1443118123807355e-05,0.9853261341167439,0.009505822741753545
6651,0.03016025442694889,0.003620332091353703,0.061130950287244065,0.9050884631944535
6652,4.040927513274498e-05,0.1592342997226296,0.8401961129026864,0.0005291780995514081
6653,6.651831289814038e-10,0.9999652590431822,1.736288041430312e-05,1.737741122025215e-05
6654,1.5260796578087557e-10,0.9999808446121392,1.7373997428697048e-05,1.7812378241210702e-06
6655,0.9666963317397115,0.004574285454145491,0.004722711748048579,0.024006671058094432
6656,0.0004834403288278659,2.8115474554259232e-05,0.14689283106157247,0.8525956131350455
6657,4.301366821027854e-06,0.9968668683122962,0.0027956106557244756,0.0003332196651583391
6658,1.0907138384146177e-05,0.9950407118329263,0.004787083870137557,0.00016129715855211496
6659,3.2065414925713085e-12,0.9999971671737969,2.3077501530653122e-06,5.250728436178031e-07
6660,0.00015269173871494863,0.066259518919199,0.9314244616197249,0.0021633277223610313
6661,0.0005169041388054077,0.00031514440201626875,0.026512091344424556,0.9726558601147537
6662,5.199996801019868e-05,0.008131908092868713,0.9913610095491989,0.0004550823899221185
6663,0.01481568866866561,7.221662589129055e-05,0.0029298957420710427,0.982182198963372
6664,0.9948173505422201,7.055893323381822e-05,5.891633485939571e-05,0.00505317418968662
6665,0.002706937784744753,0.988620406824308,0.0035374209722588935,0.005135234418688572
6666,0.997358032505654,0.00018170911294349115,0.000858952298475535,0.0016013060829270776
6667,1.533110193842029e-06,0.9989351744171858,0.00018046286578240467,0.0008828296068378674
6668,0.05452789918287561,0.012856689815102669,0.022056121317151203,0.9105592896848703
6669,1.0044748178736271e-05,0.9978632988769487,4.96186769465554e-05,0.00207703769792597
6670,0.00010549101613716376,0.9611581790896963,0.038457709324901924,0.0002786205692647428
6671,0.0011037656066281002,0.002315037613120737,0.9868116930006631,0.00976950377958816
6672,0.05499317799644237,0.009212124230478517,0.020107984991751125,0.9156867127813282
6673,0.9457180405529056,0.014581837404885927,0.01177194743883125,0.027928174603376984
6674,0.9434653325438839,3.670158201873438e-05,0.012239722631562092,0.04425824324253535
6675,6.203931977175285e-08,4.015510585678033e-08,0.9997778278385107,0.0002220699670637751
6676,8.661130882421428e-05,0.9858951789172439,0.013826667782423807,0.00019154199150803221
6677,0.052556418604501505,0.0016662789498996266,0.001107201291749702,0.944670101153849
6678,7.882597865846804e-06,0.9958337087079687,0.004048059391101553,0.00011034930306406455
6679,0.01786810738573612,0.0006653457657290946,0.9780224459035979,0.0034441009449369666
6680,3.4220885495814145e-06,0.7913477769733271,0.2085897052644861,5.909567363705404e-05
6681,0.04449731608030407,0.002907703125150744,0.003939492057489464,0.9486554887370555
6682,1.7982201836134264e-09,0.9999409009981012,3.1504547046950526e-05,2.759265663161795e-05
6683,1.7492695240307233e-07,0.999383220972269,0.0006055282314214629,1.1075869357114615e-05
6684,0.004580589202900627,2.7246768393606098e-05,0.9935869873586995,0.001805176670006262
6685,1.0255313846765304e-05,0.995093321842241,0.004601151625697508,0.00029527121821467577
6686,0.05251022912129734,0.00044695119910405996,0.0006829622603394339,0.9463598574192591
6687,0.011296678635213105,0.9441679948766131,0.03502981782293485,0.009505508665238738
6688,0.9993729157546055,5.1737278404691185e-06,3.969942537848562e-05,0.0005822110921754546
6689,2.742084473203572e-07,0.999521591989253,1.9014208649166996e-05,0.0004591195936505676
6690,0.9990090109229616,9.757641232543682e-06,0.00047952410864732063,0.0005017073271585784
6691,0.9299077902318901,0.00020726382260634078,0.03746552020868695,0.03241942573681683
6692,0.00015328778353163492,0.06855850341118218,0.9248122135959957,0.006475995209290162
6693,3.398493225494671e-08,2.0721486147972394e-08,0.9998167758159188,0.00018316947766277547
6694,7.19706702164409e-05,0.9870959994133581,0.012582347071941405,0.0002496828444840096
6695,0.9743221670307454,0.007449771798438278,0.0033520862540931933,0.014875974916723513
6696,3.3036203922113e-06,0.9973121661253003,0.0026677750061911425,1.675524811631021e-05
6697,0.9463235848429112,0.004593913395386308,0.002412633960910753,0.04666986780079166
6698,0.9531490596599292,0.005158611306144189,0.034838057132726946,0.00685427190119967
6699,0.9996741516717409,4.602110506528081e-07,9.830267538234081e-05,0.00022708544182592098
6700,2.9837022304702186e-10,0.9999828170676256,4.6837900635595474e-06,1.2498843940575789e-05
6701,0.005201506630164811,1.7758816595515462e-05,0.9923125306030717,0.0024682039501677266
6702,1.1188674323419902e-05,0.9955663777436946,0.004406938406974103,1.5495175007797333e-05
6703,0.0008521809663279453,0.033479844971946025,0.9086775904687747,0.05699038359295166
6704,0.9118321282755628,3.825278451485169e-05,0.03557522198077824,0.05255439695914386
6705,4.879970710686228e-07,1.980319083203935e-07,4.2535640306185487e-07,0.9999988886146175
6706,5.666000391899711e-05,0.988356808733606,0.011116105153087905,0.0004704261093869249
6707,2.157957875751567e-07,1.3973926081532892e-07,0.9998904630813853,0.00010918138356637376
6708,3.829299296928518e-07,2.3086534772273717e-07,4.355291014680576e-07,0.9999989506756211
6709,0.0025958070767221376,1.466917744383039e-05,0.0007401084908345271,0.9966494152549996
6710,2.186848729888247e-08,1.3191699961273781e-08,2.488214811235465e-08,0.9999999400576647
6711,1.951634327635635e-07,0.9993188174634995,0.0006400091023685806,4.097827069906337e-05
6712,0.9923848829320359,2.2553472215853204e-05,0.00264967730896305,0.004942886286785137
6713,0.9979317736294904,2.9627591244889584e-05,0.001226658815730917,0.0008119399635339377
6714,0.04346573162060492,0.000590863232849029,0.9119389662097668,0.0440044389367794
6715,3.6672651980780945e-05,0.005647756925295356,0.9938843899734362,0.0004311804492876256
6716,0.004439671756173762,0.005552804528173175,0.9828658378853214,0.0071416858303314365
6717,1.0390652948590595e-08,0.9999258256410481,2.7892783522521085e-05,4.6271184776225765e-05
6718,0.0006854816291023031,0.9302895517981327,0.06442139846773963,0.0046035681050251315
6719,0.004287909500263838,0.0006030701481822777,0.9302507798509752,0.06485824050057873
6720,2.5518431440713914e-06,0.9558698016631679,0.0438121256238633,0.0003155208698246873
6721,0.0020547401749995025,8.400982242274598e-05,3.842196391509833e-05,0.9978228280386626
6722,0.9990162041905958,2.0439504155027064e-05,0.00036334567953505165,0.0006000106257139461
6723,0.9346483043874055,0.00647465136474188,0.011560473067144894,0.047316571180707645
6724,0.03816612276634564,0.021417448300547304,0.9125782584647038,0.027838170468403377
6725,4.3164393733356125e-06,0.9969426294086788,0.00302504161120276,2.8012540745111688e-05
6726,0.9920672744445823,0.00015380117972118622,0.001096799280973124,0.00668212509472371
6727,0.00024472772872883674,0.9566122609391995,0.042863359659024304,0.00027965167304740916
6728,0.00477388292484728,2.2867353411474486e-05,0.00039217699273613233,0.994811072729005
6729,5.8390218143455565e-05,0.00012496327323153212,0.993744924834379,0.00607172167424592
6730,2.1045377053809787e-06,0.9976101251450051,0.0016923106188543701,0.0006954596984349645
6731,3.652905248099487e-06,0.9579315353516105,0.04200066156071901,6.415018242240163e-05
6732,1.6565372109359078e-05,0.9951985436471898,0.0002470889501626278,0.00453780203053812
6733,0.9980365517951154,2.886397897043844e-06,9.660064296884986e-05,0.0018639611640186074
6734,2.0764460454780384e-07,2.8372600791135783e-07,0.9998257487101626,0.00017375991922479264
6735,3.848186733052605e-07,2.5411961318788295e-07,4.207186843496212e-07,0.9999989403430292
6736,0.002199677220607271,0.9950044757322394,0.00253434209970295,0.0002615049474504847
6737,4.4991699923889324e-05,0.9910041909695465,0.008933231146687419,1.7586183842029555e-05
6738,0.010425310159643219,8.070590423731447e-05,0.005357996555474255,0.9841359873806451
6739,0.9408689331523536,9.927262817243325e-05,0.019965405462461148,0.03906638875701297
6740,0.025740669999571877,0.004715649085134121,0.0021773289629162377,0.9673663519523776
6741,5.599257417123302e-05,0.988960985932355,0.010717299349881122,0.00026572214359278705
6742,2.458648366109418e-06,0.997479134504432,0.0018187488231250744,0.0006996580240767599
6743,0.03273086699397577,0.009285114346277677,0.05984046104856666,0.8981435576111799
6744,0.9368369424970665,0.010535363864181371,0.0067326462152135095,0.045895047423538525
6745,0.05490068031748246,0.008685552793131384,0.019453803560085504,0.916959963329301
6746,0.052625807592660945,0.00021128053936108482,5.158312058135561e-05,0.9471113287473967
6747,0.006844927657296488,2.003636846600183e-05,0.014458658227054104,0.9786763777471837
6748,0.9701754058806238,0.00031894684518543056,0.018590248930133904,0.010915398344056972
6749,1.1321532389532508e-06,2.3549447707689777e-06,0.9992158520512658,0.0007806608507243222
6750,0.05447365044184767,0.012923348670628597,0.022311417573188577,0.9102915833143352
6751,5.4056539906809985e-12,0.9999973631243085,9.794588667637482e-07,1.657411419178885e-06
6752,0.0010457842954184756,5.188658162414149e-05,0.00027507371944400066,0.9986272554035133
6753,9.527142837410401e-06,0.9957112182477942,0.003974618667255646,0.0003046359421128933
6754,0.9349445666654866,0.006361112761919003,0.011388365903777214,0.047305954668817235
6755,0.00018440247395587,0.9816771121739969,0.018084307484936113,5.4177867111167936e-05
6756,0.0019991619746858387,5.990435491264942e-05,0.0003505485065680085,0.9975903851638336
6757,0.9469131074282464,0.0029081041408571943,0.0033964427864799375,0.046782345644416114
6758,0.00012371882223354702,0.9429917380377235,0.05627465461213755,0.0006098885279056072
6759,6.57293218684512e-07,0.9993144652349611,7.714963006871811e-05,0.0006077278417514766
6760,2.912186949883569e-05,0.9449625125919341,0.05477798063067707,0.00023038490788999366
6761,1.033197405997929e-05,0.9948315545738949,0.0041031439051110044,0.0010549695469342162
6762,1.091003373223192e-08,1.5974032495580106e-08,0.9999470319776421,5.294113829165701e-05
6763,1.860486536784241e-08,0.999808362010068,0.00017742452720864287,1.4194857857832129e-05
6764,5.301325183667325e-06,0.0036778966835361586,0.9962558703193487,6.0931671931469574e-05
6765,0.9871128392277542,0.00011681439422645951,0.0016390958434723975,0.011131250534546907
6766,9.896420429696244e-12,0.9999974038681031,9.765360443517865e-08,2.498468396088423e-06
6767,0.04059247302179708,0.0019911214192445976,0.02090879855830543,0.9365076070006529
6768,2.3757494619954018e-07,0.9992516108473417,0.0007026553542852094,4.549622342685319e-05
6769,4.6076421163748276e-05,0.010294777263552449,0.9879455018699735,0.0017136444453104843
6770,9.026256955432715e-09,1.657934164007697e-08,0.9999029749448055,9.699944959591965e-05
6771,8.787369269303973e-07,0.9986689353524097,0.0007481502823333881,0.0005820356283298382
6772,2.61270114346067e-09,1.6304919036701191e-09,0.9999462365570027,5.375919980436834e-05
6773,0.007512552305624964,0.0044082367319729305,0.011905994828582695,0.9761732161338194
6774,6.5934558063185086e-06,0.9960696207110943,0.003608269404358033,0.0003155164287412467
6775,0.0033179585826452296,1.4559685754596622e-05,0.9961313820507052,0.0005360996808948284
6776,0.9745300273340057,0.00021402567475973147,0.011369433488154657,0.013886513503079576
6777,0.9335947705588146,0.006446419755742963,0.012413154680306243,0.04754565500513671
6778,0.00011253650933491965,0.935093755546356,0.0646053386543256,0.00018836928998312153
6779,0.00041211790753568943,0.021950197030765284,0.9737699774466566,0.00386770761504273
6780,0.972614668832014,0.000798764678209726,0.0006451147539440924,0.025941451735832222
6781,0.052617640119707515,0.0009271634114588418,0.0008868306398991684,0.9455683658289346
6782,7.41891857465922e-08,4.062463213618336e-08,7.662144853812574e-08,0.9999998085647335
6783,2.440762714054479e-10,0.9999867473911053,9.638469127913053e-07,1.2288517905696419e-05
6784,0.9743530239096677,0.0068903289781194164,0.0026537097376368403,0.016102937374575788
6785,1.5422815118054688e-06,2.9921609956038582e-06,0.9992565088326587,0.0007389567248339291
6786,0.0010838508390672073,4.530661043468433e-05,0.9985098153201749,0.00036102723032354787
6787,0.02758164592127688,0.007790949888456482,0.021144550880864213,0.9434828533094021
6788,0.053397514258840865,0.004809665734788072,0.01100446742650172,0.9307883525798697
6789,6.277670996994597e-09,0.9999045709808098,3.927395360537231e-05,5.6148787913999295e-05
6790,3.0201110617947095e-06,0.9976280012584606,0.0021627692958868768,0.00020620933459041156
6791,0.052560749794158035,0.0005446546606854607,0.0015465374751107276,0.9453480580700457
6792,3.8539713716831375e-06,0.9971361761768142,0.0028153703679486657,4.459948386533188e-05
6793,0.028905494622412223,0.0005045871597098007,0.007808736630500161,0.9627811815873779
6794,0.004530238417373554,2.559745599548938e-05,0.0017484236785039423,0.993695740448127
6795,5.662714391413683e-06,0.9973224320623665,5.0460705532622696e-05,0.002621444517709546
6796,1.7791702142124977e-08,0.9998070035726262,0.00019064487367921788,2.3337619926288976e-06
6797,0.05254423578242974,0.0010528236973007031,0.001639645969983911,0.9447632945502853
6798,0.9452724011460611,0.0017384307966849327,0.006153194895894077,0.046835973161359824
6799,0.054203549157281566,0.003973504016575227,0.015590531569681413,0.9262324152564615
6800,9.568283310436797e-06,0.9950678218221506,0.004343476607549494,0.0005791332869893712
6801,6.638304039352693e-05,0.9880050475211859,0.011904586475405344,2.398296301525041e-05
6802,1.363763995032672e-06,5.117109111991069e-07,9.946309263154354e-07,0.9999971298941674
6803,0.9941459476694866,1.724692301158193e-05,0.005235683016407173,0.0006011223910944346
6804,0.05250784804645319,7.840265748617393e-05,0.006622071796354776,0.9407916774997058
6805,0.9358941736722884,0.005395830242479675,0.011467783337942667,0.0472422127472894
6806,0.0529244395186995,0.00018032104976520985,0.012368648825243828,0.9345265906062913
6807,0.15911351250479305,0.004066672316695145,0.005500313876597797,0.831319501301914
6808,1.979625538964802e-07,0.9994424456697911,0.0002618442845334789,0.000295512083121644
6809,0.0018075407575574181,0.9811048125646005,0.014850715414122095,0.0022369312637200924
6810,8.196347328154498e-08,0.9995762245402586,0.00041112863698139815,1.2564859286633374e-05
6811,3.31719444152862e-05,0.0023153259991519084,0.9973900563456307,0.0002614457108020033
6812,2.0708537277801593e-08,0.9997978751129146,0.00019071441895396075,1.1389759594289099e-05
6813,0.9856121481724052,7.04683603437667e-05,0.0001485726195393388,0.01416881084771164
6814,0.054703429795523666,0.01228792946037436,0.021944008443512686,0.9110646323005891
6815,3.5571048937940687e-09,0.9999084642333405,8.630994105266815e-05,5.22226850202654e-06
6816,0.0001727713851428328,0.00010469675965070972,0.9854288386329273,0.014293693222279273
6817,0.002181578519908478,2.1680084411499675e-06,0.9964339893911142,0.001382264080535991
6818,0.9963175761828789,5.708650571600509e-05,0.0029476755524986066,0.0006776617589064512
6819,0.005731428160845589,8.984796023452344e-05,0.00039121434958812746,0.9937875095293318
6820,0.052561435764395814,0.0021666819550811662,0.0009702192729966338,0.9443016630075263
6821,5.768919526930872e-08,0.9997725927859331,5.9089517844215e-07,0.00022675862969314683
6822,1.311495561550892e-05,0.9955976652670905,0.003560879723891374,0.0008283400534025037
6823,0.02979873506421995,0.0004211494224684646,0.012767038528162923,0.9570130769851485
6824,0.9517700758044498,0.00019603155743682993,0.0010916630824875462,0.04694222955562566
6825,7.61953900014541e-08,0.9996901867609873,0.0002211931738330096,8.854386978974084e-05
6826,0.0011352276835169058,8.278155725946828e-06,5.3085509236509945e-05,0.9988034086515208
6827,0.05480887278837333,0.0014075029837043753,0.0324539180848032,0.9113297061431194
6828,3.341384840952157e-08,2.2298950357489538e-08,0.9999072104320172,9.273385518396555e-05
6829,0.9295204386503078,0.017041098148923208,0.012302219328026744,0.04113624387274229
6830,0.005705934703517968,4.866072756023514e-05,0.9907257474887268,0.0035196570801950123
6831,0.0012563936197264446,0.0003114933245316243,0.8439808237600566,0.1544512892956851
6832,0.00038241198538584875,0.0030082435022843177,0.9824983516322513,0.014110992880078659
6833,0.003674848586030742,2.1226555040958473e-05,0.5753961959679562,0.420907728890972
6834,0.9943702228685812,3.9139169553841805e-05,0.0016597521597940803,0.003930885802070924
6835,1.2263656059550663e-07,0.9994336557842721,0.0004630840228595763,0.00010313755630772261
6836,0.9990469574753453,2.3283020297649722e-06,0.000299802426456349,0.0006509117961686681
6837,2.116571109307761e-12,0.999998819085224,9.939977137418396e-08,1.0815128880807308e-06
6838,0.00310559563432998,5.086633425658969e-05,0.05985725957781879,0.9369862784535945
6839,7.883167000134082e-05,0.9350752849537955,0.06454753767182915,0.0002983457043739274
6840,0.9521796461731291,5.960882766742997e-06,0.0009329095251954114,0.04688148341890836
6841,3.662088204573663e-07,0.9995933774833244,0.00010841566900556015,0.00029784063884971196
6842,0.0025390926339288094,0.00034542132813612255,0.9964698011528662,0.0006456848850690246
6843,0.002820721433335768,0.9959116549440193,0.0006999053065979016,0.0005677183160468921
6844,0.0001474374438487161,0.9818217188243427,0.017936254396508162,9.458933530045497e-05
6845,2.62399649827621e-05,0.9916327324936385,0.005187142586808542,0.0031538849545700224
6846,0.00016236537657034056,0.934633196269971,0.06451994058455243,0.0006844977689062722
6847,6.97344162722416e-08,0.9997967166372888,2.3130878741229973e-05,0.00018008274955384534
6848,0.009936567672519665,5.261566341110125e-05,0.008416859034056296,0.9815939576300129
6849,1.424939718781073e-10,0.9999875435731471,4.363790118247659e-06,8.092494240633064e-06
6850,0.05261364151427627,0.006592891591842427,0.003459569544723515,0.9373338973491575
6851,7.931753253066363e-08,0.9996536203944852,0.00014007000495409405,0.00020623028302827015
6852,0.055064828327553605,0.010180098798195335,0.020784245533953295,0.9139708273402977
6853,0.9342405634852988,0.0001514224801769948,0.01821575694375854,0.0473922570907658
6854,0.002569763169716737,0.0004070209965475037,0.9883187215685786,0.008704494265157403
6855,2.6597176578800064e-06,3.1443764255362822e-06,0.9981421922281953,0.0018520036777213403
6856,0.002606657187995853,0.9577803363492113,0.03689575508823472,0.0027172513745578474
6857,0.00038667859599816396,0.9326990875936175,0.06450238889282311,0.002411844917561202
6858,5.497203934067713e-10,0.9999808979772004,9.260298521736267e-08,1.900887009421059e-05
6859,0.05248935894501356,0.0056294860914741715,0.0034959853121246005,0.9383851696513877
6860,0.9829660241260954,0.004413302085099653,0.004471028412657632,0.008149645376147416
6861,0.004546910340310379,1.0591134327041448e-05,0.9938259629231633,0.001616535602199003
6862,2.7760459632161062e-06,1.2117667703947615e-06,1.774685947011115e-06,0.9999942375013194
6863,2.663148994805116e-06,0.9975882285610654,0.0023882790809782507,2.0829208961358552e-05
6864,2.854992011208938e-06,0.9975477774025261,0.0020188120202517374,0.0004305555852109361
6865,3.531334789311689e-06,0.9970683630529642,0.002397492974880535,0.0005306126373659682
6866,6.385821921405266e-07,0.9988087788290689,0.0011549499666153235,3.5632622123681496e-05
6867,0.00012061765559591175,0.9349501756380129,0.06457939206207038,0.00034981464432041483
6868,2.519758360401554e-09,0.9999404910189985,2.7738674640467993e-05,3.1767786602724745e-05
6869,3.4088090433187295e-10,0.9999759797415637,1.2995740199297126e-05,1.102417735596747e-05
6870,5.75054205536367e-05,0.9343408230070221,0.0645085874473675,0.001093084125056733
6871,0.05501640567666251,0.010881368992171979,0.02162653185133391,0.9124756934798317
6872,0.004334356791589283,2.8180778667082054e-05,0.004018758875319086,0.9916187035544244
6873,1.4000382235871386e-10,0.9999809428682747,1.6170368173858082e-05,2.886623547828326e-06
6874,9.893180597890948e-07,1.5695198649227859e-06,0.999593038301034,0.0004044028610412959
6875,0.9997876793001269,5.339334529267844e-06,9.411405220410795e-05,0.00011286731313991042
6876,1.2670393992986551e-10,0.9999915242962534,1.148236592512572e-07,8.360753383606986e-06
6877,0.9606445684607055,0.0008661969840139716,0.0006693466064485639,0.03781988794883195
6878,3.815522142170413e-12,0.9999984816441871,1.0000024677354019e-07,1.4183517506115977e-06
6879,0.055216492611505755,0.008742333756965127,0.020709171721794106,0.9153320019097351
6880,6.275419060858732e-06,0.9964056299477969,0.003082502239674825,0.0005055923934674792
6881,0.01823445923867899,0.0005448708779230515,0.031142963243823006,0.9500777066395744
6882,0.008073421965238168,2.483175065722053e-05,0.0016589697105470116,0.9902427765735575
6883,0.028975313403599882,0.0001162885394540423,0.00030049707847081453,0.9706079009784753
6884,1.4620902101536668e-09,0.9999581737738573,1.0691216915491348e-05,3.113354713717873e-05
6885,1.3422638302935802e-08,8.233766956186423e-09,0.9998772984648152,0.00012267987877957422
6886,6.050233160689384e-06,0.06876271567849142,0.9306120275973825,0.0006192064909652996
6887,0.9926932094206589,0.00011414927446941134,0.0035363159653138787,0.003656325339557695
6888,4.067938682216402e-11,0.9999915277407448,7.286418658151478e-06,1.1857999174298442e-06
6889,4.748130065840878e-07,5.832206966900188e-07,0.9993871990594078,0.0006117429068890883
6890,0.05314626549740838,0.008560819694691659,0.009431872102332798,0.9288610427055671
6891,0.9823060353838604,0.0002711721279665071,0.0002001776770610309,0.017222614811111942
6892,0.0009038838896237352,0.9328474662193851,0.06433934062762238,0.001909309263368738
6893,0.00016148930192238573,5.218691751597612e-05,0.060054933927195964,0.9397313898533658
6894,0.9901118862386646,4.812091814359585e-05,0.0010396426813260187,0.008800350161865882
6895,8.235400304922681e-13,0.9999996071778244,9.997266712764468e-08,2.928486846947247e-07
6896,0.948330158764568,0.0019933311150435156,0.0028870564663185574,0.04678945365406996
6897,4.077141624928768e-05,0.6275838737206725,0.36887589707436913,0.003499457788709255
6898,0.0004266557832289508,0.933248963318577,0.06445543734834384,0.001868943549849972
6899,7.174190302985203e-13,0.9999992790274603,9.992503989949825e-08,6.210467822188867e-07
6900,8.570497546485445e-07,0.9995272965384407,0.00020449721133863322,0.0002673492004661031
6901,0.0022141243004769025,6.362925382880044e-06,0.9974429833675893,0.00033652940655136415
6902,0.0004273864136267137,0.00025832421192753513,0.9765845188053741,0.022729770569071467
6903,0.00025234910166504104,0.00019741130287095242,0.022367072886278105,0.9771831667091858
6904,0.0030893523462324807,2.1695728194037643e-05,0.9612618758419981,0.035627076083575654
6905,0.042096008189596565,0.009989705624870919,0.0201471577943088,0.9277671283912237
6906,7.972786852657369e-07,3.699504216258442e-07,6.739631434713581e-07,0.9999981588077496
6907,4.6662228358434316e-05,0.934478507003879,0.0645098761807924,0.0009649545869703683
6908,0.0030915124660655024,0.9682101452180129,0.021342522504225445,0.007355819811696159
6909,0.9577860513296502,0.003238519169748481,0.021022690942520645,0.017952738558080727
6910,0.0036347436665865912,5.044067008332368e-05,0.0002974335065844766,0.9960173821567454
6911,0.9373452389755134,0.0018130552564214024,0.026208700817246775,0.03463300495081834
6912,0.05173444777591027,0.008764119539200994,0.01866412947238707,0.9208373032125016
6913,0.00017358950234793499,8.089862464872325e-06,0.9392838222072287,0.0605344984279586
6914,3.428214187434278e-07,2.2211950864183768e-07,0.9996661896999193,0.00033324535915328456
6915,0.05205043573059316,6.365790245526566e-05,0.007087820804516363,0.9407980855624353
6916,0.9348433414461019,0.005755624219961207,0.011980146140825543,0.047420888193111146
6917,1.8553376513802506e-06,2.161979758636263e-06,0.9987102569968835,0.0012857256857062955
6918,0.9987610504807615,5.7592997542870545e-05,8.213550796867522e-05,0.00109922101372708
6919,4.349371195441052e-05,0.991282490191425,0.00864383768989894,3.0178406721741282e-05
6920,0.05265245970135875,0.00021018243078059943,0.0002008859651269984,0.9469364719027336
6921,0.006854302348396058,0.9845967618275123,0.0009543317574069549,0.007594604066684597
6922,0.9657167540793028,0.00027155260005326065,0.004598606322347559,0.029413086998296506
6923,1.9239501873293122e-10,0.9999844383866503,5.8881327445635825e-06,9.673288210091567e-06
6924,6.118555731768945e-12,0.9999982535547304,9.88579611636935e-08,1.6475811898727315e-06
6925,2.1552262836868166e-09,0.9999284894271447,4.662707301807197e-05,2.4881344611065752e-05
6926,0.9654469636585759,0.0010701076887532533,0.023229067036542546,0.010253861616128464
6927,0.9977229947216318,0.00015642141204934897,0.00036776888859622637,0.0017528149777227883
6928,0.00011631279969658821,0.0027709573084830864,0.9959775915601308,0.0011351383316896705
6929,0.03364917380590326,0.06904534567192264,0.8613407216171654,0.03596475890500913
6930,0.9848300211672405,8.285116283698528e-05,0.0002127846053475523,0.014874343064575052
6931,0.002401434019605827,0.0001852446493282732,0.9928037976635051,0.004609523667560634
6932,2.5885750035178037e-07,0.9992617681816353,0.0007196778704154596,1.8295090448976613e-05
6933,0.002931630654403427,0.0002832185100836955,0.029645656869810612,0.9671394939657025
6934,0.05264546823272579,0.005426999022940589,0.0050281708899434984,0.9368993618543902
6935,0.0042826980449881475,0.00015106040215981585,0.0035608379149258775,0.9920054036379261
6936,0.998675120216072,8.73144566119441e-05,0.0002770919414660295,0.0009604733858500943
6937,9.268104190994049e-06,0.9949549373321687,0.0037063429402966245,0.0013294516233439298
6938,1.149279621798677e-05,0.9661430878144727,0.03331211154165636,0.0005333078476529767
6939,0.005167639304637749,8.138675994008192e-06,0.993379092824964,0.0014451291944040567
6940,0.9661413909139371,0.00028925143629334864,0.012110201549229913,0.021459156100539604
6941,0.0021793182537020767,0.0005987343289770802,0.007174409430827465,0.9900475379864934
6942,0.9350109192641605,0.006105393573872578,0.011592655230448747,0.04729103193151827
6943,0.963188969107308,0.002493139169309657,0.0036684395158712076,0.03064945220751137
6944,0.00016851152653457504,2.0478467259596547e-05,0.0020817913988049573,0.9977292186074008
6945,1.8054839976846014e-05,0.9955954596141827,3.850414882498743e-05,0.0043479813970155315
6946,5.495246166312465e-10,0.9999819939563598,1.3072759541253598e-07,1.7874766520132403e-05
6947,0.0005698237387154246,0.00022393805240791326,0.024366128331964578,0.974840109876912
6948,1.359349231132233e-07,0.9997627929695594,0.00014065487233196161,9.641622318549929e-05
6949,0.00042866201933738516,7.53416773063507e-05,0.002576020227404101,0.9969199760759523
6950,0.003315690525185553,5.209941107146736e-06,0.9936670711009895,0.0030120284327177452
6951,1.024062324301679e-10,0.9999846951735223,1.4384156088605138e-05,9.205679829464887e-07
6952,0.9729673666205051,0.0004353455758783397,0.0010315709658421054,0.02556571683777445
6953,0.0031504842741341106,0.9841385535412419,0.0029230841545436793,0.009787878030080117
6954,1.6201540871174326e-09,0.9999447172735189,3.0692264875443854e-05,2.4588841451665645e-05
6955,1.5370044370256814e-05,0.9946227843006168,0.005357881349556131,3.9643054569772556e-06
6956,0.936297140297088,0.005422522921775581,0.011155085667333623,0.04712525111380272
6957,0.00023420543548885735,0.9800548912651909,0.017787699988897468,0.0019232033104229034
6958,0.055081201771110845,0.010695782419507324,0.021825610394680058,0.9123974054147017
6959,4.263644454951264e-05,0.990693039761529,0.00028235259742362124,0.008981971196498005
6960,2.9164590600710747e-07,1.6772939409015827e-07,0.9995976786041468,0.00040186202055307385
6961,1.9338699845466336e-07,1.3687403174552425e-07,0.999543440333151,0.0004562294058187096
6962,0.0008415035232040929,1.4770598856018097e-05,0.00012288368610968644,0.9990208421918304
6963,1.1729121668055164e-06,0.9984536853413987,0.0015313732275916904,1.3768518842698947e-05
6964,5.591683010654845e-07,9.042609798968415e-07,0.9997935535225017,0.00020498304821746837
6965,9.336900430757119e-09,0.9998496266342075,0.00013370891355638168,1.6655115335615982e-05
6966,0.9868126882696967,0.0007038623000577756,0.0004908623498044445,0.01199258708044118
6967,1.0411546411032637e-10,0.999992067459948,9.61479248489734e-08,7.836288011557824e-06
6968,4.7378535021744644e-08,2.6472102631960638e-08,0.9999903301489151,9.59600044725343e-06
6969,6.711621658144645e-09,0.9998853538317831,6.3806860491274e-05,5.083259610408278e-05
6970,1.3332282393808235e-05,8.062621216953314e-06,0.996143392374337,0.0038352127220521773
6971,0.9420666412597527,0.0008817574264646303,0.03428916000619233,0.02276244130759049
6972,0.0009146269925049832,9.708786091583233e-05,0.9972202258581554,0.001768059288423991
6973,0.054961641347057485,0.008686461614058406,0.018700259639187786,0.9176516373996961
6974,1.5974242636668881e-09,0.9999411815333952,5.6993461640073487e-05,1.8234075404361947e-06
6975,1.1043091446993538e-05,0.9950465123893573,0.004671397841019002,0.0002710466781767906
6976,1.0510830082292084e-07,6.914311102427946e-08,0.9999455848850946,5.4240863493480456e-05
6977,0.9868323373175341,9.7208122076405e-05,0.0003074731149330321,0.012762981445456307
6978,0.0012914723148172867,0.9866893320659097,0.01096494620071211,0.0010542494185608305
6979,0.9350675714469284,0.005916498061040917,0.0117979956845046,0.04721793480752599
6980,2.2435907105916516e-06,1.2171852204567654e-06,1.029547660434475e-06,0.9999955096764086
6981,3.234470016936571e-06,0.9975466796693979,0.0019899637221817193,0.00046012213840328925
6982,0.00014035562369065904,0.9815343509852607,0.01761452183238682,0.000710771558661959
6983,0.999761623021545,6.134446083019297e-06,0.00015362614275862894,7.861638961334921e-05
6984,4.1682356429698257e-07,8.531902602293947e-07,0.9999308156850452,6.791430113027549e-05
6985,3.28227441901716e-09,2.640595282921065e-09,0.999992000459156,7.993617974279043e-06
6986,3.514135740352804e-08,2.1239668177094767e-08,0.9998024401078403,0.00019750351113421714
6987,0.052652133481901515,0.00028561626488877106,7.98563339083497e-05,0.9469823939193014
6988,0.0003261765325286968,0.00034396509513104405,0.0019898423764830647,0.9973400159958573
6989,9.347859411438524e-12,0.9999971298361053,6.669023646059278e-07,2.2032521822763023e-06
6990,0.9939635458808299,0.00021574039062984603,0.003782465432463845,0.0020382482960765082
6991,0.9469127694375453,0.001203568896760645,0.005148386419647862,0.046735275246046246
6992,0.027813826449318967,0.004528417094564014,0.015645139881014864,0.952012616575102
6993,0.004114261780035209,0.0001984436393854311,0.9951036111157864,0.0005836834647929955
6994,1.0751812288922605e-08,0.99986399840164,6.70253144332771e-05,6.896553211428673e-05
6995,0.03838372033226701,5.590826536716117e-05,0.9596170977045135,0.001943273697852355
6996,0.0031997733158553444,0.9725745703739046,0.013540428276906363,0.010685228033333884
6997,3.234376248987895e-11,0.9999942859194458,1.5573664402283388e-06,4.156681769929701e-06
6998,0.05338645446475822,0.001009270137402342,0.009873791176026894,0.9357304842218128
6999,0.0008333396930493428,3.572558817193087e-07,0.9977249323123236,0.0014413707387450684
7000,0.02324748099246822,0.002009425914105263,0.0058190011366635284,0.9689240919567628
7001,2.2798737668331472e-07,0.9993086628750817,0.0006621996860348792,2.8909451506851408e-05
7002,2.4873734718245376e-08,1.507554454013227e-08,0.9998702941893988,0.00012966586132201553
7003,6.0755465512302395e-05,0.9296935355857808,0.06361297648796499,0.006632732460741906
7004,0.9957989241540103,5.591259616832477e-06,0.0028590508604066653,0.0013364337259665386
7005,0.9500011616610282,0.00050103518927221,0.0026211057649179934,0.046876697384781486
7006,0.9854878675157803,7.469887077926655e-05,0.0006978912767690377,0.013739542336671275
7007,0.0003004864750843998,0.0006880307073743907,3.378008002554044e-05,0.9989777027375158
7008,0.0007495221541994624,0.9883220741916872,0.001796542973173714,0.009131860680939602
7009,0.9968732628203262,4.635336606817633e-06,1.6196213814481357e-05,0.0031059056292525073
7010,0.9450225633614273,0.0019085662146828808,0.00616759381490503,0.04690127660898477
7011,0.9894693654527297,7.507702158523996e-06,0.0017927386428975756,0.008730388202214308
7012,0.002031312495649515,0.0004323161296461185,0.0004349172305659689,0.9971014541441384
7013,2.3180543133878205e-06,0.9976891188268286,0.0017234549217939215,0.0005851081970640683
7014,5.4102732273379125e-05,0.989894495149373,0.00854767486062314,0.0015037272577303681
7015,0.0002730046148350799,3.4518833759662165e-05,0.006091179917955401,0.99360129663345
7016,0.0010048173381466269,5.402057913959105e-05,0.06000524793773534,0.9389359141449783
7017,1.416621279855542e-06,7.192928683197914e-07,7.638626792229456e-07,0.9999971002231727
7018,1.6344414537438084e-08,8.885082157532049e-09,1.761577445890055e-08,0.9999999571547289
7019,0.9345064851723696,0.0016421827771701228,0.016895050920865618,0.0469562811295948
7020,5.3521389430876225e-06,0.9968098013086524,0.002863072941801833,0.00032177361060259705
7021,0.9266787641624572,0.0020679103727750986,0.03755297397408161,0.033700351490686
7022,5.1980990033818145e-08,0.9996798071990108,0.00030237837324077445,1.7762446758379532e-05
7023,0.999245181640281,1.5983368436228057e-06,1.8981379784074886e-05,0.0007342386430912991
7024,0.022362292211099893,0.0030860430064155978,0.01471412398462302,0.9598375407978613
7025,0.052603110465201754,0.00035712225606264307,0.0004978702044565411,0.9465418970742789
7026,0.03505092483707406,0.00020885735414697085,0.06171224640860967,0.9030279714001692
7027,7.893205687018079e-06,0.9618774057826763,0.03765646545549199,0.00045823555614445664
7028,9.880208697287725e-10,1.3007977319598025e-09,0.9999929957084567,7.002002724765102e-06
7029,9.714069597680418e-06,0.9352894666436549,0.06464087970795249,5.9939578795036364e-05
7030,0.05257500090645688,0.0005242870888861926,0.001338311616829453,0.9455624003878276
7031,0.052608183011951644,0.001151175652899777,0.004299324291538842,0.94194131704361
7032,0.0013943992915319895,3.6806078631869306e-05,0.00027821440308929473,0.9982905802267468
7033,0.9510524852978507,0.0006628584064846931,0.0013666175423516888,0.04691803875331322
7034,0.010671042472977824,0.0034201114123548542,0.984172797512615,0.0017360486020525055
7035,2.490708483429241e-07,1.498472494173888e-07,2.8227259468279605e-07,0.9999993188093076
7036,0.9996980548473261,9.101654074539943e-06,1.944022631860282e-05,0.0002734032722806836
7037,1.2048296943293532e-07,0.9994864107115976,0.0005053098707348265,8.158934697959916e-06
7038,6.320514107510214e-05,0.9880842566997126,0.010966424684026884,0.0008861134751852039
7039,2.036075013846873e-11,0.9999964123561323,4.030245956085335e-07,3.1845989113294576e-06
7040,6.657261583456673e-08,3.842605191866256e-08,0.9997778844477601,0.00022201055357200933
7041,0.9999563225403766,2.5906084622459644e-07,3.582300474328306e-06,3.983609830278505e-05
7042,0.0071930555675261765,0.0006197184769636542,0.9916766674445703,0.0005105585109401052
7043,0.031208960369505215,0.00043095073616152176,0.06144861502037495,0.9069114738739588
7044,0.058550227528885154,0.0015385989954600633,0.24299080622696517,0.6969203672486898
7045,1.451241907533096e-10,0.9999919313383998,5.071165141753088e-07,7.561399961647153e-06
7046,0.0002254933565551128,7.057469848629303e-05,0.1914591535200601,0.8082447784248984
7047,4.5893070819781e-07,7.666723001566256e-07,0.9998418361014779,0.00015693829551381318
7048,3.48141886696226e-08,0.9997042970113375,0.00019850306218620087,9.716511228771631e-05
7049,2.99751934360962e-05,0.06868283158306603,0.9297470867670452,0.0015401064564524434
7050,0.996276828476614,7.781385337442316e-06,7.21152350322267e-05,0.003643274903016284
7051,1.4357909325626896e-09,0.9999423338508145,5.474136929344862e-05,2.9233441009279025e-06
7052,1.8698767123301578e-07,0.9998260344054537,6.662331981254427e-06,0.00016711627489375333
7053,1.2178583676729888e-05,0.9285159166960494,0.07139890353662276,7.300118365119331e-05
7054,0.031560554589004565,0.0002932993633719719,0.06145750579062209,0.9066886402570016
7055,0.952708455710049,0.00017678632402985705,0.0001248495922461647,0.04698990837367512
7056,3.3815316781858714e-07,0.9991666653446817,0.0007202707848910845,0.00011272571725932291
7057,2.1536047054456696e-12,0.9999984580955383,5.659623479625932e-07,9.759399600702471e-07
7058,0.0027660233028793404,0.9936442459981824,0.001297762272433932,0.0022919684265043524
7059,0.05258376376099189,0.002491535897070576,0.003994524399623388,0.9409301759423143
7060,1.230044789771188e-07,2.063780600959207e-07,0.9998402818714407,0.00015938874602029895
7061,1.328578595762686e-05,0.935357176032335,0.06457525829257446,5.4279889132671636e-05
7062,0.9994304953180302,5.024791614400187e-05,0.0002084605398572395,0.0003107962259683886
7063,0.012221699620064138,5.663933826848954e-05,0.05981786319590401,0.9279037978457635
7064,0.0016730980981916762,1.6836684373595717e-05,0.9978754498086946,0.0004346154087402352
7065,5.437123507127425e-08,0.9996274583984798,0.0003196147060466347,5.287252423840575e-05
7066,0.0546736922460575,0.012288453875555305,0.02187825471528699,0.9111595991631001
7067,0.00016682979638927298,0.9803199841026977,0.01940355368121498,0.00010963241969794802
7068,0.03808519635789177,0.0024754522459073404,0.9568969235019366,0.002542427894264382
7069,3.318256886261016e-05,0.9951501758149673,0.00018585801980137764,0.004630783596368515
7070,4.279050120502486e-09,0.9999371220121058,1.2584243029978943e-06,6.161528454112e-05
7071,0.002584371435265247,0.03159580726602126,0.9646160019776302,0.0012038193210831688
7072,1.9645935010155863e-09,0.9999368734719407,5.8230271435053494e-05,4.894292030700475e-06
7073,1.8340027752519163e-09,0.9999576648795743,1.1927279312017003e-05,3.04060071109777e-05
7074,0.05253698800844325,0.0035121550198361855,0.0001530003873075903,0.9437978565844131
7075,2.574925800209153e-06,0.9979221692359241,0.0020360974245423385,3.9158413733188524e-05
7076,0.995103216688115,1.6392734265112123e-05,0.004519080279573622,0.00036131029804603717
7077,0.0015373734192693953,3.448496453781053e-05,0.9334632805847843,0.06496486103140862
7078,0.0007772934932854245,3.6574096284682896e-05,0.9960857162778256,0.0031004161326042908
7079,0.9442452343153365,0.00010990475414539759,0.008788210710170226,0.046856650220348045
7080,0.9451925191442325,0.006904861834686744,0.0012191155883900988,0.04668350343269065
7081,0.9764909173024302,0.00022282713423977838,0.01377430422801933,0.009511951335310867
7082,3.8472801257996934e-09,0.9999153023700001,4.464147933715042e-05,4.005230338257327e-05
7083,4.7881324781928016e-12,0.9999975754044086,8.94996897851666e-07,1.5295939052363063e-06
7084,1.3464591300476271e-05,0.9944654259816973,0.005407840748726378,0.00011326867827605639
7085,4.645293931537212e-11,0.9999905506724022,5.0011298079611966e-06,4.448151336939007e-06
7086,2.4129641877207284e-09,0.9999211838417225,5.8839402120061686e-05,1.9974343193261552e-05
7087,3.828551127768833e-08,0.9997160802779594,0.00027784738343847884,6.03405309066903e-06
7088,0.023328193845517813,0.006036092265567928,0.9478480797309924,0.02278763415792202
7089,7.685368933171853e-06,4.649979905141317e-06,0.9970251324842938,0.0029625321668678276
7090,2.1558338990238468e-07,0.9994630034524533,0.00014148352581554174,0.00039529743834126435
7091,1.0842049722105639e-07,2.277550769711643e-07,0.9999444770590076,5.5186765418170086e-05
7092,0.9522569591813356,3.3976921511535686e-05,0.0007980069558303137,0.046911056941322325
7093,6.316797515420001e-10,0.9999592677803253,3.222357645297167e-05,8.508011541934323e-06
7094,0.05483235570281493,0.008871238695206486,0.019040896365195487,0.9172555092367829
7095,4.139320377377509e-06,4.760428322971948e-06,0.9982572514658818,0.0017338487854178892
7096,4.630171962928742e-07,0.9989329370961659,0.0009333988644828264,0.00013320102215490232
7097,2.2167746583113063e-05,0.9930047296432438,0.006907196952056242,6.590565811689908e-05
7098,0.019431880277424873,0.004291281742792812,0.018221255528412566,0.9580555824513697
7099,0.00026891159345959233,0.00016378153380053792,0.003582472637003117,0.9959848342357367
7100,0.009908615689347701,9.270612772195075e-05,0.7608391006155195,0.22915957756741104
7101,2.2539444482809491e-07,0.9998095505201686,2.7495996030187703e-05,0.00016272808935642087
7102,4.14278954248784e-08,7.443230138728514e-08,0.9999809037451414,1.8980394661981672e-05
7103,0.05507512569207593,0.010505625496323818,0.021247855725153544,0.9131713930864468
7104,1.8950143858053588e-06,1.3330151260766595e-06,0.9985467424304242,0.0014500295400639836
7105,2.917695236445427e-06,0.9977174342202576,0.0019500855331553233,0.0003295625513508357
7106,1.1558842294893301e-07,6.82350707208149e-08,1.3022183707856864e-07,0.9999996859546693
7107,1.4148402634065189e-06,0.9981002069955545,0.001680987004672728,0.0002173911595093529
7108,0.005676437333843514,0.9837449307399334,0.004298483965403895,0.006280147960819302
7109,0.004847554926832404,0.9844249590665173,0.0013098992415260715,0.009417586765124088
7110,0.0006695269733124854,0.9922017265685263,0.0009408220839654133,0.006187924374195812
7111,3.434161073270098e-07,0.9993050940685031,9.61888868153784e-06,0.0006849436267081938
7112,2.24734680235706e-05,0.9961300875643058,0.0005145754330100805,0.00333286353466046
7113,1.1156990829379908e-05,0.9950959955157527,0.004840235671605999,5.261182181188849e-05
7114,0.9674362229551996,0.0010639724455860095,0.001093009350844931,0.03040679524836943
7115,5.690614569053911e-10,0.9999733305386735,1.2188928108329366e-05,1.4479964156483896e-05
7116,5.552300466274107e-05,0.9499495339073878,0.04955601297178229,0.0004389301161672436
7117,0.9940366102445761,0.00018677074124865217,0.0006456761957540729,0.005130942818421176
7118,0.0010767367458319893,0.0002623654572176979,0.9969430766118033,0.0017178211851469768
7119,1.1541226492205443e-11,0.9999949899813347,3.4728062232650292e-06,1.5372009006897522e-06
7120,0.9987695602436896,1.682055782152371e-06,0.0003363744877147042,0.0008923832128137376
7121,2.8642827945246055e-07,1.6696422639290585e-07,0.9997630354144891,0.0002365111930050604
7122,6.762068357859884e-12,0.9999975540045506,5.527401628834989e-07,1.8932485244580513e-06
7123,2.2428483703799703e-09,0.999950444676998,1.763559517808781e-05,3.1917484975412544e-05
7124,0.05417828750196675,0.014558365074658903,0.025051743272269538,0.9062116041511046
7125,0.014090506021913436,0.9366244545203868,0.04062811800001723,0.00865692145768236
7126,0.052827899487638386,0.006556389777130539,0.0066631129988291,0.9339525977364019
7127,4.376193760142912e-06,0.997157133529954,0.0028318122995112604,6.677976774499108e-06
7128,0.0007981051550833445,1.9359289120478147e-05,0.0034782912153259265,0.9957042443404702
7129,0.000523856016645434,5.267155844280437e-05,0.00532135279862925,0.9941021196262824
7130,0.314967764281942,0.0006853262986103162,0.0035617875900807137,0.6807851218293669
7131,0.05480158919824118,0.011712932973941416,0.021916052799918654,0.9115694250278986
7132,4.007011814298023e-07,8.452733033376738e-07,0.9998962100640237,0.00010254396149155088
7133,7.096117186280494e-09,0.9998643935547202,0.00010090275325282535,3.469659590969392e-05
7134,0.0007134082059500895,0.00021264436043526595,0.9985717757864887,0.0005021716471258835
7135,0.0003613784102347786,0.9697789999262869,0.025782578272036873,0.004077043391441446
7136,0.0033610927378666926,0.0008915993846420463,0.9942958582701563,0.0014514496073349764
7137,0.000805575186571595,5.249212627061264e-05,0.998788270516128,0.0003536621710299976
7138,0.9522515585606885,0.00015372175067384017,0.0006999152443482076,0.04689480444428924
7139,0.9912981581976087,2.6610401592510813e-05,0.0003810294328399185,0.008294201967959079
7140,0.0023058718376817115,1.4040419738057631e-05,0.9971027304928887,0.0005773572496916534
7141,2.3439471219205336e-07,0.9994161519354879,0.0002418232566132819,0.0003417904131866129
7142,5.058287203996737e-08,3.020598566043379e-08,0.9999120810969324,8.783811421001092e-05
7143,5.589702720989699e-10,0.9999805642495609,3.7857449539522174e-07,1.905661697354434e-05
7144,3.38243314136755e-05,0.9348773579373848,0.06455874766189698,0.0005300700693044059
7145,0.9502072036631893,0.011569675251380588,0.018340271350531973,0.01988284973489789
7146,3.2123701441867628e-06,0.9979771932503865,1.3315590037794635e-05,0.002006278789431783
7147,0.9439307587914167,0.005273391564019099,0.0040111800714413,0.04678466957312303
7148,0.00014887783477462053,0.9320906391286253,0.06427210519251315,0.003488377844086756
7149,0.01083811382495734,0.0009245205992311984,6.351970360829954e-05,0.9881738458722036
7150,0.05245106752120894,0.0007484402073641306,0.004552728539282262,0.9422477637321447
7151,1.061938471696167e-05,1.783320966544291e-05,0.9964747109208305,0.003496836484787086
7152,0.04301892775267538,0.054663107287291214,0.8795814999030802,0.022736465056953186
7153,8.243011191060031e-07,5.104688717783299e-07,0.9991600644143018,0.0008386008157071708
7154,2.6011430910715383e-09,5.249230039587794e-09,0.9999681392197655,3.185292986144843e-05
7155,0.9900840908926284,3.860877920650938e-06,0.0031017041762972674,0.006810344053153829
7156,0.9835125111263894,0.00021069907538745052,0.0006472335272991378,0.01562955627092385
7157,0.011259732268492957,0.004148197948242158,0.9617040379701642,0.022888031813100635
7158,4.725287194772426e-09,0.9999409997662984,3.7021459436400195e-07,5.8625293820042287e-05
7159,0.0011847969948071422,0.00026258358565379173,0.9978669666946282,0.0006856527249109348
7160,5.6049260849633164e-08,0.9996247354215868,0.00033793465781582706,3.727387133650576e-05
7161,2.465765128073615e-08,1.4306815882587207e-08,2.7505792055684404e-08,0.9999999335297408
7162,0.0007119257785981232,1.0993859144151997e-05,0.0008029219068231584,0.9984741584554345
7163,2.085991303952939e-08,0.9997941251772068,0.00017322145005589813,3.263251282443146e-05
7164,0.0041681532915466895,0.00021062365998059614,0.05983318362395171,0.9357880394245212
7165,0.018429244105605952,0.06849989394496717,0.8835925395277191,0.029478322421707743
7166,0.000608282466147292,0.9341872211968995,0.06459337966962805,0.0006111166673248827
7167,0.9539724146739424,0.01245177158522434,0.009225257489020745,0.02435055625181224
7168,5.150022018994549e-06,0.9963223115727637,0.0031727063874768357,0.0004998320177404337
7169,2.295967644070612e-08,0.9997660704489845,0.00017444716554383872,5.945942579512212e-05
7170,1.0532908795319922e-06,0.9986246030185509,0.0012749426781963977,9.94010123732947e-05
7171,0.00017378153233559598,0.9746361490202938,0.017471445830331157,0.007718623617039394
7172,0.024346927562029216,0.029487990160244167,0.9237649907768299,0.022400091500896776
7173,0.048549404724265305,0.0010673870036709268,0.9305088627187055,0.0198743455533584
7174,0.0020902426330545835,0.0007527542090178911,0.9717995028666405,0.025357500291286944
7175,2.495736439175008e-06,0.997910350257877,0.002060267031607427,2.688697407650096e-05
7176,0.052115945652691516,6.274434868928557e-05,0.0032826459035899436,0.9445386640950292
7177,0.002877553613800385,0.038205907377098676,0.9395291894833148,0.01938734952578591
7178,5.276856831064002e-06,0.9966162275517064,0.0033723308723699647,6.1647190925924375e-06
7179,1.0483294370207268e-07,0.9995101414774153,0.00046542718006762225,2.4326509573392902e-05
7180,7.667137064362185e-10,0.9999716203180665,1.897278532636032e-05,9.406129893285326e-06
7181,0.00014175914767822572,0.9836829511331177,0.015672671677948048,0.0005026180412561226
7182,0.9364863561350343,0.0005639856277696792,0.01623466253216643,0.046714995705029586
7183,0.05471233675871539,0.006942911729101284,0.01789344145375964,0.9204513100584235
7184,6.2748413432097645e-06,1.0361512854857516e-05,0.9983723195979274,0.0016110440478744085
7185,0.9815629874652281,0.00010686342502722131,0.0010916550152518262,0.017238494094493118
7186,3.153027258659644e-07,1.1243830688923998e-07,1.6707725566895918e-07,0.9999994051817116
7187,0.9324718700387867,0.002040989144993818,0.018231280004182015,0.04725586081203774
7188,4.1928440769843805e-08,2.5460334577628323e-08,0.9999524834511265,4.744916009823406e-05
7189,0.9365442074494332,0.0005021896769754671,0.016160522188356057,0.046793080685235085
7190,0.9929919118387456,4.0154929946937275e-05,0.0009856014388568348,0.005982331792450558
7191,4.154016947068921e-10,0.9999686997526567,2.2993837799689035e-05,8.305994141935983e-06
7192,2.2537695813911564e-11,0.9999962705306698,9.871667704888411e-08,3.6307301156533e-06
7193,0.9983421836296065,4.213133719917329e-06,0.00010084365570787179,0.0015527595809658528
7194,6.739637027825995e-05,0.9347728684355208,0.06452333294685718,0.0006364022473439576
7195,1.51966023467211e-05,0.9943499947010342,0.005569363056850776,6.544563976822876e-05
7196,0.052522437991895495,0.002436000613296112,0.0017213414377202933,0.943320219957088
7197,0.9504599107411433,0.0005393146858269666,0.0022032350534727037,0.04679753951955723
7198,1.1048941107013319e-06,0.998727066019478,0.00013330286662856453,0.0011385262197826874
7199,0.0014419837795918015,0.9885720622615584,0.0006916317956343685,0.009294322163215633
7200,0.029203229656118403,0.007813391969568973,0.01947497203687797,0.9435084063374348
7201,0.015025136721200037,0.0020454341845080382,0.0009994063204843751,0.9819300227738074
7202,1.62758197625968e-07,9.99546256807437e-08,0.9995892407891707,0.0004104964980060366
7203,5.939210663024504e-06,0.9561350068445822,0.04370668467499049,0.00015236926976406497
7204,4.537131890044062e-05,0.9957317225035098,0.00014595067627842432,0.00407695550131148
7205,7.985893515337186e-05,0.9658251542353413,0.033888722593971396,0.0002062642355340965
7206,0.0008259399294195766,7.002522844521307e-06,0.9972575402563766,0.0019095172913592992
7207,5.799021628557281e-06,0.951913354894044,0.0479035478121305,0.0001772982721968665
7208,2.6061826361359703e-07,0.999255145607855,0.00043814153799073553,0.0003064522358908876
7209,8.143854814740119e-07,4.842912498514374e-07,0.9992610652649875,0.0007376360582811249
7210,7.198910105726298e-07,0.9987183979960852,0.001238271278464032,4.261083444010336e-05
7211,3.235145309702347e-05,0.9915579918739693,0.008352758307499765,5.689836543397568e-05
7212,4.643967893299806e-05,0.9926694136262988,0.0017714521997630051,0.005512694495005184
7213,0.00043981335326337157,0.00026563756856475636,0.9762578605261075,0.023036688552064487
7214,0.002053564179756688,0.00010186038543012585,0.9328793808917324,0.06496519454308075
7215,1.3903741201186841e-05,0.9949843412024612,0.004985378666286844,1.6376390050796167e-05
7216,0.9997775423565339,4.163976320678945e-06,1.3013425218498757e-05,0.00020528024192675154
7217,0.9323877395184191,0.0009412556010874124,0.03691591546327524,0.029755089417218293
7218,0.9929887557355056,0.0010175304284658383,0.0023310768697609122,0.003662636966267312
7219,1.1987941861915355e-10,0.9999893712091481,2.7148795090282e-06,7.913791463227234e-06
7220,0.9665453080834137,9.946795131745655e-05,0.015376084155954406,0.017979139809314423
7221,0.002657971214847045,0.06169128161192373,0.9345285949761526,0.0011221521970766583
7222,0.0537931841153096,0.007996682847878404,0.014372761930611131,0.923837371106201
7223,0.9356626247806049,0.005723811749011943,0.011667110242029557,0.04694645322835396
7224,6.519938194072026e-07,5.333596759952109e-07,0.9991914037106524,0.0008074109358521998
7225,0.05267557322308951,0.0008876875484392531,9.640203189892225e-05,0.9463403371965722
7226,0.00020351292161865236,0.9783268048015745,0.021333008722852837,0.0001366735539539553
7227,6.036640574289055e-08,0.9996470907665775,0.0003392193727862523,1.3629494230507058e-05
7228,3.1910925611820257e-11,0.9999948374945455,1.0401897543363643e-06,4.1222837893355155e-06
7229,0.0531730010835416,0.0041337657233893035,0.0088563426305245,0.9338368905625446
7230,4.388740546978751e-09,8.050981091411942e-09,0.9999350682709848,6.491928929357884e-05
7231,0.00560213287927963,0.9846216974317086,0.0021913612602494146,0.007584808428762271
7232,2.870245792164601e-11,0.9999932590889821,3.2279875524567896e-06,3.512894762985089e-06
7233,0.00234547815976776,4.204919591890371e-06,0.9958126255203135,0.001837691400326677
7234,0.9824411421139101,0.000759966109294438,0.0006295490368004767,0.016169342739995006
7235,2.0210992477858307e-07,4.40909985658611e-07,0.9996319759531485,0.0003673810269411428
7236,0.05317477189252982,0.009269425966628686,0.011333658821186596,0.9262221433196548
7237,5.822630901212918e-08,3.9085589084046674e-08,6.889999215064576e-08,0.9999998337881097
7238,0.0013040391747946927,1.9159613838453958e-05,0.00015612884097689918,0.99852067237039
7239,6.245609108229079e-06,0.9960252035940353,0.003583796245666634,0.0003847545511897846
7240,0.9338993227375317,0.0020292890607043414,0.017126817392250703,0.046944570809513385
7241,3.374511046012039e-05,0.9912628723375276,0.00857690699301697,0.0001264755589950472
7242,0.954623439530864,0.011255613879880322,0.010595765941680811,0.023525180647574806
7243,7.645765490747066e-09,0.9998636628584879,0.00010932428556163698,2.700521018508334e-05
7244,0.9350539192483847,0.006330510965506997,0.011333557379642227,0.04728201240646605
7245,2.3540052482326647e-07,1.4162965047176334e-07,0.9997899788812565,0.00020964408856824238
7246,0.0364511210606955,0.00024930787141439105,0.009139447389175165,0.9541601236787148
7247,1.8036053543312102e-09,0.9999658787803944,2.0759756366230706e-07,3.391181843644902e-05
7248,0.0008458393696382795,0.0004779791121056347,0.9971005712944865,0.0015756102237694093
7249,2.9402399841707535e-10,3.8151512877024466e-10,0.9999852614036121,1.4737920848575204e-05
7250,0.00014359272867212725,0.981789322581117,0.018001516536848308,6.55681533625463e-05
7251,0.054749352324395144,0.010281908183068072,0.019424962393572828,0.9155437770989638
7252,0.0018298085520461554,0.001394532706407227,0.038204159818891546,0.9585714989226551
7253,0.018690456546934367,0.0029695075617540874,0.016794715345309175,0.9615453205460023
7254,0.03304898071658106,0.0024267972394053927,0.002771673774815677,0.961752548269198
7255,7.341052559178719e-07,0.9987060529932439,0.0008964841015842883,0.00039672879991607647
7256,3.276922999654009e-10,0.9999709341222903,2.3030830352741377e-05,6.034719664760366e-06
7257,0.004224433466741539,0.055579518946136525,0.9297228108467509,0.010473236740370933
7258,1.1064956980099552e-10,0.9999899206341525,2.474352202043605e-06,7.604902995603214e-06
7259,0.021036188609594483,0.9398004101948143,0.032920747603631444,0.006242653591959861
7260,3.0002508647204186e-07,0.9991628595134071,0.0007734098380423709,6.343062346415248e-05
7261,0.004004216802664141,0.032324940466756664,0.9501247455264251,0.013546097204153973
7262,9.865659011673991e-05,0.9851748006660349,0.014691778052622818,3.4764691225547674e-05
7263,7.659598444678786e-08,9.434395489658858e-08,0.9999881407631808,1.1688296879900545e-05
7264,3.401745504282919e-11,0.9999950650544898,9.489808286997612e-08,4.840013409929835e-06
7265,1.941977478405845e-07,0.9996700616876143,8.682487840631816e-06,0.0003210616267973778
7266,2.1346771523838218e-08,0.9998685922003846,5.540064054819939e-05,7.598581229572963e-05
7267,0.003439730818292779,0.9483228022461878,0.03544433355592935,0.012793133379589804
7268,7.131007576207052e-07,1.4675660537277653e-06,0.9998382908421786,0.00015952849101020847
7269,0.008418383278922904,5.501033669427591e-05,0.0016342082747648839,0.9898923981096179
7270,0.0002022888254019111,0.9437540735628117,0.055515477949168605,0.0005281596626177589
7271,1.3818856383861215e-09,1.3180104352489002e-09,0.9999608760928133,3.912120729065686e-05
7272,3.0535313111275526e-05,0.9924623274257505,0.007476840521354431,3.0296739783795843e-05
7273,0.02216614785608211,0.0007458881814817274,0.049549355131926286,0.9275386088305101
7274,0.0005248444553562863,9.910349267429167e-06,0.934402171061409,0.06506307413396711
7275,4.65125335227341e-08,0.9996415810985367,0.00025805385058010516,0.00010031853834981772
7276,0.9959719579198646,1.425773383233458e-05,0.0005475150299205265,0.003466269316382446
7277,0.000958075578232433,0.9913405599940951,0.00418019170367235,0.0035211727240001454
7278,0.022009350310141302,0.00025282697176371403,0.9607149828071665,0.017022839910928744
7279,0.9625313438891245,0.0054905312182276225,0.024338746488021767,0.007639378404625971
7280,0.9512831856999058,0.0005440385083966,0.0012591749159982543,0.04691360087569944
7281,1.3350730368655735e-05,0.9954923116774793,0.0032948997794095417,0.0011994378127425619
7282,5.57418330314945e-12,0.9999980909170881,1.3980567304442575e-07,1.7692716646712629e-06
7283,2.2924129556488773e-09,0.999927587317077,6.982793846249159e-05,2.582452047799964e-06
7284,0.9904140519915718,1.364861766335489e-05,0.0019777396010185514,0.007594559789746041
7285,0.004915916176290938,7.094462323052043e-05,0.0013281060715681072,0.9936850331289107
7286,0.00045756540482916634,0.0002761376787315982,0.9757321650815425,0.023534131834896714
7287,0.007622862896608678,0.9392450267573778,0.051353376485615054,0.0017787338603983977
7288,1.3586008404541135e-05,0.9945602993592894,0.005340575260164748,8.553937214137064e-05
7289,2.0589327796366762e-09,0.9999295454605032,6.433498720013418e-05,6.117493364095947e-06
7290,6.955179810349068e-05,0.934543289194861,0.06453528105165003,0.0008518779553855258
7291,0.005572290239804836,0.0004683263794320379,0.9914704821384358,0.0024889012423272533
7292,0.9983236665289246,3.156243687868385e-05,0.0003436257987893186,0.0013011452354071817
7293,0.31935226705870967,0.00023540596011596424,0.0002711300294521514,0.6801411969517224
7294,0.9366310247319858,0.005376684514806268,0.010882178315012592,0.047110112438195344
7295,1.2435610855724641e-08,0.9998860417964885,9.011191992888946e-08,0.00011385565598057014
7296,0.0004456727138572535,0.9682255361249663,0.03104201414383555,0.0002867770173409609
7297,0.005628643200108766,3.443463517843817e-05,0.00111443739855052,0.9932224847661623
7298,0.9962239070458565,9.921476331506476e-05,0.0005294006202461117,0.0031474775705824186
7299,0.05261252936725508,0.00046337479293749953,5.6396232794356905e-05,0.9468676996070128
7300,1.4540480375187814e-05,0.06881099073244863,0.9310146158135425,0.00015985297363383378
7301,9.185162185692727e-10,0.9999682162468675,9.024535124739554e-06,2.275829949171369e-05
7302,2.421566473304081e-08,0.9999047284882543,6.564462949209273e-07,9.459084978609497e-05
7303,4.5445930148225055e-08,2.9719278024290055e-08,5.019464370390546e-08,0.9999998746401482
7304,0.985534496425341,9.103806370688779e-05,0.007786030745257821,0.0065884347656942005
7305,1.5450763526946933e-08,0.9998396226644176,0.00015663701005392622,3.7248747648389337e-06
7306,0.007481950403108936,0.06810613977898994,0.92297313277399,0.00143877704391127
7307,0.05397716854174168,0.0023672756062062075,0.014097069604865054,0.929558486247187
7308,0.003688482088289991,0.9288383558604205,0.06377246281075785,0.0037006992405317625
7309,0.00028631276402369483,1.2262643851313705e-05,0.06003349020522442,0.9396679343869008
7310,8.487462546557156e-05,0.4998172687983112,0.4983877124689781,0.0017101441072451967
7311,0.9971413744948734,6.574886039120409e-05,0.0003911351783284364,0.002401741466406861
7312,5.545486025689712e-07,4.2266348691391524e-07,5.678607333790114e-07,0.9999984549271771
7313,0.006801441172808573,0.9839319267942412,0.0010825630732143412,0.008184068959735578
7314,0.9737555506808132,0.0001768201717512755,0.0030289904504722334,0.023038638696963373
7315,0.9550562978210533,0.00017475556251482776,0.0006335201400651378,0.044135426476366584
7316,0.0037237363609692498,1.6329982679382686e-05,0.000457797486377269,0.9958021361699739
7317,0.0007783024659483241,0.9930685506484226,0.0010224687987361882,0.0051306780868929334
7318,1.4536595441361154e-09,0.9999625349354745,9.833301370005918e-06,2.7630309496083992e-05
7319,9.336240869703604e-06,0.9353556764924262,0.06459116423238033,4.382303432375565e-05
7320,1.2962887735550437e-11,0.9999973634938024,9.990966197643617e-08,2.536583572706284e-06
7321,1.2825043653457544e-08,0.9999130274246587,4.835870961436053e-06,8.212387933618796e-05
7322,0.004434663593366738,0.06832170081719577,0.9264846777528458,0.0007589578365918472
7323,0.00010925522223671876,0.961201257137652,0.038645957894521354,4.352974559007684e-05
7324,7.01924191275417e-08,3.6875939612149635e-08,0.9999817855169509,1.8107414690314346e-05
7325,9.877382183563697e-10,0.9999510644107716,4.1584336794249967e-05,7.350264695969272e-06
7326,0.0009417015907632352,1.1738767663458862e-06,0.9990137149427163,4.340958975426116e-05
7327,2.5015557376614352e-08,5.2487699872503896e-08,0.9999842028686435,1.5719628099003682e-05
7328,4.871784074438375e-06,3.5258010202181085e-06,0.9978869157232664,0.002104686691638909
7329,8.447708265658638e-08,5.732171958122292e-08,0.9999860569559154,1.3801245282508909e-05
7330,0.00048277045567471686,0.0020175131172993728,0.9968748301494343,0.0006248862775914218
7331,0.001537363216122184,0.0001850741258248563,0.05989588182924168,0.938381680828811
7332,0.05261591204669506,0.0010417965228848316,0.0026946585329201424,0.9436476328975001
7333,1.932699165917019e-06,0.9978946740545389,0.0019777798449223693,0.00012561340137289331
7334,0.0001254327492634709,0.6487090394761064,0.35044584708851745,0.0007196806861127577
7335,0.00021518184866595094,0.006536471457524847,0.9919955846409435,0.0012527620528655725
7336,0.9508186470157849,0.0003124379305380439,0.0019847671280636375,0.046884147925613455
7337,0.9944885349010459,1.3240003720297155e-05,0.0010255850247278169,0.004472640070505877
7338,0.9433398100754623,0.005149291499463847,0.0047808550700970485,0.04673004335497667
7339,4.6801872869291686e-07,0.9992160959934943,2.8105367547938835e-06,0.0007806254510223976
7340,8.381604707028295e-06,5.08496689942887e-06,0.9968816994987061,0.003104833929687374
7341,4.732306000192372e-09,0.9999299200000861,2.5818268209819492e-05,4.425699939814026e-05
7342,0.00833475583482363,0.0014728354295625201,0.9730528866515991,0.01713952208401465
7343,0.003833189095472548,0.0023279414656764683,0.9539904397914851,0.03984842964736591
7344,0.026005782201692397,0.0001597569427152479,0.9652866401743234,0.008547820681269067
7345,0.9755965662672402,0.0002094521440999536,0.013536630514284654,0.010657351074375121
7346,0.0011329517622316965,4.334833217881319e-06,0.9986584881767233,0.0002042252278269752
7347,1.6559523588647553e-08,0.999876988721898,6.15611987732076e-05,6.14335198051318e-05
7348,0.9913613812589406,0.00012926885977711084,0.00019102878356461617,0.008318321097717518
7349,4.825795037514568e-07,2.6396571284151014e-07,5.237740310874483e-07,0.9999987296807522
7350,1.1186520167668773e-08,0.9999055299336036,7.008673028535841e-05,2.437214959094798e-05
7351,2.3932337531098926e-09,0.9999388489868938,5.3242448695738174e-05,7.906171176680442e-06
7352,0.00015925089803527334,9.539436675653575e-06,0.001432155645658652,0.9983990540196301
7353,0.0007933696234929264,0.9314581195235996,0.06393289801154627,0.003815612841361489
7354,1.0464993326294172e-07,7.364292520534007e-08,0.9998918446258658,0.00010797708127567545
7355,0.9913467195614654,3.891974043224982e-05,0.0007235019611897349,0.007890858736912768
7356,2.664270840049346e-06,0.9975781316360219,0.002342137803928685,7.70662892092024e-05
7357,0.0031970397604920127,7.3371721728638195e-06,0.04009997689502391,0.9566956461723111
7358,7.82173627330842e-05,0.9882526447190175,0.011590817121645905,7.832079660346429e-05
7359,0.0016924464948322308,0.00016703495930616883,0.9977638397269741,0.0003766788188876292
7360,9.671919371994989e-08,5.9190534379814657e-08,1.1087764048564224e-07,0.9999997332126315
7361,0.9885819379635395,7.742709046228437e-05,0.00031795335328519385,0.01102268159271297
7362,5.6533593044737385e-06,0.9979574445187677,9.799595083202484e-05,0.0019389061710957968
7363,0.9916787572518118,0.000182389617047883,0.006571822671459203,0.001567030459681251
7364,6.4700945088068e-08,0.9995817268306253,0.0003385888452350013,7.961962319483127e-05
7365,0.0008329617980333308,0.007403848056536255,0.9739125001732418,0.0178506899721885
7366,0.9618195520697851,0.00730215078412938,0.005251623163110282,0.025626673982975478
7367,4.176703235566911e-11,0.9999895200116343,7.940585143087337e-06,2.5393614555742932e-06
7368,5.619806408452086e-09,0.9999150759374629,3.205989940349775e-05,5.285854332736392e-05
7369,6.537523311430811e-12,0.9999979076820411,2.5787834721405657e-07,1.8344330741339935e-06
7370,1.8202455099644503e-06,0.9980014922702466,0.001972565127515802,2.4122356727806827e-05
7371,0.9995336220123595,3.3682286827488964e-06,0.0003617248105660149,0.00010128494839186777
7372,5.155258629462128e-08,2.7810934585596743e-08,3.9612850452358274e-08,0.9999998810236287
7373,4.0898931720214454e-07,0.9991272200115909,0.0008628694491463075,9.501549945591539e-06
7374,0.0005912371340648681,0.035106669614661426,0.9624122208276527,0.0018898724236212248
7375,4.020864621044386e-06,0.9970787952079949,0.0028935919054083182,2.3592021975663423e-05
7376,3.710633607094141e-09,6.62940771289967e-09,0.999969896809217,3.0092850741529665e-05
7377,1.4487088686364705e-06,0.9980303120266651,0.0015155082910455462,0.00045273097342063385
7378,8.722385230830167e-07,0.9986811310328925,0.0006948754938690476,0.0006231212347156169
7379,0.0011376960028941987,0.9825907677923438,0.00634593589245349,0.009925600312308724
7380,0.03343214271072767,0.0033462407571750877,0.01782587178791749,0.9453957447441798
7381,1.6329502573246888e-09,0.9999372811245694,5.7707314705764034e-05,5.009927774632245e-06
7382,3.3609872249378285e-07,0.999137127778168,0.0008320546460253025,3.048147708425697e-05
7383,8.977043464481305e-09,9.166524587896777e-09,0.9999530670383034,4.691481812862644e-05
7384,0.053058507243877936,0.008782505111604241,0.009181735805731221,0.9289772518387869
7385,7.161308891576853e-07,1.4312101172637365e-06,0.9996150495002707,0.00038280315872294443
7386,3.6483773471240713e-07,0.9990371553213985,0.0008403311183596392,0.00012214872250729763
7387,0.9887443409755698,4.4334519990105485e-05,0.0005785173553841254,0.010632807149056043
7388,2.8046788213326028e-05,0.0041669750689797,0.9956523893978231,0.00015258874498398024
7389,6.548192156857675e-08,0.9995900459002581,0.0003376000862644107,7.228853155585529e-05
7390,1.4943116671843264e-08,1.5969036458862067e-08,0.9999202949111635,7.967417668329572e-05
7391,0.053352119374188114,0.008540784396124202,0.010824919422397251,0.9272821768072902
7392,4.659705940496719e-05,0.00449175675852636,0.9953746938370792,8.69523449890157e-05
7393,0.053434417104722416,0.007491354123021428,0.01154606359508553,0.9275281651771705
7394,0.9964469183503033,1.9263644315565567e-05,0.0025790240930833887,0.0009547939122979907
7395,1.0141866899247387e-07,6.221602240607002e-08,0.9999668749637965,3.296140151207931e-05
7396,0.007164477236016167,0.9808293942162302,0.005087678752872996,0.006918449794880911
7397,1.2499921655399487e-06,1.02056242501087e-06,0.9998704699227038,0.00012725952270573415
7398,1.2221921439307851e-06,0.9985490587301837,0.00036034044235398456,0.001089378635318453
7399,0.0055687220287060244,0.9898414788136672,0.00026408616285305794,0.004325712994773393
7400,0.05266858100109543,0.003096362830619047,0.0056369814851019275,0.938598074683184
7401,1.0671716283628275e-05,0.9951592433665354,0.004763510703931554,6.657421324939297e-05
7402,0.9997794445857513,8.273793725331729e-06,1.8199025496886052e-05,0.00019408259502649917
7403,0.9979697317387523,0.00014322882134992359,0.0005676732787978313,0.001319366161100272
7404,0.9938087095350929,1.323869631806048e-05,0.002288325095137343,0.0038897266734515485
7405,8.588704221825878e-09,0.9998543484142717,0.00012891301417558622,1.6729982848280588e-05
7406,0.9464845204643757,0.012727502670088845,0.015340650307563404,0.02544732655797199
7407,1.0981018368466851e-07,1.0429949341770059e-07,0.9996829107200867,0.000316875170236279
7408,0.9459063886597147,0.0011333750624687815,0.020573104130927704,0.03238713214688867
7409,1.3167933476833589e-09,0.9999463660413318,5.014652899488223e-05,3.4861128798803614e-06
7410,0.025632238124583505,0.06949895303968487,0.8786733824678383,0.02619542636789369
7411,3.357020820040477e-08,0.9997232494118815,0.0002636776614941487,1.3039356416008149e-05
7412,0.03729661041007471,0.004353983147430477,0.00727973230995449,0.9510696741325403
7413,0.05511579415200814,0.010002701200164273,0.02109171427888179,0.9137897903689458
7414,0.003585742640004829,0.00047105943691357554,0.0014444323817184882,0.994498765541363
7415,0.00019808980630345912,0.9563255792230542,0.04323469874849643,0.0002416322221457399
7416,0.9872948088854145,5.981102011878112e-05,0.0022003642838276426,0.010445015810639178
7417,6.141171582926748e-08,0.9996023434341916,0.0002951744506030354,0.00010242070348953262
7418,0.05268644841057092,0.010389001529893485,0.007797130575126488,0.9291274194844091
7419,2.997000732607651e-08,0.9997970117260736,1.7855948942096811e-06,0.00020117270902511507
7420,0.9953919085520024,0.00027187344976530394,0.0005996667958777364,0.0037365512023545466
7421,0.02677216008450553,0.004531240546308351,0.00926343421238858,0.9594331651567973
7422,0.054372199044370066,0.007540697998598024,0.024118385665675125,0.9139687172913569
7423,0.9386160297461345,0.0011940753998492593,0.013440617209105723,0.046749277644910776
7424,6.014946384413972e-08,3.880346436135398e-08,0.9998160919308107,0.00018380911626109992
7425,0.9751080005033,0.0006680086059079795,0.0016775290946942044,0.022546461796097542
7426,2.5105541916345565e-12,0.9999986848734436,9.920462654786892e-08,1.2159194193751493e-06
7427,4.984972132271599e-11,0.9999928117286137,5.786431453355251e-06,1.4017900833053854e-06
7428,0.9588746320855233,0.007199937836533025,0.004080621470224456,0.02984480860771893
7429,2.304650781729865e-10,0.9999839133421579,5.087886839883141e-06,1.0998540537258147e-05
7430,2.203270362017533e-06,0.9643787221046037,0.03551280329650399,0.00010627132853027511
7431,1.0887406953437312e-09,2.3236694927617812e-09,0.9999851627476514,1.4833839938471923e-05
7432,1.4785899446402572e-07,0.9994151327980851,0.0005591147597333073,2.5604583187161442e-05
7433,0.00015338147981239109,0.9630717588036019,0.03641522578981105,0.00035963392677492833
7434,0.9890169552506823,5.2066855176426085e-05,0.000627382501161194,0.010303595392979866
7435,0.03490140711521909,0.006119451389779375,0.015378636461610012,0.9436005050333917
7436,0.0004623719140020537,0.020037942614624445,0.9793685275476061,0.00013115792376738376
7437,2.4186214958843064e-06,3.7764593703460413e-06,0.9991770604763263,0.0008167444428073855
7438,2.546515328738877e-10,2.978640158913501e-10,0.9999848371110344,1.516233645001767e-05
7439,0.053923959749512605,0.009557646298226646,0.015012602880689643,0.9215057910715712
7440,1.0592117141693482e-06,1.3830048355975396e-06,0.998971396757502,0.001026161025948031
7441,1.8478309939735582e-08,0.9997795555702813,0.00018685914198822556,3.356680942066264e-05
7442,0.03771680213419473,0.01045749574230214,0.9370199935358249,0.014805708587678122
7443,0.010808585736913524,0.0001527064336299084,0.04496874896616746,0.944069958863289
7444,0.9879640004263559,0.00022519847948783284,0.00021317815744565925,0.011597622936710716
7445,0.000618724289239936,0.01250376639655452,0.9775953637608163,0.009282145553389354
7446,3.4463346108638133e-05,0.9497404081229798,0.05009663597774162,0.0001284925531699107
7447,3.4223447923471095e-08,0.9998309130312008,3.897338131457935e-06,0.0001651554072198099
7448,3.8680321009730105e-07,0.99911171661638,0.0008814518643323774,6.444716077571787e-06
7449,0.9525907218319815,0.0002767441301601129,0.00021237967198679632,0.046920154365871616
7450,2.792350905206666e-07,1.5877434548457757e-07,3.0829661479758727e-07,0.9999992536939492
7451,1.0389414309572922e-12,0.9999991689493213,9.999402351034244e-08,7.31055616546883e-07
7452,1.5169020145102447e-07,2.1697774707932218e-07,0.9995499984183978,0.00044963291365370255
7453,5.7806636009524163e-08,0.9996208634708866,0.0002790617448815035,0.00010001697759557583
7454,0.9914826847933199,2.5005377265507793e-05,0.00028938786006518357,0.008202921969349271
7455,0.0020936705675924172,0.9828862837154649,0.005189581811343384,0.009830463905599269
7456,0.03472958403704388,0.0008009542702198414,0.03647138346138104,0.9279980782313553
7457,9.751655008309306e-07,0.9990100817345414,1.6759525940047576e-05,0.000972183574017697
7458,0.9811635818116143,0.00023570634303280132,0.0009045040738199872,0.01769620777153286
7459,0.02701064418194387,0.0029463161505318886,0.00432231748611813,0.9657207221814061
7460,1.612013398687492e-08,0.999809933338968,0.0001838991834267416,6.151357471502771e-06
7461,8.963595915747202e-07,0.9987093704394449,0.001256265233098938,3.346796786473142e-05
7462,6.289313962356727e-06,0.9962953759180505,0.003637932108198045,6.040265978887748e-05
7463,1.592231136956998e-08,9.656860642993998e-09,0.9998822810979456,0.00011769332288235056
7464,0.9268905566072996,7.232639020233526e-05,0.024938986957495034,0.048098130045003164
7465,0.054386019089986574,0.011586809546796825,0.019478025846496237,0.9145491455167204
7466,0.995330084305366,9.361893499948e-05,0.0009364294449287324,0.003639867314705643
7467,0.0019318605095893838,0.9300614258050004,0.06435651142470217,0.003650202260707993
7468,0.00014399179812722907,0.9315102661993631,0.06447316573373113,0.0038725762687786386
7469,7.542336938710379e-06,0.9958156031614693,0.003830331166316843,0.0003465233352748899
7470,0.9895708723435641,3.246268551548341e-05,0.0003995589418474899,0.009997106029073012
7471,4.979048009031502e-07,0.9989197537718532,0.0006820246021903215,0.00039772372115557856
7472,0.004162637018434244,0.008734517648450058,0.927315035707884,0.05978780962523194
7473,2.464741352988165e-14,0.9999998045163405,9.961144263726869e-08,9.587219220059803e-08
7474,0.9688844491898371,0.010932828992535702,0.01175566903342285,0.008427052784204424
7475,0.0001331153925879554,0.3632543902325861,0.6337612107780786,0.0028512835967473026
7476,1.1163691706897766e-09,0.9999702155006063,1.2454867308730592e-05,1.7328515715840076e-05
7477,0.04317482376341206,0.0001391348160220457,0.9048390854485764,0.05184695597198946
7478,0.001373931851977904,3.556418776338361e-05,0.009237371677953517,0.9893531322823051
7479,0.9432601516661091,0.0036381596403961794,0.0063082645124185955,0.04679342418107621
7480,0.003494071942925578,0.9764430071165872,0.014661624883526079,0.005401296056961033
7481,2.8193836561141005e-08,0.9997425179080021,0.0002392868028592024,1.8167095302182935e-05
7482,0.0030609188309974615,0.0010159012346347275,0.975297014954029,0.020626164980338722
7483,0.005245727435415217,0.0009724537816456965,0.993103809120142,0.0006780096627971387
7484,0.002054798942800324,0.0007283467836331892,0.9948680358497967,0.002348818423769692
7485,7.84229741916513e-06,0.003625530830599692,0.9952385460522688,0.0011280808197121409
7486,0.00015811315352517565,0.9812826114249023,0.018530430058995573,2.884536257701709e-05
7487,3.0303178310946733e-06,1.8932646808789235e-06,0.9983706155827509,0.0016244608347371976
7488,0.9808518662494052,0.00011280113588263648,0.007436380338550279,0.011598952276161987
7489,0.00353869781464588,2.0748137050726265e-05,0.005895248505651886,0.9905453055426515
7490,2.1070691764596615e-08,0.9999774747278521,3.684581043312439e-06,1.8819620412673256e-05
7491,0.9821596536733078,1.9817399287799046e-05,0.00479166335723913,0.013028865570165289
7492,3.135343389264972e-08,0.9999826856061599,5.388546126095337e-06,1.1894494280080478e-05
7493,4.6035803993252957e-10,0.9999850778170505,1.470872663257623e-07,1.477463532510907e-05
7494,0.006593995495387177,0.9374330096491069,0.04460684373809312,0.01136615111741301
7495,0.9934719216183995,0.002007030752835865,0.004073934565965743,0.0004471130627989167
7496,0.9787665863745281,0.00032441041488193183,0.00093109349625736,0.01997790971433277
7497,8.626903856358321e-06,0.935281085477909,0.0646359145774114,7.437304082334942e-05
7498,0.0001457384730466454,3.137118199679523e-05,0.05999214178444165,0.9398307485605151
7499,0.029797022898209263,0.0029016357250863795,0.006176845884554278,0.9611244954921498
7500,1.948455931838908e-07,0.9995845072456325,0.00010496092152960611,0.0003103369872447283
7501,0.00013111160681749908,0.06874880035883699,0.9304498440618245,0.000670243972521044
7502,0.00035237920227747347,0.9332763072401676,0.06444668505324891,0.001924628504305955
7503,0.9957289152245784,1.8906706899365915e-05,0.0024973232287067893,0.0017548548398154222
7504,0.999589758719237,2.47833150112357e-07,0.0001922753143179475,0.00021771813329492164
7505,0.9967100871913381,4.020342342632556e-06,0.0013224343989567836,0.0019634580673624025
7506,0.00019857509221377228,0.9786913939549112,0.021071773493012466,3.8257459862353556e-05
7507,1.5272277447710214e-07,0.9994753688460634,0.0003387623725774428,0.00018571605858484717
7508,0.0011842769264087643,0.00032732565966205496,0.032280207464344124,0.9662081899495848
7509,4.126089604318921e-10,0.9999923949424152,3.2657202330357947e-06,4.338924742837072e-06
7510,0.05432795842606248,0.010480037349622716,0.017796176786389714,0.9173958274379251
7511,1.636073288108284e-09,0.9999339788525347,4.730741081411025e-05,1.8712100577959697e-05
7512,4.958696106079985e-09,0.9998957808751321,0.0001020745049553805,2.1396612163537976e-06
7513,0.997500964143811,0.0017003009907854084,0.0005206279027300235,0.00027810696267338455
7514,8.78142136014358e-07,5.36118606081046e-07,1.0057329355366141e-06,0.9999975800063223
7515,0.000124815890707013,0.9829462603528647,0.015619964233973929,0.001308959522454482
7516,6.120268021736953e-05,0.9335148784831241,0.06435023164297478,0.002073687193683979
7517,0.9698276230290322,0.007552197231060509,0.017995139749565323,0.004625039990342074
7518,7.34507135085207e-08,7.11911437332231e-08,0.999705675890988,0.0002941794671548031
7519,0.052882872169514296,0.0021396203495722935,0.02828111762978159,0.9166963898511319
7520,1.5536878959468534e-07,9.195746017865899e-08,1.75358791049347e-07,0.9999995773149591
7521,4.756428192024572e-05,0.9909388777370356,0.008997564614831486,1.5993366212591702e-05
7522,0.9898008341761528,0.00013478855054229743,7.526439993848243e-05,0.009989112873366483
7523,2.1858630785454848e-05,0.9523855537925916,0.04751411254244482,7.847503417795328e-05
7524,0.9644394255352595,0.005309004082341937,0.026104891211108275,0.004146679171290246
7525,0.952231882844196,0.0004668250377216714,0.00039683583364128003,0.04690445628444068
7526,3.480831114314728e-07,5.163533032018951e-07,0.9993579643268781,0.0006411712367073596
7527,1.0746227647934704e-06,5.639915520632277e-07,6.43824031753225e-07,0.9999977175616513
7528,0.05492608522750361,0.005043345053739177,0.018681220322098954,0.9213493493966579
7529,9.125460362939341e-05,7.827215852810476e-05,0.013335103874723243,0.9864953693631192
7530,2.122949910636158e-08,0.999783562453466,0.00020816511139653854,8.25120563839025e-06
7531,5.30603280610826e-13,0.999999090673269,4.3970173125382177e-07,4.696244690540274e-07
7532,0.9516499291199843,0.00014484534798456258,0.00133703133515837,0.04686819419687286
7533,0.0013397093832741474,8.294319232479039e-05,1.56168054655371e-05,0.9985617306189356
7534,0.000556383414748982,0.00360692456929394,0.9952958603136819,0.0005408317022754729
7535,4.880885657227577e-07,3.988540983818163e-07,5.794085522937424e-07,0.9999985336487837
7536,0.9600157078307086,0.011325215352996852,0.009580463777621145,0.01907861303867343
7537,0.009136727774862104,8.89980746526451e-05,6.736948690243143e-05,0.9907069046635828
7538,5.7621723849685336e-09,0.9999264802217769,1.7125959375016844e-05,5.638805667560885e-05
7539,0.05252693493353582,0.009252009108930401,0.0030214762257621854,0.9351995797317718
7540,5.7700556789813026e-05,0.988539756991553,0.011316997893748864,8.554455790819223e-05
7541,0.0014097870020774882,1.4574979966057571e-05,0.9335797179126464,0.06499592010531
7542,0.0006835880699087622,1.713618018598179e-05,2.7165726850699527e-05,0.9992721100230546
7543,0.9770226881196337,0.0003385226143636965,0.0007209003588407197,0.021917888907161915
7544,0.9929277160049514,1.9850302602892953e-05,0.0003483589954898122,0.006704074696955836
7545,0.9894009203750012,0.00013568824651202858,0.003636781514060243,0.006826609864426574
7546,0.0041572445325215165,0.9940589562889449,0.0011059718519613288,0.0006778273265720768
7547,0.9519010414642555,0.0006864280720090904,0.0005224770753339364,0.046890053388401444
7548,0.9993213238587191,3.9050522592925254e-05,0.00022878540948310764,0.000410840209204884
7549,2.2156086125441606e-12,0.9999987109561866,9.77592132315192e-08,1.1912823844876754e-06
7550,3.128557171684039e-07,1.5592052747964494e-07,2.463980480252767e-07,0.9999992848257073
7551,3.675178273590106e-08,0.9997049683168854,0.00018896860381330998,0.00010602632751856505
7552,0.9339728690586242,0.006291281373902582,0.012250370815372818,0.04748547875210023
7553,8.779131801812633e-07,0.998631713100415,0.0013525170648935058,1.489192151147444e-05
7554,0.001463473076605577,5.728205134313421e-06,0.9973349644291994,0.0011958342890606088
7555,1.8681541941887077e-05,0.9670388299697191,0.03242413129012367,0.000518357198215393
7556,0.9595081580947759,0.00030073080192483754,9.089712358057941e-05,0.040100213979718656
7557,0.0022014372804695613,0.0007093494085585636,1.3492801254650176e-05,0.9970757205097173
7558,0.008483703383133664,0.0008278559771573575,0.00012744524533002424,0.9905609953943793
7559,1.2927970917500354e-09,0.9999587057515935,1.4035048291103574e-05,2.72579073182174e-05
7560,0.9338649614654262,0.0068564800118643045,0.011803198273326206,0.04747536024938345
7561,4.004563744974065e-06,0.9968089051014113,0.0024545050465503934,0.0007325852882934515
7562,0.0007600171028490417,4.256851603083134e-05,0.06001641279584522,0.9391810015852748
7563,0.9943112955135307,0.0002126587772293136,0.005319775621741338,0.00015627008749841088
7564,0.001529720721732692,1.5056199382646228e-05,0.05730547625519527,0.9411497468236893
7565,0.9991152916486291,4.883054137752972e-07,0.0006133708273066761,0.00027084921865051114
7566,0.9957159053822853,1.1330535262896296e-05,0.0001461470952644117,0.004126616987187422
7567,1.1203494298020535e-06,0.9984955529703372,0.0014950025530436938,8.324127189251568e-06
7568,0.018077002371726093,0.0006020080075199833,0.9167315168269236,0.06458947279383018
7569,4.3162138144191814e-07,8.448291583526892e-07,0.9998139871864521,0.00018473636300807392
7570,0.0525785797287635,0.00029683205955075313,0.0006477223471498794,0.9464768658645359
7571,3.0055057507696274e-06,0.9974368446374227,0.0025313740426428236,2.877581418376279e-05
7572,0.05446926235096555,0.00515659826524796,0.016861967315148888,0.9235121720686377
7573,1.0296938715331693e-06,0.9985175640765351,0.0014636143808004311,1.7791848792809475e-05
7574,1.4998547629887246e-07,8.379031483870971e-08,1.64056659699042e-07,0.9999996021675492
7575,1.7751767680879433e-10,1.0830257147983065e-10,0.9999944668162574,5.5328979224154865e-06
7576,0.0469674404319562,0.0076117302508975585,0.008257549803171697,0.9371632795139745
7577,0.9478630211847995,0.0053017654207097465,0.002137291249515366,0.04469792214497524
7578,9.855813312995045e-09,8.212420573347628e-09,0.9999753332465661,2.4648685200043757e-05
7579,0.022146213340965802,0.06901741211498208,0.881451541984769,0.0273848325592831
7580,0.017755328608344986,0.00015470402347817413,0.9470665213146133,0.03502344605356349
7581,0.9273544386904423,0.004688872809078126,0.026542463498678285,0.04141422500180127
7582,0.045375602488115625,0.05142346958535917,0.8744470348972768,0.028753893029248172
7583,0.02623491475835301,0.00041394750743308563,0.0013732100633914086,0.9719779276708227
7584,8.463865032015158e-05,4.792367917055249e-05,0.003432634162369901,0.9964348035081394
7585,0.9164233043376112,0.005372973934490155,0.034798992350307825,0.04340472937759061
7586,0.029945398264784838,5.4950478109875435e-05,0.9330528771244713,0.03694677413263404
7587,5.085980680733136e-07,0.9991571266253959,0.0007137185696321321,0.00012864620690381193
7588,7.596471726645316e-07,4.5832753695553306e-07,0.9991354192383853,0.0008633627869051345
7589,0.00020778910826769464,0.9778159169726803,0.02179829467651234,0.0001779992425395743
7590,0.0526257602063209,5.430449345003298e-05,0.0006111808085939313,0.9467087544916349
7591,0.9993192059885737,1.007018781352235e-06,0.000382585991598939,0.0002972010010462603
7592,0.00028318246273223414,0.00021759897766753777,0.0027345695183295204,0.9967646490412707
7593,7.305123219771331e-07,0.9986962193969983,0.001180419209086328,0.00012263088159333938
7594,0.0017236834128024044,0.00015811288812740129,0.00022145312874557424,0.9978967505703249
7595,0.05340141968729127,0.009887715945139385,0.012254401015969436,0.9244564633516
7596,1.5683322724304625e-05,0.9454982375216084,0.053649182703281575,0.0008368964523859405
7597,2.609329792983407e-07,1.5939174083050563e-07,0.9994540349231067,0.0005455447521732951
7598,1.9419263456010733e-08,0.9998715782965168,3.455791977866698e-05,9.384436444113208e-05
7599,6.389328704641047e-10,0.9999800456178561,5.433197882049384e-07,1.9410423422754055e-05
7600,1.0525391055984174e-07,0.9995129712762575,0.00046646021923158685,2.046325060029041e-05
7601,0.0011514198619802386,2.4961461993859547e-05,0.9684927258674043,0.03033089280862162
7602,1.7014319279020951e-09,0.9999385271092676,5.4446691303440226e-05,7.024497997042769e-06
7603,2.180213498569822e-11,0.9999927829452293,4.847229476278407e-06,2.3698034924990482e-06
7604,0.05394496655531638,0.008074266642000442,0.01435445273031628,0.923626314072367
7605,7.31516180646999e-05,0.9872160559892826,0.012688708946171336,2.2083446481401626e-05
7606,0.007202558736017377,0.011545050339741752,0.05579839057975677,0.925454000344484
7607,9.328807729131717e-08,9.081679850360184e-08,0.9998439170090906,0.00015589888603341923
7608,0.0010479132992339513,2.0298253983955145e-05,0.9338871274777433,0.06504466096903887
7609,4.168532167085729e-08,2.7917928875304706e-08,4.9228224889628574e-08,0.9999998811685246
7610,0.03532500463255312,0.000899676540043029,0.0009035400596527599,0.9628717787677512
7611,0.9995109910594321,7.476530420648345e-07,2.7892996988379142e-05,0.0004603682905374817
7612,3.173283498351507e-06,0.9988434968482816,4.830126509273252e-06,0.0011484997417108346
7613,0.0002952369830779262,0.02190364789432698,0.9769432051007156,0.0008579100218794555
7614,0.008487348733409039,0.002377914189361606,0.00048661388062696225,0.9886481231966023
7615,1.4663665011512513e-06,0.785339960165681,0.2143211024439108,0.00033747102390704843
7616,0.0012123763771882232,0.9985003297056285,0.00017104793896442172,0.00011624597821877463
7617,0.00010030256794823849,0.9860767526673551,0.011819124629050604,0.0020038201356460646
7618,0.054892479586346514,0.011419744944816568,0.021508450718610503,0.9121793247502265
7619,0.9974900113281036,1.7652953449803555e-05,0.00038860506730003434,0.0021037306511463745
7620,0.008590402860570362,0.0006237507459608243,0.9815730919086135,0.009212754484855373
7621,0.9997603599857675,3.8436248805516043e-07,5.060626613435316e-05,0.00018864938560983084
7622,0.00042105890725779426,0.9335025997150499,0.06440697212957688,0.0016693692481155036
7623,1.3752170554328992e-07,0.9995541278916164,1.900774832691152e-05,0.00042672683835127777
7624,3.6553557659909736e-06,0.9974736579977985,0.00236088206687121,0.00016180457956420662
7625,0.05463578059470339,0.004296638764247337,0.0171308048984855,0.9239367757425638
7626,6.291489478796912e-05,0.8996301957270504,0.09995324557606744,0.00035364380209408847
7627,0.05489126958773088,0.011468074456578057,0.02153884809105209,0.9121018078646391
7628,0.9998671251614252,3.086807207529301e-07,1.3398974910822064e-05,0.00011916718294322328
7629,0.0014381901314703828,4.707677291798326e-07,0.9922465865430438,0.006314752557756625
7630,0.8548737918767293,0.00028294976321538933,0.014767945569890618,0.13007531279016474
7631,8.611699316368048e-09,0.9998665466166411,0.00013142724131512857,2.0175303444292248e-06
7632,6.292967805333696e-06,0.9966622815896747,0.002875253394241058,0.0004561720482787957
7633,0.9882342651700431,5.545957300570938e-05,9.414854133967733e-05,0.01161612671561171
7634,7.640045188264573e-06,4.716253754435815e-06,0.9970415659969609,0.002946077704096279
7635,1.5402197535689805e-06,0.9981381720364327,0.0016272776148143965,0.00023301012899927613
7636,2.4868452078161137e-05,0.9925304968376342,0.0011457379255515993,0.006298896784736067
7637,0.0544418006315397,0.00370084536582039,0.016288823937732143,0.9255685300649075
7638,2.155516332133086e-05,1.1882485439243123e-05,0.9953087103218945,0.0046578520293446835
7639,7.830305003607653e-07,0.998816044651174,0.0010693934434590742,0.00011377887486659449
7640,6.889866375437453e-05,0.4807714963244087,0.5187701463907605,0.00038945862107657507
7641,0.9942467713815594,0.0016732763816983643,0.002111910188836007,0.0019680420479061544
7642,0.9966389869751038,8.739356607465153e-06,0.0030326344173367045,0.0003196392509520575
7643,0.0014256826834025116,2.2047217210258766e-05,0.004728799526132267,0.993823470573255
7644,2.213795037744178e-05,0.9930728080690824,0.006839814820895949,6.523915964419853e-05
7645,0.9514363819075647,2.4815449926825515e-06,0.0016904751347859854,0.046870661412656556
7646,0.9919508646854653,3.350564634415565e-05,9.659223356356947e-05,0.007919037434626934
7647,0.9992267812764799,5.8312075378366255e-05,0.00045647107111502236,0.000258435577026821
7648,0.029708829915604737,0.04162647257051176,0.9167133209208049,0.011951376593078765
7649,0.0002118693453799462,0.9778918208713802,0.02186702783246718,2.928195077270793e-05
7650,0.05451169209985681,0.012842224323616687,0.02210323820606535,0.9105428453704613
7651,4.527715802697739e-12,0.9999981694665963,4.6313382289717135e-07,1.3673950529325457e-06
7652,0.9985136725002559,2.4733862546522207e-06,0.0005534632696405367,0.000930390843849143
7653,5.1239190335477e-11,0.9999898987467751,9.597907786587716e-06,5.03294198979078e-07
7654,0.997251441720063,0.00016285740928434687,0.0001381321458019384,0.00244756872485085
7655,1.6081579478247318e-09,0.9999394749519419,3.883904428145828e-05,2.1684395618794754e-05
7656,0.002663549245013706,0.0003241869675210052,0.006509816050913298,0.9905024477365519
7657,0.05308970248178404,0.007541232161982571,0.00856423826829172,0.930804827087942
7658,2.3674209204202337e-08,5.0163686101621253e-08,0.999896124065117,0.00010380209698767948
7659,0.994301289275747,2.5136354983035166e-05,0.0019894766315071938,0.0036840977377627193
7660,1.2995064322186827e-05,7.969679209842474e-06,0.9961341290882975,0.00384490616817029
7661,0.9447749427956363,0.005059195009595593,0.003453951379690409,0.04671191081507753
7662,3.2496726736992986e-09,0.9999417795239274,2.9114020862131375e-05,2.9103205537810597e-05
7663,1.1519878258032336e-07,0.9995387409324902,0.0004540015663597555,7.142302367535786e-06
7664,0.0021152145042897834,1.436462751136404e-05,0.05994624427069445,0.9379241765975046
7665,0.024130538811594042,4.2224566977238434e-05,0.9109727651620361,0.06485447145939266
7666,1.8338007712991093e-12,0.9999983095413018,7.926529761393531e-07,8.978038881596759e-07
7667,8.196773706183639e-06,0.9572361649413628,0.042588669855528644,0.00016696842940211635
7668,0.000206188602226486,0.9793024938697475,0.020415324843203443,7.599268482244382e-05
7669,7.658471502463164e-11,0.9999931819769841,1.0478037596790848e-07,6.713166055175853e-06
7670,0.0008653196955689058,4.5137616298891706e-07,0.9976238563559836,0.0015103725722844684
7671,0.9836741151761502,0.00011906831058359734,0.00040755630376193385,0.01579926020950427
7672,0.9909034338012139,1.993789676542601e-05,0.007056467636589564,0.0020201606654311026
7673,4.872683686472028e-11,0.999994453616362,9.255387142859811e-08,5.453781039651497e-06
7674,0.9981449796163703,1.550145262133958e-06,0.0006310997939257747,0.0012223704444417817
7675,0.0003196542213664857,4.572380963507002e-05,0.05076294240426569,0.9488716795647325
7676,4.846750408759754e-05,0.9887677660966171,0.007532706233502686,0.0036510601657926286
7677,8.297327088386791e-08,4.903007891030346e-08,0.9999483006665029,5.1567330147380045e-05
7678,0.008230542700053769,0.00020086777937804043,0.9267452182803503,0.06482337124021774
7679,5.4324273722745336e-11,0.9999920504076092,2.5337228269794445e-06,5.415815239574656e-06
7680,3.618018909693236e-06,0.9972877206592885,0.0026103961829764435,9.826513882535611e-05
7681,2.6048744243969055e-12,0.9999980046645566,8.947973558492436e-07,1.1005354827516666e-06
7682,8.351343424910683e-11,0.9999938089737949,2.515053417913441e-07,5.939437349880011e-06
7683,0.9994750265423782,5.706213452330215e-07,4.748079112334853e-05,0.0004769220451531095
7684,1.7274471317791537e-07,1.0653645638266737e-07,0.9997993840336344,0.00020033668519598119
7685,0.002755431257294389,0.0019586403236977255,0.990546568824538,0.004739359594470124
7686,5.327770056950368e-07,0.9988766981304836,0.0009997236659845547,0.00012304542652618068
7687,4.5200124937423145e-06,0.9966428302160502,0.002869684595062807,0.0004829651763931233
7688,2.4859316132392952e-05,0.06876253636800143,0.9309831925482612,0.00022941176760478803
7689,0.0023055815863397625,5.3430710519176916e-05,0.012122938220569248,0.9855180494825719
7690,0.00020628268756181848,0.9786033980517016,0.02096578412813245,0.00022453513260426496
7691,0.9926003000109056,0.00046500065288794724,0.005528880645449711,0.00140581869075685
7692,0.003488095123172211,8.362723546690137e-05,0.0008691093904064709,0.9955591682509546
7693,7.286094816216871e-09,0.9999352424204908,2.9552803541627222e-06,6.179501306003693e-05
7694,0.05483397370262538,0.011741948198620115,0.0215814565937798,0.9118426215049749
7695,1.532697725842362e-09,9.75351382413268e-10,0.9999618580722826,3.8139419668276965e-05
7696,0.0006948423947606815,9.436069317671709e-06,0.9986268324452328,0.0006688890906890021
7697,0.012321550861879473,0.0003556813427753046,0.05959518825165051,0.927727579543695
7698,7.53714780336755e-09,0.999860284214881,8.93264371036879e-05,5.038181086750432e-05
7699,0.0011185186747984556,2.0705168757647026e-05,0.9338446811891044,0.06501609496733962
7700,0.010071273132917311,6.749248396081978e-05,0.011144425510644816,0.978716808872477
7701,0.05261164730608186,0.002836019042315121,0.004711339574575639,0.9398409940770273
7702,0.053961114909081107,0.01423507454606995,0.022396143642371823,0.9094076669024772
7703,6.4678272121065384e-09,3.949877961144445e-09,0.9999158230844188,8.416649787590418e-05
7704,7.363326018786868e-05,0.06872470006926969,0.9294040267292722,0.001797639941270299
7705,4.613851988395961e-09,0.9999392079203169,3.229329253086945e-05,2.8494173300165473e-05
7706,2.957453951936646e-11,0.9999948071978872,7.187044929523801e-07,4.474068045264276e-06
7707,0.0003301457784352206,0.021143546548916998,0.9764590452118732,0.0020672624607744423
7708,0.9327199821092871,0.005355379569403264,0.03077315475112719,0.03115148357018227
7709,0.05483292365878205,0.010150511771065752,0.019882104735350053,0.915134459834802
7710,8.872633650537263e-09,0.9998918592463085,4.070819641560726e-05,6.74236846419835e-05
7711,0.052885126663034715,0.004512214053940279,0.006753181439153451,0.9358494778438715
7712,7.788354199541929e-07,3.614908080100883e-07,7.488291791311183e-07,0.9999981108445929
7713,7.327984827906497e-05,0.09164753275291056,0.9079967457551837,0.0002824416436265243
7714,0.001468725060582757,0.9725454800826521,0.02587438953941756,0.00011140531734757172
7715,4.86023104514675e-07,1.6672922523385426e-07,3.254493740993072e-07,0.9999990217982961
7716,1.7330919779808273e-07,3.760166880715077e-07,0.9999737768068047,2.5673867309564455e-05
7717,1.1237783470225648e-11,0.999997521618714,9.974924357243032e-08,2.3786208045472435e-06
7718,1.2401305006975252e-06,0.9983522853572265,0.0014217519481171045,0.00022472256415557722
7719,0.0469542254022605,0.008341303697652576,0.019091659968156583,0.9256128109319303
7720,1.7045752476234701e-07,1.2866675931853298e-07,0.9995658640805734,0.00043383679514262053
7721,0.935755129357118,0.005669217942845008,0.011389087988041977,0.047186564711994915
7722,0.0024436783748642134,0.0001354504294099713,0.017648598013637655,0.9797722731820884
7723,0.9838329082224969,8.580025427064669e-05,0.0005898103082899222,0.015491481214942732
7724,0.9471929505215919,0.0015283127763269936,0.004420640895018185,0.04685809580706289
7725,0.9852277444565425,0.0016527131752131648,0.012114336815370552,0.0010052055528739206
7726,1.0357626279005044e-07,0.9996464099239406,2.1740108725644944e-05,0.0003317463910707753
7727,6.201116581937048e-05,0.9654081290699564,0.03432754573834297,0.00020231402588133604
7728,0.018528771253746554,8.785452788821477e-05,0.9752101008752768,0.0061732733430887345
7729,0.9271083719272419,0.00014963034818981537,0.03766947352194736,0.03507252420262104
7730,0.949566309949426,4.071438062750442e-05,0.0035372188930763646,0.04685575677687007
7731,7.179804999020729e-09,0.9999128990708374,1.8311102546189718e-05,6.878264681140835e-05
7732,1.6291370378784617e-10,1.690261968561283e-10,0.9999950750560076,4.924612052585761e-06
7733,0.9857439108970147,0.010363519476905737,0.00029538120878510167,0.003597188417294608
7734,1.3436808546750636e-06,7.669514564131832e-07,1.490007323952966e-06,0.9999963993603649
7735,0.010151475467159686,3.7955977422974316e-05,0.958931049375902,0.030879519179515466
7736,0.00013335154591937454,0.9823683332822947,0.017146865595959557,0.000351449575826386
7737,1.1788503555957529e-06,7.197578989335248e-07,1.3461969257767166e-06,0.9999967551948197
7738,0.0066709624230239925,0.9782098315552772,0.013767200132824576,0.0013520058888742664
7739,1.9630871853447479e-13,0.9999995843614182,9.99636852073612e-08,3.15674700356107e-07
7740,3.0069282526712723e-06,0.9974084925344315,0.002521489072737403,6.701146457835475e-05
7741,0.0001658446988437592,0.9319269481821403,0.06438477092688553,0.00352243619213036
7742,9.658259850763529e-10,0.9999502680869206,4.3331701445443256e-05,6.399245807829215e-06
7743,1.4312497476415783e-05,0.9342088574908264,0.06448396384301605,0.0012928661686811588
7744,1.3581999111183887e-06,2.1298059869886804e-06,0.9993587463276442,0.0006377656664577462
7745,5.453699866317775e-07,4.2547731128249826e-07,0.9992484927451619,0.0007505364075403115
7746,0.9371479773316308,0.0059091090325571,0.009880083343440735,0.04706283029237158
7747,0.7532759234736512,2.615589772369151e-05,4.0780552476728834e-05,0.24665714007614814
7748,2.1265994499905562e-07,0.9997412416389029,3.365605675306746e-05,0.0002248896443992276
7749,0.003508312967518137,0.9881426901369005,0.0019315704329413888,0.006417426462639869
7750,0.0006001136356955223,1.0170084221668658e-05,0.002061832940334456,0.9973278833397481
7751,7.50828508763315e-07,0.9987334472642163,0.0012550663341833487,1.0735573091423458e-05
7752,0.03075325856274393,0.0001261043679002348,0.006573675681968004,0.9625469613873876
7753,0.9472143025253144,0.00029141207241205574,0.016096177419736162,0.036398107982537724
7754,0.9993863254492259,3.5163156195167847e-06,0.0004505529813255923,0.0001596052538290617
7755,0.995139927107237,2.3801695096096473e-05,0.0009994077622180637,0.0038368634354489853
7756,0.9954867226635691,1.6682855109406658e-05,0.00041990508215836153,0.004076689399163234
7757,0.9890718721421428,3.3151095904519645e-05,0.001280980000894884,0.009613996761058055
7758,4.484502664619203e-11,3.323091839445943e-11,0.999994905839757,5.0940821671434995e-06
7759,0.00301737331052097,0.0002712389494469122,0.0001957920863114277,0.9965155956537205
7760,1.140304223297388e-06,1.8973338100803685e-06,0.9994206863224047,0.0005762760395620414
7761,5.075500336394298e-06,0.996572647402744,0.002864083704395631,0.0005581933925241138
7762,1.1364784442055584e-07,6.672238338774807e-08,0.9997995223853454,0.0002002972444266514
7763,0.04266137150686167,0.014513747613841667,0.9169082232687954,0.025916657610501128
7764,1.8132249746063524e-06,0.9979682675647139,0.0019635718964632126,6.634731384846678e-05
7765,3.412173217280041e-05,0.9920785813838422,0.007678897179117552,0.00020839970486734595
7766,0.05316682887091034,0.0076682001799057405,0.009463634590569613,0.9297013363586144
7767,6.552871188194686e-09,4.273924490478291e-09,0.999916780550301,8.320862290335918e-05
7768,0.9519993309105579,0.000593447392654796,0.0005165230380110037,0.04689069865877652
7769,6.873068126309596e-05,0.9876533863727104,0.012266337543773443,1.1545402253097228e-05
7770,0.9503228360396748,4.375635337001746e-05,0.012451156202489065,0.03718225140446635
7771,0.0002520500704488083,0.17136230516565418,0.8122105247642284,0.01617511999966835
7772,8.279322031585183e-05,0.9863819333284439,0.013516668556410854,1.860489482930603e-05
7773,0.9992048733701953,5.045200320738641e-06,0.0003882824010963933,0.00040179902838767285
7774,2.5810286740703525e-09,0.9999264672938181,7.177726421907589e-05,1.7528609340618842e-06
7775,2.4988165833867006e-05,0.9339155846051852,0.06455118149395267,0.001508245735028178
7776,4.138758961721935e-08,0.9998237344630384,2.366891913194455e-05,0.0001525552302399592
7777,0.95074161042742,1.75752235417551e-05,0.0023761715352120533,0.04686464281382622
7778,2.928135916602333e-07,1.6991254500848498e-07,0.9994525951477066,0.0005469421261567408
7779,0.0013351991016346476,3.9055715740990786e-05,0.9966009867309437,0.0020247584516808236
7780,2.5009027209443343e-06,0.9976900889853354,0.002294127435944829,1.328267599873916e-05
7781,4.3987997008297825e-12,0.9999973520696029,1.2121566671393404e-06,1.4357693311219902e-06
7782,0.9988171554006854,2.742861955053724e-05,1.6183861441395844e-05,0.0011392321183227082
7783,1.0295356179549595e-08,9.304618690207456e-09,0.9998878123112362,0.00011216808878892063
7784,0.01026458393965184,6.39956893202654e-05,0.9248520659910112,0.06481935438001674
7785,0.008273714602920345,0.00012332355752678022,0.0005657522527167975,0.991037209586836
7786,3.34055139559667e-08,2.0687638107813576e-08,0.9999300968331094,6.984907373844755e-05
7787,3.577511035046918e-09,0.9999043585392107,8.428917582821388e-05,1.1348707449994423e-05
7788,4.491640924604464e-09,0.9998978563572077,8.077462004508149e-05,2.1364531106268635e-05
7789,0.008572759268904499,0.0012728534277634343,1.3114080952147528e-05,0.99014127322238
7790,0.001529736563073471,0.06812549181100741,0.9149982583423536,0.01534651328356586
7791,0.998286126741302,2.8072328663468032e-06,0.0010080028674392552,0.0007030631583923281
7792,1.589649565671767e-14,0.9999998413058108,9.993444315061881e-08,5.875973018985344e-08
7793,8.137146303322502e-08,0.9995533958183596,0.0004062731543122724,4.024965586487115e-05
7794,0.005602624008477067,0.9506430292663314,0.031396594829874495,0.01235775189531696
7795,1.9823560560822042e-07,0.9993119901816321,0.0006409141298511078,4.689745291121535e-05
7796,1.6298768825191947e-07,1.0055122513878706e-07,0.9997864120870203,0.00021332437406631775
7797,1.8664933931931993e-05,0.9933325309168165,0.004149246195260961,0.0024995579539908263
7798,0.0063218474319122,0.9876675974069642,0.002198154493790443,0.003812400667333347
7799,3.582928158095841e-07,0.9992375149382907,0.000754839324247826,7.287444645517303e-06
7800,5.381024577692547e-10,0.9999765659108079,6.069594953176162e-06,1.7363956136445374e-05
7801,0.9976253130292387,2.770035470246577e-06,0.0013613786067939039,0.0010105383284971356
7802,0.055057944857007324,0.008985014402664413,0.020366557611860434,0.9155904831284678
7803,0.9949329829206872,0.0007707744721264081,0.0005695095157421678,0.003726733091444193
7804,0.0076929095412325964,0.021238258082880393,0.9047567388683486,0.06631209350753822
7805,0.0006370899746237567,0.020978751354707954,0.9689382678514564,0.009445890819211999
7806,0.05264403249559473,0.0013646425113864559,0.0038742956705695216,0.9421170293224492
7807,0.9963548767543114,2.483089360800886e-05,6.922770975674965e-05,0.0035510646423236544
7808,0.009221734124096981,5.360595066206292e-05,0.002562460711674169,0.9881621992135668
7809,1.9113758057269344e-12,0.9999988432182235,1.507791994001159e-07,1.0060006656793636e-06
7810,1.0086044766780615e-08,1.3527675467825804e-08,0.9999180604156782,8.191597060153518e-05
7811,1.0165199347136961e-05,0.9951959415274545,0.003199651764178359,0.0015942415090200415
7812,8.908927268052327e-06,0.9949858542080552,0.0038312496154920654,0.0011739872491846686
7813,0.0024757535490858066,1.7112956919108136e-05,0.059802135113728415,0.9377049983802664
7814,2.4576768220497606e-09,0.9999248714833685,6.950526130285002e-05,5.6207976518020425e-06
7815,0.9611258723158039,0.0014943050671171684,0.00015166912342680047,0.03722815349365203
7816,0.9879333233625305,7.681930106286898e-06,0.0025043285317435156,0.009554666175619526
7817,7.327357312747388e-07,0.9987703795678213,0.0009266888158629027,0.00030219888058450277
7818,0.9424742006892026,0.0002269269687601612,0.010293985041062693,0.04700488730097422
7819,1.8031294686667352e-07,0.9993475957636322,0.000585219365303745,6.700455811713675e-05
7820,0.948446350035933,0.0012475807235630232,0.003503173749845293,0.046802895490658615
7821,0.9513752193528437,0.0010387474116722159,0.000690299740579927,0.04689573349490425
7822,2.1138529470082527e-05,0.9932221415319484,0.00634488099151235,0.0004118389470691131
7823,0.0030447500092480673,2.256812434881716e-05,0.002186533921247972,0.9947461479451548
7824,0.000175481981107958,0.9373725782428622,0.061986166272335705,0.0004657735036940677
7825,0.9508016910024576,0.00027347207397537864,0.0020088396068852804,0.04691599731668184
7826,0.0001157488233968876,0.984191327877636,0.015612078813818757,8.08444851483168e-05
7827,8.987566314975877e-07,0.9991943515971459,7.903659940956211e-05,0.0007257130468130397
7828,0.005162048932309121,0.0009802225904271648,0.984432438163215,0.00942529031404876
7829,0.005094301246649449,1.6318263060521603e-05,0.07798003521137856,0.9169093452789118
7830,1.8701776893434277e-07,0.9996830501808491,2.363937914625741e-06,0.00031439886346732067
7831,0.001514233672646513,0.0003121072601098145,0.9977728305070475,0.0004008285601963399
7832,1.102594785724002e-11,0.9999974326653939,1.103930260668021e-07,2.456930554114956e-06
7833,0.00019434640074784672,2.1038142386859967e-05,0.0023880029448405766,0.9973966125120246
7834,0.04168062712826164,0.021783003174252052,0.8754459646110515,0.06109040508643492
7835,0.05253316113803957,0.006276342966853419,0.0015790002562114799,0.9396114956388953
7836,7.919175814859837e-07,0.9986394511355107,0.001215105571073021,0.00014465137583464464
7837,0.9484988611877554,0.0002184730540968385,0.032409235965523614,0.018873429792624057
7838,0.998264429250003,2.3446593577639703e-05,3.557933974306951e-05,0.0016765448166762428
7839,4.86650554186706e-08,0.9996461509841705,0.00030291588661779536,5.0884464156122604e-05
7840,0.030557185870518193,0.00010721635487849532,0.00129464678497385,0.9680409509896295
7841,0.0022264999156489784,5.4794597123428615e-05,0.0003811442769176013,0.99733756121031
7842,0.002882842111442206,0.006691828539665644,0.9867870267616686,0.0036383025872234282
7843,0.001316831617402475,6.752999095837367e-06,0.9983692772668362,0.00030713811666540486
7844,0.00015383687889911686,0.9351156950828333,0.0646331476289484,9.732040931914153e-05
7845,5.050051384852216e-07,8.39931980823445e-07,0.9999411145465634,5.754051631737292e-05
7846,0.0002536832728737981,0.9755995228592903,0.024082960561699535,6.383330613635026e-05
7847,5.896396759986537e-07,8.665245856924309e-07,0.9991773944323772,0.0008211494033611318
7848,0.9999845523360107,3.5237546239668044e-07,5.018161760142851e-06,1.0077126766807133e-05
7849,0.935425636360651,0.005616008678037635,0.011647535064815704,0.047310819896495555
7850,1.0934122456144017e-06,6.564964920879849e-07,1.2415911367032126e-06,0.9999970085001256
7851,0.05329767184718018,0.008610743577122928,0.010892650254514151,0.9271989343211832
7852,6.378903301699163e-06,0.9962422988628786,0.003655490943228335,9.583129059138381e-05
7853,2.8316740964984966e-09,0.9999694747262867,1.2840439086608646e-06,2.9238398130728245e-05
7854,5.272294869076505e-11,0.9999886988437668,1.0455363570681759e-05,8.45739939631383e-07
7855,0.00036648923904866444,0.7617366927401832,0.23757580947643342,0.00032100854433505025
7856,0.0073303703554472395,0.001083514572158466,0.9879960063271654,0.003590108745229108
7857,0.99373804244956,0.000504638649687114,0.0030945472136629207,0.0026627716870899166
7858,0.0015960547964385698,6.157610268194126e-05,0.3242553085626508,0.6740870605382289
7859,0.9851024357814848,7.119902676440186e-05,0.004493490392533185,0.010332874799217526
7860,0.9795031325842662,0.00022108478716779614,0.000318567268034527,0.01995721536053156
7861,0.9988696517348639,2.9212302343319262e-05,7.236471271136844e-05,0.0010287712500816832
7862,3.816736412725401e-06,0.9979316274442731,1.2192256177823644e-05,0.002052363563136579
7863,4.688455969072061e-08,0.9997007589845441,0.00011756479962835947,0.0001816293312676914
7864,2.263449891910546e-06,0.9977642124969913,0.0021824791456056384,5.104490751105439e-05
7865,2.499868322864132e-07,0.9993566946349947,0.000627931538189449,1.5123839983597744e-05
7866,0.0004832700298619874,0.964096809057318,0.030920144909005187,0.00449977600381497
7867,3.513455474355827e-11,0.9999907456191456,8.239729002152901e-06,1.0146167179147312e-06
7868,0.008757428628061508,0.003036829855220239,0.007644586993882858,0.9805611545228354
7869,1.0405509001611355e-06,0.998899664468753,7.39144362902644e-05,0.0010253805440566357
7870,0.998760463747967,2.1561380289948985e-06,0.0011246787155119466,0.00011270139849208521
7871,1.1166492174692475e-05,0.9950961738676257,0.004852429379311325,4.023026088838253e-05
7872,0.0029840795491000915,1.2708197875571523e-05,0.9903484415944345,0.0066547706585899265
7873,0.006023325916078377,0.9794868690029229,0.004659568712384195,0.009830236368614197
7874,0.9518912043501179,0.00021389315313012706,0.02049299350881723,0.02740190898793494
7875,1.0670373533764013e-06,4.491251192185186e-07,7.994568222139548e-07,0.9999976843807052
7876,4.404589791783179e-07,2.657916698721592e-07,5.01963282176684e-07,0.9999987917860689
7877,0.02947544602111667,3.841485539928437e-06,0.9694318787938643,0.001088833699479261
7878,2.583657279759675e-12,0.9999977815215769,1.2277719689310435e-06,9.907038704772111e-07
7879,0.9804778619130481,9.78355841603011e-05,0.015800157871296655,0.0036241446314950214
7880,0.9500655382142628,0.0008695496732723532,0.0022483049689575162,0.04681660714350736
7881,3.5952946072056086e-07,0.999046134761791,0.0008522084598855032,0.0001012972488626464
7882,0.9536524906492498,0.010347315233208329,0.01515965718511223,0.020840536932429553
7883,3.0201481100749487e-12,0.9999985905595932,9.956771033497121e-08,1.3098696761209373e-06
7884,0.010864478563908113,0.9466492011433152,0.03367983755654191,0.008806482736234807
7885,9.924460743572786e-05,0.9853263314277264,0.014163796978935807,0.0004106269859020311
7886,5.308773029165318e-07,3.549355706245478e-07,0.9992704150710708,0.0007286991160556319
7887,1.450685845278648e-06,5.122334731287771e-07,8.194589836047021e-07,0.999997217621698
7888,0.0007225672037766588,0.00022270723272085877,0.0257519560638406,0.9733027694996619
7889,0.9514857246394135,2.2931409146580624e-05,0.0016184159566400673,0.04687292799479953
7890,8.711138252109984e-06,0.9353152088900295,0.06460400446126044,7.207551045813602e-05
7891,0.9690618012250051,0.0005954676427087404,0.029450338098502473,0.0008923930337837653
7892,0.000863150378958889,1.1787433598594606e-05,0.9341378825234813,0.06498717966396135
7893,2.4012959328980443e-10,0.9999882319498183,1.0027860570872196e-07,1.1667531446390708e-05
7894,5.846756408697158e-07,3.5992940811070513e-07,0.99994608467176,5.297072319100922e-05
7895,4.7181036848178736e-07,0.9991075417925913,0.00038927403474877574,0.0005027123622915094
7896,0.0019854001908473345,0.00046531493331344523,5.100832097912179e-05,0.9974982765548601
7897,2.9075877514710102e-05,0.00919313306380925,0.9903460705759375,0.000431720482738609
7898,0.9465165398008911,0.0030496461483309994,0.003720118533912239,0.046713695516865515
7899,1.3832513544007153e-06,1.0035330852904e-06,0.9987798617994628,0.0012177514160973749
7900,5.253963248676984e-07,1.8957029972371919e-07,3.371972933666005e-07,0.999998947836082
7901,0.0022753505149569545,0.9748571220984609,0.022095361243201286,0.0007721661433804246
7902,0.9367833516307279,0.0053323182497575965,0.010894526509265463,0.04698980361024904
7903,0.9523791795821106,0.00031231152957790384,0.0003394090618719956,0.04696909982643942
7904,3.323131143537951e-05,0.9918482520283408,0.008075923340783811,4.259331943986789e-05
7905,0.0006032890221232878,0.019501182951234968,0.9759456402682436,0.00394988775839822
7906,1.4536170797606245e-08,0.9998204590315325,0.000168750590229635,1.0775842066927532e-05
7907,0.0074693480947110105,0.9471395039179681,0.030200464677695858,0.01519068330962514
7908,0.00011936008421523832,0.9350784479194992,0.06456923584829936,0.00023295614798628751
7909,9.349678648163907e-08,0.9996123625482768,0.0002581854760025736,0.0001293584789340029
7910,0.9397063605930122,0.00043717103803449437,0.035190757325174876,0.02466571104377867
7911,0.9520053120453513,0.0002864967055871729,0.000809366130745394,0.04689882511831602
7912,0.0030495758487856647,5.3910791140179e-05,0.005293727723506996,0.9916027856365672
7913,0.9943320160380318,2.5215143701936342e-05,0.0022853765845268115,0.0033573922337395115
7914,0.022907747874097488,8.354175950597808e-05,0.9714661509857437,0.005542559380652735
7915,0.0007727597143233203,0.9612789050526314,0.037433431184764075,0.0005149040482811883
7916,0.9522823506891026,0.00024034894106385112,0.0006002245708977267,0.04687707579893616
7917,8.092850534349263e-10,6.126692879398956e-10,0.9999854367760193,1.4561802026310492e-05
7918,0.00037689470803267406,0.9717935400647546,0.02345368727334466,0.004375877953867923
7919,8.0035293670146e-09,0.99992362343552,2.9449548447366784e-07,7.607406546643447e-05
7920,0.0023386873484639082,9.920980741973725e-06,0.0006391197999416336,0.9970122718708526
7921,0.9639191382746212,0.0006096563793152394,0.0006637828303088669,0.03480742251575483
7922,0.0046689755038042255,0.0003590249748755417,0.994275499057625,0.0006965004636951169
7923,0.9985211116009924,4.4462923907460275e-06,0.0013103013938086645,0.00016414071280825273
7924,1.4372006466446623e-07,0.9996518729854621,3.972951563323189e-05,0.00030825377884007753
7925,0.00433391394142097,0.9628093540984078,0.026313126467445266,0.0065436054927262
7926,0.9357221443345344,0.005645379361131087,0.01136731235204243,0.04726516395229215
7927,0.0018048236515876281,0.0004029414437259498,3.326249678262525e-05,0.9977589724079038
7928,0.9951720674630598,7.4541029831588e-05,0.0002674706216923141,0.004485920885416218
7929,0.0015113436948876245,1.1884930273743018e-05,0.059898169466371026,0.9385786019084674
7930,0.005875110856664623,0.9245738931542274,0.0638121965245303,0.00573879946457751
7931,1.6009622468665283e-08,0.9998395579111996,0.0001221942192307155,3.823185994738801e-05
7932,0.0008124879831441463,0.9314349052833165,0.06409164160135004,0.0036609651321892855
7933,5.06350877082579e-10,0.9999647408125399,2.402263503502414e-05,1.123604607420726e-05
7934,0.00011160635232517814,0.9841360614593507,0.01574004555874308,1.2286629581052507e-05
7935,2.616201313920343e-07,0.9995234296070964,4.27296821393806e-05,0.00043357909063271066
7936,5.143755603519081e-05,0.9482319852078498,0.049025846394168876,0.0026907308419462685
7937,1.4804424665132235e-11,0.9999946013125447,2.970289654078845e-06,2.428382996696454e-06
7938,0.0035246959752679844,0.9953047766977282,0.000914306043023056,0.00025622128398047005
7939,1.3134626127406905e-05,0.9946661282470597,0.005294524310219962,2.6212816593001347e-05
7940,7.961552121749335e-08,0.99971732027682,1.5023932092736922e-05,0.00026757617556597804
7941,0.0003740532114394355,0.973257343755917,0.026322251356172357,4.635167647122567e-05
7942,0.9898186966599426,0.00018203191408935597,0.008538975291601072,0.0014602961343670384
7943,0.03688250125523775,0.0002974020285312261,0.012541112151409673,0.9502789845648215
7944,0.984196564197203,0.002387381096141864,0.007964477098433691,0.005451577608221631
7945,0.01989035914575209,0.06887845849358745,0.8864596689789848,0.024771513381675554
7946,0.9791380171471041,0.00030056544039784686,0.00018533039006459273,0.020376087022433428
7947,0.9664637344073972,0.0027517616330556215,0.002137997864262851,0.028646506095284283
7948,0.9886193623220493,0.00013343109351616835,0.0048139299206301405,0.006433276663804309
7949,0.00608734970757678,0.986427436122406,0.001984392169586322,0.005500822000430958
7950,4.1708493350073455e-10,0.9999698856426551,1.8099801500568735e-05,1.2014138759274555e-05
7951,2.9353860038558585e-08,0.9997441581463328,0.0002100717762131689,4.57407235938714e-05
7952,0.00010657327949531894,0.929225763687696,0.0643904717358964,0.006277191296912021
7953,0.9579455943726859,0.00043723261422033954,0.03494742452083814,0.00666974849225575
7954,0.0009039192835751373,4.108553556945086e-06,0.9931278946199213,0.005964077542946616
7955,2.485240039596443e-08,2.1435103295374808e-08,0.9999804931803701,1.9460532126087595e-05
7956,1.2741211776176302e-13,0.9999996515115682,9.995568522179422e-08,2.485326193191559e-07
7957,9.990048592976811e-06,0.9949831015390227,0.002525763817862651,0.002481144594521576
7958,2.0753060020276783e-11,0.9999961568026426,6.493514387962863e-07,3.193825165626152e-06
7959,0.9574463841730425,7.960193833758795e-05,0.025722211143444754,0.01675180274517518
7960,1.2407212380756194e-10,0.9999951565847789,1.9548106638511996e-06,2.8884804851640065e-06
7961,6.9235249461849525e-09,0.9999100714929304,3.203702371702045e-05,5.788455982768807e-05
7962,3.2464420842994255e-09,0.9999377912874787,6.337754314346002e-06,5.5867711764980924e-05
7963,0.9791461343258102,0.00020511331220510347,0.002802971497033353,0.017845780864951467
7964,8.359991843485747e-05,5.1578479209289454e-06,0.002925227524610358,0.9969860147090341
7965,0.0007943436264310596,6.497360747544083e-05,0.359210280322483,0.6399304024436108
7966,0.9988143961439944,1.25041603075371e-06,2.662642794449748e-05,0.0011577270120304165
7967,0.051731546706566094,0.0006429215852639127,0.014292920695064777,0.9333326110131053
7968,3.0474373335818494e-06,0.9975373990636012,0.0024236035198492837,3.5949979215848405e-05
7969,2.4043534225942762e-06,0.9986388047663095,3.224120536331436e-05,0.0013265496749046476
7970,0.9842996680378258,0.0027293911309776786,0.0021086521085592895,0.010862288722637305
7971,0.05357999188893376,0.007228164485901346,0.01222579926367696,0.926966044361488
7972,0.05485675612799372,0.004768232647812987,0.018487650604113087,0.9218873606200799
7973,7.1949722280205695e-06,9.01200908390003e-06,0.997317793589329,0.002665999429359077
7974,0.0058773094091034645,0.0010234694932036072,0.00042970419047854585,0.9926695169072144
7975,2.054444533160965e-08,1.239782366987597e-08,0.9998544511616042,0.00014551589612679758
7976,4.3712397548741306e-05,0.9901935966168744,0.009719140984509657,4.3550001066936275e-05
7977,3.868922655356362e-06,0.9970809689074767,0.002872781553598237,4.2380616269806397e-05
7978,0.0036381370773366666,0.9924622927597275,0.001315627794136758,0.002583942368799189
7979,3.861973725044171e-08,2.3335251833279846e-08,0.9998170959624526,0.00018284208255838483
7980,0.934704714018595,0.006200972314759255,0.011706936794618067,0.047387376872027605
7981,1.6090382147894747e-11,0.9999964598865426,7.522249553208798e-07,2.787872411652438e-06
7982,1.2149902066195465e-05,0.9959630639243077,0.0007827773929169761,0.0032420087807092015
7983,1.6796705921870863e-11,0.9999934905085104,4.995753874443817e-06,1.5137208186836017e-06
7984,0.999695599355243,6.324181124219771e-07,7.523105518966371e-05,0.00022853717145498274
7985,0.05244909078458761,0.009601063017833355,0.0034392057044502562,0.934510640493129
7986,0.0008702100078801261,2.4402833395188825e-05,0.0001735613899811656,0.9989318257687436
7987,0.030587893963510946,0.002367478277791188,0.006289093061484914,0.9607555346972134
7988,0.9514026089728986,0.0007091818495204591,0.001043877420860719,0.046844331756720134
7989,2.3627999559617953e-06,0.9975829391232814,0.0020261065563973693,0.0003885915203651943
7990,6.636725151233802e-09,0.9999254739330505,1.44647155165636e-05,6.005471470779681e-05
7991,0.9798504970478679,0.00034727724764919944,0.0015881516824749332,0.018214074022007982
7992,0.052647396320747046,0.0005068619263941994,0.0001129027865522189,0.9467328389663066
7993,9.640605652827123e-06,0.9671559086377667,0.03273472329207952,9.972746450074592e-05
7994,0.0023116192075821928,5.9435464598568265e-05,0.00018805587818865636,0.9974408894496305
7995,0.9606757188665848,0.0005721070486235904,0.03221631900803482,0.0065358550767567756
7996,0.020874381005370275,0.0034655041944300184,0.9696196535932416,0.006040461206958141
7997,0.9417554791667746,0.005122207664613669,0.00634285788688642,0.04677945528172526
7998,0.9508802004418683,0.0007375649478115309,0.0015618225203229458,0.04682041208999728
7999,0.05319690921779495,0.007716543663162412,0.009860111357295254,0.9292264357617475
8000,0.0012535011857867,3.35803816455809e-05,0.9962251022639473,0.0024878161686202444
8001,1.3941179986532591e-08,9.877664083907418e-09,0.9998758155158861,0.00012416066526973644
8002,0.052989874628764526,0.009842441541351787,0.009469236528463536,0.9276984473014201
8003,2.5803569123464368e-08,0.9997467522561471,0.00017804158312566238,7.51803571580005e-05
8004,0.999935043923451,1.4431031116987692e-07,1.2994421013029313e-05,5.181734522471965e-05
8005,0.052538493280820955,0.004186805077295151,0.00044836185813622114,0.9428263397837477
8006,5.12810962527682e-10,0.9999736450464372,1.230276730440899e-05,1.4051673447412353e-05
8007,0.0032994389979024673,0.0003226221207334892,0.9957801266413979,0.0005978122399663247
8008,1.4443629209492803e-05,0.9942907043084602,0.005591037662818947,0.00010381439951141185
8009,5.252020669830593e-07,5.97773823399401e-07,0.9994320424059364,0.0005668346181730775
8010,1.8599426212186235e-07,0.9993139653869453,0.0005990490635015226,8.679955529109409e-05
8011,0.9758232573533254,7.887572578822e-06,0.012364180570166777,0.011804674503928908
8012,0.00028336884063447006,5.10046337688935e-05,0.0031176842000917773,0.9965479423255049
8013,3.3300762598269726e-05,0.9348678185089527,0.06453008291972133,0.0005687978087278464
8014,2.530662946034998e-07,1.0050177424521523e-07,1.3152818288089201e-07,0.9999995149037483
8015,0.9955176169418665,2.8655064608253798e-05,0.001203239101535681,0.0032504888919897986
8016,0.9904682637145928,0.00014417829662618568,0.005386172617488336,0.00400138537129257
8017,0.05415305119804075,0.01087455591207892,0.04101789191323375,0.8939545009766466
8018,1.8518392063623566e-08,1.7131938967090478e-08,0.9998799649760172,0.0001199993736517156
8019,7.764534743906253e-08,1.6399683810190765e-07,0.9997953544593757,0.0002044038984386615
8020,0.9994081744613548,1.2181036433699427e-06,8.873097479835789e-06,0.000581734337521867
8021,8.937283292614515e-06,0.93532891555715,0.06463681586973677,2.5331289820703107e-05
8022,1.5913331526298062e-06,9.342470757590124e-07,0.9987016562955419,0.0012958181242298601
8023,0.0012790232982050386,0.002985736465375264,0.9927901507365855,0.0029450894998338923
8024,2.634203135488396e-07,3.280305404455712e-07,0.9993896425013905,0.0006097660477555455
8025,8.847720243333906e-10,1.894879054819593e-09,0.9999755620176751,2.443520267382946e-05
8026,0.008670759400108525,7.796979426678147e-05,0.9886517779585683,0.00259949284705664
8027,1.0611112262184314e-05,0.9953344159379334,0.004476999452462186,0.00017797349734220735
8028,0.0013008419498243718,8.892283598265562e-05,7.706328449132723e-05,0.9985331719297015
8029,0.0005002401986565957,0.012832516335532134,0.9628392675310611,0.023827975934750365
8030,0.052619587145912555,0.005663580325032138,0.0007401985835351761,0.9409766339455199
8031,5.548694409271259e-07,0.9988821643438838,0.0010859399468983984,3.134083977698453e-05
8032,0.952536979879748,0.0004289979264230445,7.183089318328712e-05,0.04696219130064548
8033,0.9939600901531503,1.056184506225787e-05,0.001160041216744735,0.0048693067850426736
8034,7.157148127509981e-10,0.9999816610199364,1.3325307829170992e-07,1.8205011270467523e-05
8035,5.718341870276672e-06,0.002497040981242924,0.997258792419935,0.00023844825695199616
8036,0.0013388744973167432,0.00022131818354599763,0.997930108736046,0.0005096985830912666
8037,0.05218865003010879,0.004100137449575458,0.00611586933108841,0.9375953431892273
8038,1.3951490991805402e-07,8.097626895985677e-08,0.9998395449243892,0.00016023458443187338
8039,0.0005156511567070846,0.029111773635688964,0.9698167082016889,0.0005558670059148422
8040,0.05266579990745269,0.00011897670987632352,0.000274667742136827,0.9469405556405339
8041,3.7224312662821524e-05,0.990947860845396,0.008949383620207663,6.553122173345722e-05
8042,0.011305590111520518,0.00045157657962579753,4.36635160380064e-05,0.9881991697928155
8043,1.4905311665709028e-08,3.1057603055523885e-08,0.9999030795435889,9.687449349616931e-05
8044,0.054637818646015156,0.012685962532042279,0.02129326175576965,0.9113829570661728
8045,0.01642818279646299,0.002124745042293024,0.0058933013535262474,0.9755537708077174
8046,1.0855006680056475e-06,0.9990508188430361,0.00032301257415553325,0.0006250830821402833
8047,1.3216865494050382e-06,0.9984572999549995,0.0007508284512915203,0.0007905499071594209
8048,2.7400069796976133e-05,4.472581351764327e-05,0.996315247230176,0.003612626886509492
8049,8.568082475667261e-06,0.9956275607642083,0.0042187949741924954,0.00014507617912336523
8050,0.9526618547816754,1.2502694185977749e-05,0.0003474605077367236,0.046978182016401866
8051,0.9970390878904548,7.4914004086728895e-06,0.0002333707863214658,0.0027200499228152365
8052,0.030142901709747264,0.008307002634439753,0.9391993606515902,0.02235073500422282
8053,0.05261031080792196,0.0005601770447552519,9.032143805534318e-05,0.9467391907092676
8054,0.05219731921179496,0.007605750689900518,0.0031203683422704022,0.9370765617560343
8055,0.0008719521507995801,0.00014816156026091452,0.018569535871931366,0.980410350417008
8056,0.0009717297693038919,2.63910518044702e-05,0.06003332123951255,0.9389685579393791
8057,0.934335946677597,0.0002765898408839297,0.000543878865491702,0.06484358461602725
8058,0.0001734708573707435,0.0017529927648980512,0.9971583379219553,0.000915198455775994
8059,1.4408010336183377e-12,0.9999990175242206,9.970086287002802e-08,8.827734757338511e-07
8060,4.4324190733027554e-07,0.9990034649481625,0.0009718400676164529,2.4251742313873712e-05
8061,1.4563280232112271e-05,0.9942973525655503,0.005630304704265332,5.777944995233967e-05
8062,0.9972591263899223,1.4738054206900821e-05,0.0022376699664681606,0.000488465589402818
8063,0.005355264800487549,0.983420902535273,0.0015676643134250319,0.009656168350814518
8064,0.9988328758700297,1.2844044578582333e-05,1.4302712379696538e-05,0.0011399773730118355
8065,9.99004615606686e-12,0.9999978331145536,1.1205833543332631e-07,2.0548171209332567e-06
8066,0.00010271470830981501,0.9308944659610343,0.06446594419538862,0.004536875135267126
8067,3.057731920718363e-08,2.2476248769490984e-08,0.9998542663143867,0.000145680632045159
8068,0.0051334217318362765,2.4079262290676447e-05,0.0002605452468184106,0.9945819537590549
8069,9.972154586365815e-11,0.9999850179649358,1.2956891694436714e-05,2.0250436480337526e-06
8070,0.9827585107893386,0.00023334520985402233,0.00026186936205883736,0.01674627463874857
8071,1.1566832968363763e-05,0.9947465674496664,0.004960878947226478,0.0002809867701388474
8072,6.12305356881321e-05,0.9636242853662453,0.03175422088481814,0.004560263213248754
8073,0.0010901771976270934,0.0002491889312734984,0.02861393973236934,0.9700466941387302
8074,0.9768727495172594,0.004945866956767264,0.01361838667093178,0.004562996855041467
8075,0.9866921854715901,4.6861018410350986e-05,0.0028359267579215275,0.010425026752078154
8076,4.2559017641608407e-07,0.9992036383866033,0.0003238165185342528,0.0004721195046859957
8077,0.9220068264050205,0.00023850756166282912,0.031149575398852998,0.04660509063446361
8078,0.0001943066872210403,0.9759933194891272,0.01818136648009047,0.005631007343561403
8079,0.0031324267096611955,5.726624952516399e-05,0.0005094267754558191,0.9963008802653577
8080,1.0818775414908226e-05,0.9952367568966964,0.00474043529850705,1.1989029381509607e-05
8081,0.982054015889576,0.0001901471904817048,0.015345127947108891,0.002410708972833192
8082,3.807825972577845e-13,0.9999993593946391,2.0566474011946406e-07,4.3494023997849153e-07
8083,0.9624350747329534,1.1733056550298279e-05,0.00047921027826825017,0.03707398193222803
8084,2.0629105751285444e-08,0.9998212150417457,8.379819771193667e-05,9.4966131436605e-05
8085,0.054498260878203926,0.013066796952525135,0.02177193414775703,0.9106630080215139
8086,0.0021728019257756023,5.025954136950691e-05,0.00076312373813436,0.9970138147947206
8087,0.004530602698650971,0.9936198140685101,0.0017984822055512133,5.11010272879501e-05
8088,3.2556216860009366e-07,2.8822055039340806e-07,0.9994282835822303,0.0005711026350506932
8089,4.847806995048602e-13,0.9999993566227681,9.706567681331763e-08,5.463110702289066e-07
8090,0.9355343420996458,0.005371491763282311,0.011753222824379298,0.0473409433126928
8091,0.9743096152279999,0.00038195506906324873,0.0007217395657882643,0.024586690137148485
8092,6.757847894047365e-10,0.9999589600920938,2.4600383289160896e-05,1.6438848832179104e-05
8093,0.0012250015315121395,0.9941683017495496,0.004507020295773522,9.967642316470336e-05
8094,0.0015051553653086546,0.9872874797071601,0.0035264236422042623,0.007680941285326874
8095,2.348376014608754e-10,0.9999776825196914,1.3250232472782361e-05,9.067012998085282e-06
8096,7.344266825289158e-09,0.9999217930546731,1.484963244355654e-06,7.671463781559308e-05
8097,1.3922175658263242e-07,0.9994844720367145,0.0005114398182234173,3.948923305509478e-06
8098,2.2197771156680764e-08,0.9997830055028439,0.00013638549813145196,8.05868012535895e-05
8099,0.05468950962129006,0.010149585132353048,0.01932683618703506,0.915834069059322
8100,6.684363693225337e-09,0.9998888717315748,6.074924024110092e-05,5.0372343820641694e-05
8101,0.011790548467217637,1.822128137723788e-05,0.0024320887434262388,0.985759141507979
8102,0.02051142473892456,0.0008416240194966789,0.02924119693806059,0.9494057543035184
8103,3.079211009105615e-09,1.8150152847151767e-09,0.9999834136445755,1.6581461198272236e-05
8104,0.9863353405689549,0.0013816649492391813,0.0004843138401188304,0.011798680641687197
8105,0.0015371223831089377,0.0006497239594395901,0.9879785867583143,0.009834566899137094
8106,0.9994463304648593,9.085708518235664e-06,5.148253563126797e-05,0.0004931012909909231
8107,0.05268398932566284,0.00035142001863404696,0.00011246025668480895,0.9468521303990183
8108,2.5832842678999767e-05,5.4049677779532155e-05,0.9961688581384924,0.0037512593410491298
8109,2.226510588186915e-06,0.9977162210935494,0.002165691174186486,0.00011586122167589332
8110,1.0304998603407197e-09,0.9999505364995404,3.318254947079018e-05,1.6279920488947368e-05
8111,0.0014484978774599066,0.021427043037613294,0.9575486874127931,0.019575771672133875
8112,0.9992380040579403,1.6689398560844494e-06,0.0006746951013451743,8.563190085844056e-05
8113,0.024777967469145942,0.0018792591225242194,0.012225428640093048,0.9611173447682367
8114,0.00032407084342152563,0.9891963672244188,0.001316036847131607,0.00916352508502812
8115,0.0006437739537676908,0.9958025450765294,0.0032820246767575677,0.00027165629294544075
8116,3.125737870361839e-05,0.9917208443833926,0.008067707895576695,0.00018019034232703962
8117,1.1006331545091478e-05,0.9950145420156359,0.0048635198022128874,0.00011093185060634251
8118,2.101147326095139e-06,1.0673498069911249e-06,2.186374534452425e-06,0.9999946451283325
8119,8.119214523883929e-10,0.9999812645885837,4.219148829697267e-06,1.4515450664985548e-05
8120,4.805575657892129e-07,0.9989419107572078,0.0008772191042987966,0.00018038958092742995
8121,0.03304483835167123,0.012123825412951168,0.8992628795899795,0.055568456645397814
8122,3.7143876521243044e-08,4.3850672217997655e-08,0.9998104940436376,0.00018942496181381403
8123,0.0027574829753688646,4.372351498557797e-06,0.996677989280018,0.0005601553931143462
8124,0.0008813016451253911,8.80216684546122e-06,0.06000987019066837,0.939100025997361
8125,5.143545404856086e-05,0.9529189750185111,0.04652191772756542,0.0005076717998750728
8126,4.0966102660036105e-06,2.503984816000004e-06,0.9978273639218351,0.002166035483082896
8127,0.9978750662915885,0.00017318990420481944,0.0003291750079185714,0.001622568796288004
8128,0.9952449271522801,0.00015039889266993376,0.0010073662668979807,0.0035973076881518178
8129,2.3972793533552565e-07,1.4736439320884422e-07,0.9994796794900802,0.0005199334175912293
8130,1.0118604273120459e-08,0.9998785700689019,5.000128759464153e-05,7.141852489894237e-05
8131,5.944858348432372e-06,1.1528028658400606e-05,0.9982758142217917,0.0017067128912014794
8132,0.9936301431872314,1.2286445373130645e-05,0.0045478890625775025,0.0018096813048177737
8133,0.006517614307421801,8.044825408328353e-06,0.9915573890406175,0.0019169518265521796
8134,8.685877890658674e-07,0.9993857904185331,1.8449412336066156e-06,0.0006114960524442082
8135,1.245912507290312e-06,6.56216692139814e-07,1.3230124606154245e-06,0.9999967748583399
8136,1.147073395237846e-06,0.9992423434877933,0.0001551905716456128,0.0006013188671659884
8137,5.7496645664569085e-08,3.3709606496318825e-08,6.455718766442825e-08,0.9999998442365602
8138,0.9970239271645644,0.0004662851323432686,0.0018316575432379939,0.0006781301598542376
8139,9.294769410374301e-07,6.190619140657497e-07,0.9996147084569523,0.0003837430041926913
8140,1.6828144528380564e-07,0.9993862258660899,0.0005694078403500512,4.419801211465355e-05
8141,0.9522573009186808,0.0003472140914271624,0.0004366983562849864,0.04695878663360697
8142,0.00039008167868319376,0.9702085499453124,0.029332307144325765,6.906123167879326e-05
8143,0.001144308796480506,0.00011924041000799559,0.9965836405619584,0.002152810231553171
8144,0.00048098462211264737,0.9697612974786188,0.028414940510868892,0.0013427773883998443
8145,0.9964322570062788,4.843055682351986e-06,3.099975456673567e-05,0.003531900183472154
8146,0.01946153690389068,0.005818527621647158,0.0027022937926092622,0.9720176416818531
8147,6.037340551083113e-05,0.9897621663966327,0.010077385661945487,0.00010007453591096836
8148,0.01832667090912215,0.00020093497257272084,0.011320419498199195,0.9701519746201058
8149,0.00039620859487346987,0.9343958822495478,0.06458946230700799,0.0006184468485709111
8150,0.0017090762067076843,0.06816174808028806,0.9175867082688216,0.012542467444182706
8151,0.9946076238031694,0.003200916283973875,0.0011188829714902024,0.0010725769413664856
8152,0.0006492689876686188,0.9274007676710899,0.06417902828569107,0.007770935055550269
8153,9.403315432414655e-10,0.9999724909973323,6.162526134754935e-06,2.1345536201313456e-05
8154,0.05495209575452633,0.0022132360960495324,0.019826618567209058,0.9230080495822149
8155,2.9009018180183557e-06,1.1690305307372208e-06,0.9987680680475423,0.0012278620201089903
8156,4.494833224557975e-05,0.10527518495196064,0.8934822000306694,0.0011976666851243305
8157,3.7968369170070564e-06,0.9971326365610077,0.0028120550096560684,5.1511592419067905e-05
8158,2.0144765096239973e-05,0.001054196831335607,0.9980693227017544,0.0008563357018138104
8159,0.00024130241072486695,0.9345959348639575,0.06457586603340644,0.0005868966919114038
8160,6.723296814533007e-05,0.9877456387024084,0.012171238868547759,1.5889460898574456e-05
8161,9.727592562313604e-10,0.9999640051390761,2.0479612229965704e-05,1.5514275934567392e-05
8162,0.0007280258657058095,0.00022625605166807938,0.022650616415741284,0.9763951016668849
8163,5.764667106920263e-05,1.0907504901326195e-05,0.0013210516687981362,0.9986103941552313
8164,9.980290488833947e-07,0.9986990955711613,0.0012988647378340261,1.0416619558334079e-06
8165,0.9967535355598737,6.812976568487715e-06,1.5056032647229578e-05,0.0032245954309105098
8166,4.068932958706287e-05,0.9906291119974627,0.009220357165379679,0.00010984150757050905
8167,0.003920108946348707,5.7609566356541984e-05,0.0007563951943125759,0.9952658862929821
8168,0.013883328558517002,1.3069269982352284e-05,0.059277492635563166,0.9268261095359372
8169,0.9951688117114361,0.00013948528493531185,0.0013875972446104595,0.0033041057590179777
8170,3.827786677069504e-07,0.9992918987355486,0.0002718440795433685,0.00043587440624028804
8171,0.9959536062641371,6.999974894218809e-06,0.0019498369794004285,0.0020895567815683285
8172,1.6132982688080338e-06,0.9983609481942866,0.0014961487526586336,0.0001412897547859234
8173,0.05264292340759875,0.0004316763067619943,0.0003937416042250788,0.9465316586814141
8174,0.04278987690062854,0.0035212271587408365,0.0051932299987589945,0.9484956659418715
8175,1.0844481221562439e-05,0.9950007740900643,0.0030309103314281106,0.0019574710972861224
8176,8.790701601786814e-07,1.8870820700354306e-06,0.999214979303692,0.0007822545440778979
8177,9.182969862124091e-06,0.9958053883545727,0.004141292922765153,4.413575279986451e-05
8178,0.995470928807003,4.9100458578045756e-05,0.0016082918539029266,0.002871678880515955
8179,0.9475671241996104,0.0023049133469128036,0.003381935921307222,0.046746026532169506
8180,0.9978020973265224,8.494580483519875e-06,0.001167525905427565,0.001021882187566554
8181,2.554179865667653e-07,0.9992409173449709,0.0007332140790842307,2.5613157958159407e-05
8182,0.05251750067560714,0.0026837008028990843,0.0005514928891774835,0.9442473056323162
8183,0.008026311376384475,8.287047944825395e-05,0.0596001276052516,0.9322906905389158
8184,0.9960208380561146,4.680484288734929e-05,5.3833323650810096e-05,0.003878523777347277
8185,0.0005562047861298262,0.06861752096533938,0.9152011466019222,0.01562512764660842
8186,1.6398252972238333e-08,0.9997967620986153,0.00018251049912043426,2.0711004011285748e-05
8187,9.455098938360148e-05,0.985519974862176,0.013748846574382379,0.0006366275740578618
8188,0.022911672301442306,0.005999458870671305,0.012622538388675376,0.958466330439211
8189,3.2152403671786742e-09,0.9999136335092402,5.335660427225414e-05,3.300667124725419e-05
8190,2.026656961750335e-07,0.9993068239053995,0.0006511343492101177,4.1839079694377905e-05
8191,1.0906860064859224e-12,0.999998764684436,5.420134253718247e-07,6.933010477882172e-07
8192,0.05399449287200746,0.014161633337310717,0.022408878440702207,0.9094349953499798
8193,0.9887469379483214,3.8847140927086416e-05,0.00022089388411516473,0.010993321026636358
8194,0.0009954239845700505,2.076732633768709e-05,0.059933020079804805,0.9390507886092874
8195,3.949798631055096e-06,0.9969395223692898,0.0019668034481556142,0.0010897243839233018
8196,1.1583377448510095e-10,0.9999824891038922,1.4519769802739053e-05,2.991010471321697e-06
8197,0.0004603808239400427,2.7194683811601345e-05,0.9992576834299677,0.00025474106228073114
8198,1.4793746838972197e-09,1.6413970826153362e-09,0.9999638474259853,3.6149453242883934e-05
8199,0.006027145015316359,0.0003635599975967891,7.576081408852427e-05,0.9935335341729981
8200,1.7272687147743423e-05,0.9451831913649642,0.05466346133542418,0.00013607461246400751
8201,2.2108256356721377e-11,0.999996280217364,4.732688305482608e-07,3.2464916972281958e-06
8202,0.9943854770785977,7.913450621709167e-05,0.00021371578376331617,0.005321672631421818
8203,0.052628362414864516,0.001586344797377377,3.8839905049083676e-05,0.9457464528827093
8204,0.03180247555725795,9.254868714950304e-05,0.9554352486042702,0.012669727151322219
8205,1.1501383996939518e-08,0.9998315343701486,0.0001517025460792219,1.6751582388066808e-05
8206,0.9899896052193291,4.42665365793747e-05,0.004638808890172731,0.005327319353918932
8207,0.04384964253329487,0.009672965858133055,0.018993197975492718,0.9274841936330793
8208,0.0005391971398802831,0.9405377144830698,0.057033348890919634,0.0018897394861303008
8209,0.9877361462882717,0.0007193665607932362,0.008530350979489964,0.003014136171445176
8210,0.9408221178171787,0.00018351989101146108,0.012254737604361151,0.04673962468744839
8211,1.3098234317545107e-05,0.963184597561347,0.03653137654230199,0.0002709276620337432
8212,0.05257976153412574,0.0020700847469991815,0.001030487306455297,0.9443196664124197
8213,0.955011472901616,0.00014904458771739735,0.00020982826949430498,0.04462965424117216
8214,3.1326800276799074e-10,0.9999743792040056,2.1939082954030168e-05,3.6813997724526667e-06
8215,0.0011780083108309419,0.989155382569886,0.007601685294190739,0.002064923825092407
8216,1.5719006063485924e-06,8.332367364292015e-07,0.9999498075814238,4.7787281233351184e-05
8217,0.9354754837440012,0.005369997749772667,0.011791912781062031,0.047362605725163764
8218,8.814402043615333e-07,5.477988184731774e-07,1.0047543693972081e-06,0.9999975660066077
8219,8.885390508680896e-10,1.817508394007295e-09,0.9999983213969539,1.6758969986287213e-06
8220,0.9916892928911003,3.757890639031145e-05,0.0033976318448088573,0.004875496357700594
8221,3.3702576760760207e-06,2.2061075783501716e-06,0.9982778256397906,0.001716597994955126
8222,0.004102129514666462,0.9894355024402763,0.004941243907886228,0.0015211241371709888
8223,0.052674746523329714,0.00034860777111639005,0.00016368515165165272,0.9468129605539025
8224,0.0003806292479991786,0.06861165344204254,0.9133147530853835,0.017692964224574732
8225,0.0001256099071786079,0.003336455331089394,0.9954206399799526,0.0011172947817796638
8226,0.9863349892912139,3.888279379992488e-06,0.002629969843540561,0.011031152585865369
8227,0.04395630204672448,0.00048458237096240614,0.009017250958716694,0.9465418646235962
8228,5.231225031216642e-07,0.9988822830767592,0.0010418262074352216,7.536759330242295e-05
8229,0.001217399450367586,0.0006914171876143148,0.009986460170970842,0.9881047231910474
8230,0.0006128899995820423,0.0010127820101406317,0.9959407923481267,0.0024335356421503703
8231,0.9364356403838544,0.000333191774672183,0.01640913849706028,0.04682202934441291
8232,5.1440565878608275e-06,0.9968529358411192,0.002720643795277879,0.00042127630701488394
8233,5.347035895271177e-05,3.0483292264943224e-05,0.9923341370481806,0.007581909300601673
8234,4.227346862026515e-05,0.9901597665161013,0.00898541104511802,0.000812548970160499
8235,0.9354968073703889,0.005883418153237349,0.011382972567772228,0.04723680190860136
8236,0.002550079831431853,0.9251634576271336,0.06402983129312599,0.008256631248308692
8237,4.288594297782516e-09,2.656253216244809e-09,0.9999710471849281,2.8945870224325924e-05
8238,0.011345359272721577,2.5744706997086542e-05,0.002084589615182392,0.986544306405099
8239,0.022216467139395752,0.0002844300869377218,6.970440847316811e-05,0.9774293983651933
8240,1.2337438792825151e-05,7.500697371551543e-06,0.9962199899411921,0.0037601719226435346
8241,0.0009369912051720539,0.11963068015548924,0.8770395111924522,0.0023928174468865276
8242,0.053871780833642254,0.009217849884056703,0.014841400251671185,0.92206896903063
8243,0.0007206255284176124,9.643152180932197e-06,0.9976175566823836,0.0016521746370177987
8244,0.9489548137098159,0.0006804518916099306,0.0035431808681359992,0.04682155353043823
8245,0.9362738147283236,0.005661585632101447,0.010962646764281247,0.04710195287529377
8246,3.1714570249431007e-09,0.999910750398897,5.6917587461267726e-05,3.23288421846942e-05
8247,3.6676901072669424e-09,0.9999031527158007,7.288770401923005e-05,2.3955912490042653e-05
8248,0.053137662619296776,0.00797988394547323,0.009044340334691559,0.9298381131005384
8249,4.2653329434915585e-05,1.96957665510038e-05,0.9634832700811373,0.03645438082287676
8250,1.0174448457003456e-08,6.09079767565896e-09,0.9999366259304376,6.335780431615237e-05
8251,3.296958476331202e-08,0.9997523575680544,0.0001329236791454529,0.00011468578321548324
8252,0.99671690191666,2.914616049064711e-05,0.00010972972290979173,0.0031442221999394954
8253,0.00735291642465809,0.00034266926663958306,8.00589065869757e-05,0.9922243554021153
8254,0.0010845430267548005,0.00044519401737147307,0.0004151917650505163,0.9980550711908233
8255,0.0003558739115120381,0.03406845478644354,0.9650209099237359,0.0005547613783085325
8256,1.9077934457432503e-08,3.733725226408671e-08,0.9998994615388851,0.00010048204592813738
8257,4.107222667273863e-07,0.999092735460703,0.0008392128898287596,6.764092720155175e-05
8258,6.11741149709271e-07,3.2262208085904926e-07,6.402879953434209e-07,0.999998425348774
8259,6.083366841918077e-06,3.717961303975432e-06,0.9973579550632833,0.002632243608570983
8260,3.374631780244059e-11,0.9999940872226973,1.8816532333562949e-06,4.031090323102889e-06
8261,4.0038911417964915e-05,0.990932810140625,0.00878180662163664,0.0002453443263204321
8262,0.9859041628689105,6.431621422986278e-05,0.0006703810141675762,0.0133611399026922
8263,0.9364663488178911,0.0006236329192696272,0.016143293526111477,0.046766724736727786
8264,0.00024238696297495426,0.9346829030890746,0.06460959710341338,0.0004651128445371383
8265,0.9627385160868953,0.0004869834004886513,0.03491059694818739,0.0018639035644287408
8266,6.241672641824619e-05,0.9883180203563153,0.011604764578220041,1.4798339046189229e-05
8267,1.3480615059441625e-06,0.9982686941403396,0.0016897395616112983,4.0218236543177075e-05
8268,2.9645924138623022e-08,4.8571478855994766e-08,0.9998652002805556,0.00013472150204158438
8269,3.1850279106046613e-09,0.9999169710333806,8.095865257768588e-05,2.0671290139493365e-06
8270,0.003029723433707577,0.9963416950270336,0.0004948600314320632,0.0001337215078264172
8271,2.3198756568621066e-05,0.9332443402762791,0.06450452005001849,0.0022279409171336037
8272,0.9977109527967633,2.747653857110639e-06,0.0001680073322381001,0.0021182922171416522
8273,0.993717811855234,1.1676774532545462e-05,0.0007994936697017694,0.005471017700531662
8274,0.0007571528572424506,0.997607633948905,0.001391860176854907,0.00024335301699776084
8275,3.832812890657085e-09,0.9999316138838923,4.583930486905909e-06,6.379835280796309e-05
8276,0.0001682274877305709,0.001404144532834741,0.9981019756697797,0.0003256523096550672
8277,0.035686160910892724,0.00024913626072839087,0.9011954702945986,0.06286923253378043
8278,2.0771041398623968e-07,2.2629393521620082e-07,0.9994506139361693,0.0005489520594815099
8279,0.955780935201809,0.000515626830201592,0.03501980918375862,0.008683628784230795
8280,0.0006806171268772817,0.986332840972755,0.008032336044163263,0.004954205856204629
8281,6.17930346572065e-07,0.9988637274087275,0.0011062306514277765,2.9424009497990148e-05
8282,0.9958807099784344,1.2022327233375724e-05,5.3757909586177456e-05,0.0040535097847458615
8283,3.502331000236905e-07,0.9991199376842467,0.0008169725046588398,6.273957799436293e-05
8284,0.05258488035107971,0.0004338814972470655,0.0004930435852757236,0.9464881945663975
8285,0.005521405400407913,0.0009971649593716301,0.0061217206471093095,0.987359708993111
8286,1.0042228101646784e-07,2.0155254330844532e-07,0.9998381555608765,0.0001615424642992386
8287,0.01640470891337365,0.00014133478666719532,0.05986232711147293,0.923591629188486
8288,0.004898871147210526,0.000853829016814642,0.001518203859528999,0.9927290959764457
8289,0.9520544213203128,5.8339878160015366e-05,0.0009471707554835021,0.04694006804604377
8290,3.3221666414636895e-07,0.9991113570547271,0.0008228821673565381,6.542856125209807e-05
8291,0.9939720837309959,5.15186978671845e-05,0.0002998411718898246,0.005676556399247141
8292,2.5319060480950647e-05,0.9927186002956192,0.0072431590780188005,1.2921565881000459e-05
8293,3.438527008991696e-10,0.9999839046659246,2.8440887029365646e-06,1.3250901519835184e-05
8294,0.9986936463605152,2.2709618326234607e-06,0.0004243872446539243,0.0008796954329984043
8295,0.055824445379617116,0.005451842412506994,0.044632391828409314,0.8940913203794661
8296,0.0015713925624878799,0.00022215587498018133,0.997870963569395,0.0003354879931367585
8297,0.0014913939721978673,1.0725945417752746e-05,0.0003303731846477311,0.9981675068977367
8298,0.9545938975752728,0.0006324141078083996,0.00983903269210757,0.03493465562481098
8299,0.005365327318769823,0.0044999627488261605,0.05685605798351361,0.9332786519488901
8300,0.053001546627208164,0.003071601336825753,0.007932170827573002,0.9359946812083932
8301,5.782886617456719e-07,1.2011033355478793e-06,0.9999104854894014,8.773511860124752e-05
8302,0.00010630564839911277,3.731764128182846e-05,0.008952429007280724,0.9909039477030387
8303,8.640818627940567e-09,0.9998607749731581,0.0001325248561300067,6.691529893343487e-06
8304,1.6627531591451933e-08,9.721879325291961e-09,0.9999823491362334,1.7624514355735188e-05
8305,0.0077220497063658095,0.0691345884121007,0.8973148360192482,0.025828525862285377
8306,0.9303123630637558,0.006775720993128534,0.03640427001683802,0.02650764592627779
8307,6.012964060447041e-10,0.999966625578273,1.6834377563149292e-05,1.6539442867570807e-05
8308,0.012701959596534003,0.9444992866411336,0.03192492135596005,0.010873832406372227
8309,2.2556900467631402e-06,1.2509170910764638e-06,8.500525336835765e-07,0.9999956433403284
8310,0.02824765428900905,5.247032539561638e-05,0.9666928884646511,0.005006986920944261
8311,2.642379957749035e-06,0.998877034470302,6.924260872595405e-05,0.0010510805410143455
8312,0.9804448970242632,3.3848659998223983e-06,0.00383103014345166,0.015720687966285368
8313,9.133548125433149e-07,0.9985421147266941,0.0013354370455405074,0.00012153487295277549
8314,9.126820520913592e-05,0.9872072863326211,0.01260052954840299,0.00010091591376685722
8315,0.951361514821833,0.0006870021345438056,0.001084083150474288,0.046867399893148934
8316,0.9507237098014799,0.00040129401725760464,0.0019871127798968048,0.046887883401365925
8317,0.002914547312583637,5.4013625043710175e-05,0.040725717581002935,0.9563057214813699
8318,0.0019952676137934547,4.2581911946689074e-05,0.00020656550063023518,0.9977555849736296
8319,0.003053702506488426,0.036201973149837724,0.9566944990888842,0.004049825254789947
8320,0.05293404627219708,0.0017337191297624322,0.007425573899668585,0.9379066606983719
8321,0.9970579770114992,1.8520517377285178e-05,0.0001722355164267291,0.002751266954696618
8322,7.218396002102087e-11,0.9999933504947496,1.988017471741117e-06,4.661415594795497e-06
8323,0.049941468155836305,0.006693773317844771,0.04065603011008239,0.9027087284162368
8324,1.0172371955056053e-05,0.9963842493761578,0.0014609606010953483,0.0021446176507920107
8325,0.052636338806938965,0.00018777876725004086,0.00016795995087291935,0.9470079224749381
8326,1.0729188176388345e-06,0.998600132097339,0.0013871625669460892,1.1632416897182278e-05
8327,1.194823212829242e-05,0.9353235634490118,0.06462906785648788,3.542046237214135e-05
8328,0.0017219442173174468,3.0028126700782073e-05,0.0003061515281717331,0.99794187612781
8329,0.00021476394830504636,0.980502051661781,0.01898015912134853,0.0003030252685654251
8330,0.9468851613243182,0.0025412738763166774,0.00381306506380358,0.046760499735561435
8331,0.002672941013101452,0.00012728183940813288,0.9323391710057997,0.06486060614169077
8332,1.2392669930088542e-12,0.9999992067412016,1.0992769896801863e-07,6.833298599281323e-07
8333,0.000748731439224278,0.0007522020463960051,0.004328397681431757,0.9941706688329478
8334,0.9564987271009011,4.601246892772479e-05,0.00020492237033357055,0.043250338059837634
8335,0.4188486649816365,5.7372388724195525e-05,0.007658189830565966,0.5734357727990733
8336,6.928210491244626e-07,3.2658446409393987e-07,6.361049807562259e-07,0.9999983444895061
8337,1.4260010677871718e-09,8.047331662125568e-10,0.9999734153286032,2.658244066245752e-05
8338,0.9292362214146646,8.439528397413744e-05,0.02264486278712927,0.04803452051423204
8339,6.246836744517842e-11,0.9999928877913935,1.8783665496805634e-06,5.233779588309399e-06
8340,0.001519425220870969,7.115412818183842e-05,0.9831542041323769,0.015255216518570468
8341,3.248199252369543e-08,6.844494219583051e-08,0.9998735848017499,0.00012631427131531926
8342,0.9888527740823329,0.00042936799074986,0.0030471002720791973,0.007670757654837843
8343,0.03949740033840073,0.007215142874328714,0.016039203300710386,0.9372482534865602
8344,0.00023519748788109135,0.9755543043553521,0.02292435182310696,0.0012861463336599152
8345,0.9333025320360993,0.006527452057961682,0.012585665109497178,0.04758435079644148
8346,0.0039035739851475773,0.9853638075116333,0.000977497065301184,0.009755121437918138
8347,0.9382498825787373,0.005248606008769018,0.009498685169874267,0.04700282624261936
8348,9.469300340129983e-07,1.5816972479173478e-06,0.9998335376182504,0.0001639337544676615
8349,7.081996951431837e-06,0.9975111341810848,7.411157602923692e-05,0.0024076722459346494
8350,0.9528634255454355,8.253593591560224e-06,0.00014729891096363121,0.04698102195000902
8351,9.168306854989928e-08,5.564469047533116e-08,0.9996972981954507,0.0003025544767901498
8352,5.889925222142931e-05,0.9903619130553966,8.283677410832439e-05,0.00949635091827366
8353,7.057253380281329e-07,2.755199167703841e-07,0.9999883253359688,1.069341877649452e-05
8354,0.00327020884980283,3.4062781983849046e-05,0.11186979965135159,0.8848259287168616
8355,0.9879982281335226,0.00017078498223164928,0.009944535624253672,0.001886451259992071
8356,0.0006773380439972314,0.00035709016936829235,0.034696074744590265,0.9642694970420442
8357,2.6363192167252163e-07,1.7203587848000979e-07,0.9998269699343547,0.00017259439784504324
8358,0.9942277225481266,1.3257298271774282e-05,0.0014475711798153975,0.004311448973786135
8359,0.011397615202147283,8.359621329395694e-05,0.059857976573769685,0.9286608120107891
8360,0.006007129415953741,0.0014854856767313406,0.9880116027347546,0.004495782172560385
8361,1.5311075374806942e-09,0.9999475418613499,4.9135197593567244e-05,3.3214099488455737e-06
8362,1.8291804641744084e-06,0.9988684320924112,0.0003072587263217737,0.0008224800008030503
8363,3.566837360355964e-05,0.9912279485109663,0.008587228879806662,0.00014915423562338308
8364,2.923560944750916e-07,0.9991979250720313,0.0007848893784932733,1.6893193380858722e-05
8365,0.9469034990546861,0.0003052368033609052,0.006019095301089102,0.046772168840863805
8366,0.0027851577585817295,9.922303474691692e-06,0.0012751473024960314,0.9959297726354476
8367,3.372201956683351e-05,0.006079147515200417,0.9934741389292581,0.0004129915359747411
8368,0.000334837924319923,8.914193057305101e-05,0.05996278787337319,0.9396132322717339
8369,1.1936331087926583e-07,6.897986399338074e-08,1.3315717239436104e-07,0.9999996784996527
8370,0.9522587039658824,5.363999280024624e-05,0.0007251225526110803,0.04696253348870604
8371,8.571948246376324e-10,0.9999539937910479,4.0905114761735267e-05,5.1002369954265086e-06
8372,5.8121610623267514e-05,3.5239726903132236e-05,0.9916806180152224,0.008226020647251179
8373,0.0525731270376454,0.0008671399689923419,0.00011273198866265482,0.9464470010046995
8374,5.7366149861338724e-05,0.9896793243930643,0.009210017702591002,0.0010532917544834105
8375,1.1321618835143142e-06,0.998401470936061,0.0014367278073990496,0.0001606690946564845
8376,7.48224576416245e-09,0.9998968712349627,4.4994804915004627e-05,5.812647787646033e-05
8377,4.128972528018091e-09,0.9999048852020425,8.895674081856096e-05,6.153928166382774e-06
8378,0.05265770318176179,0.007129365827122015,0.006210293112200831,0.9340026378789152
8379,3.937354200492507e-11,0.9999904290425946,9.036692353992203e-06,5.342256778501446e-07
8380,0.0449002245740101,0.04038778776226359,0.8925644755299051,0.022147512133821243
8381,0.05464620199058129,0.009441656580545547,0.018279942441517066,0.9176321989873564
8382,2.909984736314649e-08,2.8768370551223236e-08,0.9998097958091634,0.00019014632261880182
8383,0.00020858696735870982,0.00012700009443297215,0.9840925113793504,0.015571901558858016
8384,0.9960268477541022,0.0008517680525506638,0.002941103826198813,0.00018028036714808117
8385,1.9629673529685476e-07,0.9992746165438906,0.0005649297127314998,0.00016025744664266534
8386,1.7309728587375806e-13,0.9999996037882578,9.998406996233456e-08,2.9622749911706385e-07
8387,8.94277997536824e-05,0.9857221850679313,0.01408619371193123,0.00010219342038377163
8388,4.6988786497925124e-08,3.478475413751476e-08,0.9999450919573735,5.4826269085993715e-05
8389,5.909778822938981e-08,0.9996133207788704,0.00021898428752394305,0.00016763583581754854
8390,0.05461675795247441,0.011210204317111531,0.01999911217936977,0.9141739255510443
8391,0.0021388938248493397,3.0270579084794744e-05,0.0011177332119476802,0.9967131023841183
8392,0.00024647712621598026,0.9895674617642204,0.0013248764699765804,0.008861184639587252
8393,0.9892089085029466,8.58628418081755e-05,0.0005535306786284846,0.010151697976616591
8394,5.959880981564955e-06,0.9963720072207495,0.0035661683593345155,5.586453893445572e-05
8395,1.1265265851679042e-11,0.9999973077443797,9.867366283195692e-08,2.593570692316249e-06
8396,0.9329115633627747,0.007386720571947985,0.012208628073362647,0.047493087991914776
8397,0.944171278289461,0.014888879193075636,0.02378346669255837,0.017156375824905166
8398,0.005027741618448171,0.9839738611826105,0.0014200799589936198,0.009578317239947867
8399,3.1291956587750894e-08,0.9997808501591988,0.00021251521174943202,6.603337095060266e-06
8400,0.009104483053307902,3.446914260836748e-05,0.001815085196383421,0.9890459626077004
8401,0.0007570161767554423,2.8614576599222176e-06,0.99737416268171,0.0018659596838748091
8402,9.585132559569437e-07,5.11838773263134e-07,1.0240094799389566e-06,0.9999975056384908
8403,0.05266083311580546,0.00042039781552814337,2.6778043268821936e-05,0.9468919910253978
8404,8.406726898848901e-07,5.055991388930953e-07,0.9995197571225752,0.000478896605596065
8405,2.085737634957345e-05,0.9929273942560173,0.00661373449308768,0.0004380138745456542
8406,0.05260462939506214,0.00031805562387187867,0.00023887794972222987,0.9468384370313436
8407,0.996310384827103,6.611022955033133e-05,0.0031983000580879817,0.0004252048852587277
8408,0.00012323439635210587,7.485542737234749e-05,0.9879060602895843,0.011895849886691292
8409,0.9957882434436276,0.0013570197011161659,0.002251378474793017,0.0006033583804633385
8410,2.507938586123441e-07,4.2597796461720033e-07,0.9994900499666355,0.0005092732615413103
8411,0.00019269019024303568,0.003494102431109667,0.996167195985317,0.00014601139333030966
8412,0.9456143500261758,4.8938571957858704e-05,0.007454107254181752,0.04688260414768478
8413,0.022015401043468382,0.002838150993533035,0.006055383022434878,0.9690910649405639
8414,2.3931853158887425e-05,0.0036567154224391605,0.9959235610150604,0.0003957917093414595
8415,4.5032353010499985e-08,3.8169683985295973e-08,0.9997862759899901,0.00021364080797283292
8416,3.0699482749193975e-07,1.6549175565278134e-07,2.0751455349588422e-07,0.9999993199988634
8417,0.052653122114230885,0.00032291908999337453,9.484303375081795e-05,0.946929115762025
8418,0.00040562496481645627,0.9686236434518019,0.030928127925062908,4.2603658318869116e-05
8419,6.033991439770557e-05,0.9887143354759379,0.011180051776986666,4.52728326776255e-05
8420,5.717857048974984e-06,0.9968800200131482,0.0030550515024390947,5.921062736373324e-05
8421,1.3313132386667755e-06,5.659368882888502e-07,7.504051716176618e-07,0.9999973523447016
8422,4.461715614307729e-10,0.9999782970339963,6.825289382141392e-06,1.4877230450022907e-05
8423,0.017222884874551356,0.011325633727493423,0.06081522475941506,0.9106362566385399
8424,0.9394816242003606,0.0035947575182421593,0.034233006385183604,0.022690611896213853
8425,5.663115128298233e-06,0.9965369238770146,2.0361866157881713e-05,0.0034370511416991372
8426,6.741550719656983e-10,0.9999661395707705,1.4054580908137577e-05,1.9805174166302658e-05
8427,0.005571408934832266,0.00010627369004743619,0.9884415123306939,0.00588080504442639
8428,0.054793172381951076,0.008778622077430286,0.01883055449958816,0.9175976510410304
8429,0.05332995864207347,0.004007504436159112,0.011290373172356932,0.9313721637494107
8430,2.2910575306445382e-05,0.9349419301490413,0.0646361183448346,0.00039904093081771466
8431,4.257146328767551e-05,2.589987891750998e-05,0.9929026155287147,0.00702891312907995
8432,3.150199299010894e-07,1.949072191188674e-07,0.9994091747624623,0.0005903153103887185
8433,1.3374918503474282e-05,0.9945183976938035,0.005237474783290339,0.00023075260440268716
8434,0.00038217434458740894,0.00026465323951696583,0.028698778535926308,0.9706543938799692
8435,0.03888111701597151,0.008256233723342632,0.9098446917574597,0.043017957503226116
8436,8.341142093436532e-10,1.414162120338043e-09,0.9999716314091631,2.8366342560537847e-05
8437,0.01373123155678488,0.06912952940841705,0.8856387938723586,0.03150044516243928
8438,0.052596781910861624,0.00048357349661110147,7.864999315919579e-05,0.946840994599368
8439,7.274916174608201e-07,7.045586214687494e-07,0.9990706521196191,0.0009279158301418502
8440,0.0006323747950973763,9.870881448127382e-06,0.003092405333801531,0.9962653489896529
8441,2.207191569185911e-07,1.0889925783650762e-07,0.9998731119855679,0.0001265583960173533
8442,1.087359311666364e-06,0.9666252149567678,0.03306702077541951,0.0003066769085009783
8443,0.017042788997853116,0.000118164315430954,0.9772439398795473,0.005595106807168901
8444,0.01733790394792629,9.225682290662651e-05,0.0019720635050172073,0.9805977757241499
8445,1.5312528397624897e-09,0.9999617351672856,6.193082618758591e-06,3.207021884253604e-05
8446,0.04469242009256458,0.0002181417428180972,0.002718780814142053,0.9523706573504753
8447,0.9521697620114093,0.0002560608809737495,0.0006310812654153048,0.04694309584220168
8448,0.01612603734608047,0.0001566674536117421,0.05984113712438307,0.9238761580759249
8449,2.4673546069973387e-06,1.526436292721406e-06,2.839453465937009e-06,0.9999931667556343
8450,0.9632053663252121,0.004990216810563618,0.008455277375311408,0.023349139488912724
8451,0.0007067000933363928,4.338636158989701e-05,0.060303833015359715,0.9389460805297141
8452,0.0008236494072105997,0.9974713712838036,0.0015898559241580236,0.00011512338482785674
8453,0.9830643330433408,0.0001597184896440986,0.0015045816206919376,0.015271366846323044
8454,5.373111065444059e-13,0.9999994219900337,1.0850212204693761e-07,4.6950730690436077e-07
8455,0.9480485969662834,2.5734450239511775e-05,0.005364446070979532,0.046561222512497634
8456,0.04948655166101292,0.00018688017578968226,0.009196217627699725,0.9411303505354975
8457,0.0009930274531697013,4.357826432620064e-05,0.059944368783571324,0.9390190254989329
8458,0.99763459239361,6.173109149773233e-06,7.918722282780524e-05,0.002280047274412678
8459,0.0001910231157066736,0.9786327559727371,0.02062208947024098,0.0005541314413151071
8460,5.669002555028384e-10,1.219288211931533e-09,0.9999889988072891,1.0999406522440843e-05
8461,1.088451118970092e-10,0.9999907897646827,3.1258990002038188e-06,6.084227471963265e-06
8462,0.0035420092835294673,0.0008598729656370882,0.9947076166158489,0.0008905011349843037
8463,7.141296878041349e-07,3.8510122913740683e-07,0.9998717040237743,0.00012719674530867965
8464,6.790688511171442e-07,6.408921881636254e-07,0.9990928728415892,0.0009058071973715567
8465,0.007929143102232698,3.914868773582098e-05,0.01629168806836554,0.9757400201416663
8466,1.9466156984984332e-07,0.9997466944571453,2.5852471492890543e-05,0.00022725840979205845
8467,0.00013680477393307534,0.23260978050776368,0.7668491561099138,0.00040425860838955895
8468,0.05238697658676285,9.018888595462554e-05,0.0022335611361421178,0.9452892733911403
8469,6.291800878105041e-08,0.9996219758292211,0.0003658368233191126,1.2124429451033001e-05
8470,2.407169685116842e-07,1.0744205940515983e-07,1.5361056488499547e-07,0.9999994982304071
8471,7.517648532095326e-06,0.9959709373709131,0.004005453546242267,1.6091434312208704e-05
8472,4.4271601930206644e-05,0.9901977271158345,0.009733059715738594,2.4941566496638147e-05
8473,1.035124836630054e-05,0.9950784135939205,0.0045828499026762054,0.00032838525503698035
8474,0.052573888840339804,0.0030764450743292738,0.0032942813971154573,0.9410553846882154
8475,8.891869134198923e-07,5.536721463657214e-07,0.9990753596984724,0.0009231974424679904
8476,0.9487677872338399,0.000663852422471248,0.0037938593068614595,0.04677450103682749
8477,6.246270900115316e-07,3.72809045529054e-07,7.003558977362979e-07,0.9999983022079667
8478,6.832292855466731e-05,0.9348678446569832,0.064613857928936,0.0004499744855261439
8479,2.28762720261343e-05,0.06876147728646786,0.9310769395044914,0.00013870693701472796
8480,0.00012427410731602416,0.9843659438583542,0.015477291144936262,3.2490889393465636e-05
8481,0.022602647686961883,7.882076698359843e-05,5.77918209289468e-05,0.9772607397251256
8482,0.9998048768435871,6.151196180559655e-06,5.535579432142018e-05,0.00013361616591098675
8483,1.115569210679427e-06,0.9989443076629505,0.00020191693640992623,0.0008526598314289441
8484,0.0017380336810190289,1.1796838425575837e-05,0.9978789811218866,0.0003711883586688668
8485,9.474685041015261e-06,0.9959957848917426,0.0039802438153403764,1.449660787595919e-05
8486,0.0002723717466228588,0.2297516479917535,0.7698485301759512,0.00012745008567222946
8487,0.9991479623893302,4.554941746386662e-06,0.00024744696178215095,0.0006000357071411897
8488,0.0002528054810270451,0.9349126415771732,0.06465019038594204,0.00018436255585753888
8489,5.010565073347826e-05,0.9303593204806856,0.06436304079739281,0.005227533071188091
8490,0.00011605181191666207,0.9848378664971131,0.014616354308921267,0.000429727382048893
8491,7.340414798204304e-08,0.9995680186742701,0.0003489889854328443,8.291893614910315e-05
8492,0.9415119092429713,0.005325781005595734,0.006360610701074801,0.04680169905035832
8493,0.0003638001099475357,0.9714958131412997,0.027977319383505478,0.0001630673652473926
8494,0.013167241995609855,0.00010890273162331904,0.9219095282995852,0.06481432697318182
8495,0.9991728268098915,5.117152943879887e-05,0.00034161215308209575,0.0004343895075876732
8496,3.486406720741469e-05,2.1070902091144795e-05,0.9937703293609144,0.0061737356697870215
8497,0.001399964624445076,0.058499359005257906,0.9396938330240213,0.0004068433462759306
8498,2.1981626181745753e-07,0.9994261278902709,0.00023564980783702497,0.0003380024856301847
8499,8.19194595762941e-05,0.9348693824660071,0.0645458139249483,0.0005028841494682135
8500,0.0008064249542877899,7.990108129381638e-05,0.014899009053563084,0.9842146649108553
8501,0.972089845540455,0.0002107800717746006,0.002283792327588699,0.025415582060181713
8502,9.987772396398332e-07,3.926490303581326e-07,0.9998956739216285,0.00010293465210148602
8503,1.2172206259254467e-11,0.9999967915217556,9.291142406202017e-08,3.115554648377375e-06
8504,0.05246835796207359,1.9981461723028234e-05,0.00173784698617246,0.945773813590031
8505,0.001907397362251561,0.9866569119674697,0.0032512115590898677,0.008184479111188895
8506,1.4415578966797115e-07,0.9997231888699132,7.843694772679908e-06,0.0002688232795245588
8507,5.4380008191115325e-05,0.9343641504119373,0.06451948594497105,0.0010619836349003624
8508,0.9831952405659536,0.005142035006112913,0.009346425517866392,0.0023162989100672547
8509,4.7597987507444237e-07,1.9974667283526625e-07,3.59869919543419e-07,0.9999989644035324
8510,0.0006865524770401731,0.00017209323246936253,0.02357236113950095,0.9755689931509894
8511,0.05419247411334417,0.013788051460761269,0.022259479643810306,0.9097599947820841
8512,1.399676422860455e-09,0.9999411493089535,5.0679375838599006e-05,8.16991553142489e-06
8513,0.017121992553769543,8.155549943941261e-05,0.9403326148989614,0.04246383704782983
8514,5.776735109947608e-07,0.9988617025138389,0.0011010925132094946,3.6627299440626605e-05
8515,0.0001868475048948848,0.9801536720113763,0.019578096888209075,8.138359551969092e-05
