,0,1,2,3
0,0.028956981,0.966127,0.0046620993,0.000253961
1,0.33516753,0.0002761428,0.19952022,0.46503612
2,0.20617305,0.00017080008,0.07869616,0.71496
3,0.5016656,0.00020774035,0.0003203397,0.4978063
4,0.05380469,0.94359344,0.0024514848,0.00015043776
5,0.41193673,0.0001998709,0.016061768,0.5718016
6,0.3719695,0.02550585,0.6010183,0.0015063299
7,0.3272809,0.00022287466,0.00034367712,0.6721525
8,0.017864002,0.96507436,0.01670829,0.00035337225
9,0.034089856,0.94132113,0.00077952683,0.023809424
10,0.43460894,0.0004069517,0.22141737,0.34356678
11,0.051686525,0.93992597,0.0023569001,0.006030644
12,0.32864654,0.00081578334,0.65425974,0.016277932
13,0.43460894,0.0004069517,0.22141737,0.34356678
14,0.27067047,0.00020773443,0.00032033055,0.7288014
15,0.120560504,0.59138125,0.26624256,0.02181567
16,0.2872621,0.00023497555,0.00036233696,0.71214056
17,0.115371615,0.8830371,0.00069723267,0.000893994
18,0.1700121,0.00015269601,0.024595685,0.80523956
19,0.03340917,0.9628848,0.0035741916,0.00013182177
20,0.42868584,0.00039020248,0.51984596,0.051077947
21,0.13378689,0.83710784,0.028958894,0.00014642028
22,0.18603444,0.00016730517,0.048260372,0.76553786
23,0.2872621,0.00023497555,0.00036233696,0.71214056
24,0.18340757,0.00020835607,0.0009135358,0.8154706
25,0.029894847,0.8940976,0.0758451,0.00016247909
26,0.017912537,0.9099145,0.07200094,0.00017199494
27,0.2522428,0.0051155575,0.73972833,0.0029133004
28,0.43179908,0.00028611536,0.5466006,0.021314222
29,0.05941175,0.9392683,0.0004776589,0.0008422465
30,0.18787068,0.026136853,0.7733973,0.0125951
31,0.02125122,0.8929981,0.085578084,0.00017260262
32,0.32087034,0.27125627,0.38960943,0.018263943
33,0.47021404,0.02055353,0.3954566,0.113775864
34,0.38141614,0.0017732083,0.6153983,0.0014123308
35,0.062628165,0.9097,0.0028558364,0.024816006
36,0.055763554,0.92579854,0.01822558,0.00021230495
37,0.03340917,0.9628848,0.0035741916,0.00013182177
38,0.44105595,0.00042168106,0.25969672,0.29882568
39,0.2884865,0.00022103717,0.00034084384,0.7109516
40,0.05537453,0.94232583,0.0014639475,0.0008357055
41,0.058100797,0.93993145,0.0012526455,0.0007150822
42,0.50273514,0.00027464703,0.47833785,0.018652378
43,0.06750655,0.85389584,0.07836304,0.00023454819
44,0.27075276,0.037828248,0.6903814,0.0010375981
45,0.32393888,0.0015411074,0.67297405,0.0015459438
46,0.17239262,0.00016458616,0.020710817,0.806732
47,0.120560504,0.59138125,0.26624256,0.02181567
48,0.017912537,0.9099145,0.07200094,0.00017199494
49,0.08256067,0.5933346,0.31989875,0.004205984
50,0.058100797,0.93993145,0.0012526455,0.0007150822
51,0.41193673,0.0001998709,0.016061768,0.5718016
52,0.1700121,0.00015269601,0.024595685,0.80523956
53,0.11931036,0.87795794,0.0007270545,0.002004611
54,0.33455405,0.0007912912,0.66309977,0.0015548806
55,0.22244589,0.00018597228,0.0029862286,0.7743819
56,0.0065231915,0.9575787,0.03574538,0.00015266745
57,0.43179908,0.00028611536,0.5466006,0.021314222
58,0.4962338,0.00027444764,0.4911646,0.012327176
59,0.32434607,0.0037157687,0.6703858,0.0015524094
60,0.45998165,0.002670785,0.10809399,0.4292536
61,0.010080366,0.9702097,0.0188882,0.00082167384
62,0.060311023,0.00014984868,0.00023106963,0.93930805
63,0.08605009,0.55199057,0.340881,0.02107839
64,0.3396509,0.0003151755,0.6296568,0.030377068
65,0.0050742375,0.97460675,0.020130241,0.00018871976
66,0.43460894,0.0004069517,0.22141737,0.34356678
67,0.029894847,0.8940976,0.0758451,0.00016247909
68,0.06951359,0.85668194,0.073569156,0.00023531346
69,0.05380469,0.94359344,0.0024514848,0.00015043776
70,0.08946695,0.8955782,0.0010795989,0.013875259
71,0.04260303,0.89850587,0.058736205,0.00015493105
72,0.05287948,0.77660745,0.17024928,0.00026378979
73,0.11987396,0.00013721624,0.08665127,0.7933376
74,0.3272809,0.00022287466,0.00034367712,0.6721525
75,0.06951359,0.85668194,0.073569156,0.00023531346
76,0.037081257,0.8416965,0.121021934,0.00020028462
77,0.47050506,0.00021978306,0.00033890983,0.5289362
78,0.32434607,0.0037157687,0.6703858,0.0015524094
79,0.44105595,0.00042168106,0.25969672,0.29882568
80,0.33582905,0.0002156212,0.0003324921,0.66362286
81,0.27537856,0.05075046,0.66846293,0.0054080933
82,0.32864654,0.00081578334,0.65425974,0.016277932
83,0.006432408,0.9442521,0.049164917,0.00015054276
84,0.18381733,0.00017244734,0.10889956,0.70711064
85,0.023179488,0.97558165,0.0010205099,0.00021836792
86,0.18381733,0.00017244734,0.10889956,0.70711064
87,0.04009601,0.958679,0.0004433161,0.0007816905
88,0.081973806,0.589117,0.32473314,0.0041760863
89,0.027169298,0.9455354,0.02640645,0.0008888198
90,0.020503819,0.9523121,0.0021677355,0.025016276
91,0.4639658,0.00021135568,0.00032591462,0.53549695
92,0.16221973,0.2768086,0.55758345,0.003388216
93,0.16240886,0.00014815264,0.20495418,0.6324888
94,0.08762457,0.00015927132,0.0002455995,0.91197056
95,0.028491799,0.9708926,0.00042682272,0.00018877849
96,0.028956981,0.966127,0.0046620993,0.000253961
97,0.4962338,0.00027444764,0.4911646,0.012327176
98,0.11989667,0.8779063,0.0013986174,0.00079841097
99,0.2522428,0.0051155575,0.73972833,0.0029133004
100,0.4611614,0.00043181446,0.38604033,0.15236649
101,0.22341426,0.028554145,0.74692667,0.0011048907
102,0.26767296,0.059199687,0.67170906,0.0014182753
103,0.45643336,0.00022562397,0.0003479166,0.54299307
104,0.50273514,0.00027464703,0.47833785,0.018652378
105,0.031628847,0.96592414,0.0023055382,0.00014148165
106,0.08605009,0.55199057,0.340881,0.02107839
107,0.008470421,0.9906307,0.0003045557,0.00059440103
108,0.13358413,0.28153983,0.56711376,0.01776227
109,0.034089856,0.94132113,0.00077952683,0.023809424
110,0.22243093,0.00018595977,0.0030533164,0.7743298
111,0.34980285,0.00063288974,0.6480114,0.0015529018
112,0.32667112,0.012077634,0.24655436,0.41469684
113,0.017912537,0.9099145,0.07200094,0.00017199494
114,0.02125122,0.8929981,0.085578084,0.00017260262
115,0.16221973,0.2768086,0.55758345,0.003388216
116,0.5902916,0.00018950604,0.00029222207,0.4092267
117,0.19854447,0.29554203,0.5040364,0.0018770674
118,0.3272809,0.00022287466,0.00034367712,0.6721525
119,0.26767296,0.059199687,0.67170906,0.0014182753
120,0.4611614,0.00043181446,0.38604033,0.15236649
121,0.067960046,0.8684559,0.063367635,0.00021649213
122,0.27537856,0.05075046,0.66846293,0.0054080933
123,0.10309902,0.4606935,0.43443543,0.001772022
124,0.060311023,0.00014984868,0.00023106963,0.93930805
125,0.4542437,0.00021763027,0.0003355902,0.5452031
126,0.20617305,0.00017080008,0.07869616,0.71496
127,0.50273514,0.00027464703,0.47833785,0.018652378
128,0.010080366,0.9702097,0.0188882,0.00082167384
129,0.4611614,0.00043181446,0.38604033,0.15236649
130,0.008410116,0.99084854,0.0004719371,0.00026940886
131,0.47311926,0.00030622171,0.5096424,0.016932102
132,0.037081257,0.8416965,0.121021934,0.00020028462
133,0.43179908,0.00028611536,0.5466006,0.021314222
134,0.11931036,0.87795794,0.0007270545,0.002004611
135,0.05976265,0.93955517,0.0004729602,0.00020918444
136,0.4262736,0.0007118676,0.5709191,0.0020954232
137,0.24847563,0.056207716,0.69249874,0.0028178627
138,0.18792376,0.00017663714,0.0036613946,0.8082382
139,0.43179908,0.00028611536,0.5466006,0.021314222
140,0.22243093,0.00018595977,0.0030533164,0.7743298
141,0.08946695,0.8955782,0.0010795989,0.013875259
142,0.112217374,0.5256284,0.3541829,0.007971349
143,0.11638466,0.8808934,0.0017327749,0.0009891676
144,0.24569519,0.00020183962,0.004183798,0.7499192
145,0.017912537,0.9099145,0.07200094,0.00017199494
146,0.43460894,0.0004069517,0.22141737,0.34356678
147,0.055763554,0.92579854,0.01822558,0.00021230495
148,0.120560504,0.59138125,0.26624256,0.02181567
149,0.07618306,0.677577,0.245923,0.0003169097
150,0.5835137,0.025290947,0.3382899,0.05290552
151,0.14702773,0.43370458,0.41746324,0.0018044623
152,0.32393888,0.0015411074,0.67297405,0.0015459438
153,0.05537453,0.94232583,0.0014639475,0.0008357055
154,0.2199419,0.0042609894,0.7741522,0.0016448874
155,0.4343285,0.00028294508,0.5498025,0.015586075
156,0.22243093,0.00018595977,0.0030533164,0.7743298
157,0.29007497,0.00023520115,0.00036268483,0.70932716
158,0.03273199,0.9331957,0.03394488,0.00012740646
159,0.081973806,0.589117,0.32473314,0.0041760863
160,0.010080366,0.9702097,0.0188882,0.00082167384
161,0.11989667,0.8779063,0.0013986174,0.00079841097
162,0.030279778,0.9655267,0.004044399,0.00014916368
163,0.18792376,0.00017663714,0.0036613946,0.8082382
164,0.07617203,0.80780566,0.11579047,0.00023181007
165,0.19138235,0.00017211467,0.020900847,0.7875447
166,0.2823199,0.0038522985,0.69501793,0.01880982
167,0.4688804,0.0026473734,0.48478243,0.043689813
168,0.34971184,0.0002245348,0.00034623712,0.6497174
169,0.31356004,0.00021549223,0.0003322933,0.68589216
170,0.3272809,0.00022287466,0.00034367712,0.6721525
171,0.037081257,0.8416965,0.121021934,0.00020028462
172,0.34089264,0.0003076697,0.6132217,0.04557798
173,0.27537856,0.05075046,0.66846293,0.0054080933
174,0.121940196,0.42337552,0.4528372,0.0018470812
175,0.24592781,0.0021349227,0.7502368,0.0017004304
176,0.059762094,0.93954647,0.00048227762,0.00020918249
177,0.05976265,0.93955517,0.0004729602,0.00020918444
178,0.047852114,0.80285937,0.1490552,0.00023329213
179,0.33582905,0.0002156212,0.0003324921,0.66362286
180,0.28140905,0.045252,0.6723195,0.0010195152
181,0.23351637,0.00018599966,0.0038833132,0.7624143
182,0.33078355,0.00051348214,0.62147737,0.047225673
183,0.03047444,0.8874165,0.08194495,0.00016411068
184,0.24963012,0.00017614021,0.00027161167,0.74992216
185,0.22798033,0.18413533,0.58594275,0.0019416315
186,0.50039923,0.00032387837,0.44935614,0.049920734
187,0.060243648,0.00014985942,0.00023108619,0.9393754
188,0.11989667,0.8779063,0.0013986174,0.00079841097
189,0.3443086,0.00023079583,0.00035589174,0.6551047
190,0.11638466,0.8808934,0.0017327749,0.0009891676
191,0.3907932,0.00022834339,0.00035211002,0.60862637
192,0.29007497,0.00023520115,0.00036268483,0.70932716
193,0.006432408,0.9442521,0.049164917,0.00015054276
194,0.027621659,0.9701905,0.0006387265,0.0015490506
195,0.22239979,0.0001983751,0.0009950927,0.7764067
196,0.24199678,0.027870888,0.72905385,0.0010784523
197,0.21202113,0.016792705,0.7700736,0.0011125699
198,0.16240886,0.00014815264,0.20495418,0.6324888
199,0.11989667,0.8779063,0.0013986174,0.00079841097
200,0.03047444,0.8874165,0.08194495,0.00016411068
201,0.19854447,0.29554203,0.5040364,0.0018770674
202,0.4589139,0.00032638357,0.5329301,0.0078296475
203,0.2199419,0.0042609894,0.7741522,0.0016448874
204,0.14702773,0.43370458,0.41746324,0.0018044623
205,0.41860628,0.02623261,0.5533839,0.001777192
206,0.044088345,0.8144975,0.14118193,0.00023222616
207,0.034089856,0.94132113,0.00077952683,0.023809424
208,0.15046999,0.84722257,0.0014689455,0.00083855836
209,0.30084923,0.00024108042,0.000856096,0.69805354
210,0.3272809,0.00022287466,0.00034367712,0.6721525
211,0.22239979,0.0001983751,0.0009950927,0.7764067
212,0.03273199,0.9331957,0.03394488,0.00012740646
213,0.2905138,0.0041128653,0.68792325,0.017450051
214,0.41193673,0.0001998709,0.016061768,0.5718016
215,0.18603444,0.00016730517,0.048260372,0.76553786
216,0.11931036,0.87795794,0.0007270545,0.002004611
217,0.41860628,0.02623261,0.5533839,0.001777192
218,0.13358413,0.28153983,0.56711376,0.01776227
219,0.37113315,0.028385853,0.59880716,0.0016738597
220,0.48680708,0.0003890527,0.47468582,0.038118023
221,0.05933884,8.2584804e-05,0.0016931838,0.93888545
222,0.41860628,0.02623261,0.5533839,0.001777192
223,0.29279998,0.0001950171,0.0008143028,0.7061907
224,0.43460894,0.0004069517,0.22141737,0.34356678
225,0.30136088,0.00024091941,0.00069538906,0.6977028
226,0.33043626,0.0015252025,0.6660287,0.0020098297
227,0.2823199,0.0038522985,0.69501793,0.01880982
228,0.38204616,0.00021305357,0.0008395482,0.6169012
229,0.03047444,0.8874165,0.08194495,0.00016411068
230,0.1757834,0.00018441821,0.000770047,0.8232621
231,0.3272809,0.00022287466,0.00034367712,0.6721525
232,0.47412965,0.00022147628,0.00034152082,0.5253074
233,0.096998416,0.8993257,0.003056765,0.0006191266
234,0.009419153,0.987439,0.003041014,0.000100842786
235,0.50039923,0.00032387837,0.44935614,0.049920734
236,0.010091235,0.9888497,0.0009071326,0.00015193154
237,0.03273199,0.9331957,0.03394488,0.00012740646
238,0.04721494,0.9350792,0.017535878,0.00016992644
239,0.39956847,0.00023495895,0.00036231132,0.59983426
240,0.008470421,0.9906307,0.0003045557,0.00059440103
241,0.22239979,0.0001983751,0.0009950927,0.7764067
242,0.24963012,0.00017614021,0.00027161167,0.74992216
243,0.30136088,0.00024091941,0.00069538906,0.6977028
244,0.006432408,0.9442521,0.049164917,0.00015054276
245,0.19138235,0.00017211467,0.020900847,0.7875447
246,0.47311926,0.00030622171,0.5096424,0.016932102
247,0.22239979,0.0001983751,0.0009950927,0.7764067
248,0.32667112,0.012077634,0.24655436,0.41469684
249,0.029894847,0.8940976,0.0758451,0.00016247909
250,0.4343285,0.00028294508,0.5498025,0.015586075
251,0.30796713,0.00025162828,0.11266483,0.5791164
252,0.20726982,0.064060725,0.7268649,0.0018045828
253,0.45998165,0.002670785,0.10809399,0.4292536
254,0.0618446,0.9358715,0.0014539203,0.0008299814
255,0.18787068,0.026136853,0.7733973,0.0125951
256,0.38141614,0.0017732083,0.6153983,0.0014123308
257,0.17537914,0.00016743744,0.0037457314,0.82070774
258,0.5902916,0.00018950604,0.00029222207,0.4092267
259,0.04567019,0.9338171,0.020353997,0.00015867896
260,0.15370929,0.41400373,0.42888957,0.003397458
261,0.023179488,0.97558165,0.0010205099,0.00021836792
262,0.05941175,0.9392683,0.0004776589,0.0008422465
263,0.5368544,0.00021351413,0.00032924302,0.46260288
264,0.5902916,0.00018950604,0.00029222207,0.4092267
265,0.118606016,0.8795679,0.0011624992,0.00066362147
266,0.041216794,0.89975804,0.058829397,0.00019576387
267,0.3443086,0.00023079583,0.00035589174,0.6551047
268,0.28140905,0.045252,0.6723195,0.0010195152
269,0.058100797,0.93993145,0.0012526455,0.0007150822
270,0.08605009,0.55199057,0.340881,0.02107839
271,0.27917597,0.045128375,0.651329,0.024366684
272,0.08751856,0.9102804,0.0014011537,0.00079985923
273,0.04567019,0.9338171,0.020353997,0.00015867896
274,0.05976265,0.93955517,0.0004729602,0.00020918444
275,0.11722285,0.4361152,0.44484746,0.0018144918
276,0.13378689,0.83710784,0.028958894,0.00014642028
277,0.34971184,0.0002245348,0.00034623712,0.6497174
278,0.030502398,0.9152245,0.054098938,0.00017417551
279,0.22798033,0.18413533,0.58594275,0.0019416315
280,0.3040952,0.0002151658,0.6860252,0.009664459
281,0.5835137,0.025290947,0.3382899,0.05290552
282,0.27917597,0.045128375,0.651329,0.024366684
283,0.23981138,0.00019388975,0.0011429546,0.75885177
284,0.5177437,0.00031768557,0.47496063,0.006977977
285,0.31356004,0.00021549223,0.0003322933,0.68589216
286,0.078678355,0.92062336,0.00048411393,0.00021411768
287,0.027169298,0.9455354,0.02640645,0.0008888198
288,0.27537856,0.05075046,0.66846293,0.0054080933
289,0.05380469,0.94359344,0.0024514848,0.00015043776
290,0.115371615,0.8830371,0.00069723267,0.000893994
291,0.04009601,0.958679,0.0004433161,0.0007816905
292,0.30136088,0.00024091941,0.00069538906,0.6977028
293,0.3272809,0.00022287466,0.00034367712,0.6721525
294,0.27067047,0.00020773443,0.00032033055,0.7288014
295,0.04009601,0.958679,0.0004433161,0.0007816905
296,0.11722285,0.4361152,0.44484746,0.0018144918
297,0.05941175,0.9392683,0.0004776589,0.0008422465
298,0.05933884,8.2584804e-05,0.0016931838,0.93888545
299,0.043951347,0.95244694,0.0034104367,0.00019121531
300,0.41193673,0.0001998709,0.016061768,0.5718016
301,0.33043626,0.0015252025,0.6660287,0.0020098297
302,0.21980733,0.31930962,0.45862916,0.0022538742
303,0.18340757,0.00020835607,0.0009135358,0.8154706
304,0.4611614,0.00043181446,0.38604033,0.15236649
305,0.33078355,0.00051348214,0.62147737,0.047225673
306,0.05941175,0.9392683,0.0004776589,0.0008422465
307,0.3907932,0.00022834339,0.00035211002,0.60862637
308,0.47021404,0.02055353,0.3954566,0.113775864
309,0.31356004,0.00021549223,0.0003322933,0.68589216
310,0.29194584,0.00023671804,0.0003650239,0.70745236
311,0.22239979,0.0001983751,0.0009950927,0.7764067
312,0.39956847,0.00023495895,0.00036231132,0.59983426
313,0.08762457,0.00015927132,0.0002455995,0.91197056
314,0.2838535,0.002027454,0.7124711,0.0016479439
315,0.05169105,0.9475668,0.00049147976,0.00025068648
316,0.27917597,0.045128375,0.651329,0.024366684
317,0.23722027,0.00017493476,0.049566932,0.71303785
318,0.11722285,0.4361152,0.44484746,0.0018144918
319,0.4589139,0.00032638357,0.5329301,0.0078296475
320,0.031210126,0.96803904,0.0005267565,0.00022410553
321,0.5177437,0.00031768557,0.47496063,0.006977977
322,0.17239262,0.00016458616,0.020710817,0.806732
323,0.37113315,0.028385853,0.59880716,0.0016738597
324,0.069079496,0.87161034,0.05909291,0.00021727849
325,0.34089264,0.0003076697,0.6132217,0.04557798
326,0.007260179,0.99204236,0.00054873707,0.00014873185
327,0.40257442,0.000235562,0.00036324124,0.5968268
328,0.096998416,0.8993257,0.003056765,0.0006191266
329,0.4688804,0.0026473734,0.48478243,0.043689813
330,0.08946695,0.8955782,0.0010795989,0.013875259
331,0.11931036,0.87795794,0.0007270545,0.002004611
332,0.029412756,0.96720695,0.0032386282,0.00014166954
333,0.05287948,0.77660745,0.17024928,0.00026378979
334,0.16381082,0.38634264,0.44624537,0.0036011958
335,0.11989667,0.8779063,0.0013986174,0.00079841097
336,0.19854447,0.29554203,0.5040364,0.0018770674
337,0.39956847,0.00023495895,0.00036231132,0.59983426
338,0.03273199,0.9331957,0.03394488,0.00012740646
339,0.10309902,0.4606935,0.43443543,0.001772022
340,0.40257442,0.000235562,0.00036324124,0.5968268
341,0.3673958,0.00023891842,0.00036841695,0.63199687
342,0.24569519,0.00020183962,0.004183798,0.7499192
343,0.0149671845,0.9815692,0.003340473,0.00012320185
344,0.112217374,0.5256284,0.3541829,0.007971349
345,0.4639658,0.00021135568,0.00032591462,0.53549695
346,0.26767296,0.059199687,0.67170906,0.0014182753
347,0.3443086,0.00023079583,0.00035589174,0.6551047
348,0.017864002,0.96507436,0.01670829,0.00035337225
349,0.41860628,0.02623261,0.5533839,0.001777192
350,0.47311926,0.00030622171,0.5096424,0.016932102
351,0.008470421,0.9906307,0.0003045557,0.00059440103
352,0.03340917,0.9628848,0.0035741916,0.00013182177
353,0.010080366,0.9702097,0.0188882,0.00082167384
354,0.118606016,0.8795679,0.0011624992,0.00066362147
355,0.2823199,0.0038522985,0.69501793,0.01880982
356,0.3396509,0.0003151755,0.6296568,0.030377068
357,0.34971184,0.0002245348,0.00034623712,0.6497174
358,0.2838535,0.002027454,0.7124711,0.0016479439
359,0.03273199,0.9331957,0.03394488,0.00012740646
360,0.32434607,0.0037157687,0.6703858,0.0015524094
361,0.029520418,0.96695286,0.0033394948,0.00018723767
362,0.39956847,0.00023495895,0.00036231132,0.59983426
363,0.08751856,0.9102804,0.0014011537,0.00079985923
364,0.21980733,0.31930962,0.45862916,0.0022538742
365,0.3396509,0.0003151755,0.6296568,0.030377068
366,0.05941175,0.9392683,0.0004776589,0.0008422465
367,0.19138235,0.00017211467,0.020900847,0.7875447
368,0.5835137,0.025290947,0.3382899,0.05290552
369,0.008410116,0.99084854,0.0004719371,0.00026940886
370,0.18340757,0.00020835607,0.0009135358,0.8154706
371,0.11987396,0.00013721624,0.08665127,0.7933376
372,0.028491799,0.9708926,0.00042682272,0.00018877849
373,0.24592781,0.0021349227,0.7502368,0.0017004304
374,0.33078355,0.00051348214,0.62147737,0.047225673
375,0.18787068,0.026136853,0.7733973,0.0125951
376,0.0051166634,0.987071,0.007622105,0.00019029774
377,0.078678355,0.92062336,0.00048411393,0.00021411768
378,0.2862334,0.00018848902,0.0012750948,0.712303
379,0.2838535,0.002027454,0.7124711,0.0016479439
380,0.115371615,0.8830371,0.00069723267,0.000893994
381,0.47050506,0.00021978306,0.00033890983,0.5289362
382,0.22244589,0.00018597228,0.0029862286,0.7743819
383,0.4343285,0.00028294508,0.5498025,0.015586075
384,0.47311926,0.00030622171,0.5096424,0.016932102
385,0.27917597,0.045128375,0.651329,0.024366684
386,0.04260303,0.89850587,0.058736205,0.00015493105
387,0.08751856,0.9102804,0.0014011537,0.00079985923
388,0.4262736,0.0007118676,0.5709191,0.0020954232
389,0.05537453,0.94232583,0.0014639475,0.0008357055
390,0.27537856,0.05075046,0.66846293,0.0054080933
391,0.14702773,0.43370458,0.41746324,0.0018044623
392,0.041216794,0.89975804,0.058829397,0.00019576387
393,0.051686525,0.93992597,0.0023569001,0.006030644
394,0.081973806,0.589117,0.32473314,0.0041760863
395,0.4325938,0.00019644552,0.00056701974,0.56664276
396,0.27067047,0.00020773443,0.00032033055,0.7288014
397,0.05933884,8.2584804e-05,0.0016931838,0.93888545
398,0.08751856,0.9102804,0.0014011537,0.00079985923
399,0.16221973,0.2768086,0.55758345,0.003388216
400,0.081973806,0.589117,0.32473314,0.0041760863
401,0.01498154,0.9301447,0.054730013,0.00014369753
402,0.23797901,0.0001898249,0.0013129034,0.7605183
403,0.47254646,0.00056352164,0.49426475,0.032625206
404,0.05169105,0.9475668,0.00049147976,0.00025068648
405,0.4611614,0.00043181446,0.38604033,0.15236649
406,0.47021404,0.02055353,0.3954566,0.113775864
407,0.28095943,0.00018501592,0.02377223,0.6950833
408,0.0050473073,0.97369134,0.021073584,0.00018771827
409,0.32551333,0.0046142987,0.6672445,0.0026278347
410,0.4589139,0.00032638357,0.5329301,0.0078296475
411,0.29194584,0.00023671804,0.0003650239,0.70745236
412,0.4962338,0.00027444764,0.4911646,0.012327176
413,0.044088345,0.8144975,0.14118193,0.00023222616
414,0.6585637,0.0033907515,0.28151363,0.05653196
415,0.112217374,0.5256284,0.3541829,0.007971349
416,0.5028013,0.0004862331,0.4763017,0.020410752
417,0.031210126,0.96803904,0.0005267565,0.00022410553
418,0.10309902,0.4606935,0.43443543,0.001772022
419,0.051686525,0.93992597,0.0023569001,0.006030644
420,0.030502398,0.9152245,0.054098938,0.00017417551
421,0.03047444,0.8874165,0.08194495,0.00016411068
422,0.5368544,0.00021351413,0.00032924302,0.46260288
423,0.24569519,0.00020183962,0.004183798,0.7499192
424,0.27537856,0.05075046,0.66846293,0.0054080933
425,0.03273199,0.9331957,0.03394488,0.00012740646
426,0.15370929,0.41400373,0.42888957,0.003397458
427,0.0065231915,0.9575787,0.03574538,0.00015266745
428,0.027169298,0.9455354,0.02640645,0.0008888198
429,0.051686525,0.93992597,0.0023569001,0.006030644
430,0.13358413,0.28153983,0.56711376,0.01776227
431,0.33582905,0.0002156212,0.0003324921,0.66362286
432,0.006696921,0.94132537,0.05182096,0.0001567333
433,0.2940246,0.022811603,0.66562265,0.017541135
434,0.20617305,0.00017080008,0.07869616,0.71496
435,0.22588211,0.00018894291,0.0007889405,0.77314
436,0.3396509,0.0003151755,0.6296568,0.030377068
437,0.017864002,0.96507436,0.01670829,0.00035337225
438,0.2940246,0.022811603,0.66562265,0.017541135
439,0.4688804,0.0026473734,0.48478243,0.043689813
440,0.05976265,0.93955517,0.0004729602,0.00020918444
441,0.27917597,0.045128375,0.651329,0.024366684
442,0.03340917,0.9628848,0.0035741916,0.00013182177
443,0.4962338,0.00027444764,0.4911646,0.012327176
444,0.07667882,0.44627094,0.45732465,0.019725548
445,0.40257442,0.000235562,0.00036324124,0.5968268
446,0.08762457,0.00015927132,0.0002455995,0.91197056
447,0.07107636,0.8879368,0.04081901,0.00016784066
448,0.19138235,0.00017211467,0.020900847,0.7875447
449,0.47412965,0.00022147628,0.00034152082,0.5253074
450,0.029520418,0.96695286,0.0033394948,0.00018723767
451,0.24963012,0.00017614021,0.00027161167,0.74992216
452,0.05169105,0.9475668,0.00049147976,0.00025068648
453,0.028491799,0.9708926,0.00042682272,0.00018877849
454,0.027621659,0.9701905,0.0006387265,0.0015490506
455,0.07667882,0.44627094,0.45732465,0.019725548
456,0.05380469,0.94359344,0.0024514848,0.00015043776
457,0.029520418,0.96695286,0.0033394948,0.00018723767
458,0.07667882,0.44627094,0.45732465,0.019725548
459,0.15370929,0.41400373,0.42888957,0.003397458
460,0.4639658,0.00021135568,0.00032591462,0.53549695
461,0.29194584,0.00023671804,0.0003650239,0.70745236
462,0.08751856,0.9102804,0.0014011537,0.00079985923
463,0.455116,0.00042615377,0.39408875,0.15036911
464,0.24847563,0.056207716,0.69249874,0.0028178627
465,0.078678355,0.92062336,0.00048411393,0.00021411768
466,0.43460894,0.0004069517,0.22141737,0.34356678
467,0.3629123,0.00022054618,0.0007065986,0.63616055
468,0.5177437,0.00031768557,0.47496063,0.006977977
469,0.05865415,0.9154758,0.025232922,0.0006371154
470,0.05933884,8.2584804e-05,0.0016931838,0.93888545
471,0.2838535,0.002027454,0.7124711,0.0016479439
472,0.32551333,0.0046142987,0.6672445,0.0026278347
473,0.013042064,0.9674475,0.019377263,0.00013308659
474,0.2574039,0.0788383,0.6615656,0.0021922223
475,0.40257442,0.000235562,0.00036324124,0.5968268
476,0.32393888,0.0015411074,0.67297405,0.0015459438
477,0.024517456,0.97371304,0.0005669446,0.0012025654
478,0.01498154,0.9301447,0.054730013,0.00014369753
479,0.37113315,0.028385853,0.59880716,0.0016738597
480,0.22519413,0.00018911083,0.00078964164,0.77382714
481,0.23351637,0.00018599966,0.0038833132,0.7624143
482,0.24963012,0.00017614021,0.00027161167,0.74992216
483,0.04009601,0.958679,0.0004433161,0.0007816905
484,0.4611614,0.00043181446,0.38604033,0.15236649
485,0.27537856,0.05075046,0.66846293,0.0054080933
486,0.08762457,0.00015927132,0.0002455995,0.91197056
487,0.1700121,0.00015269601,0.024595685,0.80523956
488,0.29369837,0.00022713309,0.018391704,0.6876828
489,0.3673958,0.00023891842,0.00036841695,0.63199687
490,0.29279998,0.0001950171,0.0008143028,0.7061907
491,0.11722285,0.4361152,0.44484746,0.0018144918
492,0.5835137,0.025290947,0.3382899,0.05290552
493,0.33043626,0.0015252025,0.6660287,0.0020098297
494,0.1700121,0.00015269601,0.024595685,0.80523956
495,0.081973806,0.589117,0.32473314,0.0041760863
496,0.28793624,0.00022061571,0.00034019363,0.7115029
497,0.0050742375,0.97460675,0.020130241,0.00018871976
498,0.059762094,0.93954647,0.00048227762,0.00020918249
499,0.4639658,0.00021135568,0.00032591462,0.53549695
500,0.010091235,0.9888497,0.0009071326,0.00015193154
501,0.24963012,0.00017614021,0.00027161167,0.74992216
502,0.057699606,0.9409934,0.0004730044,0.00083403924
503,0.5902916,0.00018950604,0.00029222207,0.4092267
504,0.3272809,0.00022287466,0.00034367712,0.6721525
505,0.5016656,0.00020774035,0.0003203397,0.4978063
506,0.34980285,0.00063288974,0.6480114,0.0015529018
507,0.27917597,0.045128375,0.651329,0.024366684
508,0.4542437,0.00021763027,0.0003355902,0.5452031
509,0.07617203,0.80780566,0.11579047,0.00023181007
510,0.09145732,0.9046136,0.0037892463,0.00013975325
511,0.069079496,0.87161034,0.05909291,0.00021727849
512,0.45454317,0.00021839864,0.000336775,0.54490167
513,0.10309902,0.4606935,0.43443543,0.001772022
514,0.43179908,0.00028611536,0.5466006,0.021314222
515,0.32551333,0.0046142987,0.6672445,0.0026278347
516,0.017912537,0.9099145,0.07200094,0.00017199494
517,0.2823199,0.0038522985,0.69501793,0.01880982
518,0.18340757,0.00020835607,0.0009135358,0.8154706
519,0.2862334,0.00018848902,0.0012750948,0.712303
520,0.3272809,0.00022287466,0.00034367712,0.6721525
521,0.031210126,0.96803904,0.0005267565,0.00022410553
522,0.53684664,0.0004918818,0.19116896,0.2714925
523,0.27537856,0.05075046,0.66846293,0.0054080933
524,0.13358413,0.28153983,0.56711376,0.01776227
525,0.060243648,0.00014985942,0.00023108619,0.9393754
526,0.0072606774,0.99211043,0.00048714466,0.00014175074
527,0.4589139,0.00032638357,0.5329301,0.0078296475
528,0.15370929,0.41400373,0.42888957,0.003397458
529,0.17537914,0.00016743744,0.0037457314,0.82070774
530,0.027055088,0.9709405,0.00063406257,0.0013703709
531,0.28095943,0.00018501592,0.02377223,0.6950833
532,0.4962338,0.00027444764,0.4911646,0.012327176
533,0.3443086,0.00023079583,0.00035589174,0.6551047
534,0.05941175,0.9392683,0.0004776589,0.0008422465
535,0.21202113,0.016792705,0.7700736,0.0011125699
536,0.115371615,0.8830371,0.00069723267,0.000893994
537,0.058100797,0.93993145,0.0012526455,0.0007150822
538,0.43460894,0.0004069517,0.22141737,0.34356678
539,0.09145732,0.9046136,0.0037892463,0.00013975325
540,0.42868584,0.00039020248,0.51984596,0.051077947
541,0.04721494,0.9350792,0.017535878,0.00016992644
542,0.22588211,0.00018894291,0.0007889405,0.77314
543,0.05287948,0.77660745,0.17024928,0.00026378979
544,0.4962338,0.00027444764,0.4911646,0.012327176
545,0.455116,0.00042615377,0.39408875,0.15036911
546,0.16240886,0.00014815264,0.20495418,0.6324888
547,0.5028013,0.0004862331,0.4763017,0.020410752
548,0.11989667,0.8779063,0.0013986174,0.00079841097
549,0.057699606,0.9409934,0.0004730044,0.00083403924
550,0.3443086,0.00023079583,0.00035589174,0.6551047
551,0.3443086,0.00023079583,0.00035589174,0.6551047
552,0.19376455,0.00017425703,0.008713679,0.79734755
553,0.33516753,0.0002761428,0.19952022,0.46503612
554,0.030279778,0.9655267,0.004044399,0.00014916368
555,0.118606016,0.8795679,0.0011624992,0.00066362147
556,0.2905138,0.0041128653,0.68792325,0.017450051
557,0.26825437,0.053565666,0.6763932,0.0017867316
558,0.14702773,0.43370458,0.41746324,0.0018044623
559,0.43179908,0.00028611536,0.5466006,0.021314222
560,0.18603444,0.00016730517,0.048260372,0.76553786
561,0.2862334,0.00018848902,0.0012750948,0.712303
562,0.50039923,0.00032387837,0.44935614,0.049920734
563,0.3443086,0.00023079583,0.00035589174,0.6551047
564,0.24592781,0.0021349227,0.7502368,0.0017004304
565,0.013042064,0.9674475,0.019377263,0.00013308659
566,0.11989667,0.8779063,0.0013986174,0.00079841097
567,0.47050506,0.00021978306,0.00033890983,0.5289362
568,0.007260179,0.99204236,0.00054873707,0.00014873185
569,0.23910806,0.14417711,0.6145426,0.002172201
570,0.024517456,0.97371304,0.0005669446,0.0012025654
571,0.033567574,0.96527237,0.0007675837,0.00039244216
572,0.33455405,0.0007912912,0.66309977,0.0015548806
573,0.29194584,0.00023671804,0.0003650239,0.70745236
574,0.024517456,0.97371304,0.0005669446,0.0012025654
575,0.017009733,0.98245114,0.0003684968,0.00017066294
576,0.1757834,0.00018441821,0.000770047,0.8232621
577,0.028491799,0.9708926,0.00042682272,0.00018877849
578,0.051686525,0.93992597,0.0023569001,0.006030644
579,0.2574039,0.0788383,0.6615656,0.0021922223
580,0.50039923,0.00032387837,0.44935614,0.049920734
581,0.11638466,0.8808934,0.0017327749,0.0009891676
582,0.32087034,0.27125627,0.38960943,0.018263943
583,0.08256067,0.5933346,0.31989875,0.004205984
584,0.062628165,0.9097,0.0028558364,0.024816006
585,0.05537453,0.94232583,0.0014639475,0.0008357055
586,0.027169298,0.9455354,0.02640645,0.0008888198
587,0.017864002,0.96507436,0.01670829,0.00035337225
588,0.044088345,0.8144975,0.14118193,0.00023222616
589,0.4262736,0.0007118676,0.5709191,0.0020954232
590,0.22588211,0.00018894291,0.0007889405,0.77314
591,0.22244589,0.00018597228,0.0029862286,0.7743819
592,0.34971184,0.0002245348,0.00034623712,0.6497174
593,0.030279778,0.9655267,0.004044399,0.00014916368
594,0.4589139,0.00032638357,0.5329301,0.0078296475
595,0.05076041,0.9433567,0.0056895837,0.0001932569
596,0.0050473073,0.97369134,0.021073584,0.00018771827
597,0.22519413,0.00018911083,0.00078964164,0.77382714
598,0.07617203,0.80780566,0.11579047,0.00023181007
599,0.42780378,0.000720479,0.56884515,0.0026306228
600,0.18792376,0.00017663714,0.0036613946,0.8082382
601,0.031628847,0.96592414,0.0023055382,0.00014148165
602,0.2445596,0.004031306,0.74717355,0.0042354935
603,0.43179908,0.00028611536,0.5466006,0.021314222
604,0.15351711,0.0001467239,0.06286624,0.7834699
605,0.19138235,0.00017211467,0.020900847,0.7875447
606,0.04721494,0.9350792,0.017535878,0.00016992644
607,0.01498154,0.9301447,0.054730013,0.00014369753
608,0.42780378,0.000720479,0.56884515,0.0026306228
609,0.29194584,0.00023671804,0.0003650239,0.70745236
610,0.17239262,0.00016458616,0.020710817,0.806732
611,0.2823199,0.0038522985,0.69501793,0.01880982
612,0.17239262,0.00016458616,0.020710817,0.806732
613,0.40257442,0.000235562,0.00036324124,0.5968268
614,0.115371615,0.8830371,0.00069723267,0.000893994
615,0.29369837,0.00022713309,0.018391704,0.6876828
616,0.2872621,0.00023497555,0.00036233696,0.71214056
617,0.047852114,0.80285937,0.1490552,0.00023329213
618,0.017912537,0.9099145,0.07200094,0.00017199494
619,0.112217374,0.5256284,0.3541829,0.007971349
620,0.120560504,0.59138125,0.26624256,0.02181567
621,0.055763554,0.92579854,0.01822558,0.00021230495
622,0.16381082,0.38634264,0.44624537,0.0036011958
623,0.016885865,0.950414,0.032570295,0.00012975723
624,0.059762094,0.93954647,0.00048227762,0.00020918249
625,0.010091235,0.9888497,0.0009071326,0.00015193154
626,0.41860628,0.02623261,0.5533839,0.001777192
627,0.32393888,0.0015411074,0.67297405,0.0015459438
628,0.39956847,0.00023495895,0.00036231132,0.59983426
629,0.29369837,0.00022713309,0.018391704,0.6876828
630,0.0870269,0.00015937565,0.0002457604,0.9125679
631,0.023179488,0.97558165,0.0010205099,0.00021836792
632,0.30796713,0.00025162828,0.11266483,0.5791164
633,0.455116,0.00042615377,0.39408875,0.15036911
634,0.24199678,0.027870888,0.72905385,0.0010784523
635,0.27917597,0.045128375,0.651329,0.024366684
636,0.056055058,0.7631993,0.18047328,0.0002722853
637,0.16240886,0.00014815264,0.20495418,0.6324888
638,0.33455405,0.0007912912,0.66309977,0.0015548806
639,0.031210126,0.96803904,0.0005267565,0.00022410553
640,0.01498154,0.9301447,0.054730013,0.00014369753
641,0.16221973,0.2768086,0.55758345,0.003388216
642,0.45643336,0.00022562397,0.0003479166,0.54299307
643,0.4542437,0.00021763027,0.0003355902,0.5452031
644,0.01498154,0.9301447,0.054730013,0.00014369753
645,0.21585998,0.00019864034,0.00030630716,0.7836351
646,0.05169105,0.9475668,0.00049147976,0.00025068648
647,0.18792376,0.00017663714,0.0036613946,0.8082382
648,0.027169298,0.9455354,0.02640645,0.0008888198
649,0.0050742375,0.97460675,0.020130241,0.00018871976
650,0.47412965,0.00022147628,0.00034152082,0.5253074
651,0.031628847,0.96592414,0.0023055382,0.00014148165
652,0.04260303,0.89850587,0.058736205,0.00015493105
653,0.05380469,0.94359344,0.0024514848,0.00015043776
654,0.3673958,0.00023891842,0.00036841695,0.63199687
655,0.47412965,0.00022147628,0.00034152082,0.5253074
656,0.078678355,0.92062336,0.00048411393,0.00021411768
657,0.057699606,0.9409934,0.0004730044,0.00083403924
658,0.028956981,0.966127,0.0046620993,0.000253961
659,0.051691663,0.94757795,0.0004914856,0.00023886802
660,0.28095943,0.00018501592,0.02377223,0.6950833
661,0.06750655,0.85389584,0.07836304,0.00023454819
662,0.23910806,0.14417711,0.6145426,0.002172201
663,0.07617203,0.80780566,0.11579047,0.00023181007
664,0.030279778,0.9655267,0.004044399,0.00014916368
665,0.05169105,0.9475668,0.00049147976,0.00025068648
666,0.43460894,0.0004069517,0.22141737,0.34356678
667,0.14702773,0.43370458,0.41746324,0.0018044623
668,0.05287948,0.77660745,0.17024928,0.00026378979
669,0.15046999,0.84722257,0.0014689455,0.00083855836
670,0.16221973,0.2768086,0.55758345,0.003388216
671,0.014991123,0.9307397,0.054125365,0.00014378945
672,0.03340917,0.9628848,0.0035741916,0.00013182177
673,0.22243093,0.00018595977,0.0030533164,0.7743298
674,0.07618306,0.677577,0.245923,0.0003169097
675,0.0870269,0.00015937565,0.0002457604,0.9125679
676,0.34980285,0.00063288974,0.6480114,0.0015529018
677,0.2884865,0.00022103717,0.00034084384,0.7109516
678,0.05941175,0.9392683,0.0004776589,0.0008422465
679,0.14702773,0.43370458,0.41746324,0.0018044623
680,0.17239262,0.00016458616,0.020710817,0.806732
681,0.22519413,0.00018911083,0.00078964164,0.77382714
682,0.2884865,0.00022103717,0.00034084384,0.7109516
683,0.29279998,0.0001950171,0.0008143028,0.7061907
684,0.13378689,0.83710784,0.028958894,0.00014642028
685,0.19854447,0.29554203,0.5040364,0.0018770674
686,0.39956847,0.00023495895,0.00036231132,0.59983426
687,0.010080366,0.9702097,0.0188882,0.00082167384
688,0.23910806,0.14417711,0.6145426,0.002172201
689,0.05380469,0.94359344,0.0024514848,0.00015043776
690,0.04721494,0.9350792,0.017535878,0.00016992644
691,0.50039923,0.00032387837,0.44935614,0.049920734
692,0.31356004,0.00021549223,0.0003322933,0.68589216
693,0.17239262,0.00016458616,0.020710817,0.806732
694,0.47412965,0.00022147628,0.00034152082,0.5253074
695,0.11987396,0.00013721624,0.08665127,0.7933376
696,0.016885865,0.950414,0.032570295,0.00012975723
697,0.04009601,0.958679,0.0004433161,0.0007816905
698,0.22244589,0.00018597228,0.0029862286,0.7743819
699,0.28140905,0.045252,0.6723195,0.0010195152
700,0.08605009,0.55199057,0.340881,0.02107839
701,0.27067047,0.00020773443,0.00032033055,0.7288014
702,0.30796713,0.00025162828,0.11266483,0.5791164
703,0.32393888,0.0015411074,0.67297405,0.0015459438
704,0.4611614,0.00043181446,0.38604033,0.15236649
705,0.30796713,0.00025162828,0.11266483,0.5791164
706,0.3393289,0.0036321902,0.6553068,0.0017321354
707,0.23722027,0.00017493476,0.049566932,0.71303785
708,0.078678355,0.92062336,0.00048411393,0.00021411768
709,0.21202113,0.016792705,0.7700736,0.0011125699
710,0.19854447,0.29554203,0.5040364,0.0018770674
711,0.11931036,0.87795794,0.0007270545,0.002004611
712,0.38204616,0.00021305357,0.0008395482,0.6169012
713,0.0050473073,0.97369134,0.021073584,0.00018771827
714,0.18603444,0.00016730517,0.048260372,0.76553786
715,0.014991123,0.9307397,0.054125365,0.00014378945
716,0.0870269,0.00015937565,0.0002457604,0.9125679
717,0.017864002,0.96507436,0.01670829,0.00035337225
718,0.069079496,0.87161034,0.05909291,0.00021727849
719,0.6585637,0.0033907515,0.28151363,0.05653196
720,0.0050742375,0.97460675,0.020130241,0.00018871976
721,0.1700121,0.00015269601,0.024595685,0.80523956
722,0.05287948,0.77660745,0.17024928,0.00026378979
723,0.058100797,0.93993145,0.0012526455,0.0007150822
724,0.05287948,0.77660745,0.17024928,0.00026378979
725,0.0149671845,0.9815692,0.003340473,0.00012320185
726,0.017912537,0.9099145,0.07200094,0.00017199494
727,0.32864654,0.00081578334,0.65425974,0.016277932
728,0.17239262,0.00016458616,0.020710817,0.806732
729,0.078678355,0.92062336,0.00048411393,0.00021411768
730,0.016885865,0.950414,0.032570295,0.00012975723
731,0.3040952,0.0002151658,0.6860252,0.009664459
732,0.30796713,0.00025162828,0.11266483,0.5791164
733,0.3907932,0.00022834339,0.00035211002,0.60862637
734,0.2905138,0.0041128653,0.68792325,0.017450051
735,0.32864654,0.00081578334,0.65425974,0.016277932
736,0.4343285,0.00028294508,0.5498025,0.015586075
737,0.056055058,0.7631993,0.18047328,0.0002722853
738,0.2568298,0.013589605,0.7086298,0.020950787
739,0.19376455,0.00017425703,0.008713679,0.79734755
740,0.1757834,0.00018441821,0.000770047,0.8232621
741,0.043951347,0.95244694,0.0034104367,0.00019121531
742,0.31356004,0.00021549223,0.0003322933,0.68589216
743,0.23310952,0.060888954,0.686838,0.019163603
744,0.34980285,0.00063288974,0.6480114,0.0015529018
745,0.11638466,0.8808934,0.0017327749,0.0009891676
746,0.059762094,0.93954647,0.00048227762,0.00020918249
747,0.19138235,0.00017211467,0.020900847,0.7875447
748,0.2568298,0.013589605,0.7086298,0.020950787
749,0.028491799,0.9708926,0.00042682272,0.00018877849
750,0.0065231915,0.9575787,0.03574538,0.00015266745
751,0.4639658,0.00021135568,0.00032591462,0.53549695
752,0.18340757,0.00020835607,0.0009135358,0.8154706
753,0.3629123,0.00022054618,0.0007065986,0.63616055
754,0.013042064,0.9674475,0.019377263,0.00013308659
755,0.0072606774,0.99211043,0.00048714466,0.00014175074
756,0.051691663,0.94757795,0.0004914856,0.00023886802
757,0.07618306,0.677577,0.245923,0.0003169097
758,0.3629123,0.00022054618,0.0007065986,0.63616055
759,0.3907932,0.00022834339,0.00035211002,0.60862637
760,0.279036,0.03819548,0.6773411,0.005427417
761,0.04260303,0.89850587,0.058736205,0.00015493105
762,0.2823199,0.0038522985,0.69501793,0.01880982
763,0.19376455,0.00017425703,0.008713679,0.79734755
764,0.11722285,0.4361152,0.44484746,0.0018144918
765,0.010080366,0.9702097,0.0188882,0.00082167384
766,0.2872621,0.00023497555,0.00036233696,0.71214056
767,0.2445596,0.004031306,0.74717355,0.0042354935
768,0.32667112,0.012077634,0.24655436,0.41469684
769,0.029894847,0.8940976,0.0758451,0.00016247909
770,0.21767208,0.00093229103,0.77831864,0.0030769627
771,0.18603444,0.00016730517,0.048260372,0.76553786
772,0.32864654,0.00081578334,0.65425974,0.016277932
773,0.22798033,0.18413533,0.58594275,0.0019416315
774,0.11931036,0.87795794,0.0007270545,0.002004611
775,0.32864654,0.00081578334,0.65425974,0.016277932
776,0.37113315,0.028385853,0.59880716,0.0016738597
777,0.27075276,0.037828248,0.6903814,0.0010375981
778,0.24569519,0.00020183962,0.004183798,0.7499192
779,0.013042064,0.9674475,0.019377263,0.00013308659
780,0.056055058,0.7631993,0.18047328,0.0002722853
781,0.023179488,0.97558165,0.0010205099,0.00021836792
782,0.0072606774,0.99211043,0.00048714466,0.00014175074
783,0.029520418,0.96695286,0.0033394948,0.00018723767
784,0.279036,0.03819548,0.6773411,0.005427417
785,0.15450375,0.00015025226,0.0031144798,0.8422315
786,0.05169105,0.9475668,0.00049147976,0.00025068648
787,0.34980285,0.00063288974,0.6480114,0.0015529018
788,0.4325938,0.00019644552,0.00056701974,0.56664276
789,0.027621659,0.9701905,0.0006387265,0.0015490506
790,0.010091235,0.9888497,0.0009071326,0.00015193154
791,0.3443086,0.00023079583,0.00035589174,0.6551047
792,0.3396509,0.0003151755,0.6296568,0.030377068
793,0.26767296,0.059199687,0.67170906,0.0014182753
794,0.34089264,0.0003076697,0.6132217,0.04557798
795,0.2522428,0.0051155575,0.73972833,0.0029133004
796,0.047852114,0.80285937,0.1490552,0.00023329213
797,0.2905138,0.0041128653,0.68792325,0.017450051
798,0.055763554,0.92579854,0.01822558,0.00021230495
799,0.04009601,0.958679,0.0004433161,0.0007816905
800,0.0149671845,0.9815692,0.003340473,0.00012320185
801,0.34089264,0.0003076697,0.6132217,0.04557798
802,0.30084923,0.00024108042,0.000856096,0.69805354
803,0.5028013,0.0004862331,0.4763017,0.020410752
804,0.3907932,0.00022834339,0.00035211002,0.60862637
805,0.4262736,0.0007118676,0.5709191,0.0020954232
806,0.05076041,0.9433567,0.0056895837,0.0001932569
807,0.016885865,0.950414,0.032570295,0.00012975723
808,0.22588211,0.00018894291,0.0007889405,0.77314
809,0.37113315,0.028385853,0.59880716,0.0016738597
810,0.24569519,0.00020183962,0.004183798,0.7499192
811,0.118606016,0.8795679,0.0011624992,0.00066362147
812,0.069079496,0.87161034,0.05909291,0.00021727849
813,0.32393888,0.0015411074,0.67297405,0.0015459438
814,0.45454317,0.00021839864,0.000336775,0.54490167
815,0.030279778,0.9655267,0.004044399,0.00014916368
816,0.2884865,0.00022103717,0.00034084384,0.7109516
817,0.15370929,0.41400373,0.42888957,0.003397458
818,0.4325938,0.00019644552,0.00056701974,0.56664276
819,0.43460894,0.0004069517,0.22141737,0.34356678
820,0.016885865,0.950414,0.032570295,0.00012975723
821,0.29969296,0.023201615,0.67570895,0.0013964875
822,0.115371615,0.8830371,0.00069723267,0.000893994
823,0.05537453,0.94232583,0.0014639475,0.0008357055
824,0.03273199,0.9331957,0.03394488,0.00012740646
825,0.13378689,0.83710784,0.028958894,0.00014642028
826,0.455116,0.00042615377,0.39408875,0.15036911
827,0.23722027,0.00017493476,0.049566932,0.71303785
828,0.26767296,0.059199687,0.67170906,0.0014182753
829,0.18787068,0.026136853,0.7733973,0.0125951
830,0.13358413,0.28153983,0.56711376,0.01776227
831,0.047852114,0.80285937,0.1490552,0.00023329213
832,0.50273514,0.00027464703,0.47833785,0.018652378
833,0.017912537,0.9099145,0.07200094,0.00017199494
834,0.5835137,0.025290947,0.3382899,0.05290552
835,0.21767208,0.00093229103,0.77831864,0.0030769627
836,0.34089264,0.0003076697,0.6132217,0.04557798
837,0.3040952,0.0002151658,0.6860252,0.009664459
838,0.24847563,0.056207716,0.69249874,0.0028178627
839,0.023183629,0.97575593,0.0008521792,0.00020824383
840,0.4639658,0.00021135568,0.00032591462,0.53549695
841,0.4343285,0.00028294508,0.5498025,0.015586075
842,0.42780378,0.000720479,0.56884515,0.0026306228
843,0.47050506,0.00021978306,0.00033890983,0.5289362
844,0.28095943,0.00018501592,0.02377223,0.6950833
845,0.23351637,0.00018599966,0.0038833132,0.7624143
846,0.010091235,0.9888497,0.0009071326,0.00015193154
847,0.009419153,0.987439,0.003041014,0.000100842786
848,0.41193673,0.0001998709,0.016061768,0.5718016
849,0.4639658,0.00021135568,0.00032591462,0.53549695
850,0.34089264,0.0003076697,0.6132217,0.04557798
851,0.055763554,0.92579854,0.01822558,0.00021230495
852,0.22588211,0.00018894291,0.0007889405,0.77314
853,0.0065231915,0.9575787,0.03574538,0.00015266745
854,0.41860628,0.02623261,0.5533839,0.001777192
855,0.15450375,0.00015025226,0.0031144798,0.8422315
856,0.03340917,0.9628848,0.0035741916,0.00013182177
857,0.3272809,0.00022287466,0.00034367712,0.6721525
858,0.06750655,0.85389584,0.07836304,0.00023454819
859,0.22519413,0.00018911083,0.00078964164,0.77382714
860,0.29369837,0.00022713309,0.018391704,0.6876828
861,0.5177437,0.00031768557,0.47496063,0.006977977
862,0.020503819,0.9523121,0.0021677355,0.025016276
863,0.455116,0.00042615377,0.39408875,0.15036911
864,0.28793624,0.00022061571,0.00034019363,0.7115029
865,0.08751856,0.9102804,0.0014011537,0.00079985923
866,0.22244589,0.00018597228,0.0029862286,0.7743819
867,0.17239262,0.00016458616,0.020710817,0.806732
868,0.4542437,0.00021763027,0.0003355902,0.5452031
869,0.15046999,0.84722257,0.0014689455,0.00083855836
870,0.50273514,0.00027464703,0.47833785,0.018652378
871,0.04260303,0.89850587,0.058736205,0.00015493105
872,0.20617305,0.00017080008,0.07869616,0.71496
873,0.03340917,0.9628848,0.0035741916,0.00013182177
874,0.21767208,0.00093229103,0.77831864,0.0030769627
875,0.5368544,0.00021351413,0.00032924302,0.46260288
876,0.33043626,0.0015252025,0.6660287,0.0020098297
877,0.05169105,0.9475668,0.00049147976,0.00025068648
878,0.21767208,0.00093229103,0.77831864,0.0030769627
879,0.3673958,0.00023891842,0.00036841695,0.63199687
880,0.29194584,0.00023671804,0.0003650239,0.70745236
881,0.0051166634,0.987071,0.007622105,0.00019029774
882,0.13378689,0.83710784,0.028958894,0.00014642028
883,0.22588211,0.00018894291,0.0007889405,0.77314
884,0.23981138,0.00019388975,0.0011429546,0.75885177
885,0.096998416,0.8993257,0.003056765,0.0006191266
886,0.39956847,0.00023495895,0.00036231132,0.59983426
887,0.044088345,0.8144975,0.14118193,0.00023222616
888,0.014991123,0.9307397,0.054125365,0.00014378945
889,0.22588211,0.00018894291,0.0007889405,0.77314
890,0.2574039,0.0788383,0.6615656,0.0021922223
891,0.45998165,0.002670785,0.10809399,0.4292536
892,0.067960046,0.8684559,0.063367635,0.00021649213
893,0.34971184,0.0002245348,0.00034623712,0.6497174
894,0.47311926,0.00030622171,0.5096424,0.016932102
895,0.38141614,0.0017732083,0.6153983,0.0014123308
896,0.43460894,0.0004069517,0.22141737,0.34356678
897,0.2884865,0.00022103717,0.00034084384,0.7109516
898,0.19138235,0.00017211467,0.020900847,0.7875447
899,0.008470421,0.9906307,0.0003045557,0.00059440103
900,0.29007497,0.00023520115,0.00036268483,0.70932716
901,0.121940196,0.42337552,0.4528372,0.0018470812
902,0.21767208,0.00093229103,0.77831864,0.0030769627
903,0.05865415,0.9154758,0.025232922,0.0006371154
904,0.38141614,0.0017732083,0.6153983,0.0014123308
905,0.030502398,0.9152245,0.054098938,0.00017417551
906,0.23043583,0.00019177675,0.0010342225,0.7683382
907,0.057699606,0.9409934,0.0004730044,0.00083403924
908,0.23797901,0.0001898249,0.0013129034,0.7605183
909,0.15351711,0.0001467239,0.06286624,0.7834699
910,0.027621659,0.9701905,0.0006387265,0.0015490506
911,0.2905138,0.0041128653,0.68792325,0.017450051
912,0.057699606,0.9409934,0.0004730044,0.00083403924
913,0.08256067,0.5933346,0.31989875,0.004205984
914,0.17537914,0.00016743744,0.0037457314,0.82070774
915,0.034089856,0.94132113,0.00077952683,0.023809424
916,0.38141614,0.0017732083,0.6153983,0.0014123308
917,0.21585998,0.00019864034,0.00030630716,0.7836351
918,0.21585998,0.00019864034,0.00030630716,0.7836351
919,0.118606016,0.8795679,0.0011624992,0.00066362147
920,0.32667112,0.012077634,0.24655436,0.41469684
921,0.0870269,0.00015937565,0.0002457604,0.9125679
922,0.29194584,0.00023671804,0.0003650239,0.70745236
923,0.017864002,0.96507436,0.01670829,0.00035337225
924,0.0065231915,0.9575787,0.03574538,0.00015266745
925,0.043951347,0.95244694,0.0034104367,0.00019121531
926,0.41860628,0.02623261,0.5533839,0.001777192
927,0.05537453,0.94232583,0.0014639475,0.0008357055
928,0.4962338,0.00027444764,0.4911646,0.012327176
929,0.5177437,0.00031768557,0.47496063,0.006977977
930,0.5902916,0.00018950604,0.00029222207,0.4092267
931,0.05933884,8.2584804e-05,0.0016931838,0.93888545
932,0.40257442,0.000235562,0.00036324124,0.5968268
933,0.18792376,0.00017663714,0.0036613946,0.8082382
934,0.2862334,0.00018848902,0.0012750948,0.712303
935,0.42868584,0.00039020248,0.51984596,0.051077947
936,0.23797901,0.0001898249,0.0013129034,0.7605183
937,0.056055058,0.7631993,0.18047328,0.0002722853
938,0.29194584,0.00023671804,0.0003650239,0.70745236
939,0.32667112,0.012077634,0.24655436,0.41469684
940,0.05287948,0.77660745,0.17024928,0.00026378979
941,0.19376455,0.00017425703,0.008713679,0.79734755
942,0.48680708,0.0003890527,0.47468582,0.038118023
943,0.5177437,0.00031768557,0.47496063,0.006977977
944,0.060311023,0.00014984868,0.00023106963,0.93930805
945,0.4262736,0.0007118676,0.5709191,0.0020954232
946,0.11722285,0.4361152,0.44484746,0.0018144918
947,0.051691663,0.94757795,0.0004914856,0.00023886802
948,0.19138235,0.00017211467,0.020900847,0.7875447
949,0.0065231915,0.9575787,0.03574538,0.00015266745
950,0.32667112,0.012077634,0.24655436,0.41469684
951,0.051691663,0.94757795,0.0004914856,0.00023886802
952,0.054026254,0.74933994,0.19637373,0.00026008848
953,0.013042064,0.9674475,0.019377263,0.00013308659
954,0.32864654,0.00081578334,0.65425974,0.016277932
955,0.19138235,0.00017211467,0.020900847,0.7875447
956,0.3673958,0.00023891842,0.00036841695,0.63199687
957,0.055763554,0.92579854,0.01822558,0.00021230495
958,0.21767208,0.00093229103,0.77831864,0.0030769627
959,0.24592781,0.0021349227,0.7502368,0.0017004304
960,0.44105595,0.00042168106,0.25969672,0.29882568
961,0.25407556,0.037421245,0.6829535,0.025549779
962,0.365159,0.00022217832,0.02179948,0.6128193
963,0.24847563,0.056207716,0.69249874,0.0028178627
964,0.017864002,0.96507436,0.01670829,0.00035337225
965,0.08762457,0.00015927132,0.0002455995,0.91197056
966,0.30084923,0.00024108042,0.000856096,0.69805354
967,0.38141614,0.0017732083,0.6153983,0.0014123308
968,0.22798033,0.18413533,0.58594275,0.0019416315
969,0.051686525,0.93992597,0.0023569001,0.006030644
970,0.29194584,0.00023671804,0.0003650239,0.70745236
971,0.33582905,0.0002156212,0.0003324921,0.66362286
972,0.017864002,0.96507436,0.01670829,0.00035337225
973,0.19138235,0.00017211467,0.020900847,0.7875447
974,0.4639658,0.00021135568,0.00032591462,0.53549695
975,0.096998416,0.8993257,0.003056765,0.0006191266
976,0.18381733,0.00017244734,0.10889956,0.70711064
977,0.26825437,0.053565666,0.6763932,0.0017867316
978,0.11987396,0.00013721624,0.08665127,0.7933376
979,0.32551333,0.0046142987,0.6672445,0.0026278347
980,0.08605009,0.55199057,0.340881,0.02107839
981,0.115371615,0.8830371,0.00069723267,0.000893994
982,0.027169298,0.9455354,0.02640645,0.0008888198
983,0.40257442,0.000235562,0.00036324124,0.5968268
984,0.059762094,0.93954647,0.00048227762,0.00020918249
985,0.006696921,0.94132537,0.05182096,0.0001567333
986,0.030502398,0.9152245,0.054098938,0.00017417551
987,0.15370929,0.41400373,0.42888957,0.003397458
988,0.4542437,0.00021763027,0.0003355902,0.5452031
989,0.067960046,0.8684559,0.063367635,0.00021649213
990,0.057699606,0.9409934,0.0004730044,0.00083403924
991,0.05933884,8.2584804e-05,0.0016931838,0.93888545
992,0.04260303,0.89850587,0.058736205,0.00015493105
993,0.051691663,0.94757795,0.0004914856,0.00023886802
994,0.05380469,0.94359344,0.0024514848,0.00015043776
995,0.24199678,0.027870888,0.72905385,0.0010784523
996,0.15351711,0.0001467239,0.06286624,0.7834699
997,0.007260179,0.99204236,0.00054873707,0.00014873185
998,0.029894847,0.8940976,0.0758451,0.00016247909
999,0.023179488,0.97558165,0.0010205099,0.00021836792
1000,0.24847563,0.056207716,0.69249874,0.0028178627
1001,0.25407556,0.037421245,0.6829535,0.025549779
1002,0.30136088,0.00024091941,0.00069538906,0.6977028
1003,0.3719695,0.02550585,0.6010183,0.0015063299
1004,0.40257442,0.000235562,0.00036324124,0.5968268
1005,0.05976265,0.93955517,0.0004729602,0.00020918444
1006,0.0051166634,0.987071,0.007622105,0.00019029774
1007,0.069079496,0.87161034,0.05909291,0.00021727849
1008,0.4962338,0.00027444764,0.4911646,0.012327176
1009,0.21767208,0.00093229103,0.77831864,0.0030769627
1010,0.04260303,0.89850587,0.058736205,0.00015493105
1011,0.2823199,0.0038522985,0.69501793,0.01880982
1012,0.22244589,0.00018597228,0.0029862286,0.7743819
1013,0.15351711,0.0001467239,0.06286624,0.7834699
1014,0.069079496,0.87161034,0.05909291,0.00021727849
1015,0.1700121,0.00015269601,0.024595685,0.80523956
1016,0.3393289,0.0036321902,0.6553068,0.0017321354
1017,0.016885865,0.950414,0.032570295,0.00012975723
1018,0.115371615,0.8830371,0.00069723267,0.000893994
1019,0.30084923,0.00024108042,0.000856096,0.69805354
1020,0.22341426,0.028554145,0.74692667,0.0011048907
1021,0.3493774,0.084742345,0.56466174,0.0012185223
1022,0.18603444,0.00016730517,0.048260372,0.76553786
1023,0.03273199,0.9331957,0.03394488,0.00012740646
1024,0.23039743,0.00019174478,0.0012007381,0.7682101
1025,0.008410116,0.99084854,0.0004719371,0.00026940886
1026,0.10309902,0.4606935,0.43443543,0.001772022
1027,0.33516753,0.0002761428,0.19952022,0.46503612
1028,0.031628847,0.96592414,0.0023055382,0.00014148165
1029,0.031210126,0.96803904,0.0005267565,0.00022410553
1030,0.028491799,0.9708926,0.00042682272,0.00018877849
1031,0.21980733,0.31930962,0.45862916,0.0022538742
1032,0.11989667,0.8779063,0.0013986174,0.00079841097
1033,0.21980733,0.31930962,0.45862916,0.0022538742
1034,0.42868584,0.00039020248,0.51984596,0.051077947
1035,0.030502398,0.9152245,0.054098938,0.00017417551
1036,0.32087034,0.27125627,0.38960943,0.018263943
1037,0.47050506,0.00021978306,0.00033890983,0.5289362
1038,0.47254646,0.00056352164,0.49426475,0.032625206
1039,0.020503819,0.9523121,0.0021677355,0.025016276
1040,0.22239979,0.0001983751,0.0009950927,0.7764067
1041,0.2568298,0.013589605,0.7086298,0.020950787
1042,0.069079496,0.87161034,0.05909291,0.00021727849
1043,0.33078355,0.00051348214,0.62147737,0.047225673
1044,0.4639658,0.00021135568,0.00032591462,0.53549695
1045,0.32667112,0.012077634,0.24655436,0.41469684
1046,0.4542437,0.00021763027,0.0003355902,0.5452031
1047,0.112217374,0.5256284,0.3541829,0.007971349
1048,0.47021404,0.02055353,0.3954566,0.113775864
1049,0.18792376,0.00017663714,0.0036613946,0.8082382
1050,0.27537856,0.05075046,0.66846293,0.0054080933
1051,0.53684664,0.0004918818,0.19116896,0.2714925
1052,0.4962338,0.00027444764,0.4911646,0.012327176
1053,0.06750655,0.85389584,0.07836304,0.00023454819
1054,0.24592781,0.0021349227,0.7502368,0.0017004304
1055,0.11989667,0.8779063,0.0013986174,0.00079841097
1056,0.060311023,0.00014984868,0.00023106963,0.93930805
1057,0.27067047,0.00020773443,0.00032033055,0.7288014
1058,0.37113315,0.028385853,0.59880716,0.0016738597
1059,0.017009733,0.98245114,0.0003684968,0.00017066294
1060,0.4611614,0.00043181446,0.38604033,0.15236649
1061,0.05537453,0.94232583,0.0014639475,0.0008357055
1062,0.34971184,0.0002245348,0.00034623712,0.6497174
1063,0.112217374,0.5256284,0.3541829,0.007971349
1064,0.3907932,0.00022834339,0.00035211002,0.60862637
1065,0.29969296,0.023201615,0.67570895,0.0013964875
1066,0.3443086,0.00023079583,0.00035589174,0.6551047
1067,0.18381733,0.00017244734,0.10889956,0.70711064
1068,0.017912537,0.9099145,0.07200094,0.00017199494
1069,0.21585998,0.00019864034,0.00030630716,0.7836351
1070,0.22519413,0.00018911083,0.00078964164,0.77382714
1071,0.4343285,0.00028294508,0.5498025,0.015586075
1072,0.29194584,0.00023671804,0.0003650239,0.70745236
1073,0.47254646,0.00056352164,0.49426475,0.032625206
1074,0.059762094,0.93954647,0.00048227762,0.00020918249
1075,0.3629123,0.00022054618,0.0007065986,0.63616055
1076,0.4542437,0.00021763027,0.0003355902,0.5452031
1077,0.010080366,0.9702097,0.0188882,0.00082167384
1078,0.365159,0.00022217832,0.02179948,0.6128193
1079,0.10309902,0.4606935,0.43443543,0.001772022
1080,0.3272809,0.00022287466,0.00034367712,0.6721525
1081,0.5902916,0.00018950604,0.00029222207,0.4092267
1082,0.05380469,0.94359344,0.0024514848,0.00015043776
1083,0.043951347,0.95244694,0.0034104367,0.00019121531
1084,0.22519413,0.00018911083,0.00078964164,0.77382714
1085,0.27067047,0.00020773443,0.00032033055,0.7288014
1086,0.22519413,0.00018911083,0.00078964164,0.77382714
1087,0.2884865,0.00022103717,0.00034084384,0.7109516
1088,0.29279998,0.0001950171,0.0008143028,0.7061907
1089,0.32087034,0.27125627,0.38960943,0.018263943
1090,0.34971184,0.0002245348,0.00034623712,0.6497174
1091,0.22519413,0.00018911083,0.00078964164,0.77382714
1092,0.027055088,0.9709405,0.00063406257,0.0013703709
1093,0.38141614,0.0017732083,0.6153983,0.0014123308
1094,0.3673958,0.00023891842,0.00036841695,0.63199687
1095,0.2940246,0.022811603,0.66562265,0.017541135
1096,0.121940196,0.42337552,0.4528372,0.0018470812
1097,0.2862334,0.00018848902,0.0012750948,0.712303
1098,0.06750655,0.85389584,0.07836304,0.00023454819
1099,0.23043583,0.00019177675,0.0010342225,0.7683382
1100,0.07617203,0.80780566,0.11579047,0.00023181007
1101,0.29194584,0.00023671804,0.0003650239,0.70745236
1102,0.2445596,0.004031306,0.74717355,0.0042354935
1103,0.3907932,0.00022834339,0.00035211002,0.60862637
1104,0.27075276,0.037828248,0.6903814,0.0010375981
1105,0.5177437,0.00031768557,0.47496063,0.006977977
1106,0.33078355,0.00051348214,0.62147737,0.047225673
1107,0.11987396,0.00013721624,0.08665127,0.7933376
1108,0.2905138,0.0041128653,0.68792325,0.017450051
1109,0.26825437,0.053565666,0.6763932,0.0017867316
1110,0.33078355,0.00051348214,0.62147737,0.047225673
1111,0.45454317,0.00021839864,0.000336775,0.54490167
1112,0.4639658,0.00021135568,0.00032591462,0.53549695
1113,0.45454317,0.00021839864,0.000336775,0.54490167
1114,0.16221973,0.2768086,0.55758345,0.003388216
1115,0.05537453,0.94232583,0.0014639475,0.0008357055
1116,0.47412965,0.00022147628,0.00034152082,0.5253074
1117,0.013042064,0.9674475,0.019377263,0.00013308659
1118,0.008470421,0.9906307,0.0003045557,0.00059440103
1119,0.121940196,0.42337552,0.4528372,0.0018470812
1120,0.2862334,0.00018848902,0.0012750948,0.712303
1121,0.016885865,0.950414,0.032570295,0.00012975723
1122,0.010080366,0.9702097,0.0188882,0.00082167384
1123,0.006432408,0.9442521,0.049164917,0.00015054276
1124,0.023179488,0.97558165,0.0010205099,0.00021836792
1125,0.18381733,0.00017244734,0.10889956,0.70711064
1126,0.07107636,0.8879368,0.04081901,0.00016784066
1127,0.08751856,0.9102804,0.0014011537,0.00079985923
1128,0.06951359,0.85668194,0.073569156,0.00023531346
1129,0.05380469,0.94359344,0.0024514848,0.00015043776
1130,0.044088345,0.8144975,0.14118193,0.00023222616
1131,0.3907932,0.00022834339,0.00035211002,0.60862637
1132,0.50039923,0.00032387837,0.44935614,0.049920734
1133,0.47021404,0.02055353,0.3954566,0.113775864
1134,0.120560504,0.59138125,0.26624256,0.02181567
1135,0.006696921,0.94132537,0.05182096,0.0001567333
1136,0.15370929,0.41400373,0.42888957,0.003397458
1137,0.15046999,0.84722257,0.0014689455,0.00083855836
1138,0.2522428,0.0051155575,0.73972833,0.0029133004
1139,0.4688804,0.0026473734,0.48478243,0.043689813
1140,0.53684664,0.0004918818,0.19116896,0.2714925
1141,0.17537914,0.00016743744,0.0037457314,0.82070774
1142,0.34980285,0.00063288974,0.6480114,0.0015529018
1143,0.3272809,0.00022287466,0.00034367712,0.6721525
1144,0.32434607,0.0037157687,0.6703858,0.0015524094
1145,0.20726982,0.064060725,0.7268649,0.0018045828
1146,0.24592781,0.0021349227,0.7502368,0.0017004304
1147,0.45643336,0.00022562397,0.0003479166,0.54299307
1148,0.3629123,0.00022054618,0.0007065986,0.63616055
1149,0.031628847,0.96592414,0.0023055382,0.00014148165
1150,0.5902916,0.00018950604,0.00029222207,0.4092267
1151,0.47412965,0.00022147628,0.00034152082,0.5253074
1152,0.33516753,0.0002761428,0.19952022,0.46503612
1153,0.21767208,0.00093229103,0.77831864,0.0030769627
1154,0.010091235,0.9888497,0.0009071326,0.00015193154
1155,0.043951347,0.95244694,0.0034104367,0.00019121531
1156,0.21980733,0.31930962,0.45862916,0.0022538742
1157,0.16240886,0.00014815264,0.20495418,0.6324888
1158,0.0050742375,0.97460675,0.020130241,0.00018871976
1159,0.23039743,0.00019174478,0.0012007381,0.7682101
1160,0.45454317,0.00021839864,0.000336775,0.54490167
1161,0.15046999,0.84722257,0.0014689455,0.00083855836
1162,0.029894847,0.8940976,0.0758451,0.00016247909
1163,0.115371615,0.8830371,0.00069723267,0.000893994
1164,0.01498154,0.9301447,0.054730013,0.00014369753
1165,0.08751856,0.9102804,0.0014011537,0.00079985923
1166,0.2522428,0.0051155575,0.73972833,0.0029133004
1167,0.031628847,0.96592414,0.0023055382,0.00014148165
1168,0.15351711,0.0001467239,0.06286624,0.7834699
1169,0.23722027,0.00017493476,0.049566932,0.71303785
1170,0.30796713,0.00025162828,0.11266483,0.5791164
1171,0.47412965,0.00022147628,0.00034152082,0.5253074
1172,0.39956847,0.00023495895,0.00036231132,0.59983426
1173,0.19854447,0.29554203,0.5040364,0.0018770674
1174,0.5016656,0.00020774035,0.0003203397,0.4978063
1175,0.054026254,0.74933994,0.19637373,0.00026008848
1176,0.023183629,0.97575593,0.0008521792,0.00020824383
1177,0.3629123,0.00022054618,0.0007065986,0.63616055
1178,0.4542437,0.00021763027,0.0003355902,0.5452031
1179,0.24963012,0.00017614021,0.00027161167,0.74992216
1180,0.25407556,0.037421245,0.6829535,0.025549779
1181,0.27075276,0.037828248,0.6903814,0.0010375981
1182,0.33043626,0.0015252025,0.6660287,0.0020098297
1183,0.30796713,0.00025162828,0.11266483,0.5791164
1184,0.05933884,8.2584804e-05,0.0016931838,0.93888545
1185,0.21767208,0.00093229103,0.77831864,0.0030769627
1186,0.15046999,0.84722257,0.0014689455,0.00083855836
1187,0.26767296,0.059199687,0.67170906,0.0014182753
1188,0.027621659,0.9701905,0.0006387265,0.0015490506
1189,0.08751856,0.9102804,0.0014011537,0.00079985923
1190,0.33582905,0.0002156212,0.0003324921,0.66362286
1191,0.027169298,0.9455354,0.02640645,0.0008888198
1192,0.2574039,0.0788383,0.6615656,0.0021922223
1193,0.16221973,0.2768086,0.55758345,0.003388216
1194,0.2905138,0.0041128653,0.68792325,0.017450051
1195,0.05976265,0.93955517,0.0004729602,0.00020918444
1196,0.16240886,0.00014815264,0.20495418,0.6324888
1197,0.028956981,0.966127,0.0046620993,0.000253961
1198,0.50273514,0.00027464703,0.47833785,0.018652378
1199,0.120560504,0.59138125,0.26624256,0.02181567
1200,0.051691663,0.94757795,0.0004914856,0.00023886802
1201,0.05380469,0.94359344,0.0024514848,0.00015043776
1202,0.028491799,0.9708926,0.00042682272,0.00018877849
1203,0.04009601,0.958679,0.0004433161,0.0007816905
1204,0.028491799,0.9708926,0.00042682272,0.00018877849
1205,0.48680708,0.0003890527,0.47468582,0.038118023
1206,0.3396509,0.0003151755,0.6296568,0.030377068
1207,0.037081257,0.8416965,0.121021934,0.00020028462
1208,0.5902916,0.00018950604,0.00029222207,0.4092267
1209,0.53684664,0.0004918818,0.19116896,0.2714925
1210,0.2445596,0.004031306,0.74717355,0.0042354935
1211,0.5835137,0.025290947,0.3382899,0.05290552
1212,0.1700121,0.00015269601,0.024595685,0.80523956
1213,0.06951359,0.85668194,0.073569156,0.00023531346
1214,0.45454317,0.00021839864,0.000336775,0.54490167
1215,0.42780378,0.000720479,0.56884515,0.0026306228
1216,0.22341426,0.028554145,0.74692667,0.0011048907
1217,0.39956847,0.00023495895,0.00036231132,0.59983426
1218,0.33078355,0.00051348214,0.62147737,0.047225673
1219,0.04721494,0.9350792,0.017535878,0.00016992644
1220,0.23039743,0.00019174478,0.0012007381,0.7682101
1221,0.3907932,0.00022834339,0.00035211002,0.60862637
1222,0.20726982,0.064060725,0.7268649,0.0018045828
1223,0.11931036,0.87795794,0.0007270545,0.002004611
1224,0.062628165,0.9097,0.0028558364,0.024816006
1225,0.030502398,0.9152245,0.054098938,0.00017417551
1226,0.41193673,0.0001998709,0.016061768,0.5718016
1227,0.0050742375,0.97460675,0.020130241,0.00018871976
1228,0.17239262,0.00016458616,0.020710817,0.806732
1229,0.07107636,0.8879368,0.04081901,0.00016784066
1230,0.009419153,0.987439,0.003041014,0.000100842786
1231,0.3629123,0.00022054618,0.0007065986,0.63616055
1232,0.078678355,0.92062336,0.00048411393,0.00021411768
1233,0.067960046,0.8684559,0.063367635,0.00021649213
1234,0.30136088,0.00024091941,0.00069538906,0.6977028
1235,0.07617203,0.80780566,0.11579047,0.00023181007
1236,0.055763554,0.92579854,0.01822558,0.00021230495
1237,0.34089264,0.0003076697,0.6132217,0.04557798
1238,0.50273514,0.00027464703,0.47833785,0.018652378
1239,0.43179908,0.00028611536,0.5466006,0.021314222
1240,0.18340757,0.00020835607,0.0009135358,0.8154706
1241,0.15450375,0.00015025226,0.0031144798,0.8422315
1242,0.13378689,0.83710784,0.028958894,0.00014642028
1243,0.23910806,0.14417711,0.6145426,0.002172201
1244,0.19138235,0.00017211467,0.020900847,0.7875447
1245,0.024517456,0.97371304,0.0005669446,0.0012025654
1246,0.047852114,0.80285937,0.1490552,0.00023329213
1247,0.48680708,0.0003890527,0.47468582,0.038118023
1248,0.029412756,0.96720695,0.0032386282,0.00014166954
1249,0.4542437,0.00021763027,0.0003355902,0.5452031
1250,0.23722027,0.00017493476,0.049566932,0.71303785
1251,0.3719695,0.02550585,0.6010183,0.0015063299
1252,0.4542437,0.00021763027,0.0003355902,0.5452031
1253,0.15351711,0.0001467239,0.06286624,0.7834699
1254,0.112217374,0.5256284,0.3541829,0.007971349
1255,0.21980733,0.31930962,0.45862916,0.0022538742
1256,0.017009733,0.98245114,0.0003684968,0.00017066294
1257,0.05380469,0.94359344,0.0024514848,0.00015043776
1258,0.48680708,0.0003890527,0.47468582,0.038118023
1259,0.0870269,0.00015937565,0.0002457604,0.9125679
1260,0.32551333,0.0046142987,0.6672445,0.0026278347
1261,0.05976265,0.93955517,0.0004729602,0.00020918444
1262,0.017009733,0.98245114,0.0003684968,0.00017066294
1263,0.23351637,0.00018599966,0.0038833132,0.7624143
1264,0.2574039,0.0788383,0.6615656,0.0021922223
1265,0.027055088,0.9709405,0.00063406257,0.0013703709
1266,0.21767208,0.00093229103,0.77831864,0.0030769627
1267,0.16221973,0.2768086,0.55758345,0.003388216
1268,0.01498154,0.9301447,0.054730013,0.00014369753
1269,0.029412756,0.96720695,0.0032386282,0.00014166954
1270,0.20726982,0.064060725,0.7268649,0.0018045828
1271,0.39956847,0.00023495895,0.00036231132,0.59983426
1272,0.08605009,0.55199057,0.340881,0.02107839
1273,0.29969296,0.023201615,0.67570895,0.0013964875
1274,0.365159,0.00022217832,0.02179948,0.6128193
1275,0.38204616,0.00021305357,0.0008395482,0.6169012
1276,0.23310952,0.060888954,0.686838,0.019163603
1277,0.01498154,0.9301447,0.054730013,0.00014369753
1278,0.062628165,0.9097,0.0028558364,0.024816006
1279,0.13378689,0.83710784,0.028958894,0.00014642028
1280,0.50273514,0.00027464703,0.47833785,0.018652378
1281,0.21980733,0.31930962,0.45862916,0.0022538742
1282,0.32434607,0.0037157687,0.6703858,0.0015524094
1283,0.18340757,0.00020835607,0.0009135358,0.8154706
1284,0.19376455,0.00017425703,0.008713679,0.79734755
1285,0.5368544,0.00021351413,0.00032924302,0.46260288
1286,0.07107636,0.8879368,0.04081901,0.00016784066
1287,0.2823199,0.0038522985,0.69501793,0.01880982
1288,0.50273514,0.00027464703,0.47833785,0.018652378
1289,0.05380469,0.94359344,0.0024514848,0.00015043776
1290,0.5028013,0.0004862331,0.4763017,0.020410752
1291,0.05380469,0.94359344,0.0024514848,0.00015043776
1292,0.041216794,0.89975804,0.058829397,0.00019576387
1293,0.22798033,0.18413533,0.58594275,0.0019416315
1294,0.11722285,0.4361152,0.44484746,0.0018144918
1295,0.50273514,0.00027464703,0.47833785,0.018652378
1296,0.4589139,0.00032638357,0.5329301,0.0078296475
1297,0.3493774,0.084742345,0.56466174,0.0012185223
1298,0.054026254,0.74933994,0.19637373,0.00026008848
1299,0.50273514,0.00027464703,0.47833785,0.018652378
1300,0.5177437,0.00031768557,0.47496063,0.006977977
1301,0.041216794,0.89975804,0.058829397,0.00019576387
1302,0.29279998,0.0001950171,0.0008143028,0.7061907
1303,0.28793624,0.00022061571,0.00034019363,0.7115029
1304,0.33582905,0.0002156212,0.0003324921,0.66362286
1305,0.0050473073,0.97369134,0.021073584,0.00018771827
1306,0.455116,0.00042615377,0.39408875,0.15036911
1307,0.27537856,0.05075046,0.66846293,0.0054080933
1308,0.22244589,0.00018597228,0.0029862286,0.7743819
1309,0.2940246,0.022811603,0.66562265,0.017541135
1310,0.08751856,0.9102804,0.0014011537,0.00079985923
1311,0.02125122,0.8929981,0.085578084,0.00017260262
1312,0.051686525,0.93992597,0.0023569001,0.006030644
1313,0.23043583,0.00019177675,0.0010342225,0.7683382
1314,0.033567574,0.96527237,0.0007675837,0.00039244216
1315,0.081973806,0.589117,0.32473314,0.0041760863
1316,0.008410116,0.99084854,0.0004719371,0.00026940886
1317,0.055763554,0.92579854,0.01822558,0.00021230495
1318,0.030502398,0.9152245,0.054098938,0.00017417551
1319,0.4262736,0.0007118676,0.5709191,0.0020954232
1320,0.47021404,0.02055353,0.3954566,0.113775864
1321,0.22588211,0.00018894291,0.0007889405,0.77314
1322,0.39956847,0.00023495895,0.00036231132,0.59983426
1323,0.29969296,0.023201615,0.67570895,0.0013964875
1324,0.05941175,0.9392683,0.0004776589,0.0008422465
1325,0.006432408,0.9442521,0.049164917,0.00015054276
1326,0.1700121,0.00015269601,0.024595685,0.80523956
1327,0.044088345,0.8144975,0.14118193,0.00023222616
1328,0.27075276,0.037828248,0.6903814,0.0010375981
1329,0.05380469,0.94359344,0.0024514848,0.00015043776
1330,0.05287948,0.77660745,0.17024928,0.00026378979
1331,0.4262736,0.0007118676,0.5709191,0.0020954232
1332,0.11638466,0.8808934,0.0017327749,0.0009891676
1333,0.017009733,0.98245114,0.0003684968,0.00017066294
1334,0.4962338,0.00027444764,0.4911646,0.012327176
1335,0.04260303,0.89850587,0.058736205,0.00015493105
1336,0.24592781,0.0021349227,0.7502368,0.0017004304
1337,0.45643336,0.00022562397,0.0003479166,0.54299307
1338,0.5177437,0.00031768557,0.47496063,0.006977977
1339,0.0050742375,0.97460675,0.020130241,0.00018871976
1340,0.05933884,8.2584804e-05,0.0016931838,0.93888545
1341,0.03047444,0.8874165,0.08194495,0.00016411068
1342,0.081973806,0.589117,0.32473314,0.0041760863
1343,0.365159,0.00022217832,0.02179948,0.6128193
1344,0.32393888,0.0015411074,0.67297405,0.0015459438
1345,0.05380469,0.94359344,0.0024514848,0.00015043776
1346,0.08751856,0.9102804,0.0014011537,0.00079985923
1347,0.11931036,0.87795794,0.0007270545,0.002004611
1348,0.051686525,0.93992597,0.0023569001,0.006030644
1349,0.05380469,0.94359344,0.0024514848,0.00015043776
1350,0.42868584,0.00039020248,0.51984596,0.051077947
1351,0.22244589,0.00018597228,0.0029862286,0.7743819
1352,0.23910806,0.14417711,0.6145426,0.002172201
1353,0.21202113,0.016792705,0.7700736,0.0011125699
1354,0.0618446,0.9358715,0.0014539203,0.0008299814
1355,0.06951359,0.85668194,0.073569156,0.00023531346
1356,0.017864002,0.96507436,0.01670829,0.00035337225
1357,0.32087034,0.27125627,0.38960943,0.018263943
1358,0.2199419,0.0042609894,0.7741522,0.0016448874
1359,0.29194584,0.00023671804,0.0003650239,0.70745236
1360,0.24592781,0.0021349227,0.7502368,0.0017004304
1361,0.033567574,0.96527237,0.0007675837,0.00039244216
1362,0.120560504,0.59138125,0.26624256,0.02181567
1363,0.3272809,0.00022287466,0.00034367712,0.6721525
1364,0.031210126,0.96803904,0.0005267565,0.00022410553
1365,0.02125122,0.8929981,0.085578084,0.00017260262
1366,0.055763554,0.92579854,0.01822558,0.00021230495
1367,0.07107636,0.8879368,0.04081901,0.00016784066
1368,0.3393289,0.0036321902,0.6553068,0.0017321354
1369,0.0050742375,0.97460675,0.020130241,0.00018871976
1370,0.2199419,0.0042609894,0.7741522,0.0016448874
1371,0.27075276,0.037828248,0.6903814,0.0010375981
1372,0.3443086,0.00023079583,0.00035589174,0.6551047
1373,0.47412965,0.00022147628,0.00034152082,0.5253074
1374,0.017009733,0.98245114,0.0003684968,0.00017066294
1375,0.279036,0.03819548,0.6773411,0.005427417
1376,0.15046999,0.84722257,0.0014689455,0.00083855836
1377,0.017009733,0.98245114,0.0003684968,0.00017066294
1378,0.30136088,0.00024091941,0.00069538906,0.6977028
1379,0.29194584,0.00023671804,0.0003650239,0.70745236
1380,0.0870269,0.00015937565,0.0002457604,0.9125679
1381,0.007260179,0.99204236,0.00054873707,0.00014873185
1382,0.1700121,0.00015269601,0.024595685,0.80523956
1383,0.33582905,0.0002156212,0.0003324921,0.66362286
1384,0.47021404,0.02055353,0.3954566,0.113775864
1385,0.17239262,0.00016458616,0.020710817,0.806732
1386,0.17537914,0.00016743744,0.0037457314,0.82070774
1387,0.3719695,0.02550585,0.6010183,0.0015063299
1388,0.121940196,0.42337552,0.4528372,0.0018470812
1389,0.37113315,0.028385853,0.59880716,0.0016738597
1390,0.32434607,0.0037157687,0.6703858,0.0015524094
1391,0.29969296,0.023201615,0.67570895,0.0013964875
1392,0.031210126,0.96803904,0.0005267565,0.00022410553
1393,0.11931036,0.87795794,0.0007270545,0.002004611
1394,0.2574039,0.0788383,0.6615656,0.0021922223
1395,0.27917597,0.045128375,0.651329,0.024366684
1396,0.3393289,0.0036321902,0.6553068,0.0017321354
1397,0.18792376,0.00017663714,0.0036613946,0.8082382
1398,0.05537453,0.94232583,0.0014639475,0.0008357055
1399,0.11931036,0.87795794,0.0007270545,0.002004611
1400,0.4639658,0.00021135568,0.00032591462,0.53549695
1401,0.26825437,0.053565666,0.6763932,0.0017867316
1402,0.11722285,0.4361152,0.44484746,0.0018144918
1403,0.017912537,0.9099145,0.07200094,0.00017199494
1404,0.008470421,0.9906307,0.0003045557,0.00059440103
1405,0.0050742375,0.97460675,0.020130241,0.00018871976
1406,0.08946695,0.8955782,0.0010795989,0.013875259
1407,0.031628847,0.96592414,0.0023055382,0.00014148165
1408,0.17537914,0.00016743744,0.0037457314,0.82070774
1409,0.3629123,0.00022054618,0.0007065986,0.63616055
1410,0.017009733,0.98245114,0.0003684968,0.00017066294
1411,0.04567019,0.9338171,0.020353997,0.00015867896
1412,0.3040952,0.0002151658,0.6860252,0.009664459
1413,0.28140905,0.045252,0.6723195,0.0010195152
1414,0.1757834,0.00018441821,0.000770047,0.8232621
1415,0.5028013,0.0004862331,0.4763017,0.020410752
1416,0.33078355,0.00051348214,0.62147737,0.047225673
1417,0.057699606,0.9409934,0.0004730044,0.00083403924
1418,0.3493774,0.084742345,0.56466174,0.0012185223
1419,0.28793624,0.00022061571,0.00034019363,0.7115029
1420,0.47311926,0.00030622171,0.5096424,0.016932102
1421,0.029520418,0.96695286,0.0033394948,0.00018723767
1422,0.05941175,0.9392683,0.0004776589,0.0008422465
1423,0.08605009,0.55199057,0.340881,0.02107839
1424,0.15450375,0.00015025226,0.0031144798,0.8422315
1425,0.17537914,0.00016743744,0.0037457314,0.82070774
1426,0.0072606774,0.99211043,0.00048714466,0.00014175074
1427,0.027169298,0.9455354,0.02640645,0.0008888198
1428,0.5016656,0.00020774035,0.0003203397,0.4978063
1429,0.27075276,0.037828248,0.6903814,0.0010375981
1430,0.45454317,0.00021839864,0.000336775,0.54490167
1431,0.25407556,0.037421245,0.6829535,0.025549779
1432,0.19854447,0.29554203,0.5040364,0.0018770674
1433,0.32434607,0.0037157687,0.6703858,0.0015524094
1434,0.13378689,0.83710784,0.028958894,0.00014642028
1435,0.24569519,0.00020183962,0.004183798,0.7499192
1436,0.04009601,0.958679,0.0004433161,0.0007816905
1437,0.5177437,0.00031768557,0.47496063,0.006977977
1438,0.23310952,0.060888954,0.686838,0.019163603
1439,0.3396509,0.0003151755,0.6296568,0.030377068
1440,0.006432408,0.9442521,0.049164917,0.00015054276
1441,0.24569519,0.00020183962,0.004183798,0.7499192
1442,0.05976265,0.93955517,0.0004729602,0.00020918444
1443,0.18340757,0.00020835607,0.0009135358,0.8154706
1444,0.0065231915,0.9575787,0.03574538,0.00015266745
1445,0.10309902,0.4606935,0.43443543,0.001772022
1446,0.32087034,0.27125627,0.38960943,0.018263943
1447,0.24569519,0.00020183962,0.004183798,0.7499192
1448,0.0618446,0.9358715,0.0014539203,0.0008299814
1449,0.27067047,0.00020773443,0.00032033055,0.7288014
1450,0.010091235,0.9888497,0.0009071326,0.00015193154
1451,0.05287948,0.77660745,0.17024928,0.00026378979
1452,0.029894847,0.8940976,0.0758451,0.00016247909
1453,0.28095943,0.00018501592,0.02377223,0.6950833
1454,0.23043583,0.00019177675,0.0010342225,0.7683382
1455,0.08762457,0.00015927132,0.0002455995,0.91197056
1456,0.05380469,0.94359344,0.0024514848,0.00015043776
1457,0.30136088,0.00024091941,0.00069538906,0.6977028
1458,0.010080366,0.9702097,0.0188882,0.00082167384
1459,0.051691663,0.94757795,0.0004914856,0.00023886802
1460,0.037081257,0.8416965,0.121021934,0.00020028462
1461,0.06750655,0.85389584,0.07836304,0.00023454819
1462,0.4611614,0.00043181446,0.38604033,0.15236649
1463,0.21767208,0.00093229103,0.77831864,0.0030769627
1464,0.060243648,0.00014985942,0.00023108619,0.9393754
1465,0.47050506,0.00021978306,0.00033890983,0.5289362
1466,0.2862334,0.00018848902,0.0012750948,0.712303
1467,0.1700121,0.00015269601,0.024595685,0.80523956
1468,0.096998416,0.8993257,0.003056765,0.0006191266
1469,0.29969296,0.023201615,0.67570895,0.0013964875
1470,0.02125122,0.8929981,0.085578084,0.00017260262
1471,0.04009601,0.958679,0.0004433161,0.0007816905
1472,0.4343285,0.00028294508,0.5498025,0.015586075
1473,0.0072606774,0.99211043,0.00048714466,0.00014175074
1474,0.043951347,0.95244694,0.0034104367,0.00019121531
1475,0.3907932,0.00022834339,0.00035211002,0.60862637
1476,0.13378689,0.83710784,0.028958894,0.00014642028
1477,0.2445596,0.004031306,0.74717355,0.0042354935
1478,0.04721494,0.9350792,0.017535878,0.00016992644
1479,0.05941175,0.9392683,0.0004776589,0.0008422465
1480,0.28140905,0.045252,0.6723195,0.0010195152
1481,0.07107636,0.8879368,0.04081901,0.00016784066
1482,0.47050506,0.00021978306,0.00033890983,0.5289362
1483,0.0050473073,0.97369134,0.021073584,0.00018771827
1484,0.5368544,0.00021351413,0.00032924302,0.46260288
1485,0.21767208,0.00093229103,0.77831864,0.0030769627
1486,0.47021404,0.02055353,0.3954566,0.113775864
1487,0.006432408,0.9442521,0.049164917,0.00015054276
1488,0.50039923,0.00032387837,0.44935614,0.049920734
1489,0.50273514,0.00027464703,0.47833785,0.018652378
1490,0.44105595,0.00042168106,0.25969672,0.29882568
1491,0.47311926,0.00030622171,0.5096424,0.016932102
1492,0.29369837,0.00022713309,0.018391704,0.6876828
1493,0.017009733,0.98245114,0.0003684968,0.00017066294
1494,0.38204616,0.00021305357,0.0008395482,0.6169012
1495,0.41193673,0.0001998709,0.016061768,0.5718016
1496,0.21202113,0.016792705,0.7700736,0.0011125699
1497,0.22588211,0.00018894291,0.0007889405,0.77314
1498,0.013042064,0.9674475,0.019377263,0.00013308659
1499,0.28793624,0.00022061571,0.00034019363,0.7115029
1500,0.22588211,0.00018894291,0.0007889405,0.77314
1501,0.47254646,0.00056352164,0.49426475,0.032625206
1502,0.18792376,0.00017663714,0.0036613946,0.8082382
1503,0.50273514,0.00027464703,0.47833785,0.018652378
1504,0.0149671845,0.9815692,0.003340473,0.00012320185
1505,0.05076041,0.9433567,0.0056895837,0.0001932569
1506,0.15351711,0.0001467239,0.06286624,0.7834699
1507,0.19854447,0.29554203,0.5040364,0.0018770674
1508,0.18340757,0.00020835607,0.0009135358,0.8154706
1509,0.29369837,0.00022713309,0.018391704,0.6876828
1510,0.03340917,0.9628848,0.0035741916,0.00013182177
1511,0.017912537,0.9099145,0.07200094,0.00017199494
1512,0.0149671845,0.9815692,0.003340473,0.00012320185
1513,0.16221973,0.2768086,0.55758345,0.003388216
1514,0.14702773,0.43370458,0.41746324,0.0018044623
1515,0.33043626,0.0015252025,0.6660287,0.0020098297
1516,0.30796713,0.00025162828,0.11266483,0.5791164
1517,0.04260303,0.89850587,0.058736205,0.00015493105
1518,0.28793624,0.00022061571,0.00034019363,0.7115029
1519,0.4542437,0.00021763027,0.0003355902,0.5452031
1520,0.29007497,0.00023520115,0.00036268483,0.70932716
1521,0.39956847,0.00023495895,0.00036231132,0.59983426
1522,0.027621659,0.9701905,0.0006387265,0.0015490506
1523,0.05933884,8.2584804e-05,0.0016931838,0.93888545
1524,0.22519413,0.00018911083,0.00078964164,0.77382714
1525,0.16381082,0.38634264,0.44624537,0.0036011958
1526,0.0050473073,0.97369134,0.021073584,0.00018771827
1527,0.006696921,0.94132537,0.05182096,0.0001567333
1528,0.3719695,0.02550585,0.6010183,0.0015063299
1529,0.3673958,0.00023891842,0.00036841695,0.63199687
1530,0.11987396,0.00013721624,0.08665127,0.7933376
1531,0.11722285,0.4361152,0.44484746,0.0018144918
1532,0.4262736,0.0007118676,0.5709191,0.0020954232
1533,0.41193673,0.0001998709,0.016061768,0.5718016
1534,0.047852114,0.80285937,0.1490552,0.00023329213
1535,0.05169105,0.9475668,0.00049147976,0.00025068648
1536,0.18381733,0.00017244734,0.10889956,0.70711064
1537,0.2568298,0.013589605,0.7086298,0.020950787
1538,0.1700121,0.00015269601,0.024595685,0.80523956
1539,0.18792376,0.00017663714,0.0036613946,0.8082382
1540,0.031210126,0.96803904,0.0005267565,0.00022410553
1541,0.4611614,0.00043181446,0.38604033,0.15236649
1542,0.017864002,0.96507436,0.01670829,0.00035337225
1543,0.45643336,0.00022562397,0.0003479166,0.54299307
1544,0.029412756,0.96720695,0.0032386282,0.00014166954
1545,0.008410116,0.99084854,0.0004719371,0.00026940886
1546,0.017912537,0.9099145,0.07200094,0.00017199494
1547,0.2884865,0.00022103717,0.00034084384,0.7109516
1548,0.5902916,0.00018950604,0.00029222207,0.4092267
1549,0.26825437,0.053565666,0.6763932,0.0017867316
1550,0.029894847,0.8940976,0.0758451,0.00016247909
1551,0.5177437,0.00031768557,0.47496063,0.006977977
1552,0.34980285,0.00063288974,0.6480114,0.0015529018
1553,0.28793624,0.00022061571,0.00034019363,0.7115029
1554,0.21980733,0.31930962,0.45862916,0.0022538742
1555,0.48680708,0.0003890527,0.47468582,0.038118023
1556,0.3673958,0.00023891842,0.00036841695,0.63199687
1557,0.2940246,0.022811603,0.66562265,0.017541135
1558,0.2199419,0.0042609894,0.7741522,0.0016448874
1559,0.2574039,0.0788383,0.6615656,0.0021922223
1560,0.32087034,0.27125627,0.38960943,0.018263943
1561,0.3272809,0.00022287466,0.00034367712,0.6721525
1562,0.05380469,0.94359344,0.0024514848,0.00015043776
1563,0.1757834,0.00018441821,0.000770047,0.8232621
1564,0.007260179,0.99204236,0.00054873707,0.00014873185
1565,0.010091235,0.9888497,0.0009071326,0.00015193154
1566,0.47254646,0.00056352164,0.49426475,0.032625206
1567,0.22588211,0.00018894291,0.0007889405,0.77314
1568,0.45643336,0.00022562397,0.0003479166,0.54299307
1569,0.18381733,0.00017244734,0.10889956,0.70711064
1570,0.017912537,0.9099145,0.07200094,0.00017199494
1571,0.07617203,0.80780566,0.11579047,0.00023181007
1572,0.04260303,0.89850587,0.058736205,0.00015493105
1573,0.009419153,0.987439,0.003041014,0.000100842786
1574,0.4325938,0.00019644552,0.00056701974,0.56664276
1575,0.069079496,0.87161034,0.05909291,0.00021727849
1576,0.29369837,0.00022713309,0.018391704,0.6876828
1577,0.29369837,0.00022713309,0.018391704,0.6876828
1578,0.4325938,0.00019644552,0.00056701974,0.56664276
1579,0.11987396,0.00013721624,0.08665127,0.7933376
1580,0.05941175,0.9392683,0.0004776589,0.0008422465
1581,0.008410116,0.99084854,0.0004719371,0.00026940886
1582,0.4205438,0.00039378164,0.23810501,0.34095743
1583,0.16221973,0.2768086,0.55758345,0.003388216
1584,0.05076041,0.9433567,0.0056895837,0.0001932569
1585,0.4611614,0.00043181446,0.38604033,0.15236649
1586,0.3272809,0.00022287466,0.00034367712,0.6721525
1587,0.3272809,0.00022287466,0.00034367712,0.6721525
1588,0.3907932,0.00022834339,0.00035211002,0.60862637
1589,0.047852114,0.80285937,0.1490552,0.00023329213
1590,0.33078355,0.00051348214,0.62147737,0.047225673
1591,0.32667112,0.012077634,0.24655436,0.41469684
1592,0.47050506,0.00021978306,0.00033890983,0.5289362
1593,0.22588211,0.00018894291,0.0007889405,0.77314
1594,0.0050473073,0.97369134,0.021073584,0.00018771827
1595,0.05941175,0.9392683,0.0004776589,0.0008422465
1596,0.0051166634,0.987071,0.007622105,0.00019029774
1597,0.5016656,0.00020774035,0.0003203397,0.4978063
1598,0.2522428,0.0051155575,0.73972833,0.0029133004
1599,0.05169105,0.9475668,0.00049147976,0.00025068648
1600,0.45454317,0.00021839864,0.000336775,0.54490167
1601,0.031628847,0.96592414,0.0023055382,0.00014148165
1602,0.16240886,0.00014815264,0.20495418,0.6324888
1603,0.22244589,0.00018597228,0.0029862286,0.7743819
1604,0.28793624,0.00022061571,0.00034019363,0.7115029
1605,0.18381733,0.00017244734,0.10889956,0.70711064
1606,0.030279778,0.9655267,0.004044399,0.00014916368
1607,0.15370929,0.41400373,0.42888957,0.003397458
1608,0.33516753,0.0002761428,0.19952022,0.46503612
1609,0.037081257,0.8416965,0.121021934,0.00020028462
1610,0.31356004,0.00021549223,0.0003322933,0.68589216
1611,0.23039743,0.00019174478,0.0012007381,0.7682101
1612,0.014991123,0.9307397,0.054125365,0.00014378945
1613,0.26767296,0.059199687,0.67170906,0.0014182753
1614,0.32087034,0.27125627,0.38960943,0.018263943
1615,0.04260303,0.89850587,0.058736205,0.00015493105
1616,0.33043626,0.0015252025,0.6660287,0.0020098297
1617,0.05076041,0.9433567,0.0056895837,0.0001932569
1618,0.15046999,0.84722257,0.0014689455,0.00083855836
1619,0.47050506,0.00021978306,0.00033890983,0.5289362
1620,0.6585637,0.0033907515,0.28151363,0.05653196
1621,0.047852114,0.80285937,0.1490552,0.00023329213
1622,0.07107636,0.8879368,0.04081901,0.00016784066
1623,0.029520418,0.96695286,0.0033394948,0.00018723767
1624,0.017864002,0.96507436,0.01670829,0.00035337225
1625,0.055763554,0.92579854,0.01822558,0.00021230495
1626,0.28140905,0.045252,0.6723195,0.0010195152
1627,0.05169105,0.9475668,0.00049147976,0.00025068648
1628,0.2445596,0.004031306,0.74717355,0.0042354935
1629,0.43179908,0.00028611536,0.5466006,0.021314222
1630,0.09145732,0.9046136,0.0037892463,0.00013975325
1631,0.32087034,0.27125627,0.38960943,0.018263943
1632,0.2884865,0.00022103717,0.00034084384,0.7109516
1633,0.22239979,0.0001983751,0.0009950927,0.7764067
1634,0.112217374,0.5256284,0.3541829,0.007971349
1635,0.060311023,0.00014984868,0.00023106963,0.93930805
1636,0.0050473073,0.97369134,0.021073584,0.00018771827
1637,0.14702773,0.43370458,0.41746324,0.0018044623
1638,0.32864654,0.00081578334,0.65425974,0.016277932
1639,0.40257442,0.000235562,0.00036324124,0.5968268
1640,0.05380469,0.94359344,0.0024514848,0.00015043776
1641,0.051691663,0.94757795,0.0004914856,0.00023886802
1642,0.078678355,0.92062336,0.00048411393,0.00021411768
1643,0.05933884,8.2584804e-05,0.0016931838,0.93888545
1644,0.26825437,0.053565666,0.6763932,0.0017867316
1645,0.32434607,0.0037157687,0.6703858,0.0015524094
1646,0.08751856,0.9102804,0.0014011537,0.00079985923
1647,0.20617305,0.00017080008,0.07869616,0.71496
1648,0.279036,0.03819548,0.6773411,0.005427417
1649,0.6585637,0.0033907515,0.28151363,0.05653196
1650,0.04009601,0.958679,0.0004433161,0.0007816905
1651,0.031210126,0.96803904,0.0005267565,0.00022410553
1652,0.017009733,0.98245114,0.0003684968,0.00017066294
1653,0.50273514,0.00027464703,0.47833785,0.018652378
1654,0.05976265,0.93955517,0.0004729602,0.00020918444
1655,0.37113315,0.028385853,0.59880716,0.0016738597
1656,0.037081257,0.8416965,0.121021934,0.00020028462
1657,0.18340757,0.00020835607,0.0009135358,0.8154706
1658,0.033567574,0.96527237,0.0007675837,0.00039244216
1659,0.50273514,0.00027464703,0.47833785,0.018652378
1660,0.32434607,0.0037157687,0.6703858,0.0015524094
1661,0.32087034,0.27125627,0.38960943,0.018263943
1662,0.0065231915,0.9575787,0.03574538,0.00015266745
1663,0.4542437,0.00021763027,0.0003355902,0.5452031
1664,0.53684664,0.0004918818,0.19116896,0.2714925
1665,0.067960046,0.8684559,0.063367635,0.00021649213
1666,0.23910806,0.14417711,0.6145426,0.002172201
1667,0.22588211,0.00018894291,0.0007889405,0.77314
1668,0.2568298,0.013589605,0.7086298,0.020950787
1669,0.04721494,0.9350792,0.017535878,0.00016992644
1670,0.2522428,0.0051155575,0.73972833,0.0029133004
1671,0.22239979,0.0001983751,0.0009950927,0.7764067
1672,0.43179908,0.00028611536,0.5466006,0.021314222
1673,0.18603444,0.00016730517,0.048260372,0.76553786
1674,0.014991123,0.9307397,0.054125365,0.00014378945
1675,0.09145732,0.9046136,0.0037892463,0.00013975325
1676,0.121940196,0.42337552,0.4528372,0.0018470812
1677,0.38141614,0.0017732083,0.6153983,0.0014123308
1678,0.21767208,0.00093229103,0.77831864,0.0030769627
1679,0.115371615,0.8830371,0.00069723267,0.000893994
1680,0.23797901,0.0001898249,0.0013129034,0.7605183
1681,0.15351711,0.0001467239,0.06286624,0.7834699
1682,0.24847563,0.056207716,0.69249874,0.0028178627
1683,0.059762094,0.93954647,0.00048227762,0.00020918249
1684,0.18603444,0.00016730517,0.048260372,0.76553786
1685,0.19376455,0.00017425703,0.008713679,0.79734755
1686,0.29279998,0.0001950171,0.0008143028,0.7061907
1687,0.43460894,0.0004069517,0.22141737,0.34356678
1688,0.05976265,0.93955517,0.0004729602,0.00020918444
1689,0.059762094,0.93954647,0.00048227762,0.00020918249
1690,0.20726982,0.064060725,0.7268649,0.0018045828
1691,0.34089264,0.0003076697,0.6132217,0.04557798
1692,0.22239979,0.0001983751,0.0009950927,0.7764067
1693,0.3443086,0.00023079583,0.00035589174,0.6551047
1694,0.41860628,0.02623261,0.5533839,0.001777192
1695,0.115371615,0.8830371,0.00069723267,0.000893994
1696,0.05537453,0.94232583,0.0014639475,0.0008357055
1697,0.009419153,0.987439,0.003041014,0.000100842786
1698,0.45998165,0.002670785,0.10809399,0.4292536
1699,0.29369837,0.00022713309,0.018391704,0.6876828
1700,0.3907932,0.00022834339,0.00035211002,0.60862637
1701,0.4205438,0.00039378164,0.23810501,0.34095743
1702,0.30084923,0.00024108042,0.000856096,0.69805354
1703,0.23797901,0.0001898249,0.0013129034,0.7605183
1704,0.023179488,0.97558165,0.0010205099,0.00021836792
1705,0.15351711,0.0001467239,0.06286624,0.7834699
1706,0.24963012,0.00017614021,0.00027161167,0.74992216
1707,0.112217374,0.5256284,0.3541829,0.007971349
1708,0.029520418,0.96695286,0.0033394948,0.00018723767
1709,0.17239262,0.00016458616,0.020710817,0.806732
1710,0.38141614,0.0017732083,0.6153983,0.0014123308
1711,0.10309902,0.4606935,0.43443543,0.001772022
1712,0.023183629,0.97575593,0.0008521792,0.00020824383
1713,0.118606016,0.8795679,0.0011624992,0.00066362147
1714,0.31356004,0.00021549223,0.0003322933,0.68589216
1715,0.07107636,0.8879368,0.04081901,0.00016784066
1716,0.009419153,0.987439,0.003041014,0.000100842786
1717,0.19138235,0.00017211467,0.020900847,0.7875447
1718,0.060311023,0.00014984868,0.00023106963,0.93930805
1719,0.29369837,0.00022713309,0.018391704,0.6876828
1720,0.07107636,0.8879368,0.04081901,0.00016784066
1721,0.05865415,0.9154758,0.025232922,0.0006371154
1722,0.27917597,0.045128375,0.651329,0.024366684
1723,0.041216794,0.89975804,0.058829397,0.00019576387
1724,0.23043583,0.00019177675,0.0010342225,0.7683382
1725,0.29969296,0.023201615,0.67570895,0.0013964875
1726,0.5016656,0.00020774035,0.0003203397,0.4978063
1727,0.38141614,0.0017732083,0.6153983,0.0014123308
1728,0.030279778,0.9655267,0.004044399,0.00014916368
1729,0.47050506,0.00021978306,0.00033890983,0.5289362
1730,0.08751856,0.9102804,0.0014011537,0.00079985923
1731,0.4542437,0.00021763027,0.0003355902,0.5452031
1732,0.2872621,0.00023497555,0.00036233696,0.71214056
1733,0.04260303,0.89850587,0.058736205,0.00015493105
1734,0.4611614,0.00043181446,0.38604033,0.15236649
1735,0.028956981,0.966127,0.0046620993,0.000253961
1736,0.0870269,0.00015937565,0.0002457604,0.9125679
1737,0.17239262,0.00016458616,0.020710817,0.806732
1738,0.059762094,0.93954647,0.00048227762,0.00020918249
1739,0.03047444,0.8874165,0.08194495,0.00016411068
1740,0.20726982,0.064060725,0.7268649,0.0018045828
1741,0.47254646,0.00056352164,0.49426475,0.032625206
1742,0.38204616,0.00021305357,0.0008395482,0.6169012
1743,0.22244589,0.00018597228,0.0029862286,0.7743819
1744,0.3629123,0.00022054618,0.0007065986,0.63616055
1745,0.3629123,0.00022054618,0.0007065986,0.63616055
1746,0.3907932,0.00022834339,0.00035211002,0.60862637
1747,0.38204616,0.00021305357,0.0008395482,0.6169012
1748,0.0870269,0.00015937565,0.0002457604,0.9125679
1749,0.030502398,0.9152245,0.054098938,0.00017417551
1750,0.27067047,0.00020773443,0.00032033055,0.7288014
1751,0.2940246,0.022811603,0.66562265,0.017541135
1752,0.23351637,0.00018599966,0.0038833132,0.7624143
1753,0.13358413,0.28153983,0.56711376,0.01776227
1754,0.6585637,0.0033907515,0.28151363,0.05653196
1755,0.42868584,0.00039020248,0.51984596,0.051077947
1756,0.18792376,0.00017663714,0.0036613946,0.8082382
1757,0.33516753,0.0002761428,0.19952022,0.46503612
1758,0.5368544,0.00021351413,0.00032924302,0.46260288
1759,0.05380469,0.94359344,0.0024514848,0.00015043776
1760,0.279036,0.03819548,0.6773411,0.005427417
1761,0.2522428,0.0051155575,0.73972833,0.0029133004
1762,0.2940246,0.022811603,0.66562265,0.017541135
1763,0.041216794,0.89975804,0.058829397,0.00019576387
1764,0.34980285,0.00063288974,0.6480114,0.0015529018
1765,0.24569519,0.00020183962,0.004183798,0.7499192
1766,0.078678355,0.92062336,0.00048411393,0.00021411768
1767,0.07618306,0.677577,0.245923,0.0003169097
1768,0.30136088,0.00024091941,0.00069538906,0.6977028
1769,0.26825437,0.053565666,0.6763932,0.0017867316
1770,0.028956981,0.966127,0.0046620993,0.000253961
1771,0.21980733,0.31930962,0.45862916,0.0022538742
1772,0.2940246,0.022811603,0.66562265,0.017541135
1773,0.26825437,0.053565666,0.6763932,0.0017867316
1774,0.32667112,0.012077634,0.24655436,0.41469684
1775,0.28140905,0.045252,0.6723195,0.0010195152
1776,0.08256067,0.5933346,0.31989875,0.004205984
1777,0.08256067,0.5933346,0.31989875,0.004205984
1778,0.027055088,0.9709405,0.00063406257,0.0013703709
1779,0.38141614,0.0017732083,0.6153983,0.0014123308
1780,0.020503819,0.9523121,0.0021677355,0.025016276
1781,0.32864654,0.00081578334,0.65425974,0.016277932
1782,0.027169298,0.9455354,0.02640645,0.0008888198
1783,0.22239979,0.0001983751,0.0009950927,0.7764067
1784,0.06951359,0.85668194,0.073569156,0.00023531346
1785,0.47311926,0.00030622171,0.5096424,0.016932102
1786,0.29007497,0.00023520115,0.00036268483,0.70932716
1787,0.23043583,0.00019177675,0.0010342225,0.7683382
1788,0.2838535,0.002027454,0.7124711,0.0016479439
1789,0.19854447,0.29554203,0.5040364,0.0018770674
1790,0.016885865,0.950414,0.032570295,0.00012975723
1791,0.20726982,0.064060725,0.7268649,0.0018045828
1792,0.21980733,0.31930962,0.45862916,0.0022538742
1793,0.3673958,0.00023891842,0.00036841695,0.63199687
1794,0.3493774,0.084742345,0.56466174,0.0012185223
1795,0.3272809,0.00022287466,0.00034367712,0.6721525
1796,0.2838535,0.002027454,0.7124711,0.0016479439
1797,0.03340917,0.9628848,0.0035741916,0.00013182177
1798,0.21585998,0.00019864034,0.00030630716,0.7836351
1799,0.23043583,0.00019177675,0.0010342225,0.7683382
1800,0.34980285,0.00063288974,0.6480114,0.0015529018
1801,0.50273514,0.00027464703,0.47833785,0.018652378
1802,0.32434607,0.0037157687,0.6703858,0.0015524094
1803,0.15450375,0.00015025226,0.0031144798,0.8422315
1804,0.069079496,0.87161034,0.05909291,0.00021727849
1805,0.6585637,0.0033907515,0.28151363,0.05653196
1806,0.2884865,0.00022103717,0.00034084384,0.7109516
1807,0.32087034,0.27125627,0.38960943,0.018263943
1808,0.029520418,0.96695286,0.0033394948,0.00018723767
1809,0.028956981,0.966127,0.0046620993,0.000253961
1810,0.11989667,0.8779063,0.0013986174,0.00079841097
1811,0.03273199,0.9331957,0.03394488,0.00012740646
1812,0.23043583,0.00019177675,0.0010342225,0.7683382
1813,0.060243648,0.00014985942,0.00023108619,0.9393754
1814,0.50039923,0.00032387837,0.44935614,0.049920734
1815,0.19376455,0.00017425703,0.008713679,0.79734755
1816,0.3629123,0.00022054618,0.0007065986,0.63616055
1817,0.067960046,0.8684559,0.063367635,0.00021649213
1818,0.028956981,0.966127,0.0046620993,0.000253961
1819,0.24199678,0.027870888,0.72905385,0.0010784523
1820,0.21202113,0.016792705,0.7700736,0.0011125699
1821,0.33516753,0.0002761428,0.19952022,0.46503612
1822,0.121940196,0.42337552,0.4528372,0.0018470812
1823,0.03340917,0.9628848,0.0035741916,0.00013182177
1824,0.2568298,0.013589605,0.7086298,0.020950787
1825,0.041216794,0.89975804,0.058829397,0.00019576387
1826,0.13358413,0.28153983,0.56711376,0.01776227
1827,0.19138235,0.00017211467,0.020900847,0.7875447
1828,0.20617305,0.00017080008,0.07869616,0.71496
1829,0.096998416,0.8993257,0.003056765,0.0006191266
1830,0.47021404,0.02055353,0.3954566,0.113775864
1831,0.32667112,0.012077634,0.24655436,0.41469684
1832,0.020503819,0.9523121,0.0021677355,0.025016276
1833,0.05380469,0.94359344,0.0024514848,0.00015043776
1834,0.43460894,0.0004069517,0.22141737,0.34356678
1835,0.062628165,0.9097,0.0028558364,0.024816006
1836,0.4542437,0.00021763027,0.0003355902,0.5452031
1837,0.115371615,0.8830371,0.00069723267,0.000893994
1838,0.029894847,0.8940976,0.0758451,0.00016247909
1839,0.48680708,0.0003890527,0.47468582,0.038118023
1840,0.05537453,0.94232583,0.0014639475,0.0008357055
1841,0.4262736,0.0007118676,0.5709191,0.0020954232
1842,0.0149671845,0.9815692,0.003340473,0.00012320185
1843,0.028491799,0.9708926,0.00042682272,0.00018877849
1844,0.33516753,0.0002761428,0.19952022,0.46503612
1845,0.069079496,0.87161034,0.05909291,0.00021727849
1846,0.008470421,0.9906307,0.0003045557,0.00059440103
1847,0.31356004,0.00021549223,0.0003322933,0.68589216
1848,0.0072606774,0.99211043,0.00048714466,0.00014175074
1849,0.05537453,0.94232583,0.0014639475,0.0008357055
1850,0.11722285,0.4361152,0.44484746,0.0018144918
1851,0.279036,0.03819548,0.6773411,0.005427417
1852,0.01498154,0.9301447,0.054730013,0.00014369753
1853,0.45454317,0.00021839864,0.000336775,0.54490167
1854,0.051691663,0.94757795,0.0004914856,0.00023886802
1855,0.2884865,0.00022103717,0.00034084384,0.7109516
1856,0.23310952,0.060888954,0.686838,0.019163603
1857,0.18381733,0.00017244734,0.10889956,0.70711064
1858,0.3040952,0.0002151658,0.6860252,0.009664459
1859,0.27917597,0.045128375,0.651329,0.024366684
1860,0.04009601,0.958679,0.0004433161,0.0007816905
1861,0.1757834,0.00018441821,0.000770047,0.8232621
1862,0.44105595,0.00042168106,0.25969672,0.29882568
1863,0.029894847,0.8940976,0.0758451,0.00016247909
1864,0.31356004,0.00021549223,0.0003322933,0.68589216
1865,0.40257442,0.000235562,0.00036324124,0.5968268
1866,0.07667882,0.44627094,0.45732465,0.019725548
1867,0.2905138,0.0041128653,0.68792325,0.017450051
1868,0.41193673,0.0001998709,0.016061768,0.5718016
1869,0.21585998,0.00019864034,0.00030630716,0.7836351
1870,0.027055088,0.9709405,0.00063406257,0.0013703709
1871,0.3673958,0.00023891842,0.00036841695,0.63199687
1872,0.279036,0.03819548,0.6773411,0.005427417
1873,0.056055058,0.7631993,0.18047328,0.0002722853
1874,0.059762094,0.93954647,0.00048227762,0.00020918249
1875,0.05380469,0.94359344,0.0024514848,0.00015043776
1876,0.3393289,0.0036321902,0.6553068,0.0017321354
1877,0.32393888,0.0015411074,0.67297405,0.0015459438
1878,0.029412756,0.96720695,0.0032386282,0.00014166954
1879,0.027621659,0.9701905,0.0006387265,0.0015490506
1880,0.17239262,0.00016458616,0.020710817,0.806732
1881,0.16381082,0.38634264,0.44624537,0.0036011958
1882,0.05287948,0.77660745,0.17024928,0.00026378979
1883,0.50039923,0.00032387837,0.44935614,0.049920734
1884,0.078678355,0.92062336,0.00048411393,0.00021411768
1885,0.21767208,0.00093229103,0.77831864,0.0030769627
1886,0.024517456,0.97371304,0.0005669446,0.0012025654
1887,0.096998416,0.8993257,0.003056765,0.0006191266
1888,0.05287948,0.77660745,0.17024928,0.00026378979
1889,0.020503819,0.9523121,0.0021677355,0.025016276
1890,0.2905138,0.0041128653,0.68792325,0.017450051
1891,0.24199678,0.027870888,0.72905385,0.0010784523
1892,0.1700121,0.00015269601,0.024595685,0.80523956
1893,0.05076041,0.9433567,0.0056895837,0.0001932569
1894,0.47412965,0.00022147628,0.00034152082,0.5253074
1895,0.033567574,0.96527237,0.0007675837,0.00039244216
1896,0.016885865,0.950414,0.032570295,0.00012975723
1897,0.03273199,0.9331957,0.03394488,0.00012740646
1898,0.3393289,0.0036321902,0.6553068,0.0017321354
1899,0.09145732,0.9046136,0.0037892463,0.00013975325
1900,0.32087034,0.27125627,0.38960943,0.018263943
1901,0.21202113,0.016792705,0.7700736,0.0011125699
1902,0.1700121,0.00015269601,0.024595685,0.80523956
1903,0.04009601,0.958679,0.0004433161,0.0007816905
1904,0.365159,0.00022217832,0.02179948,0.6128193
1905,0.028956981,0.966127,0.0046620993,0.000253961
1906,0.3396509,0.0003151755,0.6296568,0.030377068
1907,0.26767296,0.059199687,0.67170906,0.0014182753
1908,0.006696921,0.94132537,0.05182096,0.0001567333
1909,0.033567574,0.96527237,0.0007675837,0.00039244216
1910,0.028956981,0.966127,0.0046620993,0.000253961
1911,0.34089264,0.0003076697,0.6132217,0.04557798
1912,0.19138235,0.00017211467,0.020900847,0.7875447
1913,0.15046999,0.84722257,0.0014689455,0.00083855836
1914,0.11989667,0.8779063,0.0013986174,0.00079841097
1915,0.2522428,0.0051155575,0.73972833,0.0029133004
1916,0.034089856,0.94132113,0.00077952683,0.023809424
1917,0.05976265,0.93955517,0.0004729602,0.00020918444
1918,0.027621659,0.9701905,0.0006387265,0.0015490506
1919,0.04009601,0.958679,0.0004433161,0.0007816905
1920,0.47412965,0.00022147628,0.00034152082,0.5253074
1921,0.2905138,0.0041128653,0.68792325,0.017450051
1922,0.16240886,0.00014815264,0.20495418,0.6324888
1923,0.0065231915,0.9575787,0.03574538,0.00015266745
1924,0.0065231915,0.9575787,0.03574538,0.00015266745
1925,0.057699606,0.9409934,0.0004730044,0.00083403924
1926,0.1700121,0.00015269601,0.024595685,0.80523956
1927,0.3040952,0.0002151658,0.6860252,0.009664459
1928,0.0618446,0.9358715,0.0014539203,0.0008299814
1929,0.3393289,0.0036321902,0.6553068,0.0017321354
1930,0.43179908,0.00028611536,0.5466006,0.021314222
1931,0.07618306,0.677577,0.245923,0.0003169097
1932,0.008410116,0.99084854,0.0004719371,0.00026940886
1933,0.11638466,0.8808934,0.0017327749,0.0009891676
1934,0.043951347,0.95244694,0.0034104367,0.00019121531
1935,0.06750655,0.85389584,0.07836304,0.00023454819
1936,0.016885865,0.950414,0.032570295,0.00012975723
1937,0.30796713,0.00025162828,0.11266483,0.5791164
1938,0.121940196,0.42337552,0.4528372,0.0018470812
1939,0.32087034,0.27125627,0.38960943,0.018263943
1940,0.07618306,0.677577,0.245923,0.0003169097
1941,0.42780378,0.000720479,0.56884515,0.0026306228
1942,0.33455405,0.0007912912,0.66309977,0.0015548806
1943,0.05380469,0.94359344,0.0024514848,0.00015043776
1944,0.5177437,0.00031768557,0.47496063,0.006977977
1945,0.32864654,0.00081578334,0.65425974,0.016277932
1946,0.07107636,0.8879368,0.04081901,0.00016784066
1947,0.29369837,0.00022713309,0.018391704,0.6876828
1948,0.0618446,0.9358715,0.0014539203,0.0008299814
1949,0.2884865,0.00022103717,0.00034084384,0.7109516
1950,0.034089856,0.94132113,0.00077952683,0.023809424
1951,0.112217374,0.5256284,0.3541829,0.007971349
1952,0.05537453,0.94232583,0.0014639475,0.0008357055
1953,0.4589139,0.00032638357,0.5329301,0.0078296475
1954,0.33582905,0.0002156212,0.0003324921,0.66362286
1955,0.008470421,0.9906307,0.0003045557,0.00059440103
1956,0.34089264,0.0003076697,0.6132217,0.04557798
1957,0.53684664,0.0004918818,0.19116896,0.2714925
1958,0.060243648,0.00014985942,0.00023108619,0.9393754
1959,0.44105595,0.00042168106,0.25969672,0.29882568
1960,0.0051166634,0.987071,0.007622105,0.00019029774
1961,0.4343285,0.00028294508,0.5498025,0.015586075
1962,0.08605009,0.55199057,0.340881,0.02107839
1963,0.4205438,0.00039378164,0.23810501,0.34095743
1964,0.4639658,0.00021135568,0.00032591462,0.53549695
1965,0.020503819,0.9523121,0.0021677355,0.025016276
1966,0.060311023,0.00014984868,0.00023106963,0.93930805
1967,0.05537453,0.94232583,0.0014639475,0.0008357055
1968,0.30796713,0.00025162828,0.11266483,0.5791164
1969,0.21585998,0.00019864034,0.00030630716,0.7836351
1970,0.078678355,0.92062336,0.00048411393,0.00021411768
1971,0.006696921,0.94132537,0.05182096,0.0001567333
1972,0.115371615,0.8830371,0.00069723267,0.000893994
1973,0.112217374,0.5256284,0.3541829,0.007971349
1974,0.33455405,0.0007912912,0.66309977,0.0015548806
1975,0.3673958,0.00023891842,0.00036841695,0.63199687
1976,0.47311926,0.00030622171,0.5096424,0.016932102
1977,0.008470421,0.9906307,0.0003045557,0.00059440103
1978,0.0065231915,0.9575787,0.03574538,0.00015266745
1979,0.08605009,0.55199057,0.340881,0.02107839
1980,0.5368544,0.00021351413,0.00032924302,0.46260288
1981,0.21585998,0.00019864034,0.00030630716,0.7836351
1982,0.2905138,0.0041128653,0.68792325,0.017450051
1983,0.13358413,0.28153983,0.56711376,0.01776227
1984,0.4262736,0.0007118676,0.5709191,0.0020954232
1985,0.060311023,0.00014984868,0.00023106963,0.93930805
1986,0.06750655,0.85389584,0.07836304,0.00023454819
1987,0.04567019,0.9338171,0.020353997,0.00015867896
1988,0.17239262,0.00016458616,0.020710817,0.806732
1989,0.24847563,0.056207716,0.69249874,0.0028178627
1990,0.051691663,0.94757795,0.0004914856,0.00023886802
1991,0.033567574,0.96527237,0.0007675837,0.00039244216
1992,0.027055088,0.9709405,0.00063406257,0.0013703709
1993,0.21980733,0.31930962,0.45862916,0.0022538742
1994,0.027055088,0.9709405,0.00063406257,0.0013703709
1995,0.21202113,0.016792705,0.7700736,0.0011125699
1996,0.069079496,0.87161034,0.05909291,0.00021727849
1997,0.060243648,0.00014985942,0.00023108619,0.9393754
1998,0.4205438,0.00039378164,0.23810501,0.34095743
1999,0.051686525,0.93992597,0.0023569001,0.006030644
2000,0.25407556,0.037421245,0.6829535,0.025549779
2001,0.031628847,0.96592414,0.0023055382,0.00014148165
2002,0.27067047,0.00020773443,0.00032033055,0.7288014
2003,0.081973806,0.589117,0.32473314,0.0041760863
2004,0.45998165,0.002670785,0.10809399,0.4292536
2005,0.027169298,0.9455354,0.02640645,0.0008888198
2006,0.0050473073,0.97369134,0.021073584,0.00018771827
2007,0.0065231915,0.9575787,0.03574538,0.00015266745
2008,0.3907932,0.00022834339,0.00035211002,0.60862637
2009,0.33043626,0.0015252025,0.6660287,0.0020098297
2010,0.22243093,0.00018595977,0.0030533164,0.7743298
2011,0.4542437,0.00021763027,0.0003355902,0.5452031
2012,0.2568298,0.013589605,0.7086298,0.020950787
2013,0.051686525,0.93992597,0.0023569001,0.006030644
2014,0.010080366,0.9702097,0.0188882,0.00082167384
2015,0.058100797,0.93993145,0.0012526455,0.0007150822
2016,0.26767296,0.059199687,0.67170906,0.0014182753
2017,0.043951347,0.95244694,0.0034104367,0.00019121531
2018,0.34980285,0.00063288974,0.6480114,0.0015529018
2019,0.39956847,0.00023495895,0.00036231132,0.59983426
2020,0.31356004,0.00021549223,0.0003322933,0.68589216
2021,0.40257442,0.000235562,0.00036324124,0.5968268
2022,0.31356004,0.00021549223,0.0003322933,0.68589216
2023,0.23722027,0.00017493476,0.049566932,0.71303785
2024,0.05933884,8.2584804e-05,0.0016931838,0.93888545
2025,0.04567019,0.9338171,0.020353997,0.00015867896
2026,0.05865415,0.9154758,0.025232922,0.0006371154
2027,0.2199419,0.0042609894,0.7741522,0.0016448874
2028,0.06951359,0.85668194,0.073569156,0.00023531346
2029,0.010080366,0.9702097,0.0188882,0.00082167384
2030,0.023179488,0.97558165,0.0010205099,0.00021836792
2031,0.0050473073,0.97369134,0.021073584,0.00018771827
2032,0.455116,0.00042615377,0.39408875,0.15036911
2033,0.07667882,0.44627094,0.45732465,0.019725548
2034,0.3393289,0.0036321902,0.6553068,0.0017321354
2035,0.48680708,0.0003890527,0.47468582,0.038118023
2036,0.31356004,0.00021549223,0.0003322933,0.68589216
2037,0.05941175,0.9392683,0.0004776589,0.0008422465
2038,0.3040952,0.0002151658,0.6860252,0.009664459
2039,0.5016656,0.00020774035,0.0003203397,0.4978063
2040,0.0050742375,0.97460675,0.020130241,0.00018871976
2041,0.05941175,0.9392683,0.0004776589,0.0008422465
2042,0.24847563,0.056207716,0.69249874,0.0028178627
2043,0.45643336,0.00022562397,0.0003479166,0.54299307
2044,0.029520418,0.96695286,0.0033394948,0.00018723767
2045,0.32864654,0.00081578334,0.65425974,0.016277932
2046,0.031210126,0.96803904,0.0005267565,0.00022410553
2047,0.07667882,0.44627094,0.45732465,0.019725548
2048,0.0065231915,0.9575787,0.03574538,0.00015266745
2049,0.23351637,0.00018599966,0.0038833132,0.7624143
2050,0.020503819,0.9523121,0.0021677355,0.025016276
2051,0.054026254,0.74933994,0.19637373,0.00026008848
2052,0.42780378,0.000720479,0.56884515,0.0026306228
2053,0.031628847,0.96592414,0.0023055382,0.00014148165
2054,0.30136088,0.00024091941,0.00069538906,0.6977028
2055,0.28095943,0.00018501592,0.02377223,0.6950833
2056,0.3629123,0.00022054618,0.0007065986,0.63616055
2057,0.081973806,0.589117,0.32473314,0.0041760863
2058,0.0072606774,0.99211043,0.00048714466,0.00014175074
2059,0.32393888,0.0015411074,0.67297405,0.0015459438
2060,0.120560504,0.59138125,0.26624256,0.02181567
2061,0.05933884,8.2584804e-05,0.0016931838,0.93888545
2062,0.18381733,0.00017244734,0.10889956,0.70711064
2063,0.5177437,0.00031768557,0.47496063,0.006977977
2064,0.0149671845,0.9815692,0.003340473,0.00012320185
2065,0.32551333,0.0046142987,0.6672445,0.0026278347
2066,0.33516753,0.0002761428,0.19952022,0.46503612
2067,0.0149671845,0.9815692,0.003340473,0.00012320185
2068,0.3272809,0.00022287466,0.00034367712,0.6721525
2069,0.47254646,0.00056352164,0.49426475,0.032625206
2070,0.027621659,0.9701905,0.0006387265,0.0015490506
2071,0.081973806,0.589117,0.32473314,0.0041760863
2072,0.05933884,8.2584804e-05,0.0016931838,0.93888545
2073,0.38204616,0.00021305357,0.0008395482,0.6169012
2074,0.4589139,0.00032638357,0.5329301,0.0078296475
2075,0.21980733,0.31930962,0.45862916,0.0022538742
2076,0.08256067,0.5933346,0.31989875,0.004205984
2077,0.16240886,0.00014815264,0.20495418,0.6324888
2078,0.02125122,0.8929981,0.085578084,0.00017260262
2079,0.11989667,0.8779063,0.0013986174,0.00079841097
2080,0.059762094,0.93954647,0.00048227762,0.00020918249
2081,0.027621659,0.9701905,0.0006387265,0.0015490506
2082,0.29007497,0.00023520115,0.00036268483,0.70932716
2083,0.30084923,0.00024108042,0.000856096,0.69805354
2084,0.060311023,0.00014984868,0.00023106963,0.93930805
2085,0.39956847,0.00023495895,0.00036231132,0.59983426
2086,0.22798033,0.18413533,0.58594275,0.0019416315
2087,0.38141614,0.0017732083,0.6153983,0.0014123308
2088,0.26767296,0.059199687,0.67170906,0.0014182753
2089,0.4542437,0.00021763027,0.0003355902,0.5452031
2090,0.38141614,0.0017732083,0.6153983,0.0014123308
2091,0.3272809,0.00022287466,0.00034367712,0.6721525
2092,0.11931036,0.87795794,0.0007270545,0.002004611
2093,0.45998165,0.002670785,0.10809399,0.4292536
2094,0.38141614,0.0017732083,0.6153983,0.0014123308
2095,0.3396509,0.0003151755,0.6296568,0.030377068
2096,0.04567019,0.9338171,0.020353997,0.00015867896
2097,0.15046999,0.84722257,0.0014689455,0.00083855836
2098,0.11931036,0.87795794,0.0007270545,0.002004611
2099,0.455116,0.00042615377,0.39408875,0.15036911
2100,0.18792376,0.00017663714,0.0036613946,0.8082382
2101,0.28140905,0.045252,0.6723195,0.0010195152
2102,0.27075276,0.037828248,0.6903814,0.0010375981
2103,0.17537914,0.00016743744,0.0037457314,0.82070774
2104,0.2823199,0.0038522985,0.69501793,0.01880982
2105,0.38141614,0.0017732083,0.6153983,0.0014123308
2106,0.006432408,0.9442521,0.049164917,0.00015054276
2107,0.23797901,0.0001898249,0.0013129034,0.7605183
2108,0.006432408,0.9442521,0.049164917,0.00015054276
2109,0.096998416,0.8993257,0.003056765,0.0006191266
2110,0.22341426,0.028554145,0.74692667,0.0011048907
2111,0.21980733,0.31930962,0.45862916,0.0022538742
2112,0.009419153,0.987439,0.003041014,0.000100842786
2113,0.05941175,0.9392683,0.0004776589,0.0008422465
2114,0.08751856,0.9102804,0.0014011537,0.00079985923
2115,0.056055058,0.7631993,0.18047328,0.0002722853
2116,0.26825437,0.053565666,0.6763932,0.0017867316
2117,0.32667112,0.012077634,0.24655436,0.41469684
2118,0.38141614,0.0017732083,0.6153983,0.0014123308
2119,0.44105595,0.00042168106,0.25969672,0.29882568
2120,0.18787068,0.026136853,0.7733973,0.0125951
2121,0.37113315,0.028385853,0.59880716,0.0016738597
2122,0.21202113,0.016792705,0.7700736,0.0011125699
2123,0.0149671845,0.9815692,0.003340473,0.00012320185
2124,0.121940196,0.42337552,0.4528372,0.0018470812
2125,0.24592781,0.0021349227,0.7502368,0.0017004304
2126,0.45998165,0.002670785,0.10809399,0.4292536
2127,0.07107636,0.8879368,0.04081901,0.00016784066
2128,0.5177437,0.00031768557,0.47496063,0.006977977
2129,0.057699606,0.9409934,0.0004730044,0.00083403924
2130,0.32434607,0.0037157687,0.6703858,0.0015524094
2131,0.121940196,0.42337552,0.4528372,0.0018470812
2132,0.2522428,0.0051155575,0.73972833,0.0029133004
2133,0.07618306,0.677577,0.245923,0.0003169097
2134,0.22239979,0.0001983751,0.0009950927,0.7764067
2135,0.014991123,0.9307397,0.054125365,0.00014378945
2136,0.27067047,0.00020773443,0.00032033055,0.7288014
2137,0.027169298,0.9455354,0.02640645,0.0008888198
2138,0.22239979,0.0001983751,0.0009950927,0.7764067
2139,0.112217374,0.5256284,0.3541829,0.007971349
2140,0.027621659,0.9701905,0.0006387265,0.0015490506
2141,0.007260179,0.99204236,0.00054873707,0.00014873185
2142,0.056055058,0.7631993,0.18047328,0.0002722853
2143,0.30796713,0.00025162828,0.11266483,0.5791164
2144,0.24963012,0.00017614021,0.00027161167,0.74992216
2145,0.028956981,0.966127,0.0046620993,0.000253961
2146,0.08762457,0.00015927132,0.0002455995,0.91197056
2147,0.4589139,0.00032638357,0.5329301,0.0078296475
2148,0.060311023,0.00014984868,0.00023106963,0.93930805
2149,0.069079496,0.87161034,0.05909291,0.00021727849
2150,0.3396509,0.0003151755,0.6296568,0.030377068
2151,0.23981138,0.00019388975,0.0011429546,0.75885177
2152,0.5028013,0.0004862331,0.4763017,0.020410752
2153,0.08946695,0.8955782,0.0010795989,0.013875259
2154,0.21767208,0.00093229103,0.77831864,0.0030769627
2155,0.3719695,0.02550585,0.6010183,0.0015063299
2156,0.34089264,0.0003076697,0.6132217,0.04557798
2157,0.6585637,0.0033907515,0.28151363,0.05653196
2158,0.3719695,0.02550585,0.6010183,0.0015063299
2159,0.05941175,0.9392683,0.0004776589,0.0008422465
2160,0.32551333,0.0046142987,0.6672445,0.0026278347
2161,0.22588211,0.00018894291,0.0007889405,0.77314
2162,0.23722027,0.00017493476,0.049566932,0.71303785
2163,0.062628165,0.9097,0.0028558364,0.024816006
2164,0.28140905,0.045252,0.6723195,0.0010195152
2165,0.38141614,0.0017732083,0.6153983,0.0014123308
2166,0.2862334,0.00018848902,0.0012750948,0.712303
2167,0.051686525,0.93992597,0.0023569001,0.006030644
2168,0.2574039,0.0788383,0.6615656,0.0021922223
2169,0.34971184,0.0002245348,0.00034623712,0.6497174
2170,0.13358413,0.28153983,0.56711376,0.01776227
2171,0.22243093,0.00018595977,0.0030533164,0.7743298
2172,0.044088345,0.8144975,0.14118193,0.00023222616
2173,0.07618306,0.677577,0.245923,0.0003169097
2174,0.4962338,0.00027444764,0.4911646,0.012327176
2175,0.5016656,0.00020774035,0.0003203397,0.4978063
2176,0.037081257,0.8416965,0.121021934,0.00020028462
2177,0.22798033,0.18413533,0.58594275,0.0019416315
2178,0.02125122,0.8929981,0.085578084,0.00017260262
2179,0.24199678,0.027870888,0.72905385,0.0010784523
2180,0.47412965,0.00022147628,0.00034152082,0.5253074
2181,0.18603444,0.00016730517,0.048260372,0.76553786
2182,0.08751856,0.9102804,0.0014011537,0.00079985923
2183,0.43460894,0.0004069517,0.22141737,0.34356678
2184,0.009419153,0.987439,0.003041014,0.000100842786
2185,0.2522428,0.0051155575,0.73972833,0.0029133004
2186,0.041216794,0.89975804,0.058829397,0.00019576387
2187,0.42780378,0.000720479,0.56884515,0.0026306228
2188,0.23981138,0.00019388975,0.0011429546,0.75885177
2189,0.08762457,0.00015927132,0.0002455995,0.91197056
2190,0.4589139,0.00032638357,0.5329301,0.0078296475
2191,0.22239979,0.0001983751,0.0009950927,0.7764067
2192,0.37113315,0.028385853,0.59880716,0.0016738597
2193,0.3443086,0.00023079583,0.00035589174,0.6551047
2194,0.38141614,0.0017732083,0.6153983,0.0014123308
2195,0.17239262,0.00016458616,0.020710817,0.806732
2196,0.023183629,0.97575593,0.0008521792,0.00020824383
2197,0.34971184,0.0002245348,0.00034623712,0.6497174
2198,0.017009733,0.98245114,0.0003684968,0.00017066294
2199,0.033567574,0.96527237,0.0007675837,0.00039244216
2200,0.03047444,0.8874165,0.08194495,0.00016411068
2201,0.24963012,0.00017614021,0.00027161167,0.74992216
2202,0.16221973,0.2768086,0.55758345,0.003388216
2203,0.18381733,0.00017244734,0.10889956,0.70711064
2204,0.18787068,0.026136853,0.7733973,0.0125951
2205,0.33043626,0.0015252025,0.6660287,0.0020098297
2206,0.38141614,0.0017732083,0.6153983,0.0014123308
2207,0.2445596,0.004031306,0.74717355,0.0042354935
2208,0.034089856,0.94132113,0.00077952683,0.023809424
2209,0.27075276,0.037828248,0.6903814,0.0010375981
2210,0.16221973,0.2768086,0.55758345,0.003388216
2211,0.028956981,0.966127,0.0046620993,0.000253961
2212,0.058100797,0.93993145,0.0012526455,0.0007150822
2213,0.27917597,0.045128375,0.651329,0.024366684
2214,0.14702773,0.43370458,0.41746324,0.0018044623
2215,0.2838535,0.002027454,0.7124711,0.0016479439
2216,0.3272809,0.00022287466,0.00034367712,0.6721525
2217,0.32393888,0.0015411074,0.67297405,0.0015459438
2218,0.2199419,0.0042609894,0.7741522,0.0016448874
2219,0.0149671845,0.9815692,0.003340473,0.00012320185
2220,0.2838535,0.002027454,0.7124711,0.0016479439
2221,0.008470421,0.9906307,0.0003045557,0.00059440103
2222,0.069079496,0.87161034,0.05909291,0.00021727849
2223,0.008410116,0.99084854,0.0004719371,0.00026940886
2224,0.24592781,0.0021349227,0.7502368,0.0017004304
2225,0.2568298,0.013589605,0.7086298,0.020950787
2226,0.3443086,0.00023079583,0.00035589174,0.6551047
2227,0.23981138,0.00019388975,0.0011429546,0.75885177
2228,0.029520418,0.96695286,0.0033394948,0.00018723767
2229,0.38141614,0.0017732083,0.6153983,0.0014123308
2230,0.0618446,0.9358715,0.0014539203,0.0008299814
2231,0.10309902,0.4606935,0.43443543,0.001772022
2232,0.05169105,0.9475668,0.00049147976,0.00025068648
2233,0.017009733,0.98245114,0.0003684968,0.00017066294
2234,0.2823199,0.0038522985,0.69501793,0.01880982
2235,0.20726982,0.064060725,0.7268649,0.0018045828
2236,0.18787068,0.026136853,0.7733973,0.0125951
2237,0.21202113,0.016792705,0.7700736,0.0011125699
2238,0.055763554,0.92579854,0.01822558,0.00021230495
2239,0.08605009,0.55199057,0.340881,0.02107839
2240,0.02125122,0.8929981,0.085578084,0.00017260262
2241,0.50273514,0.00027464703,0.47833785,0.018652378
2242,0.23351637,0.00018599966,0.0038833132,0.7624143
2243,0.279036,0.03819548,0.6773411,0.005427417
2244,0.2884865,0.00022103717,0.00034084384,0.7109516
2245,0.3673958,0.00023891842,0.00036841695,0.63199687
2246,0.455116,0.00042615377,0.39408875,0.15036911
2247,0.05380469,0.94359344,0.0024514848,0.00015043776
2248,0.067960046,0.8684559,0.063367635,0.00021649213
2249,0.47412965,0.00022147628,0.00034152082,0.5253074
2250,0.22244589,0.00018597228,0.0029862286,0.7743819
2251,0.4611614,0.00043181446,0.38604033,0.15236649
2252,0.24199678,0.027870888,0.72905385,0.0010784523
2253,0.33516753,0.0002761428,0.19952022,0.46503612
2254,0.6585637,0.0033907515,0.28151363,0.05653196
2255,0.4262736,0.0007118676,0.5709191,0.0020954232
2256,0.33043626,0.0015252025,0.6660287,0.0020098297
2257,0.2823199,0.0038522985,0.69501793,0.01880982
2258,0.029520418,0.96695286,0.0033394948,0.00018723767
2259,0.45643336,0.00022562397,0.0003479166,0.54299307
2260,0.11987396,0.00013721624,0.08665127,0.7933376
2261,0.15450375,0.00015025226,0.0031144798,0.8422315
2262,0.31356004,0.00021549223,0.0003322933,0.68589216
2263,0.43179908,0.00028611536,0.5466006,0.021314222
2264,0.2862334,0.00018848902,0.0012750948,0.712303
2265,0.024517456,0.97371304,0.0005669446,0.0012025654
2266,0.05169105,0.9475668,0.00049147976,0.00025068648
2267,0.0618446,0.9358715,0.0014539203,0.0008299814
2268,0.027055088,0.9709405,0.00063406257,0.0013703709
2269,0.47021404,0.02055353,0.3954566,0.113775864
2270,0.057699606,0.9409934,0.0004730044,0.00083403924
2271,0.014991123,0.9307397,0.054125365,0.00014378945
2272,0.4325938,0.00019644552,0.00056701974,0.56664276
2273,0.20617305,0.00017080008,0.07869616,0.71496
2274,0.05076041,0.9433567,0.0056895837,0.0001932569
2275,0.18381733,0.00017244734,0.10889956,0.70711064
2276,0.42868584,0.00039020248,0.51984596,0.051077947
2277,0.06951359,0.85668194,0.073569156,0.00023531346
2278,0.45454317,0.00021839864,0.000336775,0.54490167
2279,0.05380469,0.94359344,0.0024514848,0.00015043776
2280,0.2905138,0.0041128653,0.68792325,0.017450051
2281,0.05941175,0.9392683,0.0004776589,0.0008422465
2282,0.13358413,0.28153983,0.56711376,0.01776227
2283,0.023183629,0.97575593,0.0008521792,0.00020824383
2284,0.23043583,0.00019177675,0.0010342225,0.7683382
2285,0.4589139,0.00032638357,0.5329301,0.0078296475
2286,0.04009601,0.958679,0.0004433161,0.0007816905
2287,0.060311023,0.00014984868,0.00023106963,0.93930805
2288,0.33516753,0.0002761428,0.19952022,0.46503612
2289,0.3272809,0.00022287466,0.00034367712,0.6721525
2290,0.48680708,0.0003890527,0.47468582,0.038118023
2291,0.21980733,0.31930962,0.45862916,0.0022538742
2292,0.47311926,0.00030622171,0.5096424,0.016932102
2293,0.17537914,0.00016743744,0.0037457314,0.82070774
2294,0.22519413,0.00018911083,0.00078964164,0.77382714
2295,0.08946695,0.8955782,0.0010795989,0.013875259
2296,0.081973806,0.589117,0.32473314,0.0041760863
2297,0.05287948,0.77660745,0.17024928,0.00026378979
2298,0.32551333,0.0046142987,0.6672445,0.0026278347
2299,0.051686525,0.93992597,0.0023569001,0.006030644
2300,0.32864654,0.00081578334,0.65425974,0.016277932
2301,0.2905138,0.0041128653,0.68792325,0.017450051
2302,0.05076041,0.9433567,0.0056895837,0.0001932569
2303,0.054026254,0.74933994,0.19637373,0.00026008848
2304,0.2445596,0.004031306,0.74717355,0.0042354935
2305,0.22239979,0.0001983751,0.0009950927,0.7764067
2306,0.16381082,0.38634264,0.44624537,0.0036011958
2307,0.05976265,0.93955517,0.0004729602,0.00020918444
2308,0.43460894,0.0004069517,0.22141737,0.34356678
2309,0.28095943,0.00018501592,0.02377223,0.6950833
2310,0.006432408,0.9442521,0.049164917,0.00015054276
2311,0.081973806,0.589117,0.32473314,0.0041760863
2312,0.029412756,0.96720695,0.0032386282,0.00014166954
2313,0.18792376,0.00017663714,0.0036613946,0.8082382
2314,0.027169298,0.9455354,0.02640645,0.0008888198
2315,0.26825437,0.053565666,0.6763932,0.0017867316
2316,0.060243648,0.00014985942,0.00023108619,0.9393754
2317,0.3907932,0.00022834339,0.00035211002,0.60862637
2318,0.11989667,0.8779063,0.0013986174,0.00079841097
2319,0.009419153,0.987439,0.003041014,0.000100842786
2320,0.04567019,0.9338171,0.020353997,0.00015867896
2321,0.11931036,0.87795794,0.0007270545,0.002004611
2322,0.23797901,0.0001898249,0.0013129034,0.7605183
2323,0.017864002,0.96507436,0.01670829,0.00035337225
2324,0.33455405,0.0007912912,0.66309977,0.0015548806
2325,0.059762094,0.93954647,0.00048227762,0.00020918249
2326,0.051686525,0.93992597,0.0023569001,0.006030644
2327,0.3396509,0.0003151755,0.6296568,0.030377068
2328,0.18787068,0.026136853,0.7733973,0.0125951
2329,0.044088345,0.8144975,0.14118193,0.00023222616
2330,0.118606016,0.8795679,0.0011624992,0.00066362147
2331,0.40257442,0.000235562,0.00036324124,0.5968268
2332,0.23039743,0.00019174478,0.0012007381,0.7682101
2333,0.47050506,0.00021978306,0.00033890983,0.5289362
2334,0.33455405,0.0007912912,0.66309977,0.0015548806
2335,0.4542437,0.00021763027,0.0003355902,0.5452031
2336,0.6585637,0.0033907515,0.28151363,0.05653196
2337,0.3272809,0.00022287466,0.00034367712,0.6721525
2338,0.38141614,0.0017732083,0.6153983,0.0014123308
2339,0.1700121,0.00015269601,0.024595685,0.80523956
2340,0.30796713,0.00025162828,0.11266483,0.5791164
2341,0.0050742375,0.97460675,0.020130241,0.00018871976
2342,0.0072606774,0.99211043,0.00048714466,0.00014175074
2343,0.0050473073,0.97369134,0.021073584,0.00018771827
2344,0.6585637,0.0033907515,0.28151363,0.05653196
2345,0.29369837,0.00022713309,0.018391704,0.6876828
2346,0.07667882,0.44627094,0.45732465,0.019725548
2347,0.055763554,0.92579854,0.01822558,0.00021230495
2348,0.4205438,0.00039378164,0.23810501,0.34095743
2349,0.28140905,0.045252,0.6723195,0.0010195152
2350,0.057699606,0.9409934,0.0004730044,0.00083403924
2351,0.16381082,0.38634264,0.44624537,0.0036011958
2352,0.43460894,0.0004069517,0.22141737,0.34356678
2353,0.05380469,0.94359344,0.0024514848,0.00015043776
2354,0.047852114,0.80285937,0.1490552,0.00023329213
2355,0.013042064,0.9674475,0.019377263,0.00013308659
2356,0.18787068,0.026136853,0.7733973,0.0125951
2357,0.21585998,0.00019864034,0.00030630716,0.7836351
2358,0.15046999,0.84722257,0.0014689455,0.00083855836
2359,0.067960046,0.8684559,0.063367635,0.00021649213
2360,0.029412756,0.96720695,0.0032386282,0.00014166954
2361,0.0072606774,0.99211043,0.00048714466,0.00014175074
2362,0.47050506,0.00021978306,0.00033890983,0.5289362
2363,0.2862334,0.00018848902,0.0012750948,0.712303
2364,0.1757834,0.00018441821,0.000770047,0.8232621
2365,0.23043583,0.00019177675,0.0010342225,0.7683382
2366,0.09145732,0.9046136,0.0037892463,0.00013975325
2367,0.30084923,0.00024108042,0.000856096,0.69805354
2368,0.29007497,0.00023520115,0.00036268483,0.70932716
2369,0.16381082,0.38634264,0.44624537,0.0036011958
2370,0.22519413,0.00018911083,0.00078964164,0.77382714
2371,0.2445596,0.004031306,0.74717355,0.0042354935
2372,0.32551333,0.0046142987,0.6672445,0.0026278347
2373,0.028956981,0.966127,0.0046620993,0.000253961
2374,0.34980285,0.00063288974,0.6480114,0.0015529018
2375,0.22798033,0.18413533,0.58594275,0.0019416315
2376,0.2823199,0.0038522985,0.69501793,0.01880982
2377,0.028491799,0.9708926,0.00042682272,0.00018877849
2378,0.19854447,0.29554203,0.5040364,0.0018770674
2379,0.05076041,0.9433567,0.0056895837,0.0001932569
2380,0.03047444,0.8874165,0.08194495,0.00016411068
2381,0.112217374,0.5256284,0.3541829,0.007971349
2382,0.120560504,0.59138125,0.26624256,0.02181567
2383,0.47050506,0.00021978306,0.00033890983,0.5289362
2384,0.3443086,0.00023079583,0.00035589174,0.6551047
2385,0.2823199,0.0038522985,0.69501793,0.01880982
2386,0.29369837,0.00022713309,0.018391704,0.6876828
2387,0.2872621,0.00023497555,0.00036233696,0.71214056
2388,0.23981138,0.00019388975,0.0011429546,0.75885177
2389,0.24569519,0.00020183962,0.004183798,0.7499192
2390,0.16221973,0.2768086,0.55758345,0.003388216
2391,0.0065231915,0.9575787,0.03574538,0.00015266745
2392,0.4589139,0.00032638357,0.5329301,0.0078296475
2393,0.05537453,0.94232583,0.0014639475,0.0008357055
2394,0.30136088,0.00024091941,0.00069538906,0.6977028
2395,0.33582905,0.0002156212,0.0003324921,0.66362286
2396,0.06750655,0.85389584,0.07836304,0.00023454819
2397,0.24847563,0.056207716,0.69249874,0.0028178627
2398,0.45998165,0.002670785,0.10809399,0.4292536
2399,0.6585637,0.0033907515,0.28151363,0.05653196
2400,0.058100797,0.93993145,0.0012526455,0.0007150822
2401,0.016885865,0.950414,0.032570295,0.00012975723
2402,0.38141614,0.0017732083,0.6153983,0.0014123308
2403,0.023179488,0.97558165,0.0010205099,0.00021836792
2404,0.15450375,0.00015025226,0.0031144798,0.8422315
2405,0.15450375,0.00015025226,0.0031144798,0.8422315
2406,0.2445596,0.004031306,0.74717355,0.0042354935
2407,0.0149671845,0.9815692,0.003340473,0.00012320185
2408,0.037081257,0.8416965,0.121021934,0.00020028462
2409,0.08256067,0.5933346,0.31989875,0.004205984
2410,0.4962338,0.00027444764,0.4911646,0.012327176
2411,0.023179488,0.97558165,0.0010205099,0.00021836792
2412,0.365159,0.00022217832,0.02179948,0.6128193
2413,0.45643336,0.00022562397,0.0003479166,0.54299307
2414,0.016885865,0.950414,0.032570295,0.00012975723
2415,0.23043583,0.00019177675,0.0010342225,0.7683382
2416,0.1757834,0.00018441821,0.000770047,0.8232621
2417,0.010091235,0.9888497,0.0009071326,0.00015193154
2418,0.112217374,0.5256284,0.3541829,0.007971349
2419,0.23351637,0.00018599966,0.0038833132,0.7624143
2420,0.078678355,0.92062336,0.00048411393,0.00021411768
2421,0.006432408,0.9442521,0.049164917,0.00015054276
2422,0.30084923,0.00024108042,0.000856096,0.69805354
2423,0.16381082,0.38634264,0.44624537,0.0036011958
2424,0.42780378,0.000720479,0.56884515,0.0026306228
2425,0.50273514,0.00027464703,0.47833785,0.018652378
2426,0.081973806,0.589117,0.32473314,0.0041760863
2427,0.13378689,0.83710784,0.028958894,0.00014642028
2428,0.020503819,0.9523121,0.0021677355,0.025016276
2429,0.18381733,0.00017244734,0.10889956,0.70711064
2430,0.29007497,0.00023520115,0.00036268483,0.70932716
2431,0.19854447,0.29554203,0.5040364,0.0018770674
2432,0.008470421,0.9906307,0.0003045557,0.00059440103
2433,0.455116,0.00042615377,0.39408875,0.15036911
2434,0.3629123,0.00022054618,0.0007065986,0.63616055
2435,0.09145732,0.9046136,0.0037892463,0.00013975325
2436,0.030279778,0.9655267,0.004044399,0.00014916368
2437,0.38141614,0.0017732083,0.6153983,0.0014123308
2438,0.027621659,0.9701905,0.0006387265,0.0015490506
2439,0.078678355,0.92062336,0.00048411393,0.00021411768
2440,0.5028013,0.0004862331,0.4763017,0.020410752
2441,0.031628847,0.96592414,0.0023055382,0.00014148165
2442,0.05076041,0.9433567,0.0056895837,0.0001932569
2443,0.279036,0.03819548,0.6773411,0.005427417
2444,0.2940246,0.022811603,0.66562265,0.017541135
2445,0.11989667,0.8779063,0.0013986174,0.00079841097
2446,0.13358413,0.28153983,0.56711376,0.01776227
2447,0.1700121,0.00015269601,0.024595685,0.80523956
2448,0.05941175,0.9392683,0.0004776589,0.0008422465
2449,0.028491799,0.9708926,0.00042682272,0.00018877849
2450,0.33516753,0.0002761428,0.19952022,0.46503612
2451,0.34980285,0.00063288974,0.6480114,0.0015529018
2452,0.05287948,0.77660745,0.17024928,0.00026378979
2453,0.2905138,0.0041128653,0.68792325,0.017450051
2454,0.028491799,0.9708926,0.00042682272,0.00018877849
2455,0.05287948,0.77660745,0.17024928,0.00026378979
2456,0.23910806,0.14417711,0.6145426,0.002172201
2457,0.32087034,0.27125627,0.38960943,0.018263943
2458,0.28140905,0.045252,0.6723195,0.0010195152
2459,0.2522428,0.0051155575,0.73972833,0.0029133004
2460,0.060243648,0.00014985942,0.00023108619,0.9393754
2461,0.3443086,0.00023079583,0.00035589174,0.6551047
2462,0.47050506,0.00021978306,0.00033890983,0.5289362
2463,0.3629123,0.00022054618,0.0007065986,0.63616055
2464,0.22239979,0.0001983751,0.0009950927,0.7764067
2465,0.020503819,0.9523121,0.0021677355,0.025016276
2466,0.15450375,0.00015025226,0.0031144798,0.8422315
2467,0.04260303,0.89850587,0.058736205,0.00015493105
2468,0.2823199,0.0038522985,0.69501793,0.01880982
2469,0.05976265,0.93955517,0.0004729602,0.00020918444
2470,0.33043626,0.0015252025,0.6660287,0.0020098297
2471,0.29369837,0.00022713309,0.018391704,0.6876828
2472,0.27917597,0.045128375,0.651329,0.024366684
2473,0.047852114,0.80285937,0.1490552,0.00023329213
2474,0.21980733,0.31930962,0.45862916,0.0022538742
2475,0.05941175,0.9392683,0.0004776589,0.0008422465
2476,0.11987396,0.00013721624,0.08665127,0.7933376
2477,0.21767208,0.00093229103,0.77831864,0.0030769627
2478,0.0050473073,0.97369134,0.021073584,0.00018771827
2479,0.030502398,0.9152245,0.054098938,0.00017417551
2480,0.15370929,0.41400373,0.42888957,0.003397458
2481,0.23310952,0.060888954,0.686838,0.019163603
2482,0.1700121,0.00015269601,0.024595685,0.80523956
2483,0.008410116,0.99084854,0.0004719371,0.00026940886
2484,0.40257442,0.000235562,0.00036324124,0.5968268
2485,0.24569519,0.00020183962,0.004183798,0.7499192
2486,0.11931036,0.87795794,0.0007270545,0.002004611
2487,0.47254646,0.00056352164,0.49426475,0.032625206
2488,0.15450375,0.00015025226,0.0031144798,0.8422315
2489,0.03047444,0.8874165,0.08194495,0.00016411068
2490,0.2522428,0.0051155575,0.73972833,0.0029133004
2491,0.008410116,0.99084854,0.0004719371,0.00026940886
2492,0.0050742375,0.97460675,0.020130241,0.00018871976
2493,0.34089264,0.0003076697,0.6132217,0.04557798
2494,0.365159,0.00022217832,0.02179948,0.6128193
2495,0.48680708,0.0003890527,0.47468582,0.038118023
2496,0.020503819,0.9523121,0.0021677355,0.025016276
2497,0.42780378,0.000720479,0.56884515,0.0026306228
2498,0.05380469,0.94359344,0.0024514848,0.00015043776
2499,0.3907932,0.00022834339,0.00035211002,0.60862637
2500,0.07617203,0.80780566,0.11579047,0.00023181007
2501,0.24199678,0.027870888,0.72905385,0.0010784523
2502,0.014991123,0.9307397,0.054125365,0.00014378945
2503,0.05380469,0.94359344,0.0024514848,0.00015043776
2504,0.067960046,0.8684559,0.063367635,0.00021649213
2505,0.22798033,0.18413533,0.58594275,0.0019416315
2506,0.11722285,0.4361152,0.44484746,0.0018144918
2507,0.020503819,0.9523121,0.0021677355,0.025016276
2508,0.031628847,0.96592414,0.0023055382,0.00014148165
2509,0.279036,0.03819548,0.6773411,0.005427417
2510,0.3393289,0.0036321902,0.6553068,0.0017321354
2511,0.42780378,0.000720479,0.56884515,0.0026306228
2512,0.013042064,0.9674475,0.019377263,0.00013308659
2513,0.078678355,0.92062336,0.00048411393,0.00021411768
2514,0.4639658,0.00021135568,0.00032591462,0.53549695
2515,0.008470421,0.9906307,0.0003045557,0.00059440103
2516,0.42868584,0.00039020248,0.51984596,0.051077947
2517,0.19854447,0.29554203,0.5040364,0.0018770674
2518,0.009419153,0.987439,0.003041014,0.000100842786
2519,0.15046999,0.84722257,0.0014689455,0.00083855836
2520,0.27067047,0.00020773443,0.00032033055,0.7288014
2521,0.47021404,0.02055353,0.3954566,0.113775864
2522,0.17537914,0.00016743744,0.0037457314,0.82070774
2523,0.2862334,0.00018848902,0.0012750948,0.712303
2524,0.22244589,0.00018597228,0.0029862286,0.7743819
2525,0.16381082,0.38634264,0.44624537,0.0036011958
2526,0.4343285,0.00028294508,0.5498025,0.015586075
2527,0.3443086,0.00023079583,0.00035589174,0.6551047
2528,0.47254646,0.00056352164,0.49426475,0.032625206
2529,0.112217374,0.5256284,0.3541829,0.007971349
2530,0.3493774,0.084742345,0.56466174,0.0012185223
2531,0.112217374,0.5256284,0.3541829,0.007971349
2532,0.4639658,0.00021135568,0.00032591462,0.53549695
2533,0.010091235,0.9888497,0.0009071326,0.00015193154
2534,0.4542437,0.00021763027,0.0003355902,0.5452031
2535,0.21202113,0.016792705,0.7700736,0.0011125699
2536,0.4962338,0.00027444764,0.4911646,0.012327176
2537,0.07617203,0.80780566,0.11579047,0.00023181007
2538,0.010080366,0.9702097,0.0188882,0.00082167384
2539,0.4325938,0.00019644552,0.00056701974,0.56664276
2540,0.39956847,0.00023495895,0.00036231132,0.59983426
2541,0.3443086,0.00023079583,0.00035589174,0.6551047
2542,0.3673958,0.00023891842,0.00036841695,0.63199687
2543,0.051691663,0.94757795,0.0004914856,0.00023886802
2544,0.27067047,0.00020773443,0.00032033055,0.7288014
2545,0.42780378,0.000720479,0.56884515,0.0026306228
2546,0.41860628,0.02623261,0.5533839,0.001777192
2547,0.28793624,0.00022061571,0.00034019363,0.7115029
2548,0.2872621,0.00023497555,0.00036233696,0.71214056
2549,0.31356004,0.00021549223,0.0003322933,0.68589216
2550,0.23910806,0.14417711,0.6145426,0.002172201
2551,0.5177437,0.00031768557,0.47496063,0.006977977
2552,0.23910806,0.14417711,0.6145426,0.002172201
2553,0.365159,0.00022217832,0.02179948,0.6128193
2554,0.27537856,0.05075046,0.66846293,0.0054080933
2555,0.32087034,0.27125627,0.38960943,0.018263943
2556,0.3040952,0.0002151658,0.6860252,0.009664459
2557,0.11989667,0.8779063,0.0013986174,0.00079841097
2558,0.008470421,0.9906307,0.0003045557,0.00059440103
2559,0.3907932,0.00022834339,0.00035211002,0.60862637
2560,0.07667882,0.44627094,0.45732465,0.019725548
2561,0.40257442,0.000235562,0.00036324124,0.5968268
2562,0.0050742375,0.97460675,0.020130241,0.00018871976
2563,0.2522428,0.0051155575,0.73972833,0.0029133004
2564,0.0050742375,0.97460675,0.020130241,0.00018871976
2565,0.3629123,0.00022054618,0.0007065986,0.63616055
2566,0.31356004,0.00021549223,0.0003322933,0.68589216
2567,0.2838535,0.002027454,0.7124711,0.0016479439
2568,0.1757834,0.00018441821,0.000770047,0.8232621
2569,0.2445596,0.004031306,0.74717355,0.0042354935
2570,0.2905138,0.0041128653,0.68792325,0.017450051
2571,0.2445596,0.004031306,0.74717355,0.0042354935
2572,0.016885865,0.950414,0.032570295,0.00012975723
2573,0.47311926,0.00030622171,0.5096424,0.016932102
2574,0.23981138,0.00019388975,0.0011429546,0.75885177
2575,0.40257442,0.000235562,0.00036324124,0.5968268
2576,0.3629123,0.00022054618,0.0007065986,0.63616055
2577,0.03047444,0.8874165,0.08194495,0.00016411068
2578,0.38141614,0.0017732083,0.6153983,0.0014123308
2579,0.078678355,0.92062336,0.00048411393,0.00021411768
2580,0.0870269,0.00015937565,0.0002457604,0.9125679
2581,0.067960046,0.8684559,0.063367635,0.00021649213
2582,0.22341426,0.028554145,0.74692667,0.0011048907
2583,0.13378689,0.83710784,0.028958894,0.00014642028
2584,0.45643336,0.00022562397,0.0003479166,0.54299307
2585,0.30136088,0.00024091941,0.00069538906,0.6977028
2586,0.32551333,0.0046142987,0.6672445,0.0026278347
2587,0.47311926,0.00030622171,0.5096424,0.016932102
2588,0.2905138,0.0041128653,0.68792325,0.017450051
2589,0.28095943,0.00018501592,0.02377223,0.6950833
2590,0.0149671845,0.9815692,0.003340473,0.00012320185
2591,0.19854447,0.29554203,0.5040364,0.0018770674
2592,0.24199678,0.027870888,0.72905385,0.0010784523
2593,0.024517456,0.97371304,0.0005669446,0.0012025654
2594,0.04567019,0.9338171,0.020353997,0.00015867896
2595,0.017009733,0.98245114,0.0003684968,0.00017066294
2596,0.11931036,0.87795794,0.0007270545,0.002004611
2597,0.055763554,0.92579854,0.01822558,0.00021230495
2598,0.15450375,0.00015025226,0.0031144798,0.8422315
2599,0.2522428,0.0051155575,0.73972833,0.0029133004
2600,0.0050473073,0.97369134,0.021073584,0.00018771827
2601,0.47254646,0.00056352164,0.49426475,0.032625206
2602,0.013042064,0.9674475,0.019377263,0.00013308659
2603,0.2574039,0.0788383,0.6615656,0.0021922223
2604,0.34971184,0.0002245348,0.00034623712,0.6497174
2605,0.13358413,0.28153983,0.56711376,0.01776227
2606,0.0050742375,0.97460675,0.020130241,0.00018871976
2607,0.21585998,0.00019864034,0.00030630716,0.7836351
2608,0.15351711,0.0001467239,0.06286624,0.7834699
2609,0.29369837,0.00022713309,0.018391704,0.6876828
2610,0.5902916,0.00018950604,0.00029222207,0.4092267
2611,0.05941175,0.9392683,0.0004776589,0.0008422465
2612,0.04721494,0.9350792,0.017535878,0.00016992644
2613,0.008470421,0.9906307,0.0003045557,0.00059440103
2614,0.3443086,0.00023079583,0.00035589174,0.6551047
2615,0.3396509,0.0003151755,0.6296568,0.030377068
2616,0.008410116,0.99084854,0.0004719371,0.00026940886
2617,0.23039743,0.00019174478,0.0012007381,0.7682101
2618,0.27917597,0.045128375,0.651329,0.024366684
2619,0.32087034,0.27125627,0.38960943,0.018263943
2620,0.2872621,0.00023497555,0.00036233696,0.71214056
2621,0.2823199,0.0038522985,0.69501793,0.01880982
2622,0.22341426,0.028554145,0.74692667,0.0011048907
2623,0.1757834,0.00018441821,0.000770047,0.8232621
2624,0.16381082,0.38634264,0.44624537,0.0036011958
2625,0.279036,0.03819548,0.6773411,0.005427417
2626,0.2905138,0.0041128653,0.68792325,0.017450051
2627,0.10309902,0.4606935,0.43443543,0.001772022
2628,0.18603444,0.00016730517,0.048260372,0.76553786
2629,0.03340917,0.9628848,0.0035741916,0.00013182177
2630,0.18340757,0.00020835607,0.0009135358,0.8154706
2631,0.030502398,0.9152245,0.054098938,0.00017417551
2632,0.07618306,0.677577,0.245923,0.0003169097
2633,0.028491799,0.9708926,0.00042682272,0.00018877849
2634,0.29969296,0.023201615,0.67570895,0.0013964875
2635,0.07667882,0.44627094,0.45732465,0.019725548
2636,0.4325938,0.00019644552,0.00056701974,0.56664276
2637,0.5177437,0.00031768557,0.47496063,0.006977977
2638,0.30796713,0.00025162828,0.11266483,0.5791164
2639,0.3673958,0.00023891842,0.00036841695,0.63199687
2640,0.33078355,0.00051348214,0.62147737,0.047225673
2641,0.007260179,0.99204236,0.00054873707,0.00014873185
2642,0.2872621,0.00023497555,0.00036233696,0.71214056
2643,0.2862334,0.00018848902,0.0012750948,0.712303
2644,0.27537856,0.05075046,0.66846293,0.0054080933
2645,0.06750655,0.85389584,0.07836304,0.00023454819
2646,0.031210126,0.96803904,0.0005267565,0.00022410553
2647,0.08946695,0.8955782,0.0010795989,0.013875259
2648,0.04009601,0.958679,0.0004433161,0.0007816905
2649,0.15450375,0.00015025226,0.0031144798,0.8422315
2650,0.33516753,0.0002761428,0.19952022,0.46503612
2651,0.118606016,0.8795679,0.0011624992,0.00066362147
2652,0.023183629,0.97575593,0.0008521792,0.00020824383
2653,0.05287948,0.77660745,0.17024928,0.00026378979
2654,0.53684664,0.0004918818,0.19116896,0.2714925
2655,0.41860628,0.02623261,0.5533839,0.001777192
2656,0.3040952,0.0002151658,0.6860252,0.009664459
2657,0.21585998,0.00019864034,0.00030630716,0.7836351
2658,0.3673958,0.00023891842,0.00036841695,0.63199687
2659,0.043951347,0.95244694,0.0034104367,0.00019121531
2660,0.16240886,0.00014815264,0.20495418,0.6324888
2661,0.28140905,0.045252,0.6723195,0.0010195152
2662,0.47021404,0.02055353,0.3954566,0.113775864
2663,0.11722285,0.4361152,0.44484746,0.0018144918
2664,0.05865415,0.9154758,0.025232922,0.0006371154
2665,0.05380469,0.94359344,0.0024514848,0.00015043776
2666,0.2823199,0.0038522985,0.69501793,0.01880982
2667,0.47021404,0.02055353,0.3954566,0.113775864
2668,0.28793624,0.00022061571,0.00034019363,0.7115029
2669,0.028491799,0.9708926,0.00042682272,0.00018877849
2670,0.03273199,0.9331957,0.03394488,0.00012740646
2671,0.3272809,0.00022287466,0.00034367712,0.6721525
2672,0.4325938,0.00019644552,0.00056701974,0.56664276
2673,0.033567574,0.96527237,0.0007675837,0.00039244216
2674,0.11987396,0.00013721624,0.08665127,0.7933376
2675,0.4262736,0.0007118676,0.5709191,0.0020954232
2676,0.5902916,0.00018950604,0.00029222207,0.4092267
2677,0.23981138,0.00019388975,0.0011429546,0.75885177
2678,0.2905138,0.0041128653,0.68792325,0.017450051
2679,0.37113315,0.028385853,0.59880716,0.0016738597
2680,0.4325938,0.00019644552,0.00056701974,0.56664276
2681,0.47311926,0.00030622171,0.5096424,0.016932102
2682,0.24592781,0.0021349227,0.7502368,0.0017004304
2683,0.05169105,0.9475668,0.00049147976,0.00025068648
2684,0.22341426,0.028554145,0.74692667,0.0011048907
2685,0.21980733,0.31930962,0.45862916,0.0022538742
2686,0.05380469,0.94359344,0.0024514848,0.00015043776
2687,0.455116,0.00042615377,0.39408875,0.15036911
2688,0.32434607,0.0037157687,0.6703858,0.0015524094
2689,0.26767296,0.059199687,0.67170906,0.0014182753
2690,0.07617203,0.80780566,0.11579047,0.00023181007
2691,0.030502398,0.9152245,0.054098938,0.00017417551
2692,0.031210126,0.96803904,0.0005267565,0.00022410553
2693,0.027169298,0.9455354,0.02640645,0.0008888198
2694,0.0050473073,0.97369134,0.021073584,0.00018771827
2695,0.42868584,0.00039020248,0.51984596,0.051077947
2696,0.11638466,0.8808934,0.0017327749,0.0009891676
2697,0.120560504,0.59138125,0.26624256,0.02181567
2698,0.03273199,0.9331957,0.03394488,0.00012740646
2699,0.4542437,0.00021763027,0.0003355902,0.5452031
2700,0.03047444,0.8874165,0.08194495,0.00016411068
2701,0.008410116,0.99084854,0.0004719371,0.00026940886
2702,0.22798033,0.18413533,0.58594275,0.0019416315
2703,0.4611614,0.00043181446,0.38604033,0.15236649
2704,0.34971184,0.0002245348,0.00034623712,0.6497174
2705,0.0618446,0.9358715,0.0014539203,0.0008299814
2706,0.06951359,0.85668194,0.073569156,0.00023531346
2707,0.029412756,0.96720695,0.0032386282,0.00014166954
2708,0.17239262,0.00016458616,0.020710817,0.806732
2709,0.26767296,0.059199687,0.67170906,0.0014182753
2710,0.04567019,0.9338171,0.020353997,0.00015867896
2711,0.3673958,0.00023891842,0.00036841695,0.63199687
2712,0.23722027,0.00017493476,0.049566932,0.71303785
2713,0.08256067,0.5933346,0.31989875,0.004205984
2714,0.3443086,0.00023079583,0.00035589174,0.6551047
2715,0.22244589,0.00018597228,0.0029862286,0.7743819
2716,0.30084923,0.00024108042,0.000856096,0.69805354
2717,0.53684664,0.0004918818,0.19116896,0.2714925
2718,0.2905138,0.0041128653,0.68792325,0.017450051
2719,0.044088345,0.8144975,0.14118193,0.00023222616
2720,0.07617203,0.80780566,0.11579047,0.00023181007
2721,0.4542437,0.00021763027,0.0003355902,0.5452031
2722,0.5028013,0.0004862331,0.4763017,0.020410752
2723,0.05933884,8.2584804e-05,0.0016931838,0.93888545
2724,0.42868584,0.00039020248,0.51984596,0.051077947
2725,0.30136088,0.00024091941,0.00069538906,0.6977028
2726,0.28095943,0.00018501592,0.02377223,0.6950833
2727,0.04721494,0.9350792,0.017535878,0.00016992644
2728,0.1757834,0.00018441821,0.000770047,0.8232621
2729,0.029520418,0.96695286,0.0033394948,0.00018723767
2730,0.05941175,0.9392683,0.0004776589,0.0008422465
2731,0.3719695,0.02550585,0.6010183,0.0015063299
2732,0.48680708,0.0003890527,0.47468582,0.038118023
2733,0.23351637,0.00018599966,0.0038833132,0.7624143
2734,0.02125122,0.8929981,0.085578084,0.00017260262
2735,0.059762094,0.93954647,0.00048227762,0.00020918249
2736,0.060243648,0.00014985942,0.00023108619,0.9393754
2737,0.030502398,0.9152245,0.054098938,0.00017417551
2738,0.23722027,0.00017493476,0.049566932,0.71303785
2739,0.027055088,0.9709405,0.00063406257,0.0013703709
2740,0.27537856,0.05075046,0.66846293,0.0054080933
2741,0.32087034,0.27125627,0.38960943,0.018263943
2742,0.013042064,0.9674475,0.019377263,0.00013308659
2743,0.29194584,0.00023671804,0.0003650239,0.70745236
2744,0.112217374,0.5256284,0.3541829,0.007971349
2745,0.45454317,0.00021839864,0.000336775,0.54490167
2746,0.5902916,0.00018950604,0.00029222207,0.4092267
2747,0.051691663,0.94757795,0.0004914856,0.00023886802
2748,0.05380469,0.94359344,0.0024514848,0.00015043776
2749,0.34089264,0.0003076697,0.6132217,0.04557798
2750,0.4343285,0.00028294508,0.5498025,0.015586075
2751,0.33043626,0.0015252025,0.6660287,0.0020098297
2752,0.08762457,0.00015927132,0.0002455995,0.91197056
2753,0.2940246,0.022811603,0.66562265,0.017541135
2754,0.05941175,0.9392683,0.0004776589,0.0008422465
2755,0.2199419,0.0042609894,0.7741522,0.0016448874
2756,0.27917597,0.045128375,0.651329,0.024366684
2757,0.017009733,0.98245114,0.0003684968,0.00017066294
2758,0.05976265,0.93955517,0.0004729602,0.00020918444
2759,0.28140905,0.045252,0.6723195,0.0010195152
2760,0.45454317,0.00021839864,0.000336775,0.54490167
2761,0.22341426,0.028554145,0.74692667,0.0011048907
2762,0.23351637,0.00018599966,0.0038833132,0.7624143
2763,0.50039923,0.00032387837,0.44935614,0.049920734
2764,0.081973806,0.589117,0.32473314,0.0041760863
2765,0.39956847,0.00023495895,0.00036231132,0.59983426
2766,0.33582905,0.0002156212,0.0003324921,0.66362286
2767,0.08605009,0.55199057,0.340881,0.02107839
2768,0.09145732,0.9046136,0.0037892463,0.00013975325
2769,0.2884865,0.00022103717,0.00034084384,0.7109516
2770,0.10309902,0.4606935,0.43443543,0.001772022
2771,0.32551333,0.0046142987,0.6672445,0.0026278347
2772,0.3443086,0.00023079583,0.00035589174,0.6551047
2773,0.06951359,0.85668194,0.073569156,0.00023531346
2774,0.23310952,0.060888954,0.686838,0.019163603
2775,0.45454317,0.00021839864,0.000336775,0.54490167
2776,0.23722027,0.00017493476,0.049566932,0.71303785
2777,0.34971184,0.0002245348,0.00034623712,0.6497174
2778,0.28793624,0.00022061571,0.00034019363,0.7115029
2779,0.056055058,0.7631993,0.18047328,0.0002722853
2780,0.23039743,0.00019174478,0.0012007381,0.7682101
2781,0.034089856,0.94132113,0.00077952683,0.023809424
2782,0.060311023,0.00014984868,0.00023106963,0.93930805
2783,0.32393888,0.0015411074,0.67297405,0.0015459438
2784,0.16240886,0.00014815264,0.20495418,0.6324888
2785,0.027055088,0.9709405,0.00063406257,0.0013703709
2786,0.09145732,0.9046136,0.0037892463,0.00013975325
2787,0.11638466,0.8808934,0.0017327749,0.0009891676
2788,0.279036,0.03819548,0.6773411,0.005427417
2789,0.6585637,0.0033907515,0.28151363,0.05653196
2790,0.08946695,0.8955782,0.0010795989,0.013875259
2791,0.11638466,0.8808934,0.0017327749,0.0009891676
2792,0.05941175,0.9392683,0.0004776589,0.0008422465
2793,0.3443086,0.00023079583,0.00035589174,0.6551047
2794,0.3443086,0.00023079583,0.00035589174,0.6551047
2795,0.21585998,0.00019864034,0.00030630716,0.7836351
2796,0.48680708,0.0003890527,0.47468582,0.038118023
2797,0.07617203,0.80780566,0.11579047,0.00023181007
2798,0.23351637,0.00018599966,0.0038833132,0.7624143
2799,0.020503819,0.9523121,0.0021677355,0.025016276
2800,0.05380469,0.94359344,0.0024514848,0.00015043776
2801,0.08605009,0.55199057,0.340881,0.02107839
2802,0.22798033,0.18413533,0.58594275,0.0019416315
2803,0.0051166634,0.987071,0.007622105,0.00019029774
2804,0.2872621,0.00023497555,0.00036233696,0.71214056
2805,0.05380469,0.94359344,0.0024514848,0.00015043776
2806,0.22341426,0.028554145,0.74692667,0.0011048907
2807,0.033567574,0.96527237,0.0007675837,0.00039244216
2808,0.18381733,0.00017244734,0.10889956,0.70711064
2809,0.4688804,0.0026473734,0.48478243,0.043689813
2810,0.11987396,0.00013721624,0.08665127,0.7933376
2811,0.25407556,0.037421245,0.6829535,0.025549779
2812,0.1700121,0.00015269601,0.024595685,0.80523956
2813,0.23039743,0.00019174478,0.0012007381,0.7682101
2814,0.028491799,0.9708926,0.00042682272,0.00018877849
2815,0.051686525,0.93992597,0.0023569001,0.006030644
2816,0.32551333,0.0046142987,0.6672445,0.0026278347
2817,0.051686525,0.93992597,0.0023569001,0.006030644
2818,0.19138235,0.00017211467,0.020900847,0.7875447
2819,0.031210126,0.96803904,0.0005267565,0.00022410553
2820,0.24199678,0.027870888,0.72905385,0.0010784523
2821,0.43460894,0.0004069517,0.22141737,0.34356678
2822,0.19854447,0.29554203,0.5040364,0.0018770674
2823,0.078678355,0.92062336,0.00048411393,0.00021411768
2824,0.044088345,0.8144975,0.14118193,0.00023222616
2825,0.051686525,0.93992597,0.0023569001,0.006030644
2826,0.0149671845,0.9815692,0.003340473,0.00012320185
2827,0.23351637,0.00018599966,0.0038833132,0.7624143
2828,0.23039743,0.00019174478,0.0012007381,0.7682101
2829,0.23039743,0.00019174478,0.0012007381,0.7682101
2830,0.009419153,0.987439,0.003041014,0.000100842786
2831,0.023183629,0.97575593,0.0008521792,0.00020824383
2832,0.3272809,0.00022287466,0.00034367712,0.6721525
2833,0.21980733,0.31930962,0.45862916,0.0022538742
2834,0.006432408,0.9442521,0.049164917,0.00015054276
2835,0.120560504,0.59138125,0.26624256,0.02181567
2836,0.22239979,0.0001983751,0.0009950927,0.7764067
2837,0.31356004,0.00021549223,0.0003322933,0.68589216
2838,0.33455405,0.0007912912,0.66309977,0.0015548806
2839,0.031628847,0.96592414,0.0023055382,0.00014148165
2840,0.41193673,0.0001998709,0.016061768,0.5718016
2841,0.2872621,0.00023497555,0.00036233696,0.71214056
2842,0.27537856,0.05075046,0.66846293,0.0054080933
2843,0.0618446,0.9358715,0.0014539203,0.0008299814
2844,0.120560504,0.59138125,0.26624256,0.02181567
2845,0.53684664,0.0004918818,0.19116896,0.2714925
2846,0.2905138,0.0041128653,0.68792325,0.017450051
2847,0.4611614,0.00043181446,0.38604033,0.15236649
2848,0.45643336,0.00022562397,0.0003479166,0.54299307
2849,0.15046999,0.84722257,0.0014689455,0.00083855836
2850,0.4542437,0.00021763027,0.0003355902,0.5452031
2851,0.014991123,0.9307397,0.054125365,0.00014378945
2852,0.023183629,0.97575593,0.0008521792,0.00020824383
2853,0.3719695,0.02550585,0.6010183,0.0015063299
2854,0.0149671845,0.9815692,0.003340473,0.00012320185
2855,0.007260179,0.99204236,0.00054873707,0.00014873185
2856,0.118606016,0.8795679,0.0011624992,0.00066362147
2857,0.04721494,0.9350792,0.017535878,0.00016992644
2858,0.0051166634,0.987071,0.007622105,0.00019029774
2859,0.17239262,0.00016458616,0.020710817,0.806732
2860,0.016885865,0.950414,0.032570295,0.00012975723
2861,0.3673958,0.00023891842,0.00036841695,0.63199687
2862,0.0050742375,0.97460675,0.020130241,0.00018871976
2863,0.029412756,0.96720695,0.0032386282,0.00014166954
2864,0.22341426,0.028554145,0.74692667,0.0011048907
2865,0.0618446,0.9358715,0.0014539203,0.0008299814
2866,0.34089264,0.0003076697,0.6132217,0.04557798
2867,0.4639658,0.00021135568,0.00032591462,0.53549695
2868,0.21767208,0.00093229103,0.77831864,0.0030769627
2869,0.25407556,0.037421245,0.6829535,0.025549779
2870,0.22798033,0.18413533,0.58594275,0.0019416315
2871,0.18340757,0.00020835607,0.0009135358,0.8154706
2872,0.2199419,0.0042609894,0.7741522,0.0016448874
2873,0.41193673,0.0001998709,0.016061768,0.5718016
2874,0.26767296,0.059199687,0.67170906,0.0014182753
2875,0.010091235,0.9888497,0.0009071326,0.00015193154
2876,0.10309902,0.4606935,0.43443543,0.001772022
2877,0.5028013,0.0004862331,0.4763017,0.020410752
2878,0.05865415,0.9154758,0.025232922,0.0006371154
2879,0.19376455,0.00017425703,0.008713679,0.79734755
2880,0.060311023,0.00014984868,0.00023106963,0.93930805
2881,0.34971184,0.0002245348,0.00034623712,0.6497174
2882,0.23910806,0.14417711,0.6145426,0.002172201
2883,0.33455405,0.0007912912,0.66309977,0.0015548806
2884,0.09145732,0.9046136,0.0037892463,0.00013975325
2885,0.18603444,0.00016730517,0.048260372,0.76553786
2886,0.38141614,0.0017732083,0.6153983,0.0014123308
2887,0.33043626,0.0015252025,0.6660287,0.0020098297
2888,0.023179488,0.97558165,0.0010205099,0.00021836792
2889,0.23043583,0.00019177675,0.0010342225,0.7683382
2890,0.4688804,0.0026473734,0.48478243,0.043689813
2891,0.05380469,0.94359344,0.0024514848,0.00015043776
2892,0.18603444,0.00016730517,0.048260372,0.76553786
2893,0.112217374,0.5256284,0.3541829,0.007971349
2894,0.069079496,0.87161034,0.05909291,0.00021727849
2895,0.03340917,0.9628848,0.0035741916,0.00013182177
2896,0.23910806,0.14417711,0.6145426,0.002172201
2897,0.25407556,0.037421245,0.6829535,0.025549779
2898,0.008470421,0.9906307,0.0003045557,0.00059440103
2899,0.3907932,0.00022834339,0.00035211002,0.60862637
2900,0.041216794,0.89975804,0.058829397,0.00019576387
2901,0.2823199,0.0038522985,0.69501793,0.01880982
2902,0.2823199,0.0038522985,0.69501793,0.01880982
2903,0.008470421,0.9906307,0.0003045557,0.00059440103
2904,0.2568298,0.013589605,0.7086298,0.020950787
2905,0.19138235,0.00017211467,0.020900847,0.7875447
2906,0.024517456,0.97371304,0.0005669446,0.0012025654
2907,0.365159,0.00022217832,0.02179948,0.6128193
2908,0.32667112,0.012077634,0.24655436,0.41469684
2909,0.22519413,0.00018911083,0.00078964164,0.77382714
2910,0.010091235,0.9888497,0.0009071326,0.00015193154
2911,0.055763554,0.92579854,0.01822558,0.00021230495
2912,0.30796713,0.00025162828,0.11266483,0.5791164
2913,0.29969296,0.023201615,0.67570895,0.0013964875
2914,0.4542437,0.00021763027,0.0003355902,0.5452031
2915,0.4962338,0.00027444764,0.4911646,0.012327176
2916,0.15351711,0.0001467239,0.06286624,0.7834699
2917,0.017864002,0.96507436,0.01670829,0.00035337225
2918,0.013042064,0.9674475,0.019377263,0.00013308659
2919,0.30084923,0.00024108042,0.000856096,0.69805354
2920,0.05380469,0.94359344,0.0024514848,0.00015043776
2921,0.5028013,0.0004862331,0.4763017,0.020410752
2922,0.112217374,0.5256284,0.3541829,0.007971349
2923,0.20617305,0.00017080008,0.07869616,0.71496
2924,0.04260303,0.89850587,0.058736205,0.00015493105
2925,0.067960046,0.8684559,0.063367635,0.00021649213
2926,0.27537856,0.05075046,0.66846293,0.0054080933
2927,0.15370929,0.41400373,0.42888957,0.003397458
2928,0.058100797,0.93993145,0.0012526455,0.0007150822
2929,0.19138235,0.00017211467,0.020900847,0.7875447
2930,0.3272809,0.00022287466,0.00034367712,0.6721525
2931,0.15370929,0.41400373,0.42888957,0.003397458
2932,0.043951347,0.95244694,0.0034104367,0.00019121531
2933,0.2940246,0.022811603,0.66562265,0.017541135
2934,0.50039923,0.00032387837,0.44935614,0.049920734
2935,0.28793624,0.00022061571,0.00034019363,0.7115029
2936,0.067960046,0.8684559,0.063367635,0.00021649213
2937,0.05169105,0.9475668,0.00049147976,0.00025068648
2938,0.33582905,0.0002156212,0.0003324921,0.66362286
2939,0.027055088,0.9709405,0.00063406257,0.0013703709
2940,0.23722027,0.00017493476,0.049566932,0.71303785
2941,0.4205438,0.00039378164,0.23810501,0.34095743
2942,0.15450375,0.00015025226,0.0031144798,0.8422315
2943,0.47050506,0.00021978306,0.00033890983,0.5289362
2944,0.030279778,0.9655267,0.004044399,0.00014916368
2945,0.455116,0.00042615377,0.39408875,0.15036911
2946,0.01498154,0.9301447,0.054730013,0.00014369753
2947,0.21202113,0.016792705,0.7700736,0.0011125699
2948,0.22798033,0.18413533,0.58594275,0.0019416315
2949,0.05976265,0.93955517,0.0004729602,0.00020918444
2950,0.010080366,0.9702097,0.0188882,0.00082167384
2951,0.23039743,0.00019174478,0.0012007381,0.7682101
2952,0.096998416,0.8993257,0.003056765,0.0006191266
2953,0.3673958,0.00023891842,0.00036841695,0.63199687
2954,0.20726982,0.064060725,0.7268649,0.0018045828
2955,0.23722027,0.00017493476,0.049566932,0.71303785
2956,0.33078355,0.00051348214,0.62147737,0.047225673
2957,0.21202113,0.016792705,0.7700736,0.0011125699
2958,0.29194584,0.00023671804,0.0003650239,0.70745236
2959,0.18792376,0.00017663714,0.0036613946,0.8082382
2960,0.07107636,0.8879368,0.04081901,0.00016784066
2961,0.057699606,0.9409934,0.0004730044,0.00083403924
2962,0.3673958,0.00023891842,0.00036841695,0.63199687
2963,0.067960046,0.8684559,0.063367635,0.00021649213
2964,0.23910806,0.14417711,0.6145426,0.002172201
2965,0.03273199,0.9331957,0.03394488,0.00012740646
2966,0.47311926,0.00030622171,0.5096424,0.016932102
2967,0.05076041,0.9433567,0.0056895837,0.0001932569
2968,0.26767296,0.059199687,0.67170906,0.0014182753
2969,0.1757834,0.00018441821,0.000770047,0.8232621
2970,0.014991123,0.9307397,0.054125365,0.00014378945
2971,0.2862334,0.00018848902,0.0012750948,0.712303
2972,0.47254646,0.00056352164,0.49426475,0.032625206
2973,0.2940246,0.022811603,0.66562265,0.017541135
2974,0.18603444,0.00016730517,0.048260372,0.76553786
2975,0.024517456,0.97371304,0.0005669446,0.0012025654
2976,0.22798033,0.18413533,0.58594275,0.0019416315
2977,0.48680708,0.0003890527,0.47468582,0.038118023
2978,0.4688804,0.0026473734,0.48478243,0.043689813
2979,0.24847563,0.056207716,0.69249874,0.0028178627
2980,0.44105595,0.00042168106,0.25969672,0.29882568
2981,0.30136088,0.00024091941,0.00069538906,0.6977028
2982,0.34971184,0.0002245348,0.00034623712,0.6497174
2983,0.13378689,0.83710784,0.028958894,0.00014642028
2984,0.22239979,0.0001983751,0.0009950927,0.7764067
2985,0.030279778,0.9655267,0.004044399,0.00014916368
2986,0.41193673,0.0001998709,0.016061768,0.5718016
2987,0.24592781,0.0021349227,0.7502368,0.0017004304
2988,0.062628165,0.9097,0.0028558364,0.024816006
2989,0.5016656,0.00020774035,0.0003203397,0.4978063
2990,0.060243648,0.00014985942,0.00023108619,0.9393754
2991,0.19138235,0.00017211467,0.020900847,0.7875447
2992,0.33455405,0.0007912912,0.66309977,0.0015548806
2993,0.44105595,0.00042168106,0.25969672,0.29882568
2994,0.11638466,0.8808934,0.0017327749,0.0009891676
2995,0.38204616,0.00021305357,0.0008395482,0.6169012
2996,0.47311926,0.00030622171,0.5096424,0.016932102
2997,0.2574039,0.0788383,0.6615656,0.0021922223
2998,0.0065231915,0.9575787,0.03574538,0.00015266745
2999,0.031210126,0.96803904,0.0005267565,0.00022410553
3000,0.23351637,0.00018599966,0.0038833132,0.7624143
3001,0.3443086,0.00023079583,0.00035589174,0.6551047
3002,0.28095943,0.00018501592,0.02377223,0.6950833
3003,0.15370929,0.41400373,0.42888957,0.003397458
3004,0.05865415,0.9154758,0.025232922,0.0006371154
3005,0.22519413,0.00018911083,0.00078964164,0.77382714
3006,0.22588211,0.00018894291,0.0007889405,0.77314
3007,0.47311926,0.00030622171,0.5096424,0.016932102
3008,0.055763554,0.92579854,0.01822558,0.00021230495
3009,0.32434607,0.0037157687,0.6703858,0.0015524094
3010,0.057699606,0.9409934,0.0004730044,0.00083403924
3011,0.26825437,0.053565666,0.6763932,0.0017867316
3012,0.05933884,8.2584804e-05,0.0016931838,0.93888545
3013,0.279036,0.03819548,0.6773411,0.005427417
3014,0.10309902,0.4606935,0.43443543,0.001772022
3015,0.2522428,0.0051155575,0.73972833,0.0029133004
3016,0.0050742375,0.97460675,0.020130241,0.00018871976
3017,0.023183629,0.97575593,0.0008521792,0.00020824383
3018,0.08946695,0.8955782,0.0010795989,0.013875259
3019,0.05933884,8.2584804e-05,0.0016931838,0.93888545
3020,0.24199678,0.027870888,0.72905385,0.0010784523
3021,0.027169298,0.9455354,0.02640645,0.0008888198
3022,0.32864654,0.00081578334,0.65425974,0.016277932
3023,0.24569519,0.00020183962,0.004183798,0.7499192
3024,0.24847563,0.056207716,0.69249874,0.0028178627
3025,0.24592781,0.0021349227,0.7502368,0.0017004304
3026,0.027621659,0.9701905,0.0006387265,0.0015490506
3027,0.020503819,0.9523121,0.0021677355,0.025016276
3028,0.010080366,0.9702097,0.0188882,0.00082167384
3029,0.23039743,0.00019174478,0.0012007381,0.7682101
3030,0.13378689,0.83710784,0.028958894,0.00014642028
3031,0.19854447,0.29554203,0.5040364,0.0018770674
3032,0.34980285,0.00063288974,0.6480114,0.0015529018
3033,0.0050473073,0.97369134,0.021073584,0.00018771827
3034,0.26767296,0.059199687,0.67170906,0.0014182753
3035,0.23722027,0.00017493476,0.049566932,0.71303785
3036,0.22239979,0.0001983751,0.0009950927,0.7764067
3037,0.3393289,0.0036321902,0.6553068,0.0017321354
3038,0.014991123,0.9307397,0.054125365,0.00014378945
3039,0.18787068,0.026136853,0.7733973,0.0125951
3040,0.24963012,0.00017614021,0.00027161167,0.74992216
3041,0.024517456,0.97371304,0.0005669446,0.0012025654
3042,0.45998165,0.002670785,0.10809399,0.4292536
3043,0.22341426,0.028554145,0.74692667,0.0011048907
3044,0.32434607,0.0037157687,0.6703858,0.0015524094
3045,0.03047444,0.8874165,0.08194495,0.00016411068
3046,0.38141614,0.0017732083,0.6153983,0.0014123308
3047,0.2823199,0.0038522985,0.69501793,0.01880982
3048,0.04567019,0.9338171,0.020353997,0.00015867896
3049,0.115371615,0.8830371,0.00069723267,0.000893994
3050,0.017009733,0.98245114,0.0003684968,0.00017066294
3051,0.48680708,0.0003890527,0.47468582,0.038118023
3052,0.030502398,0.9152245,0.054098938,0.00017417551
3053,0.067960046,0.8684559,0.063367635,0.00021649213
3054,0.05941175,0.9392683,0.0004776589,0.0008422465
3055,0.058100797,0.93993145,0.0012526455,0.0007150822
3056,0.0149671845,0.9815692,0.003340473,0.00012320185
3057,0.17239262,0.00016458616,0.020710817,0.806732
3058,0.4611614,0.00043181446,0.38604033,0.15236649
3059,0.014991123,0.9307397,0.054125365,0.00014378945
3060,0.33516753,0.0002761428,0.19952022,0.46503612
3061,0.010091235,0.9888497,0.0009071326,0.00015193154
3062,0.4962338,0.00027444764,0.4911646,0.012327176
3063,0.020503819,0.9523121,0.0021677355,0.025016276
3064,0.47021404,0.02055353,0.3954566,0.113775864
3065,0.31356004,0.00021549223,0.0003322933,0.68589216
3066,0.057699606,0.9409934,0.0004730044,0.00083403924
3067,0.007260179,0.99204236,0.00054873707,0.00014873185
3068,0.2862334,0.00018848902,0.0012750948,0.712303
3069,0.078678355,0.92062336,0.00048411393,0.00021411768
3070,0.23981138,0.00019388975,0.0011429546,0.75885177
3071,0.279036,0.03819548,0.6773411,0.005427417
3072,0.08605009,0.55199057,0.340881,0.02107839
3073,0.24963012,0.00017614021,0.00027161167,0.74992216
3074,0.3393289,0.0036321902,0.6553068,0.0017321354
3075,0.0870269,0.00015937565,0.0002457604,0.9125679
3076,0.059762094,0.93954647,0.00048227762,0.00020918249
3077,0.26767296,0.059199687,0.67170906,0.0014182753
3078,0.056055058,0.7631993,0.18047328,0.0002722853
3079,0.08751856,0.9102804,0.0014011537,0.00079985923
3080,0.29279998,0.0001950171,0.0008143028,0.7061907
3081,0.07618306,0.677577,0.245923,0.0003169097
3082,0.38141614,0.0017732083,0.6153983,0.0014123308
3083,0.29369837,0.00022713309,0.018391704,0.6876828
3084,0.19854447,0.29554203,0.5040364,0.0018770674
3085,0.23722027,0.00017493476,0.049566932,0.71303785
3086,0.38204616,0.00021305357,0.0008395482,0.6169012
3087,0.33455405,0.0007912912,0.66309977,0.0015548806
3088,0.22243093,0.00018595977,0.0030533164,0.7743298
3089,0.118606016,0.8795679,0.0011624992,0.00066362147
3090,0.05076041,0.9433567,0.0056895837,0.0001932569
3091,0.32551333,0.0046142987,0.6672445,0.0026278347
3092,0.05076041,0.9433567,0.0056895837,0.0001932569
3093,0.024517456,0.97371304,0.0005669446,0.0012025654
3094,0.22243093,0.00018595977,0.0030533164,0.7743298
3095,0.4542437,0.00021763027,0.0003355902,0.5452031
3096,0.15370929,0.41400373,0.42888957,0.003397458
3097,0.21202113,0.016792705,0.7700736,0.0011125699
3098,0.45454317,0.00021839864,0.000336775,0.54490167
3099,0.18340757,0.00020835607,0.0009135358,0.8154706
3100,0.057699606,0.9409934,0.0004730044,0.00083403924
3101,0.29279998,0.0001950171,0.0008143028,0.7061907
3102,0.32087034,0.27125627,0.38960943,0.018263943
3103,0.18792376,0.00017663714,0.0036613946,0.8082382
3104,0.4589139,0.00032638357,0.5329301,0.0078296475
3105,0.11987396,0.00013721624,0.08665127,0.7933376
3106,0.34980285,0.00063288974,0.6480114,0.0015529018
3107,0.48680708,0.0003890527,0.47468582,0.038118023
3108,0.26825437,0.053565666,0.6763932,0.0017867316
3109,0.5177437,0.00031768557,0.47496063,0.006977977
3110,0.17537914,0.00016743744,0.0037457314,0.82070774
3111,0.031628847,0.96592414,0.0023055382,0.00014148165
3112,0.2905138,0.0041128653,0.68792325,0.017450051
3113,0.4262736,0.0007118676,0.5709191,0.0020954232
3114,0.03340917,0.9628848,0.0035741916,0.00013182177
3115,0.010091235,0.9888497,0.0009071326,0.00015193154
3116,0.0051166634,0.987071,0.007622105,0.00019029774
3117,0.01498154,0.9301447,0.054730013,0.00014369753
3118,0.11989667,0.8779063,0.0013986174,0.00079841097
3119,0.030279778,0.9655267,0.004044399,0.00014916368
3120,0.051691663,0.94757795,0.0004914856,0.00023886802
3121,0.29279998,0.0001950171,0.0008143028,0.7061907
3122,0.45454317,0.00021839864,0.000336775,0.54490167
3123,0.112217374,0.5256284,0.3541829,0.007971349
3124,0.5902916,0.00018950604,0.00029222207,0.4092267
3125,0.028491799,0.9708926,0.00042682272,0.00018877849
3126,0.062628165,0.9097,0.0028558364,0.024816006
3127,0.15351711,0.0001467239,0.06286624,0.7834699
3128,0.07617203,0.80780566,0.11579047,0.00023181007
3129,0.29007497,0.00023520115,0.00036268483,0.70932716
3130,0.008470421,0.9906307,0.0003045557,0.00059440103
3131,0.2823199,0.0038522985,0.69501793,0.01880982
3132,0.041216794,0.89975804,0.058829397,0.00019576387
3133,0.5835137,0.025290947,0.3382899,0.05290552
3134,0.33078355,0.00051348214,0.62147737,0.047225673
3135,0.455116,0.00042615377,0.39408875,0.15036911
3136,0.121940196,0.42337552,0.4528372,0.0018470812
3137,0.031210126,0.96803904,0.0005267565,0.00022410553
3138,0.05287948,0.77660745,0.17024928,0.00026378979
3139,0.23981138,0.00019388975,0.0011429546,0.75885177
3140,0.29969296,0.023201615,0.67570895,0.0013964875
3141,0.081973806,0.589117,0.32473314,0.0041760863
3142,0.029520418,0.96695286,0.0033394948,0.00018723767
3143,0.037081257,0.8416965,0.121021934,0.00020028462
3144,0.007260179,0.99204236,0.00054873707,0.00014873185
3145,0.3040952,0.0002151658,0.6860252,0.009664459
3146,0.32864654,0.00081578334,0.65425974,0.016277932
3147,0.044088345,0.8144975,0.14118193,0.00023222616
3148,0.5016656,0.00020774035,0.0003203397,0.4978063
3149,0.08946695,0.8955782,0.0010795989,0.013875259
3150,0.15351711,0.0001467239,0.06286624,0.7834699
3151,0.15351711,0.0001467239,0.06286624,0.7834699
3152,0.047852114,0.80285937,0.1490552,0.00023329213
3153,0.078678355,0.92062336,0.00048411393,0.00021411768
3154,0.024517456,0.97371304,0.0005669446,0.0012025654
3155,0.029520418,0.96695286,0.0033394948,0.00018723767
3156,0.0149671845,0.9815692,0.003340473,0.00012320185
3157,0.47412965,0.00022147628,0.00034152082,0.5253074
3158,0.06951359,0.85668194,0.073569156,0.00023531346
3159,0.07617203,0.80780566,0.11579047,0.00023181007
3160,0.26767296,0.059199687,0.67170906,0.0014182753
3161,0.20726982,0.064060725,0.7268649,0.0018045828
3162,0.22341426,0.028554145,0.74692667,0.0011048907
3163,0.060311023,0.00014984868,0.00023106963,0.93930805
3164,0.23351637,0.00018599966,0.0038833132,0.7624143
3165,0.22588211,0.00018894291,0.0007889405,0.77314
3166,0.23039743,0.00019174478,0.0012007381,0.7682101
3167,0.17239262,0.00016458616,0.020710817,0.806732
3168,0.24592781,0.0021349227,0.7502368,0.0017004304
3169,0.33582905,0.0002156212,0.0003324921,0.66362286
3170,0.0072606774,0.99211043,0.00048714466,0.00014175074
3171,0.034089856,0.94132113,0.00077952683,0.023809424
3172,0.05380469,0.94359344,0.0024514848,0.00015043776
3173,0.19854447,0.29554203,0.5040364,0.0018770674
3174,0.23797901,0.0001898249,0.0013129034,0.7605183
3175,0.34089264,0.0003076697,0.6132217,0.04557798
3176,0.01498154,0.9301447,0.054730013,0.00014369753
3177,0.33455405,0.0007912912,0.66309977,0.0015548806
3178,0.0870269,0.00015937565,0.0002457604,0.9125679
3179,0.279036,0.03819548,0.6773411,0.005427417
3180,0.120560504,0.59138125,0.26624256,0.02181567
3181,0.23910806,0.14417711,0.6145426,0.002172201
3182,0.017009733,0.98245114,0.0003684968,0.00017066294
3183,0.04721494,0.9350792,0.017535878,0.00016992644
3184,0.5028013,0.0004862331,0.4763017,0.020410752
3185,0.0050473073,0.97369134,0.021073584,0.00018771827
3186,0.27537856,0.05075046,0.66846293,0.0054080933
3187,0.44105595,0.00042168106,0.25969672,0.29882568
3188,0.01498154,0.9301447,0.054730013,0.00014369753
3189,0.47050506,0.00021978306,0.00033890983,0.5289362
3190,0.2823199,0.0038522985,0.69501793,0.01880982
3191,0.009419153,0.987439,0.003041014,0.000100842786
3192,0.22239979,0.0001983751,0.0009950927,0.7764067
3193,0.2940246,0.022811603,0.66562265,0.017541135
3194,0.09145732,0.9046136,0.0037892463,0.00013975325
3195,0.22798033,0.18413533,0.58594275,0.0019416315
3196,0.15450375,0.00015025226,0.0031144798,0.8422315
3197,0.0051166634,0.987071,0.007622105,0.00019029774
3198,0.4343285,0.00028294508,0.5498025,0.015586075
3199,0.2445596,0.004031306,0.74717355,0.0042354935
3200,0.15450375,0.00015025226,0.0031144798,0.8422315
3201,0.43179908,0.00028611536,0.5466006,0.021314222
3202,0.40257442,0.000235562,0.00036324124,0.5968268
3203,0.081973806,0.589117,0.32473314,0.0041760863
3204,0.009419153,0.987439,0.003041014,0.000100842786
3205,0.18603444,0.00016730517,0.048260372,0.76553786
3206,0.5028013,0.0004862331,0.4763017,0.020410752
3207,0.3393289,0.0036321902,0.6553068,0.0017321354
3208,0.08605009,0.55199057,0.340881,0.02107839
3209,0.21202113,0.016792705,0.7700736,0.0011125699
3210,0.22243093,0.00018595977,0.0030533164,0.7743298
3211,0.3272809,0.00022287466,0.00034367712,0.6721525
3212,0.04260303,0.89850587,0.058736205,0.00015493105
3213,0.03273199,0.9331957,0.03394488,0.00012740646
3214,0.03273199,0.9331957,0.03394488,0.00012740646
3215,0.38204616,0.00021305357,0.0008395482,0.6169012
3216,0.010091235,0.9888497,0.0009071326,0.00015193154
3217,0.24963012,0.00017614021,0.00027161167,0.74992216
3218,0.02125122,0.8929981,0.085578084,0.00017260262
3219,0.058100797,0.93993145,0.0012526455,0.0007150822
3220,0.054026254,0.74933994,0.19637373,0.00026008848
3221,0.4343285,0.00028294508,0.5498025,0.015586075
3222,0.23910806,0.14417711,0.6145426,0.002172201
3223,0.24199678,0.027870888,0.72905385,0.0010784523
3224,0.45998165,0.002670785,0.10809399,0.4292536
3225,0.23043583,0.00019177675,0.0010342225,0.7683382
3226,0.4343285,0.00028294508,0.5498025,0.015586075
3227,0.18340757,0.00020835607,0.0009135358,0.8154706
3228,0.06750655,0.85389584,0.07836304,0.00023454819
3229,0.18603444,0.00016730517,0.048260372,0.76553786
3230,0.062628165,0.9097,0.0028558364,0.024816006
3231,0.4611614,0.00043181446,0.38604033,0.15236649
3232,0.3272809,0.00022287466,0.00034367712,0.6721525
3233,0.43460894,0.0004069517,0.22141737,0.34356678
3234,0.057699606,0.9409934,0.0004730044,0.00083403924
3235,0.120560504,0.59138125,0.26624256,0.02181567
3236,0.30084923,0.00024108042,0.000856096,0.69805354
3237,0.19376455,0.00017425703,0.008713679,0.79734755
3238,0.07667882,0.44627094,0.45732465,0.019725548
3239,0.43179908,0.00028611536,0.5466006,0.021314222
3240,0.11987396,0.00013721624,0.08665127,0.7933376
3241,0.047852114,0.80285937,0.1490552,0.00023329213
3242,0.0072606774,0.99211043,0.00048714466,0.00014175074
3243,0.060311023,0.00014984868,0.00023106963,0.93930805
3244,0.08751856,0.9102804,0.0014011537,0.00079985923
3245,0.030279778,0.9655267,0.004044399,0.00014916368
3246,0.05380469,0.94359344,0.0024514848,0.00015043776
3247,0.05933884,8.2584804e-05,0.0016931838,0.93888545
3248,0.02125122,0.8929981,0.085578084,0.00017260262
3249,0.006696921,0.94132537,0.05182096,0.0001567333
3250,0.30796713,0.00025162828,0.11266483,0.5791164
3251,0.055763554,0.92579854,0.01822558,0.00021230495
3252,0.24592781,0.0021349227,0.7502368,0.0017004304
3253,0.1700121,0.00015269601,0.024595685,0.80523956
3254,0.006696921,0.94132537,0.05182096,0.0001567333
3255,0.22519413,0.00018911083,0.00078964164,0.77382714
3256,0.08946695,0.8955782,0.0010795989,0.013875259
3257,0.23043583,0.00019177675,0.0010342225,0.7683382
3258,0.4962338,0.00027444764,0.4911646,0.012327176
3259,0.24569519,0.00020183962,0.004183798,0.7499192
3260,0.014991123,0.9307397,0.054125365,0.00014378945
3261,0.08762457,0.00015927132,0.0002455995,0.91197056
3262,0.22243093,0.00018595977,0.0030533164,0.7743298
3263,0.11638466,0.8808934,0.0017327749,0.0009891676
3264,0.05941175,0.9392683,0.0004776589,0.0008422465
3265,0.067960046,0.8684559,0.063367635,0.00021649213
3266,0.057699606,0.9409934,0.0004730044,0.00083403924
3267,0.23039743,0.00019174478,0.0012007381,0.7682101
3268,0.069079496,0.87161034,0.05909291,0.00021727849
3269,0.2940246,0.022811603,0.66562265,0.017541135
3270,0.006432408,0.9442521,0.049164917,0.00015054276
3271,0.08946695,0.8955782,0.0010795989,0.013875259
3272,0.03273199,0.9331957,0.03394488,0.00012740646
3273,0.3907932,0.00022834339,0.00035211002,0.60862637
3274,0.0065231915,0.9575787,0.03574538,0.00015266745
3275,0.22588211,0.00018894291,0.0007889405,0.77314
3276,0.060311023,0.00014984868,0.00023106963,0.93930805
3277,0.3393289,0.0036321902,0.6553068,0.0017321354
3278,0.121940196,0.42337552,0.4528372,0.0018470812
3279,0.05537453,0.94232583,0.0014639475,0.0008357055
3280,0.33078355,0.00051348214,0.62147737,0.047225673
3281,0.22798033,0.18413533,0.58594275,0.0019416315
3282,0.33582905,0.0002156212,0.0003324921,0.66362286
3283,0.060243648,0.00014985942,0.00023108619,0.9393754
3284,0.04567019,0.9338171,0.020353997,0.00015867896
3285,0.42868584,0.00039020248,0.51984596,0.051077947
3286,0.18381733,0.00017244734,0.10889956,0.70711064
3287,0.05169105,0.9475668,0.00049147976,0.00025068648
3288,0.43460894,0.0004069517,0.22141737,0.34356678
3289,0.11931036,0.87795794,0.0007270545,0.002004611
3290,0.023179488,0.97558165,0.0010205099,0.00021836792
3291,0.34971184,0.0002245348,0.00034623712,0.6497174
3292,0.08946695,0.8955782,0.0010795989,0.013875259
3293,0.21767208,0.00093229103,0.77831864,0.0030769627
3294,0.45454317,0.00021839864,0.000336775,0.54490167
3295,0.24199678,0.027870888,0.72905385,0.0010784523
3296,0.05941175,0.9392683,0.0004776589,0.0008422465
3297,0.028491799,0.9708926,0.00042682272,0.00018877849
3298,0.4325938,0.00019644552,0.00056701974,0.56664276
3299,0.07107636,0.8879368,0.04081901,0.00016784066
3300,0.24847563,0.056207716,0.69249874,0.0028178627
3301,0.24592781,0.0021349227,0.7502368,0.0017004304
3302,0.3629123,0.00022054618,0.0007065986,0.63616055
3303,0.008470421,0.9906307,0.0003045557,0.00059440103
3304,0.45998165,0.002670785,0.10809399,0.4292536
3305,0.4589139,0.00032638357,0.5329301,0.0078296475
3306,0.060311023,0.00014984868,0.00023106963,0.93930805
3307,0.1757834,0.00018441821,0.000770047,0.8232621
3308,0.37113315,0.028385853,0.59880716,0.0016738597
3309,0.10309902,0.4606935,0.43443543,0.001772022
3310,0.38204616,0.00021305357,0.0008395482,0.6169012
3311,0.017912537,0.9099145,0.07200094,0.00017199494
3312,0.33455405,0.0007912912,0.66309977,0.0015548806
3313,0.34971184,0.0002245348,0.00034623712,0.6497174
3314,0.0051166634,0.987071,0.007622105,0.00019029774
3315,0.05537453,0.94232583,0.0014639475,0.0008357055
3316,0.3396509,0.0003151755,0.6296568,0.030377068
3317,0.43460894,0.0004069517,0.22141737,0.34356678
3318,0.17537914,0.00016743744,0.0037457314,0.82070774
3319,0.29007497,0.00023520115,0.00036268483,0.70932716
3320,0.05287948,0.77660745,0.17024928,0.00026378979
3321,0.030279778,0.9655267,0.004044399,0.00014916368
3322,0.05076041,0.9433567,0.0056895837,0.0001932569
3323,0.3040952,0.0002151658,0.6860252,0.009664459
3324,0.115371615,0.8830371,0.00069723267,0.000893994
3325,0.32434607,0.0037157687,0.6703858,0.0015524094
3326,0.115371615,0.8830371,0.00069723267,0.000893994
3327,0.020503819,0.9523121,0.0021677355,0.025016276
3328,0.3719695,0.02550585,0.6010183,0.0015063299
3329,0.28793624,0.00022061571,0.00034019363,0.7115029
3330,0.0050742375,0.97460675,0.020130241,0.00018871976
3331,0.096998416,0.8993257,0.003056765,0.0006191266
3332,0.05976265,0.93955517,0.0004729602,0.00020918444
3333,0.23910806,0.14417711,0.6145426,0.002172201
3334,0.29007497,0.00023520115,0.00036268483,0.70932716
3335,0.44105595,0.00042168106,0.25969672,0.29882568
3336,0.11722285,0.4361152,0.44484746,0.0018144918
3337,0.4205438,0.00039378164,0.23810501,0.34095743
3338,0.4542437,0.00021763027,0.0003355902,0.5452031
3339,0.033567574,0.96527237,0.0007675837,0.00039244216
3340,0.027055088,0.9709405,0.00063406257,0.0013703709
3341,0.3396509,0.0003151755,0.6296568,0.030377068
3342,0.0149671845,0.9815692,0.003340473,0.00012320185
3343,0.11989667,0.8779063,0.0013986174,0.00079841097
3344,0.27917597,0.045128375,0.651329,0.024366684
3345,0.028491799,0.9708926,0.00042682272,0.00018877849
3346,0.02125122,0.8929981,0.085578084,0.00017260262
3347,0.365159,0.00022217832,0.02179948,0.6128193
3348,0.07107636,0.8879368,0.04081901,0.00016784066
3349,0.5902916,0.00018950604,0.00029222207,0.4092267
3350,0.121940196,0.42337552,0.4528372,0.0018470812
3351,0.4639658,0.00021135568,0.00032591462,0.53549695
3352,0.15351711,0.0001467239,0.06286624,0.7834699
3353,0.24569519,0.00020183962,0.004183798,0.7499192
3354,0.6585637,0.0033907515,0.28151363,0.05653196
3355,0.29369837,0.00022713309,0.018391704,0.6876828
3356,0.16381082,0.38634264,0.44624537,0.0036011958
3357,0.03340917,0.9628848,0.0035741916,0.00013182177
3358,0.05380469,0.94359344,0.0024514848,0.00015043776
3359,0.05941175,0.9392683,0.0004776589,0.0008422465
3360,0.030279778,0.9655267,0.004044399,0.00014916368
3361,0.2884865,0.00022103717,0.00034084384,0.7109516
3362,0.45643336,0.00022562397,0.0003479166,0.54299307
3363,0.33043626,0.0015252025,0.6660287,0.0020098297
3364,0.16221973,0.2768086,0.55758345,0.003388216
3365,0.3396509,0.0003151755,0.6296568,0.030377068
3366,0.4205438,0.00039378164,0.23810501,0.34095743
3367,0.24592781,0.0021349227,0.7502368,0.0017004304
3368,0.4589139,0.00032638357,0.5329301,0.0078296475
3369,0.057699606,0.9409934,0.0004730044,0.00083403924
3370,0.3493774,0.084742345,0.56466174,0.0012185223
3371,0.22341426,0.028554145,0.74692667,0.0011048907
3372,0.4262736,0.0007118676,0.5709191,0.0020954232
3373,0.15450375,0.00015025226,0.0031144798,0.8422315
3374,0.18603444,0.00016730517,0.048260372,0.76553786
3375,0.32864654,0.00081578334,0.65425974,0.016277932
3376,0.069079496,0.87161034,0.05909291,0.00021727849
3377,0.27917597,0.045128375,0.651329,0.024366684
3378,0.27917597,0.045128375,0.651329,0.024366684
3379,0.29007497,0.00023520115,0.00036268483,0.70932716
3380,0.32087034,0.27125627,0.38960943,0.018263943
3381,0.28095943,0.00018501592,0.02377223,0.6950833
3382,0.08605009,0.55199057,0.340881,0.02107839
3383,0.054026254,0.74933994,0.19637373,0.00026008848
3384,0.47412965,0.00022147628,0.00034152082,0.5253074
3385,0.054026254,0.74933994,0.19637373,0.00026008848
3386,0.1700121,0.00015269601,0.024595685,0.80523956
3387,0.38204616,0.00021305357,0.0008395482,0.6169012
3388,0.45998165,0.002670785,0.10809399,0.4292536
3389,0.53684664,0.0004918818,0.19116896,0.2714925
3390,0.38204616,0.00021305357,0.0008395482,0.6169012
3391,0.18787068,0.026136853,0.7733973,0.0125951
3392,0.07617203,0.80780566,0.11579047,0.00023181007
3393,0.029894847,0.8940976,0.0758451,0.00016247909
3394,0.19138235,0.00017211467,0.020900847,0.7875447
3395,0.029520418,0.96695286,0.0033394948,0.00018723767
3396,0.15351711,0.0001467239,0.06286624,0.7834699
3397,0.44105595,0.00042168106,0.25969672,0.29882568
3398,0.112217374,0.5256284,0.3541829,0.007971349
3399,0.23797901,0.0001898249,0.0013129034,0.7605183
3400,0.28095943,0.00018501592,0.02377223,0.6950833
3401,0.18381733,0.00017244734,0.10889956,0.70711064
3402,0.23043583,0.00019177675,0.0010342225,0.7683382
3403,0.47254646,0.00056352164,0.49426475,0.032625206
3404,0.13358413,0.28153983,0.56711376,0.01776227
3405,0.16221973,0.2768086,0.55758345,0.003388216
3406,0.32393888,0.0015411074,0.67297405,0.0015459438
3407,0.07618306,0.677577,0.245923,0.0003169097
3408,0.062628165,0.9097,0.0028558364,0.024816006
3409,0.41193673,0.0001998709,0.016061768,0.5718016
3410,0.05380469,0.94359344,0.0024514848,0.00015043776
3411,0.028956981,0.966127,0.0046620993,0.000253961
3412,0.42868584,0.00039020248,0.51984596,0.051077947
3413,0.056055058,0.7631993,0.18047328,0.0002722853
3414,0.2905138,0.0041128653,0.68792325,0.017450051
3415,0.029412756,0.96720695,0.0032386282,0.00014166954
3416,0.29279998,0.0001950171,0.0008143028,0.7061907
3417,0.044088345,0.8144975,0.14118193,0.00023222616
3418,0.0050742375,0.97460675,0.020130241,0.00018871976
3419,0.21585998,0.00019864034,0.00030630716,0.7836351
3420,0.060311023,0.00014984868,0.00023106963,0.93930805
3421,0.39956847,0.00023495895,0.00036231132,0.59983426
3422,0.060243648,0.00014985942,0.00023108619,0.9393754
3423,0.034089856,0.94132113,0.00077952683,0.023809424
3424,0.31356004,0.00021549223,0.0003322933,0.68589216
3425,0.06951359,0.85668194,0.073569156,0.00023531346
3426,0.14702773,0.43370458,0.41746324,0.0018044623
3427,0.16381082,0.38634264,0.44624537,0.0036011958
3428,0.0051166634,0.987071,0.007622105,0.00019029774
3429,0.2862334,0.00018848902,0.0012750948,0.712303
3430,0.23722027,0.00017493476,0.049566932,0.71303785
3431,0.2905138,0.0041128653,0.68792325,0.017450051
3432,0.33043626,0.0015252025,0.6660287,0.0020098297
3433,0.23039743,0.00019174478,0.0012007381,0.7682101
3434,0.27067047,0.00020773443,0.00032033055,0.7288014
3435,0.15046999,0.84722257,0.0014689455,0.00083855836
3436,0.20617305,0.00017080008,0.07869616,0.71496
3437,0.4639658,0.00021135568,0.00032591462,0.53549695
3438,0.22798033,0.18413533,0.58594275,0.0019416315
3439,0.39956847,0.00023495895,0.00036231132,0.59983426
3440,0.029412756,0.96720695,0.0032386282,0.00014166954
3441,0.20726982,0.064060725,0.7268649,0.0018045828
3442,0.23722027,0.00017493476,0.049566932,0.71303785
3443,0.17239262,0.00016458616,0.020710817,0.806732
3444,0.044088345,0.8144975,0.14118193,0.00023222616
3445,0.11722285,0.4361152,0.44484746,0.0018144918
3446,0.18381733,0.00017244734,0.10889956,0.70711064
3447,0.078678355,0.92062336,0.00048411393,0.00021411768
3448,0.01498154,0.9301447,0.054730013,0.00014369753
3449,0.023183629,0.97575593,0.0008521792,0.00020824383
3450,0.29007497,0.00023520115,0.00036268483,0.70932716
3451,0.34089264,0.0003076697,0.6132217,0.04557798
3452,0.0050473073,0.97369134,0.021073584,0.00018771827
3453,0.11989667,0.8779063,0.0013986174,0.00079841097
3454,0.29007497,0.00023520115,0.00036268483,0.70932716
3455,0.11987396,0.00013721624,0.08665127,0.7933376
3456,0.20726982,0.064060725,0.7268649,0.0018045828
3457,0.034089856,0.94132113,0.00077952683,0.023809424
3458,0.2884865,0.00022103717,0.00034084384,0.7109516
3459,0.05287948,0.77660745,0.17024928,0.00026378979
3460,0.017864002,0.96507436,0.01670829,0.00035337225
3461,0.29969296,0.023201615,0.67570895,0.0013964875
3462,0.4325938,0.00019644552,0.00056701974,0.56664276
3463,0.028491799,0.9708926,0.00042682272,0.00018877849
3464,0.016885865,0.950414,0.032570295,0.00012975723
3465,0.027621659,0.9701905,0.0006387265,0.0015490506
3466,0.23043583,0.00019177675,0.0010342225,0.7683382
3467,0.13358413,0.28153983,0.56711376,0.01776227
3468,0.21767208,0.00093229103,0.77831864,0.0030769627
3469,0.0072606774,0.99211043,0.00048714466,0.00014175074
3470,0.058100797,0.93993145,0.0012526455,0.0007150822
3471,0.081973806,0.589117,0.32473314,0.0041760863
3472,0.029412756,0.96720695,0.0032386282,0.00014166954
3473,0.11722285,0.4361152,0.44484746,0.0018144918
3474,0.20617305,0.00017080008,0.07869616,0.71496
3475,0.05976265,0.93955517,0.0004729602,0.00020918444
3476,0.5028013,0.0004862331,0.4763017,0.020410752
3477,0.0149671845,0.9815692,0.003340473,0.00012320185
3478,0.4611614,0.00043181446,0.38604033,0.15236649
3479,0.058100797,0.93993145,0.0012526455,0.0007150822
3480,0.24569519,0.00020183962,0.004183798,0.7499192
3481,0.3272809,0.00022287466,0.00034367712,0.6721525
3482,0.2884865,0.00022103717,0.00034084384,0.7109516
3483,0.45454317,0.00021839864,0.000336775,0.54490167
3484,0.007260179,0.99204236,0.00054873707,0.00014873185
3485,0.043951347,0.95244694,0.0034104367,0.00019121531
3486,0.016885865,0.950414,0.032570295,0.00012975723
3487,0.07667882,0.44627094,0.45732465,0.019725548
3488,0.15370929,0.41400373,0.42888957,0.003397458
3489,0.05976265,0.93955517,0.0004729602,0.00020918444
3490,0.16240886,0.00014815264,0.20495418,0.6324888
3491,0.24592781,0.0021349227,0.7502368,0.0017004304
3492,0.17537914,0.00016743744,0.0037457314,0.82070774
3493,0.22798033,0.18413533,0.58594275,0.0019416315
3494,0.19138235,0.00017211467,0.020900847,0.7875447
3495,0.10309902,0.4606935,0.43443543,0.001772022
3496,0.027621659,0.9701905,0.0006387265,0.0015490506
3497,0.0072606774,0.99211043,0.00048714466,0.00014175074
3498,0.008410116,0.99084854,0.0004719371,0.00026940886
3499,0.059762094,0.93954647,0.00048227762,0.00020918249
3500,0.33582905,0.0002156212,0.0003324921,0.66362286
3501,0.47050506,0.00021978306,0.00033890983,0.5289362
3502,0.32393888,0.0015411074,0.67297405,0.0015459438
3503,0.09145732,0.9046136,0.0037892463,0.00013975325
3504,0.2522428,0.0051155575,0.73972833,0.0029133004
3505,0.2199419,0.0042609894,0.7741522,0.0016448874
3506,0.21202113,0.016792705,0.7700736,0.0011125699
3507,0.42780378,0.000720479,0.56884515,0.0026306228
3508,0.23310952,0.060888954,0.686838,0.019163603
3509,0.118606016,0.8795679,0.0011624992,0.00066362147
3510,0.4262736,0.0007118676,0.5709191,0.0020954232
3511,0.4688804,0.0026473734,0.48478243,0.043689813
3512,0.023183629,0.97575593,0.0008521792,0.00020824383
3513,0.24199678,0.027870888,0.72905385,0.0010784523
3514,0.14702773,0.43370458,0.41746324,0.0018044623
3515,0.24569519,0.00020183962,0.004183798,0.7499192
3516,0.28095943,0.00018501592,0.02377223,0.6950833
3517,0.07618306,0.677577,0.245923,0.0003169097
3518,0.096998416,0.8993257,0.003056765,0.0006191266
3519,0.3907932,0.00022834339,0.00035211002,0.60862637
3520,0.2905138,0.0041128653,0.68792325,0.017450051
3521,0.42868584,0.00039020248,0.51984596,0.051077947
3522,0.25407556,0.037421245,0.6829535,0.025549779
3523,0.3719695,0.02550585,0.6010183,0.0015063299
3524,0.21202113,0.016792705,0.7700736,0.0011125699
3525,0.034089856,0.94132113,0.00077952683,0.023809424
3526,0.118606016,0.8795679,0.0011624992,0.00066362147
3527,0.060311023,0.00014984868,0.00023106963,0.93930805
3528,0.39956847,0.00023495895,0.00036231132,0.59983426
3529,0.058100797,0.93993145,0.0012526455,0.0007150822
3530,0.24199678,0.027870888,0.72905385,0.0010784523
3531,0.13378689,0.83710784,0.028958894,0.00014642028
3532,0.2522428,0.0051155575,0.73972833,0.0029133004
3533,0.45643336,0.00022562397,0.0003479166,0.54299307
3534,0.10309902,0.4606935,0.43443543,0.001772022
3535,0.04567019,0.9338171,0.020353997,0.00015867896
3536,0.041216794,0.89975804,0.058829397,0.00019576387
3537,0.30136088,0.00024091941,0.00069538906,0.6977028
3538,0.22244589,0.00018597228,0.0029862286,0.7743819
3539,0.060243648,0.00014985942,0.00023108619,0.9393754
3540,0.0051166634,0.987071,0.007622105,0.00019029774
3541,0.21202113,0.016792705,0.7700736,0.0011125699
3542,0.05933884,8.2584804e-05,0.0016931838,0.93888545
3543,0.18603444,0.00016730517,0.048260372,0.76553786
3544,0.23310952,0.060888954,0.686838,0.019163603
3545,0.05537453,0.94232583,0.0014639475,0.0008357055
3546,0.0050742375,0.97460675,0.020130241,0.00018871976
3547,0.279036,0.03819548,0.6773411,0.005427417
3548,0.07617203,0.80780566,0.11579047,0.00023181007
3549,0.05287948,0.77660745,0.17024928,0.00026378979
3550,0.05287948,0.77660745,0.17024928,0.00026378979
3551,0.29007497,0.00023520115,0.00036268483,0.70932716
3552,0.060311023,0.00014984868,0.00023106963,0.93930805
3553,0.4542437,0.00021763027,0.0003355902,0.5452031
3554,0.29194584,0.00023671804,0.0003650239,0.70745236
3555,0.041216794,0.89975804,0.058829397,0.00019576387
3556,0.01498154,0.9301447,0.054730013,0.00014369753
3557,0.47021404,0.02055353,0.3954566,0.113775864
3558,0.22588211,0.00018894291,0.0007889405,0.77314
3559,0.07667882,0.44627094,0.45732465,0.019725548
3560,0.27917597,0.045128375,0.651329,0.024366684
3561,0.0870269,0.00015937565,0.0002457604,0.9125679
3562,0.017912537,0.9099145,0.07200094,0.00017199494
3563,0.34971184,0.0002245348,0.00034623712,0.6497174
3564,0.027169298,0.9455354,0.02640645,0.0008888198
3565,0.008470421,0.9906307,0.0003045557,0.00059440103
3566,0.067960046,0.8684559,0.063367635,0.00021649213
3567,0.20726982,0.064060725,0.7268649,0.0018045828
3568,0.22798033,0.18413533,0.58594275,0.0019416315
3569,0.017009733,0.98245114,0.0003684968,0.00017066294
3570,0.25407556,0.037421245,0.6829535,0.025549779
3571,0.03047444,0.8874165,0.08194495,0.00016411068
3572,0.45998165,0.002670785,0.10809399,0.4292536
3573,0.26825437,0.053565666,0.6763932,0.0017867316
3574,0.32864654,0.00081578334,0.65425974,0.016277932
3575,0.4343285,0.00028294508,0.5498025,0.015586075
3576,0.5835137,0.025290947,0.3382899,0.05290552
3577,0.037081257,0.8416965,0.121021934,0.00020028462
3578,0.006696921,0.94132537,0.05182096,0.0001567333
3579,0.008470421,0.9906307,0.0003045557,0.00059440103
3580,0.279036,0.03819548,0.6773411,0.005427417
3581,0.22244589,0.00018597228,0.0029862286,0.7743819
3582,0.007260179,0.99204236,0.00054873707,0.00014873185
3583,0.11931036,0.87795794,0.0007270545,0.002004611
3584,0.4611614,0.00043181446,0.38604033,0.15236649
3585,0.32434607,0.0037157687,0.6703858,0.0015524094
3586,0.24569519,0.00020183962,0.004183798,0.7499192
3587,0.43460894,0.0004069517,0.22141737,0.34356678
3588,0.47412965,0.00022147628,0.00034152082,0.5253074
3589,0.037081257,0.8416965,0.121021934,0.00020028462
3590,0.029520418,0.96695286,0.0033394948,0.00018723767
3591,0.18787068,0.026136853,0.7733973,0.0125951
3592,0.11931036,0.87795794,0.0007270545,0.002004611
3593,0.11638466,0.8808934,0.0017327749,0.0009891676
3594,0.3719695,0.02550585,0.6010183,0.0015063299
3595,0.3493774,0.084742345,0.56466174,0.0012185223
3596,0.08762457,0.00015927132,0.0002455995,0.91197056
3597,0.3393289,0.0036321902,0.6553068,0.0017321354
3598,0.031628847,0.96592414,0.0023055382,0.00014148165
3599,0.13358413,0.28153983,0.56711376,0.01776227
3600,0.044088345,0.8144975,0.14118193,0.00023222616
3601,0.22244589,0.00018597228,0.0029862286,0.7743819
3602,0.23310952,0.060888954,0.686838,0.019163603
3603,0.365159,0.00022217832,0.02179948,0.6128193
3604,0.05941175,0.9392683,0.0004776589,0.0008422465
3605,0.26767296,0.059199687,0.67170906,0.0014182753
3606,0.33516753,0.0002761428,0.19952022,0.46503612
3607,0.05169105,0.9475668,0.00049147976,0.00025068648
3608,0.45998165,0.002670785,0.10809399,0.4292536
3609,0.455116,0.00042615377,0.39408875,0.15036911
3610,0.28095943,0.00018501592,0.02377223,0.6950833
3611,0.50273514,0.00027464703,0.47833785,0.018652378
3612,0.041216794,0.89975804,0.058829397,0.00019576387
3613,0.07618306,0.677577,0.245923,0.0003169097
3614,0.18603444,0.00016730517,0.048260372,0.76553786
3615,0.17239262,0.00016458616,0.020710817,0.806732
3616,0.2445596,0.004031306,0.74717355,0.0042354935
3617,0.279036,0.03819548,0.6773411,0.005427417
3618,0.23722027,0.00017493476,0.049566932,0.71303785
3619,0.42868584,0.00039020248,0.51984596,0.051077947
3620,0.42868584,0.00039020248,0.51984596,0.051077947
3621,0.2199419,0.0042609894,0.7741522,0.0016448874
3622,0.0050742375,0.97460675,0.020130241,0.00018871976
3623,0.3443086,0.00023079583,0.00035589174,0.6551047
3624,0.50039923,0.00032387837,0.44935614,0.049920734
3625,0.029520418,0.96695286,0.0033394948,0.00018723767
3626,0.054026254,0.74933994,0.19637373,0.00026008848
3627,0.30796713,0.00025162828,0.11266483,0.5791164
3628,0.03340917,0.9628848,0.0035741916,0.00013182177
3629,0.32393888,0.0015411074,0.67297405,0.0015459438
3630,0.05076041,0.9433567,0.0056895837,0.0001932569
3631,0.069079496,0.87161034,0.05909291,0.00021727849
3632,0.17537914,0.00016743744,0.0037457314,0.82070774
3633,0.05380469,0.94359344,0.0024514848,0.00015043776
3634,0.4325938,0.00019644552,0.00056701974,0.56664276
3635,0.047852114,0.80285937,0.1490552,0.00023329213
3636,0.41860628,0.02623261,0.5533839,0.001777192
3637,0.3719695,0.02550585,0.6010183,0.0015063299
3638,0.3443086,0.00023079583,0.00035589174,0.6551047
3639,0.31356004,0.00021549223,0.0003322933,0.68589216
3640,0.05941175,0.9392683,0.0004776589,0.0008422465
3641,0.42868584,0.00039020248,0.51984596,0.051077947
3642,0.29969296,0.023201615,0.67570895,0.0013964875
3643,0.16381082,0.38634264,0.44624537,0.0036011958
3644,0.38204616,0.00021305357,0.0008395482,0.6169012
3645,0.13378689,0.83710784,0.028958894,0.00014642028
3646,0.023183629,0.97575593,0.0008521792,0.00020824383
3647,0.030279778,0.9655267,0.004044399,0.00014916368
3648,0.031628847,0.96592414,0.0023055382,0.00014148165
3649,0.32551333,0.0046142987,0.6672445,0.0026278347
3650,0.05865415,0.9154758,0.025232922,0.0006371154
3651,0.43460894,0.0004069517,0.22141737,0.34356678
3652,0.42868584,0.00039020248,0.51984596,0.051077947
3653,0.23310952,0.060888954,0.686838,0.019163603
3654,0.47311926,0.00030622171,0.5096424,0.016932102
3655,0.37113315,0.028385853,0.59880716,0.0016738597
3656,0.017009733,0.98245114,0.0003684968,0.00017066294
3657,0.32667112,0.012077634,0.24655436,0.41469684
3658,0.42868584,0.00039020248,0.51984596,0.051077947
3659,0.07667882,0.44627094,0.45732465,0.019725548
3660,0.11987396,0.00013721624,0.08665127,0.7933376
3661,0.26767296,0.059199687,0.67170906,0.0014182753
3662,0.34089264,0.0003076697,0.6132217,0.04557798
3663,0.3272809,0.00022287466,0.00034367712,0.6721525
3664,0.3493774,0.084742345,0.56466174,0.0012185223
3665,0.2445596,0.004031306,0.74717355,0.0042354935
3666,0.11989667,0.8779063,0.0013986174,0.00079841097
3667,0.26825437,0.053565666,0.6763932,0.0017867316
3668,0.24199678,0.027870888,0.72905385,0.0010784523
3669,0.2905138,0.0041128653,0.68792325,0.017450051
3670,0.054026254,0.74933994,0.19637373,0.00026008848
3671,0.010091235,0.9888497,0.0009071326,0.00015193154
3672,0.2568298,0.013589605,0.7086298,0.020950787
3673,0.38204616,0.00021305357,0.0008395482,0.6169012
3674,0.18603444,0.00016730517,0.048260372,0.76553786
3675,0.3393289,0.0036321902,0.6553068,0.0017321354
3676,0.0870269,0.00015937565,0.0002457604,0.9125679
3677,0.0065231915,0.9575787,0.03574538,0.00015266745
3678,0.47050506,0.00021978306,0.00033890983,0.5289362
3679,0.023183629,0.97575593,0.0008521792,0.00020824383
3680,0.32087034,0.27125627,0.38960943,0.018263943
3681,0.23351637,0.00018599966,0.0038833132,0.7624143
3682,0.02125122,0.8929981,0.085578084,0.00017260262
3683,0.53684664,0.0004918818,0.19116896,0.2714925
3684,0.0065231915,0.9575787,0.03574538,0.00015266745
3685,0.027055088,0.9709405,0.00063406257,0.0013703709
3686,0.43460894,0.0004069517,0.22141737,0.34356678
3687,0.07667882,0.44627094,0.45732465,0.019725548
3688,0.47050506,0.00021978306,0.00033890983,0.5289362
3689,0.0149671845,0.9815692,0.003340473,0.00012320185
3690,0.081973806,0.589117,0.32473314,0.0041760863
3691,0.023179488,0.97558165,0.0010205099,0.00021836792
3692,0.05287948,0.77660745,0.17024928,0.00026378979
3693,0.2199419,0.0042609894,0.7741522,0.0016448874
3694,0.5368544,0.00021351413,0.00032924302,0.46260288
3695,0.13378689,0.83710784,0.028958894,0.00014642028
3696,0.051686525,0.93992597,0.0023569001,0.006030644
3697,0.40257442,0.000235562,0.00036324124,0.5968268
3698,0.02125122,0.8929981,0.085578084,0.00017260262
3699,0.41860628,0.02623261,0.5533839,0.001777192
3700,0.112217374,0.5256284,0.3541829,0.007971349
3701,0.031628847,0.96592414,0.0023055382,0.00014148165
3702,0.08762457,0.00015927132,0.0002455995,0.91197056
3703,0.04721494,0.9350792,0.017535878,0.00016992644
3704,0.4589139,0.00032638357,0.5329301,0.0078296475
3705,0.29369837,0.00022713309,0.018391704,0.6876828
3706,0.455116,0.00042615377,0.39408875,0.15036911
3707,0.34980285,0.00063288974,0.6480114,0.0015529018
3708,0.4205438,0.00039378164,0.23810501,0.34095743
3709,0.051686525,0.93992597,0.0023569001,0.006030644
3710,0.0072606774,0.99211043,0.00048714466,0.00014175074
3711,0.1757834,0.00018441821,0.000770047,0.8232621
3712,0.2445596,0.004031306,0.74717355,0.0042354935
3713,0.32551333,0.0046142987,0.6672445,0.0026278347
3714,0.010091235,0.9888497,0.0009071326,0.00015193154
3715,0.32087034,0.27125627,0.38960943,0.018263943
3716,0.2445596,0.004031306,0.74717355,0.0042354935
3717,0.017864002,0.96507436,0.01670829,0.00035337225
3718,0.016885865,0.950414,0.032570295,0.00012975723
3719,0.19138235,0.00017211467,0.020900847,0.7875447
3720,0.037081257,0.8416965,0.121021934,0.00020028462
3721,0.32864654,0.00081578334,0.65425974,0.016277932
3722,0.30136088,0.00024091941,0.00069538906,0.6977028
3723,0.365159,0.00022217832,0.02179948,0.6128193
3724,0.029520418,0.96695286,0.0033394948,0.00018723767
3725,0.455116,0.00042615377,0.39408875,0.15036911
3726,0.17239262,0.00016458616,0.020710817,0.806732
3727,0.009419153,0.987439,0.003041014,0.000100842786
3728,0.21585998,0.00019864034,0.00030630716,0.7836351
3729,0.23981138,0.00019388975,0.0011429546,0.75885177
3730,0.030279778,0.9655267,0.004044399,0.00014916368
3731,0.010080366,0.9702097,0.0188882,0.00082167384
3732,0.3040952,0.0002151658,0.6860252,0.009664459
3733,0.15351711,0.0001467239,0.06286624,0.7834699
3734,0.057699606,0.9409934,0.0004730044,0.00083403924
3735,0.0051166634,0.987071,0.007622105,0.00019029774
3736,0.21980733,0.31930962,0.45862916,0.0022538742
3737,0.15046999,0.84722257,0.0014689455,0.00083855836
3738,0.118606016,0.8795679,0.0011624992,0.00066362147
3739,0.3443086,0.00023079583,0.00035589174,0.6551047
3740,0.04260303,0.89850587,0.058736205,0.00015493105
3741,0.3040952,0.0002151658,0.6860252,0.009664459
3742,0.3040952,0.0002151658,0.6860252,0.009664459
3743,0.13358413,0.28153983,0.56711376,0.01776227
3744,0.037081257,0.8416965,0.121021934,0.00020028462
3745,0.031210126,0.96803904,0.0005267565,0.00022410553
3746,0.006696921,0.94132537,0.05182096,0.0001567333
3747,0.33582905,0.0002156212,0.0003324921,0.66362286
3748,0.5368544,0.00021351413,0.00032924302,0.46260288
3749,0.22798033,0.18413533,0.58594275,0.0019416315
3750,0.365159,0.00022217832,0.02179948,0.6128193
3751,0.05941175,0.9392683,0.0004776589,0.0008422465
3752,0.047852114,0.80285937,0.1490552,0.00023329213
3753,0.50039923,0.00032387837,0.44935614,0.049920734
3754,0.33516753,0.0002761428,0.19952022,0.46503612
3755,0.03047444,0.8874165,0.08194495,0.00016411068
3756,0.060311023,0.00014984868,0.00023106963,0.93930805
3757,0.23310952,0.060888954,0.686838,0.019163603
3758,0.53684664,0.0004918818,0.19116896,0.2714925
3759,0.21767208,0.00093229103,0.77831864,0.0030769627
3760,0.27067047,0.00020773443,0.00032033055,0.7288014
3761,0.067960046,0.8684559,0.063367635,0.00021649213
3762,0.23351637,0.00018599966,0.0038833132,0.7624143
3763,0.04721494,0.9350792,0.017535878,0.00016992644
3764,0.044088345,0.8144975,0.14118193,0.00023222616
3765,0.1700121,0.00015269601,0.024595685,0.80523956
3766,0.029894847,0.8940976,0.0758451,0.00016247909
3767,0.4639658,0.00021135568,0.00032591462,0.53549695
3768,0.043951347,0.95244694,0.0034104367,0.00019121531
3769,0.2884865,0.00022103717,0.00034084384,0.7109516
3770,0.32551333,0.0046142987,0.6672445,0.0026278347
3771,0.22239979,0.0001983751,0.0009950927,0.7764067
3772,0.09145732,0.9046136,0.0037892463,0.00013975325
3773,0.04567019,0.9338171,0.020353997,0.00015867896
3774,0.21980733,0.31930962,0.45862916,0.0022538742
3775,0.058100797,0.93993145,0.0012526455,0.0007150822
3776,0.05380469,0.94359344,0.0024514848,0.00015043776
3777,0.18603444,0.00016730517,0.048260372,0.76553786
3778,0.2574039,0.0788383,0.6615656,0.0021922223
3779,0.16221973,0.2768086,0.55758345,0.003388216
3780,0.11989667,0.8779063,0.0013986174,0.00079841097
3781,0.017912537,0.9099145,0.07200094,0.00017199494
3782,0.062628165,0.9097,0.0028558364,0.024816006
3783,0.08946695,0.8955782,0.0010795989,0.013875259
3784,0.051686525,0.93992597,0.0023569001,0.006030644
3785,0.4589139,0.00032638357,0.5329301,0.0078296475
3786,0.10309902,0.4606935,0.43443543,0.001772022
3787,0.4205438,0.00039378164,0.23810501,0.34095743
3788,0.48680708,0.0003890527,0.47468582,0.038118023
3789,0.054026254,0.74933994,0.19637373,0.00026008848
3790,0.11987396,0.00013721624,0.08665127,0.7933376
3791,0.50039923,0.00032387837,0.44935614,0.049920734
3792,0.043951347,0.95244694,0.0034104367,0.00019121531
3793,0.32667112,0.012077634,0.24655436,0.41469684
3794,0.44105595,0.00042168106,0.25969672,0.29882568
3795,0.28140905,0.045252,0.6723195,0.0010195152
3796,0.11931036,0.87795794,0.0007270545,0.002004611
3797,0.08605009,0.55199057,0.340881,0.02107839
3798,0.11722285,0.4361152,0.44484746,0.0018144918
3799,0.26767296,0.059199687,0.67170906,0.0014182753
3800,0.24569519,0.00020183962,0.004183798,0.7499192
3801,0.121940196,0.42337552,0.4528372,0.0018470812
3802,0.006432408,0.9442521,0.049164917,0.00015054276
3803,0.33078355,0.00051348214,0.62147737,0.047225673
3804,0.0870269,0.00015937565,0.0002457604,0.9125679
3805,0.05865415,0.9154758,0.025232922,0.0006371154
3806,0.07618306,0.677577,0.245923,0.0003169097
3807,0.029894847,0.8940976,0.0758451,0.00016247909
3808,0.04567019,0.9338171,0.020353997,0.00015867896
3809,0.3393289,0.0036321902,0.6553068,0.0017321354
3810,0.078678355,0.92062336,0.00048411393,0.00021411768
3811,0.21767208,0.00093229103,0.77831864,0.0030769627
3812,0.22519413,0.00018911083,0.00078964164,0.77382714
3813,0.5016656,0.00020774035,0.0003203397,0.4978063
3814,0.058100797,0.93993145,0.0012526455,0.0007150822
3815,0.42780378,0.000720479,0.56884515,0.0026306228
3816,0.2940246,0.022811603,0.66562265,0.017541135
3817,0.04260303,0.89850587,0.058736205,0.00015493105
3818,0.40257442,0.000235562,0.00036324124,0.5968268
3819,0.2574039,0.0788383,0.6615656,0.0021922223
3820,0.5368544,0.00021351413,0.00032924302,0.46260288
3821,0.11722285,0.4361152,0.44484746,0.0018144918
3822,0.30796713,0.00025162828,0.11266483,0.5791164
3823,0.029412756,0.96720695,0.0032386282,0.00014166954
3824,0.033567574,0.96527237,0.0007675837,0.00039244216
3825,0.029412756,0.96720695,0.0032386282,0.00014166954
3826,0.029412756,0.96720695,0.0032386282,0.00014166954
3827,0.4962338,0.00027444764,0.4911646,0.012327176
3828,0.29007497,0.00023520115,0.00036268483,0.70932716
3829,0.24592781,0.0021349227,0.7502368,0.0017004304
3830,0.028956981,0.966127,0.0046620993,0.000253961
3831,0.006432408,0.9442521,0.049164917,0.00015054276
3832,0.0050473073,0.97369134,0.021073584,0.00018771827
3833,0.28095943,0.00018501592,0.02377223,0.6950833
3834,0.15370929,0.41400373,0.42888957,0.003397458
3835,0.5028013,0.0004862331,0.4763017,0.020410752
3836,0.6585637,0.0033907515,0.28151363,0.05653196
3837,0.30136088,0.00024091941,0.00069538906,0.6977028
3838,0.058100797,0.93993145,0.0012526455,0.0007150822
3839,0.4962338,0.00027444764,0.4911646,0.012327176
3840,0.33582905,0.0002156212,0.0003324921,0.66362286
3841,0.23039743,0.00019174478,0.0012007381,0.7682101
3842,0.34089264,0.0003076697,0.6132217,0.04557798
3843,0.04009601,0.958679,0.0004433161,0.0007816905
3844,0.05941175,0.9392683,0.0004776589,0.0008422465
3845,0.32667112,0.012077634,0.24655436,0.41469684
3846,0.5902916,0.00018950604,0.00029222207,0.4092267
3847,0.029412756,0.96720695,0.0032386282,0.00014166954
3848,0.26825437,0.053565666,0.6763932,0.0017867316
3849,0.031628847,0.96592414,0.0023055382,0.00014148165
3850,0.014991123,0.9307397,0.054125365,0.00014378945
3851,0.05380469,0.94359344,0.0024514848,0.00015043776
3852,0.028956981,0.966127,0.0046620993,0.000253961
3853,0.3396509,0.0003151755,0.6296568,0.030377068
3854,0.2838535,0.002027454,0.7124711,0.0016479439
3855,0.0870269,0.00015937565,0.0002457604,0.9125679
3856,0.27075276,0.037828248,0.6903814,0.0010375981
3857,0.0072606774,0.99211043,0.00048714466,0.00014175074
3858,0.23043583,0.00019177675,0.0010342225,0.7683382
3859,0.45454317,0.00021839864,0.000336775,0.54490167
3860,0.22588211,0.00018894291,0.0007889405,0.77314
3861,0.029894847,0.8940976,0.0758451,0.00016247909
3862,0.044088345,0.8144975,0.14118193,0.00023222616
3863,0.05941175,0.9392683,0.0004776589,0.0008422465
3864,0.027169298,0.9455354,0.02640645,0.0008888198
3865,0.29969296,0.023201615,0.67570895,0.0013964875
3866,0.017009733,0.98245114,0.0003684968,0.00017066294
3867,0.18381733,0.00017244734,0.10889956,0.70711064
3868,0.009419153,0.987439,0.003041014,0.000100842786
3869,0.29279998,0.0001950171,0.0008143028,0.7061907
3870,0.034089856,0.94132113,0.00077952683,0.023809424
3871,0.05287948,0.77660745,0.17024928,0.00026378979
3872,0.2568298,0.013589605,0.7086298,0.020950787
3873,0.3673958,0.00023891842,0.00036841695,0.63199687
3874,0.08256067,0.5933346,0.31989875,0.004205984
3875,0.2574039,0.0788383,0.6615656,0.0021922223
3876,0.0072606774,0.99211043,0.00048714466,0.00014175074
3877,0.007260179,0.99204236,0.00054873707,0.00014873185
3878,0.3443086,0.00023079583,0.00035589174,0.6551047
3879,0.3393289,0.0036321902,0.6553068,0.0017321354
3880,0.29969296,0.023201615,0.67570895,0.0013964875
3881,0.2905138,0.0041128653,0.68792325,0.017450051
3882,0.08946695,0.8955782,0.0010795989,0.013875259
3883,0.2838535,0.002027454,0.7124711,0.0016479439
3884,0.05941175,0.9392683,0.0004776589,0.0008422465
3885,0.23043583,0.00019177675,0.0010342225,0.7683382
3886,0.38141614,0.0017732083,0.6153983,0.0014123308
3887,0.04260303,0.89850587,0.058736205,0.00015493105
3888,0.03273199,0.9331957,0.03394488,0.00012740646
3889,0.118606016,0.8795679,0.0011624992,0.00066362147
3890,0.037081257,0.8416965,0.121021934,0.00020028462
3891,0.027169298,0.9455354,0.02640645,0.0008888198
3892,0.32087034,0.27125627,0.38960943,0.018263943
3893,0.22243093,0.00018595977,0.0030533164,0.7743298
3894,0.30084923,0.00024108042,0.000856096,0.69805354
3895,0.07618306,0.677577,0.245923,0.0003169097
3896,0.13378689,0.83710784,0.028958894,0.00014642028
3897,0.023179488,0.97558165,0.0010205099,0.00021836792
3898,0.017864002,0.96507436,0.01670829,0.00035337225
3899,0.023183629,0.97575593,0.0008521792,0.00020824383
3900,0.23310952,0.060888954,0.686838,0.019163603
3901,0.010091235,0.9888497,0.0009071326,0.00015193154
3902,0.034089856,0.94132113,0.00077952683,0.023809424
3903,0.04567019,0.9338171,0.020353997,0.00015867896
3904,0.08256067,0.5933346,0.31989875,0.004205984
3905,0.060311023,0.00014984868,0.00023106963,0.93930805
3906,0.06951359,0.85668194,0.073569156,0.00023531346
3907,0.23910806,0.14417711,0.6145426,0.002172201
3908,0.3443086,0.00023079583,0.00035589174,0.6551047
3909,0.22244589,0.00018597228,0.0029862286,0.7743819
3910,0.45643336,0.00022562397,0.0003479166,0.54299307
3911,0.2862334,0.00018848902,0.0012750948,0.712303
3912,0.29007497,0.00023520115,0.00036268483,0.70932716
3913,0.40257442,0.000235562,0.00036324124,0.5968268
3914,0.5177437,0.00031768557,0.47496063,0.006977977
3915,0.11931036,0.87795794,0.0007270545,0.002004611
3916,0.0870269,0.00015937565,0.0002457604,0.9125679
3917,0.22244589,0.00018597228,0.0029862286,0.7743819
3918,0.2445596,0.004031306,0.74717355,0.0042354935
3919,0.26825437,0.053565666,0.6763932,0.0017867316
3920,0.2872621,0.00023497555,0.00036233696,0.71214056
3921,0.19138235,0.00017211467,0.020900847,0.7875447
3922,0.34971184,0.0002245348,0.00034623712,0.6497174
3923,0.5835137,0.025290947,0.3382899,0.05290552
3924,0.05976265,0.93955517,0.0004729602,0.00020918444
3925,0.06750655,0.85389584,0.07836304,0.00023454819
3926,0.24847563,0.056207716,0.69249874,0.0028178627
3927,0.365159,0.00022217832,0.02179948,0.6128193
3928,0.24592781,0.0021349227,0.7502368,0.0017004304
3929,0.006696921,0.94132537,0.05182096,0.0001567333
3930,0.058100797,0.93993145,0.0012526455,0.0007150822
3931,0.05380469,0.94359344,0.0024514848,0.00015043776
3932,0.062628165,0.9097,0.0028558364,0.024816006
3933,0.28095943,0.00018501592,0.02377223,0.6950833
3934,0.4343285,0.00028294508,0.5498025,0.015586075
3935,0.03340917,0.9628848,0.0035741916,0.00013182177
3936,0.21980733,0.31930962,0.45862916,0.0022538742
3937,0.010080366,0.9702097,0.0188882,0.00082167384
3938,0.34971184,0.0002245348,0.00034623712,0.6497174
3939,0.2522428,0.0051155575,0.73972833,0.0029133004
3940,0.4611614,0.00043181446,0.38604033,0.15236649
3941,0.013042064,0.9674475,0.019377263,0.00013308659
3942,0.22519413,0.00018911083,0.00078964164,0.77382714
3943,0.08762457,0.00015927132,0.0002455995,0.91197056
3944,0.3396509,0.0003151755,0.6296568,0.030377068
3945,0.1757834,0.00018441821,0.000770047,0.8232621
3946,0.007260179,0.99204236,0.00054873707,0.00014873185
3947,0.2199419,0.0042609894,0.7741522,0.0016448874
3948,0.062628165,0.9097,0.0028558364,0.024816006
3949,0.28095943,0.00018501592,0.02377223,0.6950833
3950,0.006696921,0.94132537,0.05182096,0.0001567333
3951,0.22244589,0.00018597228,0.0029862286,0.7743819
3952,0.047852114,0.80285937,0.1490552,0.00023329213
3953,0.008410116,0.99084854,0.0004719371,0.00026940886
3954,0.3673958,0.00023891842,0.00036841695,0.63199687
3955,0.31356004,0.00021549223,0.0003322933,0.68589216
3956,0.056055058,0.7631993,0.18047328,0.0002722853
3957,0.39956847,0.00023495895,0.00036231132,0.59983426
3958,0.017864002,0.96507436,0.01670829,0.00035337225
3959,0.23981138,0.00019388975,0.0011429546,0.75885177
3960,0.016885865,0.950414,0.032570295,0.00012975723
3961,0.062628165,0.9097,0.0028558364,0.024816006
3962,0.43179908,0.00028611536,0.5466006,0.021314222
3963,0.32667112,0.012077634,0.24655436,0.41469684
3964,0.041216794,0.89975804,0.058829397,0.00019576387
3965,0.4325938,0.00019644552,0.00056701974,0.56664276
3966,0.0072606774,0.99211043,0.00048714466,0.00014175074
3967,0.02125122,0.8929981,0.085578084,0.00017260262
3968,0.017009733,0.98245114,0.0003684968,0.00017066294
3969,0.33516753,0.0002761428,0.19952022,0.46503612
3970,0.11931036,0.87795794,0.0007270545,0.002004611
3971,0.53684664,0.0004918818,0.19116896,0.2714925
3972,0.027055088,0.9709405,0.00063406257,0.0013703709
3973,0.23310952,0.060888954,0.686838,0.019163603
3974,0.4688804,0.0026473734,0.48478243,0.043689813
3975,0.15046999,0.84722257,0.0014689455,0.00083855836
3976,0.055763554,0.92579854,0.01822558,0.00021230495
3977,0.062628165,0.9097,0.0028558364,0.024816006
3978,0.24963012,0.00017614021,0.00027161167,0.74992216
3979,0.05976265,0.93955517,0.0004729602,0.00020918444
3980,0.24592781,0.0021349227,0.7502368,0.0017004304
3981,0.18603444,0.00016730517,0.048260372,0.76553786
3982,0.31356004,0.00021549223,0.0003322933,0.68589216
3983,0.058100797,0.93993145,0.0012526455,0.0007150822
3984,0.055763554,0.92579854,0.01822558,0.00021230495
3985,0.034089856,0.94132113,0.00077952683,0.023809424
3986,0.11722285,0.4361152,0.44484746,0.0018144918
3987,0.2574039,0.0788383,0.6615656,0.0021922223
3988,0.08751856,0.9102804,0.0014011537,0.00079985923
3989,0.38141614,0.0017732083,0.6153983,0.0014123308
3990,0.22519413,0.00018911083,0.00078964164,0.77382714
3991,0.007260179,0.99204236,0.00054873707,0.00014873185
3992,0.081973806,0.589117,0.32473314,0.0041760863
3993,0.43460894,0.0004069517,0.22141737,0.34356678
3994,0.054026254,0.74933994,0.19637373,0.00026008848
3995,0.0870269,0.00015937565,0.0002457604,0.9125679
3996,0.1700121,0.00015269601,0.024595685,0.80523956
3997,0.08946695,0.8955782,0.0010795989,0.013875259
3998,0.024517456,0.97371304,0.0005669446,0.0012025654
3999,0.0072606774,0.99211043,0.00048714466,0.00014175074
4000,0.19854447,0.29554203,0.5040364,0.0018770674
4001,0.017912537,0.9099145,0.07200094,0.00017199494
4002,0.027055088,0.9709405,0.00063406257,0.0013703709
4003,0.05076041,0.9433567,0.0056895837,0.0001932569
4004,0.18603444,0.00016730517,0.048260372,0.76553786
4005,0.05076041,0.9433567,0.0056895837,0.0001932569
4006,0.020503819,0.9523121,0.0021677355,0.025016276
4007,0.059762094,0.93954647,0.00048227762,0.00020918249
4008,0.22243093,0.00018595977,0.0030533164,0.7743298
4009,0.11931036,0.87795794,0.0007270545,0.002004611
4010,0.45643336,0.00022562397,0.0003479166,0.54299307
4011,0.3719695,0.02550585,0.6010183,0.0015063299
4012,0.05287948,0.77660745,0.17024928,0.00026378979
4013,0.41193673,0.0001998709,0.016061768,0.5718016
4014,0.18792376,0.00017663714,0.0036613946,0.8082382
4015,0.060243648,0.00014985942,0.00023108619,0.9393754
4016,0.008470421,0.9906307,0.0003045557,0.00059440103
4017,0.030279778,0.9655267,0.004044399,0.00014916368
4018,0.017009733,0.98245114,0.0003684968,0.00017066294
4019,0.16381082,0.38634264,0.44624537,0.0036011958
4020,0.24199678,0.027870888,0.72905385,0.0010784523
4021,0.23797901,0.0001898249,0.0013129034,0.7605183
4022,0.07667882,0.44627094,0.45732465,0.019725548
4023,0.31356004,0.00021549223,0.0003322933,0.68589216
4024,0.2862334,0.00018848902,0.0012750948,0.712303
4025,0.016885865,0.950414,0.032570295,0.00012975723
4026,0.47050506,0.00021978306,0.00033890983,0.5289362
4027,0.09145732,0.9046136,0.0037892463,0.00013975325
4028,0.42868584,0.00039020248,0.51984596,0.051077947
4029,0.3907932,0.00022834339,0.00035211002,0.60862637
4030,0.16381082,0.38634264,0.44624537,0.0036011958
4031,0.16240886,0.00014815264,0.20495418,0.6324888
4032,0.5177437,0.00031768557,0.47496063,0.006977977
4033,0.030279778,0.9655267,0.004044399,0.00014916368
4034,0.32551333,0.0046142987,0.6672445,0.0026278347
4035,0.34980285,0.00063288974,0.6480114,0.0015529018
4036,0.059762094,0.93954647,0.00048227762,0.00020918249
4037,0.057699606,0.9409934,0.0004730044,0.00083403924
4038,0.5835137,0.025290947,0.3382899,0.05290552
4039,0.006432408,0.9442521,0.049164917,0.00015054276
4040,0.33455405,0.0007912912,0.66309977,0.0015548806
4041,0.059762094,0.93954647,0.00048227762,0.00020918249
4042,0.2862334,0.00018848902,0.0012750948,0.712303
4043,0.40257442,0.000235562,0.00036324124,0.5968268
4044,0.44105595,0.00042168106,0.25969672,0.29882568
4045,0.5177437,0.00031768557,0.47496063,0.006977977
4046,0.3443086,0.00023079583,0.00035589174,0.6551047
4047,0.2823199,0.0038522985,0.69501793,0.01880982
4048,0.45643336,0.00022562397,0.0003479166,0.54299307
4049,0.23310952,0.060888954,0.686838,0.019163603
4050,0.08605009,0.55199057,0.340881,0.02107839
4051,0.067960046,0.8684559,0.063367635,0.00021649213
4052,0.0065231915,0.9575787,0.03574538,0.00015266745
4053,0.055763554,0.92579854,0.01822558,0.00021230495
4054,0.06951359,0.85668194,0.073569156,0.00023531346
4055,0.1700121,0.00015269601,0.024595685,0.80523956
4056,0.008410116,0.99084854,0.0004719371,0.00026940886
4057,0.060311023,0.00014984868,0.00023106963,0.93930805
4058,0.13358413,0.28153983,0.56711376,0.01776227
4059,0.3443086,0.00023079583,0.00035589174,0.6551047
4060,0.43179908,0.00028611536,0.5466006,0.021314222
4061,0.34089264,0.0003076697,0.6132217,0.04557798
4062,0.48680708,0.0003890527,0.47468582,0.038118023
4063,0.2445596,0.004031306,0.74717355,0.0042354935
4064,0.53684664,0.0004918818,0.19116896,0.2714925
4065,0.32087034,0.27125627,0.38960943,0.018263943
4066,0.15450375,0.00015025226,0.0031144798,0.8422315
4067,0.4589139,0.00032638357,0.5329301,0.0078296475
4068,0.08605009,0.55199057,0.340881,0.02107839
4069,0.060311023,0.00014984868,0.00023106963,0.93930805
4070,0.22244589,0.00018597228,0.0029862286,0.7743819
4071,0.45643336,0.00022562397,0.0003479166,0.54299307
4072,0.42780378,0.000720479,0.56884515,0.0026306228
4073,0.027621659,0.9701905,0.0006387265,0.0015490506
4074,0.50039923,0.00032387837,0.44935614,0.049920734
4075,0.3443086,0.00023079583,0.00035589174,0.6551047
4076,0.024517456,0.97371304,0.0005669446,0.0012025654
4077,0.48680708,0.0003890527,0.47468582,0.038118023
4078,0.08946695,0.8955782,0.0010795989,0.013875259
4079,0.34971184,0.0002245348,0.00034623712,0.6497174
4080,0.121940196,0.42337552,0.4528372,0.0018470812
4081,0.05865415,0.9154758,0.025232922,0.0006371154
4082,0.44105595,0.00042168106,0.25969672,0.29882568
4083,0.22243093,0.00018595977,0.0030533164,0.7743298
4084,0.33455405,0.0007912912,0.66309977,0.0015548806
4085,0.096998416,0.8993257,0.003056765,0.0006191266
4086,0.4542437,0.00021763027,0.0003355902,0.5452031
4087,0.30136088,0.00024091941,0.00069538906,0.6977028
4088,0.05865415,0.9154758,0.025232922,0.0006371154
4089,0.3443086,0.00023079583,0.00035589174,0.6551047
4090,0.20726982,0.064060725,0.7268649,0.0018045828
4091,0.50273514,0.00027464703,0.47833785,0.018652378
4092,0.4542437,0.00021763027,0.0003355902,0.5452031
4093,0.034089856,0.94132113,0.00077952683,0.023809424
4094,0.2884865,0.00022103717,0.00034084384,0.7109516
4095,0.32864654,0.00081578334,0.65425974,0.016277932
4096,0.01498154,0.9301447,0.054730013,0.00014369753
4097,0.24592781,0.0021349227,0.7502368,0.0017004304
4098,0.04260303,0.89850587,0.058736205,0.00015493105
4099,0.48680708,0.0003890527,0.47468582,0.038118023
4100,0.044088345,0.8144975,0.14118193,0.00023222616
4101,0.3396509,0.0003151755,0.6296568,0.030377068
4102,0.007260179,0.99204236,0.00054873707,0.00014873185
4103,0.4639658,0.00021135568,0.00032591462,0.53549695
4104,0.081973806,0.589117,0.32473314,0.0041760863
4105,0.1700121,0.00015269601,0.024595685,0.80523956
4106,0.028491799,0.9708926,0.00042682272,0.00018877849
4107,0.3673958,0.00023891842,0.00036841695,0.63199687
4108,0.06750655,0.85389584,0.07836304,0.00023454819
4109,0.18340757,0.00020835607,0.0009135358,0.8154706
4110,0.2823199,0.0038522985,0.69501793,0.01880982
4111,0.05380469,0.94359344,0.0024514848,0.00015043776
4112,0.47050506,0.00021978306,0.00033890983,0.5289362
4113,0.041216794,0.89975804,0.058829397,0.00019576387
4114,0.34980285,0.00063288974,0.6480114,0.0015529018
4115,0.4325938,0.00019644552,0.00056701974,0.56664276
4116,0.30084923,0.00024108042,0.000856096,0.69805354
4117,0.023183629,0.97575593,0.0008521792,0.00020824383
4118,0.081973806,0.589117,0.32473314,0.0041760863
4119,0.078678355,0.92062336,0.00048411393,0.00021411768
4120,0.38141614,0.0017732083,0.6153983,0.0014123308
4121,0.4343285,0.00028294508,0.5498025,0.015586075
4122,0.007260179,0.99204236,0.00054873707,0.00014873185
4123,0.115371615,0.8830371,0.00069723267,0.000893994
4124,0.0149671845,0.9815692,0.003340473,0.00012320185
4125,0.006432408,0.9442521,0.049164917,0.00015054276
4126,0.25407556,0.037421245,0.6829535,0.025549779
4127,0.47412965,0.00022147628,0.00034152082,0.5253074
4128,0.38141614,0.0017732083,0.6153983,0.0014123308
4129,0.1757834,0.00018441821,0.000770047,0.8232621
4130,0.3443086,0.00023079583,0.00035589174,0.6551047
4131,0.027621659,0.9701905,0.0006387265,0.0015490506
4132,0.21585998,0.00019864034,0.00030630716,0.7836351
4133,0.45998165,0.002670785,0.10809399,0.4292536
4134,0.05169105,0.9475668,0.00049147976,0.00025068648
4135,0.47050506,0.00021978306,0.00033890983,0.5289362
4136,0.13378689,0.83710784,0.028958894,0.00014642028
4137,0.41860628,0.02623261,0.5533839,0.001777192
4138,0.39956847,0.00023495895,0.00036231132,0.59983426
4139,0.3907932,0.00022834339,0.00035211002,0.60862637
4140,0.04567019,0.9338171,0.020353997,0.00015867896
4141,0.05380469,0.94359344,0.0024514848,0.00015043776
4142,0.069079496,0.87161034,0.05909291,0.00021727849
4143,0.24569519,0.00020183962,0.004183798,0.7499192
4144,0.07617203,0.80780566,0.11579047,0.00023181007
4145,0.4962338,0.00027444764,0.4911646,0.012327176
4146,0.45643336,0.00022562397,0.0003479166,0.54299307
4147,0.26767296,0.059199687,0.67170906,0.0014182753
4148,0.2862334,0.00018848902,0.0012750948,0.712303
4149,0.33043626,0.0015252025,0.6660287,0.0020098297
4150,0.04721494,0.9350792,0.017535878,0.00016992644
4151,0.23043583,0.00019177675,0.0010342225,0.7683382
4152,0.057699606,0.9409934,0.0004730044,0.00083403924
4153,0.47412965,0.00022147628,0.00034152082,0.5253074
4154,0.33516753,0.0002761428,0.19952022,0.46503612
4155,0.115371615,0.8830371,0.00069723267,0.000893994
4156,0.04260303,0.89850587,0.058736205,0.00015493105
4157,0.03273199,0.9331957,0.03394488,0.00012740646
4158,0.029520418,0.96695286,0.0033394948,0.00018723767
4159,0.051691663,0.94757795,0.0004914856,0.00023886802
4160,0.07618306,0.677577,0.245923,0.0003169097
4161,0.096998416,0.8993257,0.003056765,0.0006191266
4162,0.5028013,0.0004862331,0.4763017,0.020410752
4163,0.062628165,0.9097,0.0028558364,0.024816006
4164,0.5016656,0.00020774035,0.0003203397,0.4978063
4165,0.33455405,0.0007912912,0.66309977,0.0015548806
4166,0.2199419,0.0042609894,0.7741522,0.0016448874
4167,0.27917597,0.045128375,0.651329,0.024366684
4168,0.2940246,0.022811603,0.66562265,0.017541135
4169,0.13378689,0.83710784,0.028958894,0.00014642028
4170,0.43460894,0.0004069517,0.22141737,0.34356678
4171,0.21202113,0.016792705,0.7700736,0.0011125699
4172,0.24569519,0.00020183962,0.004183798,0.7499192
4173,0.50039923,0.00032387837,0.44935614,0.049920734
4174,0.11987396,0.00013721624,0.08665127,0.7933376
4175,0.1700121,0.00015269601,0.024595685,0.80523956
4176,0.2445596,0.004031306,0.74717355,0.0042354935
4177,0.33516753,0.0002761428,0.19952022,0.46503612
4178,0.4343285,0.00028294508,0.5498025,0.015586075
4179,0.23981138,0.00019388975,0.0011429546,0.75885177
4180,0.33455405,0.0007912912,0.66309977,0.0015548806
4181,0.2872621,0.00023497555,0.00036233696,0.71214056
4182,0.32393888,0.0015411074,0.67297405,0.0015459438
4183,0.45454317,0.00021839864,0.000336775,0.54490167
4184,0.05169105,0.9475668,0.00049147976,0.00025068648
4185,0.041216794,0.89975804,0.058829397,0.00019576387
4186,0.05941175,0.9392683,0.0004776589,0.0008422465
4187,0.096998416,0.8993257,0.003056765,0.0006191266
4188,0.0618446,0.9358715,0.0014539203,0.0008299814
4189,0.5177437,0.00031768557,0.47496063,0.006977977
4190,0.4611614,0.00043181446,0.38604033,0.15236649
4191,0.04567019,0.9338171,0.020353997,0.00015867896
4192,0.2199419,0.0042609894,0.7741522,0.0016448874
4193,0.2838535,0.002027454,0.7124711,0.0016479439
4194,0.031210126,0.96803904,0.0005267565,0.00022410553
4195,0.17239262,0.00016458616,0.020710817,0.806732
4196,0.11989667,0.8779063,0.0013986174,0.00079841097
4197,0.047852114,0.80285937,0.1490552,0.00023329213
4198,0.33043626,0.0015252025,0.6660287,0.0020098297
4199,0.067960046,0.8684559,0.063367635,0.00021649213
4200,0.47021404,0.02055353,0.3954566,0.113775864
4201,0.455116,0.00042615377,0.39408875,0.15036911
4202,0.45998165,0.002670785,0.10809399,0.4292536
4203,0.30084923,0.00024108042,0.000856096,0.69805354
4204,0.44105595,0.00042168106,0.25969672,0.29882568
4205,0.057699606,0.9409934,0.0004730044,0.00083403924
4206,0.062628165,0.9097,0.0028558364,0.024816006
4207,0.10309902,0.4606935,0.43443543,0.001772022
4208,0.030502398,0.9152245,0.054098938,0.00017417551
4209,0.23981138,0.00019388975,0.0011429546,0.75885177
4210,0.17239262,0.00016458616,0.020710817,0.806732
4211,0.15370929,0.41400373,0.42888957,0.003397458
4212,0.25407556,0.037421245,0.6829535,0.025549779
4213,0.05380469,0.94359344,0.0024514848,0.00015043776
4214,0.3272809,0.00022287466,0.00034367712,0.6721525
4215,0.30084923,0.00024108042,0.000856096,0.69805354
4216,0.23039743,0.00019174478,0.0012007381,0.7682101
4217,0.3673958,0.00023891842,0.00036841695,0.63199687
4218,0.29369837,0.00022713309,0.018391704,0.6876828
4219,0.10309902,0.4606935,0.43443543,0.001772022
4220,0.1700121,0.00015269601,0.024595685,0.80523956
4221,0.07107636,0.8879368,0.04081901,0.00016784066
4222,0.11931036,0.87795794,0.0007270545,0.002004611
4223,0.24963012,0.00017614021,0.00027161167,0.74992216
4224,0.081973806,0.589117,0.32473314,0.0041760863
4225,0.6585637,0.0033907515,0.28151363,0.05653196
4226,0.42868584,0.00039020248,0.51984596,0.051077947
4227,0.22798033,0.18413533,0.58594275,0.0019416315
4228,0.060243648,0.00014985942,0.00023108619,0.9393754
4229,0.29369837,0.00022713309,0.018391704,0.6876828
4230,0.05169105,0.9475668,0.00049147976,0.00025068648
4231,0.05941175,0.9392683,0.0004776589,0.0008422465
4232,0.22341426,0.028554145,0.74692667,0.0011048907
4233,0.30796713,0.00025162828,0.11266483,0.5791164
4234,0.32087034,0.27125627,0.38960943,0.018263943
4235,0.3443086,0.00023079583,0.00035589174,0.6551047
4236,0.455116,0.00042615377,0.39408875,0.15036911
4237,0.23797901,0.0001898249,0.0013129034,0.7605183
4238,0.30136088,0.00024091941,0.00069538906,0.6977028
4239,0.11931036,0.87795794,0.0007270545,0.002004611
4240,0.27075276,0.037828248,0.6903814,0.0010375981
4241,0.455116,0.00042615377,0.39408875,0.15036911
4242,0.031210126,0.96803904,0.0005267565,0.00022410553
4243,0.24199678,0.027870888,0.72905385,0.0010784523
4244,0.04567019,0.9338171,0.020353997,0.00015867896
4245,0.051691663,0.94757795,0.0004914856,0.00023886802
4246,0.062628165,0.9097,0.0028558364,0.024816006
4247,0.023179488,0.97558165,0.0010205099,0.00021836792
4248,0.41193673,0.0001998709,0.016061768,0.5718016
4249,0.32864654,0.00081578334,0.65425974,0.016277932
4250,0.4962338,0.00027444764,0.4911646,0.012327176
4251,0.2872621,0.00023497555,0.00036233696,0.71214056
4252,0.32434607,0.0037157687,0.6703858,0.0015524094
4253,0.279036,0.03819548,0.6773411,0.005427417
4254,0.28140905,0.045252,0.6723195,0.0010195152
4255,0.47254646,0.00056352164,0.49426475,0.032625206
4256,0.365159,0.00022217832,0.02179948,0.6128193
4257,0.121940196,0.42337552,0.4528372,0.0018470812
4258,0.06750655,0.85389584,0.07836304,0.00023454819
4259,0.34971184,0.0002245348,0.00034623712,0.6497174
4260,0.029412756,0.96720695,0.0032386282,0.00014166954
4261,0.21767208,0.00093229103,0.77831864,0.0030769627
4262,0.04009601,0.958679,0.0004433161,0.0007816905
4263,0.3396509,0.0003151755,0.6296568,0.030377068
4264,0.3393289,0.0036321902,0.6553068,0.0017321354
4265,0.081973806,0.589117,0.32473314,0.0041760863
4266,0.23797901,0.0001898249,0.0013129034,0.7605183
4267,0.34971184,0.0002245348,0.00034623712,0.6497174
4268,0.020503819,0.9523121,0.0021677355,0.025016276
4269,0.055763554,0.92579854,0.01822558,0.00021230495
4270,0.069079496,0.87161034,0.05909291,0.00021727849
4271,0.13358413,0.28153983,0.56711376,0.01776227
4272,0.11638466,0.8808934,0.0017327749,0.0009891676
4273,0.4542437,0.00021763027,0.0003355902,0.5452031
4274,0.4542437,0.00021763027,0.0003355902,0.5452031
4275,0.15351711,0.0001467239,0.06286624,0.7834699
4276,0.096998416,0.8993257,0.003056765,0.0006191266
4277,0.21585998,0.00019864034,0.00030630716,0.7836351
4278,0.05941175,0.9392683,0.0004776589,0.0008422465
4279,0.4639658,0.00021135568,0.00032591462,0.53549695
4280,0.060243648,0.00014985942,0.00023108619,0.9393754
4281,0.25407556,0.037421245,0.6829535,0.025549779
4282,0.22239979,0.0001983751,0.0009950927,0.7764067
4283,0.39956847,0.00023495895,0.00036231132,0.59983426
4284,0.11931036,0.87795794,0.0007270545,0.002004611
4285,0.50039923,0.00032387837,0.44935614,0.049920734
4286,0.18381733,0.00017244734,0.10889956,0.70711064
4287,0.013042064,0.9674475,0.019377263,0.00013308659
4288,0.031210126,0.96803904,0.0005267565,0.00022410553
4289,0.11638466,0.8808934,0.0017327749,0.0009891676
4290,0.07667882,0.44627094,0.45732465,0.019725548
4291,0.3907932,0.00022834339,0.00035211002,0.60862637
4292,0.078678355,0.92062336,0.00048411393,0.00021411768
4293,0.3493774,0.084742345,0.56466174,0.0012185223
4294,0.007260179,0.99204236,0.00054873707,0.00014873185
4295,0.19376455,0.00017425703,0.008713679,0.79734755
4296,0.33078355,0.00051348214,0.62147737,0.047225673
4297,0.006432408,0.9442521,0.049164917,0.00015054276
4298,0.07618306,0.677577,0.245923,0.0003169097
4299,0.030502398,0.9152245,0.054098938,0.00017417551
4300,0.4962338,0.00027444764,0.4911646,0.012327176
4301,0.0149671845,0.9815692,0.003340473,0.00012320185
4302,0.014991123,0.9307397,0.054125365,0.00014378945
4303,0.05287948,0.77660745,0.17024928,0.00026378979
4304,0.08946695,0.8955782,0.0010795989,0.013875259
4305,0.008410116,0.99084854,0.0004719371,0.00026940886
4306,0.26825437,0.053565666,0.6763932,0.0017867316
4307,0.5902916,0.00018950604,0.00029222207,0.4092267
4308,0.028956981,0.966127,0.0046620993,0.000253961
4309,0.4611614,0.00043181446,0.38604033,0.15236649
4310,0.47412965,0.00022147628,0.00034152082,0.5253074
4311,0.05076041,0.9433567,0.0056895837,0.0001932569
4312,0.096998416,0.8993257,0.003056765,0.0006191266
4313,0.023179488,0.97558165,0.0010205099,0.00021836792
4314,0.34971184,0.0002245348,0.00034623712,0.6497174
4315,0.22588211,0.00018894291,0.0007889405,0.77314
4316,0.09145732,0.9046136,0.0037892463,0.00013975325
4317,0.023179488,0.97558165,0.0010205099,0.00021836792
4318,0.2940246,0.022811603,0.66562265,0.017541135
4319,0.25407556,0.037421245,0.6829535,0.025549779
4320,0.06750655,0.85389584,0.07836304,0.00023454819
4321,0.32393888,0.0015411074,0.67297405,0.0015459438
4322,0.0072606774,0.99211043,0.00048714466,0.00014175074
4323,0.45454317,0.00021839864,0.000336775,0.54490167
4324,0.41860628,0.02623261,0.5533839,0.001777192
4325,0.007260179,0.99204236,0.00054873707,0.00014873185
4326,0.11989667,0.8779063,0.0013986174,0.00079841097
4327,0.4343285,0.00028294508,0.5498025,0.015586075
4328,0.0050742375,0.97460675,0.020130241,0.00018871976
4329,0.45998165,0.002670785,0.10809399,0.4292536
4330,0.115371615,0.8830371,0.00069723267,0.000893994
4331,0.22588211,0.00018894291,0.0007889405,0.77314
4332,0.38204616,0.00021305357,0.0008395482,0.6169012
4333,0.23310952,0.060888954,0.686838,0.019163603
4334,0.15370929,0.41400373,0.42888957,0.003397458
4335,0.037081257,0.8416965,0.121021934,0.00020028462
4336,0.05933884,8.2584804e-05,0.0016931838,0.93888545
4337,0.38141614,0.0017732083,0.6153983,0.0014123308
4338,0.081973806,0.589117,0.32473314,0.0041760863
4339,0.3493774,0.084742345,0.56466174,0.0012185223
4340,0.3040952,0.0002151658,0.6860252,0.009664459
4341,0.008410116,0.99084854,0.0004719371,0.00026940886
4342,0.37113315,0.028385853,0.59880716,0.0016738597
4343,0.055763554,0.92579854,0.01822558,0.00021230495
4344,0.34980285,0.00063288974,0.6480114,0.0015529018
4345,0.054026254,0.74933994,0.19637373,0.00026008848
4346,0.010080366,0.9702097,0.0188882,0.00082167384
4347,0.47412965,0.00022147628,0.00034152082,0.5253074
4348,0.060311023,0.00014984868,0.00023106963,0.93930805
4349,0.23797901,0.0001898249,0.0013129034,0.7605183
4350,0.03273199,0.9331957,0.03394488,0.00012740646
4351,0.33582905,0.0002156212,0.0003324921,0.66362286
4352,0.48680708,0.0003890527,0.47468582,0.038118023
4353,0.3040952,0.0002151658,0.6860252,0.009664459
4354,0.279036,0.03819548,0.6773411,0.005427417
4355,0.2574039,0.0788383,0.6615656,0.0021922223
4356,0.007260179,0.99204236,0.00054873707,0.00014873185
4357,0.3907932,0.00022834339,0.00035211002,0.60862637
4358,0.027621659,0.9701905,0.0006387265,0.0015490506
4359,0.0072606774,0.99211043,0.00048714466,0.00014175074
4360,0.04009601,0.958679,0.0004433161,0.0007816905
4361,0.18381733,0.00017244734,0.10889956,0.70711064
4362,0.19376455,0.00017425703,0.008713679,0.79734755
4363,0.023183629,0.97575593,0.0008521792,0.00020824383
4364,0.0870269,0.00015937565,0.0002457604,0.9125679
4365,0.27075276,0.037828248,0.6903814,0.0010375981
4366,0.33043626,0.0015252025,0.6660287,0.0020098297
4367,0.15046999,0.84722257,0.0014689455,0.00083855836
4368,0.23797901,0.0001898249,0.0013129034,0.7605183
4369,0.0072606774,0.99211043,0.00048714466,0.00014175074
4370,0.5016656,0.00020774035,0.0003203397,0.4978063
4371,0.38141614,0.0017732083,0.6153983,0.0014123308
4372,0.01498154,0.9301447,0.054730013,0.00014369753
4373,0.4325938,0.00019644552,0.00056701974,0.56664276
4374,0.11987396,0.00013721624,0.08665127,0.7933376
4375,0.0051166634,0.987071,0.007622105,0.00019029774
4376,0.23310952,0.060888954,0.686838,0.019163603
4377,0.42868584,0.00039020248,0.51984596,0.051077947
4378,0.19854447,0.29554203,0.5040364,0.0018770674
4379,0.28095943,0.00018501592,0.02377223,0.6950833
4380,0.08605009,0.55199057,0.340881,0.02107839
4381,0.013042064,0.9674475,0.019377263,0.00013308659
4382,0.056055058,0.7631993,0.18047328,0.0002722853
4383,0.030502398,0.9152245,0.054098938,0.00017417551
4384,0.1700121,0.00015269601,0.024595685,0.80523956
4385,0.009419153,0.987439,0.003041014,0.000100842786
4386,0.23039743,0.00019174478,0.0012007381,0.7682101
4387,0.4262736,0.0007118676,0.5709191,0.0020954232
4388,0.13358413,0.28153983,0.56711376,0.01776227
4389,0.24847563,0.056207716,0.69249874,0.0028178627
4390,0.029520418,0.96695286,0.0033394948,0.00018723767
4391,0.05380469,0.94359344,0.0024514848,0.00015043776
4392,0.50273514,0.00027464703,0.47833785,0.018652378
4393,0.28793624,0.00022061571,0.00034019363,0.7115029
4394,0.05380469,0.94359344,0.0024514848,0.00015043776
4395,0.027621659,0.9701905,0.0006387265,0.0015490506
4396,0.18787068,0.026136853,0.7733973,0.0125951
4397,0.16240886,0.00014815264,0.20495418,0.6324888
4398,0.41860628,0.02623261,0.5533839,0.001777192
4399,0.3443086,0.00023079583,0.00035589174,0.6551047
4400,0.3272809,0.00022287466,0.00034367712,0.6721525
4401,0.10309902,0.4606935,0.43443543,0.001772022
4402,0.11987396,0.00013721624,0.08665127,0.7933376
4403,0.3396509,0.0003151755,0.6296568,0.030377068
4404,0.010091235,0.9888497,0.0009071326,0.00015193154
4405,0.15046999,0.84722257,0.0014689455,0.00083855836
4406,0.024517456,0.97371304,0.0005669446,0.0012025654
4407,0.4962338,0.00027444764,0.4911646,0.012327176
4408,0.118606016,0.8795679,0.0011624992,0.00066362147
4409,0.10309902,0.4606935,0.43443543,0.001772022
4410,0.16381082,0.38634264,0.44624537,0.0036011958
4411,0.009419153,0.987439,0.003041014,0.000100842786
4412,0.43460894,0.0004069517,0.22141737,0.34356678
4413,0.05865415,0.9154758,0.025232922,0.0006371154
4414,0.031210126,0.96803904,0.0005267565,0.00022410553
4415,0.3272809,0.00022287466,0.00034367712,0.6721525
4416,0.054026254,0.74933994,0.19637373,0.00026008848
4417,0.4688804,0.0026473734,0.48478243,0.043689813
4418,0.15046999,0.84722257,0.0014689455,0.00083855836
4419,0.05380469,0.94359344,0.0024514848,0.00015043776
4420,0.03047444,0.8874165,0.08194495,0.00016411068
4421,0.010091235,0.9888497,0.0009071326,0.00015193154
4422,0.3629123,0.00022054618,0.0007065986,0.63616055
4423,0.0050473073,0.97369134,0.021073584,0.00018771827
4424,0.11722285,0.4361152,0.44484746,0.0018144918
4425,0.4205438,0.00039378164,0.23810501,0.34095743
4426,0.26767296,0.059199687,0.67170906,0.0014182753
4427,0.0072606774,0.99211043,0.00048714466,0.00014175074
4428,0.23910806,0.14417711,0.6145426,0.002172201
4429,0.2905138,0.0041128653,0.68792325,0.017450051
4430,0.008470421,0.9906307,0.0003045557,0.00059440103
4431,0.2574039,0.0788383,0.6615656,0.0021922223
4432,0.1757834,0.00018441821,0.000770047,0.8232621
4433,0.0072606774,0.99211043,0.00048714466,0.00014175074
4434,0.33582905,0.0002156212,0.0003324921,0.66362286
4435,0.45998165,0.002670785,0.10809399,0.4292536
4436,0.21767208,0.00093229103,0.77831864,0.0030769627
4437,0.030502398,0.9152245,0.054098938,0.00017417551
4438,0.024517456,0.97371304,0.0005669446,0.0012025654
4439,0.4589139,0.00032638357,0.5329301,0.0078296475
4440,0.08605009,0.55199057,0.340881,0.02107839
4441,0.47412965,0.00022147628,0.00034152082,0.5253074
4442,0.17239262,0.00016458616,0.020710817,0.806732
4443,0.059762094,0.93954647,0.00048227762,0.00020918249
4444,0.05941175,0.9392683,0.0004776589,0.0008422465
4445,0.051691663,0.94757795,0.0004914856,0.00023886802
4446,0.20726982,0.064060725,0.7268649,0.0018045828
4447,0.47021404,0.02055353,0.3954566,0.113775864
4448,0.2905138,0.0041128653,0.68792325,0.017450051
4449,0.15351711,0.0001467239,0.06286624,0.7834699
4450,0.08946695,0.8955782,0.0010795989,0.013875259
4451,0.33455405,0.0007912912,0.66309977,0.0015548806
4452,0.1757834,0.00018441821,0.000770047,0.8232621
4453,0.3443086,0.00023079583,0.00035589174,0.6551047
4454,0.23981138,0.00019388975,0.0011429546,0.75885177
4455,0.05933884,8.2584804e-05,0.0016931838,0.93888545
4456,0.03273199,0.9331957,0.03394488,0.00012740646
4457,0.030502398,0.9152245,0.054098938,0.00017417551
4458,0.27067047,0.00020773443,0.00032033055,0.7288014
4459,0.07618306,0.677577,0.245923,0.0003169097
4460,0.27917597,0.045128375,0.651329,0.024366684
4461,0.50273514,0.00027464703,0.47833785,0.018652378
4462,0.05976265,0.93955517,0.0004729602,0.00020918444
4463,0.08256067,0.5933346,0.31989875,0.004205984
4464,0.013042064,0.9674475,0.019377263,0.00013308659
4465,0.069079496,0.87161034,0.05909291,0.00021727849
4466,0.23043583,0.00019177675,0.0010342225,0.7683382
4467,0.34089264,0.0003076697,0.6132217,0.04557798
4468,0.18381733,0.00017244734,0.10889956,0.70711064
4469,0.23910806,0.14417711,0.6145426,0.002172201
4470,0.05380469,0.94359344,0.0024514848,0.00015043776
4471,0.21980733,0.31930962,0.45862916,0.0022538742
4472,0.3719695,0.02550585,0.6010183,0.0015063299
4473,0.34980285,0.00063288974,0.6480114,0.0015529018
4474,0.47021404,0.02055353,0.3954566,0.113775864
4475,0.07618306,0.677577,0.245923,0.0003169097
4476,0.27917597,0.045128375,0.651329,0.024366684
4477,0.096998416,0.8993257,0.003056765,0.0006191266
4478,0.33078355,0.00051348214,0.62147737,0.047225673
4479,0.4262736,0.0007118676,0.5709191,0.0020954232
4480,0.5177437,0.00031768557,0.47496063,0.006977977
4481,0.38204616,0.00021305357,0.0008395482,0.6169012
4482,0.04009601,0.958679,0.0004433161,0.0007816905
4483,0.22588211,0.00018894291,0.0007889405,0.77314
4484,0.47021404,0.02055353,0.3954566,0.113775864
4485,0.38141614,0.0017732083,0.6153983,0.0014123308
4486,0.08605009,0.55199057,0.340881,0.02107839
4487,0.365159,0.00022217832,0.02179948,0.6128193
4488,0.2568298,0.013589605,0.7086298,0.020950787
4489,0.29194584,0.00023671804,0.0003650239,0.70745236
4490,0.29279998,0.0001950171,0.0008143028,0.7061907
4491,0.0050473073,0.97369134,0.021073584,0.00018771827
4492,0.4325938,0.00019644552,0.00056701974,0.56664276
4493,0.30136088,0.00024091941,0.00069538906,0.6977028
4494,0.32667112,0.012077634,0.24655436,0.41469684
4495,0.15370929,0.41400373,0.42888957,0.003397458
4496,0.2872621,0.00023497555,0.00036233696,0.71214056
4497,0.16240886,0.00014815264,0.20495418,0.6324888
4498,0.08256067,0.5933346,0.31989875,0.004205984
4499,0.38141614,0.0017732083,0.6153983,0.0014123308
4500,0.0870269,0.00015937565,0.0002457604,0.9125679
4501,0.04721494,0.9350792,0.017535878,0.00016992644
4502,0.27075276,0.037828248,0.6903814,0.0010375981
4503,0.15046999,0.84722257,0.0014689455,0.00083855836
4504,0.5835137,0.025290947,0.3382899,0.05290552
4505,0.08751856,0.9102804,0.0014011537,0.00079985923
4506,0.16221973,0.2768086,0.55758345,0.003388216
4507,0.27917597,0.045128375,0.651329,0.024366684
4508,0.4325938,0.00019644552,0.00056701974,0.56664276
4509,0.047852114,0.80285937,0.1490552,0.00023329213
4510,0.21767208,0.00093229103,0.77831864,0.0030769627
4511,0.21585998,0.00019864034,0.00030630716,0.7836351
4512,0.33043626,0.0015252025,0.6660287,0.0020098297
4513,0.081973806,0.589117,0.32473314,0.0041760863
4514,0.051686525,0.93992597,0.0023569001,0.006030644
4515,0.1700121,0.00015269601,0.024595685,0.80523956
4516,0.051691663,0.94757795,0.0004914856,0.00023886802
4517,0.2838535,0.002027454,0.7124711,0.0016479439
4518,0.2823199,0.0038522985,0.69501793,0.01880982
4519,0.18381733,0.00017244734,0.10889956,0.70711064
4520,0.20617305,0.00017080008,0.07869616,0.71496
4521,0.017864002,0.96507436,0.01670829,0.00035337225
4522,0.118606016,0.8795679,0.0011624992,0.00066362147
4523,0.044088345,0.8144975,0.14118193,0.00023222616
4524,0.17537914,0.00016743744,0.0037457314,0.82070774
4525,0.15046999,0.84722257,0.0014689455,0.00083855836
4526,0.047852114,0.80285937,0.1490552,0.00023329213
4527,0.24199678,0.027870888,0.72905385,0.0010784523
4528,0.08946695,0.8955782,0.0010795989,0.013875259
4529,0.30084923,0.00024108042,0.000856096,0.69805354
4530,0.09145732,0.9046136,0.0037892463,0.00013975325
4531,0.060243648,0.00014985942,0.00023108619,0.9393754
4532,0.2574039,0.0788383,0.6615656,0.0021922223
4533,0.14702773,0.43370458,0.41746324,0.0018044623
4534,0.029894847,0.8940976,0.0758451,0.00016247909
4535,0.007260179,0.99204236,0.00054873707,0.00014873185
4536,0.054026254,0.74933994,0.19637373,0.00026008848
4537,0.18792376,0.00017663714,0.0036613946,0.8082382
4538,0.43179908,0.00028611536,0.5466006,0.021314222
4539,0.17537914,0.00016743744,0.0037457314,0.82070774
4540,0.32667112,0.012077634,0.24655436,0.41469684
4541,0.6585637,0.0033907515,0.28151363,0.05653196
4542,0.05380469,0.94359344,0.0024514848,0.00015043776
4543,0.32667112,0.012077634,0.24655436,0.41469684
4544,0.07107636,0.8879368,0.04081901,0.00016784066
4545,0.23981138,0.00019388975,0.0011429546,0.75885177
4546,0.06951359,0.85668194,0.073569156,0.00023531346
4547,0.47254646,0.00056352164,0.49426475,0.032625206
4548,0.47050506,0.00021978306,0.00033890983,0.5289362
4549,0.0050473073,0.97369134,0.021073584,0.00018771827
4550,0.5835137,0.025290947,0.3382899,0.05290552
4551,0.05380469,0.94359344,0.0024514848,0.00015043776
4552,0.42868584,0.00039020248,0.51984596,0.051077947
4553,0.23310952,0.060888954,0.686838,0.019163603
4554,0.4688804,0.0026473734,0.48478243,0.043689813
4555,0.08256067,0.5933346,0.31989875,0.004205984
4556,0.47412965,0.00022147628,0.00034152082,0.5253074
4557,0.2568298,0.013589605,0.7086298,0.020950787
4558,0.051686525,0.93992597,0.0023569001,0.006030644
4559,0.017864002,0.96507436,0.01670829,0.00035337225
4560,0.08256067,0.5933346,0.31989875,0.004205984
4561,0.38204616,0.00021305357,0.0008395482,0.6169012
4562,0.1700121,0.00015269601,0.024595685,0.80523956
4563,0.3443086,0.00023079583,0.00035589174,0.6551047
4564,0.21585998,0.00019864034,0.00030630716,0.7836351
4565,0.33455405,0.0007912912,0.66309977,0.0015548806
4566,0.33455405,0.0007912912,0.66309977,0.0015548806
4567,0.07107636,0.8879368,0.04081901,0.00016784066
4568,0.24592781,0.0021349227,0.7502368,0.0017004304
4569,0.48680708,0.0003890527,0.47468582,0.038118023
4570,0.22798033,0.18413533,0.58594275,0.0019416315
4571,0.20617305,0.00017080008,0.07869616,0.71496
4572,0.03340917,0.9628848,0.0035741916,0.00013182177
4573,0.04009601,0.958679,0.0004433161,0.0007816905
4574,0.2884865,0.00022103717,0.00034084384,0.7109516
4575,0.2872621,0.00023497555,0.00036233696,0.71214056
4576,0.4262736,0.0007118676,0.5709191,0.0020954232
4577,0.115371615,0.8830371,0.00069723267,0.000893994
4578,0.3272809,0.00022287466,0.00034367712,0.6721525
4579,0.3443086,0.00023079583,0.00035589174,0.6551047
4580,0.32393888,0.0015411074,0.67297405,0.0015459438
4581,0.0065231915,0.9575787,0.03574538,0.00015266745
4582,0.22239979,0.0001983751,0.0009950927,0.7764067
4583,0.041216794,0.89975804,0.058829397,0.00019576387
4584,0.3272809,0.00022287466,0.00034367712,0.6721525
4585,0.18787068,0.026136853,0.7733973,0.0125951
4586,0.37113315,0.028385853,0.59880716,0.0016738597
4587,0.0072606774,0.99211043,0.00048714466,0.00014175074
4588,0.25407556,0.037421245,0.6829535,0.025549779
4589,0.057699606,0.9409934,0.0004730044,0.00083403924
4590,0.069079496,0.87161034,0.05909291,0.00021727849
4591,0.38141614,0.0017732083,0.6153983,0.0014123308
4592,0.24569519,0.00020183962,0.004183798,0.7499192
4593,0.24847563,0.056207716,0.69249874,0.0028178627
4594,0.33078355,0.00051348214,0.62147737,0.047225673
4595,0.21980733,0.31930962,0.45862916,0.0022538742
4596,0.4589139,0.00032638357,0.5329301,0.0078296475
4597,0.3493774,0.084742345,0.56466174,0.0012185223
4598,0.19854447,0.29554203,0.5040364,0.0018770674
4599,0.19854447,0.29554203,0.5040364,0.0018770674
4600,0.32864654,0.00081578334,0.65425974,0.016277932
4601,0.5016656,0.00020774035,0.0003203397,0.4978063
4602,0.32667112,0.012077634,0.24655436,0.41469684
4603,0.03340917,0.9628848,0.0035741916,0.00013182177
4604,0.48680708,0.0003890527,0.47468582,0.038118023
4605,0.047852114,0.80285937,0.1490552,0.00023329213
4606,0.2574039,0.0788383,0.6615656,0.0021922223
4607,0.32864654,0.00081578334,0.65425974,0.016277932
4608,0.04260303,0.89850587,0.058736205,0.00015493105
4609,0.3272809,0.00022287466,0.00034367712,0.6721525
4610,0.6585637,0.0033907515,0.28151363,0.05653196
4611,0.4542437,0.00021763027,0.0003355902,0.5452031
4612,0.11987396,0.00013721624,0.08665127,0.7933376
4613,0.23310952,0.060888954,0.686838,0.019163603
4614,0.023179488,0.97558165,0.0010205099,0.00021836792
4615,0.04567019,0.9338171,0.020353997,0.00015867896
4616,0.0149671845,0.9815692,0.003340473,0.00012320185
4617,0.455116,0.00042615377,0.39408875,0.15036911
4618,0.22588211,0.00018894291,0.0007889405,0.77314
4619,0.06750655,0.85389584,0.07836304,0.00023454819
4620,0.054026254,0.74933994,0.19637373,0.00026008848
4621,0.23797901,0.0001898249,0.0013129034,0.7605183
4622,0.06750655,0.85389584,0.07836304,0.00023454819
4623,0.38141614,0.0017732083,0.6153983,0.0014123308
4624,0.030502398,0.9152245,0.054098938,0.00017417551
4625,0.23910806,0.14417711,0.6145426,0.002172201
4626,0.4688804,0.0026473734,0.48478243,0.043689813
4627,0.45998165,0.002670785,0.10809399,0.4292536
4628,0.055763554,0.92579854,0.01822558,0.00021230495
4629,0.4542437,0.00021763027,0.0003355902,0.5452031
4630,0.4262736,0.0007118676,0.5709191,0.0020954232
4631,0.0870269,0.00015937565,0.0002457604,0.9125679
4632,0.2838535,0.002027454,0.7124711,0.0016479439
4633,0.23797901,0.0001898249,0.0013129034,0.7605183
4634,0.01498154,0.9301447,0.054730013,0.00014369753
4635,0.096998416,0.8993257,0.003056765,0.0006191266
4636,0.26825437,0.053565666,0.6763932,0.0017867316
4637,0.4639658,0.00021135568,0.00032591462,0.53549695
4638,0.4343285,0.00028294508,0.5498025,0.015586075
4639,0.4343285,0.00028294508,0.5498025,0.015586075
4640,0.017912537,0.9099145,0.07200094,0.00017199494
4641,0.014991123,0.9307397,0.054125365,0.00014378945
4642,0.0050473073,0.97369134,0.021073584,0.00018771827
4643,0.027621659,0.9701905,0.0006387265,0.0015490506
4644,0.23797901,0.0001898249,0.0013129034,0.7605183
4645,0.18340757,0.00020835607,0.0009135358,0.8154706
4646,0.28793624,0.00022061571,0.00034019363,0.7115029
4647,0.22244589,0.00018597228,0.0029862286,0.7743819
4648,0.21202113,0.016792705,0.7700736,0.0011125699
4649,0.3493774,0.084742345,0.56466174,0.0012185223
4650,0.3040952,0.0002151658,0.6860252,0.009664459
4651,0.20617305,0.00017080008,0.07869616,0.71496
4652,0.0870269,0.00015937565,0.0002457604,0.9125679
4653,0.024517456,0.97371304,0.0005669446,0.0012025654
4654,0.023179488,0.97558165,0.0010205099,0.00021836792
4655,0.4962338,0.00027444764,0.4911646,0.012327176
4656,0.3040952,0.0002151658,0.6860252,0.009664459
4657,0.16221973,0.2768086,0.55758345,0.003388216
4658,0.41193673,0.0001998709,0.016061768,0.5718016
4659,0.060243648,0.00014985942,0.00023108619,0.9393754
4660,0.037081257,0.8416965,0.121021934,0.00020028462
4661,0.115371615,0.8830371,0.00069723267,0.000893994
4662,0.3443086,0.00023079583,0.00035589174,0.6551047
4663,0.18792376,0.00017663714,0.0036613946,0.8082382
4664,0.23043583,0.00019177675,0.0010342225,0.7683382
4665,0.027055088,0.9709405,0.00063406257,0.0013703709
4666,0.04009601,0.958679,0.0004433161,0.0007816905
4667,0.45998165,0.002670785,0.10809399,0.4292536
4668,0.2823199,0.0038522985,0.69501793,0.01880982
4669,0.13358413,0.28153983,0.56711376,0.01776227
4670,0.04721494,0.9350792,0.017535878,0.00016992644
4671,0.38204616,0.00021305357,0.0008395482,0.6169012
4672,0.030502398,0.9152245,0.054098938,0.00017417551
4673,0.118606016,0.8795679,0.0011624992,0.00066362147
4674,0.32393888,0.0015411074,0.67297405,0.0015459438
4675,0.23310952,0.060888954,0.686838,0.019163603
4676,0.22243093,0.00018595977,0.0030533164,0.7743298
4677,0.13358413,0.28153983,0.56711376,0.01776227
4678,0.031628847,0.96592414,0.0023055382,0.00014148165
4679,0.18787068,0.026136853,0.7733973,0.0125951
4680,0.062628165,0.9097,0.0028558364,0.024816006
4681,0.37113315,0.028385853,0.59880716,0.0016738597
4682,0.17537914,0.00016743744,0.0037457314,0.82070774
4683,0.50273514,0.00027464703,0.47833785,0.018652378
4684,0.07617203,0.80780566,0.11579047,0.00023181007
4685,0.4542437,0.00021763027,0.0003355902,0.5452031
4686,0.01498154,0.9301447,0.054730013,0.00014369753
4687,0.29969296,0.023201615,0.67570895,0.0013964875
4688,0.027169298,0.9455354,0.02640645,0.0008888198
4689,0.3443086,0.00023079583,0.00035589174,0.6551047
4690,0.22588211,0.00018894291,0.0007889405,0.77314
4691,0.3493774,0.084742345,0.56466174,0.0012185223
4692,0.01498154,0.9301447,0.054730013,0.00014369753
4693,0.0072606774,0.99211043,0.00048714466,0.00014175074
4694,0.06750655,0.85389584,0.07836304,0.00023454819
4695,0.33078355,0.00051348214,0.62147737,0.047225673
4696,0.33516753,0.0002761428,0.19952022,0.46503612
4697,0.027169298,0.9455354,0.02640645,0.0008888198
4698,0.5016656,0.00020774035,0.0003203397,0.4978063
4699,0.029520418,0.96695286,0.0033394948,0.00018723767
4700,0.037081257,0.8416965,0.121021934,0.00020028462
4701,0.47412965,0.00022147628,0.00034152082,0.5253074
4702,0.365159,0.00022217832,0.02179948,0.6128193
4703,0.32667112,0.012077634,0.24655436,0.41469684
4704,0.028956981,0.966127,0.0046620993,0.000253961
4705,0.23310952,0.060888954,0.686838,0.019163603
4706,0.20726982,0.064060725,0.7268649,0.0018045828
4707,0.07107636,0.8879368,0.04081901,0.00016784066
4708,0.5028013,0.0004862331,0.4763017,0.020410752
4709,0.3493774,0.084742345,0.56466174,0.0012185223
4710,0.41860628,0.02623261,0.5533839,0.001777192
4711,0.23910806,0.14417711,0.6145426,0.002172201
4712,0.5177437,0.00031768557,0.47496063,0.006977977
4713,0.20726982,0.064060725,0.7268649,0.0018045828
4714,0.38141614,0.0017732083,0.6153983,0.0014123308
4715,0.28793624,0.00022061571,0.00034019363,0.7115029
4716,0.23910806,0.14417711,0.6145426,0.002172201
4717,0.4542437,0.00021763027,0.0003355902,0.5452031
4718,0.4343285,0.00028294508,0.5498025,0.015586075
4719,0.53684664,0.0004918818,0.19116896,0.2714925
4720,0.22244589,0.00018597228,0.0029862286,0.7743819
4721,0.27537856,0.05075046,0.66846293,0.0054080933
4722,0.27917597,0.045128375,0.651329,0.024366684
4723,0.24963012,0.00017614021,0.00027161167,0.74992216
4724,0.18792376,0.00017663714,0.0036613946,0.8082382
4725,0.4262736,0.0007118676,0.5709191,0.0020954232
4726,0.26767296,0.059199687,0.67170906,0.0014182753
4727,0.17537914,0.00016743744,0.0037457314,0.82070774
4728,0.008470421,0.9906307,0.0003045557,0.00059440103
4729,0.19854447,0.29554203,0.5040364,0.0018770674
4730,0.33582905,0.0002156212,0.0003324921,0.66362286
4731,0.3629123,0.00022054618,0.0007065986,0.63616055
4732,0.016885865,0.950414,0.032570295,0.00012975723
4733,0.3719695,0.02550585,0.6010183,0.0015063299
4734,0.3272809,0.00022287466,0.00034367712,0.6721525
4735,0.2522428,0.0051155575,0.73972833,0.0029133004
4736,0.054026254,0.74933994,0.19637373,0.00026008848
4737,0.017864002,0.96507436,0.01670829,0.00035337225
4738,0.30136088,0.00024091941,0.00069538906,0.6977028
4739,0.2199419,0.0042609894,0.7741522,0.0016448874
4740,0.2838535,0.002027454,0.7124711,0.0016479439
4741,0.31356004,0.00021549223,0.0003322933,0.68589216
4742,0.05933884,8.2584804e-05,0.0016931838,0.93888545
4743,0.0618446,0.9358715,0.0014539203,0.0008299814
4744,0.4688804,0.0026473734,0.48478243,0.043689813
4745,0.07107636,0.8879368,0.04081901,0.00016784066
4746,0.058100797,0.93993145,0.0012526455,0.0007150822
4747,0.43460894,0.0004069517,0.22141737,0.34356678
4748,0.32393888,0.0015411074,0.67297405,0.0015459438
4749,0.06750655,0.85389584,0.07836304,0.00023454819
4750,0.006696921,0.94132537,0.05182096,0.0001567333
4751,0.010091235,0.9888497,0.0009071326,0.00015193154
4752,0.08605009,0.55199057,0.340881,0.02107839
4753,0.27075276,0.037828248,0.6903814,0.0010375981
4754,0.16240886,0.00014815264,0.20495418,0.6324888
4755,0.3040952,0.0002151658,0.6860252,0.009664459
4756,0.18340757,0.00020835607,0.0009135358,0.8154706
4757,0.2568298,0.013589605,0.7086298,0.020950787
4758,0.50273514,0.00027464703,0.47833785,0.018652378
4759,0.29007497,0.00023520115,0.00036268483,0.70932716
4760,0.054026254,0.74933994,0.19637373,0.00026008848
4761,0.24963012,0.00017614021,0.00027161167,0.74992216
4762,0.0050473073,0.97369134,0.021073584,0.00018771827
4763,0.27917597,0.045128375,0.651329,0.024366684
4764,0.29369837,0.00022713309,0.018391704,0.6876828
4765,0.014991123,0.9307397,0.054125365,0.00014378945
4766,0.22243093,0.00018595977,0.0030533164,0.7743298
4767,0.024517456,0.97371304,0.0005669446,0.0012025654
4768,0.21585998,0.00019864034,0.00030630716,0.7836351
4769,0.017864002,0.96507436,0.01670829,0.00035337225
4770,0.23043583,0.00019177675,0.0010342225,0.7683382
4771,0.04009601,0.958679,0.0004433161,0.0007816905
4772,0.4262736,0.0007118676,0.5709191,0.0020954232
4773,0.47050506,0.00021978306,0.00033890983,0.5289362
4774,0.17239262,0.00016458616,0.020710817,0.806732
4775,0.45998165,0.002670785,0.10809399,0.4292536
4776,0.4325938,0.00019644552,0.00056701974,0.56664276
4777,0.26767296,0.059199687,0.67170906,0.0014182753
4778,0.23910806,0.14417711,0.6145426,0.002172201
4779,0.05941175,0.9392683,0.0004776589,0.0008422465
4780,0.028956981,0.966127,0.0046620993,0.000253961
4781,0.20726982,0.064060725,0.7268649,0.0018045828
4782,0.50039923,0.00032387837,0.44935614,0.049920734
4783,0.044088345,0.8144975,0.14118193,0.00023222616
4784,0.2862334,0.00018848902,0.0012750948,0.712303
4785,0.096998416,0.8993257,0.003056765,0.0006191266
4786,0.4262736,0.0007118676,0.5709191,0.0020954232
4787,0.121940196,0.42337552,0.4528372,0.0018470812
4788,0.030279778,0.9655267,0.004044399,0.00014916368
4789,0.028956981,0.966127,0.0046620993,0.000253961
4790,0.22519413,0.00018911083,0.00078964164,0.77382714
4791,0.037081257,0.8416965,0.121021934,0.00020028462
4792,0.017912537,0.9099145,0.07200094,0.00017199494
4793,0.23310952,0.060888954,0.686838,0.019163603
4794,0.47311926,0.00030622171,0.5096424,0.016932102
4795,0.4205438,0.00039378164,0.23810501,0.34095743
4796,0.19376455,0.00017425703,0.008713679,0.79734755
4797,0.1700121,0.00015269601,0.024595685,0.80523956
4798,0.058100797,0.93993145,0.0012526455,0.0007150822
4799,0.43179908,0.00028611536,0.5466006,0.021314222
4800,0.05941175,0.9392683,0.0004776589,0.0008422465
4801,0.054026254,0.74933994,0.19637373,0.00026008848
4802,0.15450375,0.00015025226,0.0031144798,0.8422315
4803,0.22798033,0.18413533,0.58594275,0.0019416315
4804,0.20617305,0.00017080008,0.07869616,0.71496
4805,0.008410116,0.99084854,0.0004719371,0.00026940886
4806,0.4343285,0.00028294508,0.5498025,0.015586075
4807,0.037081257,0.8416965,0.121021934,0.00020028462
4808,0.03340917,0.9628848,0.0035741916,0.00013182177
4809,0.05941175,0.9392683,0.0004776589,0.0008422465
4810,0.051686525,0.93992597,0.0023569001,0.006030644
4811,0.38141614,0.0017732083,0.6153983,0.0014123308
4812,0.47050506,0.00021978306,0.00033890983,0.5289362
4813,0.051691663,0.94757795,0.0004914856,0.00023886802
4814,0.18340757,0.00020835607,0.0009135358,0.8154706
4815,0.29969296,0.023201615,0.67570895,0.0013964875
4816,0.05380469,0.94359344,0.0024514848,0.00015043776
4817,0.20726982,0.064060725,0.7268649,0.0018045828
4818,0.1700121,0.00015269601,0.024595685,0.80523956
4819,0.3272809,0.00022287466,0.00034367712,0.6721525
4820,0.029520418,0.96695286,0.0033394948,0.00018723767
4821,0.02125122,0.8929981,0.085578084,0.00017260262
4822,0.2574039,0.0788383,0.6615656,0.0021922223
4823,0.30796713,0.00025162828,0.11266483,0.5791164
4824,0.2445596,0.004031306,0.74717355,0.0042354935
4825,0.07667882,0.44627094,0.45732465,0.019725548
4826,0.34980285,0.00063288974,0.6480114,0.0015529018
4827,0.023183629,0.97575593,0.0008521792,0.00020824383
4828,0.28793624,0.00022061571,0.00034019363,0.7115029
4829,0.5368544,0.00021351413,0.00032924302,0.46260288
4830,0.04009601,0.958679,0.0004433161,0.0007816905
4831,0.02125122,0.8929981,0.085578084,0.00017260262
4832,0.060243648,0.00014985942,0.00023108619,0.9393754
4833,0.15046999,0.84722257,0.0014689455,0.00083855836
4834,0.120560504,0.59138125,0.26624256,0.02181567
4835,0.33582905,0.0002156212,0.0003324921,0.66362286
4836,0.42780378,0.000720479,0.56884515,0.0026306228
4837,0.027621659,0.9701905,0.0006387265,0.0015490506
4838,0.37113315,0.028385853,0.59880716,0.0016738597
4839,0.18603444,0.00016730517,0.048260372,0.76553786
4840,0.40257442,0.000235562,0.00036324124,0.5968268
4841,0.1757834,0.00018441821,0.000770047,0.8232621
4842,0.15351711,0.0001467239,0.06286624,0.7834699
4843,0.08762457,0.00015927132,0.0002455995,0.91197056
4844,0.04260303,0.89850587,0.058736205,0.00015493105
4845,0.07617203,0.80780566,0.11579047,0.00023181007
4846,0.38204616,0.00021305357,0.0008395482,0.6169012
4847,0.21767208,0.00093229103,0.77831864,0.0030769627
4848,0.33043626,0.0015252025,0.6660287,0.0020098297
4849,0.055763554,0.92579854,0.01822558,0.00021230495
4850,0.33078355,0.00051348214,0.62147737,0.047225673
4851,0.29969296,0.023201615,0.67570895,0.0013964875
4852,0.05933884,8.2584804e-05,0.0016931838,0.93888545
4853,0.054026254,0.74933994,0.19637373,0.00026008848
4854,0.32667112,0.012077634,0.24655436,0.41469684
4855,0.21202113,0.016792705,0.7700736,0.0011125699
4856,0.008470421,0.9906307,0.0003045557,0.00059440103
4857,0.21767208,0.00093229103,0.77831864,0.0030769627
4858,0.10309902,0.4606935,0.43443543,0.001772022
4859,0.05941175,0.9392683,0.0004776589,0.0008422465
4860,0.26767296,0.059199687,0.67170906,0.0014182753
4861,0.37113315,0.028385853,0.59880716,0.0016738597
4862,0.31356004,0.00021549223,0.0003322933,0.68589216
4863,0.30084923,0.00024108042,0.000856096,0.69805354
4864,0.115371615,0.8830371,0.00069723267,0.000893994
4865,0.009419153,0.987439,0.003041014,0.000100842786
4866,0.20726982,0.064060725,0.7268649,0.0018045828
4867,0.29007497,0.00023520115,0.00036268483,0.70932716
4868,0.029520418,0.96695286,0.0033394948,0.00018723767
4869,0.32393888,0.0015411074,0.67297405,0.0015459438
4870,0.028956981,0.966127,0.0046620993,0.000253961
4871,0.41193673,0.0001998709,0.016061768,0.5718016
4872,0.062628165,0.9097,0.0028558364,0.024816006
4873,0.059762094,0.93954647,0.00048227762,0.00020918249
4874,0.11989667,0.8779063,0.0013986174,0.00079841097
4875,0.3443086,0.00023079583,0.00035589174,0.6551047
4876,0.08946695,0.8955782,0.0010795989,0.013875259
4877,0.2199419,0.0042609894,0.7741522,0.0016448874
4878,0.18792376,0.00017663714,0.0036613946,0.8082382
4879,0.16221973,0.2768086,0.55758345,0.003388216
4880,0.22798033,0.18413533,0.58594275,0.0019416315
4881,0.2940246,0.022811603,0.66562265,0.017541135
4882,0.32434607,0.0037157687,0.6703858,0.0015524094
4883,0.18340757,0.00020835607,0.0009135358,0.8154706
4884,0.03273199,0.9331957,0.03394488,0.00012740646
4885,0.008410116,0.99084854,0.0004719371,0.00026940886
4886,0.5835137,0.025290947,0.3382899,0.05290552
4887,0.15351711,0.0001467239,0.06286624,0.7834699
4888,0.05865415,0.9154758,0.025232922,0.0006371154
4889,0.39956847,0.00023495895,0.00036231132,0.59983426
4890,0.33078355,0.00051348214,0.62147737,0.047225673
4891,0.4962338,0.00027444764,0.4911646,0.012327176
4892,0.3629123,0.00022054618,0.0007065986,0.63616055
4893,0.2838535,0.002027454,0.7124711,0.0016479439
4894,0.4688804,0.0026473734,0.48478243,0.043689813
4895,0.120560504,0.59138125,0.26624256,0.02181567
4896,0.013042064,0.9674475,0.019377263,0.00013308659
4897,0.32864654,0.00081578334,0.65425974,0.016277932
4898,0.41193673,0.0001998709,0.016061768,0.5718016
4899,0.5835137,0.025290947,0.3382899,0.05290552
4900,0.2905138,0.0041128653,0.68792325,0.017450051
4901,0.029520418,0.96695286,0.0033394948,0.00018723767
4902,0.24847563,0.056207716,0.69249874,0.0028178627
4903,0.112217374,0.5256284,0.3541829,0.007971349
4904,0.056055058,0.7631993,0.18047328,0.0002722853
4905,0.3393289,0.0036321902,0.6553068,0.0017321354
4906,0.030502398,0.9152245,0.054098938,0.00017417551
4907,0.27067047,0.00020773443,0.00032033055,0.7288014
4908,0.04721494,0.9350792,0.017535878,0.00016992644
4909,0.1757834,0.00018441821,0.000770047,0.8232621
4910,0.4639658,0.00021135568,0.00032591462,0.53549695
4911,0.034089856,0.94132113,0.00077952683,0.023809424
4912,0.2445596,0.004031306,0.74717355,0.0042354935
4913,0.19854447,0.29554203,0.5040364,0.0018770674
4914,0.2905138,0.0041128653,0.68792325,0.017450051
4915,0.47021404,0.02055353,0.3954566,0.113775864
4916,0.0870269,0.00015937565,0.0002457604,0.9125679
4917,0.4343285,0.00028294508,0.5498025,0.015586075
4918,0.05933884,8.2584804e-05,0.0016931838,0.93888545
4919,0.1757834,0.00018441821,0.000770047,0.8232621
4920,0.013042064,0.9674475,0.019377263,0.00013308659
4921,0.08762457,0.00015927132,0.0002455995,0.91197056
4922,0.05380469,0.94359344,0.0024514848,0.00015043776
4923,0.0618446,0.9358715,0.0014539203,0.0008299814
4924,0.15370929,0.41400373,0.42888957,0.003397458
4925,0.028491799,0.9708926,0.00042682272,0.00018877849
4926,0.3629123,0.00022054618,0.0007065986,0.63616055
4927,0.060311023,0.00014984868,0.00023106963,0.93930805
4928,0.5177437,0.00031768557,0.47496063,0.006977977
4929,0.25407556,0.037421245,0.6829535,0.025549779
4930,0.16381082,0.38634264,0.44624537,0.0036011958
4931,0.017009733,0.98245114,0.0003684968,0.00017066294
4932,0.05941175,0.9392683,0.0004776589,0.0008422465
4933,0.10309902,0.4606935,0.43443543,0.001772022
4934,0.33078355,0.00051348214,0.62147737,0.047225673
4935,0.030279778,0.9655267,0.004044399,0.00014916368
4936,0.062628165,0.9097,0.0028558364,0.024816006
4937,0.24569519,0.00020183962,0.004183798,0.7499192
4938,0.05537453,0.94232583,0.0014639475,0.0008357055
4939,0.18340757,0.00020835607,0.0009135358,0.8154706
4940,0.04721494,0.9350792,0.017535878,0.00016992644
4941,0.112217374,0.5256284,0.3541829,0.007971349
4942,0.05537453,0.94232583,0.0014639475,0.0008357055
4943,0.031628847,0.96592414,0.0023055382,0.00014148165
4944,0.2199419,0.0042609894,0.7741522,0.0016448874
4945,0.05287948,0.77660745,0.17024928,0.00026378979
4946,0.3443086,0.00023079583,0.00035589174,0.6551047
4947,0.4688804,0.0026473734,0.48478243,0.043689813
4948,0.24963012,0.00017614021,0.00027161167,0.74992216
4949,0.21767208,0.00093229103,0.77831864,0.0030769627
4950,0.069079496,0.87161034,0.05909291,0.00021727849
4951,0.023183629,0.97575593,0.0008521792,0.00020824383
4952,0.18603444,0.00016730517,0.048260372,0.76553786
4953,0.02125122,0.8929981,0.085578084,0.00017260262
4954,0.34980285,0.00063288974,0.6480114,0.0015529018
4955,0.007260179,0.99204236,0.00054873707,0.00014873185
4956,0.23722027,0.00017493476,0.049566932,0.71303785
4957,0.04567019,0.9338171,0.020353997,0.00015867896
4958,0.34089264,0.0003076697,0.6132217,0.04557798
4959,0.4542437,0.00021763027,0.0003355902,0.5452031
4960,0.15370929,0.41400373,0.42888957,0.003397458
4961,0.22243093,0.00018595977,0.0030533164,0.7743298
4962,0.32393888,0.0015411074,0.67297405,0.0015459438
4963,0.34980285,0.00063288974,0.6480114,0.0015529018
4964,0.029412756,0.96720695,0.0032386282,0.00014166954
4965,0.47254646,0.00056352164,0.49426475,0.032625206
4966,0.32087034,0.27125627,0.38960943,0.018263943
4967,0.41860628,0.02623261,0.5533839,0.001777192
4968,0.3272809,0.00022287466,0.00034367712,0.6721525
4969,0.43179908,0.00028611536,0.5466006,0.021314222
4970,0.32434607,0.0037157687,0.6703858,0.0015524094
4971,0.4205438,0.00039378164,0.23810501,0.34095743
4972,0.09145732,0.9046136,0.0037892463,0.00013975325
4973,0.40257442,0.000235562,0.00036324124,0.5968268
4974,0.05933884,8.2584804e-05,0.0016931838,0.93888545
4975,0.118606016,0.8795679,0.0011624992,0.00066362147
4976,0.22341426,0.028554145,0.74692667,0.0011048907
4977,0.27067047,0.00020773443,0.00032033055,0.7288014
4978,0.2199419,0.0042609894,0.7741522,0.0016448874
4979,0.27075276,0.037828248,0.6903814,0.0010375981
4980,0.007260179,0.99204236,0.00054873707,0.00014873185
4981,0.29279998,0.0001950171,0.0008143028,0.7061907
4982,0.44105595,0.00042168106,0.25969672,0.29882568
4983,0.3272809,0.00022287466,0.00034367712,0.6721525
4984,0.04721494,0.9350792,0.017535878,0.00016992644
4985,0.13378689,0.83710784,0.028958894,0.00014642028
4986,0.4325938,0.00019644552,0.00056701974,0.56664276
4987,0.027169298,0.9455354,0.02640645,0.0008888198
4988,0.23722027,0.00017493476,0.049566932,0.71303785
4989,0.47021404,0.02055353,0.3954566,0.113775864
4990,0.0051166634,0.987071,0.007622105,0.00019029774
4991,0.07667882,0.44627094,0.45732465,0.019725548
4992,0.11931036,0.87795794,0.0007270545,0.002004611
4993,0.40257442,0.000235562,0.00036324124,0.5968268
4994,0.09145732,0.9046136,0.0037892463,0.00013975325
4995,0.037081257,0.8416965,0.121021934,0.00020028462
4996,0.47311926,0.00030622171,0.5096424,0.016932102
4997,0.05941175,0.9392683,0.0004776589,0.0008422465
4998,0.5902916,0.00018950604,0.00029222207,0.4092267
4999,0.17537914,0.00016743744,0.0037457314,0.82070774
5000,0.20726982,0.064060725,0.7268649,0.0018045828
5001,0.060311023,0.00014984868,0.00023106963,0.93930805
5002,0.2940246,0.022811603,0.66562265,0.017541135
5003,0.50273514,0.00027464703,0.47833785,0.018652378
5004,0.078678355,0.92062336,0.00048411393,0.00021411768
5005,0.029894847,0.8940976,0.0758451,0.00016247909
5006,0.016885865,0.950414,0.032570295,0.00012975723
5007,0.5016656,0.00020774035,0.0003203397,0.4978063
5008,0.02125122,0.8929981,0.085578084,0.00017260262
5009,0.0618446,0.9358715,0.0014539203,0.0008299814
5010,0.017009733,0.98245114,0.0003684968,0.00017066294
5011,0.5835137,0.025290947,0.3382899,0.05290552
5012,0.38141614,0.0017732083,0.6153983,0.0014123308
5013,0.22341426,0.028554145,0.74692667,0.0011048907
5014,0.05976265,0.93955517,0.0004729602,0.00020918444
5015,0.33582905,0.0002156212,0.0003324921,0.66362286
5016,0.29007497,0.00023520115,0.00036268483,0.70932716
5017,0.2862334,0.00018848902,0.0012750948,0.712303
5018,0.096998416,0.8993257,0.003056765,0.0006191266
5019,0.051686525,0.93992597,0.0023569001,0.006030644
5020,0.11987396,0.00013721624,0.08665127,0.7933376
5021,0.29279998,0.0001950171,0.0008143028,0.7061907
5022,0.028956981,0.966127,0.0046620993,0.000253961
5023,0.0618446,0.9358715,0.0014539203,0.0008299814
5024,0.029894847,0.8940976,0.0758451,0.00016247909
5025,0.0149671845,0.9815692,0.003340473,0.00012320185
5026,0.05076041,0.9433567,0.0056895837,0.0001932569
5027,0.47311926,0.00030622171,0.5096424,0.016932102
5028,0.24847563,0.056207716,0.69249874,0.0028178627
5029,0.07107636,0.8879368,0.04081901,0.00016784066
5030,0.3629123,0.00022054618,0.0007065986,0.63616055
5031,0.6585637,0.0033907515,0.28151363,0.05653196
5032,0.3719695,0.02550585,0.6010183,0.0015063299
5033,0.30796713,0.00025162828,0.11266483,0.5791164
5034,0.34089264,0.0003076697,0.6132217,0.04557798
5035,0.23910806,0.14417711,0.6145426,0.002172201
5036,0.043951347,0.95244694,0.0034104367,0.00019121531
5037,0.38141614,0.0017732083,0.6153983,0.0014123308
5038,0.023183629,0.97575593,0.0008521792,0.00020824383
5039,0.40257442,0.000235562,0.00036324124,0.5968268
5040,0.47311926,0.00030622171,0.5096424,0.016932102
5041,0.09145732,0.9046136,0.0037892463,0.00013975325
5042,0.27917597,0.045128375,0.651329,0.024366684
5043,0.18787068,0.026136853,0.7733973,0.0125951
5044,0.034089856,0.94132113,0.00077952683,0.023809424
5045,0.047852114,0.80285937,0.1490552,0.00023329213
5046,0.0065231915,0.9575787,0.03574538,0.00015266745
5047,0.33078355,0.00051348214,0.62147737,0.047225673
5048,0.06951359,0.85668194,0.073569156,0.00023531346
5049,0.13378689,0.83710784,0.028958894,0.00014642028
5050,0.15351711,0.0001467239,0.06286624,0.7834699
5051,0.33516753,0.0002761428,0.19952022,0.46503612
5052,0.0072606774,0.99211043,0.00048714466,0.00014175074
5053,0.058100797,0.93993145,0.0012526455,0.0007150822
5054,0.45998165,0.002670785,0.10809399,0.4292536
5055,0.07617203,0.80780566,0.11579047,0.00023181007
5056,0.028956981,0.966127,0.0046620993,0.000253961
5057,0.25407556,0.037421245,0.6829535,0.025549779
5058,0.32551333,0.0046142987,0.6672445,0.0026278347
5059,0.014991123,0.9307397,0.054125365,0.00014378945
5060,0.26825437,0.053565666,0.6763932,0.0017867316
5061,0.058100797,0.93993145,0.0012526455,0.0007150822
5062,0.2862334,0.00018848902,0.0012750948,0.712303
5063,0.33043626,0.0015252025,0.6660287,0.0020098297
5064,0.47412965,0.00022147628,0.00034152082,0.5253074
5065,0.023183629,0.97575593,0.0008521792,0.00020824383
5066,0.08762457,0.00015927132,0.0002455995,0.91197056
5067,0.010091235,0.9888497,0.0009071326,0.00015193154
5068,0.365159,0.00022217832,0.02179948,0.6128193
5069,0.18787068,0.026136853,0.7733973,0.0125951
5070,0.010091235,0.9888497,0.0009071326,0.00015193154
5071,0.53684664,0.0004918818,0.19116896,0.2714925
5072,0.029412756,0.96720695,0.0032386282,0.00014166954
5073,0.37113315,0.028385853,0.59880716,0.0016738597
5074,0.32551333,0.0046142987,0.6672445,0.0026278347
5075,0.029412756,0.96720695,0.0032386282,0.00014166954
5076,0.07107636,0.8879368,0.04081901,0.00016784066
5077,0.4542437,0.00021763027,0.0003355902,0.5452031
5078,0.34980285,0.00063288974,0.6480114,0.0015529018
5079,0.067960046,0.8684559,0.063367635,0.00021649213
5080,0.3493774,0.084742345,0.56466174,0.0012185223
5081,0.01498154,0.9301447,0.054730013,0.00014369753
5082,0.22588211,0.00018894291,0.0007889405,0.77314
5083,0.4639658,0.00021135568,0.00032591462,0.53549695
5084,0.0065231915,0.9575787,0.03574538,0.00015266745
5085,0.29969296,0.023201615,0.67570895,0.0013964875
5086,0.05287948,0.77660745,0.17024928,0.00026378979
5087,0.2884865,0.00022103717,0.00034084384,0.7109516
5088,0.33078355,0.00051348214,0.62147737,0.047225673
5089,0.38141614,0.0017732083,0.6153983,0.0014123308
5090,0.29369837,0.00022713309,0.018391704,0.6876828
5091,0.016885865,0.950414,0.032570295,0.00012975723
5092,0.056055058,0.7631993,0.18047328,0.0002722853
5093,0.3443086,0.00023079583,0.00035589174,0.6551047
5094,0.50039923,0.00032387837,0.44935614,0.049920734
5095,0.3272809,0.00022287466,0.00034367712,0.6721525
5096,0.029894847,0.8940976,0.0758451,0.00016247909
5097,0.32551333,0.0046142987,0.6672445,0.0026278347
5098,0.027621659,0.9701905,0.0006387265,0.0015490506
5099,0.47412965,0.00022147628,0.00034152082,0.5253074
5100,0.18603444,0.00016730517,0.048260372,0.76553786
5101,0.030279778,0.9655267,0.004044399,0.00014916368
5102,0.15351711,0.0001467239,0.06286624,0.7834699
5103,0.33455405,0.0007912912,0.66309977,0.0015548806
5104,0.34980285,0.00063288974,0.6480114,0.0015529018
5105,0.47311926,0.00030622171,0.5096424,0.016932102
5106,0.118606016,0.8795679,0.0011624992,0.00066362147
5107,0.008470421,0.9906307,0.0003045557,0.00059440103
5108,0.27067047,0.00020773443,0.00032033055,0.7288014
5109,0.02125122,0.8929981,0.085578084,0.00017260262
5110,0.16240886,0.00014815264,0.20495418,0.6324888
5111,0.4688804,0.0026473734,0.48478243,0.043689813
5112,0.20617305,0.00017080008,0.07869616,0.71496
5113,0.2568298,0.013589605,0.7086298,0.020950787
5114,0.023183629,0.97575593,0.0008521792,0.00020824383
5115,0.056055058,0.7631993,0.18047328,0.0002722853
5116,0.14702773,0.43370458,0.41746324,0.0018044623
5117,0.3393289,0.0036321902,0.6553068,0.0017321354
5118,0.26767296,0.059199687,0.67170906,0.0014182753
5119,0.3272809,0.00022287466,0.00034367712,0.6721525
5120,0.19138235,0.00017211467,0.020900847,0.7875447
5121,0.2884865,0.00022103717,0.00034084384,0.7109516
5122,0.05287948,0.77660745,0.17024928,0.00026378979
5123,0.06951359,0.85668194,0.073569156,0.00023531346
5124,0.43179908,0.00028611536,0.5466006,0.021314222
5125,0.057699606,0.9409934,0.0004730044,0.00083403924
5126,0.4639658,0.00021135568,0.00032591462,0.53549695
5127,0.028491799,0.9708926,0.00042682272,0.00018877849
5128,0.2905138,0.0041128653,0.68792325,0.017450051
5129,0.027621659,0.9701905,0.0006387265,0.0015490506
5130,0.11722285,0.4361152,0.44484746,0.0018144918
5131,0.041216794,0.89975804,0.058829397,0.00019576387
5132,0.05076041,0.9433567,0.0056895837,0.0001932569
5133,0.051691663,0.94757795,0.0004914856,0.00023886802
5134,0.3673958,0.00023891842,0.00036841695,0.63199687
5135,0.023179488,0.97558165,0.0010205099,0.00021836792
5136,0.50273514,0.00027464703,0.47833785,0.018652378
5137,0.07618306,0.677577,0.245923,0.0003169097
5138,0.023183629,0.97575593,0.0008521792,0.00020824383
5139,0.41193673,0.0001998709,0.016061768,0.5718016
5140,0.365159,0.00022217832,0.02179948,0.6128193
5141,0.05865415,0.9154758,0.025232922,0.0006371154
5142,0.0149671845,0.9815692,0.003340473,0.00012320185
5143,0.22244589,0.00018597228,0.0029862286,0.7743819
5144,0.069079496,0.87161034,0.05909291,0.00021727849
5145,0.044088345,0.8144975,0.14118193,0.00023222616
5146,0.0065231915,0.9575787,0.03574538,0.00015266745
5147,0.5368544,0.00021351413,0.00032924302,0.46260288
5148,0.32087034,0.27125627,0.38960943,0.018263943
5149,0.04260303,0.89850587,0.058736205,0.00015493105
5150,0.11987396,0.00013721624,0.08665127,0.7933376
5151,0.6585637,0.0033907515,0.28151363,0.05653196
5152,0.24199678,0.027870888,0.72905385,0.0010784523
5153,0.21202113,0.016792705,0.7700736,0.0011125699
5154,0.43460894,0.0004069517,0.22141737,0.34356678
5155,0.19138235,0.00017211467,0.020900847,0.7875447
5156,0.0149671845,0.9815692,0.003340473,0.00012320185
5157,0.32087034,0.27125627,0.38960943,0.018263943
5158,0.0618446,0.9358715,0.0014539203,0.0008299814
5159,0.4262736,0.0007118676,0.5709191,0.0020954232
5160,0.067960046,0.8684559,0.063367635,0.00021649213
5161,0.05076041,0.9433567,0.0056895837,0.0001932569
5162,0.37113315,0.028385853,0.59880716,0.0016738597
5163,0.16240886,0.00014815264,0.20495418,0.6324888
5164,0.23981138,0.00019388975,0.0011429546,0.75885177
5165,0.27537856,0.05075046,0.66846293,0.0054080933
5166,0.059762094,0.93954647,0.00048227762,0.00020918249
5167,0.47311926,0.00030622171,0.5096424,0.016932102
5168,0.037081257,0.8416965,0.121021934,0.00020028462
5169,0.27067047,0.00020773443,0.00032033055,0.7288014
5170,0.028491799,0.9708926,0.00042682272,0.00018877849
5171,0.044088345,0.8144975,0.14118193,0.00023222616
5172,0.006432408,0.9442521,0.049164917,0.00015054276
5173,0.05380469,0.94359344,0.0024514848,0.00015043776
5174,0.060243648,0.00014985942,0.00023108619,0.9393754
5175,0.16381082,0.38634264,0.44624537,0.0036011958
5176,0.016885865,0.950414,0.032570295,0.00012975723
5177,0.081973806,0.589117,0.32473314,0.0041760863
5178,0.06951359,0.85668194,0.073569156,0.00023531346
5179,0.28793624,0.00022061571,0.00034019363,0.7115029
5180,0.33078355,0.00051348214,0.62147737,0.047225673
5181,0.04260303,0.89850587,0.058736205,0.00015493105
5182,0.29279998,0.0001950171,0.0008143028,0.7061907
5183,0.22341426,0.028554145,0.74692667,0.0011048907
5184,0.121940196,0.42337552,0.4528372,0.0018470812
5185,0.14702773,0.43370458,0.41746324,0.0018044623
5186,0.32667112,0.012077634,0.24655436,0.41469684
5187,0.23310952,0.060888954,0.686838,0.019163603
5188,0.33043626,0.0015252025,0.6660287,0.0020098297
5189,0.38141614,0.0017732083,0.6153983,0.0014123308
5190,0.19376455,0.00017425703,0.008713679,0.79734755
5191,0.11638466,0.8808934,0.0017327749,0.0009891676
5192,0.06951359,0.85668194,0.073569156,0.00023531346
5193,0.2199419,0.0042609894,0.7741522,0.0016448874
5194,0.034089856,0.94132113,0.00077952683,0.023809424
5195,0.041216794,0.89975804,0.058829397,0.00019576387
5196,0.24963012,0.00017614021,0.00027161167,0.74992216
5197,0.30084923,0.00024108042,0.000856096,0.69805354
5198,0.043951347,0.95244694,0.0034104367,0.00019121531
5199,0.48680708,0.0003890527,0.47468582,0.038118023
5200,0.058100797,0.93993145,0.0012526455,0.0007150822
5201,0.14702773,0.43370458,0.41746324,0.0018044623
5202,0.030502398,0.9152245,0.054098938,0.00017417551
5203,0.115371615,0.8830371,0.00069723267,0.000893994
5204,0.03273199,0.9331957,0.03394488,0.00012740646
5205,0.2574039,0.0788383,0.6615656,0.0021922223
5206,0.39956847,0.00023495895,0.00036231132,0.59983426
5207,0.2862334,0.00018848902,0.0012750948,0.712303
5208,0.27075276,0.037828248,0.6903814,0.0010375981
5209,0.07667882,0.44627094,0.45732465,0.019725548
5210,0.26825437,0.053565666,0.6763932,0.0017867316
5211,0.22588211,0.00018894291,0.0007889405,0.77314
5212,0.027055088,0.9709405,0.00063406257,0.0013703709
5213,0.2862334,0.00018848902,0.0012750948,0.712303
5214,0.21767208,0.00093229103,0.77831864,0.0030769627
5215,0.19376455,0.00017425703,0.008713679,0.79734755
5216,0.18792376,0.00017663714,0.0036613946,0.8082382
5217,0.4542437,0.00021763027,0.0003355902,0.5452031
5218,0.027169298,0.9455354,0.02640645,0.0008888198
5219,0.0618446,0.9358715,0.0014539203,0.0008299814
5220,0.33455405,0.0007912912,0.66309977,0.0015548806
5221,0.060243648,0.00014985942,0.00023108619,0.9393754
5222,0.23910806,0.14417711,0.6145426,0.002172201
5223,0.3272809,0.00022287466,0.00034367712,0.6721525
5224,0.38204616,0.00021305357,0.0008395482,0.6169012
5225,0.4589139,0.00032638357,0.5329301,0.0078296475
5226,0.19376455,0.00017425703,0.008713679,0.79734755
5227,0.18787068,0.026136853,0.7733973,0.0125951
5228,0.05941175,0.9392683,0.0004776589,0.0008422465
5229,0.08762457,0.00015927132,0.0002455995,0.91197056
5230,0.29279998,0.0001950171,0.0008143028,0.7061907
5231,0.120560504,0.59138125,0.26624256,0.02181567
5232,0.069079496,0.87161034,0.05909291,0.00021727849
5233,0.23981138,0.00019388975,0.0011429546,0.75885177
5234,0.031210126,0.96803904,0.0005267565,0.00022410553
5235,0.24199678,0.027870888,0.72905385,0.0010784523
5236,0.3493774,0.084742345,0.56466174,0.0012185223
5237,0.17537914,0.00016743744,0.0037457314,0.82070774
5238,0.028956981,0.966127,0.0046620993,0.000253961
5239,0.33043626,0.0015252025,0.6660287,0.0020098297
5240,0.18787068,0.026136853,0.7733973,0.0125951
5241,0.32864654,0.00081578334,0.65425974,0.016277932
5242,0.279036,0.03819548,0.6773411,0.005427417
5243,0.37113315,0.028385853,0.59880716,0.0016738597
5244,0.08605009,0.55199057,0.340881,0.02107839
5245,0.010080366,0.9702097,0.0188882,0.00082167384
5246,0.115371615,0.8830371,0.00069723267,0.000893994
5247,0.38141614,0.0017732083,0.6153983,0.0014123308
5248,0.051691663,0.94757795,0.0004914856,0.00023886802
5249,0.22519413,0.00018911083,0.00078964164,0.77382714
5250,0.096998416,0.8993257,0.003056765,0.0006191266
5251,0.0050473073,0.97369134,0.021073584,0.00018771827
5252,0.020503819,0.9523121,0.0021677355,0.025016276
5253,0.27075276,0.037828248,0.6903814,0.0010375981
5254,0.009419153,0.987439,0.003041014,0.000100842786
5255,0.0072606774,0.99211043,0.00048714466,0.00014175074
5256,0.1757834,0.00018441821,0.000770047,0.8232621
5257,0.23722027,0.00017493476,0.049566932,0.71303785
5258,0.22243093,0.00018595977,0.0030533164,0.7743298
5259,0.18340757,0.00020835607,0.0009135358,0.8154706
5260,0.38204616,0.00021305357,0.0008395482,0.6169012
5261,0.0051166634,0.987071,0.007622105,0.00019029774
5262,0.07618306,0.677577,0.245923,0.0003169097
5263,0.32434607,0.0037157687,0.6703858,0.0015524094
5264,0.07107636,0.8879368,0.04081901,0.00016784066
5265,0.07617203,0.80780566,0.11579047,0.00023181007
5266,0.19854447,0.29554203,0.5040364,0.0018770674
5267,0.23351637,0.00018599966,0.0038833132,0.7624143
5268,0.044088345,0.8144975,0.14118193,0.00023222616
5269,0.017009733,0.98245114,0.0003684968,0.00017066294
5270,0.3272809,0.00022287466,0.00034367712,0.6721525
5271,0.3443086,0.00023079583,0.00035589174,0.6551047
5272,0.009419153,0.987439,0.003041014,0.000100842786
5273,0.023179488,0.97558165,0.0010205099,0.00021836792
5274,0.028491799,0.9708926,0.00042682272,0.00018877849
5275,0.05933884,8.2584804e-05,0.0016931838,0.93888545
5276,0.1757834,0.00018441821,0.000770047,0.8232621
5277,0.006696921,0.94132537,0.05182096,0.0001567333
5278,0.078678355,0.92062336,0.00048411393,0.00021411768
5279,0.062628165,0.9097,0.0028558364,0.024816006
5280,0.45454317,0.00021839864,0.000336775,0.54490167
5281,0.3396509,0.0003151755,0.6296568,0.030377068
5282,0.24592781,0.0021349227,0.7502368,0.0017004304
5283,0.0072606774,0.99211043,0.00048714466,0.00014175074
5284,0.20726982,0.064060725,0.7268649,0.0018045828
5285,0.3272809,0.00022287466,0.00034367712,0.6721525
5286,0.15370929,0.41400373,0.42888957,0.003397458
5287,0.027621659,0.9701905,0.0006387265,0.0015490506
5288,0.17537914,0.00016743744,0.0037457314,0.82070774
5289,0.47050506,0.00021978306,0.00033890983,0.5289362
5290,0.19138235,0.00017211467,0.020900847,0.7875447
5291,0.40257442,0.000235562,0.00036324124,0.5968268
5292,0.2872621,0.00023497555,0.00036233696,0.71214056
5293,0.020503819,0.9523121,0.0021677355,0.025016276
5294,0.365159,0.00022217832,0.02179948,0.6128193
5295,0.1700121,0.00015269601,0.024595685,0.80523956
5296,0.19376455,0.00017425703,0.008713679,0.79734755
5297,0.030279778,0.9655267,0.004044399,0.00014916368
5298,0.05380469,0.94359344,0.0024514848,0.00015043776
5299,0.121940196,0.42337552,0.4528372,0.0018470812
5300,0.455116,0.00042615377,0.39408875,0.15036911
5301,0.24569519,0.00020183962,0.004183798,0.7499192
5302,0.062628165,0.9097,0.0028558364,0.024816006
5303,0.23043583,0.00019177675,0.0010342225,0.7683382
5304,0.16221973,0.2768086,0.55758345,0.003388216
5305,0.08605009,0.55199057,0.340881,0.02107839
5306,0.27075276,0.037828248,0.6903814,0.0010375981
5307,0.0050742375,0.97460675,0.020130241,0.00018871976
5308,0.44105595,0.00042168106,0.25969672,0.29882568
5309,0.47254646,0.00056352164,0.49426475,0.032625206
5310,0.08605009,0.55199057,0.340881,0.02107839
5311,0.4325938,0.00019644552,0.00056701974,0.56664276
5312,0.027169298,0.9455354,0.02640645,0.0008888198
5313,0.17239262,0.00016458616,0.020710817,0.806732
5314,0.3040952,0.0002151658,0.6860252,0.009664459
5315,0.4639658,0.00021135568,0.00032591462,0.53549695
5316,0.22244589,0.00018597228,0.0029862286,0.7743819
5317,0.4962338,0.00027444764,0.4911646,0.012327176
5318,0.33455405,0.0007912912,0.66309977,0.0015548806
5319,0.34980285,0.00063288974,0.6480114,0.0015529018
5320,0.5835137,0.025290947,0.3382899,0.05290552
5321,0.023183629,0.97575593,0.0008521792,0.00020824383
5322,0.33043626,0.0015252025,0.6660287,0.0020098297
5323,0.27067047,0.00020773443,0.00032033055,0.7288014
5324,0.006432408,0.9442521,0.049164917,0.00015054276
5325,0.07617203,0.80780566,0.11579047,0.00023181007
5326,0.14702773,0.43370458,0.41746324,0.0018044623
5327,0.23039743,0.00019174478,0.0012007381,0.7682101
5328,0.3396509,0.0003151755,0.6296568,0.030377068
5329,0.05865415,0.9154758,0.025232922,0.0006371154
5330,0.20726982,0.064060725,0.7268649,0.0018045828
5331,0.060243648,0.00014985942,0.00023108619,0.9393754
5332,0.30084923,0.00024108042,0.000856096,0.69805354
5333,0.21585998,0.00019864034,0.00030630716,0.7836351
5334,0.044088345,0.8144975,0.14118193,0.00023222616
5335,0.38141614,0.0017732083,0.6153983,0.0014123308
5336,0.44105595,0.00042168106,0.25969672,0.29882568
5337,0.28793624,0.00022061571,0.00034019363,0.7115029
5338,0.3393289,0.0036321902,0.6553068,0.0017321354
5339,0.024517456,0.97371304,0.0005669446,0.0012025654
5340,0.05380469,0.94359344,0.0024514848,0.00015043776
5341,0.11638466,0.8808934,0.0017327749,0.0009891676
5342,0.29007497,0.00023520115,0.00036268483,0.70932716
5343,0.4611614,0.00043181446,0.38604033,0.15236649
5344,0.4262736,0.0007118676,0.5709191,0.0020954232
5345,0.22519413,0.00018911083,0.00078964164,0.77382714
5346,0.4542437,0.00021763027,0.0003355902,0.5452031
5347,0.23039743,0.00019174478,0.0012007381,0.7682101
5348,0.40257442,0.000235562,0.00036324124,0.5968268
5349,0.18381733,0.00017244734,0.10889956,0.70711064
5350,0.4542437,0.00021763027,0.0003355902,0.5452031
5351,0.029894847,0.8940976,0.0758451,0.00016247909
5352,0.47311926,0.00030622171,0.5096424,0.016932102
5353,0.29279998,0.0001950171,0.0008143028,0.7061907
5354,0.15450375,0.00015025226,0.0031144798,0.8422315
5355,0.020503819,0.9523121,0.0021677355,0.025016276
5356,0.01498154,0.9301447,0.054730013,0.00014369753
5357,0.033567574,0.96527237,0.0007675837,0.00039244216
5358,0.03340917,0.9628848,0.0035741916,0.00013182177
5359,0.031628847,0.96592414,0.0023055382,0.00014148165
5360,0.02125122,0.8929981,0.085578084,0.00017260262
5361,0.054026254,0.74933994,0.19637373,0.00026008848
5362,0.029520418,0.96695286,0.0033394948,0.00018723767
5363,0.067960046,0.8684559,0.063367635,0.00021649213
5364,0.0618446,0.9358715,0.0014539203,0.0008299814
5365,0.023183629,0.97575593,0.0008521792,0.00020824383
5366,0.11931036,0.87795794,0.0007270545,0.002004611
5367,0.4962338,0.00027444764,0.4911646,0.012327176
5368,0.23351637,0.00018599966,0.0038833132,0.7624143
5369,0.04009601,0.958679,0.0004433161,0.0007816905
5370,0.03047444,0.8874165,0.08194495,0.00016411068
5371,0.27067047,0.00020773443,0.00032033055,0.7288014
5372,0.3629123,0.00022054618,0.0007065986,0.63616055
5373,0.023183629,0.97575593,0.0008521792,0.00020824383
5374,0.08946695,0.8955782,0.0010795989,0.013875259
5375,0.3629123,0.00022054618,0.0007065986,0.63616055
5376,0.34089264,0.0003076697,0.6132217,0.04557798
5377,0.30796713,0.00025162828,0.11266483,0.5791164
5378,0.25407556,0.037421245,0.6829535,0.025549779
5379,0.2872621,0.00023497555,0.00036233696,0.71214056
5380,0.5016656,0.00020774035,0.0003203397,0.4978063
5381,0.18381733,0.00017244734,0.10889956,0.70711064
5382,0.08762457,0.00015927132,0.0002455995,0.91197056
5383,0.32434607,0.0037157687,0.6703858,0.0015524094
5384,0.08605009,0.55199057,0.340881,0.02107839
5385,0.30136088,0.00024091941,0.00069538906,0.6977028
5386,0.081973806,0.589117,0.32473314,0.0041760863
5387,0.50039923,0.00032387837,0.44935614,0.049920734
5388,0.2862334,0.00018848902,0.0012750948,0.712303
5389,0.47254646,0.00056352164,0.49426475,0.032625206
5390,0.4542437,0.00021763027,0.0003355902,0.5452031
5391,0.115371615,0.8830371,0.00069723267,0.000893994
5392,0.014991123,0.9307397,0.054125365,0.00014378945
5393,0.03047444,0.8874165,0.08194495,0.00016411068
5394,0.45998165,0.002670785,0.10809399,0.4292536
5395,0.05537453,0.94232583,0.0014639475,0.0008357055
5396,0.16381082,0.38634264,0.44624537,0.0036011958
5397,0.279036,0.03819548,0.6773411,0.005427417
5398,0.017009733,0.98245114,0.0003684968,0.00017066294
5399,0.29279998,0.0001950171,0.0008143028,0.7061907
5400,0.3629123,0.00022054618,0.0007065986,0.63616055
5401,0.017864002,0.96507436,0.01670829,0.00035337225
5402,0.2574039,0.0788383,0.6615656,0.0021922223
5403,0.055763554,0.92579854,0.01822558,0.00021230495
5404,0.34089264,0.0003076697,0.6132217,0.04557798
5405,0.33078355,0.00051348214,0.62147737,0.047225673
5406,0.05076041,0.9433567,0.0056895837,0.0001932569
5407,0.6585637,0.0033907515,0.28151363,0.05653196
5408,0.010080366,0.9702097,0.0188882,0.00082167384
5409,0.42868584,0.00039020248,0.51984596,0.051077947
5410,0.24847563,0.056207716,0.69249874,0.0028178627
5411,0.39956847,0.00023495895,0.00036231132,0.59983426
5412,0.3272809,0.00022287466,0.00034367712,0.6721525
5413,0.44105595,0.00042168106,0.25969672,0.29882568
5414,0.08762457,0.00015927132,0.0002455995,0.91197056
5415,0.033567574,0.96527237,0.0007675837,0.00039244216
5416,0.24592781,0.0021349227,0.7502368,0.0017004304
5417,0.3396509,0.0003151755,0.6296568,0.030377068
5418,0.27537856,0.05075046,0.66846293,0.0054080933
5419,0.07107636,0.8879368,0.04081901,0.00016784066
5420,0.120560504,0.59138125,0.26624256,0.02181567
5421,0.4611614,0.00043181446,0.38604033,0.15236649
5422,0.05941175,0.9392683,0.0004776589,0.0008422465
5423,0.5016656,0.00020774035,0.0003203397,0.4978063
5424,0.028956981,0.966127,0.0046620993,0.000253961
5425,0.2568298,0.013589605,0.7086298,0.020950787
5426,0.5177437,0.00031768557,0.47496063,0.006977977
5427,0.07107636,0.8879368,0.04081901,0.00016784066
5428,0.22798033,0.18413533,0.58594275,0.0019416315
5429,0.11987396,0.00013721624,0.08665127,0.7933376
5430,0.05287948,0.77660745,0.17024928,0.00026378979
5431,0.26767296,0.059199687,0.67170906,0.0014182753
5432,0.4343285,0.00028294508,0.5498025,0.015586075
5433,0.5028013,0.0004862331,0.4763017,0.020410752
5434,0.2940246,0.022811603,0.66562265,0.017541135
5435,0.010091235,0.9888497,0.0009071326,0.00015193154
5436,0.14702773,0.43370458,0.41746324,0.0018044623
5437,0.05076041,0.9433567,0.0056895837,0.0001932569
5438,0.30796713,0.00025162828,0.11266483,0.5791164
5439,0.24963012,0.00017614021,0.00027161167,0.74992216
5440,0.38204616,0.00021305357,0.0008395482,0.6169012
5441,0.32667112,0.012077634,0.24655436,0.41469684
5442,0.05865415,0.9154758,0.025232922,0.0006371154
5443,0.05169105,0.9475668,0.00049147976,0.00025068648
5444,0.4205438,0.00039378164,0.23810501,0.34095743
5445,0.47254646,0.00056352164,0.49426475,0.032625206
5446,0.22239979,0.0001983751,0.0009950927,0.7764067
5447,0.08256067,0.5933346,0.31989875,0.004205984
5448,0.11987396,0.00013721624,0.08665127,0.7933376
5449,0.50273514,0.00027464703,0.47833785,0.018652378
5450,0.455116,0.00042615377,0.39408875,0.15036911
5451,0.2522428,0.0051155575,0.73972833,0.0029133004
5452,0.24847563,0.056207716,0.69249874,0.0028178627
5453,0.07667882,0.44627094,0.45732465,0.019725548
5454,0.010080366,0.9702097,0.0188882,0.00082167384
5455,0.3673958,0.00023891842,0.00036841695,0.63199687
5456,0.5835137,0.025290947,0.3382899,0.05290552
5457,0.078678355,0.92062336,0.00048411393,0.00021411768
5458,0.44105595,0.00042168106,0.25969672,0.29882568
5459,0.15370929,0.41400373,0.42888957,0.003397458
5460,0.13378689,0.83710784,0.028958894,0.00014642028
5461,0.30136088,0.00024091941,0.00069538906,0.6977028
5462,0.05941175,0.9392683,0.0004776589,0.0008422465
5463,0.28095943,0.00018501592,0.02377223,0.6950833
5464,0.07107636,0.8879368,0.04081901,0.00016784066
5465,0.055763554,0.92579854,0.01822558,0.00021230495
5466,0.47412965,0.00022147628,0.00034152082,0.5253074
5467,0.23722027,0.00017493476,0.049566932,0.71303785
5468,0.31356004,0.00021549223,0.0003322933,0.68589216
5469,0.041216794,0.89975804,0.058829397,0.00019576387
5470,0.4205438,0.00039378164,0.23810501,0.34095743
5471,0.24963012,0.00017614021,0.00027161167,0.74992216
5472,0.07617203,0.80780566,0.11579047,0.00023181007
5473,0.05380469,0.94359344,0.0024514848,0.00015043776
5474,0.3493774,0.084742345,0.56466174,0.0012185223
5475,0.365159,0.00022217832,0.02179948,0.6128193
5476,0.29007497,0.00023520115,0.00036268483,0.70932716
5477,0.15450375,0.00015025226,0.0031144798,0.8422315
5478,0.21980733,0.31930962,0.45862916,0.0022538742
5479,0.2568298,0.013589605,0.7086298,0.020950787
5480,0.054026254,0.74933994,0.19637373,0.00026008848
5481,0.0050742375,0.97460675,0.020130241,0.00018871976
5482,0.28140905,0.045252,0.6723195,0.0010195152
5483,0.3493774,0.084742345,0.56466174,0.0012185223
5484,0.027055088,0.9709405,0.00063406257,0.0013703709
5485,0.010091235,0.9888497,0.0009071326,0.00015193154
5486,0.006432408,0.9442521,0.049164917,0.00015054276
5487,0.028956981,0.966127,0.0046620993,0.000253961
5488,0.009419153,0.987439,0.003041014,0.000100842786
5489,0.03047444,0.8874165,0.08194495,0.00016411068
5490,0.4542437,0.00021763027,0.0003355902,0.5452031
5491,0.41860628,0.02623261,0.5533839,0.001777192
5492,0.23351637,0.00018599966,0.0038833132,0.7624143
5493,0.027621659,0.9701905,0.0006387265,0.0015490506
5494,0.051691663,0.94757795,0.0004914856,0.00023886802
5495,0.014991123,0.9307397,0.054125365,0.00014378945
5496,0.067960046,0.8684559,0.063367635,0.00021649213
5497,0.2823199,0.0038522985,0.69501793,0.01880982
5498,0.29969296,0.023201615,0.67570895,0.0013964875
5499,0.062628165,0.9097,0.0028558364,0.024816006
5500,0.023179488,0.97558165,0.0010205099,0.00021836792
5501,0.5835137,0.025290947,0.3382899,0.05290552
5502,0.03340917,0.9628848,0.0035741916,0.00013182177
5503,0.29194584,0.00023671804,0.0003650239,0.70745236
5504,0.279036,0.03819548,0.6773411,0.005427417
5505,0.23351637,0.00018599966,0.0038833132,0.7624143
5506,0.15351711,0.0001467239,0.06286624,0.7834699
5507,0.2574039,0.0788383,0.6615656,0.0021922223
5508,0.05169105,0.9475668,0.00049147976,0.00025068648
5509,0.020503819,0.9523121,0.0021677355,0.025016276
5510,0.32864654,0.00081578334,0.65425974,0.016277932
5511,0.44105595,0.00042168106,0.25969672,0.29882568
5512,0.27537856,0.05075046,0.66846293,0.0054080933
5513,0.0050742375,0.97460675,0.020130241,0.00018871976
5514,0.017912537,0.9099145,0.07200094,0.00017199494
5515,0.23043583,0.00019177675,0.0010342225,0.7683382
5516,0.023179488,0.97558165,0.0010205099,0.00021836792
5517,0.118606016,0.8795679,0.0011624992,0.00066362147
5518,0.23722027,0.00017493476,0.049566932,0.71303785
5519,0.2568298,0.013589605,0.7086298,0.020950787
5520,0.0149671845,0.9815692,0.003340473,0.00012320185
5521,0.3393289,0.0036321902,0.6553068,0.0017321354
5522,0.43179908,0.00028611536,0.5466006,0.021314222
5523,0.031210126,0.96803904,0.0005267565,0.00022410553
5524,0.3673958,0.00023891842,0.00036841695,0.63199687
5525,0.11638466,0.8808934,0.0017327749,0.0009891676
5526,0.2574039,0.0788383,0.6615656,0.0021922223
5527,0.42780378,0.000720479,0.56884515,0.0026306228
5528,0.15450375,0.00015025226,0.0031144798,0.8422315
5529,0.027621659,0.9701905,0.0006387265,0.0015490506
5530,0.3907932,0.00022834339,0.00035211002,0.60862637
5531,0.010091235,0.9888497,0.0009071326,0.00015193154
5532,0.22243093,0.00018595977,0.0030533164,0.7743298
5533,0.22341426,0.028554145,0.74692667,0.0011048907
5534,0.04721494,0.9350792,0.017535878,0.00016992644
5535,0.08762457,0.00015927132,0.0002455995,0.91197056
5536,0.02125122,0.8929981,0.085578084,0.00017260262
5537,0.05380469,0.94359344,0.0024514848,0.00015043776
5538,0.11638466,0.8808934,0.0017327749,0.0009891676
5539,0.03273199,0.9331957,0.03394488,0.00012740646
5540,0.32551333,0.0046142987,0.6672445,0.0026278347
5541,0.5177437,0.00031768557,0.47496063,0.006977977
5542,0.05380469,0.94359344,0.0024514848,0.00015043776
5543,0.18340757,0.00020835607,0.0009135358,0.8154706
5544,0.16221973,0.2768086,0.55758345,0.003388216
5545,0.2940246,0.022811603,0.66562265,0.017541135
5546,0.2522428,0.0051155575,0.73972833,0.0029133004
5547,0.47050506,0.00021978306,0.00033890983,0.5289362
5548,0.2838535,0.002027454,0.7124711,0.0016479439
5549,0.11638466,0.8808934,0.0017327749,0.0009891676
5550,0.16381082,0.38634264,0.44624537,0.0036011958
5551,0.13378689,0.83710784,0.028958894,0.00014642028
5552,0.21767208,0.00093229103,0.77831864,0.0030769627
5553,0.3272809,0.00022287466,0.00034367712,0.6721525
5554,0.4688804,0.0026473734,0.48478243,0.043689813
5555,0.05076041,0.9433567,0.0056895837,0.0001932569
5556,0.34089264,0.0003076697,0.6132217,0.04557798
5557,0.29369837,0.00022713309,0.018391704,0.6876828
5558,0.3443086,0.00023079583,0.00035589174,0.6551047
5559,0.33455405,0.0007912912,0.66309977,0.0015548806
5560,0.47311926,0.00030622171,0.5096424,0.016932102
5561,0.057699606,0.9409934,0.0004730044,0.00083403924
5562,0.07617203,0.80780566,0.11579047,0.00023181007
5563,0.5902916,0.00018950604,0.00029222207,0.4092267
5564,0.118606016,0.8795679,0.0011624992,0.00066362147
5565,0.29007497,0.00023520115,0.00036268483,0.70932716
5566,0.11722285,0.4361152,0.44484746,0.0018144918
5567,0.2522428,0.0051155575,0.73972833,0.0029133004
5568,0.0618446,0.9358715,0.0014539203,0.0008299814
5569,0.455116,0.00042615377,0.39408875,0.15036911
5570,0.32551333,0.0046142987,0.6672445,0.0026278347
5571,0.2905138,0.0041128653,0.68792325,0.017450051
5572,0.27537856,0.05075046,0.66846293,0.0054080933
5573,0.32667112,0.012077634,0.24655436,0.41469684
5574,0.043951347,0.95244694,0.0034104367,0.00019121531
5575,0.4205438,0.00039378164,0.23810501,0.34095743
5576,0.23043583,0.00019177675,0.0010342225,0.7683382
5577,0.24847563,0.056207716,0.69249874,0.0028178627
5578,0.16221973,0.2768086,0.55758345,0.003388216
5579,0.45454317,0.00021839864,0.000336775,0.54490167
5580,0.2445596,0.004031306,0.74717355,0.0042354935
5581,0.07667882,0.44627094,0.45732465,0.019725548
5582,0.32393888,0.0015411074,0.67297405,0.0015459438
5583,0.0618446,0.9358715,0.0014539203,0.0008299814
5584,0.3719695,0.02550585,0.6010183,0.0015063299
5585,0.4962338,0.00027444764,0.4911646,0.012327176
5586,0.30136088,0.00024091941,0.00069538906,0.6977028
5587,0.060243648,0.00014985942,0.00023108619,0.9393754
5588,0.1757834,0.00018441821,0.000770047,0.8232621
5589,0.121940196,0.42337552,0.4528372,0.0018470812
5590,0.121940196,0.42337552,0.4528372,0.0018470812
5591,0.24592781,0.0021349227,0.7502368,0.0017004304
5592,0.47050506,0.00021978306,0.00033890983,0.5289362
5593,0.11987396,0.00013721624,0.08665127,0.7933376
5594,0.19854447,0.29554203,0.5040364,0.0018770674
5595,0.41193673,0.0001998709,0.016061768,0.5718016
5596,0.15370929,0.41400373,0.42888957,0.003397458
5597,0.29279998,0.0001950171,0.0008143028,0.7061907
5598,0.05380469,0.94359344,0.0024514848,0.00015043776
5599,0.14702773,0.43370458,0.41746324,0.0018044623
5600,0.2199419,0.0042609894,0.7741522,0.0016448874
5601,0.47021404,0.02055353,0.3954566,0.113775864
5602,0.2838535,0.002027454,0.7124711,0.0016479439
5603,0.056055058,0.7631993,0.18047328,0.0002722853
5604,0.29369837,0.00022713309,0.018391704,0.6876828
5605,0.42780378,0.000720479,0.56884515,0.0026306228
5606,0.05380469,0.94359344,0.0024514848,0.00015043776
5607,0.50039923,0.00032387837,0.44935614,0.049920734
5608,0.11931036,0.87795794,0.0007270545,0.002004611
5609,0.051686525,0.93992597,0.0023569001,0.006030644
5610,0.33043626,0.0015252025,0.6660287,0.0020098297
5611,0.50039923,0.00032387837,0.44935614,0.049920734
5612,0.05380469,0.94359344,0.0024514848,0.00015043776
5613,0.37113315,0.028385853,0.59880716,0.0016738597
5614,0.32434607,0.0037157687,0.6703858,0.0015524094
5615,0.22341426,0.028554145,0.74692667,0.0011048907
5616,0.115371615,0.8830371,0.00069723267,0.000893994
5617,0.15046999,0.84722257,0.0014689455,0.00083855836
5618,0.25407556,0.037421245,0.6829535,0.025549779
5619,0.24199678,0.027870888,0.72905385,0.0010784523
5620,0.5016656,0.00020774035,0.0003203397,0.4978063
5621,0.38204616,0.00021305357,0.0008395482,0.6169012
5622,0.21767208,0.00093229103,0.77831864,0.0030769627
5623,0.2838535,0.002027454,0.7124711,0.0016479439
5624,0.17537914,0.00016743744,0.0037457314,0.82070774
5625,0.04260303,0.89850587,0.058736205,0.00015493105
5626,0.14702773,0.43370458,0.41746324,0.0018044623
5627,0.2568298,0.013589605,0.7086298,0.020950787
5628,0.33078355,0.00051348214,0.62147737,0.047225673
5629,0.5028013,0.0004862331,0.4763017,0.020410752
5630,0.47050506,0.00021978306,0.00033890983,0.5289362
5631,0.017912537,0.9099145,0.07200094,0.00017199494
5632,0.013042064,0.9674475,0.019377263,0.00013308659
5633,0.24847563,0.056207716,0.69249874,0.0028178627
5634,0.055763554,0.92579854,0.01822558,0.00021230495
5635,0.03340917,0.9628848,0.0035741916,0.00013182177
5636,0.20617305,0.00017080008,0.07869616,0.71496
5637,0.118606016,0.8795679,0.0011624992,0.00066362147
5638,0.07107636,0.8879368,0.04081901,0.00016784066
5639,0.45454317,0.00021839864,0.000336775,0.54490167
5640,0.19854447,0.29554203,0.5040364,0.0018770674
5641,0.024517456,0.97371304,0.0005669446,0.0012025654
5642,0.32667112,0.012077634,0.24655436,0.41469684
5643,0.03273199,0.9331957,0.03394488,0.00012740646
5644,0.06750655,0.85389584,0.07836304,0.00023454819
5645,0.32551333,0.0046142987,0.6672445,0.0026278347
5646,0.34971184,0.0002245348,0.00034623712,0.6497174
5647,0.32393888,0.0015411074,0.67297405,0.0015459438
5648,0.18787068,0.026136853,0.7733973,0.0125951
5649,0.008410116,0.99084854,0.0004719371,0.00026940886
5650,0.32393888,0.0015411074,0.67297405,0.0015459438
5651,0.008410116,0.99084854,0.0004719371,0.00026940886
5652,0.062628165,0.9097,0.0028558364,0.024816006
5653,0.29279998,0.0001950171,0.0008143028,0.7061907
5654,0.16381082,0.38634264,0.44624537,0.0036011958
5655,0.21980733,0.31930962,0.45862916,0.0022538742
5656,0.17537914,0.00016743744,0.0037457314,0.82070774
5657,0.23981138,0.00019388975,0.0011429546,0.75885177
5658,0.13378689,0.83710784,0.028958894,0.00014642028
5659,0.069079496,0.87161034,0.05909291,0.00021727849
5660,0.4542437,0.00021763027,0.0003355902,0.5452031
5661,0.22244589,0.00018597228,0.0029862286,0.7743819
5662,0.25407556,0.037421245,0.6829535,0.025549779
5663,0.13358413,0.28153983,0.56711376,0.01776227
5664,0.29194584,0.00023671804,0.0003650239,0.70745236
5665,0.028491799,0.9708926,0.00042682272,0.00018877849
5666,0.47412965,0.00022147628,0.00034152082,0.5253074
5667,0.060311023,0.00014984868,0.00023106963,0.93930805
5668,0.24199678,0.027870888,0.72905385,0.0010784523
5669,0.112217374,0.5256284,0.3541829,0.007971349
5670,0.38141614,0.0017732083,0.6153983,0.0014123308
5671,0.45643336,0.00022562397,0.0003479166,0.54299307
5672,0.051691663,0.94757795,0.0004914856,0.00023886802
5673,0.2884865,0.00022103717,0.00034084384,0.7109516
5674,0.20726982,0.064060725,0.7268649,0.0018045828
5675,0.006696921,0.94132537,0.05182096,0.0001567333
5676,0.29969296,0.023201615,0.67570895,0.0013964875
5677,0.023183629,0.97575593,0.0008521792,0.00020824383
5678,0.34971184,0.0002245348,0.00034623712,0.6497174
5679,0.22239979,0.0001983751,0.0009950927,0.7764067
5680,0.014991123,0.9307397,0.054125365,0.00014378945
5681,0.33516753,0.0002761428,0.19952022,0.46503612
5682,0.2940246,0.022811603,0.66562265,0.017541135
5683,0.42780378,0.000720479,0.56884515,0.0026306228
5684,0.010091235,0.9888497,0.0009071326,0.00015193154
5685,0.20726982,0.064060725,0.7268649,0.0018045828
5686,0.033567574,0.96527237,0.0007675837,0.00039244216
5687,0.21980733,0.31930962,0.45862916,0.0022538742
5688,0.017864002,0.96507436,0.01670829,0.00035337225
5689,0.29007497,0.00023520115,0.00036268483,0.70932716
5690,0.3443086,0.00023079583,0.00035589174,0.6551047
5691,0.41860628,0.02623261,0.5533839,0.001777192
5692,0.05865415,0.9154758,0.025232922,0.0006371154
5693,0.4542437,0.00021763027,0.0003355902,0.5452031
5694,0.32393888,0.0015411074,0.67297405,0.0015459438
5695,0.33078355,0.00051348214,0.62147737,0.047225673
5696,0.15046999,0.84722257,0.0014689455,0.00083855836
5697,0.118606016,0.8795679,0.0011624992,0.00066362147
5698,0.121940196,0.42337552,0.4528372,0.0018470812
5699,0.2884865,0.00022103717,0.00034084384,0.7109516
5700,0.4542437,0.00021763027,0.0003355902,0.5452031
5701,0.2905138,0.0041128653,0.68792325,0.017450051
5702,0.33043626,0.0015252025,0.6660287,0.0020098297
5703,0.18381733,0.00017244734,0.10889956,0.70711064
5704,0.006696921,0.94132537,0.05182096,0.0001567333
5705,0.31356004,0.00021549223,0.0003322933,0.68589216
5706,0.2574039,0.0788383,0.6615656,0.0021922223
5707,0.32393888,0.0015411074,0.67297405,0.0015459438
5708,0.21585998,0.00019864034,0.00030630716,0.7836351
5709,0.10309902,0.4606935,0.43443543,0.001772022
5710,0.020503819,0.9523121,0.0021677355,0.025016276
5711,0.13358413,0.28153983,0.56711376,0.01776227
5712,0.29279998,0.0001950171,0.0008143028,0.7061907
5713,0.4542437,0.00021763027,0.0003355902,0.5452031
5714,0.08751856,0.9102804,0.0014011537,0.00079985923
5715,0.41860628,0.02623261,0.5533839,0.001777192
5716,0.22243093,0.00018595977,0.0030533164,0.7743298
5717,0.05933884,8.2584804e-05,0.0016931838,0.93888545
5718,0.05380469,0.94359344,0.0024514848,0.00015043776
5719,0.060243648,0.00014985942,0.00023108619,0.9393754
5720,0.0618446,0.9358715,0.0014539203,0.0008299814
5721,0.11638466,0.8808934,0.0017327749,0.0009891676
5722,0.22244589,0.00018597228,0.0029862286,0.7743819
5723,0.18381733,0.00017244734,0.10889956,0.70711064
5724,0.21202113,0.016792705,0.7700736,0.0011125699
5725,0.23910806,0.14417711,0.6145426,0.002172201
5726,0.08762457,0.00015927132,0.0002455995,0.91197056
5727,0.037081257,0.8416965,0.121021934,0.00020028462
5728,0.48680708,0.0003890527,0.47468582,0.038118023
5729,0.056055058,0.7631993,0.18047328,0.0002722853
5730,0.38204616,0.00021305357,0.0008395482,0.6169012
5731,0.5368544,0.00021351413,0.00032924302,0.46260288
5732,0.17537914,0.00016743744,0.0037457314,0.82070774
5733,0.006432408,0.9442521,0.049164917,0.00015054276
5734,0.05169105,0.9475668,0.00049147976,0.00025068648
5735,0.0051166634,0.987071,0.007622105,0.00019029774
5736,0.028956981,0.966127,0.0046620993,0.000253961
5737,0.034089856,0.94132113,0.00077952683,0.023809424
5738,0.48680708,0.0003890527,0.47468582,0.038118023
5739,0.4688804,0.0026473734,0.48478243,0.043689813
5740,0.0050473073,0.97369134,0.021073584,0.00018771827
5741,0.060311023,0.00014984868,0.00023106963,0.93930805
5742,0.05380469,0.94359344,0.0024514848,0.00015043776
5743,0.37113315,0.028385853,0.59880716,0.0016738597
5744,0.009419153,0.987439,0.003041014,0.000100842786
5745,0.32434607,0.0037157687,0.6703858,0.0015524094
5746,0.3272809,0.00022287466,0.00034367712,0.6721525
5747,0.043951347,0.95244694,0.0034104367,0.00019121531
5748,0.3493774,0.084742345,0.56466174,0.0012185223
5749,0.16240886,0.00014815264,0.20495418,0.6324888
5750,0.2872621,0.00023497555,0.00036233696,0.71214056
5751,0.010080366,0.9702097,0.0188882,0.00082167384
5752,0.028491799,0.9708926,0.00042682272,0.00018877849
5753,0.03047444,0.8874165,0.08194495,0.00016411068
5754,0.24199678,0.027870888,0.72905385,0.0010784523
5755,0.4611614,0.00043181446,0.38604033,0.15236649
5756,0.4542437,0.00021763027,0.0003355902,0.5452031
5757,0.023183629,0.97575593,0.0008521792,0.00020824383
5758,0.39956847,0.00023495895,0.00036231132,0.59983426
5759,0.13378689,0.83710784,0.028958894,0.00014642028
5760,0.11987396,0.00013721624,0.08665127,0.7933376
5761,0.5835137,0.025290947,0.3382899,0.05290552
5762,0.11989667,0.8779063,0.0013986174,0.00079841097
5763,0.14702773,0.43370458,0.41746324,0.0018044623
5764,0.04260303,0.89850587,0.058736205,0.00015493105
5765,0.37113315,0.028385853,0.59880716,0.0016738597
5766,0.33043626,0.0015252025,0.6660287,0.0020098297
5767,0.2199419,0.0042609894,0.7741522,0.0016448874
5768,0.4542437,0.00021763027,0.0003355902,0.5452031
5769,0.027055088,0.9709405,0.00063406257,0.0013703709
5770,0.08946695,0.8955782,0.0010795989,0.013875259
5771,0.24569519,0.00020183962,0.004183798,0.7499192
5772,0.22239979,0.0001983751,0.0009950927,0.7764067
5773,0.22244589,0.00018597228,0.0029862286,0.7743819
5774,0.365159,0.00022217832,0.02179948,0.6128193
5775,0.22519413,0.00018911083,0.00078964164,0.77382714
5776,0.08256067,0.5933346,0.31989875,0.004205984
5777,0.030279778,0.9655267,0.004044399,0.00014916368
5778,0.058100797,0.93993145,0.0012526455,0.0007150822
5779,0.18787068,0.026136853,0.7733973,0.0125951
5780,0.27537856,0.05075046,0.66846293,0.0054080933
5781,0.22341426,0.028554145,0.74692667,0.0011048907
5782,0.4962338,0.00027444764,0.4911646,0.012327176
5783,0.23351637,0.00018599966,0.0038833132,0.7624143
5784,0.26767296,0.059199687,0.67170906,0.0014182753
5785,0.121940196,0.42337552,0.4528372,0.0018470812
5786,0.19854447,0.29554203,0.5040364,0.0018770674
5787,0.18787068,0.026136853,0.7733973,0.0125951
5788,0.009419153,0.987439,0.003041014,0.000100842786
5789,0.13378689,0.83710784,0.028958894,0.00014642028
5790,0.42780378,0.000720479,0.56884515,0.0026306228
5791,0.28095943,0.00018501592,0.02377223,0.6950833
5792,0.3673958,0.00023891842,0.00036841695,0.63199687
5793,0.18340757,0.00020835607,0.0009135358,0.8154706
5794,0.030502398,0.9152245,0.054098938,0.00017417551
5795,0.07667882,0.44627094,0.45732465,0.019725548
5796,0.115371615,0.8830371,0.00069723267,0.000893994
5797,0.21202113,0.016792705,0.7700736,0.0011125699
5798,0.32864654,0.00081578334,0.65425974,0.016277932
5799,0.033567574,0.96527237,0.0007675837,0.00039244216
5800,0.15351711,0.0001467239,0.06286624,0.7834699
5801,0.0149671845,0.9815692,0.003340473,0.00012320185
5802,0.4343285,0.00028294508,0.5498025,0.015586075
5803,0.24963012,0.00017614021,0.00027161167,0.74992216
5804,0.029520418,0.96695286,0.0033394948,0.00018723767
5805,0.2862334,0.00018848902,0.0012750948,0.712303
5806,0.18792376,0.00017663714,0.0036613946,0.8082382
5807,0.5835137,0.025290947,0.3382899,0.05290552
5808,0.060243648,0.00014985942,0.00023108619,0.9393754
5809,0.16240886,0.00014815264,0.20495418,0.6324888
5810,0.04721494,0.9350792,0.017535878,0.00016992644
5811,0.027621659,0.9701905,0.0006387265,0.0015490506
5812,0.024517456,0.97371304,0.0005669446,0.0012025654
5813,0.15370929,0.41400373,0.42888957,0.003397458
5814,0.2199419,0.0042609894,0.7741522,0.0016448874
5815,0.32393888,0.0015411074,0.67297405,0.0015459438
5816,0.0065231915,0.9575787,0.03574538,0.00015266745
5817,0.45998165,0.002670785,0.10809399,0.4292536
5818,0.062628165,0.9097,0.0028558364,0.024816006
5819,0.41860628,0.02623261,0.5533839,0.001777192
5820,0.5902916,0.00018950604,0.00029222207,0.4092267
5821,0.23351637,0.00018599966,0.0038833132,0.7624143
5822,0.29007497,0.00023520115,0.00036268483,0.70932716
5823,0.027055088,0.9709405,0.00063406257,0.0013703709
5824,0.279036,0.03819548,0.6773411,0.005427417
5825,0.21202113,0.016792705,0.7700736,0.0011125699
5826,0.041216794,0.89975804,0.058829397,0.00019576387
5827,0.18792376,0.00017663714,0.0036613946,0.8082382
5828,0.33516753,0.0002761428,0.19952022,0.46503612
5829,0.28793624,0.00022061571,0.00034019363,0.7115029
5830,0.05933884,8.2584804e-05,0.0016931838,0.93888545
5831,0.041216794,0.89975804,0.058829397,0.00019576387
5832,0.23722027,0.00017493476,0.049566932,0.71303785
5833,0.5368544,0.00021351413,0.00032924302,0.46260288
5834,0.05941175,0.9392683,0.0004776589,0.0008422465
5835,0.38141614,0.0017732083,0.6153983,0.0014123308
5836,0.23043583,0.00019177675,0.0010342225,0.7683382
5837,0.47021404,0.02055353,0.3954566,0.113775864
5838,0.0149671845,0.9815692,0.003340473,0.00012320185
5839,0.4639658,0.00021135568,0.00032591462,0.53549695
5840,0.096998416,0.8993257,0.003056765,0.0006191266
5841,0.24963012,0.00017614021,0.00027161167,0.74992216
5842,0.027055088,0.9709405,0.00063406257,0.0013703709
5843,0.24847563,0.056207716,0.69249874,0.0028178627
5844,0.26767296,0.059199687,0.67170906,0.0014182753
5845,0.3393289,0.0036321902,0.6553068,0.0017321354
5846,0.037081257,0.8416965,0.121021934,0.00020028462
5847,0.023183629,0.97575593,0.0008521792,0.00020824383
5848,0.2823199,0.0038522985,0.69501793,0.01880982
5849,0.5835137,0.025290947,0.3382899,0.05290552
5850,0.3629123,0.00022054618,0.0007065986,0.63616055
5851,0.044088345,0.8144975,0.14118193,0.00023222616
5852,0.5016656,0.00020774035,0.0003203397,0.4978063
5853,0.1700121,0.00015269601,0.024595685,0.80523956
5854,0.0051166634,0.987071,0.007622105,0.00019029774
5855,0.010091235,0.9888497,0.0009071326,0.00015193154
5856,0.18340757,0.00020835607,0.0009135358,0.8154706
5857,0.05380469,0.94359344,0.0024514848,0.00015043776
5858,0.024517456,0.97371304,0.0005669446,0.0012025654
5859,0.057699606,0.9409934,0.0004730044,0.00083403924
5860,0.23351637,0.00018599966,0.0038833132,0.7624143
5861,0.43179908,0.00028611536,0.5466006,0.021314222
5862,0.027621659,0.9701905,0.0006387265,0.0015490506
5863,0.42780378,0.000720479,0.56884515,0.0026306228
5864,0.18787068,0.026136853,0.7733973,0.0125951
5865,0.0072606774,0.99211043,0.00048714466,0.00014175074
5866,0.4542437,0.00021763027,0.0003355902,0.5452031
5867,0.14702773,0.43370458,0.41746324,0.0018044623
5868,0.27075276,0.037828248,0.6903814,0.0010375981
5869,0.10309902,0.4606935,0.43443543,0.001772022
5870,0.05380469,0.94359344,0.0024514848,0.00015043776
5871,0.047852114,0.80285937,0.1490552,0.00023329213
5872,0.4542437,0.00021763027,0.0003355902,0.5452031
5873,0.22243093,0.00018595977,0.0030533164,0.7743298
5874,0.23797901,0.0001898249,0.0013129034,0.7605183
5875,0.05169105,0.9475668,0.00049147976,0.00025068648
5876,0.08946695,0.8955782,0.0010795989,0.013875259
5877,0.34971184,0.0002245348,0.00034623712,0.6497174
5878,0.17537914,0.00016743744,0.0037457314,0.82070774
5879,0.23351637,0.00018599966,0.0038833132,0.7624143
5880,0.2522428,0.0051155575,0.73972833,0.0029133004
5881,0.18787068,0.026136853,0.7733973,0.0125951
5882,0.45643336,0.00022562397,0.0003479166,0.54299307
5883,0.067960046,0.8684559,0.063367635,0.00021649213
5884,0.29279998,0.0001950171,0.0008143028,0.7061907
5885,0.47021404,0.02055353,0.3954566,0.113775864
5886,0.06750655,0.85389584,0.07836304,0.00023454819
5887,0.04567019,0.9338171,0.020353997,0.00015867896
5888,0.6585637,0.0033907515,0.28151363,0.05653196
5889,0.06951359,0.85668194,0.073569156,0.00023531346
5890,0.4542437,0.00021763027,0.0003355902,0.5452031
5891,0.4262736,0.0007118676,0.5709191,0.0020954232
5892,0.27075276,0.037828248,0.6903814,0.0010375981
5893,0.22244589,0.00018597228,0.0029862286,0.7743819
5894,0.0149671845,0.9815692,0.003340473,0.00012320185
5895,0.23797901,0.0001898249,0.0013129034,0.7605183
5896,0.3443086,0.00023079583,0.00035589174,0.6551047
5897,0.5902916,0.00018950604,0.00029222207,0.4092267
5898,0.33043626,0.0015252025,0.6660287,0.0020098297
5899,0.017912537,0.9099145,0.07200094,0.00017199494
5900,0.31356004,0.00021549223,0.0003322933,0.68589216
5901,0.2574039,0.0788383,0.6615656,0.0021922223
5902,0.2940246,0.022811603,0.66562265,0.017541135
5903,0.017912537,0.9099145,0.07200094,0.00017199494
5904,0.2199419,0.0042609894,0.7741522,0.0016448874
5905,0.33516753,0.0002761428,0.19952022,0.46503612
5906,0.033567574,0.96527237,0.0007675837,0.00039244216
5907,0.48680708,0.0003890527,0.47468582,0.038118023
5908,0.3040952,0.0002151658,0.6860252,0.009664459
5909,0.24847563,0.056207716,0.69249874,0.0028178627
5910,0.027169298,0.9455354,0.02640645,0.0008888198
5911,0.24847563,0.056207716,0.69249874,0.0028178627
5912,0.4542437,0.00021763027,0.0003355902,0.5452031
5913,0.4542437,0.00021763027,0.0003355902,0.5452031
5914,0.38141614,0.0017732083,0.6153983,0.0014123308
5915,0.28140905,0.045252,0.6723195,0.0010195152
5916,0.03047444,0.8874165,0.08194495,0.00016411068
5917,0.17537914,0.00016743744,0.0037457314,0.82070774
5918,0.53684664,0.0004918818,0.19116896,0.2714925
5919,0.18381733,0.00017244734,0.10889956,0.70711064
5920,0.23981138,0.00019388975,0.0011429546,0.75885177
5921,0.16381082,0.38634264,0.44624537,0.0036011958
5922,0.4542437,0.00021763027,0.0003355902,0.5452031
5923,0.38141614,0.0017732083,0.6153983,0.0014123308
5924,0.008410116,0.99084854,0.0004719371,0.00026940886
5925,0.5368544,0.00021351413,0.00032924302,0.46260288
5926,0.19854447,0.29554203,0.5040364,0.0018770674
5927,0.3443086,0.00023079583,0.00035589174,0.6551047
5928,0.05380469,0.94359344,0.0024514848,0.00015043776
5929,0.24199678,0.027870888,0.72905385,0.0010784523
5930,0.017864002,0.96507436,0.01670829,0.00035337225
5931,0.017009733,0.98245114,0.0003684968,0.00017066294
5932,0.38204616,0.00021305357,0.0008395482,0.6169012
5933,0.5016656,0.00020774035,0.0003203397,0.4978063
5934,0.4611614,0.00043181446,0.38604033,0.15236649
5935,0.054026254,0.74933994,0.19637373,0.00026008848
5936,0.016885865,0.950414,0.032570295,0.00012975723
5937,0.23910806,0.14417711,0.6145426,0.002172201
5938,0.47412965,0.00022147628,0.00034152082,0.5253074
5939,0.006696921,0.94132537,0.05182096,0.0001567333
5940,0.32087034,0.27125627,0.38960943,0.018263943
5941,0.29007497,0.00023520115,0.00036268483,0.70932716
5942,0.28140905,0.045252,0.6723195,0.0010195152
5943,0.03340917,0.9628848,0.0035741916,0.00013182177
5944,0.24847563,0.056207716,0.69249874,0.0028178627
5945,0.4343285,0.00028294508,0.5498025,0.015586075
5946,0.016885865,0.950414,0.032570295,0.00012975723
5947,0.006696921,0.94132537,0.05182096,0.0001567333
5948,0.5835137,0.025290947,0.3382899,0.05290552
5949,0.07617203,0.80780566,0.11579047,0.00023181007
5950,0.031628847,0.96592414,0.0023055382,0.00014148165
5951,0.2838535,0.002027454,0.7124711,0.0016479439
5952,0.5902916,0.00018950604,0.00029222207,0.4092267
5953,0.023183629,0.97575593,0.0008521792,0.00020824383
5954,0.27067047,0.00020773443,0.00032033055,0.7288014
5955,0.28140905,0.045252,0.6723195,0.0010195152
5956,0.2862334,0.00018848902,0.0012750948,0.712303
5957,0.18603444,0.00016730517,0.048260372,0.76553786
5958,0.17239262,0.00016458616,0.020710817,0.806732
5959,0.33516753,0.0002761428,0.19952022,0.46503612
5960,0.23797901,0.0001898249,0.0013129034,0.7605183
5961,0.19138235,0.00017211467,0.020900847,0.7875447
5962,0.023183629,0.97575593,0.0008521792,0.00020824383
5963,0.081973806,0.589117,0.32473314,0.0041760863
5964,0.44105595,0.00042168106,0.25969672,0.29882568
5965,0.016885865,0.950414,0.032570295,0.00012975723
5966,0.055763554,0.92579854,0.01822558,0.00021230495
5967,0.31356004,0.00021549223,0.0003322933,0.68589216
5968,0.27537856,0.05075046,0.66846293,0.0054080933
5969,0.5368544,0.00021351413,0.00032924302,0.46260288
5970,0.30084923,0.00024108042,0.000856096,0.69805354
5971,0.3719695,0.02550585,0.6010183,0.0015063299
5972,0.027169298,0.9455354,0.02640645,0.0008888198
5973,0.028956981,0.966127,0.0046620993,0.000253961
5974,0.23039743,0.00019174478,0.0012007381,0.7682101
5975,0.16240886,0.00014815264,0.20495418,0.6324888
5976,0.23351637,0.00018599966,0.0038833132,0.7624143
5977,0.4343285,0.00028294508,0.5498025,0.015586075
5978,0.060311023,0.00014984868,0.00023106963,0.93930805
5979,0.23310952,0.060888954,0.686838,0.019163603
5980,0.44105595,0.00042168106,0.25969672,0.29882568
5981,0.2574039,0.0788383,0.6615656,0.0021922223
5982,0.3719695,0.02550585,0.6010183,0.0015063299
5983,0.006696921,0.94132537,0.05182096,0.0001567333
5984,0.03047444,0.8874165,0.08194495,0.00016411068
5985,0.057699606,0.9409934,0.0004730044,0.00083403924
5986,0.07617203,0.80780566,0.11579047,0.00023181007
5987,0.05076041,0.9433567,0.0056895837,0.0001932569
5988,0.38141614,0.0017732083,0.6153983,0.0014123308
5989,0.30796713,0.00025162828,0.11266483,0.5791164
5990,0.32393888,0.0015411074,0.67297405,0.0015459438
5991,0.047852114,0.80285937,0.1490552,0.00023329213
5992,0.017009733,0.98245114,0.0003684968,0.00017066294
5993,0.121940196,0.42337552,0.4528372,0.0018470812
5994,0.42868584,0.00039020248,0.51984596,0.051077947
5995,0.3493774,0.084742345,0.56466174,0.0012185223
5996,0.23043583,0.00019177675,0.0010342225,0.7683382
5997,0.22243093,0.00018595977,0.0030533164,0.7743298
5998,0.05941175,0.9392683,0.0004776589,0.0008422465
5999,0.006696921,0.94132537,0.05182096,0.0001567333
6000,0.060243648,0.00014985942,0.00023108619,0.9393754
6001,0.32393888,0.0015411074,0.67297405,0.0015459438
6002,0.43179908,0.00028611536,0.5466006,0.021314222
6003,0.5835137,0.025290947,0.3382899,0.05290552
6004,0.0870269,0.00015937565,0.0002457604,0.9125679
6005,0.24569519,0.00020183962,0.004183798,0.7499192
6006,0.24963012,0.00017614021,0.00027161167,0.74992216
6007,0.044088345,0.8144975,0.14118193,0.00023222616
6008,0.04721494,0.9350792,0.017535878,0.00016992644
6009,0.0065231915,0.9575787,0.03574538,0.00015266745
6010,0.3393289,0.0036321902,0.6553068,0.0017321354
6011,0.096998416,0.8993257,0.003056765,0.0006191266
6012,0.118606016,0.8795679,0.0011624992,0.00066362147
6013,0.4639658,0.00021135568,0.00032591462,0.53549695
6014,0.43179908,0.00028611536,0.5466006,0.021314222
6015,0.16381082,0.38634264,0.44624537,0.0036011958
6016,0.22243093,0.00018595977,0.0030533164,0.7743298
6017,0.32087034,0.27125627,0.38960943,0.018263943
6018,0.5835137,0.025290947,0.3382899,0.05290552
6019,0.38141614,0.0017732083,0.6153983,0.0014123308
6020,0.32667112,0.012077634,0.24655436,0.41469684
6021,0.120560504,0.59138125,0.26624256,0.02181567
6022,0.14702773,0.43370458,0.41746324,0.0018044623
6023,0.2884865,0.00022103717,0.00034084384,0.7109516
6024,0.25407556,0.037421245,0.6829535,0.025549779
6025,0.4205438,0.00039378164,0.23810501,0.34095743
6026,0.11987396,0.00013721624,0.08665127,0.7933376
6027,0.5016656,0.00020774035,0.0003203397,0.4978063
6028,0.05169105,0.9475668,0.00049147976,0.00025068648
6029,0.037081257,0.8416965,0.121021934,0.00020028462
6030,0.24592781,0.0021349227,0.7502368,0.0017004304
6031,0.13358413,0.28153983,0.56711376,0.01776227
6032,0.24199678,0.027870888,0.72905385,0.0010784523
6033,0.027055088,0.9709405,0.00063406257,0.0013703709
6034,0.4589139,0.00032638357,0.5329301,0.0078296475
6035,0.010080366,0.9702097,0.0188882,0.00082167384
6036,0.16240886,0.00014815264,0.20495418,0.6324888
6037,0.30796713,0.00025162828,0.11266483,0.5791164
6038,0.23039743,0.00019174478,0.0012007381,0.7682101
6039,0.120560504,0.59138125,0.26624256,0.02181567
6040,0.4542437,0.00021763027,0.0003355902,0.5452031
6041,0.07617203,0.80780566,0.11579047,0.00023181007
6042,0.27075276,0.037828248,0.6903814,0.0010375981
6043,0.28140905,0.045252,0.6723195,0.0010195152
6044,0.48680708,0.0003890527,0.47468582,0.038118023
6045,0.024517456,0.97371304,0.0005669446,0.0012025654
6046,0.028491799,0.9708926,0.00042682272,0.00018877849
6047,0.11722285,0.4361152,0.44484746,0.0018144918
6048,0.3719695,0.02550585,0.6010183,0.0015063299
6049,0.02125122,0.8929981,0.085578084,0.00017260262
6050,0.11638466,0.8808934,0.0017327749,0.0009891676
6051,0.15046999,0.84722257,0.0014689455,0.00083855836
6052,0.4962338,0.00027444764,0.4911646,0.012327176
6053,0.05380469,0.94359344,0.0024514848,0.00015043776
6054,0.24963012,0.00017614021,0.00027161167,0.74992216
6055,0.6585637,0.0033907515,0.28151363,0.05653196
6056,0.05380469,0.94359344,0.0024514848,0.00015043776
6057,0.020503819,0.9523121,0.0021677355,0.025016276
6058,0.05933884,8.2584804e-05,0.0016931838,0.93888545
6059,0.05380469,0.94359344,0.0024514848,0.00015043776
6060,0.02125122,0.8929981,0.085578084,0.00017260262
6061,0.047852114,0.80285937,0.1490552,0.00023329213
6062,0.07667882,0.44627094,0.45732465,0.019725548
6063,0.04721494,0.9350792,0.017535878,0.00016992644
6064,0.23310952,0.060888954,0.686838,0.019163603
6065,0.033567574,0.96527237,0.0007675837,0.00039244216
6066,0.32434607,0.0037157687,0.6703858,0.0015524094
6067,0.41860628,0.02623261,0.5533839,0.001777192
6068,0.007260179,0.99204236,0.00054873707,0.00014873185
6069,0.028491799,0.9708926,0.00042682272,0.00018877849
6070,0.28140905,0.045252,0.6723195,0.0010195152
6071,0.051686525,0.93992597,0.0023569001,0.006030644
6072,0.3719695,0.02550585,0.6010183,0.0015063299
6073,0.28140905,0.045252,0.6723195,0.0010195152
6074,0.27075276,0.037828248,0.6903814,0.0010375981
6075,0.059762094,0.93954647,0.00048227762,0.00020918249
6076,0.41193673,0.0001998709,0.016061768,0.5718016
6077,0.23981138,0.00019388975,0.0011429546,0.75885177
6078,0.19376455,0.00017425703,0.008713679,0.79734755
6079,0.38141614,0.0017732083,0.6153983,0.0014123308
6080,0.033567574,0.96527237,0.0007675837,0.00039244216
6081,0.5368544,0.00021351413,0.00032924302,0.46260288
6082,0.03047444,0.8874165,0.08194495,0.00016411068
6083,0.013042064,0.9674475,0.019377263,0.00013308659
6084,0.42868584,0.00039020248,0.51984596,0.051077947
6085,0.16240886,0.00014815264,0.20495418,0.6324888
6086,0.06951359,0.85668194,0.073569156,0.00023531346
6087,0.2445596,0.004031306,0.74717355,0.0042354935
6088,0.24199678,0.027870888,0.72905385,0.0010784523
6089,0.006696921,0.94132537,0.05182096,0.0001567333
6090,0.30796713,0.00025162828,0.11266483,0.5791164
6091,0.4962338,0.00027444764,0.4911646,0.012327176
6092,0.057699606,0.9409934,0.0004730044,0.00083403924
6093,0.11989667,0.8779063,0.0013986174,0.00079841097
6094,0.32864654,0.00081578334,0.65425974,0.016277932
6095,0.05941175,0.9392683,0.0004776589,0.0008422465
6096,0.030279778,0.9655267,0.004044399,0.00014916368
6097,0.6585637,0.0033907515,0.28151363,0.05653196
6098,0.4688804,0.0026473734,0.48478243,0.043689813
6099,0.1700121,0.00015269601,0.024595685,0.80523956
6100,0.1757834,0.00018441821,0.000770047,0.8232621
6101,0.5368544,0.00021351413,0.00032924302,0.46260288
6102,0.23310952,0.060888954,0.686838,0.019163603
6103,0.33043626,0.0015252025,0.6660287,0.0020098297
6104,0.1757834,0.00018441821,0.000770047,0.8232621
6105,0.37113315,0.028385853,0.59880716,0.0016738597
6106,0.06750655,0.85389584,0.07836304,0.00023454819
6107,0.120560504,0.59138125,0.26624256,0.02181567
6108,0.2862334,0.00018848902,0.0012750948,0.712303
6109,0.14702773,0.43370458,0.41746324,0.0018044623
6110,0.22341426,0.028554145,0.74692667,0.0011048907
6111,0.31356004,0.00021549223,0.0003322933,0.68589216
6112,0.010091235,0.9888497,0.0009071326,0.00015193154
6113,0.50273514,0.00027464703,0.47833785,0.018652378
6114,0.028491799,0.9708926,0.00042682272,0.00018877849
6115,0.054026254,0.74933994,0.19637373,0.00026008848
6116,0.18603444,0.00016730517,0.048260372,0.76553786
6117,0.47412965,0.00022147628,0.00034152082,0.5253074
6118,0.30136088,0.00024091941,0.00069538906,0.6977028
6119,0.0050742375,0.97460675,0.020130241,0.00018871976
6120,0.081973806,0.589117,0.32473314,0.0041760863
6121,0.21767208,0.00093229103,0.77831864,0.0030769627
6122,0.051691663,0.94757795,0.0004914856,0.00023886802
6123,0.30084923,0.00024108042,0.000856096,0.69805354
6124,0.33078355,0.00051348214,0.62147737,0.047225673
6125,0.11989667,0.8779063,0.0013986174,0.00079841097
6126,0.33043626,0.0015252025,0.6660287,0.0020098297
6127,0.027055088,0.9709405,0.00063406257,0.0013703709
6128,0.22239979,0.0001983751,0.0009950927,0.7764067
6129,0.078678355,0.92062336,0.00048411393,0.00021411768
6130,0.24199678,0.027870888,0.72905385,0.0010784523
6131,0.059762094,0.93954647,0.00048227762,0.00020918249
6132,0.29279998,0.0001950171,0.0008143028,0.7061907
6133,0.5016656,0.00020774035,0.0003203397,0.4978063
6134,0.11638466,0.8808934,0.0017327749,0.0009891676
6135,0.006432408,0.9442521,0.049164917,0.00015054276
6136,0.08751856,0.9102804,0.0014011537,0.00079985923
6137,0.15351711,0.0001467239,0.06286624,0.7834699
6138,0.016885865,0.950414,0.032570295,0.00012975723
6139,0.24963012,0.00017614021,0.00027161167,0.74992216
6140,0.47412965,0.00022147628,0.00034152082,0.5253074
6141,0.20726982,0.064060725,0.7268649,0.0018045828
6142,0.42780378,0.000720479,0.56884515,0.0026306228
6143,0.047852114,0.80285937,0.1490552,0.00023329213
6144,0.20617305,0.00017080008,0.07869616,0.71496
6145,0.3719695,0.02550585,0.6010183,0.0015063299
6146,0.120560504,0.59138125,0.26624256,0.02181567
6147,0.42868584,0.00039020248,0.51984596,0.051077947
6148,0.029520418,0.96695286,0.0033394948,0.00018723767
6149,0.29007497,0.00023520115,0.00036268483,0.70932716
6150,0.23981138,0.00019388975,0.0011429546,0.75885177
6151,0.029894847,0.8940976,0.0758451,0.00016247909
6152,0.3443086,0.00023079583,0.00035589174,0.6551047
6153,0.06951359,0.85668194,0.073569156,0.00023531346
6154,0.22239979,0.0001983751,0.0009950927,0.7764067
6155,0.33043626,0.0015252025,0.6660287,0.0020098297
6156,0.055763554,0.92579854,0.01822558,0.00021230495
6157,0.27067047,0.00020773443,0.00032033055,0.7288014
6158,0.020503819,0.9523121,0.0021677355,0.025016276
6159,0.043951347,0.95244694,0.0034104367,0.00019121531
6160,0.4205438,0.00039378164,0.23810501,0.34095743
6161,0.33455405,0.0007912912,0.66309977,0.0015548806
6162,0.29369837,0.00022713309,0.018391704,0.6876828
6163,0.029520418,0.96695286,0.0033394948,0.00018723767
6164,0.30796713,0.00025162828,0.11266483,0.5791164
6165,0.19138235,0.00017211467,0.020900847,0.7875447
6166,0.21585998,0.00019864034,0.00030630716,0.7836351
6167,0.27075276,0.037828248,0.6903814,0.0010375981
6168,0.53684664,0.0004918818,0.19116896,0.2714925
6169,0.4611614,0.00043181446,0.38604033,0.15236649
6170,0.32551333,0.0046142987,0.6672445,0.0026278347
6171,0.08256067,0.5933346,0.31989875,0.004205984
6172,0.05169105,0.9475668,0.00049147976,0.00025068648
6173,0.060243648,0.00014985942,0.00023108619,0.9393754
6174,0.4343285,0.00028294508,0.5498025,0.015586075
6175,0.03340917,0.9628848,0.0035741916,0.00013182177
6176,0.014991123,0.9307397,0.054125365,0.00014378945
6177,0.29279998,0.0001950171,0.0008143028,0.7061907
6178,0.008470421,0.9906307,0.0003045557,0.00059440103
6179,0.041216794,0.89975804,0.058829397,0.00019576387
6180,0.0051166634,0.987071,0.007622105,0.00019029774
6181,0.30796713,0.00025162828,0.11266483,0.5791164
6182,0.4962338,0.00027444764,0.4911646,0.012327176
6183,0.078678355,0.92062336,0.00048411393,0.00021411768
6184,0.008410116,0.99084854,0.0004719371,0.00026940886
6185,0.029520418,0.96695286,0.0033394948,0.00018723767
6186,0.3443086,0.00023079583,0.00035589174,0.6551047
6187,0.010091235,0.9888497,0.0009071326,0.00015193154
6188,0.4688804,0.0026473734,0.48478243,0.043689813
6189,0.365159,0.00022217832,0.02179948,0.6128193
6190,0.28793624,0.00022061571,0.00034019363,0.7115029
6191,0.034089856,0.94132113,0.00077952683,0.023809424
6192,0.15450375,0.00015025226,0.0031144798,0.8422315
6193,0.096998416,0.8993257,0.003056765,0.0006191266
6194,0.07667882,0.44627094,0.45732465,0.019725548
6195,0.21585998,0.00019864034,0.00030630716,0.7836351
6196,0.22519413,0.00018911083,0.00078964164,0.77382714
6197,0.26825437,0.053565666,0.6763932,0.0017867316
6198,0.365159,0.00022217832,0.02179948,0.6128193
6199,0.2872621,0.00023497555,0.00036233696,0.71214056
6200,0.16221973,0.2768086,0.55758345,0.003388216
6201,0.53684664,0.0004918818,0.19116896,0.2714925
6202,0.10309902,0.4606935,0.43443543,0.001772022
6203,0.29969296,0.023201615,0.67570895,0.0013964875
6204,0.041216794,0.89975804,0.058829397,0.00019576387
6205,0.11987396,0.00013721624,0.08665127,0.7933376
6206,0.34980285,0.00063288974,0.6480114,0.0015529018
6207,0.24592781,0.0021349227,0.7502368,0.0017004304
6208,0.4688804,0.0026473734,0.48478243,0.043689813
6209,0.53684664,0.0004918818,0.19116896,0.2714925
6210,0.112217374,0.5256284,0.3541829,0.007971349
6211,0.07667882,0.44627094,0.45732465,0.019725548
6212,0.024517456,0.97371304,0.0005669446,0.0012025654
6213,0.38141614,0.0017732083,0.6153983,0.0014123308
6214,0.2445596,0.004031306,0.74717355,0.0042354935
6215,0.010080366,0.9702097,0.0188882,0.00082167384
6216,0.010080366,0.9702097,0.0188882,0.00082167384
6217,0.057699606,0.9409934,0.0004730044,0.00083403924
6218,0.365159,0.00022217832,0.02179948,0.6128193
6219,0.23043583,0.00019177675,0.0010342225,0.7683382
6220,0.33582905,0.0002156212,0.0003324921,0.66362286
6221,0.08762457,0.00015927132,0.0002455995,0.91197056
6222,0.53684664,0.0004918818,0.19116896,0.2714925
6223,0.18603444,0.00016730517,0.048260372,0.76553786
6224,0.3907932,0.00022834339,0.00035211002,0.60862637
6225,0.009419153,0.987439,0.003041014,0.000100842786
6226,0.112217374,0.5256284,0.3541829,0.007971349
6227,0.024517456,0.97371304,0.0005669446,0.0012025654
6228,0.4205438,0.00039378164,0.23810501,0.34095743
6229,0.23351637,0.00018599966,0.0038833132,0.7624143
6230,0.22519413,0.00018911083,0.00078964164,0.77382714
6231,0.033567574,0.96527237,0.0007675837,0.00039244216
6232,0.23981138,0.00019388975,0.0011429546,0.75885177
6233,0.067960046,0.8684559,0.063367635,0.00021649213
6234,0.2838535,0.002027454,0.7124711,0.0016479439
6235,0.037081257,0.8416965,0.121021934,0.00020028462
6236,0.11989667,0.8779063,0.0013986174,0.00079841097
6237,0.22243093,0.00018595977,0.0030533164,0.7743298
6238,0.4325938,0.00019644552,0.00056701974,0.56664276
6239,0.22243093,0.00018595977,0.0030533164,0.7743298
6240,0.2838535,0.002027454,0.7124711,0.0016479439
6241,0.05941175,0.9392683,0.0004776589,0.0008422465
6242,0.034089856,0.94132113,0.00077952683,0.023809424
6243,0.2940246,0.022811603,0.66562265,0.017541135
6244,0.4542437,0.00021763027,0.0003355902,0.5452031
6245,0.07107636,0.8879368,0.04081901,0.00016784066
6246,0.19376455,0.00017425703,0.008713679,0.79734755
6247,0.38204616,0.00021305357,0.0008395482,0.6169012
6248,0.11722285,0.4361152,0.44484746,0.0018144918
6249,0.13378689,0.83710784,0.028958894,0.00014642028
6250,0.0050742375,0.97460675,0.020130241,0.00018871976
6251,0.6585637,0.0033907515,0.28151363,0.05653196
6252,0.5016656,0.00020774035,0.0003203397,0.4978063
6253,0.0065231915,0.9575787,0.03574538,0.00015266745
6254,0.27067047,0.00020773443,0.00032033055,0.7288014
6255,0.13378689,0.83710784,0.028958894,0.00014642028
6256,0.38141614,0.0017732083,0.6153983,0.0014123308
6257,0.32434607,0.0037157687,0.6703858,0.0015524094
6258,0.50273514,0.00027464703,0.47833785,0.018652378
6259,0.030502398,0.9152245,0.054098938,0.00017417551
6260,0.34089264,0.0003076697,0.6132217,0.04557798
6261,0.014991123,0.9307397,0.054125365,0.00014378945
6262,0.20617305,0.00017080008,0.07869616,0.71496
6263,0.03047444,0.8874165,0.08194495,0.00016411068
6264,0.0050742375,0.97460675,0.020130241,0.00018871976
6265,0.29194584,0.00023671804,0.0003650239,0.70745236
6266,0.016885865,0.950414,0.032570295,0.00012975723
6267,0.115371615,0.8830371,0.00069723267,0.000893994
6268,0.096998416,0.8993257,0.003056765,0.0006191266
6269,0.06750655,0.85389584,0.07836304,0.00023454819
6270,0.21585998,0.00019864034,0.00030630716,0.7836351
6271,0.18787068,0.026136853,0.7733973,0.0125951
6272,0.29279998,0.0001950171,0.0008143028,0.7061907
6273,0.08256067,0.5933346,0.31989875,0.004205984
6274,0.03340917,0.9628848,0.0035741916,0.00013182177
6275,0.0618446,0.9358715,0.0014539203,0.0008299814
6276,0.45454317,0.00021839864,0.000336775,0.54490167
6277,0.279036,0.03819548,0.6773411,0.005427417
6278,0.28095943,0.00018501592,0.02377223,0.6950833
6279,0.23310952,0.060888954,0.686838,0.019163603
6280,0.5028013,0.0004862331,0.4763017,0.020410752
6281,0.20726982,0.064060725,0.7268649,0.0018045828
6282,0.2940246,0.022811603,0.66562265,0.017541135
6283,0.2568298,0.013589605,0.7086298,0.020950787
6284,0.27067047,0.00020773443,0.00032033055,0.7288014
6285,0.30084923,0.00024108042,0.000856096,0.69805354
6286,0.41860628,0.02623261,0.5533839,0.001777192
6287,0.45643336,0.00022562397,0.0003479166,0.54299307
6288,0.47254646,0.00056352164,0.49426475,0.032625206
6289,0.21585998,0.00019864034,0.00030630716,0.7836351
6290,0.03340917,0.9628848,0.0035741916,0.00013182177
6291,0.2872621,0.00023497555,0.00036233696,0.71214056
6292,0.023179488,0.97558165,0.0010205099,0.00021836792
6293,0.09145732,0.9046136,0.0037892463,0.00013975325
6294,0.53684664,0.0004918818,0.19116896,0.2714925
6295,0.027055088,0.9709405,0.00063406257,0.0013703709
6296,0.30084923,0.00024108042,0.000856096,0.69805354
6297,0.027621659,0.9701905,0.0006387265,0.0015490506
6298,0.02125122,0.8929981,0.085578084,0.00017260262
6299,0.37113315,0.028385853,0.59880716,0.0016738597
6300,0.50273514,0.00027464703,0.47833785,0.018652378
6301,0.25407556,0.037421245,0.6829535,0.025549779
6302,0.030279778,0.9655267,0.004044399,0.00014916368
6303,0.41193673,0.0001998709,0.016061768,0.5718016
6304,0.32551333,0.0046142987,0.6672445,0.0026278347
6305,0.081973806,0.589117,0.32473314,0.0041760863
6306,0.0050473073,0.97369134,0.021073584,0.00018771827
6307,0.4962338,0.00027444764,0.4911646,0.012327176
6308,0.4688804,0.0026473734,0.48478243,0.043689813
6309,0.45643336,0.00022562397,0.0003479166,0.54299307
6310,0.24199678,0.027870888,0.72905385,0.0010784523
6311,0.060243648,0.00014985942,0.00023108619,0.9393754
6312,0.05537453,0.94232583,0.0014639475,0.0008357055
6313,0.23981138,0.00019388975,0.0011429546,0.75885177
6314,0.27067047,0.00020773443,0.00032033055,0.7288014
6315,0.23797901,0.0001898249,0.0013129034,0.7605183
6316,0.50039923,0.00032387837,0.44935614,0.049920734
6317,0.4325938,0.00019644552,0.00056701974,0.56664276
6318,0.22588211,0.00018894291,0.0007889405,0.77314
6319,0.15450375,0.00015025226,0.0031144798,0.8422315
6320,0.04721494,0.9350792,0.017535878,0.00016992644
6321,0.047852114,0.80285937,0.1490552,0.00023329213
6322,0.10309902,0.4606935,0.43443543,0.001772022
6323,0.30136088,0.00024091941,0.00069538906,0.6977028
6324,0.06750655,0.85389584,0.07836304,0.00023454819
6325,0.059762094,0.93954647,0.00048227762,0.00020918249
6326,0.069079496,0.87161034,0.05909291,0.00021727849
6327,0.078678355,0.92062336,0.00048411393,0.00021411768
6328,0.11638466,0.8808934,0.0017327749,0.0009891676
6329,0.29007497,0.00023520115,0.00036268483,0.70932716
6330,0.044088345,0.8144975,0.14118193,0.00023222616
6331,0.23310952,0.060888954,0.686838,0.019163603
6332,0.2823199,0.0038522985,0.69501793,0.01880982
6333,0.24199678,0.027870888,0.72905385,0.0010784523
6334,0.0072606774,0.99211043,0.00048714466,0.00014175074
6335,0.47050506,0.00021978306,0.00033890983,0.5289362
6336,0.3493774,0.084742345,0.56466174,0.0012185223
6337,0.50039923,0.00032387837,0.44935614,0.049920734
6338,0.2823199,0.0038522985,0.69501793,0.01880982
6339,0.18340757,0.00020835607,0.0009135358,0.8154706
6340,0.29279998,0.0001950171,0.0008143028,0.7061907
6341,0.47050506,0.00021978306,0.00033890983,0.5289362
6342,0.06750655,0.85389584,0.07836304,0.00023454819
6343,0.051691663,0.94757795,0.0004914856,0.00023886802
6344,0.38141614,0.0017732083,0.6153983,0.0014123308
6345,0.47021404,0.02055353,0.3954566,0.113775864
6346,0.6585637,0.0033907515,0.28151363,0.05653196
6347,0.028956981,0.966127,0.0046620993,0.000253961
6348,0.26767296,0.059199687,0.67170906,0.0014182753
6349,0.027621659,0.9701905,0.0006387265,0.0015490506
6350,0.010080366,0.9702097,0.0188882,0.00082167384
6351,0.054026254,0.74933994,0.19637373,0.00026008848
6352,0.037081257,0.8416965,0.121021934,0.00020028462
6353,0.26825437,0.053565666,0.6763932,0.0017867316
6354,0.08946695,0.8955782,0.0010795989,0.013875259
6355,0.23351637,0.00018599966,0.0038833132,0.7624143
6356,0.22341426,0.028554145,0.74692667,0.0011048907
6357,0.024517456,0.97371304,0.0005669446,0.0012025654
6358,0.6585637,0.0033907515,0.28151363,0.05653196
6359,0.5835137,0.025290947,0.3382899,0.05290552
6360,0.017864002,0.96507436,0.01670829,0.00035337225
6361,0.2522428,0.0051155575,0.73972833,0.0029133004
6362,0.07667882,0.44627094,0.45732465,0.019725548
6363,0.19376455,0.00017425703,0.008713679,0.79734755
6364,0.07107636,0.8879368,0.04081901,0.00016784066
6365,0.43179908,0.00028611536,0.5466006,0.021314222
6366,0.13358413,0.28153983,0.56711376,0.01776227
6367,0.44105595,0.00042168106,0.25969672,0.29882568
6368,0.5016656,0.00020774035,0.0003203397,0.4978063
6369,0.19376455,0.00017425703,0.008713679,0.79734755
6370,0.05380469,0.94359344,0.0024514848,0.00015043776
6371,0.0065231915,0.9575787,0.03574538,0.00015266745
6372,0.22239979,0.0001983751,0.0009950927,0.7764067
6373,0.029412756,0.96720695,0.0032386282,0.00014166954
6374,0.24592781,0.0021349227,0.7502368,0.0017004304
6375,0.09145732,0.9046136,0.0037892463,0.00013975325
6376,0.069079496,0.87161034,0.05909291,0.00021727849
6377,0.0050473073,0.97369134,0.021073584,0.00018771827
6378,0.4205438,0.00039378164,0.23810501,0.34095743
6379,0.056055058,0.7631993,0.18047328,0.0002722853
6380,0.5028013,0.0004862331,0.4763017,0.020410752
6381,0.05380469,0.94359344,0.0024514848,0.00015043776
6382,0.029894847,0.8940976,0.0758451,0.00016247909
6383,0.47254646,0.00056352164,0.49426475,0.032625206
6384,0.0618446,0.9358715,0.0014539203,0.0008299814
6385,0.22243093,0.00018595977,0.0030533164,0.7743298
6386,0.21980733,0.31930962,0.45862916,0.0022538742
6387,0.33516753,0.0002761428,0.19952022,0.46503612
6388,0.32393888,0.0015411074,0.67297405,0.0015459438
6389,0.3040952,0.0002151658,0.6860252,0.009664459
6390,0.060243648,0.00014985942,0.00023108619,0.9393754
6391,0.27075276,0.037828248,0.6903814,0.0010375981
6392,0.08256067,0.5933346,0.31989875,0.004205984
6393,0.05380469,0.94359344,0.0024514848,0.00015043776
6394,0.05537453,0.94232583,0.0014639475,0.0008357055
6395,0.2568298,0.013589605,0.7086298,0.020950787
6396,0.2940246,0.022811603,0.66562265,0.017541135
6397,0.22341426,0.028554145,0.74692667,0.0011048907
6398,0.3907932,0.00022834339,0.00035211002,0.60862637
6399,0.19376455,0.00017425703,0.008713679,0.79734755
6400,0.009419153,0.987439,0.003041014,0.000100842786
6401,0.007260179,0.99204236,0.00054873707,0.00014873185
6402,0.32434607,0.0037157687,0.6703858,0.0015524094
6403,0.26825437,0.053565666,0.6763932,0.0017867316
6404,0.28095943,0.00018501592,0.02377223,0.6950833
6405,0.18381733,0.00017244734,0.10889956,0.70711064
6406,0.118606016,0.8795679,0.0011624992,0.00066362147
6407,0.23910806,0.14417711,0.6145426,0.002172201
6408,0.051686525,0.93992597,0.0023569001,0.006030644
6409,0.05865415,0.9154758,0.025232922,0.0006371154
6410,0.22519413,0.00018911083,0.00078964164,0.77382714
6411,0.027621659,0.9701905,0.0006387265,0.0015490506
6412,0.0050473073,0.97369134,0.021073584,0.00018771827
6413,0.27075276,0.037828248,0.6903814,0.0010375981
6414,0.051686525,0.93992597,0.0023569001,0.006030644
6415,0.16221973,0.2768086,0.55758345,0.003388216
6416,0.33516753,0.0002761428,0.19952022,0.46503612
6417,0.05380469,0.94359344,0.0024514848,0.00015043776
6418,0.18340757,0.00020835607,0.0009135358,0.8154706
6419,0.096998416,0.8993257,0.003056765,0.0006191266
6420,0.27067047,0.00020773443,0.00032033055,0.7288014
6421,0.034089856,0.94132113,0.00077952683,0.023809424
6422,0.031210126,0.96803904,0.0005267565,0.00022410553
6423,0.22798033,0.18413533,0.58594275,0.0019416315
6424,0.25407556,0.037421245,0.6829535,0.025549779
6425,0.4688804,0.0026473734,0.48478243,0.043689813
6426,0.27067047,0.00020773443,0.00032033055,0.7288014
6427,0.16381082,0.38634264,0.44624537,0.0036011958
6428,0.23043583,0.00019177675,0.0010342225,0.7683382
6429,0.014991123,0.9307397,0.054125365,0.00014378945
6430,0.45643336,0.00022562397,0.0003479166,0.54299307
6431,0.027169298,0.9455354,0.02640645,0.0008888198
6432,0.23351637,0.00018599966,0.0038833132,0.7624143
6433,0.20726982,0.064060725,0.7268649,0.0018045828
6434,0.04260303,0.89850587,0.058736205,0.00015493105
6435,0.29369837,0.00022713309,0.018391704,0.6876828
6436,0.3673958,0.00023891842,0.00036841695,0.63199687
6437,0.4205438,0.00039378164,0.23810501,0.34095743
6438,0.33516753,0.0002761428,0.19952022,0.46503612
6439,0.016885865,0.950414,0.032570295,0.00012975723
6440,0.22341426,0.028554145,0.74692667,0.0011048907
6441,0.3393289,0.0036321902,0.6553068,0.0017321354
6442,0.16221973,0.2768086,0.55758345,0.003388216
6443,0.01498154,0.9301447,0.054730013,0.00014369753
6444,0.34971184,0.0002245348,0.00034623712,0.6497174
6445,0.33455405,0.0007912912,0.66309977,0.0015548806
6446,0.18603444,0.00016730517,0.048260372,0.76553786
6447,0.5177437,0.00031768557,0.47496063,0.006977977
6448,0.09145732,0.9046136,0.0037892463,0.00013975325
6449,0.03273199,0.9331957,0.03394488,0.00012740646
6450,0.23981138,0.00019388975,0.0011429546,0.75885177
6451,0.33582905,0.0002156212,0.0003324921,0.66362286
6452,0.15351711,0.0001467239,0.06286624,0.7834699
6453,0.07107636,0.8879368,0.04081901,0.00016784066
6454,0.043951347,0.95244694,0.0034104367,0.00019121531
6455,0.112217374,0.5256284,0.3541829,0.007971349
6456,0.21980733,0.31930962,0.45862916,0.0022538742
6457,0.05380469,0.94359344,0.0024514848,0.00015043776
6458,0.47254646,0.00056352164,0.49426475,0.032625206
6459,0.33582905,0.0002156212,0.0003324921,0.66362286
6460,0.53684664,0.0004918818,0.19116896,0.2714925
6461,0.031210126,0.96803904,0.0005267565,0.00022410553
6462,0.23981138,0.00019388975,0.0011429546,0.75885177
6463,0.05287948,0.77660745,0.17024928,0.00026378979
6464,0.29194584,0.00023671804,0.0003650239,0.70745236
6465,0.006696921,0.94132537,0.05182096,0.0001567333
6466,0.062628165,0.9097,0.0028558364,0.024816006
6467,0.3719695,0.02550585,0.6010183,0.0015063299
6468,0.23351637,0.00018599966,0.0038833132,0.7624143
6469,0.22341426,0.028554145,0.74692667,0.0011048907
6470,0.29369837,0.00022713309,0.018391704,0.6876828
6471,0.051686525,0.93992597,0.0023569001,0.006030644
6472,0.008470421,0.9906307,0.0003045557,0.00059440103
6473,0.41860628,0.02623261,0.5533839,0.001777192
6474,0.2568298,0.013589605,0.7086298,0.020950787
6475,0.5368544,0.00021351413,0.00032924302,0.46260288
6476,0.008410116,0.99084854,0.0004719371,0.00026940886
6477,0.40257442,0.000235562,0.00036324124,0.5968268
6478,0.34980285,0.00063288974,0.6480114,0.0015529018
6479,0.24592781,0.0021349227,0.7502368,0.0017004304
6480,0.05169105,0.9475668,0.00049147976,0.00025068648
6481,0.34980285,0.00063288974,0.6480114,0.0015529018
6482,0.04009601,0.958679,0.0004433161,0.0007816905
6483,0.34980285,0.00063288974,0.6480114,0.0015529018
6484,0.096998416,0.8993257,0.003056765,0.0006191266
6485,0.120560504,0.59138125,0.26624256,0.02181567
6486,0.020503819,0.9523121,0.0021677355,0.025016276
6487,0.32393888,0.0015411074,0.67297405,0.0015459438
6488,0.18603444,0.00016730517,0.048260372,0.76553786
6489,0.067960046,0.8684559,0.063367635,0.00021649213
6490,0.29007497,0.00023520115,0.00036268483,0.70932716
6491,0.16240886,0.00014815264,0.20495418,0.6324888
6492,0.10309902,0.4606935,0.43443543,0.001772022
6493,0.33582905,0.0002156212,0.0003324921,0.66362286
6494,0.06750655,0.85389584,0.07836304,0.00023454819
6495,0.054026254,0.74933994,0.19637373,0.00026008848
6496,0.22243093,0.00018595977,0.0030533164,0.7743298
6497,0.054026254,0.74933994,0.19637373,0.00026008848
6498,0.031210126,0.96803904,0.0005267565,0.00022410553
6499,0.38204616,0.00021305357,0.0008395482,0.6169012
6500,0.38141614,0.0017732083,0.6153983,0.0014123308
6501,0.081973806,0.589117,0.32473314,0.0041760863
6502,0.47021404,0.02055353,0.3954566,0.113775864
6503,0.0618446,0.9358715,0.0014539203,0.0008299814
6504,0.22798033,0.18413533,0.58594275,0.0019416315
6505,0.0051166634,0.987071,0.007622105,0.00019029774
6506,0.067960046,0.8684559,0.063367635,0.00021649213
6507,0.45643336,0.00022562397,0.0003479166,0.54299307
6508,0.21202113,0.016792705,0.7700736,0.0011125699
6509,0.28140905,0.045252,0.6723195,0.0010195152
6510,0.3493774,0.084742345,0.56466174,0.0012185223
6511,0.033567574,0.96527237,0.0007675837,0.00039244216
6512,0.067960046,0.8684559,0.063367635,0.00021649213
6513,0.47311926,0.00030622171,0.5096424,0.016932102
6514,0.27917597,0.045128375,0.651329,0.024366684
6515,0.2522428,0.0051155575,0.73972833,0.0029133004
6516,0.05941175,0.9392683,0.0004776589,0.0008422465
6517,0.031628847,0.96592414,0.0023055382,0.00014148165
6518,0.25407556,0.037421245,0.6829535,0.025549779
6519,0.4262736,0.0007118676,0.5709191,0.0020954232
6520,0.2940246,0.022811603,0.66562265,0.017541135
6521,0.010080366,0.9702097,0.0188882,0.00082167384
6522,0.17537914,0.00016743744,0.0037457314,0.82070774
6523,0.058100797,0.93993145,0.0012526455,0.0007150822
6524,0.29969296,0.023201615,0.67570895,0.0013964875
6525,0.017912537,0.9099145,0.07200094,0.00017199494
6526,0.2884865,0.00022103717,0.00034084384,0.7109516
6527,0.32667112,0.012077634,0.24655436,0.41469684
6528,0.06750655,0.85389584,0.07836304,0.00023454819
6529,0.5902916,0.00018950604,0.00029222207,0.4092267
6530,0.22519413,0.00018911083,0.00078964164,0.77382714
6531,0.30084923,0.00024108042,0.000856096,0.69805354
6532,0.05941175,0.9392683,0.0004776589,0.0008422465
6533,0.04721494,0.9350792,0.017535878,0.00016992644
6534,0.07618306,0.677577,0.245923,0.0003169097
6535,0.5368544,0.00021351413,0.00032924302,0.46260288
6536,0.09145732,0.9046136,0.0037892463,0.00013975325
6537,0.5835137,0.025290947,0.3382899,0.05290552
6538,0.056055058,0.7631993,0.18047328,0.0002722853
6539,0.10309902,0.4606935,0.43443543,0.001772022
6540,0.2568298,0.013589605,0.7086298,0.020950787
6541,0.08605009,0.55199057,0.340881,0.02107839
6542,0.24963012,0.00017614021,0.00027161167,0.74992216
6543,0.455116,0.00042615377,0.39408875,0.15036911
6544,0.43460894,0.0004069517,0.22141737,0.34356678
6545,0.029412756,0.96720695,0.0032386282,0.00014166954
6546,0.22239979,0.0001983751,0.0009950927,0.7764067
6547,0.47254646,0.00056352164,0.49426475,0.032625206
6548,0.10309902,0.4606935,0.43443543,0.001772022
6549,0.078678355,0.92062336,0.00048411393,0.00021411768
6550,0.28793624,0.00022061571,0.00034019363,0.7115029
6551,0.034089856,0.94132113,0.00077952683,0.023809424
6552,0.30796713,0.00025162828,0.11266483,0.5791164
6553,0.03047444,0.8874165,0.08194495,0.00016411068
6554,0.06750655,0.85389584,0.07836304,0.00023454819
6555,0.22798033,0.18413533,0.58594275,0.0019416315
6556,0.15046999,0.84722257,0.0014689455,0.00083855836
6557,0.43179908,0.00028611536,0.5466006,0.021314222
6558,0.010080366,0.9702097,0.0188882,0.00082167384
6559,0.2940246,0.022811603,0.66562265,0.017541135
6560,0.05537453,0.94232583,0.0014639475,0.0008357055
6561,0.16221973,0.2768086,0.55758345,0.003388216
6562,0.2445596,0.004031306,0.74717355,0.0042354935
6563,0.04567019,0.9338171,0.020353997,0.00015867896
6564,0.4262736,0.0007118676,0.5709191,0.0020954232
6565,0.08751856,0.9102804,0.0014011537,0.00079985923
6566,0.041216794,0.89975804,0.058829397,0.00019576387
6567,0.4325938,0.00019644552,0.00056701974,0.56664276
6568,0.118606016,0.8795679,0.0011624992,0.00066362147
6569,0.16381082,0.38634264,0.44624537,0.0036011958
6570,0.43460894,0.0004069517,0.22141737,0.34356678
6571,0.4205438,0.00039378164,0.23810501,0.34095743
6572,0.4343285,0.00028294508,0.5498025,0.015586075
6573,0.42780378,0.000720479,0.56884515,0.0026306228
6574,0.455116,0.00042615377,0.39408875,0.15036911
6575,0.0072606774,0.99211043,0.00048714466,0.00014175074
6576,0.05976265,0.93955517,0.0004729602,0.00020918444
6577,0.19376455,0.00017425703,0.008713679,0.79734755
6578,0.008410116,0.99084854,0.0004719371,0.00026940886
6579,0.3443086,0.00023079583,0.00035589174,0.6551047
6580,0.6585637,0.0033907515,0.28151363,0.05653196
6581,0.5016656,0.00020774035,0.0003203397,0.4978063
6582,0.2522428,0.0051155575,0.73972833,0.0029133004
6583,0.19138235,0.00017211467,0.020900847,0.7875447
6584,0.15370929,0.41400373,0.42888957,0.003397458
6585,0.07667882,0.44627094,0.45732465,0.019725548
6586,0.05941175,0.9392683,0.0004776589,0.0008422465
6587,0.04567019,0.9338171,0.020353997,0.00015867896
6588,0.5028013,0.0004862331,0.4763017,0.020410752
6589,0.28140905,0.045252,0.6723195,0.0010195152
6590,0.2568298,0.013589605,0.7086298,0.020950787
6591,0.24569519,0.00020183962,0.004183798,0.7499192
6592,0.05865415,0.9154758,0.025232922,0.0006371154
6593,0.23039743,0.00019174478,0.0012007381,0.7682101
6594,0.22341426,0.028554145,0.74692667,0.0011048907
6595,0.024517456,0.97371304,0.0005669446,0.0012025654
6596,0.081973806,0.589117,0.32473314,0.0041760863
6597,0.08946695,0.8955782,0.0010795989,0.013875259
6598,0.24963012,0.00017614021,0.00027161167,0.74992216
6599,0.031628847,0.96592414,0.0023055382,0.00014148165
6600,0.05380469,0.94359344,0.0024514848,0.00015043776
6601,0.2872621,0.00023497555,0.00036233696,0.71214056
6602,0.023183629,0.97575593,0.0008521792,0.00020824383
6603,0.45998165,0.002670785,0.10809399,0.4292536
6604,0.3673958,0.00023891842,0.00036841695,0.63199687
6605,0.029894847,0.8940976,0.0758451,0.00016247909
6606,0.28793624,0.00022061571,0.00034019363,0.7115029
6607,0.027055088,0.9709405,0.00063406257,0.0013703709
6608,0.23981138,0.00019388975,0.0011429546,0.75885177
6609,0.0065231915,0.9575787,0.03574538,0.00015266745
6610,0.029412756,0.96720695,0.0032386282,0.00014166954
6611,0.3272809,0.00022287466,0.00034367712,0.6721525
6612,0.365159,0.00022217832,0.02179948,0.6128193
6613,0.22588211,0.00018894291,0.0007889405,0.77314
6614,0.069079496,0.87161034,0.05909291,0.00021727849
6615,0.057699606,0.9409934,0.0004730044,0.00083403924
6616,0.08762457,0.00015927132,0.0002455995,0.91197056
6617,0.16240886,0.00014815264,0.20495418,0.6324888
6618,0.13378689,0.83710784,0.028958894,0.00014642028
6619,0.4962338,0.00027444764,0.4911646,0.012327176
6620,0.059762094,0.93954647,0.00048227762,0.00020918249
6621,0.47311926,0.00030622171,0.5096424,0.016932102
6622,0.27917597,0.045128375,0.651329,0.024366684
6623,0.27075276,0.037828248,0.6903814,0.0010375981
6624,0.05865415,0.9154758,0.025232922,0.0006371154
6625,0.23310952,0.060888954,0.686838,0.019163603
6626,0.05169105,0.9475668,0.00049147976,0.00025068648
6627,0.22341426,0.028554145,0.74692667,0.0011048907
6628,0.23310952,0.060888954,0.686838,0.019163603
6629,0.0870269,0.00015937565,0.0002457604,0.9125679
6630,0.059762094,0.93954647,0.00048227762,0.00020918249
6631,0.08605009,0.55199057,0.340881,0.02107839
6632,0.3629123,0.00022054618,0.0007065986,0.63616055
6633,0.38141614,0.0017732083,0.6153983,0.0014123308
6634,0.023179488,0.97558165,0.0010205099,0.00021836792
6635,0.47254646,0.00056352164,0.49426475,0.032625206
6636,0.041216794,0.89975804,0.058829397,0.00019576387
6637,0.1700121,0.00015269601,0.024595685,0.80523956
6638,0.07618306,0.677577,0.245923,0.0003169097
6639,0.118606016,0.8795679,0.0011624992,0.00066362147
6640,0.027055088,0.9709405,0.00063406257,0.0013703709
6641,0.29194584,0.00023671804,0.0003650239,0.70745236
6642,0.115371615,0.8830371,0.00069723267,0.000893994
6643,0.5016656,0.00020774035,0.0003203397,0.4978063
6644,0.3673958,0.00023891842,0.00036841695,0.63199687
6645,0.5177437,0.00031768557,0.47496063,0.006977977
6646,0.4688804,0.0026473734,0.48478243,0.043689813
6647,0.3493774,0.084742345,0.56466174,0.0012185223
6648,0.060243648,0.00014985942,0.00023108619,0.9393754
6649,0.27537856,0.05075046,0.66846293,0.0054080933
6650,0.50273514,0.00027464703,0.47833785,0.018652378
6651,0.32864654,0.00081578334,0.65425974,0.016277932
6652,0.14702773,0.43370458,0.41746324,0.0018044623
6653,0.043951347,0.95244694,0.0034104367,0.00019121531
6654,0.05865415,0.9154758,0.025232922,0.0006371154
6655,0.22341426,0.028554145,0.74692667,0.0011048907
6656,0.23722027,0.00017493476,0.049566932,0.71303785
6657,0.05076041,0.9433567,0.0056895837,0.0001932569
6658,0.09145732,0.9046136,0.0037892463,0.00013975325
6659,0.05941175,0.9392683,0.0004776589,0.0008422465
6660,0.029894847,0.8940976,0.0758451,0.00016247909
6661,0.24569519,0.00020183962,0.004183798,0.7499192
6662,0.16381082,0.38634264,0.44624537,0.0036011958
6663,0.29194584,0.00023671804,0.0003650239,0.70745236
6664,0.38141614,0.0017732083,0.6153983,0.0014123308
6665,0.034089856,0.94132113,0.00077952683,0.023809424
6666,0.13358413,0.28153983,0.56711376,0.01776227
6667,0.09145732,0.9046136,0.0037892463,0.00013975325
6668,0.4325938,0.00019644552,0.00056701974,0.56664276
6669,0.08751856,0.9102804,0.0014011537,0.00079985923
6670,0.04721494,0.9350792,0.017535878,0.00016992644
6671,0.29969296,0.023201615,0.67570895,0.0013964875
6672,0.08762457,0.00015927132,0.0002455995,0.91197056
6673,0.04567019,0.9338171,0.020353997,0.00015867896
6674,0.43460894,0.0004069517,0.22141737,0.34356678
6675,0.3719695,0.02550585,0.6010183,0.0015063299
6676,0.03047444,0.8874165,0.08194495,0.00016411068
6677,0.24963012,0.00017614021,0.00027161167,0.74992216
6678,0.06750655,0.85389584,0.07836304,0.00023454819
6679,0.2199419,0.0042609894,0.7741522,0.0016448874
6680,0.07617203,0.80780566,0.11579047,0.00023181007
6681,0.39956847,0.00023495895,0.00036231132,0.59983426
6682,0.027169298,0.9455354,0.02640645,0.0008888198
6683,0.016885865,0.950414,0.032570295,0.00012975723
6684,0.32864654,0.00081578334,0.65425974,0.016277932
6685,0.14702773,0.43370458,0.41746324,0.0018044623
6686,0.4542437,0.00021763027,0.0003355902,0.5452031
6687,0.03340917,0.9628848,0.0035741916,0.00013182177
6688,0.4262736,0.0007118676,0.5709191,0.0020954232
6689,0.027169298,0.9455354,0.02640645,0.0008888198
6690,0.4589139,0.00032638357,0.5329301,0.0078296475
6691,0.5835137,0.025290947,0.3382899,0.05290552
6692,0.01498154,0.9301447,0.054730013,0.00014369753
6693,0.33078355,0.00051348214,0.62147737,0.047225673
6694,0.047852114,0.80285937,0.1490552,0.00023329213
6695,0.15046999,0.84722257,0.0014689455,0.00083855836
6696,0.06951359,0.85668194,0.073569156,0.00023531346
6697,0.45454317,0.00021839864,0.000336775,0.54490167
6698,0.27917597,0.045128375,0.651329,0.024366684
6699,0.32864654,0.00081578334,0.65425974,0.016277932
6700,0.051691663,0.94757795,0.0004914856,0.00023886802
6701,0.3040952,0.0002151658,0.6860252,0.009664459
6702,0.043951347,0.95244694,0.0034104367,0.00019121531
6703,0.14702773,0.43370458,0.41746324,0.0018044623
6704,0.47021404,0.02055353,0.3954566,0.113775864
6705,0.23351637,0.00018599966,0.0038833132,0.7624143
6706,0.06750655,0.85389584,0.07836304,0.00023454819
6707,0.27537856,0.05075046,0.66846293,0.0054080933
6708,0.29279998,0.0001950171,0.0008143028,0.7061907
6709,0.365159,0.00022217832,0.02179948,0.6128193
6710,0.22588211,0.00018894291,0.0007889405,0.77314
6711,0.006696921,0.94132537,0.05182096,0.0001567333
6712,0.38141614,0.0017732083,0.6153983,0.0014123308
6713,0.2574039,0.0788383,0.6615656,0.0021922223
6714,0.3396509,0.0003151755,0.6296568,0.030377068
6715,0.14702773,0.43370458,0.41746324,0.0018044623
6716,0.16381082,0.38634264,0.44624537,0.0036011958
6717,0.010080366,0.9702097,0.0188882,0.00082167384
6718,0.037081257,0.8416965,0.121021934,0.00020028462
6719,0.33516753,0.0002761428,0.19952022,0.46503612
6720,0.08256067,0.5933346,0.31989875,0.004205984
6721,0.3443086,0.00023079583,0.00035589174,0.6551047
6722,0.27917597,0.045128375,0.651329,0.024366684
6723,0.4639658,0.00021135568,0.00032591462,0.53549695
6724,0.047852114,0.80285937,0.1490552,0.00023329213
6725,0.08256067,0.5933346,0.31989875,0.004205984
6726,0.4962338,0.00027444764,0.4911646,0.012327176
6727,0.07618306,0.677577,0.245923,0.0003169097
6728,0.3272809,0.00022287466,0.00034367712,0.6721525
6729,0.21202113,0.016792705,0.7700736,0.0011125699
6730,0.07618306,0.677577,0.245923,0.0003169097
6731,0.10309902,0.4606935,0.43443543,0.001772022
6732,0.034089856,0.94132113,0.00077952683,0.023809424
6733,0.42780378,0.000720479,0.56884515,0.0026306228
6734,0.25407556,0.037421245,0.6829535,0.025549779
6735,0.2862334,0.00018848902,0.0012750948,0.712303
6736,0.13378689,0.83710784,0.028958894,0.00014642028
6737,0.05976265,0.93955517,0.0004729602,0.00020918444
6738,0.17537914,0.00016743744,0.0037457314,0.82070774
6739,0.5028013,0.0004862331,0.4763017,0.020410752
6740,0.30136088,0.00024091941,0.00069538906,0.6977028
6741,0.044088345,0.8144975,0.14118193,0.00023222616
6742,0.01498154,0.9301447,0.054730013,0.00014369753
6743,0.30796713,0.00025162828,0.11266483,0.5791164
6744,0.41860628,0.02623261,0.5533839,0.001777192
6745,0.08762457,0.00015927132,0.0002455995,0.91197056
6746,0.4542437,0.00021763027,0.0003355902,0.5452031
6747,0.22244589,0.00018597228,0.0029862286,0.7743819
6748,0.4262736,0.0007118676,0.5709191,0.0020954232
6749,0.23910806,0.14417711,0.6145426,0.002172201
6750,0.3673958,0.00023891842,0.00036841695,0.63199687
6751,0.0149671845,0.9815692,0.003340473,0.00012320185
6752,0.23981138,0.00019388975,0.0011429546,0.75885177
6753,0.062628165,0.9097,0.0028558364,0.024816006
6754,0.5902916,0.00018950604,0.00029222207,0.4092267
6755,0.009419153,0.987439,0.003041014,0.000100842786
6756,0.3272809,0.00022287466,0.00034367712,0.6721525
6757,0.4639658,0.00021135568,0.00032591462,0.53549695
6758,0.030502398,0.9152245,0.054098938,0.00017417551
6759,0.006696921,0.94132537,0.05182096,0.0001567333
6760,0.069079496,0.87161034,0.05909291,0.00021727849
6761,0.07107636,0.8879368,0.04081901,0.00016784066
6762,0.2199419,0.0042609894,0.7741522,0.0016448874
6763,0.051691663,0.94757795,0.0004914856,0.00023886802
6764,0.16221973,0.2768086,0.55758345,0.003388216
6765,0.34089264,0.0003076697,0.6132217,0.04557798
6766,0.11989667,0.8779063,0.0013986174,0.00079841097
6767,0.20617305,0.00017080008,0.07869616,0.71496
6768,0.013042064,0.9674475,0.019377263,0.00013308659
6769,0.10309902,0.4606935,0.43443543,0.001772022
6770,0.26767296,0.059199687,0.67170906,0.0014182753
6771,0.054026254,0.74933994,0.19637373,0.00026008848
6772,0.33043626,0.0015252025,0.6660287,0.0020098297
6773,0.44105595,0.00042168106,0.25969672,0.29882568
6774,0.04567019,0.9338171,0.020353997,0.00015867896
6775,0.2445596,0.004031306,0.74717355,0.0042354935
6776,0.47311926,0.00030622171,0.5096424,0.016932102
6777,0.5368544,0.00021351413,0.00032924302,0.46260288
6778,0.04260303,0.89850587,0.058736205,0.00015493105
6779,0.21980733,0.31930962,0.45862916,0.0022538742
6780,0.29279998,0.0001950171,0.0008143028,0.7061907
6781,0.3272809,0.00022287466,0.00034367712,0.6721525
6782,0.3629123,0.00022054618,0.0007065986,0.63616055
6783,0.05976265,0.93955517,0.0004729602,0.00020918444
6784,0.118606016,0.8795679,0.0011624992,0.00066362147
6785,0.3393289,0.0036321902,0.6553068,0.0017321354
6786,0.18787068,0.026136853,0.7733973,0.0125951
6787,0.08762457,0.00015927132,0.0002455995,0.91197056
6788,0.060311023,0.00014984868,0.00023106963,0.93930805
6789,0.05865415,0.9154758,0.025232922,0.0006371154
6790,0.028491799,0.9708926,0.00042682272,0.00018877849
6791,0.3272809,0.00022287466,0.00034367712,0.6721525
6792,0.05380469,0.94359344,0.0024514848,0.00015043776
6793,0.22244589,0.00018597228,0.0029862286,0.7743819
6794,0.05933884,8.2584804e-05,0.0016931838,0.93888545
6795,0.007260179,0.99204236,0.00054873707,0.00014873185
6796,0.047852114,0.80285937,0.1490552,0.00023329213
6797,0.22588211,0.00018894291,0.0007889405,0.77314
6798,0.47050506,0.00021978306,0.00033890983,0.5289362
6799,0.4639658,0.00021135568,0.00032591462,0.53549695
6800,0.07667882,0.44627094,0.45732465,0.019725548
6801,0.03340917,0.9628848,0.0035741916,0.00013182177
6802,0.3629123,0.00022054618,0.0007065986,0.63616055
6803,0.3393289,0.0036321902,0.6553068,0.0017321354
6804,0.17239262,0.00016458616,0.020710817,0.806732
6805,0.0870269,0.00015937565,0.0002457604,0.9125679
6806,0.29279998,0.0001950171,0.0008143028,0.7061907
6807,0.455116,0.00042615377,0.39408875,0.15036911
6808,0.059762094,0.93954647,0.00048227762,0.00020918249
6809,0.029894847,0.8940976,0.0758451,0.00016247909
6810,0.0050742375,0.97460675,0.020130241,0.00018871976
6811,0.22341426,0.028554145,0.74692667,0.0011048907
6812,0.11931036,0.87795794,0.0007270545,0.002004611
6813,0.3396509,0.0003151755,0.6296568,0.030377068
6814,0.28793624,0.00022061571,0.00034019363,0.7115029
6815,0.05380469,0.94359344,0.0024514848,0.00015043776
6816,0.5028013,0.0004862331,0.4763017,0.020410752
6817,0.34089264,0.0003076697,0.6132217,0.04557798
6818,0.13378689,0.83710784,0.028958894,0.00014642028
6819,0.18792376,0.00017663714,0.0036613946,0.8082382
6820,0.5902916,0.00018950604,0.00029222207,0.4092267
6821,0.08751856,0.9102804,0.0014011537,0.00079985923
6822,0.15370929,0.41400373,0.42888957,0.003397458
6823,0.23722027,0.00017493476,0.049566932,0.71303785
6824,0.41193673,0.0001998709,0.016061768,0.5718016
6825,0.08751856,0.9102804,0.0014011537,0.00079985923
6826,0.23797901,0.0001898249,0.0013129034,0.7605183
6827,0.47021404,0.02055353,0.3954566,0.113775864
6828,0.32864654,0.00081578334,0.65425974,0.016277932
6829,0.23310952,0.060888954,0.686838,0.019163603
6830,0.42868584,0.00039020248,0.51984596,0.051077947
6831,0.45998165,0.002670785,0.10809399,0.4292536
6832,0.21980733,0.31930962,0.45862916,0.0022538742
6833,0.16240886,0.00014815264,0.20495418,0.6324888
6834,0.455116,0.00042615377,0.39408875,0.15036911
6835,0.051691663,0.94757795,0.0004914856,0.00023886802
6836,0.11987396,0.00013721624,0.08665127,0.7933376
6837,0.04009601,0.958679,0.0004433161,0.0007816905
6838,0.16240886,0.00014815264,0.20495418,0.6324888
6839,0.02125122,0.8929981,0.085578084,0.00017260262
6840,0.19138235,0.00017211467,0.020900847,0.7875447
6841,0.058100797,0.93993145,0.0012526455,0.0007150822
6842,0.2445596,0.004031306,0.74717355,0.0042354935
6843,0.034089856,0.94132113,0.00077952683,0.023809424
6844,0.037081257,0.8416965,0.121021934,0.00020028462
6845,0.051691663,0.94757795,0.0004914856,0.00023886802
6846,0.047852114,0.80285937,0.1490552,0.00023329213
6847,0.010080366,0.9702097,0.0188882,0.00082167384
6848,0.23722027,0.00017493476,0.049566932,0.71303785
6849,0.027621659,0.9701905,0.0006387265,0.0015490506
6850,0.3907932,0.00022834339,0.00035211002,0.60862637
6851,0.096998416,0.8993257,0.003056765,0.0006191266
6852,0.08762457,0.00015927132,0.0002455995,0.91197056
6853,0.45998165,0.002670785,0.10809399,0.4292536
6854,0.26825437,0.053565666,0.6763932,0.0017867316
6855,0.25407556,0.037421245,0.6829535,0.025549779
6856,0.030502398,0.9152245,0.054098938,0.00017417551
6857,0.112217374,0.5256284,0.3541829,0.007971349
6858,0.11989667,0.8779063,0.0013986174,0.00079841097
6859,0.27067047,0.00020773443,0.00032033055,0.7288014
6860,0.056055058,0.7631993,0.18047328,0.0002722853
6861,0.34980285,0.00063288974,0.6480114,0.0015529018
6862,0.28095943,0.00018501592,0.02377223,0.6950833
6863,0.037081257,0.8416965,0.121021934,0.00020028462
6864,0.0149671845,0.9815692,0.003340473,0.00012320185
6865,0.0065231915,0.9575787,0.03574538,0.00015266745
6866,0.067960046,0.8684559,0.063367635,0.00021649213
6867,0.05380469,0.94359344,0.0024514848,0.00015043776
6868,0.05976265,0.93955517,0.0004729602,0.00020918444
6869,0.05865415,0.9154758,0.025232922,0.0006371154
6870,0.03273199,0.9331957,0.03394488,0.00012740646
6871,0.5902916,0.00018950604,0.00029222207,0.4092267
6872,0.22243093,0.00018595977,0.0030533164,0.7743298
6873,0.0051166634,0.987071,0.007622105,0.00019029774
6874,0.07667882,0.44627094,0.45732465,0.019725548
6875,0.26825437,0.053565666,0.6763932,0.0017867316
6876,0.027169298,0.9455354,0.02640645,0.0008888198
6877,0.45643336,0.00022562397,0.0003479166,0.54299307
6878,0.05169105,0.9475668,0.00049147976,0.00025068648
6879,0.28793624,0.00022061571,0.00034019363,0.7115029
6880,0.055763554,0.92579854,0.01822558,0.00021230495
6881,0.17537914,0.00016743744,0.0037457314,0.82070774
6882,0.30136088,0.00024091941,0.00069538906,0.6977028
6883,0.29007497,0.00023520115,0.00036268483,0.70932716
6884,0.033567574,0.96527237,0.0007675837,0.00039244216
6885,0.3040952,0.0002151658,0.6860252,0.009664459
6886,0.13358413,0.28153983,0.56711376,0.01776227
6887,0.38141614,0.0017732083,0.6153983,0.0014123308
6888,0.05169105,0.9475668,0.00049147976,0.00025068648
6889,0.2940246,0.022811603,0.66562265,0.017541135
6890,0.2872621,0.00023497555,0.00036233696,0.71214056
6891,0.3272809,0.00022287466,0.00034367712,0.6721525
6892,0.030502398,0.9152245,0.054098938,0.00017417551
6893,0.11987396,0.00013721624,0.08665127,0.7933376
6894,0.33078355,0.00051348214,0.62147737,0.047225673
6895,0.0618446,0.9358715,0.0014539203,0.0008299814
6896,0.30136088,0.00024091941,0.00069538906,0.6977028
6897,0.07618306,0.677577,0.245923,0.0003169097
6898,0.01498154,0.9301447,0.054730013,0.00014369753
6899,0.057699606,0.9409934,0.0004730044,0.00083403924
6900,0.058100797,0.93993145,0.0012526455,0.0007150822
6901,0.41860628,0.02623261,0.5533839,0.001777192
6902,0.47254646,0.00056352164,0.49426475,0.032625206
6903,0.11987396,0.00013721624,0.08665127,0.7933376
6904,0.3040952,0.0002151658,0.6860252,0.009664459
6905,0.060243648,0.00014985942,0.00023108619,0.9393754
6906,0.22239979,0.0001983751,0.0009950927,0.7764067
6907,0.121940196,0.42337552,0.4528372,0.0018470812
6908,0.22798033,0.18413533,0.58594275,0.0019416315
6909,0.41860628,0.02623261,0.5533839,0.001777192
6910,0.5368544,0.00021351413,0.00032924302,0.46260288
6911,0.45998165,0.002670785,0.10809399,0.4292536
6912,0.0870269,0.00015937565,0.0002457604,0.9125679
6913,0.47254646,0.00056352164,0.49426475,0.032625206
6914,0.20726982,0.064060725,0.7268649,0.0018045828
6915,0.18381733,0.00017244734,0.10889956,0.70711064
6916,0.5368544,0.00021351413,0.00032924302,0.46260288
6917,0.3493774,0.084742345,0.56466174,0.0012185223
6918,0.05076041,0.9433567,0.0056895837,0.0001932569
6919,0.029412756,0.96720695,0.0032386282,0.00014166954
6920,0.33582905,0.0002156212,0.0003324921,0.66362286
6921,0.15046999,0.84722257,0.0014689455,0.00083855836
6922,0.5835137,0.025290947,0.3382899,0.05290552
6923,0.028491799,0.9708926,0.00042682272,0.00018877849
6924,0.115371615,0.8830371,0.00069723267,0.000893994
6925,0.030502398,0.9152245,0.054098938,0.00017417551
6926,0.33043626,0.0015252025,0.6660287,0.0020098297
6927,0.32087034,0.27125627,0.38960943,0.018263943
6928,0.22798033,0.18413533,0.58594275,0.0019416315
6929,0.21980733,0.31930962,0.45862916,0.0022538742
6930,0.23722027,0.00017493476,0.049566932,0.71303785
6931,0.18787068,0.026136853,0.7733973,0.0125951
6932,0.03273199,0.9331957,0.03394488,0.00012740646
6933,0.20617305,0.00017080008,0.07869616,0.71496
6934,0.5016656,0.00020774035,0.0003203397,0.4978063
6935,0.365159,0.00022217832,0.02179948,0.6128193
6936,0.5368544,0.00021351413,0.00032924302,0.46260288
6937,0.062628165,0.9097,0.0028558364,0.024816006
6938,0.04721494,0.9350792,0.017535878,0.00016992644
6939,0.4343285,0.00028294508,0.5498025,0.015586075
6940,0.4205438,0.00039378164,0.23810501,0.34095743
6941,0.16240886,0.00014815264,0.20495418,0.6324888
6942,0.23797901,0.0001898249,0.0013129034,0.7605183
6943,0.29969296,0.023201615,0.67570895,0.0013964875
6944,0.23039743,0.00019174478,0.0012007381,0.7682101
6945,0.05537453,0.94232583,0.0014639475,0.0008357055
6946,0.11638466,0.8808934,0.0017327749,0.0009891676
6947,0.16240886,0.00014815264,0.20495418,0.6324888
6948,0.027621659,0.9701905,0.0006387265,0.0015490506
6949,0.23039743,0.00019174478,0.0012007381,0.7682101
6950,0.6585637,0.0033907515,0.28151363,0.05653196
6951,0.051686525,0.93992597,0.0023569001,0.006030644
6952,0.455116,0.00042615377,0.39408875,0.15036911
6953,0.013042064,0.9674475,0.019377263,0.00013308659
6954,0.017912537,0.9099145,0.07200094,0.00017199494
6955,0.041216794,0.89975804,0.058829397,0.00019576387
6956,0.47050506,0.00021978306,0.00033890983,0.5289362
6957,0.023179488,0.97558165,0.0010205099,0.00021836792
6958,0.33582905,0.0002156212,0.0003324921,0.66362286
6959,0.05941175,0.9392683,0.0004776589,0.0008422465
6960,0.32864654,0.00081578334,0.65425974,0.016277932
6961,0.37113315,0.028385853,0.59880716,0.0016738597
6962,0.23039743,0.00019174478,0.0012007381,0.7682101
6963,0.05976265,0.93955517,0.0004729602,0.00020918444
6964,0.26767296,0.059199687,0.67170906,0.0014182753
6965,0.05287948,0.77660745,0.17024928,0.00026378979
6966,0.3272809,0.00022287466,0.00034367712,0.6721525
6967,0.08751856,0.9102804,0.0014011537,0.00079985923
6968,0.18787068,0.026136853,0.7733973,0.0125951
6969,0.006696921,0.94132537,0.05182096,0.0001567333
6970,0.4688804,0.0026473734,0.48478243,0.043689813
6971,0.42868584,0.00039020248,0.51984596,0.051077947
6972,0.2522428,0.0051155575,0.73972833,0.0029133004
6973,0.29279998,0.0001950171,0.0008143028,0.7061907
6974,0.031628847,0.96592414,0.0023055382,0.00014148165
6975,0.017864002,0.96507436,0.01670829,0.00035337225
6976,0.279036,0.03819548,0.6773411,0.005427417
6977,0.2862334,0.00018848902,0.0012750948,0.712303
6978,0.04567019,0.9338171,0.020353997,0.00015867896
6979,0.30084923,0.00024108042,0.000856096,0.69805354
6980,0.33582905,0.0002156212,0.0003324921,0.66362286
6981,0.059762094,0.93954647,0.00048227762,0.00020918249
6982,0.006432408,0.9442521,0.049164917,0.00015054276
6983,0.25407556,0.037421245,0.6829535,0.025549779
6984,0.20726982,0.064060725,0.7268649,0.0018045828
6985,0.24592781,0.0021349227,0.7502368,0.0017004304
6986,0.33078355,0.00051348214,0.62147737,0.047225673
6987,0.3443086,0.00023079583,0.00035589174,0.6551047
6988,0.22244589,0.00018597228,0.0029862286,0.7743819
6989,0.023179488,0.97558165,0.0010205099,0.00021836792
6990,0.44105595,0.00042168106,0.25969672,0.29882568
6991,0.41193673,0.0001998709,0.016061768,0.5718016
6992,0.5902916,0.00018950604,0.00029222207,0.4092267
6993,0.27537856,0.05075046,0.66846293,0.0054080933
6994,0.008470421,0.9906307,0.0003045557,0.00059440103
6995,0.279036,0.03819548,0.6773411,0.005427417
6996,0.21980733,0.31930962,0.45862916,0.0022538742
6997,0.031210126,0.96803904,0.0005267565,0.00022410553
6998,0.08762457,0.00015927132,0.0002455995,0.91197056
6999,0.3040952,0.0002151658,0.6860252,0.009664459
7000,0.23981138,0.00019388975,0.0011429546,0.75885177
7001,0.07667882,0.44627094,0.45732465,0.019725548
7002,0.4343285,0.00028294508,0.5498025,0.015586075
7003,0.06951359,0.85668194,0.073569156,0.00023531346
7004,0.47021404,0.02055353,0.3954566,0.113775864
7005,0.31356004,0.00021549223,0.0003322933,0.68589216
7006,0.32667112,0.012077634,0.24655436,0.41469684
7007,0.5368544,0.00021351413,0.00032924302,0.46260288
7008,0.13358413,0.28153983,0.56711376,0.01776227
7009,0.4611614,0.00043181446,0.38604033,0.15236649
7010,0.31356004,0.00021549223,0.0003322933,0.68589216
7011,0.38141614,0.0017732083,0.6153983,0.0014123308
7012,0.30136088,0.00024091941,0.00069538906,0.6977028
7013,0.028491799,0.9708926,0.00042682272,0.00018877849
7014,0.029412756,0.96720695,0.0032386282,0.00014166954
7015,0.22243093,0.00018595977,0.0030533164,0.7743298
7016,0.20617305,0.00017080008,0.07869616,0.71496
7017,0.3629123,0.00022054618,0.0007065986,0.63616055
7018,0.23797901,0.0001898249,0.0013129034,0.7605183
7019,0.1700121,0.00015269601,0.024595685,0.80523956
7020,0.04567019,0.9338171,0.020353997,0.00015867896
7021,0.16381082,0.38634264,0.44624537,0.0036011958
7022,0.028491799,0.9708926,0.00042682272,0.00018877849
7023,0.53684664,0.0004918818,0.19116896,0.2714925
7024,0.060311023,0.00014984868,0.00023106963,0.93930805
7025,0.45643336,0.00022562397,0.0003479166,0.54299307
7026,0.20617305,0.00017080008,0.07869616,0.71496
7027,0.05287948,0.77660745,0.17024928,0.00026378979
7028,0.32551333,0.0046142987,0.6672445,0.0026278347
7029,0.07618306,0.677577,0.245923,0.0003169097
7030,0.45454317,0.00021839864,0.000336775,0.54490167
7031,0.21585998,0.00019864034,0.00030630716,0.7836351
7032,0.22239979,0.0001983751,0.0009950927,0.7764067
7033,0.28793624,0.00022061571,0.00034019363,0.7115029
7034,0.2574039,0.0788383,0.6615656,0.0021922223
7035,0.22519413,0.00018911083,0.00078964164,0.77382714
7036,0.42780378,0.000720479,0.56884515,0.0026306228
7037,0.0149671845,0.9815692,0.003340473,0.00012320185
7038,0.043951347,0.95244694,0.0034104367,0.00019121531
7039,0.05941175,0.9392683,0.0004776589,0.0008422465
7040,0.42780378,0.000720479,0.56884515,0.0026306228
7041,0.3396509,0.0003151755,0.6296568,0.030377068
7042,0.22341426,0.028554145,0.74692667,0.0011048907
7043,0.33078355,0.00051348214,0.62147737,0.047225673
7044,0.20617305,0.00017080008,0.07869616,0.71496
7045,0.008410116,0.99084854,0.0004719371,0.00026940886
7046,0.18381733,0.00017244734,0.10889956,0.70711064
7047,0.2574039,0.0788383,0.6615656,0.0021922223
7048,0.029520418,0.96695286,0.0033394948,0.00018723767
7049,0.029894847,0.8940976,0.0758451,0.00016247909
7050,0.38204616,0.00021305357,0.0008395482,0.6169012
7051,0.029520418,0.96695286,0.0033394948,0.00018723767
7052,0.05537453,0.94232583,0.0014639475,0.0008357055
7053,0.07618306,0.677577,0.245923,0.0003169097
7054,0.18792376,0.00017663714,0.0036613946,0.8082382
7055,0.33582905,0.0002156212,0.0003324921,0.66362286
7056,0.0051166634,0.987071,0.007622105,0.00019029774
7057,0.023183629,0.97575593,0.0008521792,0.00020824383
7058,0.010080366,0.9702097,0.0188882,0.00082167384
7059,0.3907932,0.00022834339,0.00035211002,0.60862637
7060,0.24199678,0.027870888,0.72905385,0.0010784523
7061,0.0149671845,0.9815692,0.003340473,0.00012320185
7062,0.32087034,0.27125627,0.38960943,0.018263943
7063,0.47021404,0.02055353,0.3954566,0.113775864
7064,0.18787068,0.026136853,0.7733973,0.0125951
7065,0.051691663,0.94757795,0.0004914856,0.00023886802
7066,0.18340757,0.00020835607,0.0009135358,0.8154706
7067,0.13358413,0.28153983,0.56711376,0.01776227
7068,0.2823199,0.0038522985,0.69501793,0.01880982
7069,0.02125122,0.8929981,0.085578084,0.00017260262
7070,0.027055088,0.9709405,0.00063406257,0.0013703709
7071,0.056055058,0.7631993,0.18047328,0.0002722853
7072,0.007260179,0.99204236,0.00054873707,0.00014873185
7073,0.05380469,0.94359344,0.0024514848,0.00015043776
7074,0.5016656,0.00020774035,0.0003203397,0.4978063
7075,0.007260179,0.99204236,0.00054873707,0.00014873185
7076,0.2522428,0.0051155575,0.73972833,0.0029133004
7077,0.32667112,0.012077634,0.24655436,0.41469684
7078,0.4688804,0.0026473734,0.48478243,0.043689813
7079,0.33516753,0.0002761428,0.19952022,0.46503612
7080,0.17239262,0.00016458616,0.020710817,0.806732
7081,0.455116,0.00042615377,0.39408875,0.15036911
7082,0.062628165,0.9097,0.0028558364,0.024816006
7083,0.05941175,0.9392683,0.0004776589,0.0008422465
7084,0.11722285,0.4361152,0.44484746,0.0018144918
7085,0.11638466,0.8808934,0.0017327749,0.0009891676
7086,0.05380469,0.94359344,0.0024514848,0.00015043776
7087,0.05076041,0.9433567,0.0056895837,0.0001932569
7088,0.32434607,0.0037157687,0.6703858,0.0015524094
7089,0.4688804,0.0026473734,0.48478243,0.043689813
7090,0.027055088,0.9709405,0.00063406257,0.0013703709
7091,0.32434607,0.0037157687,0.6703858,0.0015524094
7092,0.53684664,0.0004918818,0.19116896,0.2714925
7093,0.017009733,0.98245114,0.0003684968,0.00017066294
7094,0.0870269,0.00015937565,0.0002457604,0.9125679
7095,0.3493774,0.084742345,0.56466174,0.0012185223
7096,0.007260179,0.99204236,0.00054873707,0.00014873185
7097,0.06951359,0.85668194,0.073569156,0.00023531346
7098,0.2872621,0.00023497555,0.00036233696,0.71214056
7099,0.15351711,0.0001467239,0.06286624,0.7834699
7100,0.44105595,0.00042168106,0.25969672,0.29882568
7101,0.033567574,0.96527237,0.0007675837,0.00039244216
7102,0.2823199,0.0038522985,0.69501793,0.01880982
7103,0.40257442,0.000235562,0.00036324124,0.5968268
7104,0.33455405,0.0007912912,0.66309977,0.0015548806
7105,0.0051166634,0.987071,0.007622105,0.00019029774
7106,0.23797901,0.0001898249,0.0013129034,0.7605183
7107,0.013042064,0.9674475,0.019377263,0.00013308659
7108,0.043951347,0.95244694,0.0034104367,0.00019121531
7109,0.15046999,0.84722257,0.0014689455,0.00083855836
7110,0.024517456,0.97371304,0.0005669446,0.0012025654
7111,0.033567574,0.96527237,0.0007675837,0.00039244216
7112,0.096998416,0.8993257,0.003056765,0.0006191266
7113,0.0065231915,0.9575787,0.03574538,0.00015266745
7114,0.5368544,0.00021351413,0.00032924302,0.46260288
7115,0.08946695,0.8955782,0.0010795989,0.013875259
7116,0.07667882,0.44627094,0.45732465,0.019725548
7117,0.2940246,0.022811603,0.66562265,0.017541135
7118,0.27917597,0.045128375,0.651329,0.024366684
7119,0.08946695,0.8955782,0.0010795989,0.013875259
7120,0.5028013,0.0004862331,0.4763017,0.020410752
7121,0.33455405,0.0007912912,0.66309977,0.0015548806
7122,0.051691663,0.94757795,0.0004914856,0.00023886802
7123,0.010091235,0.9888497,0.0009071326,0.00015193154
7124,0.4688804,0.0026473734,0.48478243,0.043689813
7125,0.3493774,0.084742345,0.56466174,0.0012185223
7126,0.24963012,0.00017614021,0.00027161167,0.74992216
7127,0.013042064,0.9674475,0.019377263,0.00013308659
7128,0.17537914,0.00016743744,0.0037457314,0.82070774
7129,0.23722027,0.00017493476,0.049566932,0.71303785
7130,0.3673958,0.00023891842,0.00036841695,0.63199687
7131,0.3272809,0.00022287466,0.00034367712,0.6721525
7132,0.13358413,0.28153983,0.56711376,0.01776227
7133,0.05169105,0.9475668,0.00049147976,0.00025068648
7134,0.18787068,0.026136853,0.7733973,0.0125951
7135,0.04260303,0.89850587,0.058736205,0.00015493105
7136,0.38141614,0.0017732083,0.6153983,0.0014123308
7137,0.2568298,0.013589605,0.7086298,0.020950787
7138,0.3272809,0.00022287466,0.00034367712,0.6721525
7139,0.6585637,0.0033907515,0.28151363,0.05653196
7140,0.279036,0.03819548,0.6773411,0.005427417
7141,0.023179488,0.97558165,0.0010205099,0.00021836792
7142,0.33455405,0.0007912912,0.66309977,0.0015548806
7143,0.08946695,0.8955782,0.0010795989,0.013875259
7144,0.056055058,0.7631993,0.18047328,0.0002722853
7145,0.15046999,0.84722257,0.0014689455,0.00083855836
7146,0.010080366,0.9702097,0.0188882,0.00082167384
7147,0.3272809,0.00022287466,0.00034367712,0.6721525
7148,0.041216794,0.89975804,0.058829397,0.00019576387
7149,0.4542437,0.00021763027,0.0003355902,0.5452031
7150,0.05933884,8.2584804e-05,0.0016931838,0.93888545
7151,0.2823199,0.0038522985,0.69501793,0.01880982
7152,0.11722285,0.4361152,0.44484746,0.0018144918
7153,0.4262736,0.0007118676,0.5709191,0.0020954232
7154,0.2199419,0.0042609894,0.7741522,0.0016448874
7155,0.4962338,0.00027444764,0.4911646,0.012327176
7156,0.4639658,0.00021135568,0.00032591462,0.53549695
7157,0.42868584,0.00039020248,0.51984596,0.051077947
7158,0.15046999,0.84722257,0.0014689455,0.00083855836
7159,0.26767296,0.059199687,0.67170906,0.0014182753
7160,0.017864002,0.96507436,0.01670829,0.00035337225
7161,0.28095943,0.00018501592,0.02377223,0.6950833
7162,0.22244589,0.00018597228,0.0029862286,0.7743819
7163,0.051691663,0.94757795,0.0004914856,0.00023886802
7164,0.32667112,0.012077634,0.24655436,0.41469684
7165,0.017912537,0.9099145,0.07200094,0.00017199494
7166,0.054026254,0.74933994,0.19637373,0.00026008848
7167,0.16381082,0.38634264,0.44624537,0.0036011958
7168,0.017912537,0.9099145,0.07200094,0.00017199494
7169,0.023179488,0.97558165,0.0010205099,0.00021836792
7170,0.029520418,0.96695286,0.0033394948,0.00018723767
7171,0.09145732,0.9046136,0.0037892463,0.00013975325
7172,0.07617203,0.80780566,0.11579047,0.00023181007
7173,0.2905138,0.0041128653,0.68792325,0.017450051
7174,0.27917597,0.045128375,0.651329,0.024366684
7175,0.05380469,0.94359344,0.0024514848,0.00015043776
7176,0.1757834,0.00018441821,0.000770047,0.8232621
7177,0.06750655,0.85389584,0.07836304,0.00023454819
7178,0.037081257,0.8416965,0.121021934,0.00020028462
7179,0.0050473073,0.97369134,0.021073584,0.00018771827
7180,0.05865415,0.9154758,0.025232922,0.0006371154
7181,0.01498154,0.9301447,0.054730013,0.00014369753
7182,0.19376455,0.00017425703,0.008713679,0.79734755
7183,0.27067047,0.00020773443,0.00032033055,0.7288014
7184,0.16221973,0.2768086,0.55758345,0.003388216
7185,0.365159,0.00022217832,0.02179948,0.6128193
7186,0.23981138,0.00019388975,0.0011429546,0.75885177
7187,0.47311926,0.00030622171,0.5096424,0.016932102
7188,0.2838535,0.002027454,0.7124711,0.0016479439
7189,0.23039743,0.00019174478,0.0012007381,0.7682101
7190,0.47021404,0.02055353,0.3954566,0.113775864
7191,0.05380469,0.94359344,0.0024514848,0.00015043776
7192,0.059762094,0.93954647,0.00048227762,0.00020918249
7193,0.17239262,0.00016458616,0.020710817,0.806732
7194,0.028956981,0.966127,0.0046620993,0.000253961
7195,0.05380469,0.94359344,0.0024514848,0.00015043776
7196,0.33582905,0.0002156212,0.0003324921,0.66362286
7197,0.22588211,0.00018894291,0.0007889405,0.77314
7198,0.03340917,0.9628848,0.0035741916,0.00013182177
7199,0.11638466,0.8808934,0.0017327749,0.0009891676
7200,0.3907932,0.00022834339,0.00035211002,0.60862637
7201,0.23981138,0.00019388975,0.0011429546,0.75885177
7202,0.32551333,0.0046142987,0.6672445,0.0026278347
7203,0.14702773,0.43370458,0.41746324,0.0018044623
7204,0.121940196,0.42337552,0.4528372,0.0018470812
7205,0.14702773,0.43370458,0.41746324,0.0018044623
7206,0.33078355,0.00051348214,0.62147737,0.047225673
7207,0.0065231915,0.9575787,0.03574538,0.00015266745
7208,0.07617203,0.80780566,0.11579047,0.00023181007
7209,0.32393888,0.0015411074,0.67297405,0.0015459438
7210,0.029894847,0.8940976,0.0758451,0.00016247909
7211,0.05380469,0.94359344,0.0024514848,0.00015043776
7212,0.006696921,0.94132537,0.05182096,0.0001567333
7213,0.47254646,0.00056352164,0.49426475,0.032625206
7214,0.30796713,0.00025162828,0.11266483,0.5791164
7215,0.0050473073,0.97369134,0.021073584,0.00018771827
7216,0.21980733,0.31930962,0.45862916,0.0022538742
7217,0.50273514,0.00027464703,0.47833785,0.018652378
7218,0.28140905,0.045252,0.6723195,0.0010195152
7219,0.04009601,0.958679,0.0004433161,0.0007816905
7220,0.4589139,0.00032638357,0.5329301,0.0078296475
7221,0.07667882,0.44627094,0.45732465,0.019725548
7222,0.45998165,0.002670785,0.10809399,0.4292536
7223,0.38204616,0.00021305357,0.0008395482,0.6169012
7224,0.42780378,0.000720479,0.56884515,0.0026306228
7225,0.40257442,0.000235562,0.00036324124,0.5968268
7226,0.03340917,0.9628848,0.0035741916,0.00013182177
7227,0.06951359,0.85668194,0.073569156,0.00023531346
7228,0.05865415,0.9154758,0.025232922,0.0006371154
7229,0.0870269,0.00015937565,0.0002457604,0.9125679
7230,0.27075276,0.037828248,0.6903814,0.0010375981
7231,0.05537453,0.94232583,0.0014639475,0.0008357055
7232,0.05169105,0.9475668,0.00049147976,0.00025068648
7233,0.4962338,0.00027444764,0.4911646,0.012327176
7234,0.5902916,0.00018950604,0.00029222207,0.4092267
7235,0.22341426,0.028554145,0.74692667,0.0011048907
7236,0.38204616,0.00021305357,0.0008395482,0.6169012
7237,0.23797901,0.0001898249,0.0013129034,0.7605183
7238,0.22519413,0.00018911083,0.00078964164,0.77382714
7239,0.069079496,0.87161034,0.05909291,0.00021727849
7240,0.44105595,0.00042168106,0.25969672,0.29882568
7241,0.13378689,0.83710784,0.028958894,0.00014642028
7242,0.11638466,0.8808934,0.0017327749,0.0009891676
7243,0.078678355,0.92062336,0.00048411393,0.00021411768
7244,0.3907932,0.00022834339,0.00035211002,0.60862637
7245,0.34980285,0.00063288974,0.6480114,0.0015529018
7246,0.22243093,0.00018595977,0.0030533164,0.7743298
7247,0.08751856,0.9102804,0.0014011537,0.00079985923
7248,0.2574039,0.0788383,0.6615656,0.0021922223
7249,0.18787068,0.026136853,0.7733973,0.0125951
7250,0.01498154,0.9301447,0.054730013,0.00014369753
7251,0.27067047,0.00020773443,0.00032033055,0.7288014
7252,0.32667112,0.012077634,0.24655436,0.41469684
7253,0.0870269,0.00015937565,0.0002457604,0.9125679
7254,0.45643336,0.00022562397,0.0003479166,0.54299307
7255,0.029412756,0.96720695,0.0032386282,0.00014166954
7256,0.034089856,0.94132113,0.00077952683,0.023809424
7257,0.013042064,0.9674475,0.019377263,0.00013308659
7258,0.0050742375,0.97460675,0.020130241,0.00018871976
7259,0.16221973,0.2768086,0.55758345,0.003388216
7260,0.030279778,0.9655267,0.004044399,0.00014916368
7261,0.08256067,0.5933346,0.31989875,0.004205984
7262,0.16221973,0.2768086,0.55758345,0.003388216
7263,0.3493774,0.084742345,0.56466174,0.0012185223
7264,0.08751856,0.9102804,0.0014011537,0.00079985923
7265,0.058100797,0.93993145,0.0012526455,0.0007150822
7266,0.024517456,0.97371304,0.0005669446,0.0012025654
7267,0.054026254,0.74933994,0.19637373,0.00026008848
7268,0.2199419,0.0042609894,0.7741522,0.0016448874
7269,0.22519413,0.00018911083,0.00078964164,0.77382714
7270,0.06750655,0.85389584,0.07836304,0.00023454819
7271,0.2838535,0.002027454,0.7124711,0.0016479439
7272,0.029520418,0.96695286,0.0033394948,0.00018723767
7273,0.29369837,0.00022713309,0.018391704,0.6876828
7274,0.455116,0.00042615377,0.39408875,0.15036911
7275,0.016885865,0.950414,0.032570295,0.00012975723
7276,0.50039923,0.00032387837,0.44935614,0.049920734
7277,0.023179488,0.97558165,0.0010205099,0.00021836792
7278,0.5177437,0.00031768557,0.47496063,0.006977977
7279,0.27537856,0.05075046,0.66846293,0.0054080933
7280,0.45454317,0.00021839864,0.000336775,0.54490167
7281,0.006432408,0.9442521,0.049164917,0.00015054276
7282,0.05941175,0.9392683,0.0004776589,0.0008422465
7283,0.013042064,0.9674475,0.019377263,0.00013308659
7284,0.3040952,0.0002151658,0.6860252,0.009664459
7285,0.17537914,0.00016743744,0.0037457314,0.82070774
7286,0.5028013,0.0004862331,0.4763017,0.020410752
7287,0.04567019,0.9338171,0.020353997,0.00015867896
7288,0.05380469,0.94359344,0.0024514848,0.00015043776
7289,0.0065231915,0.9575787,0.03574538,0.00015266745
7290,0.05380469,0.94359344,0.0024514848,0.00015043776
7291,0.3393289,0.0036321902,0.6553068,0.0017321354
7292,0.2574039,0.0788383,0.6615656,0.0021922223
7293,0.29194584,0.00023671804,0.0003650239,0.70745236
7294,0.3907932,0.00022834339,0.00035211002,0.60862637
7295,0.008410116,0.99084854,0.0004719371,0.00026940886
7296,0.02125122,0.8929981,0.085578084,0.00017260262
7297,0.3629123,0.00022054618,0.0007065986,0.63616055
7298,0.41193673,0.0001998709,0.016061768,0.5718016
7299,0.5368544,0.00021351413,0.00032924302,0.46260288
7300,0.11722285,0.4361152,0.44484746,0.0018144918
7301,0.05976265,0.93955517,0.0004729602,0.00020918444
7302,0.08751856,0.9102804,0.0014011537,0.00079985923
7303,0.29194584,0.00023671804,0.0003650239,0.70745236
7304,0.15351711,0.0001467239,0.06286624,0.7834699
7305,0.033567574,0.96527237,0.0007675837,0.00039244216
7306,0.11722285,0.4361152,0.44484746,0.0018144918
7307,0.39956847,0.00023495895,0.00036231132,0.59983426
7308,0.044088345,0.8144975,0.14118193,0.00023222616
7309,0.1700121,0.00015269601,0.024595685,0.80523956
7310,0.006696921,0.94132537,0.05182096,0.0001567333
7311,0.26825437,0.053565666,0.6763932,0.0017867316
7312,0.30136088,0.00024091941,0.00069538906,0.6977028
7313,0.0618446,0.9358715,0.0014539203,0.0008299814
7314,0.45998165,0.002670785,0.10809399,0.4292536
7315,0.5368544,0.00021351413,0.00032924302,0.46260288
7316,0.23797901,0.0001898249,0.0013129034,0.7605183
7317,0.0051166634,0.987071,0.007622105,0.00019029774
7318,0.017009733,0.98245114,0.0003684968,0.00017066294
7319,0.14702773,0.43370458,0.41746324,0.0018044623
7320,0.04009601,0.958679,0.0004433161,0.0007816905
7321,0.05537453,0.94232583,0.0014639475,0.0008357055
7322,0.030502398,0.9152245,0.054098938,0.00017417551
7323,0.03273199,0.9331957,0.03394488,0.00012740646
7324,0.24847563,0.056207716,0.69249874,0.0028178627
7325,0.11931036,0.87795794,0.0007270545,0.002004611
7326,0.34980285,0.00063288974,0.6480114,0.0015529018
7327,0.25407556,0.037421245,0.6829535,0.025549779
7328,0.24847563,0.056207716,0.69249874,0.0028178627
7329,0.27537856,0.05075046,0.66846293,0.0054080933
7330,0.11722285,0.4361152,0.44484746,0.0018144918
7331,0.18792376,0.00017663714,0.0036613946,0.8082382
7332,0.47412965,0.00022147628,0.00034152082,0.5253074
7333,0.05076041,0.9433567,0.0056895837,0.0001932569
7334,0.06951359,0.85668194,0.073569156,0.00023531346
7335,0.24199678,0.027870888,0.72905385,0.0010784523
7336,0.5902916,0.00018950604,0.00029222207,0.4092267
7337,0.5028013,0.0004862331,0.4763017,0.020410752
7338,0.5902916,0.00018950604,0.00029222207,0.4092267
7339,0.08751856,0.9102804,0.0014011537,0.00079985923
7340,0.47021404,0.02055353,0.3954566,0.113775864
7341,0.010091235,0.9888497,0.0009071326,0.00015193154
7342,0.279036,0.03819548,0.6773411,0.005427417
7343,0.41860628,0.02623261,0.5533839,0.001777192
7344,0.3396509,0.0003151755,0.6296568,0.030377068
7345,0.26825437,0.053565666,0.6763932,0.0017867316
7346,0.3719695,0.02550585,0.6010183,0.0015063299
7347,0.05865415,0.9154758,0.025232922,0.0006371154
7348,0.3443086,0.00023079583,0.00035589174,0.6551047
7349,0.23351637,0.00018599966,0.0038833132,0.7624143
7350,0.08256067,0.5933346,0.31989875,0.004205984
7351,0.096998416,0.8993257,0.003056765,0.0006191266
7352,0.24569519,0.00020183962,0.004183798,0.7499192
7353,0.112217374,0.5256284,0.3541829,0.007971349
7354,0.24199678,0.027870888,0.72905385,0.0010784523
7355,0.34971184,0.0002245348,0.00034623712,0.6497174
7356,0.04567019,0.9338171,0.020353997,0.00015867896
7357,0.16240886,0.00014815264,0.20495418,0.6324888
7358,0.0051166634,0.987071,0.007622105,0.00019029774
7359,0.2568298,0.013589605,0.7086298,0.020950787
7360,0.22243093,0.00018595977,0.0030533164,0.7743298
7361,0.4325938,0.00019644552,0.00056701974,0.56664276
7362,0.014991123,0.9307397,0.054125365,0.00014378945
7363,0.16381082,0.38634264,0.44624537,0.0036011958
7364,0.07107636,0.8879368,0.04081901,0.00016784066
7365,0.10309902,0.4606935,0.43443543,0.001772022
7366,0.04721494,0.9350792,0.017535878,0.00016992644
7367,0.033567574,0.96527237,0.0007675837,0.00039244216
7368,0.03340917,0.9628848,0.0035741916,0.00013182177
7369,0.05537453,0.94232583,0.0014639475,0.0008357055
7370,0.01498154,0.9301447,0.054730013,0.00014369753
7371,0.29969296,0.023201615,0.67570895,0.0013964875
7372,0.3272809,0.00022287466,0.00034367712,0.6721525
7373,0.013042064,0.9674475,0.019377263,0.00013308659
7374,0.037081257,0.8416965,0.121021934,0.00020028462
7375,0.044088345,0.8144975,0.14118193,0.00023222616
7376,0.2199419,0.0042609894,0.7741522,0.0016448874
7377,0.047852114,0.80285937,0.1490552,0.00023329213
7378,0.05380469,0.94359344,0.0024514848,0.00015043776
7379,0.0051166634,0.987071,0.007622105,0.00019029774
7380,0.060243648,0.00014985942,0.00023108619,0.9393754
7381,0.09145732,0.9046136,0.0037892463,0.00013975325
7382,0.09145732,0.9046136,0.0037892463,0.00013975325
7383,0.2445596,0.004031306,0.74717355,0.0042354935
7384,0.5016656,0.00020774035,0.0003203397,0.4978063
7385,0.21980733,0.31930962,0.45862916,0.0022538742
7386,0.016885865,0.950414,0.032570295,0.00012975723
7387,0.4205438,0.00039378164,0.23810501,0.34095743
7388,0.29969296,0.023201615,0.67570895,0.0013964875
7389,0.028491799,0.9708926,0.00042682272,0.00018877849
7390,0.24592781,0.0021349227,0.7502368,0.0017004304
7391,0.33582905,0.0002156212,0.0003324921,0.66362286
7392,0.07667882,0.44627094,0.45732465,0.019725548
7393,0.20617305,0.00017080008,0.07869616,0.71496
7394,0.41860628,0.02623261,0.5533839,0.001777192
7395,0.32393888,0.0015411074,0.67297405,0.0015459438
7396,0.19854447,0.29554203,0.5040364,0.0018770674
7397,0.22341426,0.028554145,0.74692667,0.0011048907
7398,0.007260179,0.99204236,0.00054873707,0.00014873185
7399,0.058100797,0.93993145,0.0012526455,0.0007150822
7400,0.40257442,0.000235562,0.00036324124,0.5968268
7401,0.020503819,0.9523121,0.0021677355,0.025016276
7402,0.18792376,0.00017663714,0.0036613946,0.8082382
7403,0.32551333,0.0046142987,0.6672445,0.0026278347
7404,0.6585637,0.0033907515,0.28151363,0.05653196
7405,0.017009733,0.98245114,0.0003684968,0.00017066294
7406,0.08751856,0.9102804,0.0014011537,0.00079985923
7407,0.32551333,0.0046142987,0.6672445,0.0026278347
7408,0.47254646,0.00056352164,0.49426475,0.032625206
7409,0.031210126,0.96803904,0.0005267565,0.00022410553
7410,0.07618306,0.677577,0.245923,0.0003169097
7411,0.043951347,0.95244694,0.0034104367,0.00019121531
7412,0.0870269,0.00015937565,0.0002457604,0.9125679
7413,0.060243648,0.00014985942,0.00023108619,0.9393754
7414,0.28095943,0.00018501592,0.02377223,0.6950833
7415,0.029894847,0.8940976,0.0758451,0.00016247909
7416,0.6585637,0.0033907515,0.28151363,0.05653196
7417,0.062628165,0.9097,0.0028558364,0.024816006
7418,0.21585998,0.00019864034,0.00030630716,0.7836351
7419,0.08751856,0.9102804,0.0014011537,0.00079985923
7420,0.47254646,0.00056352164,0.49426475,0.032625206
7421,0.19376455,0.00017425703,0.008713679,0.79734755
7422,0.4205438,0.00039378164,0.23810501,0.34095743
7423,0.53684664,0.0004918818,0.19116896,0.2714925
7424,0.26825437,0.053565666,0.6763932,0.0017867316
7425,0.33582905,0.0002156212,0.0003324921,0.66362286
7426,0.008410116,0.99084854,0.0004719371,0.00026940886
7427,0.01498154,0.9301447,0.054730013,0.00014369753
7428,0.21202113,0.016792705,0.7700736,0.0011125699
7429,0.029412756,0.96720695,0.0032386282,0.00014166954
7430,0.120560504,0.59138125,0.26624256,0.02181567
7431,0.21202113,0.016792705,0.7700736,0.0011125699
7432,0.0065231915,0.9575787,0.03574538,0.00015266745
7433,0.05976265,0.93955517,0.0004729602,0.00020918444
7434,0.5835137,0.025290947,0.3382899,0.05290552
7435,0.2884865,0.00022103717,0.00034084384,0.7109516
7436,0.08605009,0.55199057,0.340881,0.02107839
7437,0.13358413,0.28153983,0.56711376,0.01776227
7438,0.32551333,0.0046142987,0.6672445,0.0026278347
7439,0.2872621,0.00023497555,0.00036233696,0.71214056
7440,0.2568298,0.013589605,0.7086298,0.020950787
7441,0.0050473073,0.97369134,0.021073584,0.00018771827
7442,0.23310952,0.060888954,0.686838,0.019163603
7443,0.18603444,0.00016730517,0.048260372,0.76553786
7444,0.24963012,0.00017614021,0.00027161167,0.74992216
7445,0.32087034,0.27125627,0.38960943,0.018263943
7446,0.017912537,0.9099145,0.07200094,0.00017199494
7447,0.115371615,0.8830371,0.00069723267,0.000893994
7448,0.028956981,0.966127,0.0046620993,0.000253961
7449,0.45643336,0.00022562397,0.0003479166,0.54299307
7450,0.18792376,0.00017663714,0.0036613946,0.8082382
7451,0.010080366,0.9702097,0.0188882,0.00082167384
7452,0.29969296,0.023201615,0.67570895,0.0013964875
7453,0.06951359,0.85668194,0.073569156,0.00023531346
7454,0.15351711,0.0001467239,0.06286624,0.7834699
7455,0.058100797,0.93993145,0.0012526455,0.0007150822
7456,0.18381733,0.00017244734,0.10889956,0.70711064
7457,0.05537453,0.94232583,0.0014639475,0.0008357055
7458,0.3443086,0.00023079583,0.00035589174,0.6551047
7459,0.34971184,0.0002245348,0.00034623712,0.6497174
7460,0.0050473073,0.97369134,0.021073584,0.00018771827
7461,0.009419153,0.987439,0.003041014,0.000100842786
7462,0.030279778,0.9655267,0.004044399,0.00014916368
7463,0.4589139,0.00032638357,0.5329301,0.0078296475
7464,0.50039923,0.00032387837,0.44935614,0.049920734
7465,0.2872621,0.00023497555,0.00036233696,0.71214056
7466,0.23351637,0.00018599966,0.0038833132,0.7624143
7467,0.11722285,0.4361152,0.44484746,0.0018144918
7468,0.07618306,0.677577,0.245923,0.0003169097
7469,0.04567019,0.9338171,0.020353997,0.00015867896
7470,0.5028013,0.0004862331,0.4763017,0.020410752
7471,0.043951347,0.95244694,0.0034104367,0.00019121531
7472,0.16221973,0.2768086,0.55758345,0.003388216
7473,0.0618446,0.9358715,0.0014539203,0.0008299814
7474,0.09145732,0.9046136,0.0037892463,0.00013975325
7475,0.08605009,0.55199057,0.340881,0.02107839
7476,0.059762094,0.93954647,0.00048227762,0.00020918249
7477,0.3396509,0.0003151755,0.6296568,0.030377068
7478,0.29369837,0.00022713309,0.018391704,0.6876828
7479,0.4325938,0.00019644552,0.00056701974,0.56664276
7480,0.05380469,0.94359344,0.0024514848,0.00015043776
7481,0.055763554,0.92579854,0.01822558,0.00021230495
7482,0.26767296,0.059199687,0.67170906,0.0014182753
7483,0.26767296,0.059199687,0.67170906,0.0014182753
7484,0.19854447,0.29554203,0.5040364,0.0018770674
7485,0.22798033,0.18413533,0.58594275,0.0019416315
7486,0.006696921,0.94132537,0.05182096,0.0001567333
7487,0.2522428,0.0051155575,0.73972833,0.0029133004
7488,0.4611614,0.00043181446,0.38604033,0.15236649
7489,0.19138235,0.00017211467,0.020900847,0.7875447
7490,0.08751856,0.9102804,0.0014011537,0.00079985923
7491,0.47254646,0.00056352164,0.49426475,0.032625206
7492,0.023183629,0.97575593,0.0008521792,0.00020824383
7493,0.11989667,0.8779063,0.0013986174,0.00079841097
7494,0.279036,0.03819548,0.6773411,0.005427417
7495,0.062628165,0.9097,0.0028558364,0.024816006
7496,0.29369837,0.00022713309,0.018391704,0.6876828
7497,0.15370929,0.41400373,0.42888957,0.003397458
7498,0.18792376,0.00017663714,0.0036613946,0.8082382
7499,0.0870269,0.00015937565,0.0002457604,0.9125679
7500,0.031210126,0.96803904,0.0005267565,0.00022410553
7501,0.07618306,0.677577,0.245923,0.0003169097
7502,0.03273199,0.9331957,0.03394488,0.00012740646
7503,0.25407556,0.037421245,0.6829535,0.025549779
7504,0.38141614,0.0017732083,0.6153983,0.0014123308
7505,0.43460894,0.0004069517,0.22141737,0.34356678
7506,0.014991123,0.9307397,0.054125365,0.00014378945
7507,0.04009601,0.958679,0.0004433161,0.0007816905
7508,0.33516753,0.0002761428,0.19952022,0.46503612
7509,0.008410116,0.99084854,0.0004719371,0.00026940886
7510,0.45454317,0.00021839864,0.000336775,0.54490167
7511,0.033567574,0.96527237,0.0007675837,0.00039244216
7512,0.051686525,0.93992597,0.0023569001,0.006030644
7513,0.14702773,0.43370458,0.41746324,0.0018044623
7514,0.1757834,0.00018441821,0.000770047,0.8232621
7515,0.0051166634,0.987071,0.007622105,0.00019029774
7516,0.112217374,0.5256284,0.3541829,0.007971349
7517,0.03273199,0.9331957,0.03394488,0.00012740646
7518,0.2445596,0.004031306,0.74717355,0.0042354935
7519,0.44105595,0.00042168106,0.25969672,0.29882568
7520,0.23351637,0.00018599966,0.0038833132,0.7624143
7521,0.020503819,0.9523121,0.0021677355,0.025016276
7522,0.3443086,0.00023079583,0.00035589174,0.6551047
7523,0.069079496,0.87161034,0.05909291,0.00021727849
7524,0.25407556,0.037421245,0.6829535,0.025549779
7525,0.5902916,0.00018950604,0.00029222207,0.4092267
7526,0.2199419,0.0042609894,0.7741522,0.0016448874
7527,0.29194584,0.00023671804,0.0003650239,0.70745236
7528,0.28793624,0.00022061571,0.00034019363,0.7115029
7529,0.18792376,0.00017663714,0.0036613946,0.8082382
7530,0.043951347,0.95244694,0.0034104367,0.00019121531
7531,0.05941175,0.9392683,0.0004776589,0.0008422465
7532,0.365159,0.00022217832,0.02179948,0.6128193
7533,0.3443086,0.00023079583,0.00035589174,0.6551047
7534,0.121940196,0.42337552,0.4528372,0.0018470812
7535,0.17537914,0.00016743744,0.0037457314,0.82070774
7536,0.11989667,0.8779063,0.0013986174,0.00079841097
7537,0.4542437,0.00021763027,0.0003355902,0.5452031
7538,0.05865415,0.9154758,0.025232922,0.0006371154
7539,0.21585998,0.00019864034,0.00030630716,0.7836351
7540,0.056055058,0.7631993,0.18047328,0.0002722853
7541,0.53684664,0.0004918818,0.19116896,0.2714925
7542,0.30084923,0.00024108042,0.000856096,0.69805354
7543,0.3443086,0.00023079583,0.00035589174,0.6551047
7544,0.18603444,0.00016730517,0.048260372,0.76553786
7545,0.45998165,0.002670785,0.10809399,0.4292536
7546,0.031628847,0.96592414,0.0023055382,0.00014148165
7547,0.45454317,0.00021839864,0.000336775,0.54490167
7548,0.42780378,0.000720479,0.56884515,0.0026306228
7549,0.010080366,0.9702097,0.0188882,0.00082167384
7550,0.4325938,0.00019644552,0.00056701974,0.56664276
7551,0.043951347,0.95244694,0.0034104367,0.00019121531
7552,0.4325938,0.00019644552,0.00056701974,0.56664276
7553,0.006432408,0.9442521,0.049164917,0.00015054276
7554,0.48680708,0.0003890527,0.47468582,0.038118023
7555,0.056055058,0.7631993,0.18047328,0.0002722853
7556,0.5016656,0.00020774035,0.0003203397,0.4978063
7557,0.40257442,0.000235562,0.00036324124,0.5968268
7558,0.47050506,0.00021978306,0.00033890983,0.5289362
7559,0.034089856,0.94132113,0.00077952683,0.023809424
7560,0.29194584,0.00023671804,0.0003650239,0.70745236
7561,0.029412756,0.96720695,0.0032386282,0.00014166954
7562,0.23722027,0.00017493476,0.049566932,0.71303785
7563,0.13358413,0.28153983,0.56711376,0.01776227
7564,0.16240886,0.00014815264,0.20495418,0.6324888
7565,0.2838535,0.002027454,0.7124711,0.0016479439
7566,0.33516753,0.0002761428,0.19952022,0.46503612
7567,0.03340917,0.9628848,0.0035741916,0.00013182177
7568,0.15351711,0.0001467239,0.06286624,0.7834699
7569,0.32087034,0.27125627,0.38960943,0.018263943
7570,0.34971184,0.0002245348,0.00034623712,0.6497174
7571,0.0149671845,0.9815692,0.003340473,0.00012320185
7572,0.3907932,0.00022834339,0.00035211002,0.60862637
7573,0.014991123,0.9307397,0.054125365,0.00014378945
7574,0.23043583,0.00019177675,0.0010342225,0.7683382
7575,0.50273514,0.00027464703,0.47833785,0.018652378
7576,0.22244589,0.00018597228,0.0029862286,0.7743819
7577,0.41193673,0.0001998709,0.016061768,0.5718016
7578,0.2522428,0.0051155575,0.73972833,0.0029133004
7579,0.027169298,0.9455354,0.02640645,0.0008888198
7580,0.27917597,0.045128375,0.651329,0.024366684
7581,0.29279998,0.0001950171,0.0008143028,0.7061907
7582,0.43179908,0.00028611536,0.5466006,0.021314222
7583,0.29007497,0.00023520115,0.00036268483,0.70932716
7584,0.22243093,0.00018595977,0.0030533164,0.7743298
7585,0.48680708,0.0003890527,0.47468582,0.038118023
7586,0.50039923,0.00032387837,0.44935614,0.049920734
7587,0.04260303,0.89850587,0.058736205,0.00015493105
7588,0.47021404,0.02055353,0.3954566,0.113775864
7589,0.030502398,0.9152245,0.054098938,0.00017417551
7590,0.23797901,0.0001898249,0.0013129034,0.7605183
7591,0.43179908,0.00028611536,0.5466006,0.021314222
7592,0.22243093,0.00018595977,0.0030533164,0.7743298
7593,0.030279778,0.9655267,0.004044399,0.00014916368
7594,0.23981138,0.00019388975,0.0011429546,0.75885177
7595,0.27067047,0.00020773443,0.00032033055,0.7288014
7596,0.037081257,0.8416965,0.121021934,0.00020028462
7597,0.3396509,0.0003151755,0.6296568,0.030377068
7598,0.118606016,0.8795679,0.0011624992,0.00066362147
7599,0.027055088,0.9709405,0.00063406257,0.0013703709
7600,0.013042064,0.9674475,0.019377263,0.00013308659
7601,0.2838535,0.002027454,0.7124711,0.0016479439
7602,0.023183629,0.97575593,0.0008521792,0.00020824383
7603,0.020503819,0.9523121,0.0021677355,0.025016276
7604,0.08762457,0.00015927132,0.0002455995,0.91197056
7605,0.21980733,0.31930962,0.45862916,0.0022538742
7606,0.4205438,0.00039378164,0.23810501,0.34095743
7607,0.25407556,0.037421245,0.6829535,0.025549779
7608,0.4205438,0.00039378164,0.23810501,0.34095743
7609,0.23039743,0.00019174478,0.0012007381,0.7682101
7610,0.4542437,0.00021763027,0.0003355902,0.5452031
7611,0.4611614,0.00043181446,0.38604033,0.15236649
7612,0.15046999,0.84722257,0.0014689455,0.00083855836
7613,0.21980733,0.31930962,0.45862916,0.0022538742
7614,0.3443086,0.00023079583,0.00035589174,0.6551047
7615,0.056055058,0.7631993,0.18047328,0.0002722853
7616,0.08751856,0.9102804,0.0014011537,0.00079985923
7617,0.017864002,0.96507436,0.01670829,0.00035337225
7618,0.2884865,0.00022103717,0.00034084384,0.7109516
7619,0.5028013,0.0004862331,0.4763017,0.020410752
7620,0.22341426,0.028554145,0.74692667,0.0011048907
7621,0.3719695,0.02550585,0.6010183,0.0015063299
7622,0.03273199,0.9331957,0.03394488,0.00012740646
7623,0.027055088,0.9709405,0.00063406257,0.0013703709
7624,0.017864002,0.96507436,0.01670829,0.00035337225
7625,0.060311023,0.00014984868,0.00023106963,0.93930805
7626,0.03047444,0.8874165,0.08194495,0.00016411068
7627,0.0870269,0.00015937565,0.0002457604,0.9125679
7628,0.24592781,0.0021349227,0.7502368,0.0017004304
7629,0.3040952,0.0002151658,0.6860252,0.009664459
7630,0.22588211,0.00018894291,0.0007889405,0.77314
7631,0.03047444,0.8874165,0.08194495,0.00016411068
7632,0.096998416,0.8993257,0.003056765,0.0006191266
7633,0.23351637,0.00018599966,0.0038833132,0.7624143
7634,0.4589139,0.00032638357,0.5329301,0.0078296475
7635,0.05076041,0.9433567,0.0056895837,0.0001932569
7636,0.0072606774,0.99211043,0.00048714466,0.00014175074
7637,0.21585998,0.00019864034,0.00030630716,0.7836351
7638,0.34980285,0.00063288974,0.6480114,0.0015529018
7639,0.05941175,0.9392683,0.0004776589,0.0008422465
7640,0.112217374,0.5256284,0.3541829,0.007971349
7641,0.05941175,0.9392683,0.0004776589,0.0008422465
7642,0.32434607,0.0037157687,0.6703858,0.0015524094
7643,0.19138235,0.00017211467,0.020900847,0.7875447
7644,0.055763554,0.92579854,0.01822558,0.00021230495
7645,0.4205438,0.00039378164,0.23810501,0.34095743
7646,0.3396509,0.0003151755,0.6296568,0.030377068
7647,0.09145732,0.9046136,0.0037892463,0.00013975325
7648,0.3393289,0.0036321902,0.6553068,0.0017321354
7649,0.121940196,0.42337552,0.4528372,0.0018470812
7650,0.4325938,0.00019644552,0.00056701974,0.56664276
7651,0.029412756,0.96720695,0.0032386282,0.00014166954
7652,0.3396509,0.0003151755,0.6296568,0.030377068
7653,0.05865415,0.9154758,0.025232922,0.0006371154
7654,0.45643336,0.00022562397,0.0003479166,0.54299307
7655,0.043951347,0.95244694,0.0034104367,0.00019121531
7656,0.22519413,0.00018911083,0.00078964164,0.77382714
7657,0.2872621,0.00023497555,0.00036233696,0.71214056
7658,0.29969296,0.023201615,0.67570895,0.0013964875
7659,0.22519413,0.00018911083,0.00078964164,0.77382714
7660,0.43179908,0.00028611536,0.5466006,0.021314222
7661,0.21585998,0.00019864034,0.00030630716,0.7836351
7662,0.027055088,0.9709405,0.00063406257,0.0013703709
7663,0.09145732,0.9046136,0.0037892463,0.00013975325
7664,0.23722027,0.00017493476,0.049566932,0.71303785
7665,0.45998165,0.002670785,0.10809399,0.4292536
7666,0.05941175,0.9392683,0.0004776589,0.0008422465
7667,0.01498154,0.9301447,0.054730013,0.00014369753
7668,0.08256067,0.5933346,0.31989875,0.004205984
7669,0.11638466,0.8808934,0.0017327749,0.0009891676
7670,0.47311926,0.00030622171,0.5096424,0.016932102
7671,0.28095943,0.00018501592,0.02377223,0.6950833
7672,0.32393888,0.0015411074,0.67297405,0.0015459438
7673,0.04009601,0.958679,0.0004433161,0.0007816905
7674,0.34089264,0.0003076697,0.6132217,0.04557798
7675,0.30796713,0.00025162828,0.11266483,0.5791164
7676,0.047852114,0.80285937,0.1490552,0.00023329213
7677,0.34980285,0.00063288974,0.6480114,0.0015529018
7678,0.43460894,0.0004069517,0.22141737,0.34356678
7679,0.04009601,0.958679,0.0004433161,0.0007816905
7680,0.010091235,0.9888497,0.0009071326,0.00015193154
7681,0.033567574,0.96527237,0.0007675837,0.00039244216
7682,0.0618446,0.9358715,0.0014539203,0.0008299814
7683,0.6585637,0.0033907515,0.28151363,0.05653196
7684,0.50273514,0.00027464703,0.47833785,0.018652378
7685,0.23310952,0.060888954,0.686838,0.019163603
7686,0.02125122,0.8929981,0.085578084,0.00017260262
7687,0.029412756,0.96720695,0.0032386282,0.00014166954
7688,0.19854447,0.29554203,0.5040364,0.0018770674
7689,0.20617305,0.00017080008,0.07869616,0.71496
7690,0.030279778,0.9655267,0.004044399,0.00014916368
7691,0.2838535,0.002027454,0.7124711,0.0016479439
7692,0.22243093,0.00018595977,0.0030533164,0.7743298
7693,0.118606016,0.8795679,0.0011624992,0.00066362147
7694,0.45454317,0.00021839864,0.000336775,0.54490167
7695,0.33455405,0.0007912912,0.66309977,0.0015548806
7696,0.3040952,0.0002151658,0.6860252,0.009664459
7697,0.30796713,0.00025162828,0.11266483,0.5791164
7698,0.043951347,0.95244694,0.0034104367,0.00019121531
7699,0.44105595,0.00042168106,0.25969672,0.29882568
7700,0.29369837,0.00022713309,0.018391704,0.6876828
7701,0.40257442,0.000235562,0.00036324124,0.5968268
7702,0.33516753,0.0002761428,0.19952022,0.46503612
7703,0.3719695,0.02550585,0.6010183,0.0015063299
7704,0.15370929,0.41400373,0.42888957,0.003397458
7705,0.0050473073,0.97369134,0.021073584,0.00018771827
7706,0.024517456,0.97371304,0.0005669446,0.0012025654
7707,0.16381082,0.38634264,0.44624537,0.0036011958
7708,0.2940246,0.022811603,0.66562265,0.017541135
7709,0.060243648,0.00014985942,0.00023108619,0.9393754
7710,0.017009733,0.98245114,0.0003684968,0.00017066294
7711,0.060311023,0.00014984868,0.00023106963,0.93930805
7712,0.1757834,0.00018441821,0.000770047,0.8232621
7713,0.054026254,0.74933994,0.19637373,0.00026008848
7714,0.017864002,0.96507436,0.01670829,0.00035337225
7715,0.23039743,0.00019174478,0.0012007381,0.7682101
7716,0.23310952,0.060888954,0.686838,0.019163603
7717,0.11638466,0.8808934,0.0017327749,0.0009891676
7718,0.05976265,0.93955517,0.0004729602,0.00020918444
7719,0.2872621,0.00023497555,0.00036233696,0.71214056
7720,0.26825437,0.053565666,0.6763932,0.0017867316
7721,0.45454317,0.00021839864,0.000336775,0.54490167
7722,0.11987396,0.00013721624,0.08665127,0.7933376
7723,0.43460894,0.0004069517,0.22141737,0.34356678
7724,0.27067047,0.00020773443,0.00032033055,0.7288014
7725,0.030279778,0.9655267,0.004044399,0.00014916368
7726,0.017864002,0.96507436,0.01670829,0.00035337225
7727,0.069079496,0.87161034,0.05909291,0.00021727849
7728,0.33078355,0.00051348214,0.62147737,0.047225673
7729,0.4343285,0.00028294508,0.5498025,0.015586075
7730,0.365159,0.00022217832,0.02179948,0.6128193
7731,0.069079496,0.87161034,0.05909291,0.00021727849
7732,0.2838535,0.002027454,0.7124711,0.0016479439
7733,0.11638466,0.8808934,0.0017327749,0.0009891676
7734,0.22244589,0.00018597228,0.0029862286,0.7743819
7735,0.5028013,0.0004862331,0.4763017,0.020410752
7736,0.21980733,0.31930962,0.45862916,0.0022538742
7737,0.23797901,0.0001898249,0.0013129034,0.7605183
7738,0.0051166634,0.987071,0.007622105,0.00019029774
7739,0.08946695,0.8955782,0.0010795989,0.013875259
7740,0.051686525,0.93992597,0.0023569001,0.006030644
7741,0.037081257,0.8416965,0.121021934,0.00020028462
7742,0.05976265,0.93955517,0.0004729602,0.00020918444
7743,0.14702773,0.43370458,0.41746324,0.0018044623
7744,0.16221973,0.2768086,0.55758345,0.003388216
7745,0.37113315,0.028385853,0.59880716,0.0016738597
7746,0.5368544,0.00021351413,0.00032924302,0.46260288
7747,0.23039743,0.00019174478,0.0012007381,0.7682101
7748,0.05941175,0.9392683,0.0004776589,0.0008422465
7749,0.08605009,0.55199057,0.340881,0.02107839
7750,0.1757834,0.00018441821,0.000770047,0.8232621
7751,0.016885865,0.950414,0.032570295,0.00012975723
7752,0.2862334,0.00018848902,0.0012750948,0.712303
7753,0.4611614,0.00043181446,0.38604033,0.15236649
7754,0.27075276,0.037828248,0.6903814,0.0010375981
7755,0.455116,0.00042615377,0.39408875,0.15036911
7756,0.47311926,0.00030622171,0.5096424,0.016932102
7757,0.4205438,0.00039378164,0.23810501,0.34095743
7758,0.33043626,0.0015252025,0.6660287,0.0020098297
7759,0.3673958,0.00023891842,0.00036841695,0.63199687
7760,0.23910806,0.14417711,0.6145426,0.002172201
7761,0.031628847,0.96592414,0.0023055382,0.00014148165
7762,0.4262736,0.0007118676,0.5709191,0.0020954232
7763,0.02125122,0.8929981,0.085578084,0.00017260262
7764,0.120560504,0.59138125,0.26624256,0.02181567
7765,0.006432408,0.9442521,0.049164917,0.00015054276
7766,0.08762457,0.00015927132,0.0002455995,0.91197056
7767,0.38141614,0.0017732083,0.6153983,0.0014123308
7768,0.22239979,0.0001983751,0.0009950927,0.7764067
7769,0.044088345,0.8144975,0.14118193,0.00023222616
7770,0.5028013,0.0004862331,0.4763017,0.020410752
7771,0.112217374,0.5256284,0.3541829,0.007971349
7772,0.030279778,0.9655267,0.004044399,0.00014916368
7773,0.18792376,0.00017663714,0.0036613946,0.8082382
7774,0.031210126,0.96803904,0.0005267565,0.00022410553
7775,0.029894847,0.8940976,0.0758451,0.00016247909
7776,0.016885865,0.950414,0.032570295,0.00012975723
7777,0.6585637,0.0033907515,0.28151363,0.05653196
7778,0.33455405,0.0007912912,0.66309977,0.0015548806
7779,0.2445596,0.004031306,0.74717355,0.0042354935
7780,0.006432408,0.9442521,0.049164917,0.00015054276
7781,0.006432408,0.9442521,0.049164917,0.00015054276
7782,0.4205438,0.00039378164,0.23810501,0.34095743
7783,0.24592781,0.0021349227,0.7502368,0.0017004304
7784,0.4611614,0.00043181446,0.38604033,0.15236649
7785,0.18340757,0.00020835607,0.0009135358,0.8154706
7786,0.279036,0.03819548,0.6773411,0.005427417
7787,0.0051166634,0.987071,0.007622105,0.00019029774
7788,0.010080366,0.9702097,0.0188882,0.00082167384
7789,0.47412965,0.00022147628,0.00034152082,0.5253074
7790,0.06951359,0.85668194,0.073569156,0.00023531346
7791,0.27075276,0.037828248,0.6903814,0.0010375981
7792,0.008410116,0.99084854,0.0004719371,0.00026940886
7793,0.013042064,0.9674475,0.019377263,0.00013308659
7794,0.05976265,0.93955517,0.0004729602,0.00020918444
7795,0.02125122,0.8929981,0.085578084,0.00017260262
7796,0.24592781,0.0021349227,0.7502368,0.0017004304
7797,0.014991123,0.9307397,0.054125365,0.00014378945
7798,0.047852114,0.80285937,0.1490552,0.00023329213
7799,0.010091235,0.9888497,0.0009071326,0.00015193154
7800,0.033567574,0.96527237,0.0007675837,0.00039244216
7801,0.32551333,0.0046142987,0.6672445,0.0026278347
7802,0.28793624,0.00022061571,0.00034019363,0.7115029
7803,0.43179908,0.00028611536,0.5466006,0.021314222
7804,0.18381733,0.00017244734,0.10889956,0.70711064
7805,0.044088345,0.8144975,0.14118193,0.00023222616
7806,0.4639658,0.00021135568,0.00032591462,0.53549695
7807,0.23797901,0.0001898249,0.0013129034,0.7605183
7808,0.29279998,0.0001950171,0.0008143028,0.7061907
7809,0.043951347,0.95244694,0.0034104367,0.00019121531
7810,0.22341426,0.028554145,0.74692667,0.0011048907
7811,0.0065231915,0.9575787,0.03574538,0.00015266745
7812,0.0051166634,0.987071,0.007622105,0.00019029774
7813,0.23722027,0.00017493476,0.049566932,0.71303785
7814,0.02125122,0.8929981,0.085578084,0.00017260262
7815,0.4325938,0.00019644552,0.00056701974,0.56664276
7816,0.33455405,0.0007912912,0.66309977,0.0015548806
7817,0.014991123,0.9307397,0.054125365,0.00014378945
7818,0.3040952,0.0002151658,0.6860252,0.009664459
7819,0.031628847,0.96592414,0.0023055382,0.00014148165
7820,0.2884865,0.00022103717,0.00034084384,0.7109516
7821,0.3907932,0.00022834339,0.00035211002,0.60862637
7822,0.0050742375,0.97460675,0.020130241,0.00018871976
7823,0.15450375,0.00015025226,0.0031144798,0.8422315
7824,0.030502398,0.9152245,0.054098938,0.00017417551
7825,0.18340757,0.00020835607,0.0009135358,0.8154706
7826,0.19854447,0.29554203,0.5040364,0.0018770674
7827,0.055763554,0.92579854,0.01822558,0.00021230495
7828,0.3493774,0.084742345,0.56466174,0.0012185223
7829,0.16240886,0.00014815264,0.20495418,0.6324888
7830,0.11989667,0.8779063,0.0013986174,0.00079841097
7831,0.22341426,0.028554145,0.74692667,0.0011048907
7832,0.078678355,0.92062336,0.00048411393,0.00021411768
7833,0.19376455,0.00017425703,0.008713679,0.79734755
7834,0.41193673,0.0001998709,0.016061768,0.5718016
7835,0.23039743,0.00019174478,0.0012007381,0.7682101
7836,0.034089856,0.94132113,0.00077952683,0.023809424
7837,0.42780378,0.000720479,0.56884515,0.0026306228
7838,0.5368544,0.00021351413,0.00032924302,0.46260288
7839,0.043951347,0.95244694,0.0034104367,0.00019121531
7840,0.30084923,0.00024108042,0.000856096,0.69805354
7841,0.3272809,0.00022287466,0.00034367712,0.6721525
7842,0.37113315,0.028385853,0.59880716,0.0016738597
7843,0.38141614,0.0017732083,0.6153983,0.0014123308
7844,0.056055058,0.7631993,0.18047328,0.0002722853
7845,0.08605009,0.55199057,0.340881,0.02107839
7846,0.054026254,0.74933994,0.19637373,0.00026008848
7847,0.2568298,0.013589605,0.7086298,0.020950787
7848,0.47021404,0.02055353,0.3954566,0.113775864
7849,0.38204616,0.00021305357,0.0008395482,0.6169012
7850,0.28095943,0.00018501592,0.02377223,0.6950833
7851,0.45643336,0.00022562397,0.0003479166,0.54299307
7852,0.121940196,0.42337552,0.4528372,0.0018470812
7853,0.05537453,0.94232583,0.0014639475,0.0008357055
7854,0.017009733,0.98245114,0.0003684968,0.00017066294
7855,0.06951359,0.85668194,0.073569156,0.00023531346
7856,0.2199419,0.0042609894,0.7741522,0.0016448874
7857,0.2823199,0.0038522985,0.69501793,0.01880982
7858,0.6585637,0.0033907515,0.28151363,0.05653196
7859,0.53684664,0.0004918818,0.19116896,0.2714925
7860,0.28095943,0.00018501592,0.02377223,0.6950833
7861,0.5177437,0.00031768557,0.47496063,0.006977977
7862,0.115371615,0.8830371,0.00069723267,0.000893994
7863,0.05380469,0.94359344,0.0024514848,0.00015043776
7864,0.006432408,0.9442521,0.049164917,0.00015054276
7865,0.11931036,0.87795794,0.0007270545,0.002004611
7866,0.041216794,0.89975804,0.058829397,0.00019576387
7867,0.05380469,0.94359344,0.0024514848,0.00015043776
7868,0.38204616,0.00021305357,0.0008395482,0.6169012
7869,0.059762094,0.93954647,0.00048227762,0.00020918249
7870,0.50273514,0.00027464703,0.47833785,0.018652378
7871,0.10309902,0.4606935,0.43443543,0.001772022
7872,0.21767208,0.00093229103,0.77831864,0.0030769627
7873,0.07107636,0.8879368,0.04081901,0.00016784066
7874,0.50039923,0.00032387837,0.44935614,0.049920734
7875,0.23039743,0.00019174478,0.0012007381,0.7682101
7876,0.22588211,0.00018894291,0.0007889405,0.77314
7877,0.4262736,0.0007118676,0.5709191,0.0020954232
7878,0.096998416,0.8993257,0.003056765,0.0006191266
7879,0.47021404,0.02055353,0.3954566,0.113775864
7880,0.30136088,0.00024091941,0.00069538906,0.6977028
7881,0.069079496,0.87161034,0.05909291,0.00021727849
7882,0.18792376,0.00017663714,0.0036613946,0.8082382
7883,0.08946695,0.8955782,0.0010795989,0.013875259
7884,0.056055058,0.7631993,0.18047328,0.0002722853
7885,0.03047444,0.8874165,0.08194495,0.00016411068
7886,0.2838535,0.002027454,0.7124711,0.0016479439
7887,0.30136088,0.00024091941,0.00069538906,0.6977028
7888,0.19138235,0.00017211467,0.020900847,0.7875447
7889,0.44105595,0.00042168106,0.25969672,0.29882568
7890,0.112217374,0.5256284,0.3541829,0.007971349
7891,0.2823199,0.0038522985,0.69501793,0.01880982
7892,0.53684664,0.0004918818,0.19116896,0.2714925
7893,0.008410116,0.99084854,0.0004719371,0.00026940886
7894,0.18787068,0.026136853,0.7733973,0.0125951
7895,0.08946695,0.8955782,0.0010795989,0.013875259
7896,0.4542437,0.00021763027,0.0003355902,0.5452031
7897,0.08256067,0.5933346,0.31989875,0.004205984
7898,0.3272809,0.00022287466,0.00034367712,0.6721525
7899,0.2838535,0.002027454,0.7124711,0.0016479439
7900,0.30084923,0.00024108042,0.000856096,0.69805354
7901,0.05865415,0.9154758,0.025232922,0.0006371154
7902,0.24569519,0.00020183962,0.004183798,0.7499192
7903,0.4325938,0.00019644552,0.00056701974,0.56664276
7904,0.121940196,0.42337552,0.4528372,0.0018470812
7905,0.121940196,0.42337552,0.4528372,0.0018470812
7906,0.0050742375,0.97460675,0.020130241,0.00018871976
7907,0.16381082,0.38634264,0.44624537,0.0036011958
7908,0.05287948,0.77660745,0.17024928,0.00026378979
7909,0.057699606,0.9409934,0.0004730044,0.00083403924
7910,0.4262736,0.0007118676,0.5709191,0.0020954232
7911,0.33582905,0.0002156212,0.0003324921,0.66362286
7912,0.18603444,0.00016730517,0.048260372,0.76553786
7913,0.279036,0.03819548,0.6773411,0.005427417
7914,0.32393888,0.0015411074,0.67297405,0.0015459438
7915,0.05380469,0.94359344,0.0024514848,0.00015043776
7916,0.3673958,0.00023891842,0.00036841695,0.63199687
7917,0.24592781,0.0021349227,0.7502368,0.0017004304
7918,0.029412756,0.96720695,0.0032386282,0.00014166954
7919,0.0618446,0.9358715,0.0014539203,0.0008299814
7920,0.1757834,0.00018441821,0.000770047,0.8232621
7921,0.4542437,0.00021763027,0.0003355902,0.5452031
7922,0.22798033,0.18413533,0.58594275,0.0019416315
7923,0.279036,0.03819548,0.6773411,0.005427417
7924,0.027055088,0.9709405,0.00063406257,0.0013703709
7925,0.27537856,0.05075046,0.66846293,0.0054080933
7926,0.28793624,0.00022061571,0.00034019363,0.7115029
7927,0.34971184,0.0002245348,0.00034623712,0.6497174
7928,0.32393888,0.0015411074,0.67297405,0.0015459438
7929,0.23722027,0.00017493476,0.049566932,0.71303785
7930,0.26825437,0.053565666,0.6763932,0.0017867316
7931,0.027169298,0.9455354,0.02640645,0.0008888198
7932,0.04721494,0.9350792,0.017535878,0.00016992644
7933,0.05076041,0.9433567,0.0056895837,0.0001932569
7934,0.04260303,0.89850587,0.058736205,0.00015493105
7935,0.05169105,0.9475668,0.00049147976,0.00025068648
7936,0.04721494,0.9350792,0.017535878,0.00016992644
7937,0.007260179,0.99204236,0.00054873707,0.00014873185
7938,0.05941175,0.9392683,0.0004776589,0.0008422465
7939,0.05287948,0.77660745,0.17024928,0.00026378979
7940,0.027621659,0.9701905,0.0006387265,0.0015490506
7941,0.01498154,0.9301447,0.054730013,0.00014369753
7942,0.13358413,0.28153983,0.56711376,0.01776227
7943,0.19376455,0.00017425703,0.008713679,0.79734755
7944,0.22341426,0.028554145,0.74692667,0.0011048907
7945,0.014991123,0.9307397,0.054125365,0.00014378945
7946,0.4542437,0.00021763027,0.0003355902,0.5452031
7947,0.34971184,0.0002245348,0.00034623712,0.6497174
7948,0.4589139,0.00032638357,0.5329301,0.0078296475
7949,0.033567574,0.96527237,0.0007675837,0.00039244216
7950,0.078678355,0.92062336,0.00048411393,0.00021411768
7951,0.11638466,0.8808934,0.0017327749,0.0009891676
7952,0.041216794,0.89975804,0.058829397,0.00019576387
7953,0.32551333,0.0046142987,0.6672445,0.0026278347
7954,0.3040952,0.0002151658,0.6860252,0.009664459
7955,0.42780378,0.000720479,0.56884515,0.0026306228
7956,0.05169105,0.9475668,0.00049147976,0.00025068648
7957,0.030502398,0.9152245,0.054098938,0.00017417551
7958,0.008470421,0.9906307,0.0003045557,0.00059440103
7959,0.50039923,0.00032387837,0.44935614,0.049920734
7960,0.008410116,0.99084854,0.0004719371,0.00026940886
7961,0.029412756,0.96720695,0.0032386282,0.00014166954
7962,0.055763554,0.92579854,0.01822558,0.00021230495
7963,0.455116,0.00042615377,0.39408875,0.15036911
7964,0.19376455,0.00017425703,0.008713679,0.79734755
7965,0.20617305,0.00017080008,0.07869616,0.71496
7966,0.5835137,0.025290947,0.3382899,0.05290552
7967,0.20617305,0.00017080008,0.07869616,0.71496
7968,0.031628847,0.96592414,0.0023055382,0.00014148165
7969,0.008470421,0.9906307,0.0003045557,0.00059440103
7970,0.21202113,0.016792705,0.7700736,0.0011125699
7971,0.21585998,0.00019864034,0.00030630716,0.7836351
7972,0.0870269,0.00015937565,0.0002457604,0.9125679
7973,0.26767296,0.059199687,0.67170906,0.0014182753
7974,0.29007497,0.00023520115,0.00036268483,0.70932716
7975,0.33455405,0.0007912912,0.66309977,0.0015548806
7976,0.017912537,0.9099145,0.07200094,0.00017199494
7977,0.009419153,0.987439,0.003041014,0.000100842786
7978,0.027055088,0.9709405,0.00063406257,0.0013703709
7979,0.47311926,0.00030622171,0.5096424,0.016932102
7980,0.45454317,0.00021839864,0.000336775,0.54490167
7981,0.033567574,0.96527237,0.0007675837,0.00039244216
7982,0.06951359,0.85668194,0.073569156,0.00023531346
7983,0.029412756,0.96720695,0.0032386282,0.00014166954
7984,0.3719695,0.02550585,0.6010183,0.0015063299
7985,0.2884865,0.00022103717,0.00034084384,0.7109516
7986,0.23043583,0.00019177675,0.0010342225,0.7683382
7987,0.21585998,0.00019864034,0.00030630716,0.7836351
7988,0.5902916,0.00018950604,0.00029222207,0.4092267
7989,0.014991123,0.9307397,0.054125365,0.00014378945
7990,0.05380469,0.94359344,0.0024514848,0.00015043776
7991,0.16240886,0.00014815264,0.20495418,0.6324888
7992,0.29194584,0.00023671804,0.0003650239,0.70745236
7993,0.030279778,0.9655267,0.004044399,0.00014916368
7994,0.41193673,0.0001998709,0.016061768,0.5718016
7995,0.08256067,0.5933346,0.31989875,0.004205984
7996,0.28140905,0.045252,0.6723195,0.0010195152
7997,0.40257442,0.000235562,0.00036324124,0.5968268
7998,0.31356004,0.00021549223,0.0003322933,0.68589216
7999,0.27067047,0.00020773443,0.00032033055,0.7288014
8000,0.2905138,0.0041128653,0.68792325,0.017450051
8001,0.32864654,0.00081578334,0.65425974,0.016277932
8002,0.2862334,0.00018848902,0.0012750948,0.712303
8003,0.06951359,0.85668194,0.073569156,0.00023531346
8004,0.4262736,0.0007118676,0.5709191,0.0020954232
8005,0.18340757,0.00020835607,0.0009135358,0.8154706
8006,0.007260179,0.99204236,0.00054873707,0.00014873185
8007,0.2199419,0.0042609894,0.7741522,0.0016448874
8008,0.037081257,0.8416965,0.121021934,0.00020028462
8009,0.24847563,0.056207716,0.69249874,0.0028178627
8010,0.029520418,0.96695286,0.0033394948,0.00018723767
8011,0.50273514,0.00027464703,0.47833785,0.018652378
8012,0.19376455,0.00017425703,0.008713679,0.79734755
8013,0.04721494,0.9350792,0.017535878,0.00016992644
8014,0.30136088,0.00024091941,0.00069538906,0.6977028
8015,0.5177437,0.00031768557,0.47496063,0.006977977
8016,0.2823199,0.0038522985,0.69501793,0.01880982
8017,0.32667112,0.012077634,0.24655436,0.41469684
8018,0.24847563,0.056207716,0.69249874,0.0028178627
8019,0.279036,0.03819548,0.6773411,0.005427417
8020,0.33516753,0.0002761428,0.19952022,0.46503612
8021,0.081973806,0.589117,0.32473314,0.0041760863
8022,0.48680708,0.0003890527,0.47468582,0.038118023
8023,0.13358413,0.28153983,0.56711376,0.01776227
8024,0.2940246,0.022811603,0.66562265,0.017541135
8025,0.32434607,0.0037157687,0.6703858,0.0015524094
8026,0.37113315,0.028385853,0.59880716,0.0016738597
8027,0.013042064,0.9674475,0.019377263,0.00013308659
8028,0.29194584,0.00023671804,0.0003650239,0.70745236
8029,0.081973806,0.589117,0.32473314,0.0041760863
8030,0.28793624,0.00022061571,0.00034019363,0.7115029
8031,0.04260303,0.89850587,0.058736205,0.00015493105
8032,0.29194584,0.00023671804,0.0003650239,0.70745236
8033,0.4205438,0.00039378164,0.23810501,0.34095743
8034,0.0618446,0.9358715,0.0014539203,0.0008299814
8035,0.2823199,0.0038522985,0.69501793,0.01880982
8036,0.38141614,0.0017732083,0.6153983,0.0014123308
8037,0.5835137,0.025290947,0.3382899,0.05290552
8038,0.2823199,0.0038522985,0.69501793,0.01880982
8039,0.08605009,0.55199057,0.340881,0.02107839
8040,0.2872621,0.00023497555,0.00036233696,0.71214056
8041,0.017912537,0.9099145,0.07200094,0.00017199494
8042,0.39956847,0.00023495895,0.00036231132,0.59983426
8043,0.27075276,0.037828248,0.6903814,0.0010375981
8044,0.4205438,0.00039378164,0.23810501,0.34095743
8045,0.39956847,0.00023495895,0.00036231132,0.59983426
8046,0.0072606774,0.99211043,0.00048714466,0.00014175074
8047,0.04009601,0.958679,0.0004433161,0.0007816905
8048,0.2522428,0.0051155575,0.73972833,0.0029133004
8049,0.013042064,0.9674475,0.019377263,0.00013308659
8050,0.23797901,0.0001898249,0.0013129034,0.7605183
8051,0.5835137,0.025290947,0.3382899,0.05290552
8052,0.25407556,0.037421245,0.6829535,0.025549779
8053,0.41193673,0.0001998709,0.016061768,0.5718016
8054,0.3629123,0.00022054618,0.0007065986,0.63616055
8055,0.18603444,0.00016730517,0.048260372,0.76553786
8056,0.20617305,0.00017080008,0.07869616,0.71496
8057,0.33582905,0.0002156212,0.0003324921,0.66362286
8058,0.32087034,0.27125627,0.38960943,0.018263943
8059,0.027169298,0.9455354,0.02640645,0.0008888198
8060,0.067960046,0.8684559,0.063367635,0.00021649213
8061,0.120560504,0.59138125,0.26624256,0.02181567
8062,0.044088345,0.8144975,0.14118193,0.00023222616
8063,0.15046999,0.84722257,0.0014689455,0.00083855836
8064,0.42868584,0.00039020248,0.51984596,0.051077947
8065,0.0618446,0.9358715,0.0014539203,0.0008299814
8066,0.029894847,0.8940976,0.0758451,0.00016247909
8067,0.2905138,0.0041128653,0.68792325,0.017450051
8068,0.3272809,0.00022287466,0.00034367712,0.6721525
8069,0.028956981,0.966127,0.0046620993,0.000253961
8070,0.39956847,0.00023495895,0.00036231132,0.59983426
8071,0.04721494,0.9350792,0.017535878,0.00016992644
8072,0.04567019,0.9338171,0.020353997,0.00015867896
8073,0.15351711,0.0001467239,0.06286624,0.7834699
8074,0.2574039,0.0788383,0.6615656,0.0021922223
8075,0.53684664,0.0004918818,0.19116896,0.2714925
8076,0.006696921,0.94132537,0.05182096,0.0001567333
8077,0.50039923,0.00032387837,0.44935614,0.049920734
8078,0.02125122,0.8929981,0.085578084,0.00017260262
8079,0.28095943,0.00018501592,0.02377223,0.6950833
8080,0.03273199,0.9331957,0.03394488,0.00012740646
8081,0.28140905,0.045252,0.6723195,0.0010195152
8082,0.027055088,0.9709405,0.00063406257,0.0013703709
8083,0.28095943,0.00018501592,0.02377223,0.6950833
8084,0.05169105,0.9475668,0.00049147976,0.00025068648
8085,0.4542437,0.00021763027,0.0003355902,0.5452031
8086,0.22519413,0.00018911083,0.00078964164,0.77382714
8087,0.0072606774,0.99211043,0.00048714466,0.00014175074
8088,0.27537856,0.05075046,0.66846293,0.0054080933
8089,0.05537453,0.94232583,0.0014639475,0.0008357055
8090,0.2872621,0.00023497555,0.00036233696,0.71214056
8091,0.39956847,0.00023495895,0.00036231132,0.59983426
8092,0.051691663,0.94757795,0.0004914856,0.00023886802
8093,0.017864002,0.96507436,0.01670829,0.00035337225
8094,0.043951347,0.95244694,0.0034104367,0.00019121531
8095,0.05380469,0.94359344,0.0024514848,0.00015043776
8096,0.0618446,0.9358715,0.0014539203,0.0008299814
8097,0.096998416,0.8993257,0.003056765,0.0006191266
8098,0.05380469,0.94359344,0.0024514848,0.00015043776
8099,0.060243648,0.00014985942,0.00023108619,0.9393754
8100,0.05941175,0.9392683,0.0004776589,0.0008422465
8101,0.23797901,0.0001898249,0.0013129034,0.7605183
8102,0.1700121,0.00015269601,0.024595685,0.80523956
8103,0.42780378,0.000720479,0.56884515,0.0026306228
8104,0.41193673,0.0001998709,0.016061768,0.5718016
8105,0.3393289,0.0036321902,0.6553068,0.0017321354
8106,0.43460894,0.0004069517,0.22141737,0.34356678
8107,0.3272809,0.00022287466,0.00034367712,0.6721525
8108,0.23310952,0.060888954,0.686838,0.019163603
8109,0.020503819,0.9523121,0.0021677355,0.025016276
8110,0.059762094,0.93954647,0.00048227762,0.00020918249
8111,0.07667882,0.44627094,0.45732465,0.019725548
8112,0.21202113,0.016792705,0.7700736,0.0011125699
8113,0.0870269,0.00015937565,0.0002457604,0.9125679
8114,0.05941175,0.9392683,0.0004776589,0.0008422465
8115,0.096998416,0.8993257,0.003056765,0.0006191266
8116,0.05076041,0.9433567,0.0056895837,0.0001932569
8117,0.017912537,0.9099145,0.07200094,0.00017199494
8118,0.05933884,8.2584804e-05,0.0016931838,0.93888545
8119,0.11638466,0.8808934,0.0017327749,0.0009891676
8120,0.009419153,0.987439,0.003041014,0.000100842786
8121,0.3393289,0.0036321902,0.6553068,0.0017321354
8122,0.28140905,0.045252,0.6723195,0.0010195152
8123,0.34089264,0.0003076697,0.6132217,0.04557798
8124,0.16240886,0.00014815264,0.20495418,0.6324888
8125,0.014991123,0.9307397,0.054125365,0.00014378945
8126,0.3040952,0.0002151658,0.6860252,0.009664459
8127,0.2445596,0.004031306,0.74717355,0.0042354935
8128,0.23910806,0.14417711,0.6145426,0.002172201
8129,0.3396509,0.0003151755,0.6296568,0.030377068
8130,0.0050473073,0.97369134,0.021073584,0.00018771827
8131,0.11722285,0.4361152,0.44484746,0.0018144918
8132,0.5177437,0.00031768557,0.47496063,0.006977977
8133,0.4589139,0.00032638357,0.5329301,0.0078296475
8134,0.058100797,0.93993145,0.0012526455,0.0007150822
8135,0.365159,0.00022217832,0.02179948,0.6128193
8136,0.037081257,0.8416965,0.121021934,0.00020028462
8137,0.1757834,0.00018441821,0.000770047,0.8232621
8138,0.24847563,0.056207716,0.69249874,0.0028178627
8139,0.21202113,0.016792705,0.7700736,0.0011125699
8140,0.055763554,0.92579854,0.01822558,0.00021230495
8141,0.5902916,0.00018950604,0.00029222207,0.4092267
8142,0.056055058,0.7631993,0.18047328,0.0002722853
8143,0.24199678,0.027870888,0.72905385,0.0010784523
8144,0.031210126,0.96803904,0.0005267565,0.00022410553
8145,0.32667112,0.012077634,0.24655436,0.41469684
8146,0.45643336,0.00022562397,0.0003479166,0.54299307
8147,0.017912537,0.9099145,0.07200094,0.00017199494
8148,0.20617305,0.00017080008,0.07869616,0.71496
8149,0.031628847,0.96592414,0.0023055382,0.00014148165
8150,0.06750655,0.85389584,0.07836304,0.00023454819
8151,0.32434607,0.0037157687,0.6703858,0.0015524094
8152,0.051686525,0.93992597,0.0023569001,0.006030644
8153,0.033567574,0.96527237,0.0007675837,0.00039244216
8154,0.3443086,0.00023079583,0.00035589174,0.6551047
8155,0.27537856,0.05075046,0.66846293,0.0054080933
8156,0.08256067,0.5933346,0.31989875,0.004205984
8157,0.009419153,0.987439,0.003041014,0.000100842786
8158,0.27537856,0.05075046,0.66846293,0.0054080933
8159,0.029894847,0.8940976,0.0758451,0.00016247909
8160,0.121940196,0.42337552,0.4528372,0.0018470812
8161,0.027169298,0.9455354,0.02640645,0.0008888198
8162,0.17239262,0.00016458616,0.020710817,0.806732
8163,0.18792376,0.00017663714,0.0036613946,0.8082382
8164,0.07667882,0.44627094,0.45732465,0.019725548
8165,0.20617305,0.00017080008,0.07869616,0.71496
8166,0.04567019,0.9338171,0.020353997,0.00015867896
8167,0.30136088,0.00024091941,0.00069538906,0.6977028
8168,0.29369837,0.00022713309,0.018391704,0.6876828
8169,0.41860628,0.02623261,0.5533839,0.001777192
8170,0.029412756,0.96720695,0.0032386282,0.00014166954
8171,0.47021404,0.02055353,0.3954566,0.113775864
8172,0.11931036,0.87795794,0.0007270545,0.002004611
8173,0.45643336,0.00022562397,0.0003479166,0.54299307
8174,0.4542437,0.00021763027,0.0003355902,0.5452031
8175,0.06750655,0.85389584,0.07836304,0.00023454819
8176,0.2823199,0.0038522985,0.69501793,0.01880982
8177,0.05287948,0.77660745,0.17024928,0.00026378979
8178,0.3393289,0.0036321902,0.6553068,0.0017321354
8179,0.5016656,0.00020774035,0.0003203397,0.4978063
8180,0.32434607,0.0037157687,0.6703858,0.0015524094
8181,0.006696921,0.94132537,0.05182096,0.0001567333
8182,0.23043583,0.00019177675,0.0010342225,0.7683382
8183,0.24569519,0.00020183962,0.004183798,0.7499192
8184,0.40257442,0.000235562,0.00036324124,0.5968268
8185,0.07618306,0.677577,0.245923,0.0003169097
8186,0.02125122,0.8929981,0.085578084,0.00017260262
8187,0.08605009,0.55199057,0.340881,0.02107839
8188,0.2884865,0.00022103717,0.00034084384,0.7109516
8189,0.09145732,0.9046136,0.0037892463,0.00013975325
8190,0.013042064,0.9674475,0.019377263,0.00013308659
8191,0.05865415,0.9154758,0.025232922,0.0006371154
8192,0.38204616,0.00021305357,0.0008395482,0.6169012
8193,0.47254646,0.00056352164,0.49426475,0.032625206
8194,0.24569519,0.00020183962,0.004183798,0.7499192
8195,0.07667882,0.44627094,0.45732465,0.019725548
8196,0.017864002,0.96507436,0.01670829,0.00035337225
8197,0.29969296,0.023201615,0.67570895,0.0013964875
8198,0.18787068,0.026136853,0.7733973,0.0125951
8199,0.4639658,0.00021135568,0.00032591462,0.53549695
8200,0.031628847,0.96592414,0.0023055382,0.00014148165
8201,0.057699606,0.9409934,0.0004730044,0.00083403924
8202,0.23981138,0.00019388975,0.0011429546,0.75885177
8203,0.28793624,0.00022061571,0.00034019363,0.7115029
8204,0.4343285,0.00028294508,0.5498025,0.015586075
8205,0.0051166634,0.987071,0.007622105,0.00019029774
8206,0.34089264,0.0003076697,0.6132217,0.04557798
8207,0.21585998,0.00019864034,0.00030630716,0.7836351
8208,0.020503819,0.9523121,0.0021677355,0.025016276
8209,0.27917597,0.045128375,0.651329,0.024366684
8210,0.23981138,0.00019388975,0.0011429546,0.75885177
8211,0.014991123,0.9307397,0.054125365,0.00014378945
8212,0.4542437,0.00021763027,0.0003355902,0.5452031
8213,0.30084923,0.00024108042,0.000856096,0.69805354
8214,0.008470421,0.9906307,0.0003045557,0.00059440103
8215,0.033567574,0.96527237,0.0007675837,0.00039244216
8216,0.25407556,0.037421245,0.6829535,0.025549779
8217,0.2872621,0.00023497555,0.00036233696,0.71214056
8218,0.23043583,0.00019177675,0.0010342225,0.7683382
8219,0.2905138,0.0041128653,0.68792325,0.017450051
8220,0.29369837,0.00022713309,0.018391704,0.6876828
8221,0.42868584,0.00039020248,0.51984596,0.051077947
8222,0.034089856,0.94132113,0.00077952683,0.023809424
8223,0.2872621,0.00023497555,0.00036233696,0.71214056
8224,0.23310952,0.060888954,0.686838,0.019163603
8225,0.15370929,0.41400373,0.42888957,0.003397458
8226,0.43179908,0.00028611536,0.5466006,0.021314222
8227,0.22519413,0.00018911083,0.00078964164,0.77382714
8228,0.04567019,0.9338171,0.020353997,0.00015867896
8229,0.23043583,0.00019177675,0.0010342225,0.7683382
8230,0.13358413,0.28153983,0.56711376,0.01776227
8231,0.19376455,0.00017425703,0.008713679,0.79734755
8232,0.05169105,0.9475668,0.00049147976,0.00025068648
8233,0.5177437,0.00031768557,0.47496063,0.006977977
8234,0.05380469,0.94359344,0.0024514848,0.00015043776
8235,0.5368544,0.00021351413,0.00032924302,0.46260288
8236,0.044088345,0.8144975,0.14118193,0.00023222616
8237,0.33455405,0.0007912912,0.66309977,0.0015548806
8238,0.30084923,0.00024108042,0.000856096,0.69805354
8239,0.5368544,0.00021351413,0.00032924302,0.46260288
8240,0.42868584,0.00039020248,0.51984596,0.051077947
8241,0.08256067,0.5933346,0.31989875,0.004205984
8242,0.08762457,0.00015927132,0.0002455995,0.91197056
8243,0.2445596,0.004031306,0.74717355,0.0042354935
8244,0.29007497,0.00023520115,0.00036268483,0.70932716
8245,0.18603444,0.00016730517,0.048260372,0.76553786
8246,0.078678355,0.92062336,0.00048411393,0.00021411768
8247,0.05976265,0.93955517,0.0004729602,0.00020918444
8248,0.39956847,0.00023495895,0.00036231132,0.59983426
8249,0.47254646,0.00056352164,0.49426475,0.032625206
8250,0.50273514,0.00027464703,0.47833785,0.018652378
8251,0.043951347,0.95244694,0.0034104367,0.00019121531
8252,0.4325938,0.00019644552,0.00056701974,0.56664276
8253,0.3443086,0.00023079583,0.00035589174,0.6551047
8254,0.18340757,0.00020835607,0.0009135358,0.8154706
8255,0.11722285,0.4361152,0.44484746,0.0018144918
8256,0.23310952,0.060888954,0.686838,0.019163603
8257,0.023179488,0.97558165,0.0010205099,0.00021836792
8258,0.22519413,0.00018911083,0.00078964164,0.77382714
8259,0.5177437,0.00031768557,0.47496063,0.006977977
8260,0.034089856,0.94132113,0.00077952683,0.023809424
8261,0.05380469,0.94359344,0.0024514848,0.00015043776
8262,0.2940246,0.022811603,0.66562265,0.017541135
8263,0.28095943,0.00018501592,0.02377223,0.6950833
8264,0.030502398,0.9152245,0.054098938,0.00017417551
8265,0.27537856,0.05075046,0.66846293,0.0054080933
8266,0.120560504,0.59138125,0.26624256,0.02181567
8267,0.006432408,0.9442521,0.049164917,0.00015054276
8268,0.32434607,0.0037157687,0.6703858,0.0015524094
8269,0.031210126,0.96803904,0.0005267565,0.00022410553
8270,0.008410116,0.99084854,0.0004719371,0.00026940886
8271,0.07107636,0.8879368,0.04081901,0.00016784066
8272,0.5028013,0.0004862331,0.4763017,0.020410752
8273,0.4688804,0.0026473734,0.48478243,0.043689813
8274,0.017009733,0.98245114,0.0003684968,0.00017066294
8275,0.024517456,0.97371304,0.0005669446,0.0012025654
8276,0.22798033,0.18413533,0.58594275,0.0019416315
8277,0.53684664,0.0004918818,0.19116896,0.2714925
8278,0.27075276,0.037828248,0.6903814,0.0010375981
8279,0.2522428,0.0051155575,0.73972833,0.0029133004
8280,0.13358413,0.28153983,0.56711376,0.01776227
8281,0.028491799,0.9708926,0.00042682272,0.00018877849
8282,0.19138235,0.00017211467,0.020900847,0.7875447
8283,0.067960046,0.8684559,0.063367635,0.00021649213
8284,0.3443086,0.00023079583,0.00035589174,0.6551047
8285,0.15450375,0.00015025226,0.0031144798,0.8422315
8286,0.26767296,0.059199687,0.67170906,0.0014182753
8287,0.53684664,0.0004918818,0.19116896,0.2714925
8288,0.30084923,0.00024108042,0.000856096,0.69805354
8289,0.2862334,0.00018848902,0.0012750948,0.712303
8290,0.013042064,0.9674475,0.019377263,0.00013308659
8291,0.3443086,0.00023079583,0.00035589174,0.6551047
8292,0.14702773,0.43370458,0.41746324,0.0018044623
8293,0.11638466,0.8808934,0.0017327749,0.0009891676
8294,0.5177437,0.00031768557,0.47496063,0.006977977
8295,0.25407556,0.037421245,0.6829535,0.025549779
8296,0.2199419,0.0042609894,0.7741522,0.0016448874
8297,0.17537914,0.00016743744,0.0037457314,0.82070774
8298,0.5835137,0.025290947,0.3382899,0.05290552
8299,0.38204616,0.00021305357,0.0008395482,0.6169012
8300,0.31356004,0.00021549223,0.0003322933,0.68589216
8301,0.3493774,0.084742345,0.56466174,0.0012185223
8302,0.18792376,0.00017663714,0.0036613946,0.8082382
8303,0.017864002,0.96507436,0.01670829,0.00035337225
8304,0.2940246,0.022811603,0.66562265,0.017541135
8305,0.014991123,0.9307397,0.054125365,0.00014378945
8306,0.27075276,0.037828248,0.6903814,0.0010375981
8307,0.023179488,0.97558165,0.0010205099,0.00021836792
8308,0.27537856,0.05075046,0.66846293,0.0054080933
8309,0.3443086,0.00023079583,0.00035589174,0.6551047
8310,0.41860628,0.02623261,0.5533839,0.001777192
8311,0.014991123,0.9307397,0.054125365,0.00014378945
8312,0.4589139,0.00032638357,0.5329301,0.0078296475
8313,0.006696921,0.94132537,0.05182096,0.0001567333
8314,0.062628165,0.9097,0.0028558364,0.024816006
8315,0.3272809,0.00022287466,0.00034367712,0.6721525
8316,0.41193673,0.0001998709,0.016061768,0.5718016
8317,0.24569519,0.00020183962,0.004183798,0.7499192
8318,0.3272809,0.00022287466,0.00034367712,0.6721525
8319,0.03047444,0.8874165,0.08194495,0.00016411068
8320,0.2884865,0.00022103717,0.00034084384,0.7109516
8321,0.20617305,0.00017080008,0.07869616,0.71496
8322,0.058100797,0.93993145,0.0012526455,0.0007150822
8323,0.15450375,0.00015025226,0.0031144798,0.8422315
8324,0.008470421,0.9906307,0.0003045557,0.00059440103
8325,0.3443086,0.00023079583,0.00035589174,0.6551047
8326,0.007260179,0.99204236,0.00054873707,0.00014873185
8327,0.07107636,0.8879368,0.04081901,0.00016784066
8328,0.41193673,0.0001998709,0.016061768,0.5718016
8329,0.07617203,0.80780566,0.11579047,0.00023181007
8330,0.3443086,0.00023079583,0.00035589174,0.6551047
8331,0.3040952,0.0002151658,0.6860252,0.009664459
8332,0.058100797,0.93993145,0.0012526455,0.0007150822
8333,0.23797901,0.0001898249,0.0013129034,0.7605183
8334,0.18340757,0.00020835607,0.0009135358,0.8154706
8335,0.19376455,0.00017425703,0.008713679,0.79734755
8336,0.3629123,0.00022054618,0.0007065986,0.63616055
8337,0.21767208,0.00093229103,0.77831864,0.0030769627
8338,0.47254646,0.00056352164,0.49426475,0.032625206
8339,0.008410116,0.99084854,0.0004719371,0.00026940886
8340,0.41860628,0.02623261,0.5533839,0.001777192
8341,0.2574039,0.0788383,0.6615656,0.0021922223
8342,0.24199678,0.027870888,0.72905385,0.0010784523
8343,0.28793624,0.00022061571,0.00034019363,0.7115029
8344,0.16381082,0.38634264,0.44624537,0.0036011958
8345,0.5016656,0.00020774035,0.0003203397,0.4978063
8346,0.115371615,0.8830371,0.00069723267,0.000893994
8347,0.45454317,0.00021839864,0.000336775,0.54490167
8348,0.08605009,0.55199057,0.340881,0.02107839
8349,0.010091235,0.9888497,0.0009071326,0.00015193154
8350,0.22243093,0.00018595977,0.0030533164,0.7743298
8351,0.50039923,0.00032387837,0.44935614,0.049920734
8352,0.008410116,0.99084854,0.0004719371,0.00026940886
8353,0.279036,0.03819548,0.6773411,0.005427417
8354,0.15450375,0.00015025226,0.0031144798,0.8422315
8355,0.15370929,0.41400373,0.42888957,0.003397458
8356,0.23722027,0.00017493476,0.049566932,0.71303785
8357,0.26825437,0.053565666,0.6763932,0.0017867316
8358,0.2568298,0.013589605,0.7086298,0.020950787
8359,0.18381733,0.00017244734,0.10889956,0.70711064
8360,0.10309902,0.4606935,0.43443543,0.001772022
8361,0.059762094,0.93954647,0.00048227762,0.00020918249
8362,0.08946695,0.8955782,0.0010795989,0.013875259
8363,0.09145732,0.9046136,0.0037892463,0.00013975325
8364,0.05380469,0.94359344,0.0024514848,0.00015043776
8365,0.30136088,0.00024091941,0.00069538906,0.6977028
8366,0.17239262,0.00016458616,0.020710817,0.806732
8367,0.2574039,0.0788383,0.6615656,0.0021922223
8368,0.18381733,0.00017244734,0.10889956,0.70711064
8369,0.15351711,0.0001467239,0.06286624,0.7834699
8370,0.365159,0.00022217832,0.02179948,0.6128193
8371,0.0050742375,0.97460675,0.020130241,0.00018871976
8372,0.5028013,0.0004862331,0.4763017,0.020410752
8373,0.45454317,0.00021839864,0.000336775,0.54490167
8374,0.006696921,0.94132537,0.05182096,0.0001567333
8375,0.05076041,0.9433567,0.0056895837,0.0001932569
8376,0.006432408,0.9442521,0.049164917,0.00015054276
8377,0.0051166634,0.987071,0.007622105,0.00019029774
8378,0.3907932,0.00022834339,0.00035211002,0.60862637
8379,0.020503819,0.9523121,0.0021677355,0.025016276
8380,0.16221973,0.2768086,0.55758345,0.003388216
8381,0.5902916,0.00018950604,0.00029222207,0.4092267
8382,0.32551333,0.0046142987,0.6672445,0.0026278347
8383,0.43179908,0.00028611536,0.5466006,0.021314222
8384,0.041216794,0.89975804,0.058829397,0.00019576387
8385,0.03340917,0.9628848,0.0035741916,0.00013182177
8386,0.027621659,0.9701905,0.0006387265,0.0015490506
8387,0.041216794,0.89975804,0.058829397,0.00019576387
8388,0.2940246,0.022811603,0.66562265,0.017541135
8389,0.024517456,0.97371304,0.0005669446,0.0012025654
8390,0.28793624,0.00022061571,0.00034019363,0.7115029
8391,0.22519413,0.00018911083,0.00078964164,0.77382714
8392,0.024517456,0.97371304,0.0005669446,0.0012025654
8393,0.33078355,0.00051348214,0.62147737,0.047225673
8394,0.069079496,0.87161034,0.05909291,0.00021727849
8395,0.118606016,0.8795679,0.0011624992,0.00066362147
8396,0.455116,0.00042615377,0.39408875,0.15036911
8397,0.08946695,0.8955782,0.0010795989,0.013875259
8398,0.11989667,0.8779063,0.0013986174,0.00079841097
8399,0.05865415,0.9154758,0.025232922,0.0006371154
8400,0.28095943,0.00018501592,0.02377223,0.6950833
8401,0.47021404,0.02055353,0.3954566,0.113775864
8402,0.23039743,0.00019174478,0.0012007381,0.7682101
8403,0.2872621,0.00023497555,0.00036233696,0.71214056
8404,0.4962338,0.00027444764,0.4911646,0.012327176
8405,0.13378689,0.83710784,0.028958894,0.00014642028
8406,0.3443086,0.00023079583,0.00035589174,0.6551047
8407,0.121940196,0.42337552,0.4528372,0.0018470812
8408,0.43179908,0.00028611536,0.5466006,0.021314222
8409,0.3493774,0.084742345,0.56466174,0.0012185223
8410,0.28140905,0.045252,0.6723195,0.0010195152
8411,0.10309902,0.4606935,0.43443543,0.001772022
8412,0.44105595,0.00042168106,0.25969672,0.29882568
8413,0.4542437,0.00021763027,0.0003355902,0.5452031
8414,0.16221973,0.2768086,0.55758345,0.003388216
8415,0.2940246,0.022811603,0.66562265,0.017541135
8416,0.3272809,0.00022287466,0.00034367712,0.6721525
8417,0.5016656,0.00020774035,0.0003203397,0.4978063
8418,0.07617203,0.80780566,0.11579047,0.00023181007
8419,0.0065231915,0.9575787,0.03574538,0.00015266745
8420,0.05076041,0.9433567,0.0056895837,0.0001932569
8421,0.30084923,0.00024108042,0.000856096,0.69805354
8422,0.047852114,0.80285937,0.1490552,0.00023329213
8423,0.07667882,0.44627094,0.45732465,0.019725548
8424,0.279036,0.03819548,0.6773411,0.005427417
8425,0.034089856,0.94132113,0.00077952683,0.023809424
8426,0.05380469,0.94359344,0.0024514848,0.00015043776
8427,0.33078355,0.00051348214,0.62147737,0.047225673
8428,0.08762457,0.00015927132,0.0002455995,0.91197056
8429,0.3443086,0.00023079583,0.00035589174,0.6551047
8430,0.120560504,0.59138125,0.26624256,0.02181567
8431,0.4205438,0.00039378164,0.23810501,0.34095743
8432,0.32864654,0.00081578334,0.65425974,0.016277932
8433,0.08605009,0.55199057,0.340881,0.02107839
8434,0.19376455,0.00017425703,0.008713679,0.79734755
8435,0.28140905,0.045252,0.6723195,0.0010195152
8436,0.2905138,0.0041128653,0.68792325,0.017450051
8437,0.04260303,0.89850587,0.058736205,0.00015493105
8438,0.24963012,0.00017614021,0.00027161167,0.74992216
8439,0.27075276,0.037828248,0.6903814,0.0010375981
8440,0.24569519,0.00020183962,0.004183798,0.7499192
8441,0.43179908,0.00028611536,0.5466006,0.021314222
8442,0.056055058,0.7631993,0.18047328,0.0002722853
8443,0.38141614,0.0017732083,0.6153983,0.0014123308
8444,0.29194584,0.00023671804,0.0003650239,0.70745236
8445,0.027169298,0.9455354,0.02640645,0.0008888198
8446,0.3272809,0.00022287466,0.00034367712,0.6721525
8447,0.29194584,0.00023671804,0.0003650239,0.70745236
8448,0.20617305,0.00017080008,0.07869616,0.71496
8449,0.22588211,0.00018894291,0.0007889405,0.77314
8450,0.47021404,0.02055353,0.3954566,0.113775864
8451,0.11987396,0.00013721624,0.08665127,0.7933376
8452,0.031210126,0.96803904,0.0005267565,0.00022410553
8453,0.29194584,0.00023671804,0.0003650239,0.70745236
8454,0.05537453,0.94232583,0.0014639475,0.0008357055
8455,0.53684664,0.0004918818,0.19116896,0.2714925
8456,0.16240886,0.00014815264,0.20495418,0.6324888
8457,0.15450375,0.00015025226,0.0031144798,0.8422315
8458,0.5177437,0.00031768557,0.47496063,0.006977977
8459,0.030502398,0.9152245,0.054098938,0.00017417551
8460,0.29969296,0.023201615,0.67570895,0.0013964875
8461,0.118606016,0.8795679,0.0011624992,0.00066362147
8462,0.13358413,0.28153983,0.56711376,0.01776227
8463,0.18787068,0.026136853,0.7733973,0.0125951
8464,0.26825437,0.053565666,0.6763932,0.0017867316
8465,0.18792376,0.00017663714,0.0036613946,0.8082382
8466,0.115371615,0.8830371,0.00069723267,0.000893994
8467,0.047852114,0.80285937,0.1490552,0.00023329213
8468,0.29007497,0.00023520115,0.00036268483,0.70932716
8469,0.03340917,0.9628848,0.0035741916,0.00013182177
8470,0.28095943,0.00018501592,0.02377223,0.6950833
8471,0.013042064,0.9674475,0.019377263,0.00013308659
8472,0.07617203,0.80780566,0.11579047,0.00023181007
8473,0.07618306,0.677577,0.245923,0.0003169097
8474,0.2884865,0.00022103717,0.00034084384,0.7109516
8475,0.32864654,0.00081578334,0.65425974,0.016277932
8476,0.3673958,0.00023891842,0.00036841695,0.63199687
8477,0.17537914,0.00016743744,0.0037457314,0.82070774
8478,0.009419153,0.987439,0.003041014,0.000100842786
8479,0.120560504,0.59138125,0.26624256,0.02181567
8480,0.031628847,0.96592414,0.0023055382,0.00014148165
8481,0.3272809,0.00022287466,0.00034367712,0.6721525
8482,0.32551333,0.0046142987,0.6672445,0.0026278347
8483,0.017912537,0.9099145,0.07200094,0.00017199494
8484,0.5177437,0.00031768557,0.47496063,0.006977977
8485,0.006432408,0.9442521,0.049164917,0.00015054276
8486,0.08256067,0.5933346,0.31989875,0.004205984
8487,0.42868584,0.00039020248,0.51984596,0.051077947
8488,0.043951347,0.95244694,0.0034104367,0.00019121531
8489,0.120560504,0.59138125,0.26624256,0.02181567
8490,0.054026254,0.74933994,0.19637373,0.00026008848
8491,0.034089856,0.94132113,0.00077952683,0.023809424
8492,0.29194584,0.00023671804,0.0003650239,0.70745236
8493,0.04721494,0.9350792,0.017535878,0.00016992644
8494,0.4611614,0.00043181446,0.38604033,0.15236649
8495,0.41860628,0.02623261,0.5533839,0.001777192
8496,0.32864654,0.00081578334,0.65425974,0.016277932
8497,0.047852114,0.80285937,0.1490552,0.00023329213
8498,0.029894847,0.8940976,0.0758451,0.00016247909
8499,0.067960046,0.8684559,0.063367635,0.00021649213
8500,0.15450375,0.00015025226,0.0031144798,0.8422315
8501,0.5028013,0.0004862331,0.4763017,0.020410752
8502,0.32864654,0.00081578334,0.65425974,0.016277932
8503,0.057699606,0.9409934,0.0004730044,0.00083403924
8504,0.18340757,0.00020835607,0.0009135358,0.8154706
8505,0.06951359,0.85668194,0.073569156,0.00023531346
8506,0.033567574,0.96527237,0.0007675837,0.00039244216
8507,0.029894847,0.8940976,0.0758451,0.00016247909
8508,0.07618306,0.677577,0.245923,0.0003169097
8509,0.23797901,0.0001898249,0.0013129034,0.7605183
8510,0.05933884,8.2584804e-05,0.0016931838,0.93888545
8511,0.43460894,0.0004069517,0.22141737,0.34356678
8512,0.051686525,0.93992597,0.0023569001,0.006030644
8513,0.47254646,0.00056352164,0.49426475,0.032625206
8514,0.009419153,0.987439,0.003041014,0.000100842786
8515,0.01498154,0.9301447,0.054730013,0.00014369753
